<?xml version="1.0" encoding="UTF-8"?>
<gpx creator="Wikiloc - https://www.wikiloc.com" version="1.1" xmlns="http://www.topografix.com/GPX/1/1" xmlns:xsi="http://www.w3.org/2001/XMLSchema-instance" xsi:schemaLocation="http://www.topografix.com/GPX/1/1 http://www.topografix.com/GPX/1/1/gpx.xsd">
  <metadata>
    <name>Wikiloc - 282. Senderisme en tren. PR C-228 Llinars-El Corredor complet per l'aiguabarreig del Mogent i Castellvell</name>
    <author>
      <name>Senderisme en tren</name>
      <link href="https://www.wikiloc.com/wikiloc/user.do?id=438461">
        <text>Senderisme en tren on Wikiloc</text>
      </link>
    </author>
    <link href="https://www.wikiloc.com/hiking-trails/282-senderisme-en-tren-pr-c-228-llinars-el-corredor-complet-per-laiguabarreig-del-mogent-i-castellv-196836047">
      <text>282. Senderisme en tren. PR C-228 Llinars-El Corredor complet per l'aiguabarreig del Mogent i Castellvell on Wikiloc</text>
    </link>
    <time>2024-12-13T14:19:23Z</time>
  </metadata>
  <wpt lat="41.635135" lon="2.453736">
    <ele>309.8</ele>
    <time>2025-01-03T15:24:00Z</time>
    <name>Aiguabarreig del Mogent</name>
    <cmt></cmt>
    <desc></desc>
  </wpt>
  <wpt lat="41.634995" lon="2.454386">
    <ele>306.2</ele>
    <time>2025-01-03T15:24:00Z</time>
    <name>Descens al torrent de Ca l'Illa</name>
    <cmt>ATENCIÓ: descens pronunciat per terra solta.</cmt>
    <desc>ATENCIÓ: descens pronunciat per terra solta.</desc>
  </wpt>
  <wpt lat="41.634841" lon="2.453702">
    <ele>306.0</ele>
    <time>2025-01-03T15:24:00Z</time>
    <name>Torrent de Ca l'Arenes</name>
    <cmt></cmt>
    <desc></desc>
  </wpt>
  <wpt lat="41.634814" lon="2.453352">
    <ele>310.0</ele>
    <time>2025-01-03T15:24:00Z</time>
    <name>Atenció: gir dreta</name>
    <cmt></cmt>
    <desc></desc>
  </wpt>
  <wpt lat="41.628433" lon="2.444409">
    <ele>441.2</ele>
    <time>2024-12-18T07:52:00Z</time>
    <name>Alzina de Can Ferrerons</name>
    <cmt></cmt>
    <desc></desc>
  </wpt>
  <wpt lat="41.623004" lon="2.446280">
    <ele>445.6</ele>
    <time>2024-09-28T07:01:19Z</time>
    <name>Camp de les Passadores</name>
    <cmt></cmt>
    <desc></desc>
  </wpt>
  <wpt lat="41.623700" lon="2.401521">
    <ele>333.2</ele>
    <time>2024-12-14T07:56:40Z</time>
    <name>Can Bordoi</name>
    <cmt></cmt>
    <desc></desc>
  </wpt>
  <wpt lat="41.648026" lon="2.424039">
    <ele>201.8</ele>
    <time>2024-09-28T07:06:55Z</time>
    <name>Can Colomer</name>
    <cmt></cmt>
    <desc></desc>
  </wpt>
  <wpt lat="41.609559" lon="2.382038">
    <ele>285.3</ele>
    <time>2024-12-13T16:15:30Z</time>
    <name>Can Martí (granja)</name>
    <cmt></cmt>
    <desc></desc>
  </wpt>
  <wpt lat="41.626654" lon="2.407432">
    <ele>367.3</ele>
    <time>2024-12-13T16:12:49Z</time>
    <name>Castellvell (Llinars)</name>
    <cmt></cmt>
    <desc></desc>
  </wpt>
  <wpt lat="41.624243" lon="2.403994">
    <ele>326.5</ele>
    <time>2024-12-14T07:56:49Z</time>
    <name>Coll de Can Bordoi</name>
    <cmt></cmt>
    <desc></desc>
  </wpt>
  <wpt lat="41.634640" lon="2.453331">
    <ele>310.6</ele>
    <time>2024-09-28T06:43:10Z</time>
    <name>Baixada a l'aiguabarreig</name>
    <cmt></cmt>
    <desc></desc>
  </wpt>
  <wpt lat="41.643438" lon="2.413378">
    <ele>188.3</ele>
    <time>2024-09-28T07:07:24Z</time>
    <name>Creu de Terme</name>
    <cmt></cmt>
    <desc></desc>
  </wpt>
  <wpt lat="41.623567" lon="2.436748">
    <ele>426.0</ele>
    <time>2024-09-28T06:33:50Z</time>
    <name>Creu del Far</name>
    <cmt></cmt>
    <desc></desc>
  </wpt>
  <wpt lat="41.637304" lon="2.402616">
    <ele>182.4</ele>
    <time>2024-12-13T16:10:31Z</time>
    <name>Creuem riera Giola</name>
    <cmt></cmt>
    <desc></desc>
  </wpt>
  <wpt lat="41.630952" lon="2.388389">
    <ele>171.8</ele>
    <time>2024-12-17T13:02:41Z</time>
    <name>Cruïlla PR C-228.1 (baix)</name>
    <cmt></cmt>
    <desc></desc>
  </wpt>
  <wpt lat="41.615907" lon="2.389165">
    <ele>412.3</ele>
    <time>2024-12-17T12:59:56Z</time>
    <name>Cruïlla PR C-228.1 (dalt)</name>
    <cmt></cmt>
    <desc></desc>
  </wpt>
  <wpt lat="41.640544" lon="2.408366">
    <ele>185.3</ele>
    <time>2024-12-17T12:58:37Z</time>
    <name>Cruïlla PR C-228.2 (baix)</name>
    <cmt></cmt>
    <desc></desc>
  </wpt>
  <wpt lat="41.627369" lon="2.425468">
    <ele>404.4</ele>
    <time>2024-12-13T16:06:36Z</time>
    <name>Cruïlla PR C-228.2 (dalt)</name>
    <cmt></cmt>
    <desc></desc>
  </wpt>
  <wpt lat="41.646380" lon="2.421455">
    <ele>199.4</ele>
    <time>2024-12-17T12:55:54Z</time>
    <name>Cruïlla PR C-228.3 (baix)</name>
    <cmt></cmt>
    <desc></desc>
  </wpt>
  <wpt lat="41.628620" lon="2.447398">
    <ele>458.1</ele>
    <time>2024-12-17T12:56:46Z</time>
    <name>Cruïlla PR C-228.3 (dalt)</name>
    <cmt></cmt>
    <desc></desc>
  </wpt>
  <wpt lat="41.651788" lon="2.435081">
    <ele>213.0</ele>
    <time>2024-09-28T07:06:27Z</time>
    <name>Dolmen Pedra de l'Arca</name>
    <cmt></cmt>
    <desc></desc>
  </wpt>
  <wpt lat="41.613315" lon="2.386923">
    <ele>388.2</ele>
    <time>2024-12-13T16:12:08Z</time>
    <name>Ermita de Sant Sebastià</name>
    <cmt></cmt>
    <desc></desc>
  </wpt>
  <wpt lat="41.638200" lon="2.404605">
    <ele>184.6</ele>
    <time>2024-12-13T16:09:44Z</time>
    <name>Estació de Llinars (R)</name>
    <cmt>En obres durant 2024</cmt>
    <desc>En obres durant 2024</desc>
  </wpt>
  <wpt lat="41.626081" lon="2.410527">
    <ele>386.6</ele>
    <time>2024-12-13T16:05:23Z</time>
    <name>Gir dreta</name>
    <cmt></cmt>
    <desc></desc>
  </wpt>
  <wpt lat="41.627977" lon="2.454888">
    <ele>390.9</ele>
    <time>2024-09-28T08:15:58Z</time>
    <name>Inici corriol</name>
    <cmt></cmt>
    <desc></desc>
  </wpt>
  <wpt lat="41.649049" lon="2.436187">
    <ele>210.9</ele>
    <time>2024-12-17T13:14:35Z</time>
    <name>Inici pista terra</name>
    <cmt></cmt>
    <desc></desc>
  </wpt>
  <wpt lat="41.618878" lon="2.386038">
    <ele>408.6</ele>
    <time>2024-12-13T16:11:49Z</time>
    <name>La Torrassa</name>
    <cmt></cmt>
    <desc></desc>
  </wpt>
  <wpt lat="41.627706" lon="2.415874">
    <ele>374.5</ele>
    <time>2024-12-13T16:05:59Z</time>
    <name>Poblat ibèric del Turó del Vent</name>
    <cmt></cmt>
    <desc></desc>
  </wpt>
  <wpt lat="41.632406" lon="2.387199">
    <ele>172.8</ele>
    <time>2024-12-13T16:09:27Z</time>
    <name>Riu Mogent</name>
    <cmt></cmt>
    <desc></desc>
  </wpt>
  <wpt lat="41.623905" lon="2.435500">
    <ele>426.5</ele>
    <time>2024-09-28T06:37:45Z</time>
    <name>Sant Andreu del Far</name>
    <cmt></cmt>
    <desc></desc>
  </wpt>
  <wpt lat="41.617358" lon="2.375576">
    <ele>288.6</ele>
    <time>2024-12-13T16:10:59Z</time>
    <name>Sant Esteve del Coll</name>
    <cmt></cmt>
    <desc></desc>
  </wpt>
  <wpt lat="41.631875" lon="2.387949">
    <ele>170.6</ele>
    <time>2024-12-13T16:16:44Z</time>
    <name>Túnel A7</name>
    <cmt></cmt>
    <desc></desc>
  </wpt>
  <wpt lat="41.627712" lon="2.383218">
    <ele>171.3</ele>
    <time>2024-12-14T09:58:21Z</time>
    <name>Túnel AVE</name>
    <cmt></cmt>
    <desc></desc>
  </wpt>
  <wpt lat="41.636934" lon="2.401135">
    <ele>182.2</ele>
    <time>2024-12-13T16:14:24Z</time>
    <name>Túnel sota les vies</name>
    <cmt></cmt>
    <desc></desc>
  </wpt>
  <trk>
    <name>282. Senderisme en tren. PR C-228 Llinars-El Corredor complet per l'aiguabarreig del Mogent i Castellvell - Wikiloc</name>
    <cmt>&lt;strong&gt;LA TRAVESSA&lt;/strong&gt; &lt;b&gt;&lt;/b&gt; 
 
Recorregut circular que recorre íntegrament el &lt;b&gt;PR C-228&lt;/b&gt; des de l'&lt;b&gt;estació de Llinars del Vallès&lt;/b&gt;, un sender de petit recorregut que transcorre per la &lt;b&gt;serra del Corredor&lt;/b&gt;, una muntanya a cavall del Vallès Oriental i el Maresme inclosa dins del &lt;b&gt;parc del Montnegre i el Corredor&lt;/b&gt;, un espai protegit de 15.000 ha. 
 
Només ens &lt;b&gt;allunyarem&lt;/b&gt; del recorregut original marcat en punts concrets per on no passa el PR però que pensem que són interessants de visitar: 
 
- &lt;b&gt;Dolmen de la Pedra de l'Arca&lt;/b&gt;. A poc més de 100 metres al nord del recorregut podrem visitar aquest element patrimonial. Està encerclat per una tanca de fusta i situat a tocar del voral d'una carretera sota un enorme pi. Un entorn poc agradable, tot i que hi trobarem un banc de fusta a tocar. 
 
- &lt;b&gt;Aiguabarreig del Mogent&lt;/b&gt;. Punt on s'uneixen les rieres de Ca l'Arenes i de Ca l'Illa. ATENCIÓ: l'accés és difícil, especialment si ha plogut o hi ha temps molt humit atès que el tram final es fa sobre la riera de les Arenes i és molt relliscós. Es pot optar per no visitar-lo sense que afecti la ruta. 
 
- &lt;b&gt;Castellvell&lt;/b&gt;. El tram en què ens allunyarem més del recorregut original. Però paga la pena pujar fins al seu mirador per observar el Vallès i el Montseny des del punt més elevat del que queda de l'antic castell. 
 
- &lt;b&gt;Estació de Llinars&lt;/b&gt;. El PR té el seu inici i i final al centre del poble, prop del pavelló poliesportiu municipal. Hem adaptat la ruta per començar-la i acabar-la des de l'estació de tren. 
 
El &lt;b&gt;PR C-228&lt;/b&gt; recorre innombrables al·licients del parc, ja siguin elements &lt;b&gt;d'interès naturals&lt;/b&gt; com &lt;b&gt;patrimonials&lt;/b&gt;. Entre tots aquest podem destacar la &lt;b&gt;Torrassa&lt;/b&gt;, l'ermita de &lt;b&gt;Sant Esteve del Coll&lt;/b&gt;, les ruïnes de &lt;b&gt;Castellvell&lt;/b&gt;, el poblat ibèric del &lt;b&gt;turó del Vent&lt;/b&gt; o el &lt;b&gt;santuari del Far&lt;/b&gt;. 
 
 
&lt;strong&gt;AIGUABARREIG DEL MOGENT&lt;/strong&gt; 
 
El riu Mogent és un dels dos rius que juntament amb el Congost formen el Besòs a l'alçada de Montornès del Vallès i Montmeló. 
 
El riu de nom Mogent neix aquí, tot i que el punt més alt i allunyat de la seva subconca el trobaríem al capdamunt de la riera de Cànoves al vessant sud del cim de Pedres Blanques, de 1.273 m, al Montseny. 
 
&lt;b&gt;ACCÉS&lt;/b&gt;. ATENCIÓ: l'accés és difícil i relliscós. 
Després que deixem la pista i agafem el corriol d'accés, s'ha de seguir l'estret camí durant escassos 20 metres. Aquí girem a la dreta. De seguida arribem a la llera del torrent de Ca l'Arenes. El creuem (fàcil) i prenem el camí en lleugera pujada. El camí segueix en tendència a l'esquerra i és planer. Des del torrent el seguim uns 60 metres més fins a topar amb un pendent fort que baixa al torrent de Ca l'Illa. Un cop a la llera, cal seguir-lo (esquerra) durant 60 metres sortejant els petits gorgs passant per les roques. Si estan humides, poden ser perilloses. 
 
 
&lt;strong&gt;ELS SENDERS&lt;/strong&gt; 
 
El novembre de 2023 el Centre Excursionista de Llinar va inaugurar el PR-C 228, un sender amb sortida i acabament al centre del municipi. El sender té 26 km de recorregut i consta de tres diferents variants que connecten la part alta de la ruta amb a la baixa i que permeten dissenyar diferents bucles/rutes segons el que triem. El camí segueix normalment pistes, massa sovint massa per als que ens agraden els corriols. 
 
Si no voleu fer tot el recorregut podeu optar pels bucles: 
 
El &lt;b&gt;GR-92&lt;/b&gt; travessa tota la serra del Corredor des de Vallgorguina fins a Can Bordoi. Resseguirem aquest sender de gran recorregut durant bona part de l'estona en què el camí ressegueix la carena de la serra. 
 
- TRAM oriental &lt;a href="https://ca.wikiloc.com/rutes-senderisme/275-senderisme-en-tren-aiguabarreig-del-riu-mogent-besos-seguint-el-pr-228-2-des-de-llinars-del-val-187673217"&gt;Ruta ST275&lt;/a&gt;. 
 
- TRAM occidental &lt;a href="https://ca.wikiloc.com/rutes-senderisme/281-senderisme-en-tren-la-torrassa-i-el-castellvell-des-de-llinars-del-valles-seguint-el-pr-c-228-195023039"&gt;Ruta ST281&lt;/a&gt;. 
 
 
&lt;strong&gt;DIFICULTAT&lt;/strong&gt; &lt;b&gt;&lt;/b&gt; 
 
Hem catalogat la ruta de &lt;b&gt;difícil&lt;/b&gt; per la distància total i per la dificultat que suposa la visita de l'aiguabarreig del Mogent. 
 
Tot i que seguim en tot moment la pintura blanca i groga de PR i que hi ha pals indicadors a gairebé totes les cruïlles, cal estar atents al gps a fi de no passar-nos cap element d'interès i de cap de les &lt;b&gt;cruïlles&lt;/b&gt; que trobarem durant el recorregut. 
 
 
 &lt;strong&gt;ELS TRENS&lt;/strong&gt; 
 
- &lt;u&gt;ESTACIÓ DE SORTIDA/ARRIBADA&lt;/u&gt;: &lt;b&gt;Llinars del Vallès (Rodalies)&lt;/b&gt;. L'estació es troba al sud de la vila, a tocar de la plaça de la Vila o n hi ha tot d'establiments on poder prendre alguna cosa o comprar algun avituallament. 
 
Podeu consultar tots els &lt;b&gt;horaris&lt;/b&gt; a: 
 
&lt;b&gt;- &lt;a href="https://rodalies.gencat.cat/ca/inici" target="_blank" rel="nofollow noopener"&gt;Rodalies de Catalunya&lt;/a&gt;&lt;/b&gt;</cmt>
    <desc>&lt;strong&gt;LA TRAVESSA&lt;/strong&gt; &lt;b&gt;&lt;/b&gt; 
 
Recorregut circular que recorre íntegrament el &lt;b&gt;PR C-228&lt;/b&gt; des de l'&lt;b&gt;estació de Llinars del Vallès&lt;/b&gt;, un sender de petit recorregut que transcorre per la &lt;b&gt;serra del Corredor&lt;/b&gt;, una muntanya a cavall del Vallès Oriental i el Maresme inclosa dins del &lt;b&gt;parc del Montnegre i el Corredor&lt;/b&gt;, un espai protegit de 15.000 ha. 
 
Només ens &lt;b&gt;allunyarem&lt;/b&gt; del recorregut original marcat en punts concrets per on no passa el PR però que pensem que són interessants de visitar: 
 
- &lt;b&gt;Dolmen de la Pedra de l'Arca&lt;/b&gt;. A poc més de 100 metres al nord del recorregut podrem visitar aquest element patrimonial. Està encerclat per una tanca de fusta i situat a tocar del voral d'una carretera sota un enorme pi. Un entorn poc agradable, tot i que hi trobarem un banc de fusta a tocar. 
 
- &lt;b&gt;Aiguabarreig del Mogent&lt;/b&gt;. Punt on s'uneixen les rieres de Ca l'Arenes i de Ca l'Illa. ATENCIÓ: l'accés és difícil, especialment si ha plogut o hi ha temps molt humit atès que el tram final es fa sobre la riera de les Arenes i és molt relliscós. Es pot optar per no visitar-lo sense que afecti la ruta. 
 
- &lt;b&gt;Castellvell&lt;/b&gt;. El tram en què ens allunyarem més del recorregut original. Però paga la pena pujar fins al seu mirador per observar el Vallès i el Montseny des del punt més elevat del que queda de l'antic castell. 
 
- &lt;b&gt;Estació de Llinars&lt;/b&gt;. El PR té el seu inici i i final al centre del poble, prop del pavelló poliesportiu municipal. Hem adaptat la ruta per començar-la i acabar-la des de l'estació de tren. 
 
El &lt;b&gt;PR C-228&lt;/b&gt; recorre innombrables al·licients del parc, ja siguin elements &lt;b&gt;d'interès naturals&lt;/b&gt; com &lt;b&gt;patrimonials&lt;/b&gt;. Entre tots aquest podem destacar la &lt;b&gt;Torrassa&lt;/b&gt;, l'ermita de &lt;b&gt;Sant Esteve del Coll&lt;/b&gt;, les ruïnes de &lt;b&gt;Castellvell&lt;/b&gt;, el poblat ibèric del &lt;b&gt;turó del Vent&lt;/b&gt; o el &lt;b&gt;santuari del Far&lt;/b&gt;. 
 
 
&lt;strong&gt;AIGUABARREIG DEL MOGENT&lt;/strong&gt; 
 
El riu Mogent és un dels dos rius que juntament amb el Congost formen el Besòs a l'alçada de Montornès del Vallès i Montmeló. 
 
El riu de nom Mogent neix aquí, tot i que el punt més alt i allunyat de la seva subconca el trobaríem al capdamunt de la riera de Cànoves al vessant sud del cim de Pedres Blanques, de 1.273 m, al Montseny. 
 
&lt;b&gt;ACCÉS&lt;/b&gt;. ATENCIÓ: l'accés és difícil i relliscós. 
Després que deixem la pista i agafem el corriol d'accés, s'ha de seguir l'estret camí durant escassos 20 metres. Aquí girem a la dreta. De seguida arribem a la llera del torrent de Ca l'Arenes. El creuem (fàcil) i prenem el camí en lleugera pujada. El camí segueix en tendència a l'esquerra i és planer. Des del torrent el seguim uns 60 metres més fins a topar amb un pendent fort que baixa al torrent de Ca l'Illa. Un cop a la llera, cal seguir-lo (esquerra) durant 60 metres sortejant els petits gorgs passant per les roques. Si estan humides, poden ser perilloses. 
 
 
&lt;strong&gt;ELS SENDERS&lt;/strong&gt; 
 
El novembre de 2023 el Centre Excursionista de Llinar va inaugurar el PR-C 228, un sender amb sortida i acabament al centre del municipi. El sender té 26 km de recorregut i consta de tres diferents variants que connecten la part alta de la ruta amb a la baixa i que permeten dissenyar diferents bucles/rutes segons el que triem. El camí segueix normalment pistes, massa sovint massa per als que ens agraden els corriols. 
 
Si no voleu fer tot el recorregut podeu optar pels bucles: 
 
El &lt;b&gt;GR-92&lt;/b&gt; travessa tota la serra del Corredor des de Vallgorguina fins a Can Bordoi. Resseguirem aquest sender de gran recorregut durant bona part de l'estona en què el camí ressegueix la carena de la serra. 
 
- TRAM oriental &lt;a href="https://ca.wikiloc.com/rutes-senderisme/275-senderisme-en-tren-aiguabarreig-del-riu-mogent-besos-seguint-el-pr-228-2-des-de-llinars-del-val-187673217"&gt;Ruta ST275&lt;/a&gt;. 
 
- TRAM occidental &lt;a href="https://ca.wikiloc.com/rutes-senderisme/281-senderisme-en-tren-la-torrassa-i-el-castellvell-des-de-llinars-del-valles-seguint-el-pr-c-228-195023039"&gt;Ruta ST281&lt;/a&gt;. 
 
 
&lt;strong&gt;DIFICULTAT&lt;/strong&gt; &lt;b&gt;&lt;/b&gt; 
 
Hem catalogat la ruta de &lt;b&gt;difícil&lt;/b&gt; per la distància total i per la dificultat que suposa la visita de l'aiguabarreig del Mogent. 
 
Tot i que seguim en tot moment la pintura blanca i groga de PR i que hi ha pals indicadors a gairebé totes les cruïlles, cal estar atents al gps a fi de no passar-nos cap element d'interès i de cap de les &lt;b&gt;cruïlles&lt;/b&gt; que trobarem durant el recorregut. 
 
 
 &lt;strong&gt;ELS TRENS&lt;/strong&gt; 
 
- &lt;u&gt;ESTACIÓ DE SORTIDA/ARRIBADA&lt;/u&gt;: &lt;b&gt;Llinars del Vallès (Rodalies)&lt;/b&gt;. L'estació es troba al sud de la vila, a tocar de la plaça de la Vila o n hi ha tot d'establiments on poder prendre alguna cosa o comprar algun avituallament. 
 
Podeu consultar tots els &lt;b&gt;horaris&lt;/b&gt; a: 
 
&lt;b&gt;- &lt;a href="https://rodalies.gencat.cat/ca/inici" target="_blank" rel="nofollow noopener"&gt;Rodalies de Catalunya&lt;/a&gt;&lt;/b&gt;</desc>
    <trkseg>
      <trkpt lat="41.638208" lon="2.404593">
        <ele>184.878</ele>
        <time>2024-12-13T07:01:17Z</time>
      </trkpt>
      <trkpt lat="41.638244" lon="2.404581">
        <ele>185.033</ele>
        <time>2024-12-13T07:01:19Z</time>
      </trkpt>
      <trkpt lat="41.638278" lon="2.404580">
        <ele>185.226</ele>
        <time>2024-12-13T07:01:23Z</time>
      </trkpt>
      <trkpt lat="41.638331" lon="2.404561">
        <ele>185.409</ele>
        <time>2024-12-13T07:01:30Z</time>
      </trkpt>
      <trkpt lat="41.638355" lon="2.404550">
        <ele>185.558</ele>
        <time>2024-12-13T07:01:38Z</time>
      </trkpt>
      <trkpt lat="41.638396" lon="2.404538">
        <ele>185.786</ele>
        <time>2024-12-13T07:01:42Z</time>
      </trkpt>
      <trkpt lat="41.638444" lon="2.404516">
        <ele>186.083</ele>
        <time>2024-12-13T07:01:47Z</time>
      </trkpt>
      <trkpt lat="41.638481" lon="2.404495">
        <ele>186.135</ele>
        <time>2024-12-13T07:01:49Z</time>
      </trkpt>
      <trkpt lat="41.638516" lon="2.404470">
        <ele>186.370</ele>
        <time>2024-12-13T07:01:53Z</time>
      </trkpt>
      <trkpt lat="41.638562" lon="2.404440">
        <ele>186.683</ele>
        <time>2024-12-13T07:01:58Z</time>
      </trkpt>
      <trkpt lat="41.638615" lon="2.404424">
        <ele>187.057</ele>
        <time>2024-12-13T07:02:04Z</time>
      </trkpt>
      <trkpt lat="41.638642" lon="2.404418">
        <ele>187.151</ele>
        <time>2024-12-13T07:02:08Z</time>
      </trkpt>
      <trkpt lat="41.638674" lon="2.404405">
        <ele>187.324</ele>
        <time>2024-12-13T07:02:11Z</time>
      </trkpt>
      <trkpt lat="41.638700" lon="2.404394">
        <ele>187.515</ele>
        <time>2024-12-13T07:02:14Z</time>
      </trkpt>
      <trkpt lat="41.638730" lon="2.404386">
        <ele>187.665</ele>
        <time>2024-12-13T07:02:16Z</time>
      </trkpt>
      <trkpt lat="41.638766" lon="2.404381">
        <ele>187.911</ele>
        <time>2024-12-13T07:02:20Z</time>
      </trkpt>
      <trkpt lat="41.638805" lon="2.404420">
        <ele>188.309</ele>
        <time>2024-12-13T07:02:25Z</time>
      </trkpt>
      <trkpt lat="41.638839" lon="2.404469">
        <ele>188.632</ele>
        <time>2024-12-13T07:02:30Z</time>
      </trkpt>
      <trkpt lat="41.638862" lon="2.404493">
        <ele>188.650</ele>
        <time>2024-12-13T07:02:33Z</time>
      </trkpt>
      <trkpt lat="41.638869" lon="2.404550">
        <ele>188.597</ele>
        <time>2024-12-13T07:02:38Z</time>
      </trkpt>
      <trkpt lat="41.638865" lon="2.404604">
        <ele>188.389</ele>
        <time>2024-12-13T07:02:41Z</time>
      </trkpt>
      <trkpt lat="41.638866" lon="2.404671">
        <ele>188.154</ele>
        <time>2024-12-13T07:02:47Z</time>
      </trkpt>
      <trkpt lat="41.638869" lon="2.404714">
        <ele>188.057</ele>
        <time>2024-12-13T07:02:51Z</time>
      </trkpt>
      <trkpt lat="41.638875" lon="2.404753">
        <ele>187.851</ele>
        <time>2024-12-13T07:02:53Z</time>
      </trkpt>
      <trkpt lat="41.638890" lon="2.404784">
        <ele>187.835</ele>
        <time>2024-12-13T07:02:57Z</time>
      </trkpt>
      <trkpt lat="41.638905" lon="2.404824">
        <ele>187.678</ele>
        <time>2024-12-13T07:03:00Z</time>
      </trkpt>
      <trkpt lat="41.638913" lon="2.404870">
        <ele>187.536</ele>
        <time>2024-12-13T07:03:03Z</time>
      </trkpt>
      <trkpt lat="41.638922" lon="2.404910">
        <ele>187.317</ele>
        <time>2024-12-13T07:03:06Z</time>
      </trkpt>
      <trkpt lat="41.638928" lon="2.404953">
        <ele>187.218</ele>
        <time>2024-12-13T07:03:09Z</time>
      </trkpt>
      <trkpt lat="41.638936" lon="2.405032">
        <ele>187.009</ele>
        <time>2024-12-13T07:03:15Z</time>
      </trkpt>
      <trkpt lat="41.638949" lon="2.405105">
        <ele>186.914</ele>
        <time>2024-12-13T07:03:21Z</time>
      </trkpt>
      <trkpt lat="41.638952" lon="2.405143">
        <ele>186.942</ele>
        <time>2024-12-13T07:03:23Z</time>
      </trkpt>
      <trkpt lat="41.638960" lon="2.405183">
        <ele>186.829</ele>
        <time>2024-12-13T07:03:26Z</time>
      </trkpt>
      <trkpt lat="41.638978" lon="2.405217">
        <ele>186.741</ele>
        <time>2024-12-13T07:03:30Z</time>
      </trkpt>
      <trkpt lat="41.639006" lon="2.405261">
        <ele>186.646</ele>
        <time>2024-12-13T07:03:34Z</time>
      </trkpt>
      <trkpt lat="41.639023" lon="2.405319">
        <ele>186.339</ele>
        <time>2024-12-13T07:03:38Z</time>
      </trkpt>
      <trkpt lat="41.639034" lon="2.405353">
        <ele>186.143</ele>
        <time>2024-12-13T07:03:41Z</time>
      </trkpt>
      <trkpt lat="41.639059" lon="2.405403">
        <ele>185.867</ele>
        <time>2024-12-13T07:03:45Z</time>
      </trkpt>
      <trkpt lat="41.639084" lon="2.405435">
        <ele>185.610</ele>
        <time>2024-12-13T07:03:48Z</time>
      </trkpt>
      <trkpt lat="41.639122" lon="2.405478">
        <ele>185.325</ele>
        <time>2024-12-13T07:03:53Z</time>
      </trkpt>
      <trkpt lat="41.639143" lon="2.405503">
        <ele>185.226</ele>
        <time>2024-12-13T07:03:56Z</time>
      </trkpt>
      <trkpt lat="41.639161" lon="2.405532">
        <ele>185.108</ele>
        <time>2024-12-13T07:03:59Z</time>
      </trkpt>
      <trkpt lat="41.639180" lon="2.405563">
        <ele>184.909</ele>
        <time>2024-12-13T07:04:02Z</time>
      </trkpt>
      <trkpt lat="41.639206" lon="2.405615">
        <ele>184.733</ele>
        <time>2024-12-13T07:04:07Z</time>
      </trkpt>
      <trkpt lat="41.639221" lon="2.405648">
        <ele>184.551</ele>
        <time>2024-12-13T07:04:10Z</time>
      </trkpt>
      <trkpt lat="41.639240" lon="2.405694">
        <ele>184.488</ele>
        <time>2024-12-13T07:04:13Z</time>
      </trkpt>
      <trkpt lat="41.639258" lon="2.405745">
        <ele>184.280</ele>
        <time>2024-12-13T07:04:17Z</time>
      </trkpt>
      <trkpt lat="41.639271" lon="2.405786">
        <ele>184.155</ele>
        <time>2024-12-13T07:04:20Z</time>
      </trkpt>
      <trkpt lat="41.639298" lon="2.405824">
        <ele>184.058</ele>
        <time>2024-12-13T07:04:24Z</time>
      </trkpt>
      <trkpt lat="41.639320" lon="2.405855">
        <ele>184.032</ele>
        <time>2024-12-13T07:04:27Z</time>
      </trkpt>
      <trkpt lat="41.639341" lon="2.405883">
        <ele>184.146</ele>
        <time>2024-12-13T07:04:31Z</time>
      </trkpt>
      <trkpt lat="41.639379" lon="2.405933">
        <ele>184.339</ele>
        <time>2024-12-13T07:04:36Z</time>
      </trkpt>
      <trkpt lat="41.639390" lon="2.405979">
        <ele>184.494</ele>
        <time>2024-12-13T07:04:40Z</time>
      </trkpt>
      <trkpt lat="41.639405" lon="2.406022">
        <ele>184.657</ele>
        <time>2024-12-13T07:04:44Z</time>
      </trkpt>
      <trkpt lat="41.639414" lon="2.406084">
        <ele>184.822</ele>
        <time>2024-12-13T07:04:48Z</time>
      </trkpt>
      <trkpt lat="41.639430" lon="2.406116">
        <ele>185.009</ele>
        <time>2024-12-13T07:04:51Z</time>
      </trkpt>
      <trkpt lat="41.639449" lon="2.406149">
        <ele>185.260</ele>
        <time>2024-12-13T07:04:54Z</time>
      </trkpt>
      <trkpt lat="41.639466" lon="2.406182">
        <ele>185.328</ele>
        <time>2024-12-13T07:04:57Z</time>
      </trkpt>
      <trkpt lat="41.639480" lon="2.406219">
        <ele>185.595</ele>
        <time>2024-12-13T07:05:00Z</time>
      </trkpt>
      <trkpt lat="41.639496" lon="2.406254">
        <ele>185.787</ele>
        <time>2024-12-13T07:05:03Z</time>
      </trkpt>
      <trkpt lat="41.639510" lon="2.406291">
        <ele>185.992</ele>
        <time>2024-12-13T07:05:06Z</time>
      </trkpt>
      <trkpt lat="41.639527" lon="2.406323">
        <ele>186.175</ele>
        <time>2024-12-13T07:05:09Z</time>
      </trkpt>
      <trkpt lat="41.639546" lon="2.406354">
        <ele>186.249</ele>
        <time>2024-12-13T07:05:12Z</time>
      </trkpt>
      <trkpt lat="41.639567" lon="2.406389">
        <ele>186.463</ele>
        <time>2024-12-13T07:05:15Z</time>
      </trkpt>
      <trkpt lat="41.639584" lon="2.406425">
        <ele>186.416</ele>
        <time>2024-12-13T07:05:18Z</time>
      </trkpt>
      <trkpt lat="41.639602" lon="2.406462">
        <ele>186.389</ele>
        <time>2024-12-13T07:05:21Z</time>
      </trkpt>
      <trkpt lat="41.639628" lon="2.406508">
        <ele>186.206</ele>
        <time>2024-12-13T07:05:25Z</time>
      </trkpt>
      <trkpt lat="41.639646" lon="2.406537">
        <ele>186.226</ele>
        <time>2024-12-13T07:05:28Z</time>
      </trkpt>
      <trkpt lat="41.639668" lon="2.406573">
        <ele>186.109</ele>
        <time>2024-12-13T07:05:31Z</time>
      </trkpt>
      <trkpt lat="41.639693" lon="2.406614">
        <ele>186.169</ele>
        <time>2024-12-13T07:05:35Z</time>
      </trkpt>
      <trkpt lat="41.639719" lon="2.406655">
        <ele>186.087</ele>
        <time>2024-12-13T07:05:39Z</time>
      </trkpt>
      <trkpt lat="41.639746" lon="2.406705">
        <ele>185.994</ele>
        <time>2024-12-13T07:05:45Z</time>
      </trkpt>
      <trkpt lat="41.639759" lon="2.406741">
        <ele>185.916</ele>
        <time>2024-12-13T07:05:47Z</time>
      </trkpt>
      <trkpt lat="41.639768" lon="2.406780">
        <ele>185.881</ele>
        <time>2024-12-13T07:05:51Z</time>
      </trkpt>
      <trkpt lat="41.639778" lon="2.406822">
        <ele>185.634</ele>
        <time>2024-12-13T07:05:54Z</time>
      </trkpt>
      <trkpt lat="41.639796" lon="2.406864">
        <ele>185.648</ele>
        <time>2024-12-13T07:05:58Z</time>
      </trkpt>
      <trkpt lat="41.639815" lon="2.406904">
        <ele>185.522</ele>
        <time>2024-12-13T07:06:01Z</time>
      </trkpt>
      <trkpt lat="41.639832" lon="2.406939">
        <ele>185.475</ele>
        <time>2024-12-13T07:06:04Z</time>
      </trkpt>
      <trkpt lat="41.639852" lon="2.406972">
        <ele>185.461</ele>
        <time>2024-12-13T07:06:07Z</time>
      </trkpt>
      <trkpt lat="41.639877" lon="2.407015">
        <ele>185.421</ele>
        <time>2024-12-13T07:06:11Z</time>
      </trkpt>
      <trkpt lat="41.639913" lon="2.407064">
        <ele>185.413</ele>
        <time>2024-12-13T07:06:16Z</time>
      </trkpt>
      <trkpt lat="41.639933" lon="2.407096">
        <ele>185.309</ele>
        <time>2024-12-13T07:06:20Z</time>
      </trkpt>
      <trkpt lat="41.639965" lon="2.407156">
        <ele>185.227</ele>
        <time>2024-12-13T07:06:25Z</time>
      </trkpt>
      <trkpt lat="41.639986" lon="2.407196">
        <ele>185.185</ele>
        <time>2024-12-13T07:06:28Z</time>
      </trkpt>
      <trkpt lat="41.640007" lon="2.407228">
        <ele>185.032</ele>
        <time>2024-12-13T07:06:31Z</time>
      </trkpt>
      <trkpt lat="41.640027" lon="2.407256">
        <ele>185.184</ele>
        <time>2024-12-13T07:06:35Z</time>
      </trkpt>
      <trkpt lat="41.640057" lon="2.407315">
        <ele>185.139</ele>
        <time>2024-12-13T07:06:40Z</time>
      </trkpt>
      <trkpt lat="41.640070" lon="2.407351">
        <ele>185.012</ele>
        <time>2024-12-13T07:06:43Z</time>
      </trkpt>
      <trkpt lat="41.640083" lon="2.407390">
        <ele>184.976</ele>
        <time>2024-12-13T07:06:46Z</time>
      </trkpt>
      <trkpt lat="41.640106" lon="2.407423">
        <ele>184.820</ele>
        <time>2024-12-13T07:06:49Z</time>
      </trkpt>
      <trkpt lat="41.640122" lon="2.407456">
        <ele>184.713</ele>
        <time>2024-12-13T07:06:51Z</time>
      </trkpt>
      <trkpt lat="41.640134" lon="2.407493">
        <ele>184.553</ele>
        <time>2024-12-13T07:06:54Z</time>
      </trkpt>
      <trkpt lat="41.640152" lon="2.407526">
        <ele>184.404</ele>
        <time>2024-12-13T07:06:58Z</time>
      </trkpt>
      <trkpt lat="41.640172" lon="2.407563">
        <ele>184.314</ele>
        <time>2024-12-13T07:07:01Z</time>
      </trkpt>
      <trkpt lat="41.640193" lon="2.407600">
        <ele>184.209</ele>
        <time>2024-12-13T07:07:04Z</time>
      </trkpt>
      <trkpt lat="41.640212" lon="2.407631">
        <ele>184.166</ele>
        <time>2024-12-13T07:07:07Z</time>
      </trkpt>
      <trkpt lat="41.640229" lon="2.407671">
        <ele>184.174</ele>
        <time>2024-12-13T07:07:11Z</time>
      </trkpt>
      <trkpt lat="41.640249" lon="2.407701">
        <ele>184.021</ele>
        <time>2024-12-13T07:07:13Z</time>
      </trkpt>
      <trkpt lat="41.640267" lon="2.407734">
        <ele>184.053</ele>
        <time>2024-12-13T07:07:16Z</time>
      </trkpt>
      <trkpt lat="41.640290" lon="2.407763">
        <ele>184.088</ele>
        <time>2024-12-13T07:07:20Z</time>
      </trkpt>
      <trkpt lat="41.640312" lon="2.407796">
        <ele>184.271</ele>
        <time>2024-12-13T07:07:23Z</time>
      </trkpt>
      <trkpt lat="41.640329" lon="2.407832">
        <ele>184.335</ele>
        <time>2024-12-13T07:07:26Z</time>
      </trkpt>
      <trkpt lat="41.640359" lon="2.407889">
        <ele>184.679</ele>
        <time>2024-12-13T07:07:31Z</time>
      </trkpt>
      <trkpt lat="41.640372" lon="2.407922">
        <ele>184.762</ele>
        <time>2024-12-13T07:07:33Z</time>
      </trkpt>
      <trkpt lat="41.640392" lon="2.407958">
        <ele>184.892</ele>
        <time>2024-12-13T07:07:38Z</time>
      </trkpt>
      <trkpt lat="41.640411" lon="2.407991">
        <ele>184.973</ele>
        <time>2024-12-13T07:07:41Z</time>
      </trkpt>
      <trkpt lat="41.640430" lon="2.408034">
        <ele>185.020</ele>
        <time>2024-12-13T07:07:45Z</time>
      </trkpt>
      <trkpt lat="41.640447" lon="2.408073">
        <ele>185.009</ele>
        <time>2024-12-13T07:07:48Z</time>
      </trkpt>
      <trkpt lat="41.640464" lon="2.408110">
        <ele>185.090</ele>
        <time>2024-12-13T07:07:51Z</time>
      </trkpt>
      <trkpt lat="41.640482" lon="2.408146">
        <ele>185.058</ele>
        <time>2024-12-13T07:07:54Z</time>
      </trkpt>
      <trkpt lat="41.640505" lon="2.408181">
        <ele>185.015</ele>
        <time>2024-12-13T07:07:58Z</time>
      </trkpt>
      <trkpt lat="41.640514" lon="2.408217">
        <ele>185.037</ele>
        <time>2024-12-13T07:08:00Z</time>
      </trkpt>
      <trkpt lat="41.640532" lon="2.408253">
        <ele>185.042</ele>
        <time>2024-12-13T07:08:03Z</time>
      </trkpt>
      <trkpt lat="41.640550" lon="2.408282">
        <ele>185.075</ele>
        <time>2024-12-13T07:08:06Z</time>
      </trkpt>
      <trkpt lat="41.640569" lon="2.408309">
        <ele>185.089</ele>
        <time>2024-12-13T07:08:09Z</time>
      </trkpt>
      <trkpt lat="41.640590" lon="2.408351">
        <ele>185.133</ele>
        <time>2024-12-13T07:08:14Z</time>
      </trkpt>
      <trkpt lat="41.640624" lon="2.408400">
        <ele>185.276</ele>
        <time>2024-12-13T07:08:18Z</time>
      </trkpt>
      <trkpt lat="41.640643" lon="2.408428">
        <ele>185.228</ele>
        <time>2024-12-13T07:08:21Z</time>
      </trkpt>
      <trkpt lat="41.640664" lon="2.408451">
        <ele>185.289</ele>
        <time>2024-12-13T07:08:24Z</time>
      </trkpt>
      <trkpt lat="41.640687" lon="2.408478">
        <ele>185.217</ele>
        <time>2024-12-13T07:08:27Z</time>
      </trkpt>
      <trkpt lat="41.640711" lon="2.408504">
        <ele>185.209</ele>
        <time>2024-12-13T07:08:30Z</time>
      </trkpt>
      <trkpt lat="41.640735" lon="2.408536">
        <ele>185.213</ele>
        <time>2024-12-13T07:08:33Z</time>
      </trkpt>
      <trkpt lat="41.640754" lon="2.408566">
        <ele>185.131</ele>
        <time>2024-12-13T07:08:37Z</time>
      </trkpt>
      <trkpt lat="41.640776" lon="2.408596">
        <ele>185.038</ele>
        <time>2024-12-13T07:08:40Z</time>
      </trkpt>
      <trkpt lat="41.640798" lon="2.408628">
        <ele>185.090</ele>
        <time>2024-12-13T07:08:43Z</time>
      </trkpt>
      <trkpt lat="41.640835" lon="2.408669">
        <ele>185.035</ele>
        <time>2024-12-13T07:08:47Z</time>
      </trkpt>
      <trkpt lat="41.640859" lon="2.408694">
        <ele>185.048</ele>
        <time>2024-12-13T07:08:50Z</time>
      </trkpt>
      <trkpt lat="41.640883" lon="2.408729">
        <ele>185.082</ele>
        <time>2024-12-13T07:08:54Z</time>
      </trkpt>
      <trkpt lat="41.640905" lon="2.408758">
        <ele>185.056</ele>
        <time>2024-12-13T07:08:57Z</time>
      </trkpt>
      <trkpt lat="41.640926" lon="2.408793">
        <ele>185.049</ele>
        <time>2024-12-13T07:09:00Z</time>
      </trkpt>
      <trkpt lat="41.640958" lon="2.408841">
        <ele>185.021</ele>
        <time>2024-12-13T07:09:05Z</time>
      </trkpt>
      <trkpt lat="41.640979" lon="2.408869">
        <ele>185.041</ele>
        <time>2024-12-13T07:09:08Z</time>
      </trkpt>
      <trkpt lat="41.640997" lon="2.408901">
        <ele>185.005</ele>
        <time>2024-12-13T07:09:11Z</time>
      </trkpt>
      <trkpt lat="41.641018" lon="2.408935">
        <ele>185.009</ele>
        <time>2024-12-13T07:09:14Z</time>
      </trkpt>
      <trkpt lat="41.641034" lon="2.408966">
        <ele>185.053</ele>
        <time>2024-12-13T07:09:17Z</time>
      </trkpt>
      <trkpt lat="41.641072" lon="2.409018">
        <ele>185.061</ele>
        <time>2024-12-13T07:09:22Z</time>
      </trkpt>
      <trkpt lat="41.641107" lon="2.409075">
        <ele>185.028</ele>
        <time>2024-12-13T07:09:27Z</time>
      </trkpt>
      <trkpt lat="41.641126" lon="2.409105">
        <ele>185.080</ele>
        <time>2024-12-13T07:09:30Z</time>
      </trkpt>
      <trkpt lat="41.641152" lon="2.409137">
        <ele>185.055</ele>
        <time>2024-12-13T07:09:33Z</time>
      </trkpt>
      <trkpt lat="41.641186" lon="2.409189">
        <ele>185.068</ele>
        <time>2024-12-13T07:09:38Z</time>
      </trkpt>
      <trkpt lat="41.641207" lon="2.409216">
        <ele>185.072</ele>
        <time>2024-12-13T07:09:41Z</time>
      </trkpt>
      <trkpt lat="41.641243" lon="2.409265">
        <ele>185.016</ele>
        <time>2024-12-13T07:09:46Z</time>
      </trkpt>
      <trkpt lat="41.641262" lon="2.409311">
        <ele>185.089</ele>
        <time>2024-12-13T07:09:50Z</time>
      </trkpt>
      <trkpt lat="41.641291" lon="2.409351">
        <ele>185.022</ele>
        <time>2024-12-13T07:09:54Z</time>
      </trkpt>
      <trkpt lat="41.641314" lon="2.409382">
        <ele>185.062</ele>
        <time>2024-12-13T07:09:57Z</time>
      </trkpt>
      <trkpt lat="41.641351" lon="2.409438">
        <ele>185.008</ele>
        <time>2024-12-13T07:10:02Z</time>
      </trkpt>
      <trkpt lat="41.641371" lon="2.409465">
        <ele>185.109</ele>
        <time>2024-12-13T07:10:05Z</time>
      </trkpt>
      <trkpt lat="41.641391" lon="2.409498">
        <ele>185.283</ele>
        <time>2024-12-13T07:10:08Z</time>
      </trkpt>
      <trkpt lat="41.641414" lon="2.409529">
        <ele>185.441</ele>
        <time>2024-12-13T07:10:11Z</time>
      </trkpt>
      <trkpt lat="41.641439" lon="2.409556">
        <ele>185.598</ele>
        <time>2024-12-13T07:10:15Z</time>
      </trkpt>
      <trkpt lat="41.641476" lon="2.409600">
        <ele>185.750</ele>
        <time>2024-12-13T07:10:20Z</time>
      </trkpt>
      <trkpt lat="41.641498" lon="2.409632">
        <ele>185.865</ele>
        <time>2024-12-13T07:10:23Z</time>
      </trkpt>
      <trkpt lat="41.641523" lon="2.409663">
        <ele>185.958</ele>
        <time>2024-12-13T07:10:26Z</time>
      </trkpt>
      <trkpt lat="41.641545" lon="2.409687">
        <ele>185.972</ele>
        <time>2024-12-13T07:10:29Z</time>
      </trkpt>
      <trkpt lat="41.641565" lon="2.409722">
        <ele>186.016</ele>
        <time>2024-12-13T07:10:32Z</time>
      </trkpt>
      <trkpt lat="41.641586" lon="2.409754">
        <ele>186.019</ele>
        <time>2024-12-13T07:10:35Z</time>
      </trkpt>
      <trkpt lat="41.641606" lon="2.409782">
        <ele>186.083</ele>
        <time>2024-12-13T07:10:38Z</time>
      </trkpt>
      <trkpt lat="41.641647" lon="2.409833">
        <ele>186.025</ele>
        <time>2024-12-13T07:10:44Z</time>
      </trkpt>
      <trkpt lat="41.641667" lon="2.409861">
        <ele>186.017</ele>
        <time>2024-12-13T07:10:46Z</time>
      </trkpt>
      <trkpt lat="41.641685" lon="2.409888">
        <ele>186.109</ele>
        <time>2024-12-13T07:10:49Z</time>
      </trkpt>
      <trkpt lat="41.641708" lon="2.409922">
        <ele>186.119</ele>
        <time>2024-12-13T07:10:52Z</time>
      </trkpt>
      <trkpt lat="41.641731" lon="2.409954">
        <ele>186.297</ele>
        <time>2024-12-13T07:10:55Z</time>
      </trkpt>
      <trkpt lat="41.641757" lon="2.409990">
        <ele>186.354</ele>
        <time>2024-12-13T07:10:59Z</time>
      </trkpt>
      <trkpt lat="41.641775" lon="2.410022">
        <ele>186.416</ele>
        <time>2024-12-13T07:11:03Z</time>
      </trkpt>
      <trkpt lat="41.641793" lon="2.410051">
        <ele>186.591</ele>
        <time>2024-12-13T07:11:05Z</time>
      </trkpt>
      <trkpt lat="41.641817" lon="2.410086">
        <ele>186.584</ele>
        <time>2024-12-13T07:11:10Z</time>
      </trkpt>
      <trkpt lat="41.641838" lon="2.410118">
        <ele>186.668</ele>
        <time>2024-12-13T07:11:13Z</time>
      </trkpt>
      <trkpt lat="41.641857" lon="2.410150">
        <ele>186.742</ele>
        <time>2024-12-13T07:11:16Z</time>
      </trkpt>
      <trkpt lat="41.641881" lon="2.410179">
        <ele>186.895</ele>
        <time>2024-12-13T07:11:19Z</time>
      </trkpt>
      <trkpt lat="41.641897" lon="2.410215">
        <ele>186.841</ele>
        <time>2024-12-13T07:11:22Z</time>
      </trkpt>
      <trkpt lat="41.641920" lon="2.410250">
        <ele>186.981</ele>
        <time>2024-12-13T07:11:26Z</time>
      </trkpt>
      <trkpt lat="41.641942" lon="2.410277">
        <ele>187.009</ele>
        <time>2024-12-13T07:11:29Z</time>
      </trkpt>
      <trkpt lat="41.641964" lon="2.410311">
        <ele>186.909</ele>
        <time>2024-12-13T07:11:32Z</time>
      </trkpt>
      <trkpt lat="41.641988" lon="2.410342">
        <ele>186.855</ele>
        <time>2024-12-13T07:11:36Z</time>
      </trkpt>
      <trkpt lat="41.642010" lon="2.410373">
        <ele>186.713</ele>
        <time>2024-12-13T07:11:39Z</time>
      </trkpt>
      <trkpt lat="41.642031" lon="2.410406">
        <ele>186.790</ele>
        <time>2024-12-13T07:11:42Z</time>
      </trkpt>
      <trkpt lat="41.642064" lon="2.410452">
        <ele>186.652</ele>
        <time>2024-12-13T07:11:47Z</time>
      </trkpt>
      <trkpt lat="41.642085" lon="2.410485">
        <ele>186.667</ele>
        <time>2024-12-13T07:11:50Z</time>
      </trkpt>
      <trkpt lat="41.642104" lon="2.410521">
        <ele>186.660</ele>
        <time>2024-12-13T07:11:53Z</time>
      </trkpt>
      <trkpt lat="41.642128" lon="2.410548">
        <ele>186.794</ele>
        <time>2024-12-13T07:11:56Z</time>
      </trkpt>
      <trkpt lat="41.642146" lon="2.410582">
        <ele>186.798</ele>
        <time>2024-12-13T07:11:59Z</time>
      </trkpt>
      <trkpt lat="41.642170" lon="2.410626">
        <ele>186.871</ele>
        <time>2024-12-13T07:12:03Z</time>
      </trkpt>
      <trkpt lat="41.642187" lon="2.410662">
        <ele>186.971</ele>
        <time>2024-12-13T07:12:06Z</time>
      </trkpt>
      <trkpt lat="41.642206" lon="2.410692">
        <ele>186.941</ele>
        <time>2024-12-13T07:12:09Z</time>
      </trkpt>
      <trkpt lat="41.642238" lon="2.410748">
        <ele>187.115</ele>
        <time>2024-12-13T07:12:14Z</time>
      </trkpt>
      <trkpt lat="41.642281" lon="2.410786">
        <ele>187.409</ele>
        <time>2024-12-13T07:12:18Z</time>
      </trkpt>
      <trkpt lat="41.642327" lon="2.410836">
        <ele>187.828</ele>
        <time>2024-12-13T07:12:24Z</time>
      </trkpt>
      <trkpt lat="41.642349" lon="2.410867">
        <ele>188.096</ele>
        <time>2024-12-13T07:12:27Z</time>
      </trkpt>
      <trkpt lat="41.642367" lon="2.410901">
        <ele>188.363</ele>
        <time>2024-12-13T07:12:30Z</time>
      </trkpt>
      <trkpt lat="41.642382" lon="2.410940">
        <ele>188.585</ele>
        <time>2024-12-13T07:12:33Z</time>
      </trkpt>
      <trkpt lat="41.642399" lon="2.410981">
        <ele>188.810</ele>
        <time>2024-12-13T07:12:37Z</time>
      </trkpt>
      <trkpt lat="41.642414" lon="2.411017">
        <ele>189.033</ele>
        <time>2024-12-13T07:12:41Z</time>
      </trkpt>
      <trkpt lat="41.642426" lon="2.411052">
        <ele>189.357</ele>
        <time>2024-12-13T07:12:44Z</time>
      </trkpt>
      <trkpt lat="41.642439" lon="2.411084">
        <ele>189.521</ele>
        <time>2024-12-13T07:12:47Z</time>
      </trkpt>
      <trkpt lat="41.642466" lon="2.411146">
        <ele>189.934</ele>
        <time>2024-12-13T07:12:52Z</time>
      </trkpt>
      <trkpt lat="41.642483" lon="2.411174">
        <ele>190.163</ele>
        <time>2024-12-13T07:12:56Z</time>
      </trkpt>
      <trkpt lat="41.642500" lon="2.411202">
        <ele>190.344</ele>
        <time>2024-12-13T07:12:58Z</time>
      </trkpt>
      <trkpt lat="41.642517" lon="2.411234">
        <ele>190.518</ele>
        <time>2024-12-13T07:13:01Z</time>
      </trkpt>
      <trkpt lat="41.642545" lon="2.411292">
        <ele>190.809</ele>
        <time>2024-12-13T07:13:06Z</time>
      </trkpt>
      <trkpt lat="41.642562" lon="2.411325">
        <ele>190.947</ele>
        <time>2024-12-13T07:13:09Z</time>
      </trkpt>
      <trkpt lat="41.642592" lon="2.411383">
        <ele>191.095</ele>
        <time>2024-12-13T07:13:14Z</time>
      </trkpt>
      <trkpt lat="41.642612" lon="2.411417">
        <ele>190.982</ele>
        <time>2024-12-13T07:13:17Z</time>
      </trkpt>
      <trkpt lat="41.642632" lon="2.411447">
        <ele>190.724</ele>
        <time>2024-12-13T07:13:20Z</time>
      </trkpt>
      <trkpt lat="41.642648" lon="2.411479">
        <ele>190.559</ele>
        <time>2024-12-13T07:13:23Z</time>
      </trkpt>
      <trkpt lat="41.642664" lon="2.411520">
        <ele>190.282</ele>
        <time>2024-12-13T07:13:26Z</time>
      </trkpt>
      <trkpt lat="41.642682" lon="2.411554">
        <ele>190.046</ele>
        <time>2024-12-13T07:13:29Z</time>
      </trkpt>
      <trkpt lat="41.642699" lon="2.411592">
        <ele>189.780</ele>
        <time>2024-12-13T07:13:32Z</time>
      </trkpt>
      <trkpt lat="41.642716" lon="2.411626">
        <ele>189.573</ele>
        <time>2024-12-13T07:13:35Z</time>
      </trkpt>
      <trkpt lat="41.642733" lon="2.411664">
        <ele>189.235</ele>
        <time>2024-12-13T07:13:39Z</time>
      </trkpt>
      <trkpt lat="41.642752" lon="2.411710">
        <ele>188.986</ele>
        <time>2024-12-13T07:13:43Z</time>
      </trkpt>
      <trkpt lat="41.642772" lon="2.411788">
        <ele>188.614</ele>
        <time>2024-12-13T07:13:50Z</time>
      </trkpt>
      <trkpt lat="41.642784" lon="2.411833">
        <ele>188.409</ele>
        <time>2024-12-13T07:13:53Z</time>
      </trkpt>
      <trkpt lat="41.642797" lon="2.411875">
        <ele>188.374</ele>
        <time>2024-12-13T07:13:56Z</time>
      </trkpt>
      <trkpt lat="41.642807" lon="2.411914">
        <ele>188.282</ele>
        <time>2024-12-13T07:13:59Z</time>
      </trkpt>
      <trkpt lat="41.642811" lon="2.411952">
        <ele>188.169</ele>
        <time>2024-12-13T07:14:02Z</time>
      </trkpt>
      <trkpt lat="41.642816" lon="2.411991">
        <ele>188.181</ele>
        <time>2024-12-13T07:14:05Z</time>
      </trkpt>
      <trkpt lat="41.642825" lon="2.412030">
        <ele>188.236</ele>
        <time>2024-12-13T07:14:08Z</time>
      </trkpt>
      <trkpt lat="41.642838" lon="2.412073">
        <ele>188.269</ele>
        <time>2024-12-13T07:14:11Z</time>
      </trkpt>
      <trkpt lat="41.642851" lon="2.412111">
        <ele>188.313</ele>
        <time>2024-12-13T07:14:14Z</time>
      </trkpt>
      <trkpt lat="41.642865" lon="2.412147">
        <ele>188.367</ele>
        <time>2024-12-13T07:14:17Z</time>
      </trkpt>
      <trkpt lat="41.642877" lon="2.412189">
        <ele>188.450</ele>
        <time>2024-12-13T07:14:20Z</time>
      </trkpt>
      <trkpt lat="41.642890" lon="2.412222">
        <ele>188.498</ele>
        <time>2024-12-13T07:14:23Z</time>
      </trkpt>
      <trkpt lat="41.642907" lon="2.412256">
        <ele>188.515</ele>
        <time>2024-12-13T07:14:26Z</time>
      </trkpt>
      <trkpt lat="41.642933" lon="2.412284">
        <ele>188.626</ele>
        <time>2024-12-13T07:14:29Z</time>
      </trkpt>
      <trkpt lat="41.642948" lon="2.412318">
        <ele>188.609</ele>
        <time>2024-12-13T07:14:33Z</time>
      </trkpt>
      <trkpt lat="41.642967" lon="2.412350">
        <ele>188.770</ele>
        <time>2024-12-13T07:14:36Z</time>
      </trkpt>
      <trkpt lat="41.642997" lon="2.412368">
        <ele>188.868</ele>
        <time>2024-12-13T07:14:39Z</time>
      </trkpt>
      <trkpt lat="41.643025" lon="2.412397">
        <ele>188.935</ele>
        <time>2024-12-13T07:14:42Z</time>
      </trkpt>
      <trkpt lat="41.643041" lon="2.412430">
        <ele>188.957</ele>
        <time>2024-12-13T07:14:45Z</time>
      </trkpt>
      <trkpt lat="41.643068" lon="2.412494">
        <ele>189.072</ele>
        <time>2024-12-13T07:14:50Z</time>
      </trkpt>
      <trkpt lat="41.643101" lon="2.412553">
        <ele>189.295</ele>
        <time>2024-12-13T07:14:55Z</time>
      </trkpt>
      <trkpt lat="41.643117" lon="2.412587">
        <ele>189.249</ele>
        <time>2024-12-13T07:14:58Z</time>
      </trkpt>
      <trkpt lat="41.643134" lon="2.412645">
        <ele>189.333</ele>
        <time>2024-12-13T07:15:12Z</time>
      </trkpt>
      <trkpt lat="41.643124" lon="2.412704">
        <ele>189.236</ele>
        <time>2024-12-13T07:15:16Z</time>
      </trkpt>
      <trkpt lat="41.643136" lon="2.412747">
        <ele>189.385</ele>
        <time>2024-12-13T07:15:20Z</time>
      </trkpt>
      <trkpt lat="41.643158" lon="2.412779">
        <ele>189.489</ele>
        <time>2024-12-13T07:15:24Z</time>
      </trkpt>
      <trkpt lat="41.643177" lon="2.412811">
        <ele>189.417</ele>
        <time>2024-12-13T07:15:27Z</time>
      </trkpt>
      <trkpt lat="41.643192" lon="2.412842">
        <ele>189.509</ele>
        <time>2024-12-13T07:15:30Z</time>
      </trkpt>
      <trkpt lat="41.643212" lon="2.412882">
        <ele>189.699</ele>
        <time>2024-12-13T07:15:34Z</time>
      </trkpt>
      <trkpt lat="41.643231" lon="2.412912">
        <ele>189.697</ele>
        <time>2024-12-13T07:15:37Z</time>
      </trkpt>
      <trkpt lat="41.643255" lon="2.412952">
        <ele>189.754</ele>
        <time>2024-12-13T07:15:40Z</time>
      </trkpt>
      <trkpt lat="41.643271" lon="2.412987">
        <ele>189.886</ele>
        <time>2024-12-13T07:15:43Z</time>
      </trkpt>
      <trkpt lat="41.643284" lon="2.413024">
        <ele>189.831</ele>
        <time>2024-12-13T07:15:47Z</time>
      </trkpt>
      <trkpt lat="41.643298" lon="2.413059">
        <ele>189.984</ele>
        <time>2024-12-13T07:15:51Z</time>
      </trkpt>
      <trkpt lat="41.643313" lon="2.413097">
        <ele>189.868</ele>
        <time>2024-12-13T07:15:54Z</time>
      </trkpt>
      <trkpt lat="41.643328" lon="2.413138">
        <ele>189.722</ele>
        <time>2024-12-13T07:15:57Z</time>
      </trkpt>
      <trkpt lat="41.643347" lon="2.413175">
        <ele>189.655</ele>
        <time>2024-12-13T07:16:00Z</time>
      </trkpt>
      <trkpt lat="41.643363" lon="2.413213">
        <ele>189.474</ele>
        <time>2024-12-13T07:16:03Z</time>
      </trkpt>
      <trkpt lat="41.643372" lon="2.413254">
        <ele>189.356</ele>
        <time>2024-12-13T07:16:06Z</time>
      </trkpt>
      <trkpt lat="41.643395" lon="2.413292">
        <ele>189.121</ele>
        <time>2024-12-13T07:16:11Z</time>
      </trkpt>
      <trkpt lat="41.643424" lon="2.413346">
        <ele>189.009</ele>
        <time>2024-12-13T07:16:16Z</time>
      </trkpt>
      <trkpt lat="41.643438" lon="2.413379">
        <ele>188.838</ele>
        <time>2024-12-13T07:16:19Z</time>
      </trkpt>
      <trkpt lat="41.643456" lon="2.413423">
        <ele>188.726</ele>
        <time>2024-12-13T07:16:23Z</time>
      </trkpt>
      <trkpt lat="41.643473" lon="2.413464">
        <ele>188.593</ele>
        <time>2024-12-13T07:16:27Z</time>
      </trkpt>
      <trkpt lat="41.643496" lon="2.413503">
        <ele>188.475</ele>
        <time>2024-12-13T07:16:31Z</time>
      </trkpt>
      <trkpt lat="41.643522" lon="2.413565">
        <ele>188.230</ele>
        <time>2024-12-13T07:16:37Z</time>
      </trkpt>
      <trkpt lat="41.643534" lon="2.413600">
        <ele>188.073</ele>
        <time>2024-12-13T07:16:40Z</time>
      </trkpt>
      <trkpt lat="41.643554" lon="2.413633">
        <ele>187.937</ele>
        <time>2024-12-13T07:16:43Z</time>
      </trkpt>
      <trkpt lat="41.643569" lon="2.413669">
        <ele>187.641</ele>
        <time>2024-12-13T07:16:46Z</time>
      </trkpt>
      <trkpt lat="41.643580" lon="2.413713">
        <ele>187.344</ele>
        <time>2024-12-13T07:16:50Z</time>
      </trkpt>
      <trkpt lat="41.643594" lon="2.413755">
        <ele>187.088</ele>
        <time>2024-12-13T07:16:59Z</time>
      </trkpt>
      <trkpt lat="41.643605" lon="2.413805">
        <ele>186.624</ele>
        <time>2024-12-13T07:17:03Z</time>
      </trkpt>
      <trkpt lat="41.643630" lon="2.413868">
        <ele>186.326</ele>
        <time>2024-12-13T07:17:12Z</time>
      </trkpt>
      <trkpt lat="41.643647" lon="2.413903">
        <ele>186.309</ele>
        <time>2024-12-13T07:17:15Z</time>
      </trkpt>
      <trkpt lat="41.643666" lon="2.413937">
        <ele>186.419</ele>
        <time>2024-12-13T07:17:18Z</time>
      </trkpt>
      <trkpt lat="41.643678" lon="2.413971">
        <ele>186.447</ele>
        <time>2024-12-13T07:17:20Z</time>
      </trkpt>
      <trkpt lat="41.643693" lon="2.414009">
        <ele>186.594</ele>
        <time>2024-12-13T07:17:23Z</time>
      </trkpt>
      <trkpt lat="41.643710" lon="2.414044">
        <ele>186.576</ele>
        <time>2024-12-13T07:17:26Z</time>
      </trkpt>
      <trkpt lat="41.643725" lon="2.414077">
        <ele>186.581</ele>
        <time>2024-12-13T07:17:30Z</time>
      </trkpt>
      <trkpt lat="41.643753" lon="2.414147">
        <ele>186.554</ele>
        <time>2024-12-13T07:17:36Z</time>
      </trkpt>
      <trkpt lat="41.643768" lon="2.414185">
        <ele>186.618</ele>
        <time>2024-12-13T07:17:39Z</time>
      </trkpt>
      <trkpt lat="41.643784" lon="2.414219">
        <ele>186.762</ele>
        <time>2024-12-13T07:17:41Z</time>
      </trkpt>
      <trkpt lat="41.643801" lon="2.414257">
        <ele>186.845</ele>
        <time>2024-12-13T07:17:45Z</time>
      </trkpt>
      <trkpt lat="41.643819" lon="2.414294">
        <ele>186.927</ele>
        <time>2024-12-13T07:17:48Z</time>
      </trkpt>
      <trkpt lat="41.643838" lon="2.414329">
        <ele>186.968</ele>
        <time>2024-12-13T07:17:51Z</time>
      </trkpt>
      <trkpt lat="41.643854" lon="2.414364">
        <ele>187.014</ele>
        <time>2024-12-13T07:17:54Z</time>
      </trkpt>
      <trkpt lat="41.643885" lon="2.414421">
        <ele>187.009</ele>
        <time>2024-12-13T07:18:00Z</time>
      </trkpt>
      <trkpt lat="41.643909" lon="2.414459">
        <ele>187.293</ele>
        <time>2024-12-13T07:18:05Z</time>
      </trkpt>
      <trkpt lat="41.643928" lon="2.414493">
        <ele>187.461</ele>
        <time>2024-12-13T07:18:08Z</time>
      </trkpt>
      <trkpt lat="41.643944" lon="2.414528">
        <ele>187.778</ele>
        <time>2024-12-13T07:18:10Z</time>
      </trkpt>
      <trkpt lat="41.643962" lon="2.414566">
        <ele>187.960</ele>
        <time>2024-12-13T07:18:13Z</time>
      </trkpt>
      <trkpt lat="41.643976" lon="2.414601">
        <ele>188.115</ele>
        <time>2024-12-13T07:18:16Z</time>
      </trkpt>
      <trkpt lat="41.643993" lon="2.414630">
        <ele>188.238</ele>
        <time>2024-12-13T07:18:19Z</time>
      </trkpt>
      <trkpt lat="41.644014" lon="2.414661">
        <ele>188.332</ele>
        <time>2024-12-13T07:18:23Z</time>
      </trkpt>
      <trkpt lat="41.644036" lon="2.414698">
        <ele>188.446</ele>
        <time>2024-12-13T07:18:26Z</time>
      </trkpt>
      <trkpt lat="41.644058" lon="2.414732">
        <ele>188.469</ele>
        <time>2024-12-13T07:18:29Z</time>
      </trkpt>
      <trkpt lat="41.644078" lon="2.414764">
        <ele>188.528</ele>
        <time>2024-12-13T07:18:32Z</time>
      </trkpt>
      <trkpt lat="41.644098" lon="2.414798">
        <ele>188.589</ele>
        <time>2024-12-13T07:18:35Z</time>
      </trkpt>
      <trkpt lat="41.644116" lon="2.414839">
        <ele>188.617</ele>
        <time>2024-12-13T07:18:39Z</time>
      </trkpt>
      <trkpt lat="41.644149" lon="2.414885">
        <ele>188.709</ele>
        <time>2024-12-13T07:18:43Z</time>
      </trkpt>
      <trkpt lat="41.644180" lon="2.414940">
        <ele>188.793</ele>
        <time>2024-12-13T07:18:49Z</time>
      </trkpt>
      <trkpt lat="41.644202" lon="2.414974">
        <ele>188.851</ele>
        <time>2024-12-13T07:18:52Z</time>
      </trkpt>
      <trkpt lat="41.644221" lon="2.415007">
        <ele>188.888</ele>
        <time>2024-12-13T07:18:55Z</time>
      </trkpt>
      <trkpt lat="41.644242" lon="2.415038">
        <ele>188.810</ele>
        <time>2024-12-13T07:18:58Z</time>
      </trkpt>
      <trkpt lat="41.644272" lon="2.415105">
        <ele>188.875</ele>
        <time>2024-12-13T07:19:03Z</time>
      </trkpt>
      <trkpt lat="41.644293" lon="2.415139">
        <ele>188.858</ele>
        <time>2024-12-13T07:19:07Z</time>
      </trkpt>
      <trkpt lat="41.644318" lon="2.415174">
        <ele>188.842</ele>
        <time>2024-12-13T07:19:10Z</time>
      </trkpt>
      <trkpt lat="41.644343" lon="2.415203">
        <ele>188.876</ele>
        <time>2024-12-13T07:19:13Z</time>
      </trkpt>
      <trkpt lat="41.644361" lon="2.415242">
        <ele>188.999</ele>
        <time>2024-12-13T07:19:17Z</time>
      </trkpt>
      <trkpt lat="41.644376" lon="2.415286">
        <ele>189.089</ele>
        <time>2024-12-13T07:19:20Z</time>
      </trkpt>
      <trkpt lat="41.644393" lon="2.415318">
        <ele>189.006</ele>
        <time>2024-12-13T07:19:23Z</time>
      </trkpt>
      <trkpt lat="41.644402" lon="2.415360">
        <ele>189.026</ele>
        <time>2024-12-13T07:19:26Z</time>
      </trkpt>
      <trkpt lat="41.644403" lon="2.415404">
        <ele>188.909</ele>
        <time>2024-12-13T07:19:29Z</time>
      </trkpt>
      <trkpt lat="41.644396" lon="2.415473">
        <ele>188.989</ele>
        <time>2024-12-13T07:19:36Z</time>
      </trkpt>
      <trkpt lat="41.644382" lon="2.415509">
        <ele>188.867</ele>
        <time>2024-12-13T07:19:40Z</time>
      </trkpt>
      <trkpt lat="41.644364" lon="2.415538">
        <ele>188.754</ele>
        <time>2024-12-13T07:19:44Z</time>
      </trkpt>
      <trkpt lat="41.644345" lon="2.415577">
        <ele>188.646</ele>
        <time>2024-12-13T07:19:50Z</time>
      </trkpt>
      <trkpt lat="41.644339" lon="2.415622">
        <ele>188.611</ele>
        <time>2024-12-13T07:19:54Z</time>
      </trkpt>
      <trkpt lat="41.644345" lon="2.415663">
        <ele>188.684</ele>
        <time>2024-12-13T07:19:59Z</time>
      </trkpt>
      <trkpt lat="41.644360" lon="2.415697">
        <ele>188.738</ele>
        <time>2024-12-13T07:20:02Z</time>
      </trkpt>
      <trkpt lat="41.644381" lon="2.415727">
        <ele>188.892</ele>
        <time>2024-12-13T07:20:05Z</time>
      </trkpt>
      <trkpt lat="41.644411" lon="2.415771">
        <ele>188.985</ele>
        <time>2024-12-13T07:20:09Z</time>
      </trkpt>
      <trkpt lat="41.644437" lon="2.415800">
        <ele>189.045</ele>
        <time>2024-12-13T07:20:12Z</time>
      </trkpt>
      <trkpt lat="41.644458" lon="2.415828">
        <ele>189.147</ele>
        <time>2024-12-13T07:20:15Z</time>
      </trkpt>
      <trkpt lat="41.644476" lon="2.415863">
        <ele>189.311</ele>
        <time>2024-12-13T07:20:18Z</time>
      </trkpt>
      <trkpt lat="41.644496" lon="2.415908">
        <ele>189.609</ele>
        <time>2024-12-13T07:20:22Z</time>
      </trkpt>
      <trkpt lat="41.644515" lon="2.415942">
        <ele>189.865</ele>
        <time>2024-12-13T07:20:25Z</time>
      </trkpt>
      <trkpt lat="41.644533" lon="2.415971">
        <ele>190.043</ele>
        <time>2024-12-13T07:20:29Z</time>
      </trkpt>
      <trkpt lat="41.644555" lon="2.416005">
        <ele>190.260</ele>
        <time>2024-12-13T07:20:33Z</time>
      </trkpt>
      <trkpt lat="41.644576" lon="2.416037">
        <ele>190.322</ele>
        <time>2024-12-13T07:20:36Z</time>
      </trkpt>
      <trkpt lat="41.644600" lon="2.416078">
        <ele>190.527</ele>
        <time>2024-12-13T07:20:40Z</time>
      </trkpt>
      <trkpt lat="41.644621" lon="2.416107">
        <ele>190.650</ele>
        <time>2024-12-13T07:20:42Z</time>
      </trkpt>
      <trkpt lat="41.644642" lon="2.416135">
        <ele>190.734</ele>
        <time>2024-12-13T07:20:45Z</time>
      </trkpt>
      <trkpt lat="41.644666" lon="2.416172">
        <ele>190.858</ele>
        <time>2024-12-13T07:20:48Z</time>
      </trkpt>
      <trkpt lat="41.644686" lon="2.416206">
        <ele>190.911</ele>
        <time>2024-12-13T07:20:51Z</time>
      </trkpt>
      <trkpt lat="41.644706" lon="2.416235">
        <ele>190.944</ele>
        <time>2024-12-13T07:20:54Z</time>
      </trkpt>
      <trkpt lat="41.644732" lon="2.416266">
        <ele>191.005</ele>
        <time>2024-12-13T07:20:57Z</time>
      </trkpt>
      <trkpt lat="41.644750" lon="2.416298">
        <ele>191.015</ele>
        <time>2024-12-13T07:21:00Z</time>
      </trkpt>
      <trkpt lat="41.644774" lon="2.416323">
        <ele>191.009</ele>
        <time>2024-12-13T07:21:03Z</time>
      </trkpt>
      <trkpt lat="41.644796" lon="2.416348">
        <ele>191.065</ele>
        <time>2024-12-13T07:21:07Z</time>
      </trkpt>
      <trkpt lat="41.644818" lon="2.416377">
        <ele>191.043</ele>
        <time>2024-12-13T07:21:11Z</time>
      </trkpt>
      <trkpt lat="41.644843" lon="2.416417">
        <ele>191.010</ele>
        <time>2024-12-13T07:21:14Z</time>
      </trkpt>
      <trkpt lat="41.644865" lon="2.416447">
        <ele>191.042</ele>
        <time>2024-12-13T07:21:17Z</time>
      </trkpt>
      <trkpt lat="41.644887" lon="2.416478">
        <ele>191.097</ele>
        <time>2024-12-13T07:21:21Z</time>
      </trkpt>
      <trkpt lat="41.644909" lon="2.416509">
        <ele>191.060</ele>
        <time>2024-12-13T07:21:24Z</time>
      </trkpt>
      <trkpt lat="41.644929" lon="2.416540">
        <ele>191.064</ele>
        <time>2024-12-13T07:21:27Z</time>
      </trkpt>
      <trkpt lat="41.644951" lon="2.416573">
        <ele>191.028</ele>
        <time>2024-12-13T07:21:30Z</time>
      </trkpt>
      <trkpt lat="41.644975" lon="2.416602">
        <ele>191.041</ele>
        <time>2024-12-13T07:21:33Z</time>
      </trkpt>
      <trkpt lat="41.644999" lon="2.416638">
        <ele>191.073</ele>
        <time>2024-12-13T07:21:36Z</time>
      </trkpt>
      <trkpt lat="41.645023" lon="2.416670">
        <ele>190.985</ele>
        <time>2024-12-13T07:21:39Z</time>
      </trkpt>
      <trkpt lat="41.645047" lon="2.416698">
        <ele>190.913</ele>
        <time>2024-12-13T07:21:42Z</time>
      </trkpt>
      <trkpt lat="41.645074" lon="2.416721">
        <ele>190.809</ele>
        <time>2024-12-13T07:21:45Z</time>
      </trkpt>
      <trkpt lat="41.645105" lon="2.416741">
        <ele>190.718</ele>
        <time>2024-12-13T07:21:48Z</time>
      </trkpt>
      <trkpt lat="41.645139" lon="2.416765">
        <ele>190.746</ele>
        <time>2024-12-13T07:21:52Z</time>
      </trkpt>
      <trkpt lat="41.645183" lon="2.416787">
        <ele>190.643</ele>
        <time>2024-12-13T07:21:56Z</time>
      </trkpt>
      <trkpt lat="41.645217" lon="2.416800">
        <ele>190.615</ele>
        <time>2024-12-13T07:22:00Z</time>
      </trkpt>
      <trkpt lat="41.645246" lon="2.416806">
        <ele>190.670</ele>
        <time>2024-12-13T07:22:02Z</time>
      </trkpt>
      <trkpt lat="41.645280" lon="2.416821">
        <ele>190.523</ele>
        <time>2024-12-13T07:22:06Z</time>
      </trkpt>
      <trkpt lat="41.645312" lon="2.416843">
        <ele>190.587</ele>
        <time>2024-12-13T07:22:09Z</time>
      </trkpt>
      <trkpt lat="41.645338" lon="2.416866">
        <ele>190.581</ele>
        <time>2024-12-13T07:22:12Z</time>
      </trkpt>
      <trkpt lat="41.645379" lon="2.416930">
        <ele>190.674</ele>
        <time>2024-12-13T07:22:20Z</time>
      </trkpt>
      <trkpt lat="41.645390" lon="2.416988">
        <ele>190.826</ele>
        <time>2024-12-13T07:22:26Z</time>
      </trkpt>
      <trkpt lat="41.645397" lon="2.417028">
        <ele>190.947</ele>
        <time>2024-12-13T07:22:30Z</time>
      </trkpt>
      <trkpt lat="41.645382" lon="2.417068">
        <ele>191.111</ele>
        <time>2024-12-13T07:22:33Z</time>
      </trkpt>
      <trkpt lat="41.645365" lon="2.417098">
        <ele>191.209</ele>
        <time>2024-12-13T07:22:36Z</time>
      </trkpt>
      <trkpt lat="41.645337" lon="2.417128">
        <ele>191.493</ele>
        <time>2024-12-13T07:22:39Z</time>
      </trkpt>
      <trkpt lat="41.645311" lon="2.417146">
        <ele>191.621</ele>
        <time>2024-12-13T07:22:43Z</time>
      </trkpt>
      <trkpt lat="41.645288" lon="2.417176">
        <ele>191.878</ele>
        <time>2024-12-13T07:22:46Z</time>
      </trkpt>
      <trkpt lat="41.645242" lon="2.417241">
        <ele>192.130</ele>
        <time>2024-12-13T07:22:54Z</time>
      </trkpt>
      <trkpt lat="41.645206" lon="2.417296">
        <ele>192.265</ele>
        <time>2024-12-13T07:22:59Z</time>
      </trkpt>
      <trkpt lat="41.645181" lon="2.417323">
        <ele>192.238</ele>
        <time>2024-12-13T07:23:02Z</time>
      </trkpt>
      <trkpt lat="41.645141" lon="2.417366">
        <ele>192.342</ele>
        <time>2024-12-13T07:23:08Z</time>
      </trkpt>
      <trkpt lat="41.645095" lon="2.417399">
        <ele>192.226</ele>
        <time>2024-12-13T07:23:13Z</time>
      </trkpt>
      <trkpt lat="41.645067" lon="2.417401">
        <ele>192.229</ele>
        <time>2024-12-13T07:23:16Z</time>
      </trkpt>
      <trkpt lat="41.645035" lon="2.417422">
        <ele>192.132</ele>
        <time>2024-12-13T07:23:19Z</time>
      </trkpt>
      <trkpt lat="41.645010" lon="2.417459">
        <ele>192.092</ele>
        <time>2024-12-13T07:23:23Z</time>
      </trkpt>
      <trkpt lat="41.644996" lon="2.417490">
        <ele>192.011</ele>
        <time>2024-12-13T07:23:25Z</time>
      </trkpt>
      <trkpt lat="41.644973" lon="2.417564">
        <ele>191.909</ele>
        <time>2024-12-13T07:23:31Z</time>
      </trkpt>
      <trkpt lat="41.644967" lon="2.417618">
        <ele>191.964</ele>
        <time>2024-12-13T07:23:35Z</time>
      </trkpt>
      <trkpt lat="41.644968" lon="2.417658">
        <ele>192.042</ele>
        <time>2024-12-13T07:23:39Z</time>
      </trkpt>
      <trkpt lat="41.644996" lon="2.417723">
        <ele>192.049</ele>
        <time>2024-12-13T07:23:46Z</time>
      </trkpt>
      <trkpt lat="41.645013" lon="2.417757">
        <ele>192.071</ele>
        <time>2024-12-13T07:23:50Z</time>
      </trkpt>
      <trkpt lat="41.645044" lon="2.417808">
        <ele>192.196</ele>
        <time>2024-12-13T07:23:55Z</time>
      </trkpt>
      <trkpt lat="41.645069" lon="2.417838">
        <ele>192.229</ele>
        <time>2024-12-13T07:23:58Z</time>
      </trkpt>
      <trkpt lat="41.645114" lon="2.417893">
        <ele>192.233</ele>
        <time>2024-12-13T07:24:05Z</time>
      </trkpt>
      <trkpt lat="41.645153" lon="2.417934">
        <ele>192.247</ele>
        <time>2024-12-13T07:24:10Z</time>
      </trkpt>
      <trkpt lat="41.645177" lon="2.417959">
        <ele>192.250</ele>
        <time>2024-12-13T07:24:12Z</time>
      </trkpt>
      <trkpt lat="41.645200" lon="2.417988">
        <ele>192.285</ele>
        <time>2024-12-13T07:24:16Z</time>
      </trkpt>
      <trkpt lat="41.645227" lon="2.418015">
        <ele>192.189</ele>
        <time>2024-12-13T07:24:19Z</time>
      </trkpt>
      <trkpt lat="41.645265" lon="2.418058">
        <ele>192.017</ele>
        <time>2024-12-13T07:24:24Z</time>
      </trkpt>
      <trkpt lat="41.645292" lon="2.418073">
        <ele>192.209</ele>
        <time>2024-12-13T07:24:27Z</time>
      </trkpt>
      <trkpt lat="41.645316" lon="2.418095">
        <ele>192.419</ele>
        <time>2024-12-13T07:24:30Z</time>
      </trkpt>
      <trkpt lat="41.645343" lon="2.418116">
        <ele>192.737</ele>
        <time>2024-12-13T07:24:33Z</time>
      </trkpt>
      <trkpt lat="41.645371" lon="2.418143">
        <ele>193.074</ele>
        <time>2024-12-13T07:24:37Z</time>
      </trkpt>
      <trkpt lat="41.645396" lon="2.418169">
        <ele>193.366</ele>
        <time>2024-12-13T07:24:41Z</time>
      </trkpt>
      <trkpt lat="41.645416" lon="2.418198">
        <ele>193.521</ele>
        <time>2024-12-13T07:24:44Z</time>
      </trkpt>
      <trkpt lat="41.645453" lon="2.418227">
        <ele>193.924</ele>
        <time>2024-12-13T07:24:48Z</time>
      </trkpt>
      <trkpt lat="41.645485" lon="2.418257">
        <ele>194.238</ele>
        <time>2024-12-13T07:24:51Z</time>
      </trkpt>
      <trkpt lat="41.645511" lon="2.418284">
        <ele>194.552</ele>
        <time>2024-12-13T07:24:54Z</time>
      </trkpt>
      <trkpt lat="41.645558" lon="2.418328">
        <ele>195.035</ele>
        <time>2024-12-13T07:25:00Z</time>
      </trkpt>
      <trkpt lat="41.645589" lon="2.418359">
        <ele>195.067</ele>
        <time>2024-12-13T07:25:04Z</time>
      </trkpt>
      <trkpt lat="41.645619" lon="2.418391">
        <ele>195.081</ele>
        <time>2024-12-13T07:25:08Z</time>
      </trkpt>
      <trkpt lat="41.645649" lon="2.418420">
        <ele>195.019</ele>
        <time>2024-12-13T07:25:11Z</time>
      </trkpt>
      <trkpt lat="41.645678" lon="2.418443">
        <ele>195.009</ele>
        <time>2024-12-13T07:25:14Z</time>
      </trkpt>
      <trkpt lat="41.645702" lon="2.418471">
        <ele>195.097</ele>
        <time>2024-12-13T07:25:18Z</time>
      </trkpt>
      <trkpt lat="41.645728" lon="2.418504">
        <ele>195.085</ele>
        <time>2024-12-13T07:25:21Z</time>
      </trkpt>
      <trkpt lat="41.645743" lon="2.418540">
        <ele>195.022</ele>
        <time>2024-12-13T07:25:24Z</time>
      </trkpt>
      <trkpt lat="41.645773" lon="2.418571">
        <ele>195.044</ele>
        <time>2024-12-13T07:25:30Z</time>
      </trkpt>
      <trkpt lat="41.645820" lon="2.418624">
        <ele>195.099</ele>
        <time>2024-12-13T07:25:38Z</time>
      </trkpt>
      <trkpt lat="41.645844" lon="2.418649">
        <ele>195.022</ele>
        <time>2024-12-13T07:25:41Z</time>
      </trkpt>
      <trkpt lat="41.645873" lon="2.418679">
        <ele>194.996</ele>
        <time>2024-12-13T07:25:45Z</time>
      </trkpt>
      <trkpt lat="41.645899" lon="2.418708">
        <ele>194.830</ele>
        <time>2024-12-13T07:25:48Z</time>
      </trkpt>
      <trkpt lat="41.645925" lon="2.418741">
        <ele>194.873</ele>
        <time>2024-12-13T07:25:52Z</time>
      </trkpt>
      <trkpt lat="41.645946" lon="2.418775">
        <ele>194.841</ele>
        <time>2024-12-13T07:25:55Z</time>
      </trkpt>
      <trkpt lat="41.645972" lon="2.418811">
        <ele>194.981</ele>
        <time>2024-12-13T07:25:59Z</time>
      </trkpt>
      <trkpt lat="41.645994" lon="2.418853">
        <ele>194.909</ele>
        <time>2024-12-13T07:26:03Z</time>
      </trkpt>
      <trkpt lat="41.646009" lon="2.418901">
        <ele>195.009</ele>
        <time>2024-12-13T07:26:07Z</time>
      </trkpt>
      <trkpt lat="41.646024" lon="2.418940">
        <ele>195.265</ele>
        <time>2024-12-13T07:26:10Z</time>
      </trkpt>
      <trkpt lat="41.646036" lon="2.418980">
        <ele>195.353</ele>
        <time>2024-12-13T07:26:14Z</time>
      </trkpt>
      <trkpt lat="41.646041" lon="2.419023">
        <ele>195.570</ele>
        <time>2024-12-13T07:26:18Z</time>
      </trkpt>
      <trkpt lat="41.646037" lon="2.419060">
        <ele>195.642</ele>
        <time>2024-12-13T07:26:20Z</time>
      </trkpt>
      <trkpt lat="41.646029" lon="2.419104">
        <ele>195.847</ele>
        <time>2024-12-13T07:26:24Z</time>
      </trkpt>
      <trkpt lat="41.646019" lon="2.419149">
        <ele>195.940</ele>
        <time>2024-12-13T07:26:27Z</time>
      </trkpt>
      <trkpt lat="41.646009" lon="2.419198">
        <ele>196.174</ele>
        <time>2024-12-13T07:26:31Z</time>
      </trkpt>
      <trkpt lat="41.646010" lon="2.419244">
        <ele>196.298</ele>
        <time>2024-12-13T07:26:34Z</time>
      </trkpt>
      <trkpt lat="41.646009" lon="2.419286">
        <ele>196.311</ele>
        <time>2024-12-13T07:26:38Z</time>
      </trkpt>
      <trkpt lat="41.646012" lon="2.419328">
        <ele>196.455</ele>
        <time>2024-12-13T07:26:42Z</time>
      </trkpt>
      <trkpt lat="41.646024" lon="2.419374">
        <ele>196.507</ele>
        <time>2024-12-13T07:26:45Z</time>
      </trkpt>
      <trkpt lat="41.646034" lon="2.419417">
        <ele>196.717</ele>
        <time>2024-12-13T07:26:48Z</time>
      </trkpt>
      <trkpt lat="41.646046" lon="2.419482">
        <ele>196.809</ele>
        <time>2024-12-13T07:26:53Z</time>
      </trkpt>
      <trkpt lat="41.646041" lon="2.419530">
        <ele>196.816</ele>
        <time>2024-12-13T07:26:56Z</time>
      </trkpt>
      <trkpt lat="41.646042" lon="2.419581">
        <ele>196.994</ele>
        <time>2024-12-13T07:27:00Z</time>
      </trkpt>
      <trkpt lat="41.646040" lon="2.419624">
        <ele>196.971</ele>
        <time>2024-12-13T07:27:03Z</time>
      </trkpt>
      <trkpt lat="41.646035" lon="2.419670">
        <ele>196.973</ele>
        <time>2024-12-13T07:27:06Z</time>
      </trkpt>
      <trkpt lat="41.646028" lon="2.419714">
        <ele>197.048</ele>
        <time>2024-12-13T07:27:10Z</time>
      </trkpt>
      <trkpt lat="41.646022" lon="2.419758">
        <ele>197.121</ele>
        <time>2024-12-13T07:27:13Z</time>
      </trkpt>
      <trkpt lat="41.646018" lon="2.419801">
        <ele>197.235</ele>
        <time>2024-12-13T07:27:16Z</time>
      </trkpt>
      <trkpt lat="41.646014" lon="2.419851">
        <ele>197.369</ele>
        <time>2024-12-13T07:27:20Z</time>
      </trkpt>
      <trkpt lat="41.646007" lon="2.419896">
        <ele>197.492</ele>
        <time>2024-12-13T07:27:24Z</time>
      </trkpt>
      <trkpt lat="41.646002" lon="2.419940">
        <ele>197.529</ele>
        <time>2024-12-13T07:27:27Z</time>
      </trkpt>
      <trkpt lat="41.645994" lon="2.419986">
        <ele>197.500</ele>
        <time>2024-12-13T07:27:31Z</time>
      </trkpt>
      <trkpt lat="41.645989" lon="2.420030">
        <ele>197.620</ele>
        <time>2024-12-13T07:27:34Z</time>
      </trkpt>
      <trkpt lat="41.645985" lon="2.420101">
        <ele>197.709</ele>
        <time>2024-12-13T07:27:40Z</time>
      </trkpt>
      <trkpt lat="41.645989" lon="2.420140">
        <ele>197.883</ele>
        <time>2024-12-13T07:27:43Z</time>
      </trkpt>
      <trkpt lat="41.645990" lon="2.420187">
        <ele>197.961</ele>
        <time>2024-12-13T07:27:47Z</time>
      </trkpt>
      <trkpt lat="41.645996" lon="2.420230">
        <ele>197.998</ele>
        <time>2024-12-13T07:27:50Z</time>
      </trkpt>
      <trkpt lat="41.646001" lon="2.420273">
        <ele>198.020</ele>
        <time>2024-12-13T07:27:53Z</time>
      </trkpt>
      <trkpt lat="41.646013" lon="2.420317">
        <ele>198.025</ele>
        <time>2024-12-13T07:27:57Z</time>
      </trkpt>
      <trkpt lat="41.646028" lon="2.420361">
        <ele>198.088</ele>
        <time>2024-12-13T07:28:01Z</time>
      </trkpt>
      <trkpt lat="41.646047" lon="2.420415">
        <ele>198.042</ele>
        <time>2024-12-13T07:28:07Z</time>
      </trkpt>
      <trkpt lat="41.646064" lon="2.420447">
        <ele>198.046</ele>
        <time>2024-12-13T07:28:10Z</time>
      </trkpt>
      <trkpt lat="41.646093" lon="2.420502">
        <ele>198.049</ele>
        <time>2024-12-13T07:28:16Z</time>
      </trkpt>
      <trkpt lat="41.646111" lon="2.420533">
        <ele>198.071</ele>
        <time>2024-12-13T07:28:20Z</time>
      </trkpt>
      <trkpt lat="41.646132" lon="2.420565">
        <ele>198.041</ele>
        <time>2024-12-13T07:28:23Z</time>
      </trkpt>
      <trkpt lat="41.646157" lon="2.420601">
        <ele>198.015</ele>
        <time>2024-12-13T07:28:28Z</time>
      </trkpt>
      <trkpt lat="41.646178" lon="2.420634">
        <ele>198.009</ele>
        <time>2024-12-13T07:28:31Z</time>
      </trkpt>
      <trkpt lat="41.646205" lon="2.420668">
        <ele>198.128</ele>
        <time>2024-12-13T07:28:36Z</time>
      </trkpt>
      <trkpt lat="41.646237" lon="2.420725">
        <ele>198.236</ele>
        <time>2024-12-13T07:28:42Z</time>
      </trkpt>
      <trkpt lat="41.646245" lon="2.420770">
        <ele>198.383</ele>
        <time>2024-12-13T07:28:45Z</time>
      </trkpt>
      <trkpt lat="41.646239" lon="2.420833">
        <ele>198.515</ele>
        <time>2024-12-13T07:28:53Z</time>
      </trkpt>
      <trkpt lat="41.646230" lon="2.420879">
        <ele>198.740</ele>
        <time>2024-12-13T07:28:56Z</time>
      </trkpt>
      <trkpt lat="41.646222" lon="2.420932">
        <ele>198.943</ele>
        <time>2024-12-13T07:29:00Z</time>
      </trkpt>
      <trkpt lat="41.646215" lon="2.420986">
        <ele>199.067</ele>
        <time>2024-12-13T07:29:04Z</time>
      </trkpt>
      <trkpt lat="41.646220" lon="2.421029">
        <ele>199.231</ele>
        <time>2024-12-13T07:29:08Z</time>
      </trkpt>
      <trkpt lat="41.646236" lon="2.421059">
        <ele>199.324</ele>
        <time>2024-12-13T07:29:11Z</time>
      </trkpt>
      <trkpt lat="41.646251" lon="2.421095">
        <ele>199.431</ele>
        <time>2024-12-13T07:29:15Z</time>
      </trkpt>
      <trkpt lat="41.646268" lon="2.421134">
        <ele>199.761</ele>
        <time>2024-12-13T07:29:19Z</time>
      </trkpt>
      <trkpt lat="41.646289" lon="2.421192">
        <ele>200.107</ele>
        <time>2024-12-13T07:29:25Z</time>
      </trkpt>
      <trkpt lat="41.646297" lon="2.421241">
        <ele>200.509</ele>
        <time>2024-12-13T07:29:29Z</time>
      </trkpt>
      <trkpt lat="41.646314" lon="2.421307">
        <ele>201.064</ele>
        <time>2024-12-13T07:29:38Z</time>
      </trkpt>
      <trkpt lat="41.646328" lon="2.421349">
        <ele>201.332</ele>
        <time>2024-12-13T07:29:42Z</time>
      </trkpt>
      <trkpt lat="41.646338" lon="2.421388">
        <ele>201.629</ele>
        <time>2024-12-13T07:29:46Z</time>
      </trkpt>
      <trkpt lat="41.646345" lon="2.421430">
        <ele>201.751</ele>
        <time>2024-12-13T07:29:54Z</time>
      </trkpt>
      <trkpt lat="41.646373" lon="2.421501">
        <ele>201.946</ele>
        <time>2024-12-13T07:30:00Z</time>
      </trkpt>
      <trkpt lat="41.646409" lon="2.421554">
        <ele>202.079</ele>
        <time>2024-12-13T07:30:04Z</time>
      </trkpt>
      <trkpt lat="41.646434" lon="2.421584">
        <ele>202.083</ele>
        <time>2024-12-13T07:30:09Z</time>
      </trkpt>
      <trkpt lat="41.646452" lon="2.421620">
        <ele>202.057</ele>
        <time>2024-12-13T07:30:13Z</time>
      </trkpt>
      <trkpt lat="41.646468" lon="2.421661">
        <ele>202.030</ele>
        <time>2024-12-13T07:30:16Z</time>
      </trkpt>
      <trkpt lat="41.646476" lon="2.421702">
        <ele>202.097</ele>
        <time>2024-12-13T07:30:19Z</time>
      </trkpt>
      <trkpt lat="41.646483" lon="2.421742">
        <ele>202.023</ele>
        <time>2024-12-13T07:30:22Z</time>
      </trkpt>
      <trkpt lat="41.646492" lon="2.421784">
        <ele>202.025</ele>
        <time>2024-12-13T07:30:25Z</time>
      </trkpt>
      <trkpt lat="41.646501" lon="2.421824">
        <ele>202.009</ele>
        <time>2024-12-13T07:30:28Z</time>
      </trkpt>
      <trkpt lat="41.646511" lon="2.421864">
        <ele>202.030</ele>
        <time>2024-12-13T07:30:32Z</time>
      </trkpt>
      <trkpt lat="41.646524" lon="2.421922">
        <ele>202.088</ele>
        <time>2024-12-13T07:30:36Z</time>
      </trkpt>
      <trkpt lat="41.646529" lon="2.421966">
        <ele>202.045</ele>
        <time>2024-12-13T07:30:39Z</time>
      </trkpt>
      <trkpt lat="41.646542" lon="2.422003">
        <ele>202.047</ele>
        <time>2024-12-13T07:30:42Z</time>
      </trkpt>
      <trkpt lat="41.646555" lon="2.422041">
        <ele>202.022</ele>
        <time>2024-12-13T07:30:45Z</time>
      </trkpt>
      <trkpt lat="41.646569" lon="2.422084">
        <ele>202.025</ele>
        <time>2024-12-13T07:30:48Z</time>
      </trkpt>
      <trkpt lat="41.646584" lon="2.422128">
        <ele>202.039</ele>
        <time>2024-12-13T07:30:51Z</time>
      </trkpt>
      <trkpt lat="41.646597" lon="2.422178">
        <ele>202.043</ele>
        <time>2024-12-13T07:30:55Z</time>
      </trkpt>
      <trkpt lat="41.646612" lon="2.422209">
        <ele>202.096</ele>
        <time>2024-12-13T07:30:59Z</time>
      </trkpt>
      <trkpt lat="41.646630" lon="2.422258">
        <ele>201.816</ele>
        <time>2024-12-13T07:31:03Z</time>
      </trkpt>
      <trkpt lat="41.646645" lon="2.422293">
        <ele>201.676</ele>
        <time>2024-12-13T07:31:06Z</time>
      </trkpt>
      <trkpt lat="41.646662" lon="2.422331">
        <ele>201.213</ele>
        <time>2024-12-13T07:31:09Z</time>
      </trkpt>
      <trkpt lat="41.646685" lon="2.422355">
        <ele>200.909</ele>
        <time>2024-12-13T07:31:11Z</time>
      </trkpt>
      <trkpt lat="41.646710" lon="2.422387">
        <ele>200.692</ele>
        <time>2024-12-13T07:31:14Z</time>
      </trkpt>
      <trkpt lat="41.646731" lon="2.422427">
        <ele>200.220</ele>
        <time>2024-12-13T07:31:18Z</time>
      </trkpt>
      <trkpt lat="41.646755" lon="2.422466">
        <ele>199.997</ele>
        <time>2024-12-13T07:31:21Z</time>
      </trkpt>
      <trkpt lat="41.646774" lon="2.422502">
        <ele>199.669</ele>
        <time>2024-12-13T07:31:24Z</time>
      </trkpt>
      <trkpt lat="41.646791" lon="2.422537">
        <ele>199.424</ele>
        <time>2024-12-13T07:31:27Z</time>
      </trkpt>
      <trkpt lat="41.646809" lon="2.422580">
        <ele>199.237</ele>
        <time>2024-12-13T07:31:31Z</time>
      </trkpt>
      <trkpt lat="41.646838" lon="2.422638">
        <ele>198.941</ele>
        <time>2024-12-13T07:31:35Z</time>
      </trkpt>
      <trkpt lat="41.646855" lon="2.422672">
        <ele>198.765</ele>
        <time>2024-12-13T07:31:38Z</time>
      </trkpt>
      <trkpt lat="41.646865" lon="2.422706">
        <ele>198.568</ele>
        <time>2024-12-13T07:31:41Z</time>
      </trkpt>
      <trkpt lat="41.646885" lon="2.422748">
        <ele>198.317</ele>
        <time>2024-12-13T07:31:45Z</time>
      </trkpt>
      <trkpt lat="41.646906" lon="2.422793">
        <ele>198.187</ele>
        <time>2024-12-13T07:31:48Z</time>
      </trkpt>
      <trkpt lat="41.646923" lon="2.422827">
        <ele>198.115</ele>
        <time>2024-12-13T07:31:52Z</time>
      </trkpt>
      <trkpt lat="41.646942" lon="2.422860">
        <ele>198.009</ele>
        <time>2024-12-13T07:31:55Z</time>
      </trkpt>
      <trkpt lat="41.646961" lon="2.422902">
        <ele>198.052</ele>
        <time>2024-12-13T07:31:58Z</time>
      </trkpt>
      <trkpt lat="41.646990" lon="2.422965">
        <ele>197.970</ele>
        <time>2024-12-13T07:32:03Z</time>
      </trkpt>
      <trkpt lat="41.647012" lon="2.423030">
        <ele>198.057</ele>
        <time>2024-12-13T07:32:09Z</time>
      </trkpt>
      <trkpt lat="41.647028" lon="2.423062">
        <ele>198.059</ele>
        <time>2024-12-13T07:32:13Z</time>
      </trkpt>
      <trkpt lat="41.647048" lon="2.423099">
        <ele>198.034</ele>
        <time>2024-12-13T07:32:17Z</time>
      </trkpt>
      <trkpt lat="41.647068" lon="2.423126">
        <ele>198.077</ele>
        <time>2024-12-13T07:32:19Z</time>
      </trkpt>
      <trkpt lat="41.647087" lon="2.423164">
        <ele>198.051</ele>
        <time>2024-12-13T07:32:23Z</time>
      </trkpt>
      <trkpt lat="41.647109" lon="2.423208">
        <ele>198.055</ele>
        <time>2024-12-13T07:32:27Z</time>
      </trkpt>
      <trkpt lat="41.647128" lon="2.423247">
        <ele>198.058</ele>
        <time>2024-12-13T07:32:30Z</time>
      </trkpt>
      <trkpt lat="41.647146" lon="2.423278">
        <ele>198.016</ele>
        <time>2024-12-13T07:32:33Z</time>
      </trkpt>
      <trkpt lat="41.647164" lon="2.423318">
        <ele>198.076</ele>
        <time>2024-12-13T07:32:37Z</time>
      </trkpt>
      <trkpt lat="41.647188" lon="2.423359">
        <ele>198.113</ele>
        <time>2024-12-13T07:32:41Z</time>
      </trkpt>
      <trkpt lat="41.647209" lon="2.423394">
        <ele>198.209</ele>
        <time>2024-12-13T07:32:45Z</time>
      </trkpt>
      <trkpt lat="41.647227" lon="2.423424">
        <ele>198.382</ele>
        <time>2024-12-13T07:32:48Z</time>
      </trkpt>
      <trkpt lat="41.647248" lon="2.423457">
        <ele>198.580</ele>
        <time>2024-12-13T07:32:52Z</time>
      </trkpt>
      <trkpt lat="41.647271" lon="2.423490">
        <ele>198.627</ele>
        <time>2024-12-13T07:32:55Z</time>
      </trkpt>
      <trkpt lat="41.647293" lon="2.423523">
        <ele>198.819</ele>
        <time>2024-12-13T07:32:59Z</time>
      </trkpt>
      <trkpt lat="41.647319" lon="2.423556">
        <ele>198.934</ele>
        <time>2024-12-13T07:33:02Z</time>
      </trkpt>
      <trkpt lat="41.647341" lon="2.423594">
        <ele>199.027</ele>
        <time>2024-12-13T07:33:06Z</time>
      </trkpt>
      <trkpt lat="41.647371" lon="2.423629">
        <ele>199.031</ele>
        <time>2024-12-13T07:33:10Z</time>
      </trkpt>
      <trkpt lat="41.647392" lon="2.423660">
        <ele>199.165</ele>
        <time>2024-12-13T07:33:14Z</time>
      </trkpt>
      <trkpt lat="41.647444" lon="2.423691">
        <ele>199.238</ele>
        <time>2024-12-13T07:33:19Z</time>
      </trkpt>
      <trkpt lat="41.647475" lon="2.423709">
        <ele>199.373</ele>
        <time>2024-12-13T07:33:23Z</time>
      </trkpt>
      <trkpt lat="41.647507" lon="2.423727">
        <ele>199.485</ele>
        <time>2024-12-13T07:33:26Z</time>
      </trkpt>
      <trkpt lat="41.647537" lon="2.423739">
        <ele>199.513</ele>
        <time>2024-12-13T07:33:30Z</time>
      </trkpt>
      <trkpt lat="41.647569" lon="2.423751">
        <ele>199.609</ele>
        <time>2024-12-13T07:33:33Z</time>
      </trkpt>
      <trkpt lat="41.647605" lon="2.423761">
        <ele>199.768</ele>
        <time>2024-12-13T07:33:37Z</time>
      </trkpt>
      <trkpt lat="41.647638" lon="2.423768">
        <ele>199.876</ele>
        <time>2024-12-13T07:33:41Z</time>
      </trkpt>
      <trkpt lat="41.647669" lon="2.423781">
        <ele>199.853</ele>
        <time>2024-12-13T07:33:44Z</time>
      </trkpt>
      <trkpt lat="41.647713" lon="2.423815">
        <ele>199.935</ele>
        <time>2024-12-13T07:33:49Z</time>
      </trkpt>
      <trkpt lat="41.647743" lon="2.423837">
        <ele>200.040</ele>
        <time>2024-12-13T07:33:52Z</time>
      </trkpt>
      <trkpt lat="41.647787" lon="2.423865">
        <ele>200.153</ele>
        <time>2024-12-13T07:33:57Z</time>
      </trkpt>
      <trkpt lat="41.647815" lon="2.423881">
        <ele>200.317</ele>
        <time>2024-12-13T07:34:00Z</time>
      </trkpt>
      <trkpt lat="41.647845" lon="2.423902">
        <ele>200.551</ele>
        <time>2024-12-13T07:34:04Z</time>
      </trkpt>
      <trkpt lat="41.647875" lon="2.423924">
        <ele>200.724</ele>
        <time>2024-12-13T07:34:08Z</time>
      </trkpt>
      <trkpt lat="41.647920" lon="2.423955">
        <ele>201.045</ele>
        <time>2024-12-13T07:34:13Z</time>
      </trkpt>
      <trkpt lat="41.647965" lon="2.423998">
        <ele>201.347</ele>
        <time>2024-12-13T07:34:19Z</time>
      </trkpt>
      <trkpt lat="41.647988" lon="2.424034">
        <ele>201.511</ele>
        <time>2024-12-13T07:34:22Z</time>
      </trkpt>
      <trkpt lat="41.648015" lon="2.424079">
        <ele>201.709</ele>
        <time>2024-12-13T07:34:27Z</time>
      </trkpt>
      <trkpt lat="41.648043" lon="2.424105">
        <ele>201.975</ele>
        <time>2024-12-13T07:34:30Z</time>
      </trkpt>
      <trkpt lat="41.648065" lon="2.424140">
        <ele>202.133</ele>
        <time>2024-12-13T07:34:33Z</time>
      </trkpt>
      <trkpt lat="41.648086" lon="2.424174">
        <ele>202.270</ele>
        <time>2024-12-13T07:34:36Z</time>
      </trkpt>
      <trkpt lat="41.648100" lon="2.424207">
        <ele>202.372</ele>
        <time>2024-12-13T07:34:39Z</time>
      </trkpt>
      <trkpt lat="41.648109" lon="2.424245">
        <ele>202.427</ele>
        <time>2024-12-13T07:34:42Z</time>
      </trkpt>
      <trkpt lat="41.648126" lon="2.424287">
        <ele>202.540</ele>
        <time>2024-12-13T07:34:45Z</time>
      </trkpt>
      <trkpt lat="41.648165" lon="2.424313">
        <ele>202.874</ele>
        <time>2024-12-13T07:34:49Z</time>
      </trkpt>
      <trkpt lat="41.648193" lon="2.424365">
        <ele>203.018</ele>
        <time>2024-12-13T07:34:54Z</time>
      </trkpt>
      <trkpt lat="41.648215" lon="2.424431">
        <ele>203.111</ele>
        <time>2024-12-13T07:34:59Z</time>
      </trkpt>
      <trkpt lat="41.648230" lon="2.424467">
        <ele>203.286</ele>
        <time>2024-12-13T07:35:03Z</time>
      </trkpt>
      <trkpt lat="41.648253" lon="2.424505">
        <ele>203.360</ele>
        <time>2024-12-13T07:35:06Z</time>
      </trkpt>
      <trkpt lat="41.648280" lon="2.424561">
        <ele>203.326</ele>
        <time>2024-12-13T07:35:11Z</time>
      </trkpt>
      <trkpt lat="41.648315" lon="2.424608">
        <ele>203.309</ele>
        <time>2024-12-13T07:35:16Z</time>
      </trkpt>
      <trkpt lat="41.648333" lon="2.424646">
        <ele>203.379</ele>
        <time>2024-12-13T07:35:19Z</time>
      </trkpt>
      <trkpt lat="41.648350" lon="2.424677">
        <ele>203.237</ele>
        <time>2024-12-13T07:35:22Z</time>
      </trkpt>
      <trkpt lat="41.648378" lon="2.424703">
        <ele>203.274</ele>
        <time>2024-12-13T07:35:25Z</time>
      </trkpt>
      <trkpt lat="41.648404" lon="2.424728">
        <ele>203.266</ele>
        <time>2024-12-13T07:35:28Z</time>
      </trkpt>
      <trkpt lat="41.648435" lon="2.424755">
        <ele>203.391</ele>
        <time>2024-12-13T07:35:32Z</time>
      </trkpt>
      <trkpt lat="41.648462" lon="2.424775">
        <ele>203.414</ele>
        <time>2024-12-13T07:35:36Z</time>
      </trkpt>
      <trkpt lat="41.648489" lon="2.424796">
        <ele>203.488</ele>
        <time>2024-12-13T07:35:39Z</time>
      </trkpt>
      <trkpt lat="41.648517" lon="2.424822">
        <ele>203.482</ele>
        <time>2024-12-13T07:35:43Z</time>
      </trkpt>
      <trkpt lat="41.648539" lon="2.424854">
        <ele>203.445</ele>
        <time>2024-12-13T07:35:46Z</time>
      </trkpt>
      <trkpt lat="41.648565" lon="2.424899">
        <ele>203.336</ele>
        <time>2024-12-13T07:35:50Z</time>
      </trkpt>
      <trkpt lat="41.648588" lon="2.424963">
        <ele>203.117</ele>
        <time>2024-12-13T07:35:55Z</time>
      </trkpt>
      <trkpt lat="41.648602" lon="2.424997">
        <ele>203.018</ele>
        <time>2024-12-13T07:35:58Z</time>
      </trkpt>
      <trkpt lat="41.648613" lon="2.425034">
        <ele>202.909</ele>
        <time>2024-12-13T07:36:01Z</time>
      </trkpt>
      <trkpt lat="41.648627" lon="2.425081">
        <ele>202.794</ele>
        <time>2024-12-13T07:36:04Z</time>
      </trkpt>
      <trkpt lat="41.648640" lon="2.425128">
        <ele>202.582</ele>
        <time>2024-12-13T07:36:08Z</time>
      </trkpt>
      <trkpt lat="41.648650" lon="2.425170">
        <ele>202.339</ele>
        <time>2024-12-13T07:36:11Z</time>
      </trkpt>
      <trkpt lat="41.648661" lon="2.425213">
        <ele>202.271</ele>
        <time>2024-12-13T07:36:15Z</time>
      </trkpt>
      <trkpt lat="41.648670" lon="2.425257">
        <ele>202.126</ele>
        <time>2024-12-13T07:36:18Z</time>
      </trkpt>
      <trkpt lat="41.648679" lon="2.425300">
        <ele>202.169</ele>
        <time>2024-12-13T07:36:22Z</time>
      </trkpt>
      <trkpt lat="41.648685" lon="2.425344">
        <ele>202.243</ele>
        <time>2024-12-13T07:36:25Z</time>
      </trkpt>
      <trkpt lat="41.648691" lon="2.425392">
        <ele>202.477</ele>
        <time>2024-12-13T07:36:28Z</time>
      </trkpt>
      <trkpt lat="41.648699" lon="2.425434">
        <ele>202.670</ele>
        <time>2024-12-13T07:36:31Z</time>
      </trkpt>
      <trkpt lat="41.648706" lon="2.425474">
        <ele>202.777</ele>
        <time>2024-12-13T07:36:34Z</time>
      </trkpt>
      <trkpt lat="41.648712" lon="2.425515">
        <ele>202.961</ele>
        <time>2024-12-13T07:36:37Z</time>
      </trkpt>
      <trkpt lat="41.648720" lon="2.425553">
        <ele>203.027</ele>
        <time>2024-12-13T07:36:40Z</time>
      </trkpt>
      <trkpt lat="41.648726" lon="2.425594">
        <ele>203.209</ele>
        <time>2024-12-13T07:36:44Z</time>
      </trkpt>
      <trkpt lat="41.648733" lon="2.425639">
        <ele>203.598</ele>
        <time>2024-12-13T07:36:47Z</time>
      </trkpt>
      <trkpt lat="41.648739" lon="2.425678">
        <ele>203.766</ele>
        <time>2024-12-13T07:36:51Z</time>
      </trkpt>
      <trkpt lat="41.648745" lon="2.425722">
        <ele>203.943</ele>
        <time>2024-12-13T07:36:54Z</time>
      </trkpt>
      <trkpt lat="41.648753" lon="2.425763">
        <ele>204.125</ele>
        <time>2024-12-13T07:36:57Z</time>
      </trkpt>
      <trkpt lat="41.648760" lon="2.425809">
        <ele>204.310</ele>
        <time>2024-12-13T07:37:00Z</time>
      </trkpt>
      <trkpt lat="41.648777" lon="2.425857">
        <ele>204.693</ele>
        <time>2024-12-13T07:37:05Z</time>
      </trkpt>
      <trkpt lat="41.648781" lon="2.425903">
        <ele>205.067</ele>
        <time>2024-12-13T07:37:08Z</time>
      </trkpt>
      <trkpt lat="41.648788" lon="2.425941">
        <ele>205.481</ele>
        <time>2024-12-13T07:37:11Z</time>
      </trkpt>
      <trkpt lat="41.648793" lon="2.425978">
        <ele>205.794</ele>
        <time>2024-12-13T07:37:13Z</time>
      </trkpt>
      <trkpt lat="41.648800" lon="2.426019">
        <ele>206.192</ele>
        <time>2024-12-13T07:37:16Z</time>
      </trkpt>
      <trkpt lat="41.648817" lon="2.426084">
        <ele>206.773</ele>
        <time>2024-12-13T07:37:21Z</time>
      </trkpt>
      <trkpt lat="41.648837" lon="2.426118">
        <ele>207.120</ele>
        <time>2024-12-13T07:37:25Z</time>
      </trkpt>
      <trkpt lat="41.648861" lon="2.426141">
        <ele>207.209</ele>
        <time>2024-12-13T07:37:27Z</time>
      </trkpt>
      <trkpt lat="41.648893" lon="2.426158">
        <ele>207.310</ele>
        <time>2024-12-13T07:37:31Z</time>
      </trkpt>
      <trkpt lat="41.648920" lon="2.426173">
        <ele>207.368</ele>
        <time>2024-12-13T07:37:34Z</time>
      </trkpt>
      <trkpt lat="41.648955" lon="2.426185">
        <ele>207.375</ele>
        <time>2024-12-13T07:37:38Z</time>
      </trkpt>
      <trkpt lat="41.648986" lon="2.426190">
        <ele>207.247</ele>
        <time>2024-12-13T07:37:41Z</time>
      </trkpt>
      <trkpt lat="41.649038" lon="2.426214">
        <ele>207.262</ele>
        <time>2024-12-13T07:37:46Z</time>
      </trkpt>
      <trkpt lat="41.649071" lon="2.426227">
        <ele>207.245</ele>
        <time>2024-12-13T07:37:50Z</time>
      </trkpt>
      <trkpt lat="41.649102" lon="2.426238">
        <ele>207.159</ele>
        <time>2024-12-13T07:37:53Z</time>
      </trkpt>
      <trkpt lat="41.649131" lon="2.426263">
        <ele>207.273</ele>
        <time>2024-12-13T07:37:56Z</time>
      </trkpt>
      <trkpt lat="41.649172" lon="2.426304">
        <ele>207.336</ele>
        <time>2024-12-13T07:38:01Z</time>
      </trkpt>
      <trkpt lat="41.649193" lon="2.426333">
        <ele>207.366</ele>
        <time>2024-12-13T07:38:04Z</time>
      </trkpt>
      <trkpt lat="41.649216" lon="2.426366">
        <ele>207.229</ele>
        <time>2024-12-13T07:38:16Z</time>
      </trkpt>
      <trkpt lat="41.649239" lon="2.426413">
        <ele>207.121</ele>
        <time>2024-12-13T07:38:20Z</time>
      </trkpt>
      <trkpt lat="41.649253" lon="2.426459">
        <ele>207.109</ele>
        <time>2024-12-13T07:38:24Z</time>
      </trkpt>
      <trkpt lat="41.649270" lon="2.426492">
        <ele>207.047</ele>
        <time>2024-12-13T07:38:27Z</time>
      </trkpt>
      <trkpt lat="41.649280" lon="2.426540">
        <ele>207.055</ele>
        <time>2024-12-13T07:38:31Z</time>
      </trkpt>
      <trkpt lat="41.649286" lon="2.426583">
        <ele>207.182</ele>
        <time>2024-12-13T07:38:36Z</time>
      </trkpt>
      <trkpt lat="41.649290" lon="2.426626">
        <ele>207.254</ele>
        <time>2024-12-13T07:38:40Z</time>
      </trkpt>
      <trkpt lat="41.649299" lon="2.426668">
        <ele>207.199</ele>
        <time>2024-12-13T07:38:43Z</time>
      </trkpt>
      <trkpt lat="41.649306" lon="2.426708">
        <ele>207.162</ele>
        <time>2024-12-13T07:38:46Z</time>
      </trkpt>
      <trkpt lat="41.649314" lon="2.426750">
        <ele>207.146</ele>
        <time>2024-12-13T07:38:49Z</time>
      </trkpt>
      <trkpt lat="41.649320" lon="2.426796">
        <ele>207.160</ele>
        <time>2024-12-13T07:38:54Z</time>
      </trkpt>
      <trkpt lat="41.649326" lon="2.426855">
        <ele>207.123</ele>
        <time>2024-12-13T07:38:58Z</time>
      </trkpt>
      <trkpt lat="41.649337" lon="2.426933">
        <ele>207.196</ele>
        <time>2024-12-13T07:39:03Z</time>
      </trkpt>
      <trkpt lat="41.649342" lon="2.426999">
        <ele>207.531</ele>
        <time>2024-12-13T07:39:08Z</time>
      </trkpt>
      <trkpt lat="41.649353" lon="2.427043">
        <ele>207.624</ele>
        <time>2024-12-13T07:39:11Z</time>
      </trkpt>
      <trkpt lat="41.649361" lon="2.427087">
        <ele>207.809</ele>
        <time>2024-12-13T07:39:14Z</time>
      </trkpt>
      <trkpt lat="41.649369" lon="2.427131">
        <ele>208.070</ele>
        <time>2024-12-13T07:39:17Z</time>
      </trkpt>
      <trkpt lat="41.649380" lon="2.427203">
        <ele>208.458</ele>
        <time>2024-12-13T07:39:22Z</time>
      </trkpt>
      <trkpt lat="41.649387" lon="2.427253">
        <ele>208.875</ele>
        <time>2024-12-13T07:39:26Z</time>
      </trkpt>
      <trkpt lat="41.649398" lon="2.427319">
        <ele>209.217</ele>
        <time>2024-12-13T07:39:31Z</time>
      </trkpt>
      <trkpt lat="41.649405" lon="2.427361">
        <ele>209.422</ele>
        <time>2024-12-13T07:39:34Z</time>
      </trkpt>
      <trkpt lat="41.649410" lon="2.427404">
        <ele>209.835</ele>
        <time>2024-12-13T07:39:37Z</time>
      </trkpt>
      <trkpt lat="41.649414" lon="2.427448">
        <ele>210.149</ele>
        <time>2024-12-13T07:39:40Z</time>
      </trkpt>
      <trkpt lat="41.649419" lon="2.427493">
        <ele>210.533</ele>
        <time>2024-12-13T07:39:44Z</time>
      </trkpt>
      <trkpt lat="41.649422" lon="2.427534">
        <ele>210.886</ele>
        <time>2024-12-13T07:39:46Z</time>
      </trkpt>
      <trkpt lat="41.649425" lon="2.427579">
        <ele>211.296</ele>
        <time>2024-12-13T07:39:50Z</time>
      </trkpt>
      <trkpt lat="41.649428" lon="2.427624">
        <ele>211.631</ele>
        <time>2024-12-13T07:39:53Z</time>
      </trkpt>
      <trkpt lat="41.649432" lon="2.427665">
        <ele>212.024</ele>
        <time>2024-12-13T07:39:57Z</time>
      </trkpt>
      <trkpt lat="41.649433" lon="2.427708">
        <ele>212.409</ele>
        <time>2024-12-13T07:40:00Z</time>
      </trkpt>
      <trkpt lat="41.649433" lon="2.427753">
        <ele>212.910</ele>
        <time>2024-12-13T07:40:04Z</time>
      </trkpt>
      <trkpt lat="41.649433" lon="2.427800">
        <ele>213.288</ele>
        <time>2024-12-13T07:40:08Z</time>
      </trkpt>
      <trkpt lat="41.649434" lon="2.427869">
        <ele>213.145</ele>
        <time>2024-12-13T07:40:12Z</time>
      </trkpt>
      <trkpt lat="41.649432" lon="2.427912">
        <ele>213.247</ele>
        <time>2024-12-13T07:40:15Z</time>
      </trkpt>
      <trkpt lat="41.649434" lon="2.427981">
        <ele>213.142</ele>
        <time>2024-12-13T07:40:20Z</time>
      </trkpt>
      <trkpt lat="41.649430" lon="2.428025">
        <ele>213.245</ele>
        <time>2024-12-13T07:40:23Z</time>
      </trkpt>
      <trkpt lat="41.649424" lon="2.428071">
        <ele>213.139</ele>
        <time>2024-12-13T07:40:27Z</time>
      </trkpt>
      <trkpt lat="41.649419" lon="2.428112">
        <ele>212.913</ele>
        <time>2024-12-13T07:40:29Z</time>
      </trkpt>
      <trkpt lat="41.649416" lon="2.428155">
        <ele>212.686</ele>
        <time>2024-12-13T07:40:33Z</time>
      </trkpt>
      <trkpt lat="41.649412" lon="2.428198">
        <ele>212.383</ele>
        <time>2024-12-13T07:40:36Z</time>
      </trkpt>
      <trkpt lat="41.649409" lon="2.428240">
        <ele>212.125</ele>
        <time>2024-12-13T07:40:40Z</time>
      </trkpt>
      <trkpt lat="41.649405" lon="2.428287">
        <ele>211.817</ele>
        <time>2024-12-13T07:40:44Z</time>
      </trkpt>
      <trkpt lat="41.649401" lon="2.428331">
        <ele>211.509</ele>
        <time>2024-12-13T07:40:47Z</time>
      </trkpt>
      <trkpt lat="41.649400" lon="2.428376">
        <ele>211.279</ele>
        <time>2024-12-13T07:40:51Z</time>
      </trkpt>
      <trkpt lat="41.649396" lon="2.428416">
        <ele>210.917</ele>
        <time>2024-12-13T07:40:54Z</time>
      </trkpt>
      <trkpt lat="41.649392" lon="2.428461">
        <ele>210.694</ele>
        <time>2024-12-13T07:40:57Z</time>
      </trkpt>
      <trkpt lat="41.649390" lon="2.428508">
        <ele>210.396</ele>
        <time>2024-12-13T07:41:01Z</time>
      </trkpt>
      <trkpt lat="41.649387" lon="2.428549">
        <ele>210.141</ele>
        <time>2024-12-13T07:41:04Z</time>
      </trkpt>
      <trkpt lat="41.649382" lon="2.428588">
        <ele>209.854</ele>
        <time>2024-12-13T07:41:07Z</time>
      </trkpt>
      <trkpt lat="41.649376" lon="2.428632">
        <ele>209.758</ele>
        <time>2024-12-13T07:41:10Z</time>
      </trkpt>
      <trkpt lat="41.649371" lon="2.428679">
        <ele>209.782</ele>
        <time>2024-12-13T07:41:15Z</time>
      </trkpt>
      <trkpt lat="41.649368" lon="2.428725">
        <ele>209.795</ele>
        <time>2024-12-13T07:41:18Z</time>
      </trkpt>
      <trkpt lat="41.649366" lon="2.428769">
        <ele>209.727</ele>
        <time>2024-12-13T07:41:22Z</time>
      </trkpt>
      <trkpt lat="41.649364" lon="2.428814">
        <ele>209.768</ele>
        <time>2024-12-13T07:41:26Z</time>
      </trkpt>
      <trkpt lat="41.649359" lon="2.428860">
        <ele>209.614</ele>
        <time>2024-12-13T07:41:29Z</time>
      </trkpt>
      <trkpt lat="41.649356" lon="2.428899">
        <ele>209.609</ele>
        <time>2024-12-13T07:41:32Z</time>
      </trkpt>
      <trkpt lat="41.649354" lon="2.428943">
        <ele>209.793</ele>
        <time>2024-12-13T07:41:35Z</time>
      </trkpt>
      <trkpt lat="41.649350" lon="2.428988">
        <ele>209.791</ele>
        <time>2024-12-13T07:41:38Z</time>
      </trkpt>
      <trkpt lat="41.649342" lon="2.429034">
        <ele>209.748</ele>
        <time>2024-12-13T07:41:42Z</time>
      </trkpt>
      <trkpt lat="41.649335" lon="2.429071">
        <ele>209.860</ele>
        <time>2024-12-13T07:41:44Z</time>
      </trkpt>
      <trkpt lat="41.649326" lon="2.429112">
        <ele>209.945</ele>
        <time>2024-12-13T07:41:48Z</time>
      </trkpt>
      <trkpt lat="41.649310" lon="2.429161">
        <ele>210.058</ele>
        <time>2024-12-13T07:41:52Z</time>
      </trkpt>
      <trkpt lat="41.649303" lon="2.429197">
        <ele>210.082</ele>
        <time>2024-12-13T07:41:54Z</time>
      </trkpt>
      <trkpt lat="41.649291" lon="2.429237">
        <ele>210.116</ele>
        <time>2024-12-13T07:41:57Z</time>
      </trkpt>
      <trkpt lat="41.649274" lon="2.429277">
        <ele>210.269</ele>
        <time>2024-12-13T07:42:01Z</time>
      </trkpt>
      <trkpt lat="41.649253" lon="2.429317">
        <ele>210.447</ele>
        <time>2024-12-13T07:42:04Z</time>
      </trkpt>
      <trkpt lat="41.649233" lon="2.429354">
        <ele>210.529</ele>
        <time>2024-12-13T07:42:07Z</time>
      </trkpt>
      <trkpt lat="41.649213" lon="2.429386">
        <ele>210.721</ele>
        <time>2024-12-13T07:42:10Z</time>
      </trkpt>
      <trkpt lat="41.649189" lon="2.429416">
        <ele>210.809</ele>
        <time>2024-12-13T07:42:13Z</time>
      </trkpt>
      <trkpt lat="41.649162" lon="2.429444">
        <ele>211.025</ele>
        <time>2024-12-13T07:42:17Z</time>
      </trkpt>
      <trkpt lat="41.649132" lon="2.429471">
        <ele>211.343</ele>
        <time>2024-12-13T07:42:20Z</time>
      </trkpt>
      <trkpt lat="41.649107" lon="2.429490">
        <ele>211.430</ele>
        <time>2024-12-13T07:42:23Z</time>
      </trkpt>
      <trkpt lat="41.649079" lon="2.429509">
        <ele>211.652</ele>
        <time>2024-12-13T07:42:26Z</time>
      </trkpt>
      <trkpt lat="41.649051" lon="2.429528">
        <ele>211.867</ele>
        <time>2024-12-13T07:42:29Z</time>
      </trkpt>
      <trkpt lat="41.649020" lon="2.429544">
        <ele>212.130</ele>
        <time>2024-12-13T07:42:32Z</time>
      </trkpt>
      <trkpt lat="41.648990" lon="2.429559">
        <ele>212.394</ele>
        <time>2024-12-13T07:42:35Z</time>
      </trkpt>
      <trkpt lat="41.648937" lon="2.429577">
        <ele>212.718</ele>
        <time>2024-12-13T07:42:41Z</time>
      </trkpt>
      <trkpt lat="41.648906" lon="2.429588">
        <ele>212.961</ele>
        <time>2024-12-13T07:42:44Z</time>
      </trkpt>
      <trkpt lat="41.648879" lon="2.429601">
        <ele>212.982</ele>
        <time>2024-12-13T07:42:49Z</time>
      </trkpt>
      <trkpt lat="41.648859" lon="2.429636">
        <ele>212.943</ele>
        <time>2024-12-13T07:42:52Z</time>
      </trkpt>
      <trkpt lat="41.648842" lon="2.429701">
        <ele>212.817</ele>
        <time>2024-12-13T07:42:58Z</time>
      </trkpt>
      <trkpt lat="41.648831" lon="2.429743">
        <ele>212.909</ele>
        <time>2024-12-13T07:43:01Z</time>
      </trkpt>
      <trkpt lat="41.648823" lon="2.429783">
        <ele>213.059</ele>
        <time>2024-12-13T07:43:04Z</time>
      </trkpt>
      <trkpt lat="41.648814" lon="2.429849">
        <ele>213.217</ele>
        <time>2024-12-13T07:43:08Z</time>
      </trkpt>
      <trkpt lat="41.648806" lon="2.429892">
        <ele>213.384</ele>
        <time>2024-12-13T07:43:12Z</time>
      </trkpt>
      <trkpt lat="41.648800" lon="2.429933">
        <ele>213.496</ele>
        <time>2024-12-13T07:43:16Z</time>
      </trkpt>
      <trkpt lat="41.648796" lon="2.429984">
        <ele>213.661</ele>
        <time>2024-12-13T07:43:19Z</time>
      </trkpt>
      <trkpt lat="41.648791" lon="2.430030">
        <ele>213.654</ele>
        <time>2024-12-13T07:43:23Z</time>
      </trkpt>
      <trkpt lat="41.648786" lon="2.430074">
        <ele>213.518</ele>
        <time>2024-12-13T07:43:28Z</time>
      </trkpt>
      <trkpt lat="41.648784" lon="2.430110">
        <ele>213.592</ele>
        <time>2024-12-13T07:43:31Z</time>
      </trkpt>
      <trkpt lat="41.648786" lon="2.430155">
        <ele>213.435</ele>
        <time>2024-12-13T07:43:34Z</time>
      </trkpt>
      <trkpt lat="41.648792" lon="2.430194">
        <ele>213.483</ele>
        <time>2024-12-13T07:43:37Z</time>
      </trkpt>
      <trkpt lat="41.648805" lon="2.430235">
        <ele>213.425</ele>
        <time>2024-12-13T07:43:42Z</time>
      </trkpt>
      <trkpt lat="41.648813" lon="2.430302">
        <ele>213.317</ele>
        <time>2024-12-13T07:43:47Z</time>
      </trkpt>
      <trkpt lat="41.648828" lon="2.430375">
        <ele>212.909</ele>
        <time>2024-12-13T07:43:52Z</time>
      </trkpt>
      <trkpt lat="41.648833" lon="2.430424">
        <ele>212.789</ele>
        <time>2024-12-13T07:43:56Z</time>
      </trkpt>
      <trkpt lat="41.648838" lon="2.430471">
        <ele>212.477</ele>
        <time>2024-12-13T07:44:00Z</time>
      </trkpt>
      <trkpt lat="41.648842" lon="2.430513">
        <ele>212.174</ele>
        <time>2024-12-13T07:44:03Z</time>
      </trkpt>
      <trkpt lat="41.648849" lon="2.430555">
        <ele>211.976</ele>
        <time>2024-12-13T07:44:06Z</time>
      </trkpt>
      <trkpt lat="41.648856" lon="2.430592">
        <ele>211.411</ele>
        <time>2024-12-13T07:44:08Z</time>
      </trkpt>
      <trkpt lat="41.648864" lon="2.430634">
        <ele>210.864</ele>
        <time>2024-12-13T07:44:11Z</time>
      </trkpt>
      <trkpt lat="41.648867" lon="2.430707">
        <ele>209.868</ele>
        <time>2024-12-13T07:44:16Z</time>
      </trkpt>
      <trkpt lat="41.648875" lon="2.430744">
        <ele>209.362</ele>
        <time>2024-12-13T07:44:19Z</time>
      </trkpt>
      <trkpt lat="41.648886" lon="2.430783">
        <ele>208.715</ele>
        <time>2024-12-13T07:44:22Z</time>
      </trkpt>
      <trkpt lat="41.648900" lon="2.430822">
        <ele>208.239</ele>
        <time>2024-12-13T07:44:24Z</time>
      </trkpt>
      <trkpt lat="41.648918" lon="2.430875">
        <ele>207.801</ele>
        <time>2024-12-13T07:44:28Z</time>
      </trkpt>
      <trkpt lat="41.648938" lon="2.430930">
        <ele>207.521</ele>
        <time>2024-12-13T07:44:33Z</time>
      </trkpt>
      <trkpt lat="41.648963" lon="2.430961">
        <ele>207.309</ele>
        <time>2024-12-13T07:44:36Z</time>
      </trkpt>
      <trkpt lat="41.648976" lon="2.430994">
        <ele>207.124</ele>
        <time>2024-12-13T07:44:38Z</time>
      </trkpt>
      <trkpt lat="41.648999" lon="2.431034">
        <ele>206.752</ele>
        <time>2024-12-13T07:44:42Z</time>
      </trkpt>
      <trkpt lat="41.649020" lon="2.431073">
        <ele>206.339</ele>
        <time>2024-12-13T07:44:45Z</time>
      </trkpt>
      <trkpt lat="41.649047" lon="2.431130">
        <ele>205.981</ele>
        <time>2024-12-13T07:44:51Z</time>
      </trkpt>
      <trkpt lat="41.649063" lon="2.431176">
        <ele>205.946</ele>
        <time>2024-12-13T07:44:54Z</time>
      </trkpt>
      <trkpt lat="41.649074" lon="2.431225">
        <ele>205.939</ele>
        <time>2024-12-13T07:44:58Z</time>
      </trkpt>
      <trkpt lat="41.649084" lon="2.431271">
        <ele>206.063</ele>
        <time>2024-12-13T07:45:02Z</time>
      </trkpt>
      <trkpt lat="41.649090" lon="2.431314">
        <ele>206.197</ele>
        <time>2024-12-13T07:45:05Z</time>
      </trkpt>
      <trkpt lat="41.649095" lon="2.431355">
        <ele>206.210</ele>
        <time>2024-12-13T07:45:08Z</time>
      </trkpt>
      <trkpt lat="41.649099" lon="2.431402">
        <ele>206.371</ele>
        <time>2024-12-13T07:45:11Z</time>
      </trkpt>
      <trkpt lat="41.649107" lon="2.431470">
        <ele>206.341</ele>
        <time>2024-12-13T07:45:16Z</time>
      </trkpt>
      <trkpt lat="41.649115" lon="2.431511">
        <ele>206.315</ele>
        <time>2024-12-13T07:45:20Z</time>
      </trkpt>
      <trkpt lat="41.649125" lon="2.431550">
        <ele>206.209</ele>
        <time>2024-12-13T07:45:23Z</time>
      </trkpt>
      <trkpt lat="41.649134" lon="2.431596">
        <ele>206.238</ele>
        <time>2024-12-13T07:45:27Z</time>
      </trkpt>
      <trkpt lat="41.649146" lon="2.431640">
        <ele>206.176</ele>
        <time>2024-12-13T07:45:30Z</time>
      </trkpt>
      <trkpt lat="41.649162" lon="2.431708">
        <ele>206.253</ele>
        <time>2024-12-13T07:45:35Z</time>
      </trkpt>
      <trkpt lat="41.649187" lon="2.431787">
        <ele>206.485</ele>
        <time>2024-12-13T07:45:42Z</time>
      </trkpt>
      <trkpt lat="41.649199" lon="2.431822">
        <ele>206.660</ele>
        <time>2024-12-13T07:45:45Z</time>
      </trkpt>
      <trkpt lat="41.649213" lon="2.431861">
        <ele>206.743</ele>
        <time>2024-12-13T07:45:49Z</time>
      </trkpt>
      <trkpt lat="41.649232" lon="2.431897">
        <ele>206.887</ele>
        <time>2024-12-13T07:45:52Z</time>
      </trkpt>
      <trkpt lat="41.649253" lon="2.431957">
        <ele>207.021</ele>
        <time>2024-12-13T07:45:58Z</time>
      </trkpt>
      <trkpt lat="41.649268" lon="2.431994">
        <ele>207.144</ele>
        <time>2024-12-13T07:46:01Z</time>
      </trkpt>
      <trkpt lat="41.649283" lon="2.432031">
        <ele>207.281</ele>
        <time>2024-12-13T07:46:04Z</time>
      </trkpt>
      <trkpt lat="41.649299" lon="2.432075">
        <ele>207.261</ele>
        <time>2024-12-13T07:46:07Z</time>
      </trkpt>
      <trkpt lat="41.649329" lon="2.432136">
        <ele>207.317</ele>
        <time>2024-12-13T07:46:12Z</time>
      </trkpt>
      <trkpt lat="41.649348" lon="2.432175">
        <ele>207.309</ele>
        <time>2024-12-13T07:46:16Z</time>
      </trkpt>
      <trkpt lat="41.649363" lon="2.432213">
        <ele>207.369</ele>
        <time>2024-12-13T07:46:20Z</time>
      </trkpt>
      <trkpt lat="41.649378" lon="2.432246">
        <ele>207.247</ele>
        <time>2024-12-13T07:46:23Z</time>
      </trkpt>
      <trkpt lat="41.649399" lon="2.432303">
        <ele>207.194</ele>
        <time>2024-12-13T07:46:28Z</time>
      </trkpt>
      <trkpt lat="41.649412" lon="2.432337">
        <ele>207.136</ele>
        <time>2024-12-13T07:46:30Z</time>
      </trkpt>
      <trkpt lat="41.649431" lon="2.432374">
        <ele>207.091</ele>
        <time>2024-12-13T07:46:34Z</time>
      </trkpt>
      <trkpt lat="41.649453" lon="2.432405">
        <ele>207.054</ele>
        <time>2024-12-13T07:46:37Z</time>
      </trkpt>
      <trkpt lat="41.649470" lon="2.432441">
        <ele>207.078</ele>
        <time>2024-12-13T07:46:40Z</time>
      </trkpt>
      <trkpt lat="41.649492" lon="2.432473">
        <ele>207.012</ele>
        <time>2024-12-13T07:46:43Z</time>
      </trkpt>
      <trkpt lat="41.649510" lon="2.432512">
        <ele>207.025</ele>
        <time>2024-12-13T07:46:47Z</time>
      </trkpt>
      <trkpt lat="41.649529" lon="2.432554">
        <ele>206.887</ele>
        <time>2024-12-13T07:46:50Z</time>
      </trkpt>
      <trkpt lat="41.649553" lon="2.432594">
        <ele>206.742</ele>
        <time>2024-12-13T07:46:54Z</time>
      </trkpt>
      <trkpt lat="41.649574" lon="2.432627">
        <ele>206.526</ele>
        <time>2024-12-13T07:46:57Z</time>
      </trkpt>
      <trkpt lat="41.649594" lon="2.432664">
        <ele>206.409</ele>
        <time>2024-12-13T07:47:00Z</time>
      </trkpt>
      <trkpt lat="41.649614" lon="2.432704">
        <ele>206.319</ele>
        <time>2024-12-13T07:47:04Z</time>
      </trkpt>
      <trkpt lat="41.649656" lon="2.432754">
        <ele>206.117</ele>
        <time>2024-12-13T07:47:10Z</time>
      </trkpt>
      <trkpt lat="41.649674" lon="2.432782">
        <ele>206.034</ele>
        <time>2024-12-13T07:47:12Z</time>
      </trkpt>
      <trkpt lat="41.649697" lon="2.432806">
        <ele>206.066</ele>
        <time>2024-12-13T07:47:15Z</time>
      </trkpt>
      <trkpt lat="41.649732" lon="2.432855">
        <ele>206.061</ele>
        <time>2024-12-13T07:47:20Z</time>
      </trkpt>
      <trkpt lat="41.649757" lon="2.432892">
        <ele>206.124</ele>
        <time>2024-12-13T07:47:23Z</time>
      </trkpt>
      <trkpt lat="41.649779" lon="2.432923">
        <ele>206.268</ele>
        <time>2024-12-13T07:47:27Z</time>
      </trkpt>
      <trkpt lat="41.649797" lon="2.432953">
        <ele>206.362</ele>
        <time>2024-12-13T07:47:30Z</time>
      </trkpt>
      <trkpt lat="41.649814" lon="2.432990">
        <ele>206.335</ele>
        <time>2024-12-13T07:47:33Z</time>
      </trkpt>
      <trkpt lat="41.649837" lon="2.433026">
        <ele>206.488</ele>
        <time>2024-12-13T07:47:37Z</time>
      </trkpt>
      <trkpt lat="41.649873" lon="2.433083">
        <ele>206.624</ele>
        <time>2024-12-13T07:47:42Z</time>
      </trkpt>
      <trkpt lat="41.649891" lon="2.433118">
        <ele>206.726</ele>
        <time>2024-12-13T07:47:45Z</time>
      </trkpt>
      <trkpt lat="41.649909" lon="2.433151">
        <ele>206.809</ele>
        <time>2024-12-13T07:47:48Z</time>
      </trkpt>
      <trkpt lat="41.649929" lon="2.433187">
        <ele>206.959</ele>
        <time>2024-12-13T07:47:51Z</time>
      </trkpt>
      <trkpt lat="41.649948" lon="2.433231">
        <ele>206.937</ele>
        <time>2024-12-13T07:47:55Z</time>
      </trkpt>
      <trkpt lat="41.649971" lon="2.433273">
        <ele>207.084</ele>
        <time>2024-12-13T07:47:59Z</time>
      </trkpt>
      <trkpt lat="41.649998" lon="2.433330">
        <ele>207.076</ele>
        <time>2024-12-13T07:48:04Z</time>
      </trkpt>
      <trkpt lat="41.650017" lon="2.433366">
        <ele>207.261</ele>
        <time>2024-12-13T07:48:07Z</time>
      </trkpt>
      <trkpt lat="41.650035" lon="2.433406">
        <ele>207.524</ele>
        <time>2024-12-13T07:48:11Z</time>
      </trkpt>
      <trkpt lat="41.650055" lon="2.433445">
        <ele>207.798</ele>
        <time>2024-12-13T07:48:14Z</time>
      </trkpt>
      <trkpt lat="41.650076" lon="2.433484">
        <ele>207.932</ele>
        <time>2024-12-13T07:48:18Z</time>
      </trkpt>
      <trkpt lat="41.650106" lon="2.433534">
        <ele>208.275</ele>
        <time>2024-12-13T07:48:22Z</time>
      </trkpt>
      <trkpt lat="41.650122" lon="2.433576">
        <ele>208.427</ele>
        <time>2024-12-13T07:48:26Z</time>
      </trkpt>
      <trkpt lat="41.650145" lon="2.433640">
        <ele>208.568</ele>
        <time>2024-12-13T07:48:31Z</time>
      </trkpt>
      <trkpt lat="41.650159" lon="2.433677">
        <ele>208.614</ele>
        <time>2024-12-13T07:48:34Z</time>
      </trkpt>
      <trkpt lat="41.650174" lon="2.433716">
        <ele>208.609</ele>
        <time>2024-12-13T07:48:38Z</time>
      </trkpt>
      <trkpt lat="41.650201" lon="2.433769">
        <ele>208.773</ele>
        <time>2024-12-13T07:48:43Z</time>
      </trkpt>
      <trkpt lat="41.650222" lon="2.433802">
        <ele>208.811</ele>
        <time>2024-12-13T07:48:47Z</time>
      </trkpt>
      <trkpt lat="41.650247" lon="2.433838">
        <ele>208.978</ele>
        <time>2024-12-13T07:48:50Z</time>
      </trkpt>
      <trkpt lat="41.650269" lon="2.433872">
        <ele>209.030</ele>
        <time>2024-12-13T07:48:54Z</time>
      </trkpt>
      <trkpt lat="41.650292" lon="2.433904">
        <ele>209.155</ele>
        <time>2024-12-13T07:48:57Z</time>
      </trkpt>
      <trkpt lat="41.650320" lon="2.433933">
        <ele>209.218</ele>
        <time>2024-12-13T07:49:00Z</time>
      </trkpt>
      <trkpt lat="41.650340" lon="2.433966">
        <ele>209.272</ele>
        <time>2024-12-13T07:49:04Z</time>
      </trkpt>
      <trkpt lat="41.650365" lon="2.433991">
        <ele>209.376</ele>
        <time>2024-12-13T07:49:08Z</time>
      </trkpt>
      <trkpt lat="41.650409" lon="2.434032">
        <ele>209.589</ele>
        <time>2024-12-13T07:49:15Z</time>
      </trkpt>
      <trkpt lat="41.650448" lon="2.434074">
        <ele>209.661</ele>
        <time>2024-12-13T07:49:21Z</time>
      </trkpt>
      <trkpt lat="41.650481" lon="2.434132">
        <ele>209.721</ele>
        <time>2024-12-13T07:49:28Z</time>
      </trkpt>
      <trkpt lat="41.650499" lon="2.434162">
        <ele>209.813</ele>
        <time>2024-12-13T07:49:32Z</time>
      </trkpt>
      <trkpt lat="41.650519" lon="2.434189">
        <ele>209.909</ele>
        <time>2024-12-13T07:49:36Z</time>
      </trkpt>
      <trkpt lat="41.650538" lon="2.434225">
        <ele>209.977</ele>
        <time>2024-12-13T07:49:40Z</time>
      </trkpt>
      <trkpt lat="41.650555" lon="2.434258">
        <ele>210.025</ele>
        <time>2024-12-13T07:49:44Z</time>
      </trkpt>
      <trkpt lat="41.650575" lon="2.434292">
        <ele>210.152</ele>
        <time>2024-12-13T07:49:49Z</time>
      </trkpt>
      <trkpt lat="41.650591" lon="2.434327">
        <ele>210.114</ele>
        <time>2024-12-13T07:49:52Z</time>
      </trkpt>
      <trkpt lat="41.650606" lon="2.434367">
        <ele>210.269</ele>
        <time>2024-12-13T07:49:56Z</time>
      </trkpt>
      <trkpt lat="41.650628" lon="2.434402">
        <ele>210.372</ele>
        <time>2024-12-13T07:49:59Z</time>
      </trkpt>
      <trkpt lat="41.650647" lon="2.434439">
        <ele>210.346</ele>
        <time>2024-12-13T07:50:02Z</time>
      </trkpt>
      <trkpt lat="41.650665" lon="2.434499">
        <ele>210.720</ele>
        <time>2024-12-13T07:50:07Z</time>
      </trkpt>
      <trkpt lat="41.650693" lon="2.434560">
        <ele>211.163</ele>
        <time>2024-12-13T07:50:14Z</time>
      </trkpt>
      <trkpt lat="41.650706" lon="2.434603">
        <ele>211.416</ele>
        <time>2024-12-13T07:50:17Z</time>
      </trkpt>
      <trkpt lat="41.650716" lon="2.434645">
        <ele>211.676</ele>
        <time>2024-12-13T07:50:20Z</time>
      </trkpt>
      <trkpt lat="41.650728" lon="2.434683">
        <ele>211.813</ele>
        <time>2024-12-13T07:50:24Z</time>
      </trkpt>
      <trkpt lat="41.650742" lon="2.434717">
        <ele>212.009</ele>
        <time>2024-12-13T07:50:27Z</time>
      </trkpt>
      <trkpt lat="41.650755" lon="2.434749">
        <ele>212.112</ele>
        <time>2024-12-13T07:50:30Z</time>
      </trkpt>
      <trkpt lat="41.650787" lon="2.434798">
        <ele>212.380</ele>
        <time>2024-12-13T07:50:34Z</time>
      </trkpt>
      <trkpt lat="41.650814" lon="2.434813">
        <ele>212.387</ele>
        <time>2024-12-13T07:50:37Z</time>
      </trkpt>
      <trkpt lat="41.650842" lon="2.434828">
        <ele>212.429</ele>
        <time>2024-12-13T07:50:40Z</time>
      </trkpt>
      <trkpt lat="41.650867" lon="2.434845">
        <ele>212.374</ele>
        <time>2024-12-13T07:50:43Z</time>
      </trkpt>
      <trkpt lat="41.650894" lon="2.434865">
        <ele>212.387</ele>
        <time>2024-12-13T07:50:47Z</time>
      </trkpt>
      <trkpt lat="41.650927" lon="2.434880">
        <ele>212.241</ele>
        <time>2024-12-13T07:50:50Z</time>
      </trkpt>
      <trkpt lat="41.650957" lon="2.434900">
        <ele>212.295</ele>
        <time>2024-12-13T07:50:54Z</time>
      </trkpt>
      <trkpt lat="41.650987" lon="2.434918">
        <ele>212.298</ele>
        <time>2024-12-13T07:50:57Z</time>
      </trkpt>
      <trkpt lat="41.651016" lon="2.434933">
        <ele>212.184</ele>
        <time>2024-12-13T07:51:00Z</time>
      </trkpt>
      <trkpt lat="41.651041" lon="2.434948">
        <ele>212.107</ele>
        <time>2024-12-13T07:51:03Z</time>
      </trkpt>
      <trkpt lat="41.651069" lon="2.434966">
        <ele>212.017</ele>
        <time>2024-12-13T07:51:06Z</time>
      </trkpt>
      <trkpt lat="41.651102" lon="2.434977">
        <ele>212.009</ele>
        <time>2024-12-13T07:51:09Z</time>
      </trkpt>
      <trkpt lat="41.651132" lon="2.434985">
        <ele>212.029</ele>
        <time>2024-12-13T07:51:12Z</time>
      </trkpt>
      <trkpt lat="41.651159" lon="2.434989">
        <ele>212.197</ele>
        <time>2024-12-13T07:51:15Z</time>
      </trkpt>
      <trkpt lat="41.651209" lon="2.434995">
        <ele>212.364</ele>
        <time>2024-12-13T07:51:20Z</time>
      </trkpt>
      <trkpt lat="41.651244" lon="2.434995">
        <ele>212.516</ele>
        <time>2024-12-13T07:51:23Z</time>
      </trkpt>
      <trkpt lat="41.651284" lon="2.434998">
        <ele>212.691</ele>
        <time>2024-12-13T07:51:27Z</time>
      </trkpt>
      <trkpt lat="41.651315" lon="2.434999">
        <ele>212.754</ele>
        <time>2024-12-13T07:51:30Z</time>
      </trkpt>
      <trkpt lat="41.651361" lon="2.435005">
        <ele>212.978</ele>
        <time>2024-12-13T07:51:35Z</time>
      </trkpt>
      <trkpt lat="41.651389" lon="2.435003">
        <ele>213.072</ele>
        <time>2024-12-13T07:51:38Z</time>
      </trkpt>
      <trkpt lat="41.651421" lon="2.435010">
        <ele>212.935</ele>
        <time>2024-12-13T07:51:41Z</time>
      </trkpt>
      <trkpt lat="41.651452" lon="2.435015">
        <ele>212.743</ele>
        <time>2024-12-13T07:51:43Z</time>
      </trkpt>
      <trkpt lat="41.651484" lon="2.435029">
        <ele>212.664</ele>
        <time>2024-12-13T07:51:47Z</time>
      </trkpt>
      <trkpt lat="41.651516" lon="2.435041">
        <ele>212.510</ele>
        <time>2024-12-13T07:51:50Z</time>
      </trkpt>
      <trkpt lat="41.651553" lon="2.435065">
        <ele>212.509</ele>
        <time>2024-12-13T07:51:53Z</time>
      </trkpt>
      <trkpt lat="41.651579" lon="2.435085">
        <ele>212.495</ele>
        <time>2024-12-13T07:51:57Z</time>
      </trkpt>
      <trkpt lat="41.651617" lon="2.435083">
        <ele>212.493</ele>
        <time>2024-12-13T07:52:01Z</time>
      </trkpt>
      <trkpt lat="41.651650" lon="2.435074">
        <ele>212.380</ele>
        <time>2024-12-13T07:52:04Z</time>
      </trkpt>
      <trkpt lat="41.651682" lon="2.435064">
        <ele>212.352</ele>
        <time>2024-12-13T07:52:07Z</time>
      </trkpt>
      <trkpt lat="41.651713" lon="2.435057">
        <ele>212.517</ele>
        <time>2024-12-13T07:52:10Z</time>
      </trkpt>
      <trkpt lat="41.651754" lon="2.435067">
        <ele>212.870</ele>
        <time>2024-12-13T07:52:15Z</time>
      </trkpt>
      <trkpt lat="41.651741" lon="2.435075">
        <ele>212.784</ele>
        <time>2024-12-13T07:52:23Z</time>
      </trkpt>
      <trkpt lat="41.651707" lon="2.435080">
        <ele>212.568</ele>
        <time>2024-12-13T07:52:27Z</time>
      </trkpt>
      <trkpt lat="41.651670" lon="2.435084">
        <ele>212.391</ele>
        <time>2024-12-13T07:52:31Z</time>
      </trkpt>
      <trkpt lat="41.651630" lon="2.435085">
        <ele>212.437</ele>
        <time>2024-12-13T07:52:35Z</time>
      </trkpt>
      <trkpt lat="41.651594" lon="2.435086">
        <ele>212.449</ele>
        <time>2024-12-13T07:52:38Z</time>
      </trkpt>
      <trkpt lat="41.651536" lon="2.435078">
        <ele>212.513</ele>
        <time>2024-12-13T07:52:44Z</time>
      </trkpt>
      <trkpt lat="41.651504" lon="2.435083">
        <ele>212.509</ele>
        <time>2024-12-13T07:52:47Z</time>
      </trkpt>
      <trkpt lat="41.651468" lon="2.435082">
        <ele>212.694</ele>
        <time>2024-12-13T07:52:51Z</time>
      </trkpt>
      <trkpt lat="41.651417" lon="2.435081">
        <ele>212.722</ele>
        <time>2024-12-13T07:52:55Z</time>
      </trkpt>
      <trkpt lat="41.651389" lon="2.435080">
        <ele>212.749</ele>
        <time>2024-12-13T07:52:58Z</time>
      </trkpt>
      <trkpt lat="41.651359" lon="2.435078">
        <ele>212.681</ele>
        <time>2024-12-13T07:53:01Z</time>
      </trkpt>
      <trkpt lat="41.651323" lon="2.435073">
        <ele>212.686</ele>
        <time>2024-12-13T07:53:04Z</time>
      </trkpt>
      <trkpt lat="41.651271" lon="2.435073">
        <ele>212.499</ele>
        <time>2024-12-13T07:53:09Z</time>
      </trkpt>
      <trkpt lat="41.651238" lon="2.435073">
        <ele>212.323</ele>
        <time>2024-12-13T07:53:12Z</time>
      </trkpt>
      <trkpt lat="41.651207" lon="2.435073">
        <ele>212.347</ele>
        <time>2024-12-13T07:53:15Z</time>
      </trkpt>
      <trkpt lat="41.651174" lon="2.435076">
        <ele>212.280</ele>
        <time>2024-12-13T07:53:18Z</time>
      </trkpt>
      <trkpt lat="41.651135" lon="2.435074">
        <ele>212.115</ele>
        <time>2024-12-13T07:53:22Z</time>
      </trkpt>
      <trkpt lat="41.651100" lon="2.435071">
        <ele>212.065</ele>
        <time>2024-12-13T07:53:25Z</time>
      </trkpt>
      <trkpt lat="41.651071" lon="2.435070">
        <ele>212.111</ele>
        <time>2024-12-13T07:53:28Z</time>
      </trkpt>
      <trkpt lat="41.651040" lon="2.435071">
        <ele>212.309</ele>
        <time>2024-12-13T07:53:31Z</time>
      </trkpt>
      <trkpt lat="41.650994" lon="2.435075">
        <ele>212.432</ele>
        <time>2024-12-13T07:53:35Z</time>
      </trkpt>
      <trkpt lat="41.650963" lon="2.435071">
        <ele>212.550</ele>
        <time>2024-12-13T07:53:38Z</time>
      </trkpt>
      <trkpt lat="41.650929" lon="2.435077">
        <ele>212.717</ele>
        <time>2024-12-13T07:53:41Z</time>
      </trkpt>
      <trkpt lat="41.650895" lon="2.435081">
        <ele>212.849</ele>
        <time>2024-12-13T07:53:44Z</time>
      </trkpt>
      <trkpt lat="41.650862" lon="2.435084">
        <ele>212.984</ele>
        <time>2024-12-13T07:53:47Z</time>
      </trkpt>
      <trkpt lat="41.650825" lon="2.435117">
        <ele>213.057</ele>
        <time>2024-12-13T07:53:52Z</time>
      </trkpt>
      <trkpt lat="41.650801" lon="2.435154">
        <ele>213.181</ele>
        <time>2024-12-13T07:53:55Z</time>
      </trkpt>
      <trkpt lat="41.650775" lon="2.435176">
        <ele>213.115</ele>
        <time>2024-12-13T07:53:58Z</time>
      </trkpt>
      <trkpt lat="41.650735" lon="2.435190">
        <ele>213.298</ele>
        <time>2024-12-13T07:54:03Z</time>
      </trkpt>
      <trkpt lat="41.650696" lon="2.435199">
        <ele>213.454</ele>
        <time>2024-12-13T07:54:06Z</time>
      </trkpt>
      <trkpt lat="41.650662" lon="2.435219">
        <ele>213.556</ele>
        <time>2024-12-13T07:54:10Z</time>
      </trkpt>
      <trkpt lat="41.650635" lon="2.435245">
        <ele>213.611</ele>
        <time>2024-12-13T07:54:13Z</time>
      </trkpt>
      <trkpt lat="41.650615" lon="2.435274">
        <ele>213.809</ele>
        <time>2024-12-13T07:54:16Z</time>
      </trkpt>
      <trkpt lat="41.650589" lon="2.435292">
        <ele>213.956</ele>
        <time>2024-12-13T07:54:19Z</time>
      </trkpt>
      <trkpt lat="41.650561" lon="2.435299">
        <ele>214.124</ele>
        <time>2024-12-13T07:54:21Z</time>
      </trkpt>
      <trkpt lat="41.650530" lon="2.435319">
        <ele>214.061</ele>
        <time>2024-12-13T07:54:25Z</time>
      </trkpt>
      <trkpt lat="41.650484" lon="2.435348">
        <ele>213.813</ele>
        <time>2024-12-13T07:54:29Z</time>
      </trkpt>
      <trkpt lat="41.650455" lon="2.435364">
        <ele>213.798</ele>
        <time>2024-12-13T07:54:32Z</time>
      </trkpt>
      <trkpt lat="41.650426" lon="2.435376">
        <ele>213.631</ele>
        <time>2024-12-13T07:54:35Z</time>
      </trkpt>
      <trkpt lat="41.650396" lon="2.435396">
        <ele>213.565</ele>
        <time>2024-12-13T07:54:38Z</time>
      </trkpt>
      <trkpt lat="41.650362" lon="2.435408">
        <ele>213.499</ele>
        <time>2024-12-13T07:54:41Z</time>
      </trkpt>
      <trkpt lat="41.650327" lon="2.435423">
        <ele>213.352</ele>
        <time>2024-12-13T07:54:45Z</time>
      </trkpt>
      <trkpt lat="41.650278" lon="2.435435">
        <ele>213.131</ele>
        <time>2024-12-13T07:54:49Z</time>
      </trkpt>
      <trkpt lat="41.650244" lon="2.435445">
        <ele>212.861</ele>
        <time>2024-12-13T07:54:53Z</time>
      </trkpt>
      <trkpt lat="41.650214" lon="2.435462">
        <ele>212.507</ele>
        <time>2024-12-13T07:54:56Z</time>
      </trkpt>
      <trkpt lat="41.650186" lon="2.435475">
        <ele>212.209</ele>
        <time>2024-12-13T07:54:59Z</time>
      </trkpt>
      <trkpt lat="41.650156" lon="2.435494">
        <ele>211.914</ele>
        <time>2024-12-13T07:55:02Z</time>
      </trkpt>
      <trkpt lat="41.650123" lon="2.435512">
        <ele>211.532</ele>
        <time>2024-12-13T07:55:07Z</time>
      </trkpt>
      <trkpt lat="41.650095" lon="2.435530">
        <ele>211.219</ele>
        <time>2024-12-13T07:55:10Z</time>
      </trkpt>
      <trkpt lat="41.650065" lon="2.435550">
        <ele>210.951</ele>
        <time>2024-12-13T07:55:13Z</time>
      </trkpt>
      <trkpt lat="41.650035" lon="2.435570">
        <ele>210.516</ele>
        <time>2024-12-13T07:55:16Z</time>
      </trkpt>
      <trkpt lat="41.650006" lon="2.435588">
        <ele>210.279</ele>
        <time>2024-12-13T07:55:20Z</time>
      </trkpt>
      <trkpt lat="41.649977" lon="2.435605">
        <ele>210.173</ele>
        <time>2024-12-13T07:55:23Z</time>
      </trkpt>
      <trkpt lat="41.649948" lon="2.435623">
        <ele>210.187</ele>
        <time>2024-12-13T07:55:27Z</time>
      </trkpt>
      <trkpt lat="41.649921" lon="2.435644">
        <ele>210.050</ele>
        <time>2024-12-13T07:55:30Z</time>
      </trkpt>
      <trkpt lat="41.649893" lon="2.435659">
        <ele>210.033</ele>
        <time>2024-12-13T07:55:32Z</time>
      </trkpt>
      <trkpt lat="41.649860" lon="2.435677">
        <ele>209.923</ele>
        <time>2024-12-13T07:55:36Z</time>
      </trkpt>
      <trkpt lat="41.649827" lon="2.435691">
        <ele>209.915</ele>
        <time>2024-12-13T07:55:39Z</time>
      </trkpt>
      <trkpt lat="41.649779" lon="2.435711">
        <ele>209.809</ele>
        <time>2024-12-13T07:55:44Z</time>
      </trkpt>
      <trkpt lat="41.649746" lon="2.435719">
        <ele>209.724</ele>
        <time>2024-12-13T07:55:47Z</time>
      </trkpt>
      <trkpt lat="41.649712" lon="2.435718">
        <ele>209.662</ele>
        <time>2024-12-13T07:55:50Z</time>
      </trkpt>
      <trkpt lat="41.649680" lon="2.435695">
        <ele>209.789</ele>
        <time>2024-12-13T07:55:54Z</time>
      </trkpt>
      <trkpt lat="41.649662" lon="2.435662">
        <ele>209.661</ele>
        <time>2024-12-13T07:55:57Z</time>
      </trkpt>
      <trkpt lat="41.649644" lon="2.435598">
        <ele>209.476</ele>
        <time>2024-12-13T07:56:02Z</time>
      </trkpt>
      <trkpt lat="41.649635" lon="2.435557">
        <ele>209.349</ele>
        <time>2024-12-13T07:56:06Z</time>
      </trkpt>
      <trkpt lat="41.649627" lon="2.435514">
        <ele>209.273</ele>
        <time>2024-12-13T07:56:09Z</time>
      </trkpt>
      <trkpt lat="41.649616" lon="2.435468">
        <ele>209.187</ele>
        <time>2024-12-13T07:56:12Z</time>
      </trkpt>
      <trkpt lat="41.649603" lon="2.435427">
        <ele>209.090</ele>
        <time>2024-12-13T07:56:15Z</time>
      </trkpt>
      <trkpt lat="41.649587" lon="2.435385">
        <ele>208.935</ele>
        <time>2024-12-13T07:56:19Z</time>
      </trkpt>
      <trkpt lat="41.649567" lon="2.435351">
        <ele>208.886</ele>
        <time>2024-12-13T07:56:22Z</time>
      </trkpt>
      <trkpt lat="41.649545" lon="2.435317">
        <ele>208.814</ele>
        <time>2024-12-13T07:56:25Z</time>
      </trkpt>
      <trkpt lat="41.649513" lon="2.435293">
        <ele>208.809</ele>
        <time>2024-12-13T07:56:29Z</time>
      </trkpt>
      <trkpt lat="41.649475" lon="2.435287">
        <ele>208.924</ele>
        <time>2024-12-13T07:56:32Z</time>
      </trkpt>
      <trkpt lat="41.649450" lon="2.435310">
        <ele>209.182</ele>
        <time>2024-12-13T07:56:35Z</time>
      </trkpt>
      <trkpt lat="41.649423" lon="2.435324">
        <ele>209.289</ele>
        <time>2024-12-13T07:56:38Z</time>
      </trkpt>
      <trkpt lat="41.649386" lon="2.435373">
        <ele>209.351</ele>
        <time>2024-12-13T07:56:43Z</time>
      </trkpt>
      <trkpt lat="41.649362" lon="2.435397">
        <ele>209.346</ele>
        <time>2024-12-13T07:56:46Z</time>
      </trkpt>
      <trkpt lat="41.649322" lon="2.435428">
        <ele>209.359</ele>
        <time>2024-12-13T07:56:50Z</time>
      </trkpt>
      <trkpt lat="41.649301" lon="2.435455">
        <ele>209.373</ele>
        <time>2024-12-13T07:56:53Z</time>
      </trkpt>
      <trkpt lat="41.649279" lon="2.435483">
        <ele>209.377</ele>
        <time>2024-12-13T07:56:56Z</time>
      </trkpt>
      <trkpt lat="41.649254" lon="2.435508">
        <ele>209.370</ele>
        <time>2024-12-13T07:56:59Z</time>
      </trkpt>
      <trkpt lat="41.649215" lon="2.435560">
        <ele>209.274</ele>
        <time>2024-12-13T07:57:04Z</time>
      </trkpt>
      <trkpt lat="41.649184" lon="2.435613">
        <ele>209.356</ele>
        <time>2024-12-13T07:57:09Z</time>
      </trkpt>
      <trkpt lat="41.649152" lon="2.435676">
        <ele>209.421</ele>
        <time>2024-12-13T07:57:15Z</time>
      </trkpt>
      <trkpt lat="41.649127" lon="2.435701">
        <ele>209.509</ele>
        <time>2024-12-13T07:57:18Z</time>
      </trkpt>
      <trkpt lat="41.649098" lon="2.435742">
        <ele>209.728</ele>
        <time>2024-12-13T07:57:22Z</time>
      </trkpt>
      <trkpt lat="41.649063" lon="2.435778">
        <ele>209.866</ele>
        <time>2024-12-13T07:57:27Z</time>
      </trkpt>
      <trkpt lat="41.649038" lon="2.435813">
        <ele>209.953</ele>
        <time>2024-12-13T07:57:31Z</time>
      </trkpt>
      <trkpt lat="41.649017" lon="2.435840">
        <ele>210.085</ele>
        <time>2024-12-13T07:57:35Z</time>
      </trkpt>
      <trkpt lat="41.648983" lon="2.435894">
        <ele>210.220</ele>
        <time>2024-12-13T07:57:40Z</time>
      </trkpt>
      <trkpt lat="41.648961" lon="2.435955">
        <ele>210.413</ele>
        <time>2024-12-13T07:57:45Z</time>
      </trkpt>
      <trkpt lat="41.648986" lon="2.436020">
        <ele>210.757</ele>
        <time>2024-12-13T07:57:51Z</time>
      </trkpt>
      <trkpt lat="41.649000" lon="2.436068">
        <ele>210.831</ele>
        <time>2024-12-13T07:57:55Z</time>
      </trkpt>
      <trkpt lat="41.649013" lon="2.436107">
        <ele>211.064</ele>
        <time>2024-12-13T07:57:58Z</time>
      </trkpt>
      <trkpt lat="41.649028" lon="2.436139">
        <ele>211.025</ele>
        <time>2024-12-13T07:58:01Z</time>
      </trkpt>
      <trkpt lat="41.649047" lon="2.436172">
        <ele>211.026</ele>
        <time>2024-12-13T07:58:04Z</time>
      </trkpt>
      <trkpt lat="41.649064" lon="2.436208">
        <ele>211.008</ele>
        <time>2024-12-13T07:58:07Z</time>
      </trkpt>
      <trkpt lat="41.649083" lon="2.436263">
        <ele>211.009</ele>
        <time>2024-12-13T07:58:13Z</time>
      </trkpt>
      <trkpt lat="41.649088" lon="2.436303">
        <ele>211.093</ele>
        <time>2024-12-13T07:58:16Z</time>
      </trkpt>
      <trkpt lat="41.649103" lon="2.436356">
        <ele>211.021</ele>
        <time>2024-12-13T07:58:21Z</time>
      </trkpt>
      <trkpt lat="41.649109" lon="2.436399">
        <ele>211.068</ele>
        <time>2024-12-13T07:58:25Z</time>
      </trkpt>
      <trkpt lat="41.649096" lon="2.436467">
        <ele>211.320</ele>
        <time>2024-12-13T07:58:31Z</time>
      </trkpt>
      <trkpt lat="41.649079" lon="2.436503">
        <ele>211.435</ele>
        <time>2024-12-13T07:58:34Z</time>
      </trkpt>
      <trkpt lat="41.649054" lon="2.436532">
        <ele>211.578</ele>
        <time>2024-12-13T07:58:40Z</time>
      </trkpt>
      <trkpt lat="41.649032" lon="2.436561">
        <ele>211.682</ele>
        <time>2024-12-13T07:58:43Z</time>
      </trkpt>
      <trkpt lat="41.649009" lon="2.436587">
        <ele>211.726</ele>
        <time>2024-12-13T07:58:47Z</time>
      </trkpt>
      <trkpt lat="41.648964" lon="2.436617">
        <ele>211.849</ele>
        <time>2024-12-13T07:58:52Z</time>
      </trkpt>
      <trkpt lat="41.648910" lon="2.436636">
        <ele>211.937</ele>
        <time>2024-12-13T07:58:57Z</time>
      </trkpt>
      <trkpt lat="41.648877" lon="2.436654">
        <ele>212.049</ele>
        <time>2024-12-13T07:59:01Z</time>
      </trkpt>
      <trkpt lat="41.648845" lon="2.436669">
        <ele>212.013</ele>
        <time>2024-12-13T07:59:04Z</time>
      </trkpt>
      <trkpt lat="41.648814" lon="2.436684">
        <ele>212.209</ele>
        <time>2024-12-13T07:59:09Z</time>
      </trkpt>
      <trkpt lat="41.648780" lon="2.436697">
        <ele>212.364</ele>
        <time>2024-12-13T07:59:13Z</time>
      </trkpt>
      <trkpt lat="41.648749" lon="2.436712">
        <ele>212.452</ele>
        <time>2024-12-13T07:59:16Z</time>
      </trkpt>
      <trkpt lat="41.648721" lon="2.436726">
        <ele>212.539</ele>
        <time>2024-12-13T07:59:19Z</time>
      </trkpt>
      <trkpt lat="41.648693" lon="2.436745">
        <ele>212.621</ele>
        <time>2024-12-13T07:59:22Z</time>
      </trkpt>
      <trkpt lat="41.648666" lon="2.436766">
        <ele>212.836</ele>
        <time>2024-12-13T07:59:25Z</time>
      </trkpt>
      <trkpt lat="41.648636" lon="2.436778">
        <ele>212.819</ele>
        <time>2024-12-13T07:59:28Z</time>
      </trkpt>
      <trkpt lat="41.648604" lon="2.436791">
        <ele>212.923</ele>
        <time>2024-12-13T07:59:31Z</time>
      </trkpt>
      <trkpt lat="41.648568" lon="2.436800">
        <ele>213.117</ele>
        <time>2024-12-13T07:59:35Z</time>
      </trkpt>
      <trkpt lat="41.648521" lon="2.436811">
        <ele>213.420</ele>
        <time>2024-12-13T07:59:39Z</time>
      </trkpt>
      <trkpt lat="41.648468" lon="2.436840">
        <ele>213.883</ele>
        <time>2024-12-13T07:59:45Z</time>
      </trkpt>
      <trkpt lat="41.648439" lon="2.436853">
        <ele>214.025</ele>
        <time>2024-12-13T07:59:48Z</time>
      </trkpt>
      <trkpt lat="41.648407" lon="2.436861">
        <ele>214.117</ele>
        <time>2024-12-13T07:59:50Z</time>
      </trkpt>
      <trkpt lat="41.648373" lon="2.436879">
        <ele>214.409</ele>
        <time>2024-12-13T07:59:54Z</time>
      </trkpt>
      <trkpt lat="41.648342" lon="2.436892">
        <ele>214.639</ele>
        <time>2024-12-13T07:59:57Z</time>
      </trkpt>
      <trkpt lat="41.648293" lon="2.436916">
        <ele>215.077</ele>
        <time>2024-12-13T08:00:03Z</time>
      </trkpt>
      <trkpt lat="41.648262" lon="2.436932">
        <ele>215.214</ele>
        <time>2024-12-13T08:00:07Z</time>
      </trkpt>
      <trkpt lat="41.648228" lon="2.436945">
        <ele>215.486</ele>
        <time>2024-12-13T08:00:10Z</time>
      </trkpt>
      <trkpt lat="41.648180" lon="2.436966">
        <ele>215.831</ele>
        <time>2024-12-13T08:00:15Z</time>
      </trkpt>
      <trkpt lat="41.648132" lon="2.436989">
        <ele>216.234</ele>
        <time>2024-12-13T08:00:20Z</time>
      </trkpt>
      <trkpt lat="41.648102" lon="2.437004">
        <ele>216.438</ele>
        <time>2024-12-13T08:00:23Z</time>
      </trkpt>
      <trkpt lat="41.648068" lon="2.437020">
        <ele>216.812</ele>
        <time>2024-12-13T08:00:27Z</time>
      </trkpt>
      <trkpt lat="41.648037" lon="2.437039">
        <ele>217.015</ele>
        <time>2024-12-13T08:00:30Z</time>
      </trkpt>
      <trkpt lat="41.648005" lon="2.437058">
        <ele>217.215</ele>
        <time>2024-12-13T08:00:33Z</time>
      </trkpt>
      <trkpt lat="41.647956" lon="2.437087">
        <ele>217.365</ele>
        <time>2024-12-13T08:00:39Z</time>
      </trkpt>
      <trkpt lat="41.647929" lon="2.437110">
        <ele>217.411</ele>
        <time>2024-12-13T08:00:42Z</time>
      </trkpt>
      <trkpt lat="41.647904" lon="2.437130">
        <ele>217.509</ele>
        <time>2024-12-13T08:00:45Z</time>
      </trkpt>
      <trkpt lat="41.647875" lon="2.437159">
        <ele>217.522</ele>
        <time>2024-12-13T08:00:49Z</time>
      </trkpt>
      <trkpt lat="41.647849" lon="2.437189">
        <ele>217.430</ele>
        <time>2024-12-13T08:00:52Z</time>
      </trkpt>
      <trkpt lat="41.647831" lon="2.437218">
        <ele>217.477</ele>
        <time>2024-12-13T08:00:55Z</time>
      </trkpt>
      <trkpt lat="41.647807" lon="2.437252">
        <ele>217.379</ele>
        <time>2024-12-13T08:00:58Z</time>
      </trkpt>
      <trkpt lat="41.647786" lon="2.437285">
        <ele>217.324</ele>
        <time>2024-12-13T08:01:02Z</time>
      </trkpt>
      <trkpt lat="41.647764" lon="2.437319">
        <ele>217.367</ele>
        <time>2024-12-13T08:01:05Z</time>
      </trkpt>
      <trkpt lat="41.647744" lon="2.437354">
        <ele>217.221</ele>
        <time>2024-12-13T08:01:08Z</time>
      </trkpt>
      <trkpt lat="41.647725" lon="2.437388">
        <ele>217.235</ele>
        <time>2024-12-13T08:01:11Z</time>
      </trkpt>
      <trkpt lat="41.647709" lon="2.437427">
        <ele>217.168</ele>
        <time>2024-12-13T08:01:14Z</time>
      </trkpt>
      <trkpt lat="41.647692" lon="2.437465">
        <ele>217.039</ele>
        <time>2024-12-13T08:01:17Z</time>
      </trkpt>
      <trkpt lat="41.647675" lon="2.437500">
        <ele>216.901</ele>
        <time>2024-12-13T08:01:20Z</time>
      </trkpt>
      <trkpt lat="41.647656" lon="2.437534">
        <ele>216.921</ele>
        <time>2024-12-13T08:01:23Z</time>
      </trkpt>
      <trkpt lat="41.647646" lon="2.437577">
        <ele>217.009</ele>
        <time>2024-12-13T08:01:26Z</time>
      </trkpt>
      <trkpt lat="41.647639" lon="2.437620">
        <ele>217.194</ele>
        <time>2024-12-13T08:01:30Z</time>
      </trkpt>
      <trkpt lat="41.647637" lon="2.437666">
        <ele>217.462</ele>
        <time>2024-12-13T08:01:34Z</time>
      </trkpt>
      <trkpt lat="41.647617" lon="2.437730">
        <ele>217.639</ele>
        <time>2024-12-13T08:01:39Z</time>
      </trkpt>
      <trkpt lat="41.647604" lon="2.437768">
        <ele>217.711</ele>
        <time>2024-12-13T08:01:42Z</time>
      </trkpt>
      <trkpt lat="41.647594" lon="2.437810">
        <ele>217.926</ele>
        <time>2024-12-13T08:01:45Z</time>
      </trkpt>
      <trkpt lat="41.647597" lon="2.437853">
        <ele>218.299</ele>
        <time>2024-12-13T08:01:49Z</time>
      </trkpt>
      <trkpt lat="41.647599" lon="2.437891">
        <ele>218.543</ele>
        <time>2024-12-13T08:01:52Z</time>
      </trkpt>
      <trkpt lat="41.647600" lon="2.437932">
        <ele>218.887</ele>
        <time>2024-12-13T08:01:55Z</time>
      </trkpt>
      <trkpt lat="41.647605" lon="2.437975">
        <ele>219.280</ele>
        <time>2024-12-13T08:01:58Z</time>
      </trkpt>
      <trkpt lat="41.647612" lon="2.438017">
        <ele>219.568</ele>
        <time>2024-12-13T08:02:01Z</time>
      </trkpt>
      <trkpt lat="41.647616" lon="2.438056">
        <ele>219.842</ele>
        <time>2024-12-13T08:02:04Z</time>
      </trkpt>
      <trkpt lat="41.647625" lon="2.438098">
        <ele>220.126</ele>
        <time>2024-12-13T08:02:07Z</time>
      </trkpt>
      <trkpt lat="41.647626" lon="2.438141">
        <ele>220.209</ele>
        <time>2024-12-13T08:02:10Z</time>
      </trkpt>
      <trkpt lat="41.647625" lon="2.438181">
        <ele>220.477</ele>
        <time>2024-12-13T08:02:13Z</time>
      </trkpt>
      <trkpt lat="41.647627" lon="2.438227">
        <ele>220.515</ele>
        <time>2024-12-13T08:02:17Z</time>
      </trkpt>
      <trkpt lat="41.647627" lon="2.438306">
        <ele>220.812</ele>
        <time>2024-12-13T08:02:24Z</time>
      </trkpt>
      <trkpt lat="41.647626" lon="2.438344">
        <ele>220.964</ele>
        <time>2024-12-13T08:02:28Z</time>
      </trkpt>
      <trkpt lat="41.647628" lon="2.438389">
        <ele>220.759</ele>
        <time>2024-12-13T08:02:31Z</time>
      </trkpt>
      <trkpt lat="41.647633" lon="2.438453">
        <ele>220.572</ele>
        <time>2024-12-13T08:02:36Z</time>
      </trkpt>
      <trkpt lat="41.647638" lon="2.438490">
        <ele>220.496</ele>
        <time>2024-12-13T08:02:41Z</time>
      </trkpt>
      <trkpt lat="41.647646" lon="2.438537">
        <ele>220.330</ele>
        <time>2024-12-13T08:02:45Z</time>
      </trkpt>
      <trkpt lat="41.647653" lon="2.438583">
        <ele>220.223</ele>
        <time>2024-12-13T08:02:48Z</time>
      </trkpt>
      <trkpt lat="41.647663" lon="2.438619">
        <ele>220.241</ele>
        <time>2024-12-13T08:02:52Z</time>
      </trkpt>
      <trkpt lat="41.647674" lon="2.438680">
        <ele>220.381</ele>
        <time>2024-12-13T08:02:57Z</time>
      </trkpt>
      <trkpt lat="41.647681" lon="2.438718">
        <ele>220.309</ele>
        <time>2024-12-13T08:03:00Z</time>
      </trkpt>
      <trkpt lat="41.647694" lon="2.438779">
        <ele>220.409</ele>
        <time>2024-12-13T08:03:07Z</time>
      </trkpt>
      <trkpt lat="41.647701" lon="2.438817">
        <ele>220.495</ele>
        <time>2024-12-13T08:03:12Z</time>
      </trkpt>
      <trkpt lat="41.647715" lon="2.438858">
        <ele>220.563</ele>
        <time>2024-12-13T08:03:17Z</time>
      </trkpt>
      <trkpt lat="41.647726" lon="2.438902">
        <ele>220.790</ele>
        <time>2024-12-13T08:03:21Z</time>
      </trkpt>
      <trkpt lat="41.647736" lon="2.438942">
        <ele>220.992</ele>
        <time>2024-12-13T08:03:25Z</time>
      </trkpt>
      <trkpt lat="41.647746" lon="2.438982">
        <ele>221.117</ele>
        <time>2024-12-13T08:03:28Z</time>
      </trkpt>
      <trkpt lat="41.647758" lon="2.439023">
        <ele>221.340</ele>
        <time>2024-12-13T08:03:32Z</time>
      </trkpt>
      <trkpt lat="41.647764" lon="2.439066">
        <ele>221.584</ele>
        <time>2024-12-13T08:03:36Z</time>
      </trkpt>
      <trkpt lat="41.647760" lon="2.439106">
        <ele>221.728</ele>
        <time>2024-12-13T08:03:39Z</time>
      </trkpt>
      <trkpt lat="41.647754" lon="2.439149">
        <ele>221.821</ele>
        <time>2024-12-13T08:03:43Z</time>
      </trkpt>
      <trkpt lat="41.647742" lon="2.439184">
        <ele>221.998</ele>
        <time>2024-12-13T08:03:46Z</time>
      </trkpt>
      <trkpt lat="41.647735" lon="2.439223">
        <ele>222.315</ele>
        <time>2024-12-13T08:03:51Z</time>
      </trkpt>
      <trkpt lat="41.647721" lon="2.439259">
        <ele>222.526</ele>
        <time>2024-12-13T08:03:54Z</time>
      </trkpt>
      <trkpt lat="41.647708" lon="2.439298">
        <ele>222.809</ele>
        <time>2024-12-13T08:03:57Z</time>
      </trkpt>
      <trkpt lat="41.647694" lon="2.439337">
        <ele>223.140</ele>
        <time>2024-12-13T08:04:01Z</time>
      </trkpt>
      <trkpt lat="41.647682" lon="2.439378">
        <ele>223.318</ele>
        <time>2024-12-13T08:04:03Z</time>
      </trkpt>
      <trkpt lat="41.647671" lon="2.439417">
        <ele>223.665</ele>
        <time>2024-12-13T08:04:06Z</time>
      </trkpt>
      <trkpt lat="41.647661" lon="2.439457">
        <ele>223.877</ele>
        <time>2024-12-13T08:04:09Z</time>
      </trkpt>
      <trkpt lat="41.647652" lon="2.439495">
        <ele>224.012</ele>
        <time>2024-12-13T08:04:12Z</time>
      </trkpt>
      <trkpt lat="41.647640" lon="2.439533">
        <ele>224.225</ele>
        <time>2024-12-13T08:04:15Z</time>
      </trkpt>
      <trkpt lat="41.647629" lon="2.439568">
        <ele>224.379</ele>
        <time>2024-12-13T08:04:19Z</time>
      </trkpt>
      <trkpt lat="41.647622" lon="2.439615">
        <ele>224.563</ele>
        <time>2024-12-13T08:04:22Z</time>
      </trkpt>
      <trkpt lat="41.647612" lon="2.439656">
        <ele>224.656</ele>
        <time>2024-12-13T08:04:25Z</time>
      </trkpt>
      <trkpt lat="41.647602" lon="2.439695">
        <ele>224.751</ele>
        <time>2024-12-13T08:04:28Z</time>
      </trkpt>
      <trkpt lat="41.647588" lon="2.439735">
        <ele>224.701</ele>
        <time>2024-12-13T08:04:31Z</time>
      </trkpt>
      <trkpt lat="41.647571" lon="2.439773">
        <ele>224.811</ele>
        <time>2024-12-13T08:04:34Z</time>
      </trkpt>
      <trkpt lat="41.647556" lon="2.439808">
        <ele>224.909</ele>
        <time>2024-12-13T08:04:37Z</time>
      </trkpt>
      <trkpt lat="41.647541" lon="2.439846">
        <ele>225.186</ele>
        <time>2024-12-13T08:04:40Z</time>
      </trkpt>
      <trkpt lat="41.647523" lon="2.439879">
        <ele>225.114</ele>
        <time>2024-12-13T08:04:44Z</time>
      </trkpt>
      <trkpt lat="41.647501" lon="2.439911">
        <ele>225.121</ele>
        <time>2024-12-13T08:04:48Z</time>
      </trkpt>
      <trkpt lat="41.647476" lon="2.439940">
        <ele>225.043</ele>
        <time>2024-12-13T08:04:51Z</time>
      </trkpt>
      <trkpt lat="41.647451" lon="2.439964">
        <ele>224.958</ele>
        <time>2024-12-13T08:04:54Z</time>
      </trkpt>
      <trkpt lat="41.647425" lon="2.439984">
        <ele>224.851</ele>
        <time>2024-12-13T08:04:57Z</time>
      </trkpt>
      <trkpt lat="41.647401" lon="2.440008">
        <ele>224.795</ele>
        <time>2024-12-13T08:05:01Z</time>
      </trkpt>
      <trkpt lat="41.647351" lon="2.440033">
        <ele>224.459</ele>
        <time>2024-12-13T08:05:07Z</time>
      </trkpt>
      <trkpt lat="41.647294" lon="2.440051">
        <ele>224.092</ele>
        <time>2024-12-13T08:05:13Z</time>
      </trkpt>
      <trkpt lat="41.647263" lon="2.440064">
        <ele>223.798</ele>
        <time>2024-12-13T08:05:16Z</time>
      </trkpt>
      <trkpt lat="41.647231" lon="2.440075">
        <ele>223.515</ele>
        <time>2024-12-13T08:05:19Z</time>
      </trkpt>
      <trkpt lat="41.647203" lon="2.440086">
        <ele>223.426</ele>
        <time>2024-12-13T08:05:22Z</time>
      </trkpt>
      <trkpt lat="41.647167" lon="2.440100">
        <ele>223.309</ele>
        <time>2024-12-13T08:05:26Z</time>
      </trkpt>
      <trkpt lat="41.647114" lon="2.440119">
        <ele>223.280</ele>
        <time>2024-12-13T08:05:31Z</time>
      </trkpt>
      <trkpt lat="41.647065" lon="2.440134">
        <ele>223.018</ele>
        <time>2024-12-13T08:05:36Z</time>
      </trkpt>
      <trkpt lat="41.647037" lon="2.440144">
        <ele>222.975</ele>
        <time>2024-12-13T08:05:40Z</time>
      </trkpt>
      <trkpt lat="41.647010" lon="2.440154">
        <ele>222.837</ele>
        <time>2024-12-13T08:05:42Z</time>
      </trkpt>
      <trkpt lat="41.646975" lon="2.440166">
        <ele>222.742</ele>
        <time>2024-12-13T08:05:46Z</time>
      </trkpt>
      <trkpt lat="41.646944" lon="2.440175">
        <ele>222.555</ele>
        <time>2024-12-13T08:05:50Z</time>
      </trkpt>
      <trkpt lat="41.646912" lon="2.440182">
        <ele>222.619</ele>
        <time>2024-12-13T08:05:53Z</time>
      </trkpt>
      <trkpt lat="41.646883" lon="2.440189">
        <ele>222.673</ele>
        <time>2024-12-13T08:05:56Z</time>
      </trkpt>
      <trkpt lat="41.646854" lon="2.440190">
        <ele>222.616</ele>
        <time>2024-12-13T08:05:58Z</time>
      </trkpt>
      <trkpt lat="41.646816" lon="2.440197">
        <ele>222.632</ele>
        <time>2024-12-13T08:06:02Z</time>
      </trkpt>
      <trkpt lat="41.646766" lon="2.440202">
        <ele>222.692</ele>
        <time>2024-12-13T08:06:07Z</time>
      </trkpt>
      <trkpt lat="41.646733" lon="2.440205">
        <ele>222.611</ele>
        <time>2024-12-13T08:06:11Z</time>
      </trkpt>
      <trkpt lat="41.646695" lon="2.440203">
        <ele>222.509</ele>
        <time>2024-12-13T08:06:14Z</time>
      </trkpt>
      <trkpt lat="41.646663" lon="2.440203">
        <ele>222.564</ele>
        <time>2024-12-13T08:06:17Z</time>
      </trkpt>
      <trkpt lat="41.646635" lon="2.440195">
        <ele>222.712</ele>
        <time>2024-12-13T08:06:20Z</time>
      </trkpt>
      <trkpt lat="41.646607" lon="2.440189">
        <ele>222.929</ele>
        <time>2024-12-13T08:06:23Z</time>
      </trkpt>
      <trkpt lat="41.646577" lon="2.440177">
        <ele>223.111</ele>
        <time>2024-12-13T08:06:26Z</time>
      </trkpt>
      <trkpt lat="41.646543" lon="2.440168">
        <ele>223.416</ele>
        <time>2024-12-13T08:06:29Z</time>
      </trkpt>
      <trkpt lat="41.646494" lon="2.440151">
        <ele>223.789</ele>
        <time>2024-12-13T08:06:34Z</time>
      </trkpt>
      <trkpt lat="41.646462" lon="2.440143">
        <ele>223.933</ele>
        <time>2024-12-13T08:06:38Z</time>
      </trkpt>
      <trkpt lat="41.646430" lon="2.440136">
        <ele>224.117</ele>
        <time>2024-12-13T08:06:41Z</time>
      </trkpt>
      <trkpt lat="41.646396" lon="2.440124">
        <ele>224.310</ele>
        <time>2024-12-13T08:06:44Z</time>
      </trkpt>
      <trkpt lat="41.646362" lon="2.440111">
        <ele>224.225</ele>
        <time>2024-12-13T08:06:47Z</time>
      </trkpt>
      <trkpt lat="41.646312" lon="2.440088">
        <ele>224.126</ele>
        <time>2024-12-13T08:06:53Z</time>
      </trkpt>
      <trkpt lat="41.646283" lon="2.440077">
        <ele>224.008</ele>
        <time>2024-12-13T08:06:56Z</time>
      </trkpt>
      <trkpt lat="41.646254" lon="2.440065">
        <ele>224.009</ele>
        <time>2024-12-13T08:06:59Z</time>
      </trkpt>
      <trkpt lat="41.646224" lon="2.440054">
        <ele>223.983</ele>
        <time>2024-12-13T08:07:02Z</time>
      </trkpt>
      <trkpt lat="41.646192" lon="2.440047">
        <ele>224.051</ele>
        <time>2024-12-13T08:07:05Z</time>
      </trkpt>
      <trkpt lat="41.646160" lon="2.440041">
        <ele>224.038</ele>
        <time>2024-12-13T08:07:10Z</time>
      </trkpt>
      <trkpt lat="41.646130" lon="2.440038">
        <ele>224.190</ele>
        <time>2024-12-13T08:07:13Z</time>
      </trkpt>
      <trkpt lat="41.646098" lon="2.440032">
        <ele>224.045</ele>
        <time>2024-12-13T08:07:17Z</time>
      </trkpt>
      <trkpt lat="41.646068" lon="2.440029">
        <ele>223.968</ele>
        <time>2024-12-13T08:07:20Z</time>
      </trkpt>
      <trkpt lat="41.646030" lon="2.440025">
        <ele>223.632</ele>
        <time>2024-12-13T08:07:25Z</time>
      </trkpt>
      <trkpt lat="41.645998" lon="2.440018">
        <ele>223.486</ele>
        <time>2024-12-13T08:07:30Z</time>
      </trkpt>
      <trkpt lat="41.645968" lon="2.440008">
        <ele>223.119</ele>
        <time>2024-12-13T08:07:39Z</time>
      </trkpt>
      <trkpt lat="41.645916" lon="2.439998">
        <ele>222.686</ele>
        <time>2024-12-13T08:07:45Z</time>
      </trkpt>
      <trkpt lat="41.645890" lon="2.439969">
        <ele>222.260</ele>
        <time>2024-12-13T08:07:48Z</time>
      </trkpt>
      <trkpt lat="41.645862" lon="2.439952">
        <ele>221.926</ele>
        <time>2024-12-13T08:07:51Z</time>
      </trkpt>
      <trkpt lat="41.645829" lon="2.439923">
        <ele>221.509</ele>
        <time>2024-12-13T08:07:56Z</time>
      </trkpt>
      <trkpt lat="41.645806" lon="2.439901">
        <ele>221.569</ele>
        <time>2024-12-13T08:07:59Z</time>
      </trkpt>
      <trkpt lat="41.645761" lon="2.439883">
        <ele>221.657</ele>
        <time>2024-12-13T08:08:03Z</time>
      </trkpt>
      <trkpt lat="41.645729" lon="2.439867">
        <ele>221.654</ele>
        <time>2024-12-13T08:08:06Z</time>
      </trkpt>
      <trkpt lat="41.645698" lon="2.439848">
        <ele>221.656</ele>
        <time>2024-12-13T08:08:10Z</time>
      </trkpt>
      <trkpt lat="41.645668" lon="2.439830">
        <ele>221.511</ele>
        <time>2024-12-13T08:08:13Z</time>
      </trkpt>
      <trkpt lat="41.645641" lon="2.439813">
        <ele>221.394</ele>
        <time>2024-12-13T08:08:16Z</time>
      </trkpt>
      <trkpt lat="41.645613" lon="2.439790">
        <ele>221.168</ele>
        <time>2024-12-13T08:08:19Z</time>
      </trkpt>
      <trkpt lat="41.645586" lon="2.439764">
        <ele>220.762</ele>
        <time>2024-12-13T08:08:23Z</time>
      </trkpt>
      <trkpt lat="41.645556" lon="2.439745">
        <ele>220.465</ele>
        <time>2024-12-13T08:08:26Z</time>
      </trkpt>
      <trkpt lat="41.645528" lon="2.439721">
        <ele>220.564</ele>
        <time>2024-12-13T08:08:29Z</time>
      </trkpt>
      <trkpt lat="41.645503" lon="2.439695">
        <ele>220.906</ele>
        <time>2024-12-13T08:08:34Z</time>
      </trkpt>
      <trkpt lat="41.645475" lon="2.439669">
        <ele>221.316</ele>
        <time>2024-12-13T08:08:38Z</time>
      </trkpt>
      <trkpt lat="41.645452" lon="2.439648">
        <ele>221.709</ele>
        <time>2024-12-13T08:08:40Z</time>
      </trkpt>
      <trkpt lat="41.645428" lon="2.439620">
        <ele>222.047</ele>
        <time>2024-12-13T08:08:43Z</time>
      </trkpt>
      <trkpt lat="41.645397" lon="2.439592">
        <ele>222.395</ele>
        <time>2024-12-13T08:08:47Z</time>
      </trkpt>
      <trkpt lat="41.645371" lon="2.439567">
        <ele>222.612</ele>
        <time>2024-12-13T08:08:50Z</time>
      </trkpt>
      <trkpt lat="41.645346" lon="2.439540">
        <ele>222.854</ele>
        <time>2024-12-13T08:08:54Z</time>
      </trkpt>
      <trkpt lat="41.645320" lon="2.439509">
        <ele>222.949</ele>
        <time>2024-12-13T08:08:57Z</time>
      </trkpt>
      <trkpt lat="41.645298" lon="2.439482">
        <ele>223.082</ele>
        <time>2024-12-13T08:09:00Z</time>
      </trkpt>
      <trkpt lat="41.645272" lon="2.439457">
        <ele>223.276</ele>
        <time>2024-12-13T08:09:03Z</time>
      </trkpt>
      <trkpt lat="41.645246" lon="2.439431">
        <ele>223.860</ele>
        <time>2024-12-13T08:09:06Z</time>
      </trkpt>
      <trkpt lat="41.645218" lon="2.439404">
        <ele>224.413</ele>
        <time>2024-12-13T08:09:09Z</time>
      </trkpt>
      <trkpt lat="41.645179" lon="2.439366">
        <ele>225.288</ele>
        <time>2024-12-13T08:09:14Z</time>
      </trkpt>
      <trkpt lat="41.645148" lon="2.439347">
        <ele>225.824</ele>
        <time>2024-12-13T08:09:17Z</time>
      </trkpt>
      <trkpt lat="41.645118" lon="2.439327">
        <ele>226.326</ele>
        <time>2024-12-13T08:09:20Z</time>
      </trkpt>
      <trkpt lat="41.645092" lon="2.439300">
        <ele>226.609</ele>
        <time>2024-12-13T08:09:23Z</time>
      </trkpt>
      <trkpt lat="41.645041" lon="2.439270">
        <ele>227.419</ele>
        <time>2024-12-13T08:09:29Z</time>
      </trkpt>
      <trkpt lat="41.645013" lon="2.439264">
        <ele>227.887</ele>
        <time>2024-12-13T08:09:32Z</time>
      </trkpt>
      <trkpt lat="41.644984" lon="2.439261">
        <ele>228.174</ele>
        <time>2024-12-13T08:09:35Z</time>
      </trkpt>
      <trkpt lat="41.644957" lon="2.439261">
        <ele>228.356</ele>
        <time>2024-12-13T08:09:37Z</time>
      </trkpt>
      <trkpt lat="41.644923" lon="2.439266">
        <ele>228.691</ele>
        <time>2024-12-13T08:09:41Z</time>
      </trkpt>
      <trkpt lat="41.644894" lon="2.439282">
        <ele>229.064</ele>
        <time>2024-12-13T08:09:44Z</time>
      </trkpt>
      <trkpt lat="41.644848" lon="2.439297">
        <ele>229.568</ele>
        <time>2024-12-13T08:09:49Z</time>
      </trkpt>
      <trkpt lat="41.644799" lon="2.439321">
        <ele>230.172</ele>
        <time>2024-12-13T08:09:54Z</time>
      </trkpt>
      <trkpt lat="41.644771" lon="2.439339">
        <ele>230.565</ele>
        <time>2024-12-13T08:09:57Z</time>
      </trkpt>
      <trkpt lat="41.644744" lon="2.439361">
        <ele>230.915</ele>
        <time>2024-12-13T08:10:00Z</time>
      </trkpt>
      <trkpt lat="41.644715" lon="2.439387">
        <ele>231.365</ele>
        <time>2024-12-13T08:10:05Z</time>
      </trkpt>
      <trkpt lat="41.644691" lon="2.439411">
        <ele>231.311</ele>
        <time>2024-12-13T08:10:08Z</time>
      </trkpt>
      <trkpt lat="41.644668" lon="2.439443">
        <ele>231.409</ele>
        <time>2024-12-13T08:10:12Z</time>
      </trkpt>
      <trkpt lat="41.644640" lon="2.439473">
        <ele>231.592</ele>
        <time>2024-12-13T08:10:16Z</time>
      </trkpt>
      <trkpt lat="41.644610" lon="2.439493">
        <ele>231.450</ele>
        <time>2024-12-13T08:10:19Z</time>
      </trkpt>
      <trkpt lat="41.644583" lon="2.439508">
        <ele>231.357</ele>
        <time>2024-12-13T08:10:22Z</time>
      </trkpt>
      <trkpt lat="41.644554" lon="2.439525">
        <ele>231.239</ele>
        <time>2024-12-13T08:10:25Z</time>
      </trkpt>
      <trkpt lat="41.644524" lon="2.439540">
        <ele>231.154</ele>
        <time>2024-12-13T08:10:28Z</time>
      </trkpt>
      <trkpt lat="41.644498" lon="2.439557">
        <ele>231.157</ele>
        <time>2024-12-13T08:10:33Z</time>
      </trkpt>
      <trkpt lat="41.644469" lon="2.439571">
        <ele>231.011</ele>
        <time>2024-12-13T08:10:36Z</time>
      </trkpt>
      <trkpt lat="41.644442" lon="2.439579">
        <ele>230.945</ele>
        <time>2024-12-13T08:10:38Z</time>
      </trkpt>
      <trkpt lat="41.644411" lon="2.439591">
        <ele>230.638</ele>
        <time>2024-12-13T08:10:41Z</time>
      </trkpt>
      <trkpt lat="41.644382" lon="2.439601">
        <ele>230.358</ele>
        <time>2024-12-13T08:10:44Z</time>
      </trkpt>
      <trkpt lat="41.644354" lon="2.439606">
        <ele>229.952</ele>
        <time>2024-12-13T08:10:48Z</time>
      </trkpt>
      <trkpt lat="41.644325" lon="2.439612">
        <ele>229.517</ele>
        <time>2024-12-13T08:10:51Z</time>
      </trkpt>
      <trkpt lat="41.644294" lon="2.439620">
        <ele>229.209</ele>
        <time>2024-12-13T08:10:54Z</time>
      </trkpt>
      <trkpt lat="41.644260" lon="2.439637">
        <ele>228.986</ele>
        <time>2024-12-13T08:10:58Z</time>
      </trkpt>
      <trkpt lat="41.644233" lon="2.439650">
        <ele>228.754</ele>
        <time>2024-12-13T08:11:01Z</time>
      </trkpt>
      <trkpt lat="41.644179" lon="2.439668">
        <ele>228.291</ele>
        <time>2024-12-13T08:11:07Z</time>
      </trkpt>
      <trkpt lat="41.644150" lon="2.439675">
        <ele>228.033</ele>
        <time>2024-12-13T08:11:10Z</time>
      </trkpt>
      <trkpt lat="41.644120" lon="2.439675">
        <ele>227.828</ele>
        <time>2024-12-13T08:11:12Z</time>
      </trkpt>
      <trkpt lat="41.644091" lon="2.439677">
        <ele>227.781</ele>
        <time>2024-12-13T08:11:15Z</time>
      </trkpt>
      <trkpt lat="41.644034" lon="2.439692">
        <ele>227.635</ele>
        <time>2024-12-13T08:11:21Z</time>
      </trkpt>
      <trkpt lat="41.643985" lon="2.439714">
        <ele>227.649</ele>
        <time>2024-12-13T08:11:26Z</time>
      </trkpt>
      <trkpt lat="41.643956" lon="2.439728">
        <ele>227.612</ele>
        <time>2024-12-13T08:11:29Z</time>
      </trkpt>
      <trkpt lat="41.643926" lon="2.439745">
        <ele>227.899</ele>
        <time>2024-12-13T08:11:32Z</time>
      </trkpt>
      <trkpt lat="41.643896" lon="2.439763">
        <ele>227.907</ele>
        <time>2024-12-13T08:11:35Z</time>
      </trkpt>
      <trkpt lat="41.643868" lon="2.439783">
        <ele>228.327</ele>
        <time>2024-12-13T08:11:38Z</time>
      </trkpt>
      <trkpt lat="41.643839" lon="2.439802">
        <ele>228.609</ele>
        <time>2024-12-13T08:11:41Z</time>
      </trkpt>
      <trkpt lat="41.643813" lon="2.439824">
        <ele>229.040</ele>
        <time>2024-12-13T08:11:45Z</time>
      </trkpt>
      <trkpt lat="41.643788" lon="2.439851">
        <ele>229.498</ele>
        <time>2024-12-13T08:11:48Z</time>
      </trkpt>
      <trkpt lat="41.643760" lon="2.439878">
        <ele>229.845</ele>
        <time>2024-12-13T08:11:53Z</time>
      </trkpt>
      <trkpt lat="41.643709" lon="2.439929">
        <ele>230.547</ele>
        <time>2024-12-13T08:12:01Z</time>
      </trkpt>
      <trkpt lat="41.643674" lon="2.439978">
        <ele>231.192</ele>
        <time>2024-12-13T08:12:07Z</time>
      </trkpt>
      <trkpt lat="41.643654" lon="2.440009">
        <ele>231.545</ele>
        <time>2024-12-13T08:12:10Z</time>
      </trkpt>
      <trkpt lat="41.643632" lon="2.440045">
        <ele>231.839</ele>
        <time>2024-12-13T08:12:15Z</time>
      </trkpt>
      <trkpt lat="41.643612" lon="2.440081">
        <ele>232.283</ele>
        <time>2024-12-13T08:12:18Z</time>
      </trkpt>
      <trkpt lat="41.643589" lon="2.440120">
        <ele>232.536</ele>
        <time>2024-12-13T08:12:24Z</time>
      </trkpt>
      <trkpt lat="41.643561" lon="2.440174">
        <ele>232.871</ele>
        <time>2024-12-13T08:12:29Z</time>
      </trkpt>
      <trkpt lat="41.643542" lon="2.440203">
        <ele>232.941</ele>
        <time>2024-12-13T08:12:32Z</time>
      </trkpt>
      <trkpt lat="41.643525" lon="2.440240">
        <ele>233.015</ele>
        <time>2024-12-13T08:12:36Z</time>
      </trkpt>
      <trkpt lat="41.643504" lon="2.440283">
        <ele>233.209</ele>
        <time>2024-12-13T08:12:40Z</time>
      </trkpt>
      <trkpt lat="41.643487" lon="2.440318">
        <ele>233.458</ele>
        <time>2024-12-13T08:12:44Z</time>
      </trkpt>
      <trkpt lat="41.643457" lon="2.440377">
        <ele>233.676</ele>
        <time>2024-12-13T08:12:49Z</time>
      </trkpt>
      <trkpt lat="41.643439" lon="2.440413">
        <ele>233.723</ele>
        <time>2024-12-13T08:12:53Z</time>
      </trkpt>
      <trkpt lat="41.643421" lon="2.440443">
        <ele>233.745</ele>
        <time>2024-12-13T08:12:55Z</time>
      </trkpt>
      <trkpt lat="41.643392" lon="2.440500">
        <ele>233.840</ele>
        <time>2024-12-13T08:13:01Z</time>
      </trkpt>
      <trkpt lat="41.643371" lon="2.440539">
        <ele>233.823</ele>
        <time>2024-12-13T08:13:04Z</time>
      </trkpt>
      <trkpt lat="41.643350" lon="2.440571">
        <ele>233.577</ele>
        <time>2024-12-13T08:13:08Z</time>
      </trkpt>
      <trkpt lat="41.643328" lon="2.440602">
        <ele>233.221</ele>
        <time>2024-12-13T08:13:12Z</time>
      </trkpt>
      <trkpt lat="41.643308" lon="2.440634">
        <ele>233.034</ele>
        <time>2024-12-13T08:13:15Z</time>
      </trkpt>
      <trkpt lat="41.643284" lon="2.440666">
        <ele>232.783</ele>
        <time>2024-12-13T08:13:19Z</time>
      </trkpt>
      <trkpt lat="41.643252" lon="2.440718">
        <ele>232.225</ele>
        <time>2024-12-13T08:13:24Z</time>
      </trkpt>
      <trkpt lat="41.643232" lon="2.440755">
        <ele>232.017</ele>
        <time>2024-12-13T08:13:29Z</time>
      </trkpt>
      <trkpt lat="41.643210" lon="2.440788">
        <ele>231.609</ele>
        <time>2024-12-13T08:13:32Z</time>
      </trkpt>
      <trkpt lat="41.643189" lon="2.440816">
        <ele>231.399</ele>
        <time>2024-12-13T08:13:36Z</time>
      </trkpt>
      <trkpt lat="41.643172" lon="2.440852">
        <ele>231.197</ele>
        <time>2024-12-13T08:13:39Z</time>
      </trkpt>
      <trkpt lat="41.643158" lon="2.440890">
        <ele>231.264</ele>
        <time>2024-12-13T08:13:44Z</time>
      </trkpt>
      <trkpt lat="41.643145" lon="2.440931">
        <ele>231.356</ele>
        <time>2024-12-13T08:13:48Z</time>
      </trkpt>
      <trkpt lat="41.643132" lon="2.440966">
        <ele>231.431</ele>
        <time>2024-12-13T08:13:51Z</time>
      </trkpt>
      <trkpt lat="41.643114" lon="2.440999">
        <ele>231.344</ele>
        <time>2024-12-13T08:13:54Z</time>
      </trkpt>
      <trkpt lat="41.643096" lon="2.441037">
        <ele>231.258</ele>
        <time>2024-12-13T08:13:58Z</time>
      </trkpt>
      <trkpt lat="41.643083" lon="2.441073">
        <ele>231.372</ele>
        <time>2024-12-13T08:14:02Z</time>
      </trkpt>
      <trkpt lat="41.643067" lon="2.441108">
        <ele>231.315</ele>
        <time>2024-12-13T08:14:06Z</time>
      </trkpt>
      <trkpt lat="41.643050" lon="2.441144">
        <ele>231.527</ele>
        <time>2024-12-13T08:14:10Z</time>
      </trkpt>
      <trkpt lat="41.643026" lon="2.441197">
        <ele>232.168</ele>
        <time>2024-12-13T08:14:15Z</time>
      </trkpt>
      <trkpt lat="41.642998" lon="2.441258">
        <ele>232.814</ele>
        <time>2024-12-13T08:14:20Z</time>
      </trkpt>
      <trkpt lat="41.642983" lon="2.441335">
        <ele>233.809</ele>
        <time>2024-12-13T08:14:25Z</time>
      </trkpt>
      <trkpt lat="41.642975" lon="2.441378">
        <ele>234.343</ele>
        <time>2024-12-13T08:14:28Z</time>
      </trkpt>
      <trkpt lat="41.642966" lon="2.441425">
        <ele>234.651</ele>
        <time>2024-12-13T08:14:32Z</time>
      </trkpt>
      <trkpt lat="41.642941" lon="2.441483">
        <ele>234.828</ele>
        <time>2024-12-13T08:14:36Z</time>
      </trkpt>
      <trkpt lat="41.642926" lon="2.441518">
        <ele>234.890</ele>
        <time>2024-12-13T08:14:39Z</time>
      </trkpt>
      <trkpt lat="41.642912" lon="2.441553">
        <ele>234.815</ele>
        <time>2024-12-13T08:14:42Z</time>
      </trkpt>
      <trkpt lat="41.642894" lon="2.441589">
        <ele>234.748</ele>
        <time>2024-12-13T08:14:45Z</time>
      </trkpt>
      <trkpt lat="41.642884" lon="2.441633">
        <ele>234.842</ele>
        <time>2024-12-13T08:14:50Z</time>
      </trkpt>
      <trkpt lat="41.642885" lon="2.441681">
        <ele>234.936</ele>
        <time>2024-12-13T08:14:54Z</time>
      </trkpt>
      <trkpt lat="41.642895" lon="2.441723">
        <ele>235.189</ele>
        <time>2024-12-13T08:14:58Z</time>
      </trkpt>
      <trkpt lat="41.642903" lon="2.441766">
        <ele>235.397</ele>
        <time>2024-12-13T08:15:01Z</time>
      </trkpt>
      <trkpt lat="41.642915" lon="2.441807">
        <ele>235.523</ele>
        <time>2024-12-13T08:15:05Z</time>
      </trkpt>
      <trkpt lat="41.642925" lon="2.441846">
        <ele>235.725</ele>
        <time>2024-12-13T08:15:08Z</time>
      </trkpt>
      <trkpt lat="41.642939" lon="2.441885">
        <ele>235.909</ele>
        <time>2024-12-13T08:15:12Z</time>
      </trkpt>
      <trkpt lat="41.642950" lon="2.441924">
        <ele>236.130</ele>
        <time>2024-12-13T08:15:15Z</time>
      </trkpt>
      <trkpt lat="41.642959" lon="2.441961">
        <ele>236.198</ele>
        <time>2024-12-13T08:15:18Z</time>
      </trkpt>
      <trkpt lat="41.642968" lon="2.442001">
        <ele>236.045</ele>
        <time>2024-12-13T08:15:22Z</time>
      </trkpt>
      <trkpt lat="41.642980" lon="2.442043">
        <ele>235.987</ele>
        <time>2024-12-13T08:15:25Z</time>
      </trkpt>
      <trkpt lat="41.642988" lon="2.442083">
        <ele>235.862</ele>
        <time>2024-12-13T08:15:28Z</time>
      </trkpt>
      <trkpt lat="41.642994" lon="2.442125">
        <ele>235.695</ele>
        <time>2024-12-13T08:15:31Z</time>
      </trkpt>
      <trkpt lat="41.642998" lon="2.442172">
        <ele>235.389</ele>
        <time>2024-12-13T08:15:34Z</time>
      </trkpt>
      <trkpt lat="41.643007" lon="2.442209">
        <ele>235.253</ele>
        <time>2024-12-13T08:15:38Z</time>
      </trkpt>
      <trkpt lat="41.643015" lon="2.442254">
        <ele>235.426</ele>
        <time>2024-12-13T08:15:41Z</time>
      </trkpt>
      <trkpt lat="41.643022" lon="2.442298">
        <ele>235.725</ele>
        <time>2024-12-13T08:15:44Z</time>
      </trkpt>
      <trkpt lat="41.643023" lon="2.442341">
        <ele>235.826</ele>
        <time>2024-12-13T08:15:48Z</time>
      </trkpt>
      <trkpt lat="41.643026" lon="2.442385">
        <ele>236.108</ele>
        <time>2024-12-13T08:15:51Z</time>
      </trkpt>
      <trkpt lat="41.643026" lon="2.442428">
        <ele>236.209</ele>
        <time>2024-12-13T08:15:54Z</time>
      </trkpt>
      <trkpt lat="41.643023" lon="2.442472">
        <ele>236.363</ele>
        <time>2024-12-13T08:15:57Z</time>
      </trkpt>
      <trkpt lat="41.643022" lon="2.442512">
        <ele>236.511</ele>
        <time>2024-12-13T08:16:01Z</time>
      </trkpt>
      <trkpt lat="41.643012" lon="2.442554">
        <ele>236.738</ele>
        <time>2024-12-13T08:16:04Z</time>
      </trkpt>
      <trkpt lat="41.643010" lon="2.442596">
        <ele>237.020</ele>
        <time>2024-12-13T08:16:08Z</time>
      </trkpt>
      <trkpt lat="41.643010" lon="2.442640">
        <ele>237.455</ele>
        <time>2024-12-13T08:16:11Z</time>
      </trkpt>
      <trkpt lat="41.643008" lon="2.442686">
        <ele>237.718</ele>
        <time>2024-12-13T08:16:15Z</time>
      </trkpt>
      <trkpt lat="41.643009" lon="2.442732">
        <ele>238.152</ele>
        <time>2024-12-13T08:16:18Z</time>
      </trkpt>
      <trkpt lat="41.643011" lon="2.442775">
        <ele>238.526</ele>
        <time>2024-12-13T08:16:22Z</time>
      </trkpt>
      <trkpt lat="41.643011" lon="2.442819">
        <ele>238.829</ele>
        <time>2024-12-13T08:16:25Z</time>
      </trkpt>
      <trkpt lat="41.643008" lon="2.442857">
        <ele>239.163</ele>
        <time>2024-12-13T08:16:27Z</time>
      </trkpt>
      <trkpt lat="41.643001" lon="2.442901">
        <ele>239.444</ele>
        <time>2024-12-13T08:16:30Z</time>
      </trkpt>
      <trkpt lat="41.642988" lon="2.442945">
        <ele>239.618</ele>
        <time>2024-12-13T08:16:34Z</time>
      </trkpt>
      <trkpt lat="41.642972" lon="2.442984">
        <ele>239.809</ele>
        <time>2024-12-13T08:16:37Z</time>
      </trkpt>
      <trkpt lat="41.642950" lon="2.443017">
        <ele>239.977</ele>
        <time>2024-12-13T08:16:40Z</time>
      </trkpt>
      <trkpt lat="41.642924" lon="2.443051">
        <ele>240.075</ele>
        <time>2024-12-13T08:16:43Z</time>
      </trkpt>
      <trkpt lat="41.642903" lon="2.443076">
        <ele>240.052</ele>
        <time>2024-12-13T08:16:46Z</time>
      </trkpt>
      <trkpt lat="41.642858" lon="2.443110">
        <ele>240.054</ele>
        <time>2024-12-13T08:16:51Z</time>
      </trkpt>
      <trkpt lat="41.642829" lon="2.443131">
        <ele>239.999</ele>
        <time>2024-12-13T08:16:54Z</time>
      </trkpt>
      <trkpt lat="41.642800" lon="2.443151">
        <ele>239.832</ele>
        <time>2024-12-13T08:16:58Z</time>
      </trkpt>
      <trkpt lat="41.642770" lon="2.443169">
        <ele>239.796</ele>
        <time>2024-12-13T08:17:01Z</time>
      </trkpt>
      <trkpt lat="41.642742" lon="2.443189">
        <ele>239.660</ele>
        <time>2024-12-13T08:17:04Z</time>
      </trkpt>
      <trkpt lat="41.642714" lon="2.443208">
        <ele>239.513</ele>
        <time>2024-12-13T08:17:08Z</time>
      </trkpt>
      <trkpt lat="41.642686" lon="2.443226">
        <ele>239.446</ele>
        <time>2024-12-13T08:17:12Z</time>
      </trkpt>
      <trkpt lat="41.642657" lon="2.443248">
        <ele>239.488</ele>
        <time>2024-12-13T08:17:17Z</time>
      </trkpt>
      <trkpt lat="41.642634" lon="2.443268">
        <ele>239.416</ele>
        <time>2024-12-13T08:17:19Z</time>
      </trkpt>
      <trkpt lat="41.642610" lon="2.443292">
        <ele>239.409</ele>
        <time>2024-12-13T08:17:26Z</time>
      </trkpt>
      <trkpt lat="41.642587" lon="2.443314">
        <ele>239.445</ele>
        <time>2024-12-13T08:17:30Z</time>
      </trkpt>
      <trkpt lat="41.642562" lon="2.443338">
        <ele>239.543</ele>
        <time>2024-12-13T08:17:34Z</time>
      </trkpt>
      <trkpt lat="41.642536" lon="2.443362">
        <ele>239.560</ele>
        <time>2024-12-13T08:17:39Z</time>
      </trkpt>
      <trkpt lat="41.642511" lon="2.443382">
        <ele>239.462</ele>
        <time>2024-12-13T08:17:43Z</time>
      </trkpt>
      <trkpt lat="41.642486" lon="2.443407">
        <ele>239.417</ele>
        <time>2024-12-13T08:17:48Z</time>
      </trkpt>
      <trkpt lat="41.642450" lon="2.443444">
        <ele>239.540</ele>
        <time>2024-12-13T08:17:53Z</time>
      </trkpt>
      <trkpt lat="41.642423" lon="2.443470">
        <ele>239.644</ele>
        <time>2024-12-13T08:17:56Z</time>
      </trkpt>
      <trkpt lat="41.642396" lon="2.443490">
        <ele>239.698</ele>
        <time>2024-12-13T08:17:59Z</time>
      </trkpt>
      <trkpt lat="41.642370" lon="2.443513">
        <ele>239.721</ele>
        <time>2024-12-13T08:18:01Z</time>
      </trkpt>
      <trkpt lat="41.642318" lon="2.443548">
        <ele>239.737</ele>
        <time>2024-12-13T08:18:08Z</time>
      </trkpt>
      <trkpt lat="41.642286" lon="2.443576">
        <ele>239.949</ele>
        <time>2024-12-13T08:18:12Z</time>
      </trkpt>
      <trkpt lat="41.642245" lon="2.443621">
        <ele>240.213</ele>
        <time>2024-12-13T08:18:18Z</time>
      </trkpt>
      <trkpt lat="41.642218" lon="2.443645">
        <ele>240.209</ele>
        <time>2024-12-13T08:18:22Z</time>
      </trkpt>
      <trkpt lat="41.642170" lon="2.443693">
        <ele>240.254</ele>
        <time>2024-12-13T08:18:29Z</time>
      </trkpt>
      <trkpt lat="41.642145" lon="2.443724">
        <ele>240.362</ele>
        <time>2024-12-13T08:18:33Z</time>
      </trkpt>
      <trkpt lat="41.642126" lon="2.443757">
        <ele>240.499</ele>
        <time>2024-12-13T08:18:38Z</time>
      </trkpt>
      <trkpt lat="41.642108" lon="2.443786">
        <ele>240.451</ele>
        <time>2024-12-13T08:18:41Z</time>
      </trkpt>
      <trkpt lat="41.642089" lon="2.443820">
        <ele>240.576</ele>
        <time>2024-12-13T08:18:46Z</time>
      </trkpt>
      <trkpt lat="41.642068" lon="2.443851">
        <ele>240.689</ele>
        <time>2024-12-13T08:18:49Z</time>
      </trkpt>
      <trkpt lat="41.642046" lon="2.443893">
        <ele>240.813</ele>
        <time>2024-12-13T08:18:53Z</time>
      </trkpt>
      <trkpt lat="41.642027" lon="2.443935">
        <ele>241.237</ele>
        <time>2024-12-13T08:18:57Z</time>
      </trkpt>
      <trkpt lat="41.642001" lon="2.443994">
        <ele>241.860</ele>
        <time>2024-12-13T08:19:03Z</time>
      </trkpt>
      <trkpt lat="41.641982" lon="2.444030">
        <ele>242.235</ele>
        <time>2024-12-13T08:19:07Z</time>
      </trkpt>
      <trkpt lat="41.641964" lon="2.444070">
        <ele>242.786</ele>
        <time>2024-12-13T08:19:11Z</time>
      </trkpt>
      <trkpt lat="41.641946" lon="2.444107">
        <ele>243.114</ele>
        <time>2024-12-13T08:19:14Z</time>
      </trkpt>
      <trkpt lat="41.641928" lon="2.444135">
        <ele>243.309</ele>
        <time>2024-12-13T08:19:16Z</time>
      </trkpt>
      <trkpt lat="41.641910" lon="2.444170">
        <ele>243.664</ele>
        <time>2024-12-13T08:19:19Z</time>
      </trkpt>
      <trkpt lat="41.641893" lon="2.444203">
        <ele>243.872</ele>
        <time>2024-12-13T08:19:22Z</time>
      </trkpt>
      <trkpt lat="41.641878" lon="2.444240">
        <ele>244.149</ele>
        <time>2024-12-13T08:19:25Z</time>
      </trkpt>
      <trkpt lat="41.641858" lon="2.444275">
        <ele>244.321</ele>
        <time>2024-12-13T08:19:28Z</time>
      </trkpt>
      <trkpt lat="41.641826" lon="2.444337">
        <ele>244.756</ele>
        <time>2024-12-13T08:19:35Z</time>
      </trkpt>
      <trkpt lat="41.641795" lon="2.444394">
        <ele>245.159</ele>
        <time>2024-12-13T08:19:40Z</time>
      </trkpt>
      <trkpt lat="41.641778" lon="2.444430">
        <ele>245.443</ele>
        <time>2024-12-13T08:19:44Z</time>
      </trkpt>
      <trkpt lat="41.641765" lon="2.444467">
        <ele>245.897</ele>
        <time>2024-12-13T08:19:47Z</time>
      </trkpt>
      <trkpt lat="41.641742" lon="2.444534">
        <ele>246.530</ele>
        <time>2024-12-13T08:19:54Z</time>
      </trkpt>
      <trkpt lat="41.641735" lon="2.444576">
        <ele>247.034</ele>
        <time>2024-12-13T08:19:59Z</time>
      </trkpt>
      <trkpt lat="41.641727" lon="2.444615">
        <ele>247.555</ele>
        <time>2024-12-13T08:20:03Z</time>
      </trkpt>
      <trkpt lat="41.641707" lon="2.444679">
        <ele>248.110</ele>
        <time>2024-12-13T08:20:08Z</time>
      </trkpt>
      <trkpt lat="41.641689" lon="2.444715">
        <ele>248.309</ele>
        <time>2024-12-13T08:20:11Z</time>
      </trkpt>
      <trkpt lat="41.641667" lon="2.444747">
        <ele>248.444</ele>
        <time>2024-12-13T08:20:14Z</time>
      </trkpt>
      <trkpt lat="41.641628" lon="2.444790">
        <ele>248.012</ele>
        <time>2024-12-13T08:20:19Z</time>
      </trkpt>
      <trkpt lat="41.641584" lon="2.444813">
        <ele>247.189</ele>
        <time>2024-12-13T08:20:23Z</time>
      </trkpt>
      <trkpt lat="41.641554" lon="2.444835">
        <ele>246.671</ele>
        <time>2024-12-13T08:20:26Z</time>
      </trkpt>
      <trkpt lat="41.641524" lon="2.444856">
        <ele>246.196</ele>
        <time>2024-12-13T08:20:29Z</time>
      </trkpt>
      <trkpt lat="41.641496" lon="2.444880">
        <ele>245.619</ele>
        <time>2024-12-13T08:20:32Z</time>
      </trkpt>
      <trkpt lat="41.641464" lon="2.444906">
        <ele>245.143</ele>
        <time>2024-12-13T08:20:36Z</time>
      </trkpt>
      <trkpt lat="41.641437" lon="2.444930">
        <ele>244.617</ele>
        <time>2024-12-13T08:20:39Z</time>
      </trkpt>
      <trkpt lat="41.641414" lon="2.444952">
        <ele>244.230</ele>
        <time>2024-12-13T08:20:41Z</time>
      </trkpt>
      <trkpt lat="41.641388" lon="2.444980">
        <ele>243.833</ele>
        <time>2024-12-13T08:20:44Z</time>
      </trkpt>
      <trkpt lat="41.641353" lon="2.445019">
        <ele>243.523</ele>
        <time>2024-12-13T08:20:48Z</time>
      </trkpt>
      <trkpt lat="41.641324" lon="2.445042">
        <ele>243.315</ele>
        <time>2024-12-13T08:20:51Z</time>
      </trkpt>
      <trkpt lat="41.641294" lon="2.445066">
        <ele>243.009</ele>
        <time>2024-12-13T08:20:55Z</time>
      </trkpt>
      <trkpt lat="41.641251" lon="2.445109">
        <ele>242.644</ele>
        <time>2024-12-13T08:21:00Z</time>
      </trkpt>
      <trkpt lat="41.641228" lon="2.445138">
        <ele>242.462</ele>
        <time>2024-12-13T08:21:03Z</time>
      </trkpt>
      <trkpt lat="41.641206" lon="2.445167">
        <ele>242.329</ele>
        <time>2024-12-13T08:21:06Z</time>
      </trkpt>
      <trkpt lat="41.641163" lon="2.445209">
        <ele>241.781</ele>
        <time>2024-12-13T08:21:11Z</time>
      </trkpt>
      <trkpt lat="41.641140" lon="2.445242">
        <ele>241.476</ele>
        <time>2024-12-13T08:21:14Z</time>
      </trkpt>
      <trkpt lat="41.641119" lon="2.445268">
        <ele>241.169</ele>
        <time>2024-12-13T08:21:16Z</time>
      </trkpt>
      <trkpt lat="41.641092" lon="2.445295">
        <ele>241.143</ele>
        <time>2024-12-13T08:21:20Z</time>
      </trkpt>
      <trkpt lat="41.641054" lon="2.445342">
        <ele>241.697</ele>
        <time>2024-12-13T08:21:24Z</time>
      </trkpt>
      <trkpt lat="41.641033" lon="2.445370">
        <ele>241.740</ele>
        <time>2024-12-13T08:21:27Z</time>
      </trkpt>
      <trkpt lat="41.641009" lon="2.445405">
        <ele>241.952</ele>
        <time>2024-12-13T08:21:30Z</time>
      </trkpt>
      <trkpt lat="41.640985" lon="2.445433">
        <ele>241.853</ele>
        <time>2024-12-13T08:21:34Z</time>
      </trkpt>
      <trkpt lat="41.640975" lon="2.445474">
        <ele>242.308</ele>
        <time>2024-12-13T08:21:36Z</time>
      </trkpt>
      <trkpt lat="41.640955" lon="2.445503">
        <ele>242.109</ele>
        <time>2024-12-13T08:21:39Z</time>
      </trkpt>
      <trkpt lat="41.640901" lon="2.445501">
        <ele>240.636</ele>
        <time>2024-12-13T08:21:44Z</time>
      </trkpt>
      <trkpt lat="41.640857" lon="2.445533">
        <ele>239.614</ele>
        <time>2024-12-13T08:21:49Z</time>
      </trkpt>
      <trkpt lat="41.640838" lon="2.445563">
        <ele>239.341</ele>
        <time>2024-12-13T08:21:52Z</time>
      </trkpt>
      <trkpt lat="41.640818" lon="2.445595">
        <ele>239.513</ele>
        <time>2024-12-13T08:21:55Z</time>
      </trkpt>
      <trkpt lat="41.640797" lon="2.445622">
        <ele>239.688</ele>
        <time>2024-12-13T08:21:58Z</time>
      </trkpt>
      <trkpt lat="41.640775" lon="2.445651">
        <ele>239.771</ele>
        <time>2024-12-13T08:22:00Z</time>
      </trkpt>
      <trkpt lat="41.640755" lon="2.445679">
        <ele>239.765</ele>
        <time>2024-12-13T08:22:03Z</time>
      </trkpt>
      <trkpt lat="41.640732" lon="2.445708">
        <ele>239.739</ele>
        <time>2024-12-13T08:22:06Z</time>
      </trkpt>
      <trkpt lat="41.640710" lon="2.445738">
        <ele>239.652</ele>
        <time>2024-12-13T08:22:09Z</time>
      </trkpt>
      <trkpt lat="41.640689" lon="2.445768">
        <ele>239.694</ele>
        <time>2024-12-13T08:22:12Z</time>
      </trkpt>
      <trkpt lat="41.640663" lon="2.445805">
        <ele>239.457</ele>
        <time>2024-12-13T08:22:15Z</time>
      </trkpt>
      <trkpt lat="41.640625" lon="2.445849">
        <ele>238.922</ele>
        <time>2024-12-13T08:22:20Z</time>
      </trkpt>
      <trkpt lat="41.640600" lon="2.445880">
        <ele>238.509</ele>
        <time>2024-12-13T08:22:23Z</time>
      </trkpt>
      <trkpt lat="41.640579" lon="2.445905">
        <ele>238.150</ele>
        <time>2024-12-13T08:22:26Z</time>
      </trkpt>
      <trkpt lat="41.640541" lon="2.445951">
        <ele>237.858</ele>
        <time>2024-12-13T08:22:30Z</time>
      </trkpt>
      <trkpt lat="41.640514" lon="2.445979">
        <ele>237.825</ele>
        <time>2024-12-13T08:22:34Z</time>
      </trkpt>
      <trkpt lat="41.640486" lon="2.446008">
        <ele>237.957</ele>
        <time>2024-12-13T08:22:37Z</time>
      </trkpt>
      <trkpt lat="41.640455" lon="2.446035">
        <ele>237.872</ele>
        <time>2024-12-13T08:22:40Z</time>
      </trkpt>
      <trkpt lat="41.640428" lon="2.446058">
        <ele>237.895</ele>
        <time>2024-12-13T08:22:43Z</time>
      </trkpt>
      <trkpt lat="41.640385" lon="2.446102">
        <ele>237.799</ele>
        <time>2024-12-13T08:22:48Z</time>
      </trkpt>
      <trkpt lat="41.640354" lon="2.446124">
        <ele>237.773</ele>
        <time>2024-12-13T08:22:52Z</time>
      </trkpt>
      <trkpt lat="41.640329" lon="2.446146">
        <ele>237.636</ele>
        <time>2024-12-13T08:22:55Z</time>
      </trkpt>
      <trkpt lat="41.640301" lon="2.446170">
        <ele>237.687</ele>
        <time>2024-12-13T08:22:58Z</time>
      </trkpt>
      <trkpt lat="41.640253" lon="2.446198">
        <ele>237.842</ele>
        <time>2024-12-13T08:23:02Z</time>
      </trkpt>
      <trkpt lat="41.640223" lon="2.446221">
        <ele>238.126</ele>
        <time>2024-12-13T08:23:06Z</time>
      </trkpt>
      <trkpt lat="41.640195" lon="2.446243">
        <ele>238.409</ele>
        <time>2024-12-13T08:23:09Z</time>
      </trkpt>
      <trkpt lat="41.640149" lon="2.446278">
        <ele>238.949</ele>
        <time>2024-12-13T08:23:13Z</time>
      </trkpt>
      <trkpt lat="41.640121" lon="2.446297">
        <ele>239.137</ele>
        <time>2024-12-13T08:23:16Z</time>
      </trkpt>
      <trkpt lat="41.640094" lon="2.446320">
        <ele>239.324</ele>
        <time>2024-12-13T08:23:19Z</time>
      </trkpt>
      <trkpt lat="41.640068" lon="2.446344">
        <ele>239.686</ele>
        <time>2024-12-13T08:23:23Z</time>
      </trkpt>
      <trkpt lat="41.640040" lon="2.446365">
        <ele>239.811</ele>
        <time>2024-12-13T08:23:27Z</time>
      </trkpt>
      <trkpt lat="41.640017" lon="2.446392">
        <ele>239.964</ele>
        <time>2024-12-13T08:23:30Z</time>
      </trkpt>
      <trkpt lat="41.639995" lon="2.446422">
        <ele>240.188</ele>
        <time>2024-12-13T08:23:33Z</time>
      </trkpt>
      <trkpt lat="41.639976" lon="2.446454">
        <ele>240.292</ele>
        <time>2024-12-13T08:23:36Z</time>
      </trkpt>
      <trkpt lat="41.639947" lon="2.446514">
        <ele>240.565</ele>
        <time>2024-12-13T08:23:42Z</time>
      </trkpt>
      <trkpt lat="41.639931" lon="2.446553">
        <ele>240.634</ele>
        <time>2024-12-13T08:23:46Z</time>
      </trkpt>
      <trkpt lat="41.639920" lon="2.446592">
        <ele>240.755</ele>
        <time>2024-12-13T08:23:48Z</time>
      </trkpt>
      <trkpt lat="41.639906" lon="2.446630">
        <ele>240.710</ele>
        <time>2024-12-13T08:23:52Z</time>
      </trkpt>
      <trkpt lat="41.639892" lon="2.446667">
        <ele>240.809</ele>
        <time>2024-12-13T08:23:55Z</time>
      </trkpt>
      <trkpt lat="41.639876" lon="2.446700">
        <ele>241.084</ele>
        <time>2024-12-13T08:23:59Z</time>
      </trkpt>
      <trkpt lat="41.639860" lon="2.446730">
        <ele>241.292</ele>
        <time>2024-12-13T08:24:01Z</time>
      </trkpt>
      <trkpt lat="41.639835" lon="2.446755">
        <ele>241.429</ele>
        <time>2024-12-13T08:24:04Z</time>
      </trkpt>
      <trkpt lat="41.639804" lon="2.446771">
        <ele>241.641</ele>
        <time>2024-12-13T08:24:08Z</time>
      </trkpt>
      <trkpt lat="41.639775" lon="2.446777">
        <ele>241.856</ele>
        <time>2024-12-13T08:24:11Z</time>
      </trkpt>
      <trkpt lat="41.639743" lon="2.446809">
        <ele>241.939</ele>
        <time>2024-12-13T08:24:17Z</time>
      </trkpt>
      <trkpt lat="41.639712" lon="2.446796">
        <ele>242.293</ele>
        <time>2024-12-13T08:24:21Z</time>
      </trkpt>
      <trkpt lat="41.639685" lon="2.446830">
        <ele>242.777</ele>
        <time>2024-12-13T08:24:26Z</time>
      </trkpt>
      <trkpt lat="41.639671" lon="2.446891">
        <ele>243.110</ele>
        <time>2024-12-13T08:24:31Z</time>
      </trkpt>
      <trkpt lat="41.639675" lon="2.446956">
        <ele>243.126</ele>
        <time>2024-12-13T08:24:37Z</time>
      </trkpt>
      <trkpt lat="41.639669" lon="2.446994">
        <ele>243.347</ele>
        <time>2024-12-13T08:24:41Z</time>
      </trkpt>
      <trkpt lat="41.639662" lon="2.447029">
        <ele>243.611</ele>
        <time>2024-12-13T08:24:45Z</time>
      </trkpt>
      <trkpt lat="41.639657" lon="2.447066">
        <ele>243.809</ele>
        <time>2024-12-13T08:24:48Z</time>
      </trkpt>
      <trkpt lat="41.639650" lon="2.447106">
        <ele>244.163</ele>
        <time>2024-12-13T08:24:53Z</time>
      </trkpt>
      <trkpt lat="41.639637" lon="2.447142">
        <ele>244.641</ele>
        <time>2024-12-13T08:24:57Z</time>
      </trkpt>
      <trkpt lat="41.639629" lon="2.447178">
        <ele>244.958</ele>
        <time>2024-12-13T08:25:00Z</time>
      </trkpt>
      <trkpt lat="41.639622" lon="2.447216">
        <ele>245.190</ele>
        <time>2024-12-13T08:25:03Z</time>
      </trkpt>
      <trkpt lat="41.639610" lon="2.447252">
        <ele>245.625</ele>
        <time>2024-12-13T08:25:07Z</time>
      </trkpt>
      <trkpt lat="41.639614" lon="2.447323">
        <ele>245.868</ele>
        <time>2024-12-13T08:25:15Z</time>
      </trkpt>
      <trkpt lat="41.639619" lon="2.447363">
        <ele>245.932</ele>
        <time>2024-12-13T08:25:20Z</time>
      </trkpt>
      <trkpt lat="41.639613" lon="2.447404">
        <ele>246.376</ele>
        <time>2024-12-13T08:25:24Z</time>
      </trkpt>
      <trkpt lat="41.639604" lon="2.447445">
        <ele>246.729</ele>
        <time>2024-12-13T08:25:28Z</time>
      </trkpt>
      <trkpt lat="41.639599" lon="2.447526">
        <ele>247.297</ele>
        <time>2024-12-13T08:25:34Z</time>
      </trkpt>
      <trkpt lat="41.639593" lon="2.447565">
        <ele>247.523</ele>
        <time>2024-12-13T08:25:41Z</time>
      </trkpt>
      <trkpt lat="41.639585" lon="2.447603">
        <ele>247.825</ele>
        <time>2024-12-13T08:25:44Z</time>
      </trkpt>
      <trkpt lat="41.639571" lon="2.447641">
        <ele>248.309</ele>
        <time>2024-12-13T08:25:49Z</time>
      </trkpt>
      <trkpt lat="41.639557" lon="2.447676">
        <ele>248.880</ele>
        <time>2024-12-13T08:25:55Z</time>
      </trkpt>
      <trkpt lat="41.639549" lon="2.447714">
        <ele>249.118</ele>
        <time>2024-12-13T08:25:59Z</time>
      </trkpt>
      <trkpt lat="41.639537" lon="2.447788">
        <ele>249.715</ele>
        <time>2024-12-13T08:26:08Z</time>
      </trkpt>
      <trkpt lat="41.639535" lon="2.447829">
        <ele>250.177</ele>
        <time>2024-12-13T08:26:12Z</time>
      </trkpt>
      <trkpt lat="41.639535" lon="2.447868">
        <ele>250.492</ele>
        <time>2024-12-13T08:26:16Z</time>
      </trkpt>
      <trkpt lat="41.639535" lon="2.447907">
        <ele>250.635</ele>
        <time>2024-12-13T08:26:19Z</time>
      </trkpt>
      <trkpt lat="41.639540" lon="2.447944">
        <ele>250.849</ele>
        <time>2024-12-13T08:26:21Z</time>
      </trkpt>
      <trkpt lat="41.639546" lon="2.447986">
        <ele>250.963</ele>
        <time>2024-12-13T08:26:24Z</time>
      </trkpt>
      <trkpt lat="41.639549" lon="2.448024">
        <ele>251.156</ele>
        <time>2024-12-13T08:26:29Z</time>
      </trkpt>
      <trkpt lat="41.639555" lon="2.448070">
        <ele>251.355</ele>
        <time>2024-12-13T08:26:32Z</time>
      </trkpt>
      <trkpt lat="41.639561" lon="2.448112">
        <ele>251.507</ele>
        <time>2024-12-13T08:26:37Z</time>
      </trkpt>
      <trkpt lat="41.639563" lon="2.448152">
        <ele>251.717</ele>
        <time>2024-12-13T08:26:41Z</time>
      </trkpt>
      <trkpt lat="41.639569" lon="2.448190">
        <ele>251.809</ele>
        <time>2024-12-13T08:26:44Z</time>
      </trkpt>
      <trkpt lat="41.639569" lon="2.448230">
        <ele>252.176</ele>
        <time>2024-12-13T08:26:49Z</time>
      </trkpt>
      <trkpt lat="41.639572" lon="2.448267">
        <ele>252.324</ele>
        <time>2024-12-13T08:26:52Z</time>
      </trkpt>
      <trkpt lat="41.639575" lon="2.448307">
        <ele>252.571</ele>
        <time>2024-12-13T08:26:56Z</time>
      </trkpt>
      <trkpt lat="41.639576" lon="2.448349">
        <ele>252.853</ele>
        <time>2024-12-13T08:27:01Z</time>
      </trkpt>
      <trkpt lat="41.639585" lon="2.448393">
        <ele>253.088</ele>
        <time>2024-12-13T08:27:05Z</time>
      </trkpt>
      <trkpt lat="41.639598" lon="2.448436">
        <ele>253.171</ele>
        <time>2024-12-13T08:27:09Z</time>
      </trkpt>
      <trkpt lat="41.639610" lon="2.448477">
        <ele>253.255</ele>
        <time>2024-12-13T08:27:13Z</time>
      </trkpt>
      <trkpt lat="41.639621" lon="2.448518">
        <ele>253.339</ele>
        <time>2024-12-13T08:27:17Z</time>
      </trkpt>
      <trkpt lat="41.639631" lon="2.448558">
        <ele>253.582</ele>
        <time>2024-12-13T08:27:20Z</time>
      </trkpt>
      <trkpt lat="41.639656" lon="2.448618">
        <ele>253.543</ele>
        <time>2024-12-13T08:27:26Z</time>
      </trkpt>
      <trkpt lat="41.639666" lon="2.448654">
        <ele>253.664</ele>
        <time>2024-12-13T08:27:29Z</time>
      </trkpt>
      <trkpt lat="41.639669" lon="2.448730">
        <ele>254.410</ele>
        <time>2024-12-13T08:27:36Z</time>
      </trkpt>
      <trkpt lat="41.639677" lon="2.448773">
        <ele>254.609</ele>
        <time>2024-12-13T08:27:39Z</time>
      </trkpt>
      <trkpt lat="41.639689" lon="2.448822">
        <ele>254.975</ele>
        <time>2024-12-13T08:27:44Z</time>
      </trkpt>
      <trkpt lat="41.639701" lon="2.448865">
        <ele>255.113</ele>
        <time>2024-12-13T08:27:49Z</time>
      </trkpt>
      <trkpt lat="41.639707" lon="2.448907">
        <ele>255.520</ele>
        <time>2024-12-13T08:27:52Z</time>
      </trkpt>
      <trkpt lat="41.639713" lon="2.448945">
        <ele>255.812</ele>
        <time>2024-12-13T08:27:57Z</time>
      </trkpt>
      <trkpt lat="41.639727" lon="2.449018">
        <ele>256.497</ele>
        <time>2024-12-13T08:28:04Z</time>
      </trkpt>
      <trkpt lat="41.639741" lon="2.449061">
        <ele>256.770</ele>
        <time>2024-12-13T08:28:09Z</time>
      </trkpt>
      <trkpt lat="41.639752" lon="2.449125">
        <ele>257.324</ele>
        <time>2024-12-13T08:28:15Z</time>
      </trkpt>
      <trkpt lat="41.639758" lon="2.449165">
        <ele>257.758</ele>
        <time>2024-12-13T08:28:20Z</time>
      </trkpt>
      <trkpt lat="41.639775" lon="2.449199">
        <ele>258.261</ele>
        <time>2024-12-13T08:28:26Z</time>
      </trkpt>
      <trkpt lat="41.639810" lon="2.449244">
        <ele>258.783</ele>
        <time>2024-12-13T08:28:34Z</time>
      </trkpt>
      <trkpt lat="41.639831" lon="2.449268">
        <ele>258.925</ele>
        <time>2024-12-13T08:28:39Z</time>
      </trkpt>
      <trkpt lat="41.639871" lon="2.449324">
        <ele>259.517</ele>
        <time>2024-12-13T08:28:48Z</time>
      </trkpt>
      <trkpt lat="41.639915" lon="2.449369">
        <ele>259.709</ele>
        <time>2024-12-13T08:28:56Z</time>
      </trkpt>
      <trkpt lat="41.639938" lon="2.449396">
        <ele>259.969</ele>
        <time>2024-12-13T08:29:01Z</time>
      </trkpt>
      <trkpt lat="41.639960" lon="2.449422">
        <ele>260.117</ele>
        <time>2024-12-13T08:29:06Z</time>
      </trkpt>
      <trkpt lat="41.639983" lon="2.449450">
        <ele>260.394</ele>
        <time>2024-12-13T08:29:10Z</time>
      </trkpt>
      <trkpt lat="41.640011" lon="2.449511">
        <ele>260.826</ele>
        <time>2024-12-13T08:29:19Z</time>
      </trkpt>
      <trkpt lat="41.640028" lon="2.449542">
        <ele>260.971</ele>
        <time>2024-12-13T08:29:24Z</time>
      </trkpt>
      <trkpt lat="41.640057" lon="2.449600">
        <ele>261.214</ele>
        <time>2024-12-13T08:29:31Z</time>
      </trkpt>
      <trkpt lat="41.640076" lon="2.449659">
        <ele>261.628</ele>
        <time>2024-12-13T08:29:40Z</time>
      </trkpt>
      <trkpt lat="41.640068" lon="2.449736">
        <ele>262.732</ele>
        <time>2024-12-13T08:29:49Z</time>
      </trkpt>
      <trkpt lat="41.640063" lon="2.449773">
        <ele>263.145</ele>
        <time>2024-12-13T08:29:52Z</time>
      </trkpt>
      <trkpt lat="41.640059" lon="2.449815">
        <ele>263.697</ele>
        <time>2024-12-13T08:29:57Z</time>
      </trkpt>
      <trkpt lat="41.640066" lon="2.449858">
        <ele>263.823</ele>
        <time>2024-12-13T08:30:00Z</time>
      </trkpt>
      <trkpt lat="41.640073" lon="2.449896">
        <ele>264.025</ele>
        <time>2024-12-13T08:30:03Z</time>
      </trkpt>
      <trkpt lat="41.640077" lon="2.449937">
        <ele>264.209</ele>
        <time>2024-12-13T08:30:07Z</time>
      </trkpt>
      <trkpt lat="41.640081" lon="2.449979">
        <ele>264.560</ele>
        <time>2024-12-13T08:30:11Z</time>
      </trkpt>
      <trkpt lat="41.640080" lon="2.450021">
        <ele>264.768</ele>
        <time>2024-12-13T08:30:15Z</time>
      </trkpt>
      <trkpt lat="41.640078" lon="2.450060">
        <ele>264.725</ele>
        <time>2024-12-13T08:30:18Z</time>
      </trkpt>
      <trkpt lat="41.640076" lon="2.450096">
        <ele>264.797</ele>
        <time>2024-12-13T08:30:22Z</time>
      </trkpt>
      <trkpt lat="41.640055" lon="2.450160">
        <ele>265.392</ele>
        <time>2024-12-13T08:30:28Z</time>
      </trkpt>
      <trkpt lat="41.640049" lon="2.450204">
        <ele>265.585</ele>
        <time>2024-12-13T08:30:32Z</time>
      </trkpt>
      <trkpt lat="41.640044" lon="2.450244">
        <ele>265.659</ele>
        <time>2024-12-13T08:30:35Z</time>
      </trkpt>
      <trkpt lat="41.640032" lon="2.450283">
        <ele>265.933</ele>
        <time>2024-12-13T08:30:38Z</time>
      </trkpt>
      <trkpt lat="41.640016" lon="2.450321">
        <ele>266.266</ele>
        <time>2024-12-13T08:30:41Z</time>
      </trkpt>
      <trkpt lat="41.640003" lon="2.450357">
        <ele>266.319</ele>
        <time>2024-12-13T08:30:44Z</time>
      </trkpt>
      <trkpt lat="41.639992" lon="2.450391">
        <ele>266.409</ele>
        <time>2024-12-13T08:30:47Z</time>
      </trkpt>
      <trkpt lat="41.639984" lon="2.450428">
        <ele>266.319</ele>
        <time>2024-12-13T08:30:50Z</time>
      </trkpt>
      <trkpt lat="41.639973" lon="2.450462">
        <ele>266.309</ele>
        <time>2024-12-13T08:30:52Z</time>
      </trkpt>
      <trkpt lat="41.639966" lon="2.450499">
        <ele>266.272</ele>
        <time>2024-12-13T08:30:55Z</time>
      </trkpt>
      <trkpt lat="41.639950" lon="2.450535">
        <ele>266.460</ele>
        <time>2024-12-13T08:30:58Z</time>
      </trkpt>
      <trkpt lat="41.639932" lon="2.450568">
        <ele>266.627</ele>
        <time>2024-12-13T08:31:01Z</time>
      </trkpt>
      <trkpt lat="41.639909" lon="2.450629">
        <ele>266.649</ele>
        <time>2024-12-13T08:31:05Z</time>
      </trkpt>
      <trkpt lat="41.639891" lon="2.450673">
        <ele>266.664</ele>
        <time>2024-12-13T08:31:09Z</time>
      </trkpt>
      <trkpt lat="41.639871" lon="2.450708">
        <ele>266.937</ele>
        <time>2024-12-13T08:31:12Z</time>
      </trkpt>
      <trkpt lat="41.639839" lon="2.450764">
        <ele>267.221</ele>
        <time>2024-12-13T08:31:17Z</time>
      </trkpt>
      <trkpt lat="41.639820" lon="2.450794">
        <ele>267.575</ele>
        <time>2024-12-13T08:31:20Z</time>
      </trkpt>
      <trkpt lat="41.639802" lon="2.450832">
        <ele>267.748</ele>
        <time>2024-12-13T08:31:24Z</time>
      </trkpt>
      <trkpt lat="41.639782" lon="2.450866">
        <ele>268.063</ele>
        <time>2024-12-13T08:31:27Z</time>
      </trkpt>
      <trkpt lat="41.639762" lon="2.450904">
        <ele>268.144</ele>
        <time>2024-12-13T08:31:31Z</time>
      </trkpt>
      <trkpt lat="41.639740" lon="2.450941">
        <ele>268.418</ele>
        <time>2024-12-13T08:31:35Z</time>
      </trkpt>
      <trkpt lat="41.639722" lon="2.450976">
        <ele>268.509</ele>
        <time>2024-12-13T08:31:38Z</time>
      </trkpt>
      <trkpt lat="41.639690" lon="2.451034">
        <ele>268.497</ele>
        <time>2024-12-13T08:31:43Z</time>
      </trkpt>
      <trkpt lat="41.639673" lon="2.451065">
        <ele>268.465</ele>
        <time>2024-12-13T08:31:46Z</time>
      </trkpt>
      <trkpt lat="41.639654" lon="2.451103">
        <ele>268.372</ele>
        <time>2024-12-13T08:31:50Z</time>
      </trkpt>
      <trkpt lat="41.639619" lon="2.451155">
        <ele>268.654</ele>
        <time>2024-12-13T08:31:55Z</time>
      </trkpt>
      <trkpt lat="41.639596" lon="2.451189">
        <ele>268.759</ele>
        <time>2024-12-13T08:31:59Z</time>
      </trkpt>
      <trkpt lat="41.639576" lon="2.451219">
        <ele>268.822</ele>
        <time>2024-12-13T08:32:02Z</time>
      </trkpt>
      <trkpt lat="41.639557" lon="2.451248">
        <ele>268.936</ele>
        <time>2024-12-13T08:32:04Z</time>
      </trkpt>
      <trkpt lat="41.639537" lon="2.451277">
        <ele>268.930</ele>
        <time>2024-12-13T08:32:07Z</time>
      </trkpt>
      <trkpt lat="41.639515" lon="2.451307">
        <ele>269.013</ele>
        <time>2024-12-13T08:32:10Z</time>
      </trkpt>
      <trkpt lat="41.639488" lon="2.451337">
        <ele>269.034</ele>
        <time>2024-12-13T08:32:13Z</time>
      </trkpt>
      <trkpt lat="41.639458" lon="2.451368">
        <ele>269.155</ele>
        <time>2024-12-13T08:32:17Z</time>
      </trkpt>
      <trkpt lat="41.639433" lon="2.451398">
        <ele>269.110</ele>
        <time>2024-12-13T08:32:20Z</time>
      </trkpt>
      <trkpt lat="41.639411" lon="2.451424">
        <ele>269.309</ele>
        <time>2024-12-13T08:32:23Z</time>
      </trkpt>
      <trkpt lat="41.639389" lon="2.451449">
        <ele>269.524</ele>
        <time>2024-12-13T08:32:26Z</time>
      </trkpt>
      <trkpt lat="41.639361" lon="2.451475">
        <ele>269.742</ele>
        <time>2024-12-13T08:32:29Z</time>
      </trkpt>
      <trkpt lat="41.639326" lon="2.451486">
        <ele>270.139</ele>
        <time>2024-12-13T08:32:33Z</time>
      </trkpt>
      <trkpt lat="41.639296" lon="2.451504">
        <ele>270.371</ele>
        <time>2024-12-13T08:32:36Z</time>
      </trkpt>
      <trkpt lat="41.639263" lon="2.451523">
        <ele>270.536</ele>
        <time>2024-12-13T08:32:40Z</time>
      </trkpt>
      <trkpt lat="41.639231" lon="2.451537">
        <ele>270.739</ele>
        <time>2024-12-13T08:32:44Z</time>
      </trkpt>
      <trkpt lat="41.639205" lon="2.451551">
        <ele>270.933</ele>
        <time>2024-12-13T08:32:47Z</time>
      </trkpt>
      <trkpt lat="41.639174" lon="2.451559">
        <ele>271.137</ele>
        <time>2024-12-13T08:32:50Z</time>
      </trkpt>
      <trkpt lat="41.639141" lon="2.451569">
        <ele>271.130</ele>
        <time>2024-12-13T08:32:54Z</time>
      </trkpt>
      <trkpt lat="41.639106" lon="2.451567">
        <ele>271.221</ele>
        <time>2024-12-13T08:32:57Z</time>
      </trkpt>
      <trkpt lat="41.639070" lon="2.451557">
        <ele>271.441</ele>
        <time>2024-12-13T08:33:01Z</time>
      </trkpt>
      <trkpt lat="41.639021" lon="2.451532">
        <ele>271.705</ele>
        <time>2024-12-13T08:33:06Z</time>
      </trkpt>
      <trkpt lat="41.638995" lon="2.451518">
        <ele>271.909</ele>
        <time>2024-12-13T08:33:09Z</time>
      </trkpt>
      <trkpt lat="41.638966" lon="2.451498">
        <ele>272.173</ele>
        <time>2024-12-13T08:33:12Z</time>
      </trkpt>
      <trkpt lat="41.638936" lon="2.451481">
        <ele>272.381</ele>
        <time>2024-12-13T08:33:15Z</time>
      </trkpt>
      <trkpt lat="41.638907" lon="2.451460">
        <ele>272.558</ele>
        <time>2024-12-13T08:33:19Z</time>
      </trkpt>
      <trkpt lat="41.638885" lon="2.451438">
        <ele>272.690</ele>
        <time>2024-12-13T08:33:22Z</time>
      </trkpt>
      <trkpt lat="41.638863" lon="2.451417">
        <ele>272.665</ele>
        <time>2024-12-13T08:33:26Z</time>
      </trkpt>
      <trkpt lat="41.638823" lon="2.451367">
        <ele>272.778</ele>
        <time>2024-12-13T08:33:38Z</time>
      </trkpt>
      <trkpt lat="41.638791" lon="2.451321">
        <ele>272.942</ele>
        <time>2024-12-13T08:33:44Z</time>
      </trkpt>
      <trkpt lat="41.638770" lon="2.451287">
        <ele>272.966</ele>
        <time>2024-12-13T08:33:50Z</time>
      </trkpt>
      <trkpt lat="41.638759" lon="2.451247">
        <ele>273.169</ele>
        <time>2024-12-13T08:33:57Z</time>
      </trkpt>
      <trkpt lat="41.638748" lon="2.451210">
        <ele>273.339</ele>
        <time>2024-12-13T08:34:01Z</time>
      </trkpt>
      <trkpt lat="41.638741" lon="2.451138">
        <ele>273.701</ele>
        <time>2024-12-13T08:34:13Z</time>
      </trkpt>
      <trkpt lat="41.638746" lon="2.451102">
        <ele>274.021</ele>
        <time>2024-12-13T08:34:16Z</time>
      </trkpt>
      <trkpt lat="41.638754" lon="2.451065">
        <ele>274.409</ele>
        <time>2024-12-13T08:34:22Z</time>
      </trkpt>
      <trkpt lat="41.638763" lon="2.451025">
        <ele>274.874</ele>
        <time>2024-12-13T08:34:26Z</time>
      </trkpt>
      <trkpt lat="41.638772" lon="2.450986">
        <ele>275.312</ele>
        <time>2024-12-13T08:34:31Z</time>
      </trkpt>
      <trkpt lat="41.638783" lon="2.450952">
        <ele>275.849</ele>
        <time>2024-12-13T08:34:36Z</time>
      </trkpt>
      <trkpt lat="41.638796" lon="2.450918">
        <ele>276.371</ele>
        <time>2024-12-13T08:34:41Z</time>
      </trkpt>
      <trkpt lat="41.638809" lon="2.450882">
        <ele>276.976</ele>
        <time>2024-12-13T08:34:45Z</time>
      </trkpt>
      <trkpt lat="41.638818" lon="2.450842">
        <ele>277.469</ele>
        <time>2024-12-13T08:34:50Z</time>
      </trkpt>
      <trkpt lat="41.638828" lon="2.450807">
        <ele>277.833</ele>
        <time>2024-12-13T08:34:53Z</time>
      </trkpt>
      <trkpt lat="41.638844" lon="2.450746">
        <ele>278.417</ele>
        <time>2024-12-13T08:35:00Z</time>
      </trkpt>
      <trkpt lat="41.638854" lon="2.450677">
        <ele>278.970</ele>
        <time>2024-12-13T08:35:10Z</time>
      </trkpt>
      <trkpt lat="41.638869" lon="2.450615">
        <ele>279.413</ele>
        <time>2024-12-13T08:35:19Z</time>
      </trkpt>
      <trkpt lat="41.638880" lon="2.450546">
        <ele>279.943</ele>
        <time>2024-12-13T08:35:27Z</time>
      </trkpt>
      <trkpt lat="41.638888" lon="2.450510">
        <ele>280.107</ele>
        <time>2024-12-13T08:35:32Z</time>
      </trkpt>
      <trkpt lat="41.638898" lon="2.450475">
        <ele>280.309</ele>
        <time>2024-12-13T08:35:37Z</time>
      </trkpt>
      <trkpt lat="41.638906" lon="2.450436">
        <ele>280.512</ele>
        <time>2024-12-13T08:35:40Z</time>
      </trkpt>
      <trkpt lat="41.638910" lon="2.450396">
        <ele>280.670</ele>
        <time>2024-12-13T08:35:44Z</time>
      </trkpt>
      <trkpt lat="41.638908" lon="2.450355">
        <ele>280.847</ele>
        <time>2024-12-13T08:35:47Z</time>
      </trkpt>
      <trkpt lat="41.638899" lon="2.450315">
        <ele>280.979</ele>
        <time>2024-12-13T08:35:54Z</time>
      </trkpt>
      <trkpt lat="41.638887" lon="2.450279">
        <ele>281.044</ele>
        <time>2024-12-13T08:35:57Z</time>
      </trkpt>
      <trkpt lat="41.638873" lon="2.450240">
        <ele>281.067</ele>
        <time>2024-12-13T08:36:00Z</time>
      </trkpt>
      <trkpt lat="41.638857" lon="2.450202">
        <ele>281.081</ele>
        <time>2024-12-13T08:36:04Z</time>
      </trkpt>
      <trkpt lat="41.638841" lon="2.450163">
        <ele>281.165</ele>
        <time>2024-12-13T08:36:07Z</time>
      </trkpt>
      <trkpt lat="41.638827" lon="2.450128">
        <ele>281.248</ele>
        <time>2024-12-13T08:36:10Z</time>
      </trkpt>
      <trkpt lat="41.638811" lon="2.450096">
        <ele>281.429</ele>
        <time>2024-12-13T08:36:12Z</time>
      </trkpt>
      <trkpt lat="41.638794" lon="2.450065">
        <ele>281.500</ele>
        <time>2024-12-13T08:36:15Z</time>
      </trkpt>
      <trkpt lat="41.638776" lon="2.450034">
        <ele>281.720</ele>
        <time>2024-12-13T08:36:18Z</time>
      </trkpt>
      <trkpt lat="41.638760" lon="2.450001">
        <ele>282.009</ele>
        <time>2024-12-13T08:36:21Z</time>
      </trkpt>
      <trkpt lat="41.638740" lon="2.449974">
        <ele>282.283</ele>
        <time>2024-12-13T08:36:23Z</time>
      </trkpt>
      <trkpt lat="41.638713" lon="2.449945">
        <ele>282.461</ele>
        <time>2024-12-13T08:36:27Z</time>
      </trkpt>
      <trkpt lat="41.638673" lon="2.449903">
        <ele>283.038</ele>
        <time>2024-12-13T08:36:32Z</time>
      </trkpt>
      <trkpt lat="41.638622" lon="2.449860">
        <ele>283.990</ele>
        <time>2024-12-13T08:36:38Z</time>
      </trkpt>
      <trkpt lat="41.638593" lon="2.449840">
        <ele>284.455</ele>
        <time>2024-12-13T08:36:42Z</time>
      </trkpt>
      <trkpt lat="41.638565" lon="2.449817">
        <ele>284.898</ele>
        <time>2024-12-13T08:36:45Z</time>
      </trkpt>
      <trkpt lat="41.638537" lon="2.449802">
        <ele>285.282</ele>
        <time>2024-12-13T08:36:49Z</time>
      </trkpt>
      <trkpt lat="41.638479" lon="2.449786">
        <ele>285.746</ele>
        <time>2024-12-13T08:36:55Z</time>
      </trkpt>
      <trkpt lat="41.638450" lon="2.449777">
        <ele>286.039</ele>
        <time>2024-12-13T08:36:58Z</time>
      </trkpt>
      <trkpt lat="41.638403" lon="2.449783">
        <ele>286.165</ele>
        <time>2024-12-13T08:37:04Z</time>
      </trkpt>
      <trkpt lat="41.638371" lon="2.449786">
        <ele>286.268</ele>
        <time>2024-12-13T08:37:07Z</time>
      </trkpt>
      <trkpt lat="41.638322" lon="2.449783">
        <ele>286.614</ele>
        <time>2024-12-13T08:37:13Z</time>
      </trkpt>
      <trkpt lat="41.638290" lon="2.449793">
        <ele>286.809</ele>
        <time>2024-12-13T08:37:18Z</time>
      </trkpt>
      <trkpt lat="41.638259" lon="2.449797">
        <ele>287.267</ele>
        <time>2024-12-13T08:37:21Z</time>
      </trkpt>
      <trkpt lat="41.638200" lon="2.449800">
        <ele>288.035</ele>
        <time>2024-12-13T08:37:29Z</time>
      </trkpt>
      <trkpt lat="41.638167" lon="2.449804">
        <ele>288.382</ele>
        <time>2024-12-13T08:37:33Z</time>
      </trkpt>
      <trkpt lat="41.638134" lon="2.449810">
        <ele>288.734</ele>
        <time>2024-12-13T08:37:37Z</time>
      </trkpt>
      <trkpt lat="41.638105" lon="2.449820">
        <ele>288.839</ele>
        <time>2024-12-13T08:37:41Z</time>
      </trkpt>
      <trkpt lat="41.638057" lon="2.449828">
        <ele>289.372</ele>
        <time>2024-12-13T08:37:49Z</time>
      </trkpt>
      <trkpt lat="41.638030" lon="2.449828">
        <ele>290.366</ele>
        <time>2024-12-13T08:37:52Z</time>
      </trkpt>
      <trkpt lat="41.637994" lon="2.449847">
        <ele>291.210</ele>
        <time>2024-12-13T08:37:56Z</time>
      </trkpt>
      <trkpt lat="41.637952" lon="2.449861">
        <ele>292.423</ele>
        <time>2024-12-13T08:38:00Z</time>
      </trkpt>
      <trkpt lat="41.637911" lon="2.449876">
        <ele>293.613</ele>
        <time>2024-12-13T08:38:05Z</time>
      </trkpt>
      <trkpt lat="41.637859" lon="2.449907">
        <ele>294.743</ele>
        <time>2024-12-13T08:38:11Z</time>
      </trkpt>
      <trkpt lat="41.637827" lon="2.449926">
        <ele>295.307</ele>
        <time>2024-12-13T08:38:15Z</time>
      </trkpt>
      <trkpt lat="41.637797" lon="2.449948">
        <ele>295.809</ele>
        <time>2024-12-13T08:38:20Z</time>
      </trkpt>
      <trkpt lat="41.637769" lon="2.449975">
        <ele>296.292</ele>
        <time>2024-12-13T08:38:23Z</time>
      </trkpt>
      <trkpt lat="41.637745" lon="2.450010">
        <ele>296.350</ele>
        <time>2024-12-13T08:38:27Z</time>
      </trkpt>
      <trkpt lat="41.637720" lon="2.450046">
        <ele>296.577</ele>
        <time>2024-12-13T08:38:31Z</time>
      </trkpt>
      <trkpt lat="41.637704" lon="2.450078">
        <ele>296.359</ele>
        <time>2024-12-13T08:38:34Z</time>
      </trkpt>
      <trkpt lat="41.637690" lon="2.450114">
        <ele>295.924</ele>
        <time>2024-12-13T08:38:37Z</time>
      </trkpt>
      <trkpt lat="41.637671" lon="2.450152">
        <ele>295.717</ele>
        <time>2024-12-13T08:38:41Z</time>
      </trkpt>
      <trkpt lat="41.637657" lon="2.450183">
        <ele>295.441</ele>
        <time>2024-12-13T08:38:44Z</time>
      </trkpt>
      <trkpt lat="41.637638" lon="2.450214">
        <ele>295.555</ele>
        <time>2024-12-13T08:38:47Z</time>
      </trkpt>
      <trkpt lat="41.637623" lon="2.450250">
        <ele>295.288</ele>
        <time>2024-12-13T08:38:52Z</time>
      </trkpt>
      <trkpt lat="41.637597" lon="2.450317">
        <ele>295.016</ele>
        <time>2024-12-13T08:38:58Z</time>
      </trkpt>
      <trkpt lat="41.637582" lon="2.450347">
        <ele>295.376</ele>
        <time>2024-12-13T08:39:00Z</time>
      </trkpt>
      <trkpt lat="41.637565" lon="2.450381">
        <ele>295.513</ele>
        <time>2024-12-13T08:39:04Z</time>
      </trkpt>
      <trkpt lat="41.637544" lon="2.450418">
        <ele>296.009</ele>
        <time>2024-12-13T08:39:07Z</time>
      </trkpt>
      <trkpt lat="41.637523" lon="2.450455">
        <ele>296.552</ele>
        <time>2024-12-13T08:39:11Z</time>
      </trkpt>
      <trkpt lat="41.637506" lon="2.450493">
        <ele>296.850</ele>
        <time>2024-12-13T08:39:14Z</time>
      </trkpt>
      <trkpt lat="41.637491" lon="2.450530">
        <ele>296.967</ele>
        <time>2024-12-13T08:39:17Z</time>
      </trkpt>
      <trkpt lat="41.637479" lon="2.450564">
        <ele>296.959</ele>
        <time>2024-12-13T08:39:20Z</time>
      </trkpt>
      <trkpt lat="41.637470" lon="2.450607">
        <ele>296.714</ele>
        <time>2024-12-13T08:39:23Z</time>
      </trkpt>
      <trkpt lat="41.637459" lon="2.450649">
        <ele>296.677</ele>
        <time>2024-12-13T08:39:27Z</time>
      </trkpt>
      <trkpt lat="41.637447" lon="2.450686">
        <ele>296.611</ele>
        <time>2024-12-13T08:39:30Z</time>
      </trkpt>
      <trkpt lat="41.637436" lon="2.450725">
        <ele>296.645</ele>
        <time>2024-12-13T08:39:33Z</time>
      </trkpt>
      <trkpt lat="41.637424" lon="2.450768">
        <ele>296.518</ele>
        <time>2024-12-13T08:39:36Z</time>
      </trkpt>
      <trkpt lat="41.637407" lon="2.450806">
        <ele>296.789</ele>
        <time>2024-12-13T08:39:39Z</time>
      </trkpt>
      <trkpt lat="41.637393" lon="2.450845">
        <ele>296.906</ele>
        <time>2024-12-13T08:39:43Z</time>
      </trkpt>
      <trkpt lat="41.637381" lon="2.450885">
        <ele>297.226</ele>
        <time>2024-12-13T08:39:47Z</time>
      </trkpt>
      <trkpt lat="41.637369" lon="2.450925">
        <ele>297.509</ele>
        <time>2024-12-13T08:39:51Z</time>
      </trkpt>
      <trkpt lat="41.637357" lon="2.450962">
        <ele>297.829</ele>
        <time>2024-12-13T08:39:55Z</time>
      </trkpt>
      <trkpt lat="41.637347" lon="2.451004">
        <ele>297.977</ele>
        <time>2024-12-13T08:39:59Z</time>
      </trkpt>
      <trkpt lat="41.637324" lon="2.451065">
        <ele>298.684</ele>
        <time>2024-12-13T08:40:03Z</time>
      </trkpt>
      <trkpt lat="41.637315" lon="2.451106">
        <ele>298.746</ele>
        <time>2024-12-13T08:40:08Z</time>
      </trkpt>
      <trkpt lat="41.637313" lon="2.451146">
        <ele>298.521</ele>
        <time>2024-12-13T08:40:11Z</time>
      </trkpt>
      <trkpt lat="41.637315" lon="2.451212">
        <ele>297.884</ele>
        <time>2024-12-13T08:40:15Z</time>
      </trkpt>
      <trkpt lat="41.637314" lon="2.451252">
        <ele>297.518</ele>
        <time>2024-12-13T08:40:18Z</time>
      </trkpt>
      <trkpt lat="41.637308" lon="2.451291">
        <ele>297.422</ele>
        <time>2024-12-13T08:40:21Z</time>
      </trkpt>
      <trkpt lat="41.637293" lon="2.451330">
        <ele>297.735</ele>
        <time>2024-12-13T08:40:25Z</time>
      </trkpt>
      <trkpt lat="41.637281" lon="2.451366">
        <ele>297.916</ele>
        <time>2024-12-13T08:40:29Z</time>
      </trkpt>
      <trkpt lat="41.637256" lon="2.451429">
        <ele>298.576</ele>
        <time>2024-12-13T08:40:38Z</time>
      </trkpt>
      <trkpt lat="41.637243" lon="2.451463">
        <ele>298.913</ele>
        <time>2024-12-13T08:40:42Z</time>
      </trkpt>
      <trkpt lat="41.637217" lon="2.451531">
        <ele>299.609</ele>
        <time>2024-12-13T08:40:52Z</time>
      </trkpt>
      <trkpt lat="41.637203" lon="2.451570">
        <ele>299.832</ele>
        <time>2024-12-13T08:40:57Z</time>
      </trkpt>
      <trkpt lat="41.637190" lon="2.451604">
        <ele>299.990</ele>
        <time>2024-12-13T08:41:00Z</time>
      </trkpt>
      <trkpt lat="41.637180" lon="2.451677">
        <ele>299.657</ele>
        <time>2024-12-13T08:41:09Z</time>
      </trkpt>
      <trkpt lat="41.637167" lon="2.451718">
        <ele>299.289</ele>
        <time>2024-12-13T08:41:12Z</time>
      </trkpt>
      <trkpt lat="41.637154" lon="2.451754">
        <ele>298.834</ele>
        <time>2024-12-13T08:41:15Z</time>
      </trkpt>
      <trkpt lat="41.637139" lon="2.451790">
        <ele>298.557</ele>
        <time>2024-12-13T08:41:19Z</time>
      </trkpt>
      <trkpt lat="41.637122" lon="2.451827">
        <ele>298.111</ele>
        <time>2024-12-13T08:41:22Z</time>
      </trkpt>
      <trkpt lat="41.637098" lon="2.451865">
        <ele>297.755</ele>
        <time>2024-12-13T08:41:27Z</time>
      </trkpt>
      <trkpt lat="41.637073" lon="2.451890">
        <ele>297.698</ele>
        <time>2024-12-13T08:41:30Z</time>
      </trkpt>
      <trkpt lat="41.637047" lon="2.451910">
        <ele>297.558</ele>
        <time>2024-12-13T08:41:34Z</time>
      </trkpt>
      <trkpt lat="41.637016" lon="2.451916">
        <ele>297.852</ele>
        <time>2024-12-13T08:41:38Z</time>
      </trkpt>
      <trkpt lat="41.636983" lon="2.451918">
        <ele>298.117</ele>
        <time>2024-12-13T08:41:41Z</time>
      </trkpt>
      <trkpt lat="41.636935" lon="2.451918">
        <ele>298.609</ele>
        <time>2024-12-13T08:41:46Z</time>
      </trkpt>
      <trkpt lat="41.636908" lon="2.451912">
        <ele>298.716</ele>
        <time>2024-12-13T08:41:50Z</time>
      </trkpt>
      <trkpt lat="41.636871" lon="2.451910">
        <ele>298.744</ele>
        <time>2024-12-13T08:41:54Z</time>
      </trkpt>
      <trkpt lat="41.636823" lon="2.451898">
        <ele>299.011</ele>
        <time>2024-12-13T08:41:59Z</time>
      </trkpt>
      <trkpt lat="41.636794" lon="2.451891">
        <ele>299.253</ele>
        <time>2024-12-13T08:42:02Z</time>
      </trkpt>
      <trkpt lat="41.636761" lon="2.451879">
        <ele>299.468</ele>
        <time>2024-12-13T08:42:05Z</time>
      </trkpt>
      <trkpt lat="41.636734" lon="2.451862">
        <ele>299.891</ele>
        <time>2024-12-13T08:42:08Z</time>
      </trkpt>
      <trkpt lat="41.636709" lon="2.451841">
        <ele>300.265</ele>
        <time>2024-12-13T08:42:11Z</time>
      </trkpt>
      <trkpt lat="41.636664" lon="2.451801">
        <ele>301.169</ele>
        <time>2024-12-13T08:42:16Z</time>
      </trkpt>
      <trkpt lat="41.636636" lon="2.451779">
        <ele>301.272</ele>
        <time>2024-12-13T08:42:20Z</time>
      </trkpt>
      <trkpt lat="41.636607" lon="2.451755">
        <ele>301.265</ele>
        <time>2024-12-13T08:42:23Z</time>
      </trkpt>
      <trkpt lat="41.636584" lon="2.451735">
        <ele>301.368</ele>
        <time>2024-12-13T08:42:25Z</time>
      </trkpt>
      <trkpt lat="41.636560" lon="2.451713">
        <ele>301.314</ele>
        <time>2024-12-13T08:42:28Z</time>
      </trkpt>
      <trkpt lat="41.636536" lon="2.451686">
        <ele>301.309</ele>
        <time>2024-12-13T08:42:31Z</time>
      </trkpt>
      <trkpt lat="41.636506" lon="2.451661">
        <ele>301.387</ele>
        <time>2024-12-13T08:42:34Z</time>
      </trkpt>
      <trkpt lat="41.636476" lon="2.451631">
        <ele>301.545</ele>
        <time>2024-12-13T08:42:38Z</time>
      </trkpt>
      <trkpt lat="41.636452" lon="2.451602">
        <ele>301.822</ele>
        <time>2024-12-13T08:42:42Z</time>
      </trkpt>
      <trkpt lat="41.636431" lon="2.451577">
        <ele>302.124</ele>
        <time>2024-12-13T08:42:45Z</time>
      </trkpt>
      <trkpt lat="41.636407" lon="2.451554">
        <ele>302.219</ele>
        <time>2024-12-13T08:42:48Z</time>
      </trkpt>
      <trkpt lat="41.636387" lon="2.451523">
        <ele>302.692</ele>
        <time>2024-12-13T08:42:51Z</time>
      </trkpt>
      <trkpt lat="41.636368" lon="2.451493">
        <ele>303.116</ele>
        <time>2024-12-13T08:42:55Z</time>
      </trkpt>
      <trkpt lat="41.636348" lon="2.451461">
        <ele>303.550</ele>
        <time>2024-12-13T08:42:58Z</time>
      </trkpt>
      <trkpt lat="41.636331" lon="2.451428">
        <ele>304.063</ele>
        <time>2024-12-13T08:43:04Z</time>
      </trkpt>
      <trkpt lat="41.636314" lon="2.451391">
        <ele>304.685</ele>
        <time>2024-12-13T08:43:07Z</time>
      </trkpt>
      <trkpt lat="41.636278" lon="2.451341">
        <ele>305.489</ele>
        <time>2024-12-13T08:43:13Z</time>
      </trkpt>
      <trkpt lat="41.636234" lon="2.451286">
        <ele>306.417</ele>
        <time>2024-12-13T08:43:18Z</time>
      </trkpt>
      <trkpt lat="41.636188" lon="2.451249">
        <ele>307.009</ele>
        <time>2024-12-13T08:43:23Z</time>
      </trkpt>
      <trkpt lat="41.636153" lon="2.451233">
        <ele>307.149</ele>
        <time>2024-12-13T08:43:27Z</time>
      </trkpt>
      <trkpt lat="41.636117" lon="2.451228">
        <ele>306.997</ele>
        <time>2024-12-13T08:43:30Z</time>
      </trkpt>
      <trkpt lat="41.636089" lon="2.451217">
        <ele>307.144</ele>
        <time>2024-12-13T08:43:33Z</time>
      </trkpt>
      <trkpt lat="41.636040" lon="2.451202">
        <ele>307.556</ele>
        <time>2024-12-13T08:43:39Z</time>
      </trkpt>
      <trkpt lat="41.636011" lon="2.451195">
        <ele>307.631</ele>
        <time>2024-12-13T08:43:43Z</time>
      </trkpt>
      <trkpt lat="41.635981" lon="2.451190">
        <ele>307.764</ele>
        <time>2024-12-13T08:43:48Z</time>
      </trkpt>
      <trkpt lat="41.635950" lon="2.451180">
        <ele>307.988</ele>
        <time>2024-12-13T08:43:51Z</time>
      </trkpt>
      <trkpt lat="41.635924" lon="2.451163">
        <ele>308.522</ele>
        <time>2024-12-13T08:43:56Z</time>
      </trkpt>
      <trkpt lat="41.635873" lon="2.451157">
        <ele>308.555</ele>
        <time>2024-12-13T08:44:02Z</time>
      </trkpt>
      <trkpt lat="41.635838" lon="2.451154">
        <ele>308.584</ele>
        <time>2024-12-13T08:44:07Z</time>
      </trkpt>
      <trkpt lat="41.635807" lon="2.451145">
        <ele>308.707</ele>
        <time>2024-12-13T08:44:11Z</time>
      </trkpt>
      <trkpt lat="41.635778" lon="2.451138">
        <ele>308.817</ele>
        <time>2024-12-13T08:44:15Z</time>
      </trkpt>
      <trkpt lat="41.635752" lon="2.451128">
        <ele>309.109</ele>
        <time>2024-12-13T08:44:18Z</time>
      </trkpt>
      <trkpt lat="41.635694" lon="2.451117">
        <ele>309.329</ele>
        <time>2024-12-13T08:44:23Z</time>
      </trkpt>
      <trkpt lat="41.635653" lon="2.451114">
        <ele>309.287</ele>
        <time>2024-12-13T08:44:27Z</time>
      </trkpt>
      <trkpt lat="41.635600" lon="2.451117">
        <ele>308.924</ele>
        <time>2024-12-13T08:44:32Z</time>
      </trkpt>
      <trkpt lat="41.635548" lon="2.451116">
        <ele>309.036</ele>
        <time>2024-12-13T08:44:36Z</time>
      </trkpt>
      <trkpt lat="41.635520" lon="2.451123">
        <ele>309.391</ele>
        <time>2024-12-13T08:44:39Z</time>
      </trkpt>
      <trkpt lat="41.635487" lon="2.451138">
        <ele>309.594</ele>
        <time>2024-12-13T08:44:42Z</time>
      </trkpt>
      <trkpt lat="41.635454" lon="2.451154">
        <ele>309.738</ele>
        <time>2024-12-13T08:44:46Z</time>
      </trkpt>
      <trkpt lat="41.635426" lon="2.451179">
        <ele>309.592</ele>
        <time>2024-12-13T08:44:49Z</time>
      </trkpt>
      <trkpt lat="41.635399" lon="2.451206">
        <ele>309.235</ele>
        <time>2024-12-13T08:44:52Z</time>
      </trkpt>
      <trkpt lat="41.635372" lon="2.451231">
        <ele>308.942</ele>
        <time>2024-12-13T08:44:55Z</time>
      </trkpt>
      <trkpt lat="41.635351" lon="2.451260">
        <ele>308.522</ele>
        <time>2024-12-13T08:44:58Z</time>
      </trkpt>
      <trkpt lat="41.635328" lon="2.451285">
        <ele>308.214</ele>
        <time>2024-12-13T08:45:02Z</time>
      </trkpt>
      <trkpt lat="41.635305" lon="2.451311">
        <ele>307.909</ele>
        <time>2024-12-13T08:45:06Z</time>
      </trkpt>
      <trkpt lat="41.635280" lon="2.451337">
        <ele>307.655</ele>
        <time>2024-12-13T08:45:10Z</time>
      </trkpt>
      <trkpt lat="41.635254" lon="2.451359">
        <ele>308.063</ele>
        <time>2024-12-13T08:45:15Z</time>
      </trkpt>
      <trkpt lat="41.635229" lon="2.451381">
        <ele>308.480</ele>
        <time>2024-12-13T08:45:19Z</time>
      </trkpt>
      <trkpt lat="41.635205" lon="2.451407">
        <ele>308.662</ele>
        <time>2024-12-13T08:45:22Z</time>
      </trkpt>
      <trkpt lat="41.635180" lon="2.451434">
        <ele>308.897</ele>
        <time>2024-12-13T08:45:25Z</time>
      </trkpt>
      <trkpt lat="41.635157" lon="2.451459">
        <ele>309.010</ele>
        <time>2024-12-13T08:45:30Z</time>
      </trkpt>
      <trkpt lat="41.635129" lon="2.451486">
        <ele>309.374</ele>
        <time>2024-12-13T08:45:34Z</time>
      </trkpt>
      <trkpt lat="41.635083" lon="2.451529">
        <ele>309.728</ele>
        <time>2024-12-13T08:45:42Z</time>
      </trkpt>
      <trkpt lat="41.635059" lon="2.451555">
        <ele>309.761</ele>
        <time>2024-12-13T08:45:45Z</time>
      </trkpt>
      <trkpt lat="41.635031" lon="2.451588">
        <ele>309.736</ele>
        <time>2024-12-13T08:45:48Z</time>
      </trkpt>
      <trkpt lat="41.634992" lon="2.451635">
        <ele>309.417</ele>
        <time>2024-12-13T08:45:54Z</time>
      </trkpt>
      <trkpt lat="41.634972" lon="2.451662">
        <ele>309.218</ele>
        <time>2024-12-13T08:45:57Z</time>
      </trkpt>
      <trkpt lat="41.634956" lon="2.451693">
        <ele>309.309</ele>
        <time>2024-12-13T08:46:00Z</time>
      </trkpt>
      <trkpt lat="41.634938" lon="2.451727">
        <ele>309.514</ele>
        <time>2024-12-13T08:46:02Z</time>
      </trkpt>
      <trkpt lat="41.634915" lon="2.451767">
        <ele>309.982</ele>
        <time>2024-12-13T08:46:06Z</time>
      </trkpt>
      <trkpt lat="41.634894" lon="2.451805">
        <ele>310.149</ele>
        <time>2024-12-13T08:46:09Z</time>
      </trkpt>
      <trkpt lat="41.634875" lon="2.451832">
        <ele>310.481</ele>
        <time>2024-12-13T08:46:12Z</time>
      </trkpt>
      <trkpt lat="41.634856" lon="2.451866">
        <ele>310.796</ele>
        <time>2024-12-13T08:46:15Z</time>
      </trkpt>
      <trkpt lat="41.634840" lon="2.451903">
        <ele>310.759</ele>
        <time>2024-12-13T08:46:17Z</time>
      </trkpt>
      <trkpt lat="41.634829" lon="2.451941">
        <ele>310.643</ele>
        <time>2024-12-13T08:46:21Z</time>
      </trkpt>
      <trkpt lat="41.634811" lon="2.452002">
        <ele>310.667</ele>
        <time>2024-12-13T08:46:26Z</time>
      </trkpt>
      <trkpt lat="41.634800" lon="2.452040">
        <ele>310.740</ele>
        <time>2024-12-13T08:46:29Z</time>
      </trkpt>
      <trkpt lat="41.634789" lon="2.452081">
        <ele>310.785</ele>
        <time>2024-12-13T08:46:32Z</time>
      </trkpt>
      <trkpt lat="41.634776" lon="2.452122">
        <ele>310.989</ele>
        <time>2024-12-13T08:46:36Z</time>
      </trkpt>
      <trkpt lat="41.634767" lon="2.452193">
        <ele>310.617</ele>
        <time>2024-12-13T08:46:41Z</time>
      </trkpt>
      <trkpt lat="41.634757" lon="2.452247">
        <ele>310.709</ele>
        <time>2024-12-13T08:46:46Z</time>
      </trkpt>
      <trkpt lat="41.634748" lon="2.452286">
        <ele>310.889</ele>
        <time>2024-12-13T08:46:48Z</time>
      </trkpt>
      <trkpt lat="41.634743" lon="2.452333">
        <ele>310.917</ele>
        <time>2024-12-13T08:46:52Z</time>
      </trkpt>
      <trkpt lat="41.634740" lon="2.452375">
        <ele>310.874</ele>
        <time>2024-12-13T08:46:55Z</time>
      </trkpt>
      <trkpt lat="41.634745" lon="2.452416">
        <ele>310.596</ele>
        <time>2024-12-13T08:46:58Z</time>
      </trkpt>
      <trkpt lat="41.634748" lon="2.452457">
        <ele>310.291</ele>
        <time>2024-12-13T08:47:01Z</time>
      </trkpt>
      <trkpt lat="41.634749" lon="2.452498">
        <ele>310.014</ele>
        <time>2024-12-13T08:47:04Z</time>
      </trkpt>
      <trkpt lat="41.634752" lon="2.452540">
        <ele>309.968</ele>
        <time>2024-12-13T08:47:07Z</time>
      </trkpt>
      <trkpt lat="41.634754" lon="2.452577">
        <ele>309.952</ele>
        <time>2024-12-13T08:47:10Z</time>
      </trkpt>
      <trkpt lat="41.634753" lon="2.452649">
        <ele>309.975</ele>
        <time>2024-12-13T08:47:15Z</time>
      </trkpt>
      <trkpt lat="41.634756" lon="2.452685">
        <ele>309.884</ele>
        <time>2024-12-13T08:47:17Z</time>
      </trkpt>
      <trkpt lat="41.634757" lon="2.452723">
        <ele>309.707</ele>
        <time>2024-12-13T08:47:21Z</time>
      </trkpt>
      <trkpt lat="41.634772" lon="2.452795">
        <ele>309.217</ele>
        <time>2024-12-13T08:47:27Z</time>
      </trkpt>
      <trkpt lat="41.634765" lon="2.452841">
        <ele>309.309</ele>
        <time>2024-12-13T08:47:36Z</time>
      </trkpt>
      <trkpt lat="41.634771" lon="2.452899">
        <ele>309.069</ele>
        <time>2024-12-13T08:47:40Z</time>
      </trkpt>
      <trkpt lat="41.634773" lon="2.452941">
        <ele>308.927</ele>
        <time>2024-12-13T08:47:43Z</time>
      </trkpt>
      <trkpt lat="41.634784" lon="2.452980">
        <ele>308.524</ele>
        <time>2024-12-13T08:47:47Z</time>
      </trkpt>
      <trkpt lat="41.634796" lon="2.453019">
        <ele>308.216</ele>
        <time>2024-12-13T08:47:52Z</time>
      </trkpt>
      <trkpt lat="41.634796" lon="2.453059">
        <ele>308.161</ele>
        <time>2024-12-13T08:47:55Z</time>
      </trkpt>
      <trkpt lat="41.634797" lon="2.453100">
        <ele>307.964</ele>
        <time>2024-12-13T08:47:58Z</time>
      </trkpt>
      <trkpt lat="41.634788" lon="2.453164">
        <ele>307.738</ele>
        <time>2024-12-13T08:48:05Z</time>
      </trkpt>
      <trkpt lat="41.634762" lon="2.453224">
        <ele>308.022</ele>
        <time>2024-12-13T08:48:12Z</time>
      </trkpt>
      <trkpt lat="41.634740" lon="2.453248">
        <ele>308.355</ele>
        <time>2024-12-13T08:48:15Z</time>
      </trkpt>
      <trkpt lat="41.634693" lon="2.453289">
        <ele>308.988</ele>
        <time>2024-12-13T08:48:20Z</time>
      </trkpt>
      <trkpt lat="41.634652" lon="2.453311">
        <ele>309.524</ele>
        <time>2024-12-13T08:48:25Z</time>
      </trkpt>
      <trkpt lat="41.634624" lon="2.453331">
        <ele>309.826</ele>
        <time>2024-12-13T08:48:30Z</time>
      </trkpt>
      <trkpt lat="41.634637" lon="2.453348">
        <ele>309.409</ele>
        <time>2024-12-13T08:48:31Z</time>
      </trkpt>
      <trkpt lat="41.634644" lon="2.453356">
        <ele>309.229</ele>
        <time>2024-12-13T08:48:33Z</time>
      </trkpt>
      <trkpt lat="41.634656" lon="2.453361">
        <ele>308.957</ele>
        <time>2024-12-13T08:48:35Z</time>
      </trkpt>
      <trkpt lat="41.634687" lon="2.453357">
        <ele>308.444</ele>
        <time>2024-12-13T08:48:42Z</time>
      </trkpt>
      <trkpt lat="41.634700" lon="2.453357">
        <ele>308.136</ele>
        <time>2024-12-13T08:48:46Z</time>
      </trkpt>
      <trkpt lat="41.634711" lon="2.453357">
        <ele>307.951</ele>
        <time>2024-12-13T08:48:47Z</time>
      </trkpt>
      <trkpt lat="41.634723" lon="2.453360">
        <ele>307.764</ele>
        <time>2024-12-13T08:48:50Z</time>
      </trkpt>
      <trkpt lat="41.634735" lon="2.453361">
        <ele>307.538</ele>
        <time>2024-12-13T08:48:51Z</time>
      </trkpt>
      <trkpt lat="41.634747" lon="2.453364">
        <ele>307.382</ele>
        <time>2024-12-13T08:48:52Z</time>
      </trkpt>
      <trkpt lat="41.634759" lon="2.453364">
        <ele>307.135</ele>
        <time>2024-12-13T08:48:54Z</time>
      </trkpt>
      <trkpt lat="41.634768" lon="2.453364">
        <ele>306.995</ele>
        <time>2024-12-13T08:48:55Z</time>
      </trkpt>
      <trkpt lat="41.634770" lon="2.453351">
        <ele>307.049</ele>
        <time>2024-12-13T08:48:58Z</time>
      </trkpt>
      <trkpt lat="41.634781" lon="2.453340">
        <ele>306.923</ele>
        <time>2024-12-13T08:49:01Z</time>
      </trkpt>
      <trkpt lat="41.634791" lon="2.453340">
        <ele>306.709</ele>
        <time>2024-12-13T08:49:02Z</time>
      </trkpt>
      <trkpt lat="41.634797" lon="2.453350">
        <ele>306.570</ele>
        <time>2024-12-13T08:49:03Z</time>
      </trkpt>
      <trkpt lat="41.634804" lon="2.453360">
        <ele>306.418</ele>
        <time>2024-12-13T08:49:04Z</time>
      </trkpt>
      <trkpt lat="41.634816" lon="2.453389">
        <ele>306.015</ele>
        <time>2024-12-13T08:49:08Z</time>
      </trkpt>
      <trkpt lat="41.634818" lon="2.453408">
        <ele>305.817</ele>
        <time>2024-12-13T08:49:11Z</time>
      </trkpt>
      <trkpt lat="41.634824" lon="2.453429">
        <ele>305.652</ele>
        <time>2024-12-13T08:49:14Z</time>
      </trkpt>
      <trkpt lat="41.634822" lon="2.453448">
        <ele>305.655</ele>
        <time>2024-12-13T08:49:17Z</time>
      </trkpt>
      <trkpt lat="41.634822" lon="2.453471">
        <ele>305.439</ele>
        <time>2024-12-13T08:49:20Z</time>
      </trkpt>
      <trkpt lat="41.634822" lon="2.453490">
        <ele>305.383</ele>
        <time>2024-12-13T08:49:23Z</time>
      </trkpt>
      <trkpt lat="41.634822" lon="2.453518">
        <ele>305.276</ele>
        <time>2024-12-13T08:49:25Z</time>
      </trkpt>
      <trkpt lat="41.634818" lon="2.453534">
        <ele>305.141</ele>
        <time>2024-12-13T08:49:27Z</time>
      </trkpt>
      <trkpt lat="41.634813" lon="2.453551">
        <ele>305.081</ele>
        <time>2024-12-13T08:49:28Z</time>
      </trkpt>
      <trkpt lat="41.634815" lon="2.453567">
        <ele>304.909</ele>
        <time>2024-12-13T08:49:29Z</time>
      </trkpt>
      <trkpt lat="41.634819" lon="2.453585">
        <ele>304.809</ele>
        <time>2024-12-13T08:49:31Z</time>
      </trkpt>
      <trkpt lat="41.634835" lon="2.453599">
        <ele>304.785</ele>
        <time>2024-12-13T08:49:33Z</time>
      </trkpt>
      <trkpt lat="41.634845" lon="2.453604">
        <ele>304.673</ele>
        <time>2024-12-13T08:49:34Z</time>
      </trkpt>
      <trkpt lat="41.634858" lon="2.453604">
        <ele>304.530</ele>
        <time>2024-12-13T08:49:36Z</time>
      </trkpt>
      <trkpt lat="41.634871" lon="2.453601">
        <ele>304.552</ele>
        <time>2024-12-13T08:49:39Z</time>
      </trkpt>
      <trkpt lat="41.634880" lon="2.453595">
        <ele>304.567</ele>
        <time>2024-12-13T08:49:40Z</time>
      </trkpt>
      <trkpt lat="41.634894" lon="2.453599">
        <ele>304.490</ele>
        <time>2024-12-13T08:49:42Z</time>
      </trkpt>
      <trkpt lat="41.634897" lon="2.453621">
        <ele>304.474</ele>
        <time>2024-12-13T08:49:46Z</time>
      </trkpt>
      <trkpt lat="41.634877" lon="2.453639">
        <ele>304.658</ele>
        <time>2024-12-13T08:49:51Z</time>
      </trkpt>
      <trkpt lat="41.634862" lon="2.453661">
        <ele>304.861</ele>
        <time>2024-12-13T08:49:57Z</time>
      </trkpt>
      <trkpt lat="41.634857" lon="2.453674">
        <ele>304.975</ele>
        <time>2024-12-13T08:50:00Z</time>
      </trkpt>
      <trkpt lat="41.634853" lon="2.453682">
        <ele>304.928</ele>
        <time>2024-12-13T08:50:01Z</time>
      </trkpt>
      <trkpt lat="41.634846" lon="2.453698">
        <ele>305.020</ele>
        <time>2024-12-13T08:50:02Z</time>
      </trkpt>
      <trkpt lat="41.634837" lon="2.453708">
        <ele>305.109</ele>
        <time>2024-12-13T08:50:05Z</time>
      </trkpt>
      <trkpt lat="41.634837" lon="2.453723">
        <ele>305.248</ele>
        <time>2024-12-13T08:50:06Z</time>
      </trkpt>
      <trkpt lat="41.634834" lon="2.453737">
        <ele>305.336</ele>
        <time>2024-12-13T08:50:07Z</time>
      </trkpt>
      <trkpt lat="41.634829" lon="2.453750">
        <ele>305.473</ele>
        <time>2024-12-13T08:50:08Z</time>
      </trkpt>
      <trkpt lat="41.634817" lon="2.453754">
        <ele>305.585</ele>
        <time>2024-12-13T08:50:10Z</time>
      </trkpt>
      <trkpt lat="41.634807" lon="2.453777">
        <ele>305.750</ele>
        <time>2024-12-13T08:50:13Z</time>
      </trkpt>
      <trkpt lat="41.634807" lon="2.453791">
        <ele>305.863</ele>
        <time>2024-12-13T08:50:16Z</time>
      </trkpt>
      <trkpt lat="41.634820" lon="2.453803">
        <ele>305.827</ele>
        <time>2024-12-13T08:50:22Z</time>
      </trkpt>
      <trkpt lat="41.634830" lon="2.453811">
        <ele>305.851</ele>
        <time>2024-12-13T08:50:27Z</time>
      </trkpt>
      <trkpt lat="41.634838" lon="2.453817">
        <ele>305.884</ele>
        <time>2024-12-13T08:50:29Z</time>
      </trkpt>
      <trkpt lat="41.634845" lon="2.453831">
        <ele>305.848</ele>
        <time>2024-12-13T08:50:31Z</time>
      </trkpt>
      <trkpt lat="41.634853" lon="2.453841">
        <ele>305.861</ele>
        <time>2024-12-13T08:50:33Z</time>
      </trkpt>
      <trkpt lat="41.634864" lon="2.453852">
        <ele>305.817</ele>
        <time>2024-12-13T08:50:36Z</time>
      </trkpt>
      <trkpt lat="41.634867" lon="2.453865">
        <ele>305.809</ele>
        <time>2024-12-13T08:50:37Z</time>
      </trkpt>
      <trkpt lat="41.634872" lon="2.453878">
        <ele>305.945</ele>
        <time>2024-12-13T08:50:39Z</time>
      </trkpt>
      <trkpt lat="41.634879" lon="2.453889">
        <ele>305.943</ele>
        <time>2024-12-13T08:50:41Z</time>
      </trkpt>
      <trkpt lat="41.634885" lon="2.453899">
        <ele>305.930</ele>
        <time>2024-12-13T08:50:43Z</time>
      </trkpt>
      <trkpt lat="41.634895" lon="2.453916">
        <ele>306.062</ele>
        <time>2024-12-13T08:50:48Z</time>
      </trkpt>
      <trkpt lat="41.634904" lon="2.453933">
        <ele>306.267</ele>
        <time>2024-12-13T08:50:52Z</time>
      </trkpt>
      <trkpt lat="41.634906" lon="2.453952">
        <ele>306.440</ele>
        <time>2024-12-13T08:50:54Z</time>
      </trkpt>
      <trkpt lat="41.634911" lon="2.453970">
        <ele>306.594</ele>
        <time>2024-12-13T08:50:56Z</time>
      </trkpt>
      <trkpt lat="41.634915" lon="2.453993">
        <ele>306.788</ele>
        <time>2024-12-13T08:50:58Z</time>
      </trkpt>
      <trkpt lat="41.634916" lon="2.454009">
        <ele>306.911</ele>
        <time>2024-12-13T08:51:00Z</time>
      </trkpt>
      <trkpt lat="41.634919" lon="2.454022">
        <ele>307.089</ele>
        <time>2024-12-13T08:51:01Z</time>
      </trkpt>
      <trkpt lat="41.634923" lon="2.454038">
        <ele>307.206</ele>
        <time>2024-12-13T08:51:03Z</time>
      </trkpt>
      <trkpt lat="41.634924" lon="2.454056">
        <ele>307.426</ele>
        <time>2024-12-13T08:51:05Z</time>
      </trkpt>
      <trkpt lat="41.634923" lon="2.454076">
        <ele>307.609</ele>
        <time>2024-12-13T08:51:06Z</time>
      </trkpt>
      <trkpt lat="41.634924" lon="2.454093">
        <ele>307.869</ele>
        <time>2024-12-13T08:51:08Z</time>
      </trkpt>
      <trkpt lat="41.634930" lon="2.454117">
        <ele>308.017</ele>
        <time>2024-12-13T08:51:10Z</time>
      </trkpt>
      <trkpt lat="41.634934" lon="2.454131">
        <ele>308.134</ele>
        <time>2024-12-13T08:51:12Z</time>
      </trkpt>
      <trkpt lat="41.634935" lon="2.454144">
        <ele>308.266</ele>
        <time>2024-12-13T08:51:13Z</time>
      </trkpt>
      <trkpt lat="41.634939" lon="2.454168">
        <ele>308.561</ele>
        <time>2024-12-13T08:51:17Z</time>
      </trkpt>
      <trkpt lat="41.634942" lon="2.454194">
        <ele>308.814</ele>
        <time>2024-12-13T08:51:19Z</time>
      </trkpt>
      <trkpt lat="41.634942" lon="2.454211">
        <ele>309.098</ele>
        <time>2024-12-13T08:51:20Z</time>
      </trkpt>
      <trkpt lat="41.634944" lon="2.454227">
        <ele>309.132</ele>
        <time>2024-12-13T08:51:22Z</time>
      </trkpt>
      <trkpt lat="41.634948" lon="2.454258">
        <ele>309.545</ele>
        <time>2024-12-13T08:51:26Z</time>
      </trkpt>
      <trkpt lat="41.634946" lon="2.454272">
        <ele>309.756</ele>
        <time>2024-12-13T08:51:27Z</time>
      </trkpt>
      <trkpt lat="41.634944" lon="2.454285">
        <ele>309.959</ele>
        <time>2024-12-13T08:51:29Z</time>
      </trkpt>
      <trkpt lat="41.634944" lon="2.454300">
        <ele>310.014</ele>
        <time>2024-12-13T08:51:31Z</time>
      </trkpt>
      <trkpt lat="41.634945" lon="2.454315">
        <ele>310.209</ele>
        <time>2024-12-13T08:51:32Z</time>
      </trkpt>
      <trkpt lat="41.634952" lon="2.454318">
        <ele>310.266</ele>
        <time>2024-12-13T08:51:33Z</time>
      </trkpt>
      <trkpt lat="41.634955" lon="2.454340">
        <ele>310.414</ele>
        <time>2024-12-13T08:51:34Z</time>
      </trkpt>
      <trkpt lat="41.634964" lon="2.454356">
        <ele>310.541</ele>
        <time>2024-12-13T08:51:37Z</time>
      </trkpt>
      <trkpt lat="41.634971" lon="2.454368">
        <ele>310.553</ele>
        <time>2024-12-13T08:51:40Z</time>
      </trkpt>
      <trkpt lat="41.634984" lon="2.454390">
        <ele>310.618</ele>
        <time>2024-12-13T08:51:45Z</time>
      </trkpt>
      <trkpt lat="41.634997" lon="2.454389">
        <ele>310.471</ele>
        <time>2024-12-13T08:51:52Z</time>
      </trkpt>
      <trkpt lat="41.635006" lon="2.454387">
        <ele>310.565</ele>
        <time>2024-12-13T08:51:55Z</time>
      </trkpt>
      <trkpt lat="41.635011" lon="2.454376">
        <ele>310.519</ele>
        <time>2024-12-13T08:51:56Z</time>
      </trkpt>
      <trkpt lat="41.634999" lon="2.454363">
        <ele>310.152</ele>
        <time>2024-12-13T08:51:58Z</time>
      </trkpt>
      <trkpt lat="41.634993" lon="2.454346">
        <ele>310.013</ele>
        <time>2024-12-13T08:51:59Z</time>
      </trkpt>
      <trkpt lat="41.635005" lon="2.454343">
        <ele>310.043</ele>
        <time>2024-12-13T08:52:00Z</time>
      </trkpt>
      <trkpt lat="41.635019" lon="2.454337">
        <ele>310.207</ele>
        <time>2024-12-13T08:52:02Z</time>
      </trkpt>
      <trkpt lat="41.635020" lon="2.454326">
        <ele>310.109</ele>
        <time>2024-12-13T08:52:04Z</time>
      </trkpt>
      <trkpt lat="41.635023" lon="2.454312">
        <ele>310.022</ele>
        <time>2024-12-13T08:52:06Z</time>
      </trkpt>
      <trkpt lat="41.635029" lon="2.454300">
        <ele>310.070</ele>
        <time>2024-12-13T08:52:09Z</time>
      </trkpt>
      <trkpt lat="41.635035" lon="2.454277">
        <ele>309.997</ele>
        <time>2024-12-13T08:52:12Z</time>
      </trkpt>
      <trkpt lat="41.635040" lon="2.454254">
        <ele>309.859</ele>
        <time>2024-12-13T08:52:13Z</time>
      </trkpt>
      <trkpt lat="41.635045" lon="2.454233">
        <ele>309.714</ele>
        <time>2024-12-13T08:52:15Z</time>
      </trkpt>
      <trkpt lat="41.635048" lon="2.454220">
        <ele>309.657</ele>
        <time>2024-12-13T08:52:16Z</time>
      </trkpt>
      <trkpt lat="41.635049" lon="2.454203">
        <ele>309.481</ele>
        <time>2024-12-13T08:52:18Z</time>
      </trkpt>
      <trkpt lat="41.635046" lon="2.454182">
        <ele>309.235</ele>
        <time>2024-12-13T08:52:19Z</time>
      </trkpt>
      <trkpt lat="41.635047" lon="2.454167">
        <ele>309.048</ele>
        <time>2024-12-13T08:52:20Z</time>
      </trkpt>
      <trkpt lat="41.635046" lon="2.454161">
        <ele>308.992</ele>
        <time>2024-12-13T08:52:21Z</time>
      </trkpt>
      <trkpt lat="41.635057" lon="2.454140">
        <ele>308.973</ele>
        <time>2024-12-13T08:52:23Z</time>
      </trkpt>
      <trkpt lat="41.635060" lon="2.454128">
        <ele>308.820</ele>
        <time>2024-12-13T08:52:25Z</time>
      </trkpt>
      <trkpt lat="41.635068" lon="2.454114">
        <ele>308.909</ele>
        <time>2024-12-13T08:52:26Z</time>
      </trkpt>
      <trkpt lat="41.635065" lon="2.454106">
        <ele>308.780</ele>
        <time>2024-12-13T08:52:28Z</time>
      </trkpt>
      <trkpt lat="41.635061" lon="2.454089">
        <ele>308.468</ele>
        <time>2024-12-13T08:52:31Z</time>
      </trkpt>
      <trkpt lat="41.635058" lon="2.454072">
        <ele>308.295</ele>
        <time>2024-12-13T08:52:33Z</time>
      </trkpt>
      <trkpt lat="41.635054" lon="2.454054">
        <ele>307.967</ele>
        <time>2024-12-13T08:52:34Z</time>
      </trkpt>
      <trkpt lat="41.635053" lon="2.454038">
        <ele>307.782</ele>
        <time>2024-12-13T08:52:35Z</time>
      </trkpt>
      <trkpt lat="41.635052" lon="2.454014">
        <ele>307.495</ele>
        <time>2024-12-13T08:52:37Z</time>
      </trkpt>
      <trkpt lat="41.635053" lon="2.453997">
        <ele>307.269</ele>
        <time>2024-12-13T08:52:39Z</time>
      </trkpt>
      <trkpt lat="41.635065" lon="2.453971">
        <ele>307.143</ele>
        <time>2024-12-13T08:52:41Z</time>
      </trkpt>
      <trkpt lat="41.635072" lon="2.453982">
        <ele>307.496</ele>
        <time>2024-12-13T08:52:42Z</time>
      </trkpt>
      <trkpt lat="41.635079" lon="2.453987">
        <ele>307.698</ele>
        <time>2024-12-13T08:52:43Z</time>
      </trkpt>
      <trkpt lat="41.635089" lon="2.453994">
        <ele>307.915</ele>
        <time>2024-12-13T08:52:46Z</time>
      </trkpt>
      <trkpt lat="41.635102" lon="2.453979">
        <ele>307.926</ele>
        <time>2024-12-13T08:52:48Z</time>
      </trkpt>
      <trkpt lat="41.635111" lon="2.453966">
        <ele>307.909</ele>
        <time>2024-12-13T08:52:50Z</time>
      </trkpt>
      <trkpt lat="41.635120" lon="2.453954">
        <ele>308.010</ele>
        <time>2024-12-13T08:52:51Z</time>
      </trkpt>
      <trkpt lat="41.635122" lon="2.453944">
        <ele>307.988</ele>
        <time>2024-12-13T08:52:52Z</time>
      </trkpt>
      <trkpt lat="41.635117" lon="2.453923">
        <ele>307.525</ele>
        <time>2024-12-13T08:52:53Z</time>
      </trkpt>
      <trkpt lat="41.635123" lon="2.453901">
        <ele>307.437</ele>
        <time>2024-12-13T08:52:55Z</time>
      </trkpt>
      <trkpt lat="41.635120" lon="2.453887">
        <ele>307.122</ele>
        <time>2024-12-13T08:52:56Z</time>
      </trkpt>
      <trkpt lat="41.635105" lon="2.453879">
        <ele>306.885</ele>
        <time>2024-12-13T08:53:00Z</time>
      </trkpt>
      <trkpt lat="41.635102" lon="2.453867">
        <ele>306.799</ele>
        <time>2024-12-13T08:53:01Z</time>
      </trkpt>
      <trkpt lat="41.635115" lon="2.453855">
        <ele>306.833</ele>
        <time>2024-12-13T08:53:03Z</time>
      </trkpt>
      <trkpt lat="41.635118" lon="2.453839">
        <ele>306.846</ele>
        <time>2024-12-13T08:53:04Z</time>
      </trkpt>
      <trkpt lat="41.635122" lon="2.453832">
        <ele>306.843</ele>
        <time>2024-12-13T08:53:06Z</time>
      </trkpt>
      <trkpt lat="41.635123" lon="2.453819">
        <ele>306.764</ele>
        <time>2024-12-13T08:53:07Z</time>
      </trkpt>
      <trkpt lat="41.635131" lon="2.453806">
        <ele>306.810</ele>
        <time>2024-12-13T08:53:08Z</time>
      </trkpt>
      <trkpt lat="41.635136" lon="2.453787">
        <ele>306.709</ele>
        <time>2024-12-13T08:53:09Z</time>
      </trkpt>
      <trkpt lat="41.635128" lon="2.453775">
        <ele>306.595</ele>
        <time>2024-12-13T08:53:10Z</time>
      </trkpt>
      <trkpt lat="41.635124" lon="2.453752">
        <ele>306.333</ele>
        <time>2024-12-13T08:53:12Z</time>
      </trkpt>
      <trkpt lat="41.635124" lon="2.453736">
        <ele>306.250</ele>
        <time>2024-12-13T08:53:13Z</time>
      </trkpt>
      <trkpt lat="41.635128" lon="2.453715">
        <ele>306.112</ele>
        <time>2024-12-13T08:53:15Z</time>
      </trkpt>
      <trkpt lat="41.635123" lon="2.453738">
        <ele>306.247</ele>
        <time>2024-12-13T08:53:17Z</time>
      </trkpt>
      <trkpt lat="41.635124" lon="2.453754">
        <ele>306.350</ele>
        <time>2024-12-13T08:53:19Z</time>
      </trkpt>
      <trkpt lat="41.635127" lon="2.453775">
        <ele>306.564</ele>
        <time>2024-12-13T08:53:20Z</time>
      </trkpt>
      <trkpt lat="41.635135" lon="2.453794">
        <ele>306.868</ele>
        <time>2024-12-13T08:53:22Z</time>
      </trkpt>
      <trkpt lat="41.635140" lon="2.453806">
        <ele>306.991</ele>
        <time>2024-12-13T08:53:23Z</time>
      </trkpt>
      <trkpt lat="41.635133" lon="2.453822">
        <ele>306.995</ele>
        <time>2024-12-13T08:53:25Z</time>
      </trkpt>
      <trkpt lat="41.635126" lon="2.453843">
        <ele>307.049</ele>
        <time>2024-12-13T08:53:26Z</time>
      </trkpt>
      <trkpt lat="41.635114" lon="2.453851">
        <ele>306.823</ele>
        <time>2024-12-13T08:53:28Z</time>
      </trkpt>
      <trkpt lat="41.635108" lon="2.453871">
        <ele>306.809</ele>
        <time>2024-12-13T08:53:29Z</time>
      </trkpt>
      <trkpt lat="41.635114" lon="2.453886">
        <ele>307.080</ele>
        <time>2024-12-13T08:53:33Z</time>
      </trkpt>
      <trkpt lat="41.635122" lon="2.453889">
        <ele>307.218</ele>
        <time>2024-12-13T08:53:35Z</time>
      </trkpt>
      <trkpt lat="41.635126" lon="2.453901">
        <ele>307.425</ele>
        <time>2024-12-13T08:53:36Z</time>
      </trkpt>
      <trkpt lat="41.635128" lon="2.453912">
        <ele>307.697</ele>
        <time>2024-12-13T08:53:36Z</time>
      </trkpt>
      <trkpt lat="41.635128" lon="2.453924">
        <ele>307.712</ele>
        <time>2024-12-13T08:53:38Z</time>
      </trkpt>
      <trkpt lat="41.635120" lon="2.453932">
        <ele>307.725</ele>
        <time>2024-12-13T08:53:42Z</time>
      </trkpt>
      <trkpt lat="41.635116" lon="2.453942">
        <ele>307.729</ele>
        <time>2024-12-13T08:53:44Z</time>
      </trkpt>
      <trkpt lat="41.635116" lon="2.453954">
        <ele>307.923</ele>
        <time>2024-12-13T08:53:46Z</time>
      </trkpt>
      <trkpt lat="41.635110" lon="2.453962">
        <ele>307.936</ele>
        <time>2024-12-13T08:53:46Z</time>
      </trkpt>
      <trkpt lat="41.635094" lon="2.453972">
        <ele>307.786</ele>
        <time>2024-12-13T08:53:48Z</time>
      </trkpt>
      <trkpt lat="41.635085" lon="2.453981">
        <ele>307.660</ele>
        <time>2024-12-13T08:53:49Z</time>
      </trkpt>
      <trkpt lat="41.635073" lon="2.453977">
        <ele>307.326</ele>
        <time>2024-12-13T08:53:50Z</time>
      </trkpt>
      <trkpt lat="41.635062" lon="2.453984">
        <ele>307.209</ele>
        <time>2024-12-13T08:53:52Z</time>
      </trkpt>
      <trkpt lat="41.635059" lon="2.454003">
        <ele>307.419</ele>
        <time>2024-12-13T08:53:56Z</time>
      </trkpt>
      <trkpt lat="41.635055" lon="2.454017">
        <ele>307.537</ele>
        <time>2024-12-13T08:54:00Z</time>
      </trkpt>
      <trkpt lat="41.635055" lon="2.454036">
        <ele>307.774</ele>
        <time>2024-12-13T08:54:02Z</time>
      </trkpt>
      <trkpt lat="41.635065" lon="2.454053">
        <ele>308.166</ele>
        <time>2024-12-13T08:54:03Z</time>
      </trkpt>
      <trkpt lat="41.635071" lon="2.454062">
        <ele>308.361</ele>
        <time>2024-12-13T08:54:04Z</time>
      </trkpt>
      <trkpt lat="41.635078" lon="2.454079">
        <ele>308.624</ele>
        <time>2024-12-13T08:54:07Z</time>
      </trkpt>
      <trkpt lat="41.635078" lon="2.454094">
        <ele>308.838</ele>
        <time>2024-12-13T08:54:08Z</time>
      </trkpt>
      <trkpt lat="41.635078" lon="2.454112">
        <ele>309.072</ele>
        <time>2024-12-13T08:54:09Z</time>
      </trkpt>
      <trkpt lat="41.635077" lon="2.454130">
        <ele>309.275</ele>
        <time>2024-12-13T08:54:11Z</time>
      </trkpt>
      <trkpt lat="41.635079" lon="2.454150">
        <ele>309.533</ele>
        <time>2024-12-13T08:54:15Z</time>
      </trkpt>
      <trkpt lat="41.635078" lon="2.454169">
        <ele>309.723</ele>
        <time>2024-12-13T08:54:22Z</time>
      </trkpt>
      <trkpt lat="41.635069" lon="2.454186">
        <ele>309.715</ele>
        <time>2024-12-13T08:54:24Z</time>
      </trkpt>
      <trkpt lat="41.635070" lon="2.454203">
        <ele>309.909</ele>
        <time>2024-12-13T08:54:25Z</time>
      </trkpt>
      <trkpt lat="41.635067" lon="2.454228">
        <ele>310.164</ele>
        <time>2024-12-13T08:54:27Z</time>
      </trkpt>
      <trkpt lat="41.635063" lon="2.454248">
        <ele>310.242</ele>
        <time>2024-12-13T08:54:29Z</time>
      </trkpt>
      <trkpt lat="41.635062" lon="2.454267">
        <ele>310.349</ele>
        <time>2024-12-13T08:54:31Z</time>
      </trkpt>
      <trkpt lat="41.635057" lon="2.454278">
        <ele>310.481</ele>
        <time>2024-12-13T08:54:32Z</time>
      </trkpt>
      <trkpt lat="41.635052" lon="2.454292">
        <ele>310.426</ele>
        <time>2024-12-13T08:54:33Z</time>
      </trkpt>
      <trkpt lat="41.635046" lon="2.454302">
        <ele>310.419</ele>
        <time>2024-12-13T08:54:34Z</time>
      </trkpt>
      <trkpt lat="41.635041" lon="2.454323">
        <ele>310.583</ele>
        <time>2024-12-13T08:54:34Z</time>
      </trkpt>
      <trkpt lat="41.635031" lon="2.454336">
        <ele>310.477</ele>
        <time>2024-12-13T08:54:44Z</time>
      </trkpt>
      <trkpt lat="41.635009" lon="2.454339">
        <ele>310.030</ele>
        <time>2024-12-13T08:54:49Z</time>
      </trkpt>
      <trkpt lat="41.634999" lon="2.454342">
        <ele>309.943</ele>
        <time>2024-12-13T08:54:51Z</time>
      </trkpt>
      <trkpt lat="41.634989" lon="2.454351">
        <ele>310.164</ele>
        <time>2024-12-13T08:54:55Z</time>
      </trkpt>
      <trkpt lat="41.634992" lon="2.454368">
        <ele>310.310</ele>
        <time>2024-12-13T08:54:57Z</time>
      </trkpt>
      <trkpt lat="41.634985" lon="2.454385">
        <ele>310.609</ele>
        <time>2024-12-13T08:54:58Z</time>
      </trkpt>
      <trkpt lat="41.634980" lon="2.454387">
        <ele>310.675</ele>
        <time>2024-12-13T08:54:59Z</time>
      </trkpt>
      <trkpt lat="41.634967" lon="2.454377">
        <ele>310.713</ele>
        <time>2024-12-13T08:55:00Z</time>
      </trkpt>
      <trkpt lat="41.634959" lon="2.454369">
        <ele>310.720</ele>
        <time>2024-12-13T08:55:02Z</time>
      </trkpt>
      <trkpt lat="41.634947" lon="2.454362">
        <ele>310.852</ele>
        <time>2024-12-13T08:55:04Z</time>
      </trkpt>
      <trkpt lat="41.634940" lon="2.454352">
        <ele>310.767</ele>
        <time>2024-12-13T08:55:06Z</time>
      </trkpt>
      <trkpt lat="41.634930" lon="2.454330">
        <ele>310.660</ele>
        <time>2024-12-13T08:55:18Z</time>
      </trkpt>
      <trkpt lat="41.634932" lon="2.454311">
        <ele>310.334</ele>
        <time>2024-12-13T08:55:25Z</time>
      </trkpt>
      <trkpt lat="41.634934" lon="2.454298">
        <ele>310.168</ele>
        <time>2024-12-13T08:55:28Z</time>
      </trkpt>
      <trkpt lat="41.634937" lon="2.454278">
        <ele>309.821</ele>
        <time>2024-12-13T08:55:30Z</time>
      </trkpt>
      <trkpt lat="41.634939" lon="2.454258">
        <ele>309.692</ele>
        <time>2024-12-13T08:55:34Z</time>
      </trkpt>
      <trkpt lat="41.634948" lon="2.454234">
        <ele>309.273</ele>
        <time>2024-12-13T08:55:36Z</time>
      </trkpt>
      <trkpt lat="41.634953" lon="2.454215">
        <ele>308.920</ele>
        <time>2024-12-13T08:55:38Z</time>
      </trkpt>
      <trkpt lat="41.634955" lon="2.454201">
        <ele>308.709</ele>
        <time>2024-12-13T08:55:39Z</time>
      </trkpt>
      <trkpt lat="41.634955" lon="2.454183">
        <ele>308.570</ele>
        <time>2024-12-13T08:55:40Z</time>
      </trkpt>
      <trkpt lat="41.634957" lon="2.454169">
        <ele>308.338</ele>
        <time>2024-12-13T08:55:42Z</time>
      </trkpt>
      <trkpt lat="41.634958" lon="2.454156">
        <ele>308.295</ele>
        <time>2024-12-13T08:55:43Z</time>
      </trkpt>
      <trkpt lat="41.634957" lon="2.454141">
        <ele>308.087</ele>
        <time>2024-12-13T08:55:44Z</time>
      </trkpt>
      <trkpt lat="41.634952" lon="2.454124">
        <ele>307.922</ele>
        <time>2024-12-13T08:55:47Z</time>
      </trkpt>
      <trkpt lat="41.634951" lon="2.454104">
        <ele>307.755</ele>
        <time>2024-12-13T08:55:49Z</time>
      </trkpt>
      <trkpt lat="41.634947" lon="2.454071">
        <ele>307.399</ele>
        <time>2024-12-13T08:55:51Z</time>
      </trkpt>
      <trkpt lat="41.634945" lon="2.454049">
        <ele>307.123</ele>
        <time>2024-12-13T08:55:53Z</time>
      </trkpt>
      <trkpt lat="41.634943" lon="2.454030">
        <ele>306.966</ele>
        <time>2024-12-13T08:55:54Z</time>
      </trkpt>
      <trkpt lat="41.634941" lon="2.454016">
        <ele>306.848</ele>
        <time>2024-12-13T08:55:55Z</time>
      </trkpt>
      <trkpt lat="41.634938" lon="2.454003">
        <ele>306.761</ele>
        <time>2024-12-13T08:55:57Z</time>
      </trkpt>
      <trkpt lat="41.634934" lon="2.453986">
        <ele>306.517</ele>
        <time>2024-12-13T08:55:59Z</time>
      </trkpt>
      <trkpt lat="41.634923" lon="2.453965">
        <ele>306.409</ele>
        <time>2024-12-13T08:56:01Z</time>
      </trkpt>
      <trkpt lat="41.634911" lon="2.453948">
        <ele>306.375</ele>
        <time>2024-12-13T08:56:02Z</time>
      </trkpt>
      <trkpt lat="41.634900" lon="2.453928">
        <ele>306.113</ele>
        <time>2024-12-13T08:56:05Z</time>
      </trkpt>
      <trkpt lat="41.634891" lon="2.453913">
        <ele>306.040</ele>
        <time>2024-12-13T08:56:07Z</time>
      </trkpt>
      <trkpt lat="41.634887" lon="2.453899">
        <ele>305.922</ele>
        <time>2024-12-13T08:56:08Z</time>
      </trkpt>
      <trkpt lat="41.634883" lon="2.453882">
        <ele>305.887</ele>
        <time>2024-12-13T08:56:09Z</time>
      </trkpt>
      <trkpt lat="41.634878" lon="2.453864">
        <ele>305.780</ele>
        <time>2024-12-13T08:56:11Z</time>
      </trkpt>
      <trkpt lat="41.634872" lon="2.453852">
        <ele>305.724</ele>
        <time>2024-12-13T08:56:12Z</time>
      </trkpt>
      <trkpt lat="41.634865" lon="2.453839">
        <ele>305.788</ele>
        <time>2024-12-13T08:56:15Z</time>
      </trkpt>
      <trkpt lat="41.634854" lon="2.453830">
        <ele>305.771</ele>
        <time>2024-12-13T08:56:17Z</time>
      </trkpt>
      <trkpt lat="41.634843" lon="2.453821">
        <ele>305.744</ele>
        <time>2024-12-13T08:56:19Z</time>
      </trkpt>
      <trkpt lat="41.634832" lon="2.453812">
        <ele>305.805</ele>
        <time>2024-12-13T08:56:21Z</time>
      </trkpt>
      <trkpt lat="41.634823" lon="2.453801">
        <ele>305.815</ele>
        <time>2024-12-13T08:56:23Z</time>
      </trkpt>
      <trkpt lat="41.634816" lon="2.453790">
        <ele>305.709</ele>
        <time>2024-12-13T08:56:25Z</time>
      </trkpt>
      <trkpt lat="41.634812" lon="2.453772">
        <ele>305.655</ele>
        <time>2024-12-13T08:56:29Z</time>
      </trkpt>
      <trkpt lat="41.634822" lon="2.453757">
        <ele>305.523</ele>
        <time>2024-12-13T08:56:32Z</time>
      </trkpt>
      <trkpt lat="41.634826" lon="2.453746">
        <ele>305.450</ele>
        <time>2024-12-13T08:56:33Z</time>
      </trkpt>
      <trkpt lat="41.634829" lon="2.453734">
        <ele>305.372</ele>
        <time>2024-12-13T08:56:34Z</time>
      </trkpt>
      <trkpt lat="41.634835" lon="2.453720">
        <ele>305.237</ele>
        <time>2024-12-13T08:56:37Z</time>
      </trkpt>
      <trkpt lat="41.634841" lon="2.453702">
        <ele>305.120</ele>
        <time>2024-12-13T08:56:40Z</time>
      </trkpt>
      <trkpt lat="41.634850" lon="2.453686">
        <ele>305.044</ele>
        <time>2024-12-13T08:56:43Z</time>
      </trkpt>
      <trkpt lat="41.634861" lon="2.453677">
        <ele>304.928</ele>
        <time>2024-12-13T08:56:44Z</time>
      </trkpt>
      <trkpt lat="41.634869" lon="2.453668">
        <ele>304.821</ele>
        <time>2024-12-13T08:56:46Z</time>
      </trkpt>
      <trkpt lat="41.634882" lon="2.453648">
        <ele>304.693</ele>
        <time>2024-12-13T08:56:48Z</time>
      </trkpt>
      <trkpt lat="41.634898" lon="2.453634">
        <ele>304.565</ele>
        <time>2024-12-13T08:56:50Z</time>
      </trkpt>
      <trkpt lat="41.634906" lon="2.453627">
        <ele>304.421</ele>
        <time>2024-12-13T08:56:51Z</time>
      </trkpt>
      <trkpt lat="41.634910" lon="2.453606">
        <ele>304.309</ele>
        <time>2024-12-13T08:56:59Z</time>
      </trkpt>
      <trkpt lat="41.634894" lon="2.453596">
        <ele>304.440</ele>
        <time>2024-12-13T08:57:06Z</time>
      </trkpt>
      <trkpt lat="41.634882" lon="2.453595">
        <ele>304.588</ele>
        <time>2024-12-13T08:57:08Z</time>
      </trkpt>
      <trkpt lat="41.634866" lon="2.453590">
        <ele>304.645</ele>
        <time>2024-12-13T08:57:12Z</time>
      </trkpt>
      <trkpt lat="41.634849" lon="2.453585">
        <ele>304.757</ele>
        <time>2024-12-13T08:57:14Z</time>
      </trkpt>
      <trkpt lat="41.634836" lon="2.453573">
        <ele>304.892</ele>
        <time>2024-12-13T08:57:18Z</time>
      </trkpt>
      <trkpt lat="41.634829" lon="2.453562">
        <ele>304.925</ele>
        <time>2024-12-13T08:57:20Z</time>
      </trkpt>
      <trkpt lat="41.634830" lon="2.453548">
        <ele>304.979</ele>
        <time>2024-12-13T08:57:22Z</time>
      </trkpt>
      <trkpt lat="41.634833" lon="2.453527">
        <ele>305.093</ele>
        <time>2024-12-13T08:57:25Z</time>
      </trkpt>
      <trkpt lat="41.634834" lon="2.453508">
        <ele>305.196</ele>
        <time>2024-12-13T08:57:29Z</time>
      </trkpt>
      <trkpt lat="41.634834" lon="2.453491">
        <ele>305.295</ele>
        <time>2024-12-13T08:57:31Z</time>
      </trkpt>
      <trkpt lat="41.634831" lon="2.453479">
        <ele>305.349</ele>
        <time>2024-12-13T08:57:33Z</time>
      </trkpt>
      <trkpt lat="41.634828" lon="2.453463">
        <ele>305.423</ele>
        <time>2024-12-13T08:57:35Z</time>
      </trkpt>
      <trkpt lat="41.634830" lon="2.453445">
        <ele>305.509</ele>
        <time>2024-12-13T08:57:37Z</time>
      </trkpt>
      <trkpt lat="41.634832" lon="2.453431">
        <ele>305.570</ele>
        <time>2024-12-13T08:57:38Z</time>
      </trkpt>
      <trkpt lat="41.634834" lon="2.453409">
        <ele>305.698</ele>
        <time>2024-12-13T08:57:41Z</time>
      </trkpt>
      <trkpt lat="41.634832" lon="2.453395">
        <ele>305.785</ele>
        <time>2024-12-13T08:57:43Z</time>
      </trkpt>
      <trkpt lat="41.634829" lon="2.453376">
        <ele>305.987</ele>
        <time>2024-12-13T08:57:47Z</time>
      </trkpt>
      <trkpt lat="41.634823" lon="2.453366">
        <ele>306.062</ele>
        <time>2024-12-13T08:57:49Z</time>
      </trkpt>
      <trkpt lat="41.634810" lon="2.453354">
        <ele>306.335</ele>
        <time>2024-12-13T08:57:51Z</time>
      </trkpt>
      <trkpt lat="41.634800" lon="2.453353">
        <ele>306.599</ele>
        <time>2024-12-13T08:57:55Z</time>
      </trkpt>
      <trkpt lat="41.634788" lon="2.453354">
        <ele>306.713</ele>
        <time>2024-12-13T08:57:59Z</time>
      </trkpt>
      <trkpt lat="41.634777" lon="2.453353">
        <ele>306.946</ele>
        <time>2024-12-13T08:58:02Z</time>
      </trkpt>
      <trkpt lat="41.634763" lon="2.453353">
        <ele>307.163</ele>
        <time>2024-12-13T08:58:05Z</time>
      </trkpt>
      <trkpt lat="41.634753" lon="2.453351">
        <ele>307.344</ele>
        <time>2024-12-13T08:58:06Z</time>
      </trkpt>
      <trkpt lat="41.634739" lon="2.453349">
        <ele>307.518</ele>
        <time>2024-12-13T08:58:08Z</time>
      </trkpt>
      <trkpt lat="41.634725" lon="2.453348">
        <ele>307.809</ele>
        <time>2024-12-13T08:58:11Z</time>
      </trkpt>
      <trkpt lat="41.634709" lon="2.453347">
        <ele>308.197</ele>
        <time>2024-12-13T08:58:14Z</time>
      </trkpt>
      <trkpt lat="41.634695" lon="2.453346">
        <ele>308.465</ele>
        <time>2024-12-13T08:58:16Z</time>
      </trkpt>
      <trkpt lat="41.634681" lon="2.453347">
        <ele>308.692</ele>
        <time>2024-12-13T08:58:18Z</time>
      </trkpt>
      <trkpt lat="41.634671" lon="2.453348">
        <ele>308.894</ele>
        <time>2024-12-13T08:58:19Z</time>
      </trkpt>
      <trkpt lat="41.634658" lon="2.453345">
        <ele>309.019</ele>
        <time>2024-12-13T08:58:20Z</time>
      </trkpt>
      <trkpt lat="41.634648" lon="2.453342">
        <ele>309.282</ele>
        <time>2024-12-13T08:58:22Z</time>
      </trkpt>
      <trkpt lat="41.634639" lon="2.453338">
        <ele>309.416</ele>
        <time>2024-12-13T08:58:24Z</time>
      </trkpt>
      <trkpt lat="41.634622" lon="2.453335">
        <ele>309.880</ele>
        <time>2024-12-13T08:58:43Z</time>
      </trkpt>
      <trkpt lat="41.634581" lon="2.453339">
        <ele>310.583</ele>
        <time>2024-12-13T08:58:47Z</time>
      </trkpt>
      <trkpt lat="41.634549" lon="2.453341">
        <ele>311.051</ele>
        <time>2024-12-13T08:58:50Z</time>
      </trkpt>
      <trkpt lat="41.634515" lon="2.453348">
        <ele>311.601</ele>
        <time>2024-12-13T08:58:53Z</time>
      </trkpt>
      <trkpt lat="41.634477" lon="2.453356">
        <ele>312.211</ele>
        <time>2024-12-13T08:58:57Z</time>
      </trkpt>
      <trkpt lat="41.634430" lon="2.453381">
        <ele>312.809</ele>
        <time>2024-12-13T08:59:01Z</time>
      </trkpt>
      <trkpt lat="41.634400" lon="2.453391">
        <ele>313.486</ele>
        <time>2024-12-13T08:59:04Z</time>
      </trkpt>
      <trkpt lat="41.634370" lon="2.453390">
        <ele>314.284</ele>
        <time>2024-12-13T08:59:07Z</time>
      </trkpt>
      <trkpt lat="41.634340" lon="2.453396">
        <ele>314.821</ele>
        <time>2024-12-13T08:59:10Z</time>
      </trkpt>
      <trkpt lat="41.634303" lon="2.453398">
        <ele>315.663</ele>
        <time>2024-12-13T08:59:13Z</time>
      </trkpt>
      <trkpt lat="41.634272" lon="2.453411">
        <ele>316.228</ele>
        <time>2024-12-13T08:59:16Z</time>
      </trkpt>
      <trkpt lat="41.634225" lon="2.453432">
        <ele>316.951</ele>
        <time>2024-12-13T08:59:21Z</time>
      </trkpt>
      <trkpt lat="41.634193" lon="2.453443">
        <ele>317.485</ele>
        <time>2024-12-13T08:59:24Z</time>
      </trkpt>
      <trkpt lat="41.634146" lon="2.453473">
        <ele>318.129</ele>
        <time>2024-12-13T08:59:29Z</time>
      </trkpt>
      <trkpt lat="41.634115" lon="2.453491">
        <ele>318.792</ele>
        <time>2024-12-13T08:59:32Z</time>
      </trkpt>
      <trkpt lat="41.634076" lon="2.453538">
        <ele>318.778</ele>
        <time>2024-12-13T08:59:37Z</time>
      </trkpt>
      <trkpt lat="41.634053" lon="2.453572">
        <ele>318.433</ele>
        <time>2024-12-13T08:59:40Z</time>
      </trkpt>
      <trkpt lat="41.634003" lon="2.453646">
        <ele>318.026</ele>
        <time>2024-12-13T08:59:49Z</time>
      </trkpt>
      <trkpt lat="41.633984" lon="2.453692">
        <ele>317.609</ele>
        <time>2024-12-13T08:59:52Z</time>
      </trkpt>
      <trkpt lat="41.633949" lon="2.453741">
        <ele>317.538</ele>
        <time>2024-12-13T08:59:58Z</time>
      </trkpt>
      <trkpt lat="41.633927" lon="2.453767">
        <ele>317.436</ele>
        <time>2024-12-13T09:00:01Z</time>
      </trkpt>
      <trkpt lat="41.633905" lon="2.453798">
        <ele>317.343</ele>
        <time>2024-12-13T09:00:05Z</time>
      </trkpt>
      <trkpt lat="41.633883" lon="2.453821">
        <ele>317.365</ele>
        <time>2024-12-13T09:00:07Z</time>
      </trkpt>
      <trkpt lat="41.633865" lon="2.453862">
        <ele>316.840</ele>
        <time>2024-12-13T09:00:11Z</time>
      </trkpt>
      <trkpt lat="41.633844" lon="2.453891">
        <ele>316.513</ele>
        <time>2024-12-13T09:00:13Z</time>
      </trkpt>
      <trkpt lat="41.633825" lon="2.453917">
        <ele>316.297</ele>
        <time>2024-12-13T09:00:16Z</time>
      </trkpt>
      <trkpt lat="41.633791" lon="2.453973">
        <ele>315.651</ele>
        <time>2024-12-13T09:00:21Z</time>
      </trkpt>
      <trkpt lat="41.633774" lon="2.454001">
        <ele>315.334</ele>
        <time>2024-12-13T09:00:24Z</time>
      </trkpt>
      <trkpt lat="41.633739" lon="2.454061">
        <ele>314.548</ele>
        <time>2024-12-13T09:00:29Z</time>
      </trkpt>
      <trkpt lat="41.633714" lon="2.454092">
        <ele>314.061</ele>
        <time>2024-12-13T09:00:32Z</time>
      </trkpt>
      <trkpt lat="41.633682" lon="2.454147">
        <ele>313.117</ele>
        <time>2024-12-13T09:00:37Z</time>
      </trkpt>
      <trkpt lat="41.633661" lon="2.454180">
        <ele>312.809</ele>
        <time>2024-12-13T09:00:40Z</time>
      </trkpt>
      <trkpt lat="41.633640" lon="2.454212">
        <ele>312.625</ele>
        <time>2024-12-13T09:00:43Z</time>
      </trkpt>
      <trkpt lat="41.633619" lon="2.454246">
        <ele>312.423</ele>
        <time>2024-12-13T09:00:46Z</time>
      </trkpt>
      <trkpt lat="41.633583" lon="2.454287">
        <ele>312.420</ele>
        <time>2024-12-13T09:00:53Z</time>
      </trkpt>
      <trkpt lat="41.633560" lon="2.454312">
        <ele>312.422</ele>
        <time>2024-12-13T09:00:55Z</time>
      </trkpt>
      <trkpt lat="41.633541" lon="2.454340">
        <ele>312.497</ele>
        <time>2024-12-13T09:00:58Z</time>
      </trkpt>
      <trkpt lat="41.633524" lon="2.454355">
        <ele>312.450</ele>
        <time>2024-12-13T09:01:01Z</time>
      </trkpt>
      <trkpt lat="41.633504" lon="2.454384">
        <ele>312.394</ele>
        <time>2024-12-13T09:01:04Z</time>
      </trkpt>
      <trkpt lat="41.633475" lon="2.454417">
        <ele>312.288</ele>
        <time>2024-12-13T09:01:09Z</time>
      </trkpt>
      <trkpt lat="41.633439" lon="2.454454">
        <ele>312.361</ele>
        <time>2024-12-13T09:01:13Z</time>
      </trkpt>
      <trkpt lat="41.633400" lon="2.454486">
        <ele>312.741</ele>
        <time>2024-12-13T09:01:17Z</time>
      </trkpt>
      <trkpt lat="41.633375" lon="2.454508">
        <ele>313.081</ele>
        <time>2024-12-13T09:01:20Z</time>
      </trkpt>
      <trkpt lat="41.633347" lon="2.454525">
        <ele>313.209</ele>
        <time>2024-12-13T09:01:23Z</time>
      </trkpt>
      <trkpt lat="41.633319" lon="2.454542">
        <ele>313.409</ele>
        <time>2024-12-13T09:01:26Z</time>
      </trkpt>
      <trkpt lat="41.633296" lon="2.454567">
        <ele>313.575</ele>
        <time>2024-12-13T09:01:29Z</time>
      </trkpt>
      <trkpt lat="41.633265" lon="2.454589">
        <ele>313.613</ele>
        <time>2024-12-13T09:01:32Z</time>
      </trkpt>
      <trkpt lat="41.633239" lon="2.454605">
        <ele>313.760</ele>
        <time>2024-12-13T09:01:35Z</time>
      </trkpt>
      <trkpt lat="41.633214" lon="2.454623">
        <ele>313.762</ele>
        <time>2024-12-13T09:01:38Z</time>
      </trkpt>
      <trkpt lat="41.633186" lon="2.454645">
        <ele>313.647</ele>
        <time>2024-12-13T09:01:42Z</time>
      </trkpt>
      <trkpt lat="41.633157" lon="2.454673">
        <ele>313.580</ele>
        <time>2024-12-13T09:01:45Z</time>
      </trkpt>
      <trkpt lat="41.633126" lon="2.454692">
        <ele>313.474</ele>
        <time>2024-12-13T09:01:48Z</time>
      </trkpt>
      <trkpt lat="41.633101" lon="2.454708">
        <ele>313.288</ele>
        <time>2024-12-13T09:01:52Z</time>
      </trkpt>
      <trkpt lat="41.633056" lon="2.454737">
        <ele>313.111</ele>
        <time>2024-12-13T09:02:00Z</time>
      </trkpt>
      <trkpt lat="41.633028" lon="2.454761">
        <ele>313.351</ele>
        <time>2024-12-13T09:02:04Z</time>
      </trkpt>
      <trkpt lat="41.632982" lon="2.454798">
        <ele>313.501</ele>
        <time>2024-12-13T09:02:09Z</time>
      </trkpt>
      <trkpt lat="41.632952" lon="2.454818">
        <ele>313.711</ele>
        <time>2024-12-13T09:02:13Z</time>
      </trkpt>
      <trkpt lat="41.632926" lon="2.454836">
        <ele>313.809</ele>
        <time>2024-12-13T09:02:16Z</time>
      </trkpt>
      <trkpt lat="41.632901" lon="2.454859">
        <ele>314.016</ele>
        <time>2024-12-13T09:02:19Z</time>
      </trkpt>
      <trkpt lat="41.632876" lon="2.454879">
        <ele>314.114</ele>
        <time>2024-12-13T09:02:22Z</time>
      </trkpt>
      <trkpt lat="41.632850" lon="2.454896">
        <ele>314.331</ele>
        <time>2024-12-13T09:02:24Z</time>
      </trkpt>
      <trkpt lat="41.632815" lon="2.454912">
        <ele>314.483</ele>
        <time>2024-12-13T09:02:28Z</time>
      </trkpt>
      <trkpt lat="41.632788" lon="2.454940">
        <ele>314.638</ele>
        <time>2024-12-13T09:02:31Z</time>
      </trkpt>
      <trkpt lat="41.632738" lon="2.454968">
        <ele>314.861</ele>
        <time>2024-12-13T09:02:37Z</time>
      </trkpt>
      <trkpt lat="41.632710" lon="2.454982">
        <ele>314.995</ele>
        <time>2024-12-13T09:02:40Z</time>
      </trkpt>
      <trkpt lat="41.632683" lon="2.454999">
        <ele>315.099</ele>
        <time>2024-12-13T09:02:43Z</time>
      </trkpt>
      <trkpt lat="41.632656" lon="2.455018">
        <ele>315.322</ele>
        <time>2024-12-13T09:02:47Z</time>
      </trkpt>
      <trkpt lat="41.632629" lon="2.455032">
        <ele>315.515</ele>
        <time>2024-12-13T09:02:49Z</time>
      </trkpt>
      <trkpt lat="41.632582" lon="2.455061">
        <ele>315.965</ele>
        <time>2024-12-13T09:02:55Z</time>
      </trkpt>
      <trkpt lat="41.632554" lon="2.455075">
        <ele>316.111</ele>
        <time>2024-12-13T09:02:58Z</time>
      </trkpt>
      <trkpt lat="41.632523" lon="2.455087">
        <ele>316.309</ele>
        <time>2024-12-13T09:03:01Z</time>
      </trkpt>
      <trkpt lat="41.632493" lon="2.455097">
        <ele>316.422</ele>
        <time>2024-12-13T09:03:04Z</time>
      </trkpt>
      <trkpt lat="41.632460" lon="2.455122">
        <ele>316.860</ele>
        <time>2024-12-13T09:03:09Z</time>
      </trkpt>
      <trkpt lat="41.632412" lon="2.455148">
        <ele>317.167</ele>
        <time>2024-12-13T09:03:14Z</time>
      </trkpt>
      <trkpt lat="41.632363" lon="2.455164">
        <ele>317.499</ele>
        <time>2024-12-13T09:03:24Z</time>
      </trkpt>
      <trkpt lat="41.632327" lon="2.455173">
        <ele>317.594</ele>
        <time>2024-12-13T09:03:29Z</time>
      </trkpt>
      <trkpt lat="41.632293" lon="2.455181">
        <ele>317.677</ele>
        <time>2024-12-13T09:03:32Z</time>
      </trkpt>
      <trkpt lat="41.632267" lon="2.455199">
        <ele>317.951</ele>
        <time>2024-12-13T09:03:35Z</time>
      </trkpt>
      <trkpt lat="41.632237" lon="2.455211">
        <ele>318.075</ele>
        <time>2024-12-13T09:03:38Z</time>
      </trkpt>
      <trkpt lat="41.632208" lon="2.455221">
        <ele>318.268</ele>
        <time>2024-12-13T09:03:42Z</time>
      </trkpt>
      <trkpt lat="41.632178" lon="2.455236">
        <ele>318.464</ele>
        <time>2024-12-13T09:03:46Z</time>
      </trkpt>
      <trkpt lat="41.632150" lon="2.455251">
        <ele>318.606</ele>
        <time>2024-12-13T09:03:49Z</time>
      </trkpt>
      <trkpt lat="41.632120" lon="2.455269">
        <ele>318.916</ele>
        <time>2024-12-13T09:03:52Z</time>
      </trkpt>
      <trkpt lat="41.632092" lon="2.455286">
        <ele>319.209</ele>
        <time>2024-12-13T09:03:55Z</time>
      </trkpt>
      <trkpt lat="41.632060" lon="2.455302">
        <ele>319.787</ele>
        <time>2024-12-13T09:03:59Z</time>
      </trkpt>
      <trkpt lat="41.632031" lon="2.455317">
        <ele>320.145</ele>
        <time>2024-12-13T09:04:02Z</time>
      </trkpt>
      <trkpt lat="41.632001" lon="2.455333">
        <ele>320.622</ele>
        <time>2024-12-13T09:04:06Z</time>
      </trkpt>
      <trkpt lat="41.631950" lon="2.455353">
        <ele>321.294</ele>
        <time>2024-12-13T09:04:12Z</time>
      </trkpt>
      <trkpt lat="41.631919" lon="2.455366">
        <ele>321.559</ele>
        <time>2024-12-13T09:04:15Z</time>
      </trkpt>
      <trkpt lat="41.631887" lon="2.455379">
        <ele>321.822</ele>
        <time>2024-12-13T09:04:18Z</time>
      </trkpt>
      <trkpt lat="41.631856" lon="2.455394">
        <ele>322.136</ele>
        <time>2024-12-13T09:04:21Z</time>
      </trkpt>
      <trkpt lat="41.631824" lon="2.455407">
        <ele>322.310</ele>
        <time>2024-12-13T09:04:24Z</time>
      </trkpt>
      <trkpt lat="41.631774" lon="2.455421">
        <ele>322.523</ele>
        <time>2024-12-13T09:04:29Z</time>
      </trkpt>
      <trkpt lat="41.631745" lon="2.455433">
        <ele>322.768</ele>
        <time>2024-12-13T09:04:33Z</time>
      </trkpt>
      <trkpt lat="41.631718" lon="2.455441">
        <ele>322.742</ele>
        <time>2024-12-13T09:04:36Z</time>
      </trkpt>
      <trkpt lat="41.631687" lon="2.455448">
        <ele>322.826</ele>
        <time>2024-12-13T09:04:40Z</time>
      </trkpt>
      <trkpt lat="41.631657" lon="2.455452">
        <ele>322.809</ele>
        <time>2024-12-13T09:04:46Z</time>
      </trkpt>
      <trkpt lat="41.631628" lon="2.455455">
        <ele>322.897</ele>
        <time>2024-12-13T09:04:49Z</time>
      </trkpt>
      <trkpt lat="41.631600" lon="2.455469">
        <ele>323.195</ele>
        <time>2024-12-13T09:04:54Z</time>
      </trkpt>
      <trkpt lat="41.631566" lon="2.455479">
        <ele>323.392</ele>
        <time>2024-12-13T09:04:59Z</time>
      </trkpt>
      <trkpt lat="41.631518" lon="2.455488">
        <ele>323.464</ele>
        <time>2024-12-13T09:05:05Z</time>
      </trkpt>
      <trkpt lat="41.631488" lon="2.455493">
        <ele>323.459</ele>
        <time>2024-12-13T09:05:08Z</time>
      </trkpt>
      <trkpt lat="41.631459" lon="2.455498">
        <ele>323.542</ele>
        <time>2024-12-13T09:05:10Z</time>
      </trkpt>
      <trkpt lat="41.631426" lon="2.455500">
        <ele>323.546</ele>
        <time>2024-12-13T09:05:13Z</time>
      </trkpt>
      <trkpt lat="41.631375" lon="2.455490">
        <ele>323.450</ele>
        <time>2024-12-13T09:05:18Z</time>
      </trkpt>
      <trkpt lat="41.631344" lon="2.455488">
        <ele>323.853</ele>
        <time>2024-12-13T09:05:22Z</time>
      </trkpt>
      <trkpt lat="41.631313" lon="2.455485">
        <ele>324.181</ele>
        <time>2024-12-13T09:05:25Z</time>
      </trkpt>
      <trkpt lat="41.631281" lon="2.455488">
        <ele>324.461</ele>
        <time>2024-12-13T09:05:28Z</time>
      </trkpt>
      <trkpt lat="41.631254" lon="2.455497">
        <ele>324.717</ele>
        <time>2024-12-13T09:05:31Z</time>
      </trkpt>
      <trkpt lat="41.631205" lon="2.455530">
        <ele>325.309</ele>
        <time>2024-12-13T09:05:37Z</time>
      </trkpt>
      <trkpt lat="41.631179" lon="2.455556">
        <ele>325.569</ele>
        <time>2024-12-13T09:05:41Z</time>
      </trkpt>
      <trkpt lat="41.631156" lon="2.455590">
        <ele>326.037</ele>
        <time>2024-12-13T09:05:44Z</time>
      </trkpt>
      <trkpt lat="41.631134" lon="2.455623">
        <ele>326.444</ele>
        <time>2024-12-13T09:05:48Z</time>
      </trkpt>
      <trkpt lat="41.631115" lon="2.455651">
        <ele>326.776</ele>
        <time>2024-12-13T09:05:50Z</time>
      </trkpt>
      <trkpt lat="41.631083" lon="2.455705">
        <ele>327.461</ele>
        <time>2024-12-13T09:05:56Z</time>
      </trkpt>
      <trkpt lat="41.631065" lon="2.455740">
        <ele>327.874</ele>
        <time>2024-12-13T09:05:59Z</time>
      </trkpt>
      <trkpt lat="41.631054" lon="2.455775">
        <ele>328.198</ele>
        <time>2024-12-13T09:06:02Z</time>
      </trkpt>
      <trkpt lat="41.631046" lon="2.455811">
        <ele>328.452</ele>
        <time>2024-12-13T09:06:06Z</time>
      </trkpt>
      <trkpt lat="41.631035" lon="2.455848">
        <ele>328.645</ele>
        <time>2024-12-13T09:06:11Z</time>
      </trkpt>
      <trkpt lat="41.631022" lon="2.455883">
        <ele>328.989</ele>
        <time>2024-12-13T09:06:16Z</time>
      </trkpt>
      <trkpt lat="41.631011" lon="2.455916">
        <ele>329.106</ele>
        <time>2024-12-13T09:06:20Z</time>
      </trkpt>
      <trkpt lat="41.631000" lon="2.455954">
        <ele>329.326</ele>
        <time>2024-12-13T09:06:25Z</time>
      </trkpt>
      <trkpt lat="41.630990" lon="2.455988">
        <ele>329.509</ele>
        <time>2024-12-13T09:06:29Z</time>
      </trkpt>
      <trkpt lat="41.630975" lon="2.456026">
        <ele>329.759</ele>
        <time>2024-12-13T09:06:33Z</time>
      </trkpt>
      <trkpt lat="41.630965" lon="2.456067">
        <ele>329.877</ele>
        <time>2024-12-13T09:06:37Z</time>
      </trkpt>
      <trkpt lat="41.630951" lon="2.456130">
        <ele>330.254</ele>
        <time>2024-12-13T09:06:47Z</time>
      </trkpt>
      <trkpt lat="41.630938" lon="2.456170">
        <ele>330.526</ele>
        <time>2024-12-13T09:06:53Z</time>
      </trkpt>
      <trkpt lat="41.630917" lon="2.456206">
        <ele>330.711</ele>
        <time>2024-12-13T09:06:58Z</time>
      </trkpt>
      <trkpt lat="41.630900" lon="2.456241">
        <ele>330.894</ele>
        <time>2024-12-13T09:07:02Z</time>
      </trkpt>
      <trkpt lat="41.630887" lon="2.456280">
        <ele>331.028</ele>
        <time>2024-12-13T09:07:06Z</time>
      </trkpt>
      <trkpt lat="41.630862" lon="2.456342">
        <ele>331.112</ele>
        <time>2024-12-13T09:07:18Z</time>
      </trkpt>
      <trkpt lat="41.630845" lon="2.456371">
        <ele>331.125</ele>
        <time>2024-12-13T09:07:23Z</time>
      </trkpt>
      <trkpt lat="41.630823" lon="2.456410">
        <ele>331.483</ele>
        <time>2024-12-13T09:07:28Z</time>
      </trkpt>
      <trkpt lat="41.630802" lon="2.456442">
        <ele>332.025</ele>
        <time>2024-12-13T09:07:33Z</time>
      </trkpt>
      <trkpt lat="41.630782" lon="2.456471">
        <ele>332.517</ele>
        <time>2024-12-13T09:07:35Z</time>
      </trkpt>
      <trkpt lat="41.630763" lon="2.456506">
        <ele>333.009</ele>
        <time>2024-12-13T09:07:39Z</time>
      </trkpt>
      <trkpt lat="41.630747" lon="2.456545">
        <ele>333.659</ele>
        <time>2024-12-13T09:07:42Z</time>
      </trkpt>
      <trkpt lat="41.630734" lon="2.456579">
        <ele>334.027</ele>
        <time>2024-12-13T09:07:45Z</time>
      </trkpt>
      <trkpt lat="41.630720" lon="2.456611">
        <ele>334.484</ele>
        <time>2024-12-13T09:07:48Z</time>
      </trkpt>
      <trkpt lat="41.630713" lon="2.456647">
        <ele>334.986</ele>
        <time>2024-12-13T09:07:52Z</time>
      </trkpt>
      <trkpt lat="41.630707" lon="2.456719">
        <ele>336.021</ele>
        <time>2024-12-13T09:07:59Z</time>
      </trkpt>
      <trkpt lat="41.630695" lon="2.456752">
        <ele>336.524</ele>
        <time>2024-12-13T09:08:03Z</time>
      </trkpt>
      <trkpt lat="41.630680" lon="2.456790">
        <ele>337.248</ele>
        <time>2024-12-13T09:08:06Z</time>
      </trkpt>
      <trkpt lat="41.630663" lon="2.456829">
        <ele>337.822</ele>
        <time>2024-12-13T09:08:10Z</time>
      </trkpt>
      <trkpt lat="41.630634" lon="2.456884">
        <ele>338.825</ele>
        <time>2024-12-13T09:08:16Z</time>
      </trkpt>
      <trkpt lat="41.630612" lon="2.456938">
        <ele>339.923</ele>
        <time>2024-12-13T09:08:22Z</time>
      </trkpt>
      <trkpt lat="41.630591" lon="2.456965">
        <ele>340.483</ele>
        <time>2024-12-13T09:08:26Z</time>
      </trkpt>
      <trkpt lat="41.630542" lon="2.456980">
        <ele>340.911</ele>
        <time>2024-12-13T09:08:36Z</time>
      </trkpt>
      <trkpt lat="41.630504" lon="2.456983">
        <ele>341.409</ele>
        <time>2024-12-13T09:08:41Z</time>
      </trkpt>
      <trkpt lat="41.630451" lon="2.456980">
        <ele>341.963</ele>
        <time>2024-12-13T09:08:50Z</time>
      </trkpt>
      <trkpt lat="41.630418" lon="2.456978">
        <ele>342.241</ele>
        <time>2024-12-13T09:08:55Z</time>
      </trkpt>
      <trkpt lat="41.630368" lon="2.456971">
        <ele>342.628</ele>
        <time>2024-12-13T09:09:00Z</time>
      </trkpt>
      <trkpt lat="41.630316" lon="2.456946">
        <ele>342.670</ele>
        <time>2024-12-13T09:09:09Z</time>
      </trkpt>
      <trkpt lat="41.630289" lon="2.456933">
        <ele>342.615</ele>
        <time>2024-12-13T09:09:14Z</time>
      </trkpt>
      <trkpt lat="41.630262" lon="2.456928">
        <ele>342.828</ele>
        <time>2024-12-13T09:09:19Z</time>
      </trkpt>
      <trkpt lat="41.630233" lon="2.456929">
        <ele>343.062</ele>
        <time>2024-12-13T09:09:23Z</time>
      </trkpt>
      <trkpt lat="41.630178" lon="2.456918">
        <ele>343.366</ele>
        <time>2024-12-13T09:09:37Z</time>
      </trkpt>
      <trkpt lat="41.630141" lon="2.456908">
        <ele>343.559</ele>
        <time>2024-12-13T09:09:45Z</time>
      </trkpt>
      <trkpt lat="41.630110" lon="2.456904">
        <ele>343.767</ele>
        <time>2024-12-13T09:09:49Z</time>
      </trkpt>
      <trkpt lat="41.630080" lon="2.456904">
        <ele>344.081</ele>
        <time>2024-12-13T09:09:52Z</time>
      </trkpt>
      <trkpt lat="41.630027" lon="2.456924">
        <ele>344.619</ele>
        <time>2024-12-13T09:09:58Z</time>
      </trkpt>
      <trkpt lat="41.630001" lon="2.456942">
        <ele>345.009</ele>
        <time>2024-12-13T09:10:02Z</time>
      </trkpt>
      <trkpt lat="41.629951" lon="2.456976">
        <ele>345.627</ele>
        <time>2024-12-13T09:10:09Z</time>
      </trkpt>
      <trkpt lat="41.629924" lon="2.456996">
        <ele>345.975</ele>
        <time>2024-12-13T09:10:14Z</time>
      </trkpt>
      <trkpt lat="41.629876" lon="2.457044">
        <ele>346.442</ele>
        <time>2024-12-13T09:10:20Z</time>
      </trkpt>
      <trkpt lat="41.629848" lon="2.457072">
        <ele>346.614</ele>
        <time>2024-12-13T09:10:23Z</time>
      </trkpt>
      <trkpt lat="41.629825" lon="2.457101">
        <ele>346.829</ele>
        <time>2024-12-13T09:10:27Z</time>
      </trkpt>
      <trkpt lat="41.629808" lon="2.457135">
        <ele>347.082</ele>
        <time>2024-12-13T09:10:30Z</time>
      </trkpt>
      <trkpt lat="41.629790" lon="2.457163">
        <ele>347.126</ele>
        <time>2024-12-13T09:10:33Z</time>
      </trkpt>
      <trkpt lat="41.629766" lon="2.457196">
        <ele>347.210</ele>
        <time>2024-12-13T09:10:37Z</time>
      </trkpt>
      <trkpt lat="41.629735" lon="2.457233">
        <ele>347.243</ele>
        <time>2024-12-13T09:10:41Z</time>
      </trkpt>
      <trkpt lat="41.629718" lon="2.457263">
        <ele>347.632</ele>
        <time>2024-12-13T09:10:43Z</time>
      </trkpt>
      <trkpt lat="41.629701" lon="2.457295">
        <ele>348.192</ele>
        <time>2024-12-13T09:10:48Z</time>
      </trkpt>
      <trkpt lat="41.629684" lon="2.457329">
        <ele>348.611</ele>
        <time>2024-12-13T09:10:50Z</time>
      </trkpt>
      <trkpt lat="41.629657" lon="2.457351">
        <ele>348.909</ele>
        <time>2024-12-13T09:10:54Z</time>
      </trkpt>
      <trkpt lat="41.629627" lon="2.457367">
        <ele>349.144</ele>
        <time>2024-12-13T09:10:59Z</time>
      </trkpt>
      <trkpt lat="41.629596" lon="2.457379">
        <ele>349.262</ele>
        <time>2024-12-13T09:11:03Z</time>
      </trkpt>
      <trkpt lat="41.629546" lon="2.457407">
        <ele>349.549</ele>
        <time>2024-12-13T09:11:08Z</time>
      </trkpt>
      <trkpt lat="41.629507" lon="2.457415">
        <ele>349.551</ele>
        <time>2024-12-13T09:11:12Z</time>
      </trkpt>
      <trkpt lat="41.629471" lon="2.457421">
        <ele>349.526</ele>
        <time>2024-12-13T09:11:16Z</time>
      </trkpt>
      <trkpt lat="41.629414" lon="2.457428">
        <ele>349.749</ele>
        <time>2024-12-13T09:11:22Z</time>
      </trkpt>
      <trkpt lat="41.629384" lon="2.457441">
        <ele>350.133</ele>
        <time>2024-12-13T09:11:26Z</time>
      </trkpt>
      <trkpt lat="41.629356" lon="2.457444">
        <ele>350.397</ele>
        <time>2024-12-13T09:11:28Z</time>
      </trkpt>
      <trkpt lat="41.629305" lon="2.457437">
        <ele>350.710</ele>
        <time>2024-12-13T09:11:33Z</time>
      </trkpt>
      <trkpt lat="41.629250" lon="2.457420">
        <ele>351.082</ele>
        <time>2024-12-13T09:11:38Z</time>
      </trkpt>
      <trkpt lat="41.629224" lon="2.457410">
        <ele>351.243</ele>
        <time>2024-12-13T09:11:41Z</time>
      </trkpt>
      <trkpt lat="41.629196" lon="2.457398">
        <ele>351.417</ele>
        <time>2024-12-13T09:11:44Z</time>
      </trkpt>
      <trkpt lat="41.629152" lon="2.457371">
        <ele>351.809</ele>
        <time>2024-12-13T09:11:48Z</time>
      </trkpt>
      <trkpt lat="41.629133" lon="2.457345">
        <ele>351.969</ele>
        <time>2024-12-13T09:11:51Z</time>
      </trkpt>
      <trkpt lat="41.629100" lon="2.457300">
        <ele>352.197</ele>
        <time>2024-12-13T09:11:55Z</time>
      </trkpt>
      <trkpt lat="41.629081" lon="2.457266">
        <ele>352.234</ele>
        <time>2024-12-13T09:12:00Z</time>
      </trkpt>
      <trkpt lat="41.629061" lon="2.457232">
        <ele>352.236</ele>
        <time>2024-12-13T09:12:03Z</time>
      </trkpt>
      <trkpt lat="41.629042" lon="2.457194">
        <ele>352.411</ele>
        <time>2024-12-13T09:12:06Z</time>
      </trkpt>
      <trkpt lat="41.629026" lon="2.457149">
        <ele>352.814</ele>
        <time>2024-12-13T09:12:10Z</time>
      </trkpt>
      <trkpt lat="41.629017" lon="2.457099">
        <ele>353.198</ele>
        <time>2024-12-13T09:12:13Z</time>
      </trkpt>
      <trkpt lat="41.629009" lon="2.457049">
        <ele>353.312</ele>
        <time>2024-12-13T09:12:17Z</time>
      </trkpt>
      <trkpt lat="41.629012" lon="2.457000">
        <ele>353.585</ele>
        <time>2024-12-13T09:12:20Z</time>
      </trkpt>
      <trkpt lat="41.629030" lon="2.456951">
        <ele>353.556</ele>
        <time>2024-12-13T09:12:26Z</time>
      </trkpt>
      <trkpt lat="41.629073" lon="2.456902">
        <ele>353.459</ele>
        <time>2024-12-13T09:12:33Z</time>
      </trkpt>
      <trkpt lat="41.629115" lon="2.456875">
        <ele>353.214</ele>
        <time>2024-12-13T09:12:42Z</time>
      </trkpt>
      <trkpt lat="41.629168" lon="2.456864">
        <ele>352.909</ele>
        <time>2024-12-13T09:12:50Z</time>
      </trkpt>
      <trkpt lat="41.629199" lon="2.456863">
        <ele>352.586</ele>
        <time>2024-12-13T09:12:53Z</time>
      </trkpt>
      <trkpt lat="41.629229" lon="2.456867">
        <ele>352.124</ele>
        <time>2024-12-13T09:12:58Z</time>
      </trkpt>
      <trkpt lat="41.629261" lon="2.456874">
        <ele>351.771</ele>
        <time>2024-12-13T09:13:02Z</time>
      </trkpt>
      <trkpt lat="41.629314" lon="2.456882">
        <ele>351.013</ele>
        <time>2024-12-13T09:13:09Z</time>
      </trkpt>
      <trkpt lat="41.629345" lon="2.456884">
        <ele>350.678</ele>
        <time>2024-12-13T09:13:13Z</time>
      </trkpt>
      <trkpt lat="41.629372" lon="2.456879">
        <ele>350.311</ele>
        <time>2024-12-13T09:13:16Z</time>
      </trkpt>
      <trkpt lat="41.629400" lon="2.456873">
        <ele>350.055</ele>
        <time>2024-12-13T09:13:20Z</time>
      </trkpt>
      <trkpt lat="41.629446" lon="2.456844">
        <ele>349.779</ele>
        <time>2024-12-13T09:13:26Z</time>
      </trkpt>
      <trkpt lat="41.629472" lon="2.456817">
        <ele>349.562</ele>
        <time>2024-12-13T09:13:29Z</time>
      </trkpt>
      <trkpt lat="41.629494" lon="2.456782">
        <ele>349.474</ele>
        <time>2024-12-13T09:13:32Z</time>
      </trkpt>
      <trkpt lat="41.629508" lon="2.456743">
        <ele>349.456</ele>
        <time>2024-12-13T09:13:35Z</time>
      </trkpt>
      <trkpt lat="41.629521" lon="2.456706">
        <ele>349.421</ele>
        <time>2024-12-13T09:13:39Z</time>
      </trkpt>
      <trkpt lat="41.629533" lon="2.456671">
        <ele>349.409</ele>
        <time>2024-12-13T09:13:41Z</time>
      </trkpt>
      <trkpt lat="41.629545" lon="2.456638">
        <ele>349.518</ele>
        <time>2024-12-13T09:13:44Z</time>
      </trkpt>
      <trkpt lat="41.629558" lon="2.456602">
        <ele>349.646</ele>
        <time>2024-12-13T09:13:47Z</time>
      </trkpt>
      <trkpt lat="41.629575" lon="2.456568">
        <ele>349.553</ele>
        <time>2024-12-13T09:13:51Z</time>
      </trkpt>
      <trkpt lat="41.629589" lon="2.456532">
        <ele>349.685</ele>
        <time>2024-12-13T09:13:54Z</time>
      </trkpt>
      <trkpt lat="41.629603" lon="2.456493">
        <ele>349.790</ele>
        <time>2024-12-13T09:13:58Z</time>
      </trkpt>
      <trkpt lat="41.629620" lon="2.456455">
        <ele>349.693</ele>
        <time>2024-12-13T09:14:01Z</time>
      </trkpt>
      <trkpt lat="41.629635" lon="2.456423">
        <ele>349.647</ele>
        <time>2024-12-13T09:14:04Z</time>
      </trkpt>
      <trkpt lat="41.629652" lon="2.456385">
        <ele>349.641</ele>
        <time>2024-12-13T09:14:07Z</time>
      </trkpt>
      <trkpt lat="41.629674" lon="2.456351">
        <ele>349.734</ele>
        <time>2024-12-13T09:14:10Z</time>
      </trkpt>
      <trkpt lat="41.629693" lon="2.456317">
        <ele>349.997</ele>
        <time>2024-12-13T09:14:13Z</time>
      </trkpt>
      <trkpt lat="41.629717" lon="2.456281">
        <ele>350.023</ele>
        <time>2024-12-13T09:14:17Z</time>
      </trkpt>
      <trkpt lat="41.629751" lon="2.456236">
        <ele>350.125</ele>
        <time>2024-12-13T09:14:22Z</time>
      </trkpt>
      <trkpt lat="41.629773" lon="2.456209">
        <ele>350.009</ele>
        <time>2024-12-13T09:14:26Z</time>
      </trkpt>
      <trkpt lat="41.629801" lon="2.456176">
        <ele>349.870</ele>
        <time>2024-12-13T09:14:31Z</time>
      </trkpt>
      <trkpt lat="41.629825" lon="2.456152">
        <ele>349.598</ele>
        <time>2024-12-13T09:14:34Z</time>
      </trkpt>
      <trkpt lat="41.629850" lon="2.456129">
        <ele>349.125</ele>
        <time>2024-12-13T09:14:37Z</time>
      </trkpt>
      <trkpt lat="41.629877" lon="2.456106">
        <ele>348.667</ele>
        <time>2024-12-13T09:14:40Z</time>
      </trkpt>
      <trkpt lat="41.629908" lon="2.456090">
        <ele>347.812</ele>
        <time>2024-12-13T09:14:44Z</time>
      </trkpt>
      <trkpt lat="41.629936" lon="2.456075">
        <ele>347.165</ele>
        <time>2024-12-13T09:14:47Z</time>
      </trkpt>
      <trkpt lat="41.629961" lon="2.456053">
        <ele>346.689</ele>
        <time>2024-12-13T09:14:50Z</time>
      </trkpt>
      <trkpt lat="41.629973" lon="2.456017">
        <ele>346.543</ele>
        <time>2024-12-13T09:14:53Z</time>
      </trkpt>
      <trkpt lat="41.629972" lon="2.455980">
        <ele>346.896</ele>
        <time>2024-12-13T09:14:57Z</time>
      </trkpt>
      <trkpt lat="41.629937" lon="2.455937">
        <ele>348.254</ele>
        <time>2024-12-13T09:15:04Z</time>
      </trkpt>
      <trkpt lat="41.629901" lon="2.455904">
        <ele>349.656</ele>
        <time>2024-12-13T09:15:11Z</time>
      </trkpt>
      <trkpt lat="41.629856" lon="2.455875">
        <ele>351.311</ele>
        <time>2024-12-13T09:15:21Z</time>
      </trkpt>
      <trkpt lat="41.629828" lon="2.455865">
        <ele>352.309</ele>
        <time>2024-12-13T09:15:26Z</time>
      </trkpt>
      <trkpt lat="41.629779" lon="2.455853">
        <ele>354.036</ele>
        <time>2024-12-13T09:15:33Z</time>
      </trkpt>
      <trkpt lat="41.629729" lon="2.455842">
        <ele>355.734</ele>
        <time>2024-12-13T09:15:46Z</time>
      </trkpt>
      <trkpt lat="41.629701" lon="2.455828">
        <ele>356.591</ele>
        <time>2024-12-13T09:15:52Z</time>
      </trkpt>
      <trkpt lat="41.629673" lon="2.455820">
        <ele>357.173</ele>
        <time>2024-12-13T09:15:54Z</time>
      </trkpt>
      <trkpt lat="41.629645" lon="2.455822">
        <ele>357.718</ele>
        <time>2024-12-13T09:15:58Z</time>
      </trkpt>
      <trkpt lat="41.629595" lon="2.455825">
        <ele>358.821</ele>
        <time>2024-12-13T09:16:05Z</time>
      </trkpt>
      <trkpt lat="41.629544" lon="2.455826">
        <ele>359.995</ele>
        <time>2024-12-13T09:16:12Z</time>
      </trkpt>
      <trkpt lat="41.629499" lon="2.455847">
        <ele>360.659</ele>
        <time>2024-12-13T09:16:22Z</time>
      </trkpt>
      <trkpt lat="41.629454" lon="2.455876">
        <ele>361.242</ele>
        <time>2024-12-13T09:16:31Z</time>
      </trkpt>
      <trkpt lat="41.629408" lon="2.455891">
        <ele>361.741</ele>
        <time>2024-12-13T09:16:42Z</time>
      </trkpt>
      <trkpt lat="41.629361" lon="2.455907">
        <ele>362.181</ele>
        <time>2024-12-13T09:16:50Z</time>
      </trkpt>
      <trkpt lat="41.629331" lon="2.455916">
        <ele>362.409</ele>
        <time>2024-12-13T09:16:55Z</time>
      </trkpt>
      <trkpt lat="41.629297" lon="2.455919">
        <ele>362.909</ele>
        <time>2024-12-13T09:16:59Z</time>
      </trkpt>
      <trkpt lat="41.629268" lon="2.455914">
        <ele>363.445</ele>
        <time>2024-12-13T09:17:05Z</time>
      </trkpt>
      <trkpt lat="41.629241" lon="2.455897">
        <ele>364.033</ele>
        <time>2024-12-13T09:17:10Z</time>
      </trkpt>
      <trkpt lat="41.629219" lon="2.455876">
        <ele>364.660</ele>
        <time>2024-12-13T09:17:18Z</time>
      </trkpt>
      <trkpt lat="41.629195" lon="2.455853">
        <ele>365.332</ele>
        <time>2024-12-13T09:17:25Z</time>
      </trkpt>
      <trkpt lat="41.629171" lon="2.455821">
        <ele>366.087</ele>
        <time>2024-12-13T09:17:32Z</time>
      </trkpt>
      <trkpt lat="41.629155" lon="2.455783">
        <ele>366.370</ele>
        <time>2024-12-13T09:17:36Z</time>
      </trkpt>
      <trkpt lat="41.629134" lon="2.455758">
        <ele>366.674</ele>
        <time>2024-12-13T09:17:42Z</time>
      </trkpt>
      <trkpt lat="41.629098" lon="2.455698">
        <ele>367.318</ele>
        <time>2024-12-13T09:17:55Z</time>
      </trkpt>
      <trkpt lat="41.629066" lon="2.455655">
        <ele>368.131</ele>
        <time>2024-12-13T09:18:06Z</time>
      </trkpt>
      <trkpt lat="41.629023" lon="2.455619">
        <ele>369.015</ele>
        <time>2024-12-13T09:18:14Z</time>
      </trkpt>
      <trkpt lat="41.628983" lon="2.455578">
        <ele>370.165</ele>
        <time>2024-12-13T09:18:22Z</time>
      </trkpt>
      <trkpt lat="41.628969" lon="2.455545">
        <ele>370.711</ele>
        <time>2024-12-13T09:18:27Z</time>
      </trkpt>
      <trkpt lat="41.628951" lon="2.455518">
        <ele>371.209</ele>
        <time>2024-12-13T09:18:31Z</time>
      </trkpt>
      <trkpt lat="41.628934" lon="2.455452">
        <ele>372.212</ele>
        <time>2024-12-13T09:18:40Z</time>
      </trkpt>
      <trkpt lat="41.628929" lon="2.455409">
        <ele>372.730</ele>
        <time>2024-12-13T09:18:44Z</time>
      </trkpt>
      <trkpt lat="41.628926" lon="2.455366">
        <ele>373.247</ele>
        <time>2024-12-13T09:18:51Z</time>
      </trkpt>
      <trkpt lat="41.628917" lon="2.455330">
        <ele>373.819</ele>
        <time>2024-12-13T09:18:56Z</time>
      </trkpt>
      <trkpt lat="41.628899" lon="2.455299">
        <ele>374.574</ele>
        <time>2024-12-13T09:19:00Z</time>
      </trkpt>
      <trkpt lat="41.628850" lon="2.455264">
        <ele>375.537</ele>
        <time>2024-12-13T09:19:10Z</time>
      </trkpt>
      <trkpt lat="41.628822" lon="2.455260">
        <ele>375.851</ele>
        <time>2024-12-13T09:19:16Z</time>
      </trkpt>
      <trkpt lat="41.628790" lon="2.455253">
        <ele>376.285</ele>
        <time>2024-12-13T09:19:25Z</time>
      </trkpt>
      <trkpt lat="41.628741" lon="2.455245">
        <ele>376.818</ele>
        <time>2024-12-13T09:19:32Z</time>
      </trkpt>
      <trkpt lat="41.628715" lon="2.455231">
        <ele>377.363</ele>
        <time>2024-12-13T09:19:35Z</time>
      </trkpt>
      <trkpt lat="41.628687" lon="2.455223">
        <ele>377.744</ele>
        <time>2024-12-13T09:19:39Z</time>
      </trkpt>
      <trkpt lat="41.628656" lon="2.455211">
        <ele>378.218</ele>
        <time>2024-12-13T09:19:42Z</time>
      </trkpt>
      <trkpt lat="41.628627" lon="2.455193">
        <ele>378.709</ele>
        <time>2024-12-13T09:19:45Z</time>
      </trkpt>
      <trkpt lat="41.628597" lon="2.455177">
        <ele>379.217</ele>
        <time>2024-12-13T09:19:48Z</time>
      </trkpt>
      <trkpt lat="41.628549" lon="2.455152">
        <ele>379.785</ele>
        <time>2024-12-13T09:19:54Z</time>
      </trkpt>
      <trkpt lat="41.628523" lon="2.455137">
        <ele>380.072</ele>
        <time>2024-12-13T09:19:57Z</time>
      </trkpt>
      <trkpt lat="41.628497" lon="2.455119">
        <ele>380.434</ele>
        <time>2024-12-13T09:20:00Z</time>
      </trkpt>
      <trkpt lat="41.628466" lon="2.455098">
        <ele>380.819</ele>
        <time>2024-12-13T09:20:03Z</time>
      </trkpt>
      <trkpt lat="41.628435" lon="2.455083">
        <ele>381.222</ele>
        <time>2024-12-13T09:20:07Z</time>
      </trkpt>
      <trkpt lat="41.628405" lon="2.455068">
        <ele>381.696</ele>
        <time>2024-12-13T09:20:10Z</time>
      </trkpt>
      <trkpt lat="41.628356" lon="2.455058">
        <ele>382.080</ele>
        <time>2024-12-13T09:20:16Z</time>
      </trkpt>
      <trkpt lat="41.628308" lon="2.455025">
        <ele>382.973</ele>
        <time>2024-12-13T09:20:23Z</time>
      </trkpt>
      <trkpt lat="41.628272" lon="2.455009">
        <ele>383.541</ele>
        <time>2024-12-13T09:20:27Z</time>
      </trkpt>
      <trkpt lat="41.628226" lon="2.454996">
        <ele>384.281</ele>
        <time>2024-12-13T09:20:34Z</time>
      </trkpt>
      <trkpt lat="41.628178" lon="2.454963">
        <ele>385.309</ele>
        <time>2024-12-13T09:20:42Z</time>
      </trkpt>
      <trkpt lat="41.628151" lon="2.454952">
        <ele>385.809</ele>
        <time>2024-12-13T09:20:45Z</time>
      </trkpt>
      <trkpt lat="41.628119" lon="2.454938">
        <ele>386.525</ele>
        <time>2024-12-13T09:20:49Z</time>
      </trkpt>
      <trkpt lat="41.628072" lon="2.454916">
        <ele>387.663</ele>
        <time>2024-12-13T09:20:57Z</time>
      </trkpt>
      <trkpt lat="41.628041" lon="2.454902">
        <ele>388.440</ele>
        <time>2024-12-13T09:21:00Z</time>
      </trkpt>
      <trkpt lat="41.628012" lon="2.454889">
        <ele>389.342</ele>
        <time>2024-12-13T09:21:03Z</time>
      </trkpt>
      <trkpt lat="41.627983" lon="2.454881">
        <ele>390.027</ele>
        <time>2024-12-13T09:21:06Z</time>
      </trkpt>
      <trkpt lat="41.627969" lon="2.454863">
        <ele>390.770</ele>
        <time>2024-12-13T09:21:10Z</time>
      </trkpt>
      <trkpt lat="41.628001" lon="2.454816">
        <ele>391.054</ele>
        <time>2024-12-13T09:21:17Z</time>
      </trkpt>
      <trkpt lat="41.628018" lon="2.454783">
        <ele>391.488</ele>
        <time>2024-12-13T09:21:26Z</time>
      </trkpt>
      <trkpt lat="41.628040" lon="2.454724">
        <ele>392.261</ele>
        <time>2024-12-13T09:21:35Z</time>
      </trkpt>
      <trkpt lat="41.628041" lon="2.454683">
        <ele>392.812</ele>
        <time>2024-12-13T09:21:40Z</time>
      </trkpt>
      <trkpt lat="41.628047" lon="2.454632">
        <ele>393.532</ele>
        <time>2024-12-13T09:21:46Z</time>
      </trkpt>
      <trkpt lat="41.628055" lon="2.454570">
        <ele>394.205</ele>
        <time>2024-12-13T09:21:55Z</time>
      </trkpt>
      <trkpt lat="41.628062" lon="2.454531">
        <ele>394.609</ele>
        <time>2024-12-13T09:22:04Z</time>
      </trkpt>
      <trkpt lat="41.628079" lon="2.454454">
        <ele>395.312</ele>
        <time>2024-12-13T09:22:12Z</time>
      </trkpt>
      <trkpt lat="41.628087" lon="2.454417">
        <ele>395.680</ele>
        <time>2024-12-13T09:22:15Z</time>
      </trkpt>
      <trkpt lat="41.628090" lon="2.454381">
        <ele>396.017</ele>
        <time>2024-12-13T09:22:21Z</time>
      </trkpt>
      <trkpt lat="41.628098" lon="2.454308">
        <ele>396.849</ele>
        <time>2024-12-13T09:22:31Z</time>
      </trkpt>
      <trkpt lat="41.628106" lon="2.454255">
        <ele>397.344</ele>
        <time>2024-12-13T09:22:42Z</time>
      </trkpt>
      <trkpt lat="41.628112" lon="2.454215">
        <ele>397.787</ele>
        <time>2024-12-13T09:22:47Z</time>
      </trkpt>
      <trkpt lat="41.628118" lon="2.454178">
        <ele>398.011</ele>
        <time>2024-12-13T09:22:51Z</time>
      </trkpt>
      <trkpt lat="41.628123" lon="2.454101">
        <ele>398.585</ele>
        <time>2024-12-13T09:23:00Z</time>
      </trkpt>
      <trkpt lat="41.628124" lon="2.454044">
        <ele>398.928</ele>
        <time>2024-12-13T09:23:06Z</time>
      </trkpt>
      <trkpt lat="41.628118" lon="2.454003">
        <ele>399.438</ele>
        <time>2024-12-13T09:23:11Z</time>
      </trkpt>
      <trkpt lat="41.628113" lon="2.453965">
        <ele>399.870</ele>
        <time>2024-12-13T09:23:16Z</time>
      </trkpt>
      <trkpt lat="41.628088" lon="2.453914">
        <ele>400.917</ele>
        <time>2024-12-13T09:23:28Z</time>
      </trkpt>
      <trkpt lat="41.628061" lon="2.453910">
        <ele>401.709</ele>
        <time>2024-12-13T09:23:34Z</time>
      </trkpt>
      <trkpt lat="41.628023" lon="2.453938">
        <ele>402.564</ele>
        <time>2024-12-13T09:23:44Z</time>
      </trkpt>
      <trkpt lat="41.627998" lon="2.453956">
        <ele>403.142</ele>
        <time>2024-12-13T09:23:49Z</time>
      </trkpt>
      <trkpt lat="41.627975" lon="2.453976">
        <ele>403.519</ele>
        <time>2024-12-13T09:23:53Z</time>
      </trkpt>
      <trkpt lat="41.627926" lon="2.454010">
        <ele>404.541</ele>
        <time>2024-12-13T09:24:00Z</time>
      </trkpt>
      <trkpt lat="41.627883" lon="2.454010">
        <ele>405.666</ele>
        <time>2024-12-13T09:24:06Z</time>
      </trkpt>
      <trkpt lat="41.627844" lon="2.454004">
        <ele>406.659</ele>
        <time>2024-12-13T09:24:10Z</time>
      </trkpt>
      <trkpt lat="41.627816" lon="2.453978">
        <ele>407.753</ele>
        <time>2024-12-13T09:24:14Z</time>
      </trkpt>
      <trkpt lat="41.627819" lon="2.453924">
        <ele>408.317</ele>
        <time>2024-12-13T09:24:21Z</time>
      </trkpt>
      <trkpt lat="41.627827" lon="2.453887">
        <ele>408.690</ele>
        <time>2024-12-13T09:24:29Z</time>
      </trkpt>
      <trkpt lat="41.627844" lon="2.453829">
        <ele>408.793</ele>
        <time>2024-12-13T09:24:35Z</time>
      </trkpt>
      <trkpt lat="41.627861" lon="2.453792">
        <ele>408.765</ele>
        <time>2024-12-13T09:24:40Z</time>
      </trkpt>
      <trkpt lat="41.627875" lon="2.453756">
        <ele>408.621</ele>
        <time>2024-12-13T09:24:43Z</time>
      </trkpt>
      <trkpt lat="41.627886" lon="2.453688">
        <ele>409.109</ele>
        <time>2024-12-13T09:24:52Z</time>
      </trkpt>
      <trkpt lat="41.627899" lon="2.453614">
        <ele>409.510</ele>
        <time>2024-12-13T09:25:00Z</time>
      </trkpt>
      <trkpt lat="41.627913" lon="2.453559">
        <ele>409.438</ele>
        <time>2024-12-13T09:25:05Z</time>
      </trkpt>
      <trkpt lat="41.627921" lon="2.453520">
        <ele>409.485</ele>
        <time>2024-12-13T09:25:09Z</time>
      </trkpt>
      <trkpt lat="41.627919" lon="2.453482">
        <ele>409.667</ele>
        <time>2024-12-13T09:25:13Z</time>
      </trkpt>
      <trkpt lat="41.627926" lon="2.453401">
        <ele>409.812</ele>
        <time>2024-12-13T09:25:21Z</time>
      </trkpt>
      <trkpt lat="41.627920" lon="2.453364">
        <ele>410.265</ele>
        <time>2024-12-13T09:25:24Z</time>
      </trkpt>
      <trkpt lat="41.627896" lon="2.453326">
        <ele>411.269</ele>
        <time>2024-12-13T09:25:29Z</time>
      </trkpt>
      <trkpt lat="41.627843" lon="2.453287">
        <ele>413.073</ele>
        <time>2024-12-13T09:25:36Z</time>
      </trkpt>
      <trkpt lat="41.627815" lon="2.453266">
        <ele>414.166</ele>
        <time>2024-12-13T09:25:42Z</time>
      </trkpt>
      <trkpt lat="41.627813" lon="2.453229">
        <ele>414.467</ele>
        <time>2024-12-13T09:25:49Z</time>
      </trkpt>
      <trkpt lat="41.627808" lon="2.453192">
        <ele>414.881</ele>
        <time>2024-12-13T09:25:55Z</time>
      </trkpt>
      <trkpt lat="41.627792" lon="2.453133">
        <ele>415.819</ele>
        <time>2024-12-13T09:26:08Z</time>
      </trkpt>
      <trkpt lat="41.627766" lon="2.453082">
        <ele>417.309</ele>
        <time>2024-12-13T09:26:15Z</time>
      </trkpt>
      <trkpt lat="41.627726" lon="2.453071">
        <ele>419.117</ele>
        <time>2024-12-13T09:26:21Z</time>
      </trkpt>
      <trkpt lat="41.627707" lon="2.453100">
        <ele>419.795</ele>
        <time>2024-12-13T09:26:25Z</time>
      </trkpt>
      <trkpt lat="41.627696" lon="2.453162">
        <ele>419.842</ele>
        <time>2024-12-13T09:26:35Z</time>
      </trkpt>
      <trkpt lat="41.627688" lon="2.453223">
        <ele>419.774</ele>
        <time>2024-12-13T09:26:41Z</time>
      </trkpt>
      <trkpt lat="41.627682" lon="2.453262">
        <ele>419.779</ele>
        <time>2024-12-13T09:26:45Z</time>
      </trkpt>
      <trkpt lat="41.627675" lon="2.453304">
        <ele>419.792</ele>
        <time>2024-12-13T09:26:49Z</time>
      </trkpt>
      <trkpt lat="41.627639" lon="2.453355">
        <ele>420.786</ele>
        <time>2024-12-13T09:26:57Z</time>
      </trkpt>
      <trkpt lat="41.627612" lon="2.453406">
        <ele>421.280</ele>
        <time>2024-12-13T09:27:04Z</time>
      </trkpt>
      <trkpt lat="41.627598" lon="2.453437">
        <ele>421.333</ele>
        <time>2024-12-13T09:27:08Z</time>
      </trkpt>
      <trkpt lat="41.627565" lon="2.453488">
        <ele>421.839</ele>
        <time>2024-12-13T09:27:14Z</time>
      </trkpt>
      <trkpt lat="41.627535" lon="2.453547">
        <ele>421.901</ele>
        <time>2024-12-13T09:27:20Z</time>
      </trkpt>
      <trkpt lat="41.627523" lon="2.453582">
        <ele>421.821</ele>
        <time>2024-12-13T09:27:23Z</time>
      </trkpt>
      <trkpt lat="41.627491" lon="2.453639">
        <ele>422.009</ele>
        <time>2024-12-13T09:27:28Z</time>
      </trkpt>
      <trkpt lat="41.627472" lon="2.453670">
        <ele>422.514</ele>
        <time>2024-12-13T09:27:32Z</time>
      </trkpt>
      <trkpt lat="41.627442" lon="2.453726">
        <ele>423.122</ele>
        <time>2024-12-13T09:27:37Z</time>
      </trkpt>
      <trkpt lat="41.627407" lon="2.453770">
        <ele>424.059</ele>
        <time>2024-12-13T09:27:41Z</time>
      </trkpt>
      <trkpt lat="41.627383" lon="2.453823">
        <ele>424.261</ele>
        <time>2024-12-13T09:27:47Z</time>
      </trkpt>
      <trkpt lat="41.627371" lon="2.453893">
        <ele>423.536</ele>
        <time>2024-12-13T09:27:52Z</time>
      </trkpt>
      <trkpt lat="41.627361" lon="2.453933">
        <ele>423.169</ele>
        <time>2024-12-13T09:27:55Z</time>
      </trkpt>
      <trkpt lat="41.627336" lon="2.453978">
        <ele>423.223</ele>
        <time>2024-12-13T09:27:59Z</time>
      </trkpt>
      <trkpt lat="41.627317" lon="2.454005">
        <ele>423.437</ele>
        <time>2024-12-13T09:28:02Z</time>
      </trkpt>
      <trkpt lat="41.627292" lon="2.454021">
        <ele>424.170</ele>
        <time>2024-12-13T09:28:06Z</time>
      </trkpt>
      <trkpt lat="41.627244" lon="2.454037">
        <ele>425.946</ele>
        <time>2024-12-13T09:28:11Z</time>
      </trkpt>
      <trkpt lat="41.627218" lon="2.454053">
        <ele>426.788</ele>
        <time>2024-12-13T09:28:14Z</time>
      </trkpt>
      <trkpt lat="41.627174" lon="2.454077">
        <ele>428.216</ele>
        <time>2024-12-13T09:28:20Z</time>
      </trkpt>
      <trkpt lat="41.627124" lon="2.454120">
        <ele>429.609</ele>
        <time>2024-12-13T09:28:27Z</time>
      </trkpt>
      <trkpt lat="41.627092" lon="2.454146">
        <ele>430.565</ele>
        <time>2024-12-13T09:28:31Z</time>
      </trkpt>
      <trkpt lat="41.627066" lon="2.454167">
        <ele>431.363</ele>
        <time>2024-12-13T09:28:34Z</time>
      </trkpt>
      <trkpt lat="41.627033" lon="2.454214">
        <ele>431.720</ele>
        <time>2024-12-13T09:28:40Z</time>
      </trkpt>
      <trkpt lat="41.627005" lon="2.454261">
        <ele>431.892</ele>
        <time>2024-12-13T09:28:45Z</time>
      </trkpt>
      <trkpt lat="41.626978" lon="2.454290">
        <ele>432.327</ele>
        <time>2024-12-13T09:28:48Z</time>
      </trkpt>
      <trkpt lat="41.626949" lon="2.454312">
        <ele>433.120</ele>
        <time>2024-12-13T09:28:52Z</time>
      </trkpt>
      <trkpt lat="41.626923" lon="2.454335">
        <ele>433.434</ele>
        <time>2024-12-13T09:28:57Z</time>
      </trkpt>
      <trkpt lat="41.626893" lon="2.454357">
        <ele>433.848</ele>
        <time>2024-12-13T09:29:00Z</time>
      </trkpt>
      <trkpt lat="41.626870" lon="2.454380">
        <ele>434.011</ele>
        <time>2024-12-13T09:29:03Z</time>
      </trkpt>
      <trkpt lat="41.626848" lon="2.454405">
        <ele>434.177</ele>
        <time>2024-12-13T09:29:06Z</time>
      </trkpt>
      <trkpt lat="41.626807" lon="2.454445">
        <ele>434.461</ele>
        <time>2024-12-13T09:29:11Z</time>
      </trkpt>
      <trkpt lat="41.626786" lon="2.454470">
        <ele>434.527</ele>
        <time>2024-12-13T09:29:17Z</time>
      </trkpt>
      <trkpt lat="41.626767" lon="2.454497">
        <ele>434.509</ele>
        <time>2024-12-13T09:29:20Z</time>
      </trkpt>
      <trkpt lat="41.626748" lon="2.454524">
        <ele>434.528</ele>
        <time>2024-12-13T09:29:23Z</time>
      </trkpt>
      <trkpt lat="41.626723" lon="2.454564">
        <ele>434.446</ele>
        <time>2024-12-13T09:29:27Z</time>
      </trkpt>
      <trkpt lat="41.626701" lon="2.454608">
        <ele>434.263</ele>
        <time>2024-12-13T09:29:33Z</time>
      </trkpt>
      <trkpt lat="41.626684" lon="2.454647">
        <ele>434.065</ele>
        <time>2024-12-13T09:29:36Z</time>
      </trkpt>
      <trkpt lat="41.626675" lon="2.454687">
        <ele>433.430</ele>
        <time>2024-12-13T09:29:39Z</time>
      </trkpt>
      <trkpt lat="41.626668" lon="2.454733">
        <ele>432.873</ele>
        <time>2024-12-13T09:29:42Z</time>
      </trkpt>
      <trkpt lat="41.626658" lon="2.454778">
        <ele>432.377</ele>
        <time>2024-12-13T09:29:45Z</time>
      </trkpt>
      <trkpt lat="41.626644" lon="2.454845">
        <ele>431.561</ele>
        <time>2024-12-13T09:29:51Z</time>
      </trkpt>
      <trkpt lat="41.626638" lon="2.454919">
        <ele>430.464</ele>
        <time>2024-12-13T09:29:59Z</time>
      </trkpt>
      <trkpt lat="41.626630" lon="2.454962">
        <ele>429.948</ele>
        <time>2024-12-13T09:30:03Z</time>
      </trkpt>
      <trkpt lat="41.626615" lon="2.454998">
        <ele>429.761</ele>
        <time>2024-12-13T09:30:07Z</time>
      </trkpt>
      <trkpt lat="41.626597" lon="2.455031">
        <ele>429.917</ele>
        <time>2024-12-13T09:30:11Z</time>
      </trkpt>
      <trkpt lat="41.626572" lon="2.455068">
        <ele>430.309</ele>
        <time>2024-12-13T09:30:18Z</time>
      </trkpt>
      <trkpt lat="41.626555" lon="2.455100">
        <ele>430.575</ele>
        <time>2024-12-13T09:30:21Z</time>
      </trkpt>
      <trkpt lat="41.626535" lon="2.455163">
        <ele>430.583</ele>
        <time>2024-12-13T09:30:29Z</time>
      </trkpt>
      <trkpt lat="41.626519" lon="2.455200">
        <ele>430.610</ele>
        <time>2024-12-13T09:30:34Z</time>
      </trkpt>
      <trkpt lat="41.626497" lon="2.455233">
        <ele>431.032</ele>
        <time>2024-12-13T09:30:41Z</time>
      </trkpt>
      <trkpt lat="41.626471" lon="2.455258">
        <ele>431.687</ele>
        <time>2024-12-13T09:30:47Z</time>
      </trkpt>
      <trkpt lat="41.626426" lon="2.455292">
        <ele>432.510</ele>
        <time>2024-12-13T09:30:54Z</time>
      </trkpt>
      <trkpt lat="41.626366" lon="2.455314">
        <ele>433.694</ele>
        <time>2024-12-13T09:31:01Z</time>
      </trkpt>
      <trkpt lat="41.626312" lon="2.455317">
        <ele>434.518</ele>
        <time>2024-12-13T09:31:09Z</time>
      </trkpt>
      <trkpt lat="41.626277" lon="2.455320">
        <ele>435.061</ele>
        <time>2024-12-13T09:31:15Z</time>
      </trkpt>
      <trkpt lat="41.626246" lon="2.455314">
        <ele>435.787</ele>
        <time>2024-12-13T09:31:19Z</time>
      </trkpt>
      <trkpt lat="41.626219" lon="2.455300">
        <ele>436.542</ele>
        <time>2024-12-13T09:31:25Z</time>
      </trkpt>
      <trkpt lat="41.626191" lon="2.455249">
        <ele>438.226</ele>
        <time>2024-12-13T09:31:35Z</time>
      </trkpt>
      <trkpt lat="41.626221" lon="2.455192">
        <ele>438.709</ele>
        <time>2024-12-13T09:31:44Z</time>
      </trkpt>
      <trkpt lat="41.626270" lon="2.455161">
        <ele>438.199</ele>
        <time>2024-12-13T09:31:56Z</time>
      </trkpt>
      <trkpt lat="41.626300" lon="2.455150">
        <ele>437.697</ele>
        <time>2024-12-13T09:32:00Z</time>
      </trkpt>
      <trkpt lat="41.626321" lon="2.455119">
        <ele>437.554</ele>
        <time>2024-12-13T09:32:06Z</time>
      </trkpt>
      <trkpt lat="41.626353" lon="2.455056">
        <ele>437.576</ele>
        <time>2024-12-13T09:32:14Z</time>
      </trkpt>
      <trkpt lat="41.626368" lon="2.455020">
        <ele>437.471</ele>
        <time>2024-12-13T09:32:17Z</time>
      </trkpt>
      <trkpt lat="41.626353" lon="2.454957">
        <ele>438.834</ele>
        <time>2024-12-13T09:32:24Z</time>
      </trkpt>
      <trkpt lat="41.626329" lon="2.454900">
        <ele>440.488</ele>
        <time>2024-12-13T09:32:31Z</time>
      </trkpt>
      <trkpt lat="41.626311" lon="2.454872">
        <ele>441.432</ele>
        <time>2024-12-13T09:32:38Z</time>
      </trkpt>
      <trkpt lat="41.626273" lon="2.454829">
        <ele>443.275</ele>
        <time>2024-12-13T09:32:46Z</time>
      </trkpt>
      <trkpt lat="41.626228" lon="2.454789">
        <ele>445.365</ele>
        <time>2024-12-13T09:32:53Z</time>
      </trkpt>
      <trkpt lat="41.626205" lon="2.454764">
        <ele>446.468</ele>
        <time>2024-12-13T09:32:57Z</time>
      </trkpt>
      <trkpt lat="41.626180" lon="2.454746">
        <ele>447.414</ele>
        <time>2024-12-13T09:33:02Z</time>
      </trkpt>
      <trkpt lat="41.626157" lon="2.454725">
        <ele>448.509</ele>
        <time>2024-12-13T09:33:09Z</time>
      </trkpt>
      <trkpt lat="41.626099" lon="2.454722">
        <ele>450.317</ele>
        <time>2024-12-13T09:33:16Z</time>
      </trkpt>
      <trkpt lat="41.626057" lon="2.454762">
        <ele>450.815</ele>
        <time>2024-12-13T09:33:25Z</time>
      </trkpt>
      <trkpt lat="41.626012" lon="2.454809">
        <ele>451.172</ele>
        <time>2024-12-13T09:33:33Z</time>
      </trkpt>
      <trkpt lat="41.625989" lon="2.454835">
        <ele>451.334</ele>
        <time>2024-12-13T09:33:37Z</time>
      </trkpt>
      <trkpt lat="41.625965" lon="2.454855">
        <ele>451.569</ele>
        <time>2024-12-13T09:33:40Z</time>
      </trkpt>
      <trkpt lat="41.625942" lon="2.454877">
        <ele>451.762</ele>
        <time>2024-12-13T09:33:45Z</time>
      </trkpt>
      <trkpt lat="41.625915" lon="2.454903">
        <ele>451.956</ele>
        <time>2024-12-13T09:33:49Z</time>
      </trkpt>
      <trkpt lat="41.625869" lon="2.454929">
        <ele>452.570</ele>
        <time>2024-12-13T09:33:56Z</time>
      </trkpt>
      <trkpt lat="41.625826" lon="2.454914">
        <ele>453.783</ele>
        <time>2024-12-13T09:34:03Z</time>
      </trkpt>
      <trkpt lat="41.625822" lon="2.454876">
        <ele>454.544</ele>
        <time>2024-12-13T09:34:07Z</time>
      </trkpt>
      <trkpt lat="41.625850" lon="2.454836">
        <ele>454.605</ele>
        <time>2024-12-13T09:34:13Z</time>
      </trkpt>
      <trkpt lat="41.625885" lon="2.454797">
        <ele>454.415</ele>
        <time>2024-12-13T09:34:22Z</time>
      </trkpt>
      <trkpt lat="41.625912" lon="2.454762">
        <ele>454.309</ele>
        <time>2024-12-13T09:34:27Z</time>
      </trkpt>
      <trkpt lat="41.625929" lon="2.454728">
        <ele>454.535</ele>
        <time>2024-12-13T09:34:30Z</time>
      </trkpt>
      <trkpt lat="41.625943" lon="2.454691">
        <ele>454.783</ele>
        <time>2024-12-13T09:34:33Z</time>
      </trkpt>
      <trkpt lat="41.625965" lon="2.454627">
        <ele>455.190</ele>
        <time>2024-12-13T09:34:40Z</time>
      </trkpt>
      <trkpt lat="41.625981" lon="2.454590">
        <ele>455.242</ele>
        <time>2024-12-13T09:34:43Z</time>
      </trkpt>
      <trkpt lat="41.625992" lon="2.454555">
        <ele>455.497</ele>
        <time>2024-12-13T09:34:45Z</time>
      </trkpt>
      <trkpt lat="41.626005" lon="2.454519">
        <ele>455.670</ele>
        <time>2024-12-13T09:34:48Z</time>
      </trkpt>
      <trkpt lat="41.626016" lon="2.454484">
        <ele>455.854</ele>
        <time>2024-12-13T09:34:51Z</time>
      </trkpt>
      <trkpt lat="41.626033" lon="2.454448">
        <ele>455.938</ele>
        <time>2024-12-13T09:34:56Z</time>
      </trkpt>
      <trkpt lat="41.626049" lon="2.454411">
        <ele>455.931</ele>
        <time>2024-12-13T09:34:59Z</time>
      </trkpt>
      <trkpt lat="41.626060" lon="2.454374">
        <ele>456.037</ele>
        <time>2024-12-13T09:35:03Z</time>
      </trkpt>
      <trkpt lat="41.626092" lon="2.454311">
        <ele>455.949</ele>
        <time>2024-12-13T09:35:10Z</time>
      </trkpt>
      <trkpt lat="41.626106" lon="2.454276">
        <ele>455.913</ele>
        <time>2024-12-13T09:35:16Z</time>
      </trkpt>
      <trkpt lat="41.626122" lon="2.454239">
        <ele>456.009</ele>
        <time>2024-12-13T09:35:19Z</time>
      </trkpt>
      <trkpt lat="41.626150" lon="2.454177">
        <ele>456.274</ele>
        <time>2024-12-13T09:35:27Z</time>
      </trkpt>
      <trkpt lat="41.626172" lon="2.454102">
        <ele>457.082</ele>
        <time>2024-12-13T09:35:35Z</time>
      </trkpt>
      <trkpt lat="41.626192" lon="2.454066">
        <ele>457.359</ele>
        <time>2024-12-13T09:35:39Z</time>
      </trkpt>
      <trkpt lat="41.626211" lon="2.453999">
        <ele>458.091</ele>
        <time>2024-12-13T09:35:45Z</time>
      </trkpt>
      <trkpt lat="41.626222" lon="2.453956">
        <ele>458.536</ele>
        <time>2024-12-13T09:35:48Z</time>
      </trkpt>
      <trkpt lat="41.626228" lon="2.453916">
        <ele>459.049</ele>
        <time>2024-12-13T09:35:52Z</time>
      </trkpt>
      <trkpt lat="41.626239" lon="2.453876">
        <ele>459.553</ele>
        <time>2024-12-13T09:35:56Z</time>
      </trkpt>
      <trkpt lat="41.626250" lon="2.453837">
        <ele>460.137</ele>
        <time>2024-12-13T09:36:00Z</time>
      </trkpt>
      <trkpt lat="41.626268" lon="2.453800">
        <ele>460.640</ele>
        <time>2024-12-13T09:36:04Z</time>
      </trkpt>
      <trkpt lat="41.626293" lon="2.453750">
        <ele>461.294</ele>
        <time>2024-12-13T09:36:11Z</time>
      </trkpt>
      <trkpt lat="41.626308" lon="2.453715">
        <ele>461.857</ele>
        <time>2024-12-13T09:36:15Z</time>
      </trkpt>
      <trkpt lat="41.626323" lon="2.453680">
        <ele>462.322</ele>
        <time>2024-12-13T09:36:19Z</time>
      </trkpt>
      <trkpt lat="41.626340" lon="2.453646">
        <ele>462.909</ele>
        <time>2024-12-13T09:36:22Z</time>
      </trkpt>
      <trkpt lat="41.626365" lon="2.453578">
        <ele>463.730</ele>
        <time>2024-12-13T09:36:29Z</time>
      </trkpt>
      <trkpt lat="41.626380" lon="2.453537">
        <ele>463.928</ele>
        <time>2024-12-13T09:36:33Z</time>
      </trkpt>
      <trkpt lat="41.626400" lon="2.453493">
        <ele>463.915</ele>
        <time>2024-12-13T09:36:37Z</time>
      </trkpt>
      <trkpt lat="41.626414" lon="2.453438">
        <ele>464.177</ele>
        <time>2024-12-13T09:36:46Z</time>
      </trkpt>
      <trkpt lat="41.626433" lon="2.453372">
        <ele>464.392</ele>
        <time>2024-12-13T09:36:54Z</time>
      </trkpt>
      <trkpt lat="41.626447" lon="2.453333">
        <ele>464.355</ele>
        <time>2024-12-13T09:36:58Z</time>
      </trkpt>
      <trkpt lat="41.626472" lon="2.453271">
        <ele>464.329</ele>
        <time>2024-12-13T09:37:04Z</time>
      </trkpt>
      <trkpt lat="41.626486" lon="2.453237">
        <ele>464.233</ele>
        <time>2024-12-13T09:37:07Z</time>
      </trkpt>
      <trkpt lat="41.626500" lon="2.453199">
        <ele>464.316</ele>
        <time>2024-12-13T09:37:10Z</time>
      </trkpt>
      <trkpt lat="41.626516" lon="2.453163">
        <ele>464.299</ele>
        <time>2024-12-13T09:37:14Z</time>
      </trkpt>
      <trkpt lat="41.626530" lon="2.453122">
        <ele>464.207</ele>
        <time>2024-12-13T09:37:18Z</time>
      </trkpt>
      <trkpt lat="41.626542" lon="2.453083">
        <ele>464.327</ele>
        <time>2024-12-13T09:37:23Z</time>
      </trkpt>
      <trkpt lat="41.626557" lon="2.453044">
        <ele>464.209</ele>
        <time>2024-12-13T09:37:26Z</time>
      </trkpt>
      <trkpt lat="41.626573" lon="2.453002">
        <ele>463.860</ele>
        <time>2024-12-13T09:37:31Z</time>
      </trkpt>
      <trkpt lat="41.626581" lon="2.452959">
        <ele>463.758</ele>
        <time>2024-12-13T09:37:34Z</time>
      </trkpt>
      <trkpt lat="41.626588" lon="2.452920">
        <ele>463.655</ele>
        <time>2024-12-13T09:37:39Z</time>
      </trkpt>
      <trkpt lat="41.626584" lon="2.452875">
        <ele>463.857</ele>
        <time>2024-12-13T09:37:44Z</time>
      </trkpt>
      <trkpt lat="41.626573" lon="2.452837">
        <ele>464.292</ele>
        <time>2024-12-13T09:37:48Z</time>
      </trkpt>
      <trkpt lat="41.626554" lon="2.452767">
        <ele>464.815</ele>
        <time>2024-12-13T09:37:55Z</time>
      </trkpt>
      <trkpt lat="41.626542" lon="2.452727">
        <ele>465.069</ele>
        <time>2024-12-13T09:37:58Z</time>
      </trkpt>
      <trkpt lat="41.626531" lon="2.452689">
        <ele>465.153</ele>
        <time>2024-12-13T09:38:01Z</time>
      </trkpt>
      <trkpt lat="41.626517" lon="2.452650">
        <ele>465.316</ele>
        <time>2024-12-13T09:38:05Z</time>
      </trkpt>
      <trkpt lat="41.626494" lon="2.452584">
        <ele>465.755</ele>
        <time>2024-12-13T09:38:10Z</time>
      </trkpt>
      <trkpt lat="41.626473" lon="2.452526">
        <ele>466.007</ele>
        <time>2024-12-13T09:38:14Z</time>
      </trkpt>
      <trkpt lat="41.626458" lon="2.452489">
        <ele>466.217</ele>
        <time>2024-12-13T09:38:17Z</time>
      </trkpt>
      <trkpt lat="41.626441" lon="2.452455">
        <ele>466.709</ele>
        <time>2024-12-13T09:38:20Z</time>
      </trkpt>
      <trkpt lat="41.626419" lon="2.452420">
        <ele>467.266</ele>
        <time>2024-12-13T09:38:24Z</time>
      </trkpt>
      <trkpt lat="41.626387" lon="2.452372">
        <ele>468.084</ele>
        <time>2024-12-13T09:38:31Z</time>
      </trkpt>
      <trkpt lat="41.626371" lon="2.452337">
        <ele>468.391</ele>
        <time>2024-12-13T09:38:34Z</time>
      </trkpt>
      <trkpt lat="41.626356" lon="2.452303">
        <ele>468.543</ele>
        <time>2024-12-13T09:38:37Z</time>
      </trkpt>
      <trkpt lat="41.626336" lon="2.452268">
        <ele>468.898</ele>
        <time>2024-12-13T09:38:40Z</time>
      </trkpt>
      <trkpt lat="41.626318" lon="2.452207">
        <ele>469.041</ele>
        <time>2024-12-13T09:38:47Z</time>
      </trkpt>
      <trkpt lat="41.626300" lon="2.452142">
        <ele>469.065</ele>
        <time>2024-12-13T09:38:53Z</time>
      </trkpt>
      <trkpt lat="41.626292" lon="2.452077">
        <ele>468.959</ele>
        <time>2024-12-13T09:38:58Z</time>
      </trkpt>
      <trkpt lat="41.626285" lon="2.452032">
        <ele>468.882</ele>
        <time>2024-12-13T09:39:05Z</time>
      </trkpt>
      <trkpt lat="41.626280" lon="2.451995">
        <ele>468.888</ele>
        <time>2024-12-13T09:39:11Z</time>
      </trkpt>
      <trkpt lat="41.626277" lon="2.451958">
        <ele>468.724</ele>
        <time>2024-12-13T09:39:14Z</time>
      </trkpt>
      <trkpt lat="41.626263" lon="2.451889">
        <ele>468.826</ele>
        <time>2024-12-13T09:39:19Z</time>
      </trkpt>
      <trkpt lat="41.626255" lon="2.451848">
        <ele>468.909</ele>
        <time>2024-12-13T09:39:22Z</time>
      </trkpt>
      <trkpt lat="41.626254" lon="2.451807">
        <ele>469.079</ele>
        <time>2024-12-13T09:39:25Z</time>
      </trkpt>
      <trkpt lat="41.626251" lon="2.451768">
        <ele>469.057</ele>
        <time>2024-12-13T09:39:29Z</time>
      </trkpt>
      <trkpt lat="41.626243" lon="2.451730">
        <ele>469.124</ele>
        <time>2024-12-13T09:39:31Z</time>
      </trkpt>
      <trkpt lat="41.626232" lon="2.451687">
        <ele>469.166</ele>
        <time>2024-12-13T09:39:35Z</time>
      </trkpt>
      <trkpt lat="41.626210" lon="2.451623">
        <ele>469.361</ele>
        <time>2024-12-13T09:39:42Z</time>
      </trkpt>
      <trkpt lat="41.626187" lon="2.451562">
        <ele>469.584</ele>
        <time>2024-12-13T09:39:49Z</time>
      </trkpt>
      <trkpt lat="41.626181" lon="2.451526">
        <ele>469.568</ele>
        <time>2024-12-13T09:39:52Z</time>
      </trkpt>
      <trkpt lat="41.626174" lon="2.451489">
        <ele>469.512</ele>
        <time>2024-12-13T09:39:55Z</time>
      </trkpt>
      <trkpt lat="41.626171" lon="2.451446">
        <ele>469.615</ele>
        <time>2024-12-13T09:39:58Z</time>
      </trkpt>
      <trkpt lat="41.626167" lon="2.451405">
        <ele>469.677</ele>
        <time>2024-12-13T09:40:00Z</time>
      </trkpt>
      <trkpt lat="41.626166" lon="2.451361">
        <ele>469.661</ele>
        <time>2024-12-13T09:40:04Z</time>
      </trkpt>
      <trkpt lat="41.626167" lon="2.451315">
        <ele>469.527</ele>
        <time>2024-12-13T09:40:07Z</time>
      </trkpt>
      <trkpt lat="41.626170" lon="2.451250">
        <ele>469.409</ele>
        <time>2024-12-13T09:40:11Z</time>
      </trkpt>
      <trkpt lat="41.626178" lon="2.451214">
        <ele>469.348</ele>
        <time>2024-12-13T09:40:14Z</time>
      </trkpt>
      <trkpt lat="41.626188" lon="2.451171">
        <ele>469.336</ele>
        <time>2024-12-13T09:40:17Z</time>
      </trkpt>
      <trkpt lat="41.626202" lon="2.451131">
        <ele>469.333</ele>
        <time>2024-12-13T09:40:20Z</time>
      </trkpt>
      <trkpt lat="41.626216" lon="2.451090">
        <ele>469.575</ele>
        <time>2024-12-13T09:40:23Z</time>
      </trkpt>
      <trkpt lat="41.626236" lon="2.451034">
        <ele>469.960</ele>
        <time>2024-12-13T09:40:28Z</time>
      </trkpt>
      <trkpt lat="41.626255" lon="2.450997">
        <ele>470.163</ele>
        <time>2024-12-13T09:40:31Z</time>
      </trkpt>
      <trkpt lat="41.626286" lon="2.450967">
        <ele>470.547</ele>
        <time>2024-12-13T09:40:36Z</time>
      </trkpt>
      <trkpt lat="41.626308" lon="2.450942">
        <ele>470.761</ele>
        <time>2024-12-13T09:40:38Z</time>
      </trkpt>
      <trkpt lat="41.626331" lon="2.450916">
        <ele>471.174</ele>
        <time>2024-12-13T09:40:42Z</time>
      </trkpt>
      <trkpt lat="41.626356" lon="2.450891">
        <ele>471.432</ele>
        <time>2024-12-13T09:40:45Z</time>
      </trkpt>
      <trkpt lat="41.626378" lon="2.450865">
        <ele>471.792</ele>
        <time>2024-12-13T09:40:48Z</time>
      </trkpt>
      <trkpt lat="41.626401" lon="2.450830">
        <ele>471.811</ele>
        <time>2024-12-13T09:40:52Z</time>
      </trkpt>
      <trkpt lat="41.626414" lon="2.450795">
        <ele>471.809</ele>
        <time>2024-12-13T09:40:55Z</time>
      </trkpt>
      <trkpt lat="41.626427" lon="2.450727">
        <ele>471.824</ele>
        <time>2024-12-13T09:41:01Z</time>
      </trkpt>
      <trkpt lat="41.626430" lon="2.450684">
        <ele>471.952</ele>
        <time>2024-12-13T09:41:04Z</time>
      </trkpt>
      <trkpt lat="41.626425" lon="2.450638">
        <ele>472.279</ele>
        <time>2024-12-13T09:41:07Z</time>
      </trkpt>
      <trkpt lat="41.626426" lon="2.450597">
        <ele>472.361</ele>
        <time>2024-12-13T09:41:10Z</time>
      </trkpt>
      <trkpt lat="41.626430" lon="2.450557">
        <ele>472.496</ele>
        <time>2024-12-13T09:41:13Z</time>
      </trkpt>
      <trkpt lat="41.626440" lon="2.450512">
        <ele>472.529</ele>
        <time>2024-12-13T09:41:17Z</time>
      </trkpt>
      <trkpt lat="41.626454" lon="2.450444">
        <ele>472.773</ele>
        <time>2024-12-13T09:41:21Z</time>
      </trkpt>
      <trkpt lat="41.626468" lon="2.450399">
        <ele>472.737</ele>
        <time>2024-12-13T09:41:25Z</time>
      </trkpt>
      <trkpt lat="41.626498" lon="2.450338">
        <ele>472.810</ele>
        <time>2024-12-13T09:41:30Z</time>
      </trkpt>
      <trkpt lat="41.626514" lon="2.450305">
        <ele>472.981</ele>
        <time>2024-12-13T09:41:33Z</time>
      </trkpt>
      <trkpt lat="41.626535" lon="2.450275">
        <ele>473.061</ele>
        <time>2024-12-13T09:41:36Z</time>
      </trkpt>
      <trkpt lat="41.626558" lon="2.450245">
        <ele>472.917</ele>
        <time>2024-12-13T09:41:39Z</time>
      </trkpt>
      <trkpt lat="41.626581" lon="2.450211">
        <ele>472.909</ele>
        <time>2024-12-13T09:41:42Z</time>
      </trkpt>
      <trkpt lat="41.626617" lon="2.450157">
        <ele>472.899</ele>
        <time>2024-12-13T09:41:48Z</time>
      </trkpt>
      <trkpt lat="41.626645" lon="2.450122">
        <ele>472.717</ele>
        <time>2024-12-13T09:41:52Z</time>
      </trkpt>
      <trkpt lat="41.626670" lon="2.450096">
        <ele>472.674</ele>
        <time>2024-12-13T09:41:55Z</time>
      </trkpt>
      <trkpt lat="41.626694" lon="2.450071">
        <ele>472.486</ele>
        <time>2024-12-13T09:41:58Z</time>
      </trkpt>
      <trkpt lat="41.626716" lon="2.450042">
        <ele>472.491</ele>
        <time>2024-12-13T09:42:01Z</time>
      </trkpt>
      <trkpt lat="41.626737" lon="2.450015">
        <ele>472.414</ele>
        <time>2024-12-13T09:42:04Z</time>
      </trkpt>
      <trkpt lat="41.626772" lon="2.449965">
        <ele>472.398</ele>
        <time>2024-12-13T09:42:09Z</time>
      </trkpt>
      <trkpt lat="41.626808" lon="2.449910">
        <ele>472.192</ele>
        <time>2024-12-13T09:42:15Z</time>
      </trkpt>
      <trkpt lat="41.626832" lon="2.449874">
        <ele>472.115</ele>
        <time>2024-12-13T09:42:18Z</time>
      </trkpt>
      <trkpt lat="41.626864" lon="2.449822">
        <ele>472.061</ele>
        <time>2024-12-13T09:42:25Z</time>
      </trkpt>
      <trkpt lat="41.626892" lon="2.449764">
        <ele>472.121</ele>
        <time>2024-12-13T09:42:30Z</time>
      </trkpt>
      <trkpt lat="41.626911" lon="2.449728">
        <ele>472.113</ele>
        <time>2024-12-13T09:42:34Z</time>
      </trkpt>
      <trkpt lat="41.626931" lon="2.449693">
        <ele>472.209</ele>
        <time>2024-12-13T09:42:38Z</time>
      </trkpt>
      <trkpt lat="41.626949" lon="2.449662">
        <ele>472.247</ele>
        <time>2024-12-13T09:42:41Z</time>
      </trkpt>
      <trkpt lat="41.626966" lon="2.449630">
        <ele>472.175</ele>
        <time>2024-12-13T09:42:43Z</time>
      </trkpt>
      <trkpt lat="41.626984" lon="2.449593">
        <ele>472.122</ele>
        <time>2024-12-13T09:42:46Z</time>
      </trkpt>
      <trkpt lat="41.627002" lon="2.449555">
        <ele>472.164</ele>
        <time>2024-12-13T09:42:49Z</time>
      </trkpt>
      <trkpt lat="41.627019" lon="2.449520">
        <ele>472.179</ele>
        <time>2024-12-13T09:42:56Z</time>
      </trkpt>
      <trkpt lat="41.627029" lon="2.449481">
        <ele>472.262</ele>
        <time>2024-12-13T09:42:59Z</time>
      </trkpt>
      <trkpt lat="41.627046" lon="2.449444">
        <ele>472.326</ele>
        <time>2024-12-13T09:43:02Z</time>
      </trkpt>
      <trkpt lat="41.627061" lon="2.449406">
        <ele>472.440</ele>
        <time>2024-12-13T09:43:05Z</time>
      </trkpt>
      <trkpt lat="41.627082" lon="2.449363">
        <ele>472.463</ele>
        <time>2024-12-13T09:43:09Z</time>
      </trkpt>
      <trkpt lat="41.627100" lon="2.449327">
        <ele>472.544</ele>
        <time>2024-12-13T09:43:13Z</time>
      </trkpt>
      <trkpt lat="41.627112" lon="2.449290">
        <ele>472.705</ele>
        <time>2024-12-13T09:43:16Z</time>
      </trkpt>
      <trkpt lat="41.627126" lon="2.449244">
        <ele>472.915</ele>
        <time>2024-12-13T09:43:19Z</time>
      </trkpt>
      <trkpt lat="41.627152" lon="2.449181">
        <ele>473.209</ele>
        <time>2024-12-13T09:43:25Z</time>
      </trkpt>
      <trkpt lat="41.627164" lon="2.449143">
        <ele>473.225</ele>
        <time>2024-12-13T09:43:27Z</time>
      </trkpt>
      <trkpt lat="41.627176" lon="2.449106">
        <ele>473.273</ele>
        <time>2024-12-13T09:43:30Z</time>
      </trkpt>
      <trkpt lat="41.627191" lon="2.449062">
        <ele>473.150</ele>
        <time>2024-12-13T09:43:33Z</time>
      </trkpt>
      <trkpt lat="41.627204" lon="2.449016">
        <ele>473.132</ele>
        <time>2024-12-13T09:43:37Z</time>
      </trkpt>
      <trkpt lat="41.627229" lon="2.448955">
        <ele>472.977</ele>
        <time>2024-12-13T09:43:42Z</time>
      </trkpt>
      <trkpt lat="41.627243" lon="2.448921">
        <ele>472.870</ele>
        <time>2024-12-13T09:43:44Z</time>
      </trkpt>
      <trkpt lat="41.627256" lon="2.448885">
        <ele>472.884</ele>
        <time>2024-12-13T09:43:47Z</time>
      </trkpt>
      <trkpt lat="41.627276" lon="2.448838">
        <ele>472.818</ele>
        <time>2024-12-13T09:43:51Z</time>
      </trkpt>
      <trkpt lat="41.627296" lon="2.448779">
        <ele>472.841</ele>
        <time>2024-12-13T09:43:56Z</time>
      </trkpt>
      <trkpt lat="41.627317" lon="2.448741">
        <ele>472.723</ele>
        <time>2024-12-13T09:43:59Z</time>
      </trkpt>
      <trkpt lat="41.627337" lon="2.448702">
        <ele>472.683</ele>
        <time>2024-12-13T09:44:03Z</time>
      </trkpt>
      <trkpt lat="41.627363" lon="2.448641">
        <ele>472.411</ele>
        <time>2024-12-13T09:44:08Z</time>
      </trkpt>
      <trkpt lat="41.627375" lon="2.448602">
        <ele>472.409</ele>
        <time>2024-12-13T09:44:11Z</time>
      </trkpt>
      <trkpt lat="41.627389" lon="2.448564">
        <ele>472.293</ele>
        <time>2024-12-13T09:44:14Z</time>
      </trkpt>
      <trkpt lat="41.627411" lon="2.448527">
        <ele>472.161</ele>
        <time>2024-12-13T09:44:17Z</time>
      </trkpt>
      <trkpt lat="41.627432" lon="2.448479">
        <ele>472.018</ele>
        <time>2024-12-13T09:44:22Z</time>
      </trkpt>
      <trkpt lat="41.627456" lon="2.448416">
        <ele>472.080</ele>
        <time>2024-12-13T09:44:26Z</time>
      </trkpt>
      <trkpt lat="41.627482" lon="2.448357">
        <ele>472.015</ele>
        <time>2024-12-13T09:44:31Z</time>
      </trkpt>
      <trkpt lat="41.627504" lon="2.448324">
        <ele>471.918</ele>
        <time>2024-12-13T09:44:34Z</time>
      </trkpt>
      <trkpt lat="41.627525" lon="2.448299">
        <ele>471.582</ele>
        <time>2024-12-13T09:44:37Z</time>
      </trkpt>
      <trkpt lat="41.627545" lon="2.448264">
        <ele>471.186</ele>
        <time>2024-12-13T09:44:40Z</time>
      </trkpt>
      <trkpt lat="41.627572" lon="2.448235">
        <ele>470.769</ele>
        <time>2024-12-13T09:44:43Z</time>
      </trkpt>
      <trkpt lat="41.627604" lon="2.448217">
        <ele>470.249</ele>
        <time>2024-12-13T09:44:47Z</time>
      </trkpt>
      <trkpt lat="41.627635" lon="2.448205">
        <ele>469.802</ele>
        <time>2024-12-13T09:44:50Z</time>
      </trkpt>
      <trkpt lat="41.627667" lon="2.448197">
        <ele>469.422</ele>
        <time>2024-12-13T09:44:54Z</time>
      </trkpt>
      <trkpt lat="41.627697" lon="2.448195">
        <ele>469.009</ele>
        <time>2024-12-13T09:44:58Z</time>
      </trkpt>
      <trkpt lat="41.627733" lon="2.448199">
        <ele>468.675</ele>
        <time>2024-12-13T09:45:02Z</time>
      </trkpt>
      <trkpt lat="41.627782" lon="2.448200">
        <ele>467.923</ele>
        <time>2024-12-13T09:45:06Z</time>
      </trkpt>
      <trkpt lat="41.627837" lon="2.448196">
        <ele>467.180</ele>
        <time>2024-12-13T09:45:11Z</time>
      </trkpt>
      <trkpt lat="41.627872" lon="2.448189">
        <ele>466.772</ele>
        <time>2024-12-13T09:45:15Z</time>
      </trkpt>
      <trkpt lat="41.627907" lon="2.448174">
        <ele>466.257</ele>
        <time>2024-12-13T09:45:19Z</time>
      </trkpt>
      <trkpt lat="41.627936" lon="2.448152">
        <ele>465.940</ele>
        <time>2024-12-13T09:45:23Z</time>
      </trkpt>
      <trkpt lat="41.627962" lon="2.448127">
        <ele>465.734</ele>
        <time>2024-12-13T09:45:27Z</time>
      </trkpt>
      <trkpt lat="41.627987" lon="2.448096">
        <ele>465.558</ele>
        <time>2024-12-13T09:45:31Z</time>
      </trkpt>
      <trkpt lat="41.628023" lon="2.448043">
        <ele>465.451</ele>
        <time>2024-12-13T09:45:37Z</time>
      </trkpt>
      <trkpt lat="41.628045" lon="2.448006">
        <ele>465.151</ele>
        <time>2024-12-13T09:45:40Z</time>
      </trkpt>
      <trkpt lat="41.628066" lon="2.447975">
        <ele>464.801</ele>
        <time>2024-12-13T09:45:43Z</time>
      </trkpt>
      <trkpt lat="41.628089" lon="2.447942">
        <ele>464.511</ele>
        <time>2024-12-13T09:45:46Z</time>
      </trkpt>
      <trkpt lat="41.628117" lon="2.447911">
        <ele>464.109</ele>
        <time>2024-12-13T09:45:49Z</time>
      </trkpt>
      <trkpt lat="41.628145" lon="2.447876">
        <ele>463.836</ele>
        <time>2024-12-13T09:45:53Z</time>
      </trkpt>
      <trkpt lat="41.628165" lon="2.447847">
        <ele>463.624</ele>
        <time>2024-12-13T09:45:56Z</time>
      </trkpt>
      <trkpt lat="41.628192" lon="2.447815">
        <ele>463.461</ele>
        <time>2024-12-13T09:46:00Z</time>
      </trkpt>
      <trkpt lat="41.628220" lon="2.447790">
        <ele>463.243</ele>
        <time>2024-12-13T09:46:03Z</time>
      </trkpt>
      <trkpt lat="41.628251" lon="2.447762">
        <ele>462.948</ele>
        <time>2024-12-13T09:46:06Z</time>
      </trkpt>
      <trkpt lat="41.628276" lon="2.447741">
        <ele>462.641</ele>
        <time>2024-12-13T09:46:09Z</time>
      </trkpt>
      <trkpt lat="41.628306" lon="2.447719">
        <ele>462.335</ele>
        <time>2024-12-13T09:46:13Z</time>
      </trkpt>
      <trkpt lat="41.628340" lon="2.447696">
        <ele>461.959</ele>
        <time>2024-12-13T09:46:16Z</time>
      </trkpt>
      <trkpt lat="41.628381" lon="2.447662">
        <ele>461.122</ele>
        <time>2024-12-13T09:46:21Z</time>
      </trkpt>
      <trkpt lat="41.628424" lon="2.447613">
        <ele>460.432</ele>
        <time>2024-12-13T09:46:26Z</time>
      </trkpt>
      <trkpt lat="41.628453" lon="2.447582">
        <ele>460.092</ele>
        <time>2024-12-13T09:46:30Z</time>
      </trkpt>
      <trkpt lat="41.628480" lon="2.447561">
        <ele>459.711</ele>
        <time>2024-12-13T09:46:33Z</time>
      </trkpt>
      <trkpt lat="41.628502" lon="2.447535">
        <ele>459.409</ele>
        <time>2024-12-13T09:46:36Z</time>
      </trkpt>
      <trkpt lat="41.628523" lon="2.447510">
        <ele>459.284</ele>
        <time>2024-12-13T09:46:39Z</time>
      </trkpt>
      <trkpt lat="41.628542" lon="2.447476">
        <ele>459.042</ele>
        <time>2024-12-13T09:46:42Z</time>
      </trkpt>
      <trkpt lat="41.628563" lon="2.447448">
        <ele>458.649</ele>
        <time>2024-12-13T09:46:45Z</time>
      </trkpt>
      <trkpt lat="41.628603" lon="2.447404">
        <ele>458.141</ele>
        <time>2024-12-13T09:46:50Z</time>
      </trkpt>
      <trkpt lat="41.628637" lon="2.447342">
        <ele>457.866</ele>
        <time>2024-12-13T09:46:55Z</time>
      </trkpt>
      <trkpt lat="41.628638" lon="2.447304">
        <ele>457.819</ele>
        <time>2024-12-13T09:46:57Z</time>
      </trkpt>
      <trkpt lat="41.628627" lon="2.447270">
        <ele>457.993</ele>
        <time>2024-12-13T09:47:00Z</time>
      </trkpt>
      <trkpt lat="41.628625" lon="2.447228">
        <ele>457.987</ele>
        <time>2024-12-13T09:47:03Z</time>
      </trkpt>
      <trkpt lat="41.628625" lon="2.447182">
        <ele>457.820</ele>
        <time>2024-12-13T09:47:06Z</time>
      </trkpt>
      <trkpt lat="41.628616" lon="2.447102">
        <ele>457.655</ele>
        <time>2024-12-13T09:47:12Z</time>
      </trkpt>
      <trkpt lat="41.628608" lon="2.447063">
        <ele>457.507</ele>
        <time>2024-12-13T09:47:15Z</time>
      </trkpt>
      <trkpt lat="41.628596" lon="2.447018">
        <ele>457.417</ele>
        <time>2024-12-13T09:47:18Z</time>
      </trkpt>
      <trkpt lat="41.628580" lon="2.446979">
        <ele>457.409</ele>
        <time>2024-12-13T09:47:21Z</time>
      </trkpt>
      <trkpt lat="41.628558" lon="2.446933">
        <ele>457.526</ele>
        <time>2024-12-13T09:47:25Z</time>
      </trkpt>
      <trkpt lat="41.628532" lon="2.446875">
        <ele>457.754</ele>
        <time>2024-12-13T09:47:29Z</time>
      </trkpt>
      <trkpt lat="41.628507" lon="2.446839">
        <ele>458.061</ele>
        <time>2024-12-13T09:47:33Z</time>
      </trkpt>
      <trkpt lat="41.628486" lon="2.446809">
        <ele>458.353</ele>
        <time>2024-12-13T09:47:36Z</time>
      </trkpt>
      <trkpt lat="41.628461" lon="2.446777">
        <ele>458.798</ele>
        <time>2024-12-13T09:47:44Z</time>
      </trkpt>
      <trkpt lat="41.628441" lon="2.446744">
        <ele>459.011</ele>
        <time>2024-12-13T09:47:48Z</time>
      </trkpt>
      <trkpt lat="41.628427" lon="2.446708">
        <ele>459.385</ele>
        <time>2024-12-13T09:47:52Z</time>
      </trkpt>
      <trkpt lat="41.628410" lon="2.446672">
        <ele>459.629</ele>
        <time>2024-12-13T09:47:55Z</time>
      </trkpt>
      <trkpt lat="41.628394" lon="2.446638">
        <ele>459.892</ele>
        <time>2024-12-13T09:47:58Z</time>
      </trkpt>
      <trkpt lat="41.628384" lon="2.446592">
        <ele>459.834</ele>
        <time>2024-12-13T09:48:01Z</time>
      </trkpt>
      <trkpt lat="41.628375" lon="2.446550">
        <ele>459.855</ele>
        <time>2024-12-13T09:48:06Z</time>
      </trkpt>
      <trkpt lat="41.628375" lon="2.446507">
        <ele>459.610</ele>
        <time>2024-12-13T09:48:09Z</time>
      </trkpt>
      <trkpt lat="41.628381" lon="2.446462">
        <ele>459.309</ele>
        <time>2024-12-13T09:48:14Z</time>
      </trkpt>
      <trkpt lat="41.628414" lon="2.446390">
        <ele>458.334</ele>
        <time>2024-12-13T09:48:20Z</time>
      </trkpt>
      <trkpt lat="41.628438" lon="2.446341">
        <ele>457.712</ele>
        <time>2024-12-13T09:48:24Z</time>
      </trkpt>
      <trkpt lat="41.628469" lon="2.446287">
        <ele>456.939</ele>
        <time>2024-12-13T09:48:29Z</time>
      </trkpt>
      <trkpt lat="41.628489" lon="2.446227">
        <ele>456.351</ele>
        <time>2024-12-13T09:48:33Z</time>
      </trkpt>
      <trkpt lat="41.628510" lon="2.446181">
        <ele>455.756</ele>
        <time>2024-12-13T09:48:39Z</time>
      </trkpt>
      <trkpt lat="41.628530" lon="2.446121">
        <ele>455.199</ele>
        <time>2024-12-13T09:48:43Z</time>
      </trkpt>
      <trkpt lat="41.628542" lon="2.446059">
        <ele>454.123</ele>
        <time>2024-12-13T09:48:48Z</time>
      </trkpt>
      <trkpt lat="41.628541" lon="2.445967">
        <ele>453.137</ele>
        <time>2024-12-13T09:48:54Z</time>
      </trkpt>
      <trkpt lat="41.628541" lon="2.445871">
        <ele>452.080</ele>
        <time>2024-12-13T09:49:01Z</time>
      </trkpt>
      <trkpt lat="41.628545" lon="2.445780">
        <ele>450.413</ele>
        <time>2024-12-13T09:49:07Z</time>
      </trkpt>
      <trkpt lat="41.628542" lon="2.445687">
        <ele>448.743</ele>
        <time>2024-12-13T09:49:13Z</time>
      </trkpt>
      <trkpt lat="41.628524" lon="2.445603">
        <ele>447.507</ele>
        <time>2024-12-13T09:49:19Z</time>
      </trkpt>
      <trkpt lat="41.628503" lon="2.445521">
        <ele>446.309</ele>
        <time>2024-12-13T09:49:25Z</time>
      </trkpt>
      <trkpt lat="41.628479" lon="2.445439">
        <ele>445.162</ele>
        <time>2024-12-13T09:49:31Z</time>
      </trkpt>
      <trkpt lat="41.628450" lon="2.445383">
        <ele>444.360</ele>
        <time>2024-12-13T09:49:36Z</time>
      </trkpt>
      <trkpt lat="41.628419" lon="2.445271">
        <ele>442.367</ele>
        <time>2024-12-13T09:49:44Z</time>
      </trkpt>
      <trkpt lat="41.628389" lon="2.445220">
        <ele>441.969</ele>
        <time>2024-12-13T09:49:48Z</time>
      </trkpt>
      <trkpt lat="41.628363" lon="2.445134">
        <ele>440.924</ele>
        <time>2024-12-13T09:49:55Z</time>
      </trkpt>
      <trkpt lat="41.628334" lon="2.445068">
        <ele>440.077</ele>
        <time>2024-12-13T09:50:00Z</time>
      </trkpt>
      <trkpt lat="41.628300" lon="2.445005">
        <ele>439.451</ele>
        <time>2024-12-13T09:50:05Z</time>
      </trkpt>
      <trkpt lat="41.628268" lon="2.444950">
        <ele>439.165</ele>
        <time>2024-12-13T09:50:10Z</time>
      </trkpt>
      <trkpt lat="41.628226" lon="2.444892">
        <ele>438.798</ele>
        <time>2024-12-13T09:50:16Z</time>
      </trkpt>
      <trkpt lat="41.628171" lon="2.444847">
        <ele>438.574</ele>
        <time>2024-12-13T09:50:23Z</time>
      </trkpt>
      <trkpt lat="41.628125" lon="2.444810">
        <ele>438.256</ele>
        <time>2024-12-13T09:50:30Z</time>
      </trkpt>
      <trkpt lat="41.628073" lon="2.444786">
        <ele>438.121</ele>
        <time>2024-12-13T09:50:38Z</time>
      </trkpt>
      <trkpt lat="41.628022" lon="2.444774">
        <ele>437.909</ele>
        <time>2024-12-13T09:50:43Z</time>
      </trkpt>
      <trkpt lat="41.627983" lon="2.444788">
        <ele>438.088</ele>
        <time>2024-12-13T09:50:47Z</time>
      </trkpt>
      <trkpt lat="41.627922" lon="2.444773">
        <ele>437.636</ele>
        <time>2024-12-13T09:50:52Z</time>
      </trkpt>
      <trkpt lat="41.627847" lon="2.444738">
        <ele>436.643</ele>
        <time>2024-12-13T09:50:59Z</time>
      </trkpt>
      <trkpt lat="41.627781" lon="2.444711">
        <ele>435.845</ele>
        <time>2024-12-13T09:51:06Z</time>
      </trkpt>
      <trkpt lat="41.627723" lon="2.444676">
        <ele>434.810</ele>
        <time>2024-12-13T09:51:12Z</time>
      </trkpt>
      <trkpt lat="41.627672" lon="2.444638">
        <ele>433.953</ele>
        <time>2024-12-13T09:51:18Z</time>
      </trkpt>
      <trkpt lat="41.627620" lon="2.444597">
        <ele>433.047</ele>
        <time>2024-12-13T09:51:23Z</time>
      </trkpt>
      <trkpt lat="41.627571" lon="2.444549">
        <ele>432.081</ele>
        <time>2024-12-13T09:51:29Z</time>
      </trkpt>
      <trkpt lat="41.627598" lon="2.444543">
        <ele>431.934</ele>
        <time>2024-12-13T09:51:31Z</time>
      </trkpt>
      <trkpt lat="41.627652" lon="2.444553">
        <ele>432.211</ele>
        <time>2024-12-13T09:51:36Z</time>
      </trkpt>
      <trkpt lat="41.627715" lon="2.444568">
        <ele>432.621</ele>
        <time>2024-12-13T09:51:42Z</time>
      </trkpt>
      <trkpt lat="41.627776" lon="2.444590">
        <ele>433.103</ele>
        <time>2024-12-13T09:51:50Z</time>
      </trkpt>
      <trkpt lat="41.627818" lon="2.444601">
        <ele>433.609</ele>
        <time>2024-12-13T09:51:54Z</time>
      </trkpt>
      <trkpt lat="41.627883" lon="2.444631">
        <ele>434.532</ele>
        <time>2024-12-13T09:52:01Z</time>
      </trkpt>
      <trkpt lat="41.627940" lon="2.444652">
        <ele>435.270</ele>
        <time>2024-12-13T09:52:06Z</time>
      </trkpt>
      <trkpt lat="41.627986" lon="2.444685">
        <ele>436.017</ele>
        <time>2024-12-13T09:52:11Z</time>
      </trkpt>
      <trkpt lat="41.628041" lon="2.444706">
        <ele>436.729</ele>
        <time>2024-12-13T09:52:17Z</time>
      </trkpt>
      <trkpt lat="41.628085" lon="2.444725">
        <ele>436.954</ele>
        <time>2024-12-13T09:52:22Z</time>
      </trkpt>
      <trkpt lat="41.628175" lon="2.444745">
        <ele>436.927</ele>
        <time>2024-12-13T09:52:36Z</time>
      </trkpt>
      <trkpt lat="41.628224" lon="2.444750">
        <ele>436.811</ele>
        <time>2024-12-13T09:52:41Z</time>
      </trkpt>
      <trkpt lat="41.628287" lon="2.444769">
        <ele>436.715</ele>
        <time>2024-12-13T09:52:47Z</time>
      </trkpt>
      <trkpt lat="41.628327" lon="2.444773">
        <ele>436.638</ele>
        <time>2024-12-13T09:52:54Z</time>
      </trkpt>
      <trkpt lat="41.628363" lon="2.444744">
        <ele>436.794</ele>
        <time>2024-12-13T09:53:01Z</time>
      </trkpt>
      <trkpt lat="41.628386" lon="2.444710">
        <ele>436.957</ele>
        <time>2024-12-13T09:53:05Z</time>
      </trkpt>
      <trkpt lat="41.628414" lon="2.444679">
        <ele>437.322</ele>
        <time>2024-12-13T09:53:08Z</time>
      </trkpt>
      <trkpt lat="41.628436" lon="2.444648">
        <ele>437.609</ele>
        <time>2024-12-13T09:53:11Z</time>
      </trkpt>
      <trkpt lat="41.628441" lon="2.444603">
        <ele>437.630</ele>
        <time>2024-12-13T09:53:15Z</time>
      </trkpt>
      <trkpt lat="41.628436" lon="2.444552">
        <ele>437.398</ele>
        <time>2024-12-13T09:53:20Z</time>
      </trkpt>
      <trkpt lat="41.628435" lon="2.444510">
        <ele>437.145</ele>
        <time>2024-12-13T09:53:23Z</time>
      </trkpt>
      <trkpt lat="41.628437" lon="2.444467">
        <ele>437.177</ele>
        <time>2024-12-13T09:53:26Z</time>
      </trkpt>
      <trkpt lat="41.628429" lon="2.444441">
        <ele>436.822</ele>
        <time>2024-12-13T09:53:31Z</time>
      </trkpt>
      <trkpt lat="41.628432" lon="2.444410">
        <ele>437.065</ele>
        <time>2024-12-13T09:53:37Z</time>
      </trkpt>
      <trkpt lat="41.628428" lon="2.444456">
        <ele>436.899</ele>
        <time>2024-12-13T09:53:40Z</time>
      </trkpt>
      <trkpt lat="41.628426" lon="2.444498">
        <ele>436.933</ele>
        <time>2024-12-13T09:53:43Z</time>
      </trkpt>
      <trkpt lat="41.628425" lon="2.444533">
        <ele>437.046</ele>
        <time>2024-12-13T09:53:48Z</time>
      </trkpt>
      <trkpt lat="41.628437" lon="2.444575">
        <ele>437.471</ele>
        <time>2024-12-13T09:53:51Z</time>
      </trkpt>
      <trkpt lat="41.628430" lon="2.444634">
        <ele>437.441</ele>
        <time>2024-12-13T09:53:56Z</time>
      </trkpt>
      <trkpt lat="41.628413" lon="2.444669">
        <ele>437.215</ele>
        <time>2024-12-13T09:53:59Z</time>
      </trkpt>
      <trkpt lat="41.628379" lon="2.444706">
        <ele>436.709</ele>
        <time>2024-12-13T09:54:04Z</time>
      </trkpt>
      <trkpt lat="41.628351" lon="2.444739">
        <ele>436.588</ele>
        <time>2024-12-13T09:54:08Z</time>
      </trkpt>
      <trkpt lat="41.628310" lon="2.444764">
        <ele>436.666</ele>
        <time>2024-12-13T09:54:13Z</time>
      </trkpt>
      <trkpt lat="41.628242" lon="2.444737">
        <ele>436.533</ele>
        <time>2024-12-13T09:54:22Z</time>
      </trkpt>
      <trkpt lat="41.628159" lon="2.444725">
        <ele>436.735</ele>
        <time>2024-12-13T09:54:30Z</time>
      </trkpt>
      <trkpt lat="41.628090" lon="2.444706">
        <ele>436.640</ele>
        <time>2024-12-13T09:54:37Z</time>
      </trkpt>
      <trkpt lat="41.628052" lon="2.444679">
        <ele>436.263</ele>
        <time>2024-12-13T09:54:41Z</time>
      </trkpt>
      <trkpt lat="41.628015" lon="2.444672">
        <ele>435.947</ele>
        <time>2024-12-13T09:54:46Z</time>
      </trkpt>
      <trkpt lat="41.627967" lon="2.444656">
        <ele>435.411</ele>
        <time>2024-12-13T09:54:50Z</time>
      </trkpt>
      <trkpt lat="41.627902" lon="2.444630">
        <ele>434.644</ele>
        <time>2024-12-13T09:54:57Z</time>
      </trkpt>
      <trkpt lat="41.627809" lon="2.444581">
        <ele>433.195</ele>
        <time>2024-12-13T09:55:06Z</time>
      </trkpt>
      <trkpt lat="41.627756" lon="2.444575">
        <ele>432.849</ele>
        <time>2024-12-13T09:55:12Z</time>
      </trkpt>
      <trkpt lat="41.627721" lon="2.444565">
        <ele>432.523</ele>
        <time>2024-12-13T09:55:16Z</time>
      </trkpt>
      <trkpt lat="41.627666" lon="2.444551">
        <ele>432.109</ele>
        <time>2024-12-13T09:55:22Z</time>
      </trkpt>
      <trkpt lat="41.627612" lon="2.444545">
        <ele>432.080</ele>
        <time>2024-12-13T09:55:27Z</time>
      </trkpt>
      <trkpt lat="41.627572" lon="2.444541">
        <ele>431.848</ele>
        <time>2024-12-13T09:55:31Z</time>
      </trkpt>
      <trkpt lat="41.627528" lon="2.444518">
        <ele>431.445</ele>
        <time>2024-12-13T09:55:38Z</time>
      </trkpt>
      <trkpt lat="41.627475" lon="2.444505">
        <ele>431.057</ele>
        <time>2024-12-13T09:55:44Z</time>
      </trkpt>
      <trkpt lat="41.627429" lon="2.444472">
        <ele>430.372</ele>
        <time>2024-12-13T09:55:49Z</time>
      </trkpt>
      <trkpt lat="41.627398" lon="2.444442">
        <ele>429.625</ele>
        <time>2024-12-13T09:55:53Z</time>
      </trkpt>
      <trkpt lat="41.627346" lon="2.444436">
        <ele>429.349</ele>
        <time>2024-12-13T09:55:58Z</time>
      </trkpt>
      <trkpt lat="41.627293" lon="2.444426">
        <ele>428.943</ele>
        <time>2024-12-13T09:56:03Z</time>
      </trkpt>
      <trkpt lat="41.627241" lon="2.444434">
        <ele>428.916</ele>
        <time>2024-12-13T09:56:09Z</time>
      </trkpt>
      <trkpt lat="41.627191" lon="2.444439">
        <ele>429.062</ele>
        <time>2024-12-13T09:56:14Z</time>
      </trkpt>
      <trkpt lat="41.627152" lon="2.444446">
        <ele>429.383</ele>
        <time>2024-12-13T09:56:18Z</time>
      </trkpt>
      <trkpt lat="41.627101" lon="2.444465">
        <ele>429.811</ele>
        <time>2024-12-13T09:56:23Z</time>
      </trkpt>
      <trkpt lat="41.627036" lon="2.444485">
        <ele>430.409</ele>
        <time>2024-12-13T09:56:30Z</time>
      </trkpt>
      <trkpt lat="41.626981" lon="2.444493">
        <ele>430.697</ele>
        <time>2024-12-13T09:56:35Z</time>
      </trkpt>
      <trkpt lat="41.626940" lon="2.444496">
        <ele>430.715</ele>
        <time>2024-12-13T09:56:39Z</time>
      </trkpt>
      <trkpt lat="41.626890" lon="2.444501">
        <ele>430.682</ele>
        <time>2024-12-13T09:56:45Z</time>
      </trkpt>
      <trkpt lat="41.626855" lon="2.444501">
        <ele>430.524</ele>
        <time>2024-12-13T09:56:48Z</time>
      </trkpt>
      <trkpt lat="41.626800" lon="2.444509">
        <ele>430.419</ele>
        <time>2024-12-13T09:56:54Z</time>
      </trkpt>
      <trkpt lat="41.626744" lon="2.444541">
        <ele>430.752</ele>
        <time>2024-12-13T09:56:59Z</time>
      </trkpt>
      <trkpt lat="41.626706" lon="2.444566">
        <ele>430.916</ele>
        <time>2024-12-13T09:57:03Z</time>
      </trkpt>
      <trkpt lat="41.626681" lon="2.444597">
        <ele>431.230</ele>
        <time>2024-12-13T09:57:07Z</time>
      </trkpt>
      <trkpt lat="41.626655" lon="2.444617">
        <ele>431.453</ele>
        <time>2024-12-13T09:57:09Z</time>
      </trkpt>
      <trkpt lat="41.626618" lon="2.444656">
        <ele>431.759</ele>
        <time>2024-12-13T09:57:14Z</time>
      </trkpt>
      <trkpt lat="41.626587" lon="2.444689">
        <ele>431.903</ele>
        <time>2024-12-13T09:57:18Z</time>
      </trkpt>
      <trkpt lat="41.626555" lon="2.444722">
        <ele>432.223</ele>
        <time>2024-12-13T09:57:21Z</time>
      </trkpt>
      <trkpt lat="41.626504" lon="2.444791">
        <ele>432.809</ele>
        <time>2024-12-13T09:57:28Z</time>
      </trkpt>
      <trkpt lat="41.626457" lon="2.444853">
        <ele>433.426</ele>
        <time>2024-12-13T09:57:35Z</time>
      </trkpt>
      <trkpt lat="41.626407" lon="2.444907">
        <ele>433.824</ele>
        <time>2024-12-13T09:57:41Z</time>
      </trkpt>
      <trkpt lat="41.626350" lon="2.444961">
        <ele>434.271</ele>
        <time>2024-12-13T09:57:47Z</time>
      </trkpt>
      <trkpt lat="41.626302" lon="2.445019">
        <ele>434.683</ele>
        <time>2024-12-13T09:57:53Z</time>
      </trkpt>
      <trkpt lat="41.626259" lon="2.445046">
        <ele>434.688</ele>
        <time>2024-12-13T09:57:58Z</time>
      </trkpt>
      <trkpt lat="41.626227" lon="2.445089">
        <ele>435.091</ele>
        <time>2024-12-13T09:58:03Z</time>
      </trkpt>
      <trkpt lat="41.626184" lon="2.445138">
        <ele>435.485</ele>
        <time>2024-12-13T09:58:09Z</time>
      </trkpt>
      <trkpt lat="41.626141" lon="2.445176">
        <ele>435.769</ele>
        <time>2024-12-13T09:58:15Z</time>
      </trkpt>
      <trkpt lat="41.626096" lon="2.445168">
        <ele>435.562</ele>
        <time>2024-12-13T09:58:20Z</time>
      </trkpt>
      <trkpt lat="41.626062" lon="2.445126">
        <ele>435.179</ele>
        <time>2024-12-13T09:58:24Z</time>
      </trkpt>
      <trkpt lat="41.626031" lon="2.445060">
        <ele>434.405</ele>
        <time>2024-12-13T09:58:30Z</time>
      </trkpt>
      <trkpt lat="41.625979" lon="2.444994">
        <ele>433.925</ele>
        <time>2024-12-13T09:58:37Z</time>
      </trkpt>
      <trkpt lat="41.625923" lon="2.444927">
        <ele>433.509</ele>
        <time>2024-12-13T09:58:44Z</time>
      </trkpt>
      <trkpt lat="41.625881" lon="2.444888">
        <ele>433.438</ele>
        <time>2024-12-13T09:58:49Z</time>
      </trkpt>
      <trkpt lat="41.625847" lon="2.444853">
        <ele>433.326</ele>
        <time>2024-12-13T09:58:53Z</time>
      </trkpt>
      <trkpt lat="41.625790" lon="2.444825">
        <ele>433.473</ele>
        <time>2024-12-13T09:58:58Z</time>
      </trkpt>
      <trkpt lat="41.625744" lon="2.444802">
        <ele>433.545</ele>
        <time>2024-12-13T09:59:03Z</time>
      </trkpt>
      <trkpt lat="41.625707" lon="2.444767">
        <ele>433.420</ele>
        <time>2024-12-13T09:59:08Z</time>
      </trkpt>
      <trkpt lat="41.625653" lon="2.444736">
        <ele>433.473</ele>
        <time>2024-12-13T09:59:13Z</time>
      </trkpt>
      <trkpt lat="41.625595" lon="2.444714">
        <ele>433.617</ele>
        <time>2024-12-13T09:59:18Z</time>
      </trkpt>
      <trkpt lat="41.625560" lon="2.444690">
        <ele>433.411</ele>
        <time>2024-12-13T09:59:22Z</time>
      </trkpt>
      <trkpt lat="41.625530" lon="2.444688">
        <ele>433.014</ele>
        <time>2024-12-13T09:59:25Z</time>
      </trkpt>
      <trkpt lat="41.625478" lon="2.444714">
        <ele>432.712</ele>
        <time>2024-12-13T09:59:29Z</time>
      </trkpt>
      <trkpt lat="41.625429" lon="2.444747">
        <ele>432.432</ele>
        <time>2024-12-13T09:59:35Z</time>
      </trkpt>
      <trkpt lat="41.625409" lon="2.444776">
        <ele>432.505</ele>
        <time>2024-12-13T09:59:37Z</time>
      </trkpt>
      <trkpt lat="41.625385" lon="2.444821">
        <ele>432.609</ele>
        <time>2024-12-13T09:59:41Z</time>
      </trkpt>
      <trkpt lat="41.625356" lon="2.444869">
        <ele>432.792</ele>
        <time>2024-12-13T09:59:46Z</time>
      </trkpt>
      <trkpt lat="41.625338" lon="2.444908">
        <ele>432.980</ele>
        <time>2024-12-13T09:59:49Z</time>
      </trkpt>
      <trkpt lat="41.625302" lon="2.444961">
        <ele>432.957</ele>
        <time>2024-12-13T09:59:54Z</time>
      </trkpt>
      <trkpt lat="41.625276" lon="2.445003">
        <ele>433.059</ele>
        <time>2024-12-13T09:59:58Z</time>
      </trkpt>
      <trkpt lat="41.625249" lon="2.445047">
        <ele>432.634</ele>
        <time>2024-12-13T10:00:02Z</time>
      </trkpt>
      <trkpt lat="41.625213" lon="2.445104">
        <ele>432.137</ele>
        <time>2024-12-13T10:00:07Z</time>
      </trkpt>
      <trkpt lat="41.625184" lon="2.445149">
        <ele>431.731</ele>
        <time>2024-12-13T10:00:12Z</time>
      </trkpt>
      <trkpt lat="41.625159" lon="2.445197">
        <ele>431.445</ele>
        <time>2024-12-13T10:00:17Z</time>
      </trkpt>
      <trkpt lat="41.625131" lon="2.445235">
        <ele>431.088</ele>
        <time>2024-12-13T10:00:21Z</time>
      </trkpt>
      <trkpt lat="41.625109" lon="2.445284">
        <ele>430.867</ele>
        <time>2024-12-13T10:00:25Z</time>
      </trkpt>
      <trkpt lat="41.625094" lon="2.445316">
        <ele>430.881</ele>
        <time>2024-12-13T10:00:28Z</time>
      </trkpt>
      <trkpt lat="41.625070" lon="2.445369">
        <ele>430.719</ele>
        <time>2024-12-13T10:00:32Z</time>
      </trkpt>
      <trkpt lat="41.625032" lon="2.445433">
        <ele>430.509</ele>
        <time>2024-12-13T10:00:38Z</time>
      </trkpt>
      <trkpt lat="41.625014" lon="2.445466">
        <ele>430.427</ele>
        <time>2024-12-13T10:00:41Z</time>
      </trkpt>
      <trkpt lat="41.624995" lon="2.445500">
        <ele>430.355</ele>
        <time>2024-12-13T10:00:44Z</time>
      </trkpt>
      <trkpt lat="41.624980" lon="2.445537">
        <ele>430.392</ele>
        <time>2024-12-13T10:00:47Z</time>
      </trkpt>
      <trkpt lat="41.624963" lon="2.445568">
        <ele>430.264</ele>
        <time>2024-12-13T10:00:49Z</time>
      </trkpt>
      <trkpt lat="41.624945" lon="2.445599">
        <ele>430.199</ele>
        <time>2024-12-13T10:00:52Z</time>
      </trkpt>
      <trkpt lat="41.624930" lon="2.445632">
        <ele>430.072</ele>
        <time>2024-12-13T10:00:56Z</time>
      </trkpt>
      <trkpt lat="41.624916" lon="2.445672">
        <ele>430.076</ele>
        <time>2024-12-13T10:00:59Z</time>
      </trkpt>
      <trkpt lat="41.624893" lon="2.445740">
        <ele>430.080</ele>
        <time>2024-12-13T10:01:05Z</time>
      </trkpt>
      <trkpt lat="41.624872" lon="2.445813">
        <ele>430.173</ele>
        <time>2024-12-13T10:01:10Z</time>
      </trkpt>
      <trkpt lat="41.624864" lon="2.445856">
        <ele>430.219</ele>
        <time>2024-12-13T10:01:13Z</time>
      </trkpt>
      <trkpt lat="41.624860" lon="2.445920">
        <ele>430.609</ele>
        <time>2024-12-13T10:01:17Z</time>
      </trkpt>
      <trkpt lat="41.624858" lon="2.445958">
        <ele>430.819</ele>
        <time>2024-12-13T10:01:20Z</time>
      </trkpt>
      <trkpt lat="41.624849" lon="2.446029">
        <ele>431.109</ele>
        <time>2024-12-13T10:01:24Z</time>
      </trkpt>
      <trkpt lat="41.624843" lon="2.446068">
        <ele>431.252</ele>
        <time>2024-12-13T10:01:27Z</time>
      </trkpt>
      <trkpt lat="41.624831" lon="2.446143">
        <ele>431.420</ele>
        <time>2024-12-13T10:01:33Z</time>
      </trkpt>
      <trkpt lat="41.624829" lon="2.446210">
        <ele>431.817</ele>
        <time>2024-12-13T10:01:37Z</time>
      </trkpt>
      <trkpt lat="41.624837" lon="2.446256">
        <ele>432.319</ele>
        <time>2024-12-13T10:01:41Z</time>
      </trkpt>
      <trkpt lat="41.624841" lon="2.446300">
        <ele>432.844</ele>
        <time>2024-12-13T10:01:44Z</time>
      </trkpt>
      <trkpt lat="41.624845" lon="2.446336">
        <ele>433.267</ele>
        <time>2024-12-13T10:01:47Z</time>
      </trkpt>
      <trkpt lat="41.624849" lon="2.446378">
        <ele>433.621</ele>
        <time>2024-12-13T10:01:50Z</time>
      </trkpt>
      <trkpt lat="41.624851" lon="2.446423">
        <ele>433.825</ele>
        <time>2024-12-13T10:01:53Z</time>
      </trkpt>
      <trkpt lat="41.624856" lon="2.446464">
        <ele>434.058</ele>
        <time>2024-12-13T10:01:56Z</time>
      </trkpt>
      <trkpt lat="41.624834" lon="2.446530">
        <ele>433.594</ele>
        <time>2024-12-13T10:02:01Z</time>
      </trkpt>
      <trkpt lat="41.624787" lon="2.446573">
        <ele>432.457</ele>
        <time>2024-12-13T10:02:11Z</time>
      </trkpt>
      <trkpt lat="41.624761" lon="2.446640">
        <ele>431.922</ele>
        <time>2024-12-13T10:02:15Z</time>
      </trkpt>
      <trkpt lat="41.624739" lon="2.446706">
        <ele>431.709</ele>
        <time>2024-12-13T10:02:21Z</time>
      </trkpt>
      <trkpt lat="41.624715" lon="2.446762">
        <ele>431.680</ele>
        <time>2024-12-13T10:02:27Z</time>
      </trkpt>
      <trkpt lat="41.624699" lon="2.446795">
        <ele>431.898</ele>
        <time>2024-12-13T10:02:31Z</time>
      </trkpt>
      <trkpt lat="41.624663" lon="2.446855">
        <ele>432.175</ele>
        <time>2024-12-13T10:02:37Z</time>
      </trkpt>
      <trkpt lat="41.624653" lon="2.446894">
        <ele>432.397</ele>
        <time>2024-12-13T10:02:41Z</time>
      </trkpt>
      <trkpt lat="41.624637" lon="2.446934">
        <ele>432.622</ele>
        <time>2024-12-13T10:02:44Z</time>
      </trkpt>
      <trkpt lat="41.624607" lon="2.446997">
        <ele>432.985</ele>
        <time>2024-12-13T10:02:51Z</time>
      </trkpt>
      <trkpt lat="41.624594" lon="2.447030">
        <ele>433.079</ele>
        <time>2024-12-13T10:02:54Z</time>
      </trkpt>
      <trkpt lat="41.624580" lon="2.447069">
        <ele>433.283</ele>
        <time>2024-12-13T10:02:57Z</time>
      </trkpt>
      <trkpt lat="41.624567" lon="2.447111">
        <ele>433.386</ele>
        <time>2024-12-13T10:03:00Z</time>
      </trkpt>
      <trkpt lat="41.624541" lon="2.447168">
        <ele>433.476</ele>
        <time>2024-12-13T10:03:06Z</time>
      </trkpt>
      <trkpt lat="41.624515" lon="2.447197">
        <ele>433.490</ele>
        <time>2024-12-13T10:03:12Z</time>
      </trkpt>
      <trkpt lat="41.624484" lon="2.447209">
        <ele>433.219</ele>
        <time>2024-12-13T10:03:16Z</time>
      </trkpt>
      <trkpt lat="41.624431" lon="2.447208">
        <ele>433.109</ele>
        <time>2024-12-13T10:03:21Z</time>
      </trkpt>
      <trkpt lat="41.624394" lon="2.447191">
        <ele>433.438</ele>
        <time>2024-12-13T10:03:25Z</time>
      </trkpt>
      <trkpt lat="41.624365" lon="2.447172">
        <ele>433.746</ele>
        <time>2024-12-13T10:03:28Z</time>
      </trkpt>
      <trkpt lat="41.624340" lon="2.447151">
        <ele>433.943</ele>
        <time>2024-12-13T10:03:31Z</time>
      </trkpt>
      <trkpt lat="41.624312" lon="2.447126">
        <ele>434.125</ele>
        <time>2024-12-13T10:03:35Z</time>
      </trkpt>
      <trkpt lat="41.624270" lon="2.447093">
        <ele>434.460</ele>
        <time>2024-12-13T10:03:40Z</time>
      </trkpt>
      <trkpt lat="41.624245" lon="2.447070">
        <ele>434.683</ele>
        <time>2024-12-13T10:03:43Z</time>
      </trkpt>
      <trkpt lat="41.624220" lon="2.447046">
        <ele>434.857</ele>
        <time>2024-12-13T10:03:49Z</time>
      </trkpt>
      <trkpt lat="41.624186" lon="2.447023">
        <ele>435.121</ele>
        <time>2024-12-13T10:03:53Z</time>
      </trkpt>
      <trkpt lat="41.624158" lon="2.446998">
        <ele>435.334</ele>
        <time>2024-12-13T10:03:57Z</time>
      </trkpt>
      <trkpt lat="41.624120" lon="2.446952">
        <ele>435.746</ele>
        <time>2024-12-13T10:04:03Z</time>
      </trkpt>
      <trkpt lat="41.624100" lon="2.446914">
        <ele>435.888</ele>
        <time>2024-12-13T10:04:07Z</time>
      </trkpt>
      <trkpt lat="41.624081" lon="2.446878">
        <ele>435.816</ele>
        <time>2024-12-13T10:04:10Z</time>
      </trkpt>
      <trkpt lat="41.624065" lon="2.446848">
        <ele>435.909</ele>
        <time>2024-12-13T10:04:14Z</time>
      </trkpt>
      <trkpt lat="41.624046" lon="2.446814">
        <ele>436.015</ele>
        <time>2024-12-13T10:04:17Z</time>
      </trkpt>
      <trkpt lat="41.624026" lon="2.446755">
        <ele>436.073</ele>
        <time>2024-12-13T10:04:23Z</time>
      </trkpt>
      <trkpt lat="41.624009" lon="2.446715">
        <ele>436.130</ele>
        <time>2024-12-13T10:04:28Z</time>
      </trkpt>
      <trkpt lat="41.623993" lon="2.446674">
        <ele>436.272</ele>
        <time>2024-12-13T10:04:31Z</time>
      </trkpt>
      <trkpt lat="41.623976" lon="2.446642">
        <ele>436.397</ele>
        <time>2024-12-13T10:04:34Z</time>
      </trkpt>
      <trkpt lat="41.623953" lon="2.446614">
        <ele>436.690</ele>
        <time>2024-12-13T10:04:38Z</time>
      </trkpt>
      <trkpt lat="41.623926" lon="2.446592">
        <ele>437.044</ele>
        <time>2024-12-13T10:04:41Z</time>
      </trkpt>
      <trkpt lat="41.623898" lon="2.446572">
        <ele>437.598</ele>
        <time>2024-12-13T10:04:44Z</time>
      </trkpt>
      <trkpt lat="41.623867" lon="2.446561">
        <ele>437.931</ele>
        <time>2024-12-13T10:04:48Z</time>
      </trkpt>
      <trkpt lat="41.623837" lon="2.446554">
        <ele>438.261</ele>
        <time>2024-12-13T10:04:51Z</time>
      </trkpt>
      <trkpt lat="41.623806" lon="2.446548">
        <ele>438.621</ele>
        <time>2024-12-13T10:04:55Z</time>
      </trkpt>
      <trkpt lat="41.623752" lon="2.446549">
        <ele>439.313</ele>
        <time>2024-12-13T10:05:01Z</time>
      </trkpt>
      <trkpt lat="41.623721" lon="2.446539">
        <ele>439.609</ele>
        <time>2024-12-13T10:05:08Z</time>
      </trkpt>
      <trkpt lat="41.623695" lon="2.446528">
        <ele>439.957</ele>
        <time>2024-12-13T10:05:12Z</time>
      </trkpt>
      <trkpt lat="41.623665" lon="2.446510">
        <ele>440.395</ele>
        <time>2024-12-13T10:05:16Z</time>
      </trkpt>
      <trkpt lat="41.623641" lon="2.446486">
        <ele>440.642</ele>
        <time>2024-12-13T10:05:20Z</time>
      </trkpt>
      <trkpt lat="41.623619" lon="2.446458">
        <ele>440.994</ele>
        <time>2024-12-13T10:05:24Z</time>
      </trkpt>
      <trkpt lat="41.623595" lon="2.446431">
        <ele>441.329</ele>
        <time>2024-12-13T10:05:27Z</time>
      </trkpt>
      <trkpt lat="41.623571" lon="2.446400">
        <ele>441.732</ele>
        <time>2024-12-13T10:05:31Z</time>
      </trkpt>
      <trkpt lat="41.623550" lon="2.446365">
        <ele>442.186</ele>
        <time>2024-12-13T10:05:34Z</time>
      </trkpt>
      <trkpt lat="41.623529" lon="2.446337">
        <ele>442.560</ele>
        <time>2024-12-13T10:05:41Z</time>
      </trkpt>
      <trkpt lat="41.623496" lon="2.446288">
        <ele>443.173</ele>
        <time>2024-12-13T10:05:50Z</time>
      </trkpt>
      <trkpt lat="41.623475" lon="2.446258">
        <ele>443.551</ele>
        <time>2024-12-13T10:05:56Z</time>
      </trkpt>
      <trkpt lat="41.623449" lon="2.446201">
        <ele>443.901</ele>
        <time>2024-12-13T10:06:03Z</time>
      </trkpt>
      <trkpt lat="41.623436" lon="2.446166">
        <ele>444.211</ele>
        <time>2024-12-13T10:06:07Z</time>
      </trkpt>
      <trkpt lat="41.623418" lon="2.446096">
        <ele>444.409</ele>
        <time>2024-12-13T10:06:16Z</time>
      </trkpt>
      <trkpt lat="41.623412" lon="2.446052">
        <ele>444.226</ele>
        <time>2024-12-13T10:06:22Z</time>
      </trkpt>
      <trkpt lat="41.623407" lon="2.446009">
        <ele>443.994</ele>
        <time>2024-12-13T10:06:25Z</time>
      </trkpt>
      <trkpt lat="41.623385" lon="2.445945">
        <ele>443.921</ele>
        <time>2024-12-13T10:06:34Z</time>
      </trkpt>
      <trkpt lat="41.623370" lon="2.445909">
        <ele>443.963</ele>
        <time>2024-12-13T10:06:38Z</time>
      </trkpt>
      <trkpt lat="41.623357" lon="2.445871">
        <ele>443.858</ele>
        <time>2024-12-13T10:06:41Z</time>
      </trkpt>
      <trkpt lat="41.623337" lon="2.445824">
        <ele>443.961</ele>
        <time>2024-12-13T10:06:45Z</time>
      </trkpt>
      <trkpt lat="41.623325" lon="2.445781">
        <ele>444.075</ele>
        <time>2024-12-13T10:06:50Z</time>
      </trkpt>
      <trkpt lat="41.623310" lon="2.445745">
        <ele>444.119</ele>
        <time>2024-12-13T10:06:53Z</time>
      </trkpt>
      <trkpt lat="41.623300" lon="2.445706">
        <ele>444.172</ele>
        <time>2024-12-13T10:06:56Z</time>
      </trkpt>
      <trkpt lat="41.623292" lon="2.445667">
        <ele>444.067</ele>
        <time>2024-12-13T10:07:00Z</time>
      </trkpt>
      <trkpt lat="41.623280" lon="2.445630">
        <ele>444.081</ele>
        <time>2024-12-13T10:07:03Z</time>
      </trkpt>
      <trkpt lat="41.623268" lon="2.445593">
        <ele>443.919</ele>
        <time>2024-12-13T10:07:07Z</time>
      </trkpt>
      <trkpt lat="41.623265" lon="2.445555">
        <ele>443.709</ele>
        <time>2024-12-13T10:07:11Z</time>
      </trkpt>
      <trkpt lat="41.623264" lon="2.445513">
        <ele>443.367</ele>
        <time>2024-12-13T10:07:15Z</time>
      </trkpt>
      <trkpt lat="41.623244" lon="2.445479">
        <ele>442.945</ele>
        <time>2024-12-13T10:07:19Z</time>
      </trkpt>
      <trkpt lat="41.623225" lon="2.445449">
        <ele>442.682</ele>
        <time>2024-12-13T10:07:23Z</time>
      </trkpt>
      <trkpt lat="41.623196" lon="2.445446">
        <ele>442.534</ele>
        <time>2024-12-13T10:07:27Z</time>
      </trkpt>
      <trkpt lat="41.623178" lon="2.445473">
        <ele>442.779</ele>
        <time>2024-12-13T10:07:31Z</time>
      </trkpt>
      <trkpt lat="41.623169" lon="2.445518">
        <ele>443.192</ele>
        <time>2024-12-13T10:07:35Z</time>
      </trkpt>
      <trkpt lat="41.623171" lon="2.445584">
        <ele>443.646</ele>
        <time>2024-12-13T10:07:44Z</time>
      </trkpt>
      <trkpt lat="41.623162" lon="2.445626">
        <ele>443.910</ele>
        <time>2024-12-13T10:07:48Z</time>
      </trkpt>
      <trkpt lat="41.623163" lon="2.445671">
        <ele>444.293</ele>
        <time>2024-12-13T10:07:52Z</time>
      </trkpt>
      <trkpt lat="41.623156" lon="2.445708">
        <ele>444.433</ele>
        <time>2024-12-13T10:07:55Z</time>
      </trkpt>
      <trkpt lat="41.623152" lon="2.445748">
        <ele>444.723</ele>
        <time>2024-12-13T10:07:59Z</time>
      </trkpt>
      <trkpt lat="41.623145" lon="2.445784">
        <ele>445.015</ele>
        <time>2024-12-13T10:08:01Z</time>
      </trkpt>
      <trkpt lat="41.623139" lon="2.445834">
        <ele>445.409</ele>
        <time>2024-12-13T10:08:05Z</time>
      </trkpt>
      <trkpt lat="41.623132" lon="2.445906">
        <ele>446.044</ele>
        <time>2024-12-13T10:08:11Z</time>
      </trkpt>
      <trkpt lat="41.623129" lon="2.445953">
        <ele>446.362</ele>
        <time>2024-12-13T10:08:14Z</time>
      </trkpt>
      <trkpt lat="41.623118" lon="2.446027">
        <ele>446.979</ele>
        <time>2024-12-13T10:08:21Z</time>
      </trkpt>
      <trkpt lat="41.623113" lon="2.446067">
        <ele>447.341</ele>
        <time>2024-12-13T10:08:24Z</time>
      </trkpt>
      <trkpt lat="41.623103" lon="2.446109">
        <ele>447.656</ele>
        <time>2024-12-13T10:08:29Z</time>
      </trkpt>
      <trkpt lat="41.623099" lon="2.446152">
        <ele>447.919</ele>
        <time>2024-12-13T10:08:32Z</time>
      </trkpt>
      <trkpt lat="41.623086" lon="2.446188">
        <ele>448.373</ele>
        <time>2024-12-13T10:08:34Z</time>
      </trkpt>
      <trkpt lat="41.623069" lon="2.446219">
        <ele>448.657</ele>
        <time>2024-12-13T10:08:37Z</time>
      </trkpt>
      <trkpt lat="41.623048" lon="2.446248">
        <ele>448.910</ele>
        <time>2024-12-13T10:08:40Z</time>
      </trkpt>
      <trkpt lat="41.623006" lon="2.446294">
        <ele>449.076</ele>
        <time>2024-12-13T10:08:45Z</time>
      </trkpt>
      <trkpt lat="41.622958" lon="2.446292">
        <ele>448.690</ele>
        <time>2024-12-13T10:08:50Z</time>
      </trkpt>
      <trkpt lat="41.622927" lon="2.446286">
        <ele>448.319</ele>
        <time>2024-12-13T10:08:53Z</time>
      </trkpt>
      <trkpt lat="41.622870" lon="2.446292">
        <ele>448.009</ele>
        <time>2024-12-13T10:08:59Z</time>
      </trkpt>
      <trkpt lat="41.622841" lon="2.446289">
        <ele>447.748</ele>
        <time>2024-12-13T10:09:02Z</time>
      </trkpt>
      <trkpt lat="41.622807" lon="2.446282">
        <ele>447.486</ele>
        <time>2024-12-13T10:09:05Z</time>
      </trkpt>
      <trkpt lat="41.622778" lon="2.446274">
        <ele>447.253</ele>
        <time>2024-12-13T10:09:08Z</time>
      </trkpt>
      <trkpt lat="41.622749" lon="2.446264">
        <ele>447.095</ele>
        <time>2024-12-13T10:09:11Z</time>
      </trkpt>
      <trkpt lat="41.622720" lon="2.446243">
        <ele>446.880</ele>
        <time>2024-12-13T10:09:15Z</time>
      </trkpt>
      <trkpt lat="41.622696" lon="2.446224">
        <ele>446.633</ele>
        <time>2024-12-13T10:09:17Z</time>
      </trkpt>
      <trkpt lat="41.622652" lon="2.446182">
        <ele>446.357</ele>
        <time>2024-12-13T10:09:23Z</time>
      </trkpt>
      <trkpt lat="41.622623" lon="2.446162">
        <ele>446.261</ele>
        <time>2024-12-13T10:09:26Z</time>
      </trkpt>
      <trkpt lat="41.622597" lon="2.446141">
        <ele>446.144</ele>
        <time>2024-12-13T10:09:30Z</time>
      </trkpt>
      <trkpt lat="41.622581" lon="2.446108">
        <ele>446.014</ele>
        <time>2024-12-13T10:09:33Z</time>
      </trkpt>
      <trkpt lat="41.622557" lon="2.446089">
        <ele>446.054</ele>
        <time>2024-12-13T10:09:35Z</time>
      </trkpt>
      <trkpt lat="41.622524" lon="2.446045">
        <ele>446.009</ele>
        <time>2024-12-13T10:09:40Z</time>
      </trkpt>
      <trkpt lat="41.622505" lon="2.446012">
        <ele>446.009</ele>
        <time>2024-12-13T10:09:44Z</time>
      </trkpt>
      <trkpt lat="41.622490" lon="2.445975">
        <ele>446.212</ele>
        <time>2024-12-13T10:09:48Z</time>
      </trkpt>
      <trkpt lat="41.622473" lon="2.445938">
        <ele>446.610</ele>
        <time>2024-12-13T10:09:52Z</time>
      </trkpt>
      <trkpt lat="41.622456" lon="2.445900">
        <ele>447.087</ele>
        <time>2024-12-13T10:09:56Z</time>
      </trkpt>
      <trkpt lat="41.622439" lon="2.445864">
        <ele>447.349</ele>
        <time>2024-12-13T10:09:59Z</time>
      </trkpt>
      <trkpt lat="41.622423" lon="2.445834">
        <ele>447.774</ele>
        <time>2024-12-13T10:10:02Z</time>
      </trkpt>
      <trkpt lat="41.622402" lon="2.445797">
        <ele>447.827</ele>
        <time>2024-12-13T10:10:05Z</time>
      </trkpt>
      <trkpt lat="41.622384" lon="2.445758">
        <ele>447.991</ele>
        <time>2024-12-13T10:10:08Z</time>
      </trkpt>
      <trkpt lat="41.622369" lon="2.445727">
        <ele>447.995</ele>
        <time>2024-12-13T10:10:12Z</time>
      </trkpt>
      <trkpt lat="41.622355" lon="2.445688">
        <ele>447.828</ele>
        <time>2024-12-13T10:10:15Z</time>
      </trkpt>
      <trkpt lat="41.622339" lon="2.445656">
        <ele>447.862</ele>
        <time>2024-12-13T10:10:18Z</time>
      </trkpt>
      <trkpt lat="41.622328" lon="2.445619">
        <ele>447.783</ele>
        <time>2024-12-13T10:10:21Z</time>
      </trkpt>
      <trkpt lat="41.622319" lon="2.445580">
        <ele>447.511</ele>
        <time>2024-12-13T10:10:24Z</time>
      </trkpt>
      <trkpt lat="41.622314" lon="2.445539">
        <ele>447.309</ele>
        <time>2024-12-13T10:10:27Z</time>
      </trkpt>
      <trkpt lat="41.622311" lon="2.445499">
        <ele>447.287</ele>
        <time>2024-12-13T10:10:30Z</time>
      </trkpt>
      <trkpt lat="41.622308" lon="2.445426">
        <ele>447.035</ele>
        <time>2024-12-13T10:10:35Z</time>
      </trkpt>
      <trkpt lat="41.622316" lon="2.445383">
        <ele>446.742</ele>
        <time>2024-12-13T10:10:38Z</time>
      </trkpt>
      <trkpt lat="41.622320" lon="2.445339">
        <ele>446.524</ele>
        <time>2024-12-13T10:10:42Z</time>
      </trkpt>
      <trkpt lat="41.622324" lon="2.445298">
        <ele>446.289</ele>
        <time>2024-12-13T10:10:45Z</time>
      </trkpt>
      <trkpt lat="41.622331" lon="2.445247">
        <ele>446.062</ele>
        <time>2024-12-13T10:10:49Z</time>
      </trkpt>
      <trkpt lat="41.622333" lon="2.445207">
        <ele>446.026</ele>
        <time>2024-12-13T10:10:51Z</time>
      </trkpt>
      <trkpt lat="41.622335" lon="2.445129">
        <ele>445.930</ele>
        <time>2024-12-13T10:10:56Z</time>
      </trkpt>
      <trkpt lat="41.622340" lon="2.445062">
        <ele>445.723</ele>
        <time>2024-12-13T10:11:01Z</time>
      </trkpt>
      <trkpt lat="41.622337" lon="2.445021">
        <ele>445.797</ele>
        <time>2024-12-13T10:11:04Z</time>
      </trkpt>
      <trkpt lat="41.622333" lon="2.444976">
        <ele>445.723</ele>
        <time>2024-12-13T10:11:08Z</time>
      </trkpt>
      <trkpt lat="41.622326" lon="2.444936">
        <ele>445.725</ele>
        <time>2024-12-13T10:11:10Z</time>
      </trkpt>
      <trkpt lat="41.622316" lon="2.444898">
        <ele>445.809</ele>
        <time>2024-12-13T10:11:13Z</time>
      </trkpt>
      <trkpt lat="41.622312" lon="2.444846">
        <ele>445.760</ele>
        <time>2024-12-13T10:11:17Z</time>
      </trkpt>
      <trkpt lat="41.622306" lon="2.444803">
        <ele>445.798</ele>
        <time>2024-12-13T10:11:20Z</time>
      </trkpt>
      <trkpt lat="41.622293" lon="2.444768">
        <ele>445.965</ele>
        <time>2024-12-13T10:11:23Z</time>
      </trkpt>
      <trkpt lat="41.622281" lon="2.444733">
        <ele>446.117</ele>
        <time>2024-12-13T10:11:26Z</time>
      </trkpt>
      <trkpt lat="41.622270" lon="2.444693">
        <ele>446.272</ele>
        <time>2024-12-13T10:11:28Z</time>
      </trkpt>
      <trkpt lat="41.622262" lon="2.444654">
        <ele>446.075</ele>
        <time>2024-12-13T10:11:31Z</time>
      </trkpt>
      <trkpt lat="41.622251" lon="2.444616">
        <ele>446.039</ele>
        <time>2024-12-13T10:11:34Z</time>
      </trkpt>
      <trkpt lat="41.622236" lon="2.444573">
        <ele>446.043</ele>
        <time>2024-12-13T10:11:38Z</time>
      </trkpt>
      <trkpt lat="41.622226" lon="2.444531">
        <ele>445.836</ele>
        <time>2024-12-13T10:11:41Z</time>
      </trkpt>
      <trkpt lat="41.622221" lon="2.444492">
        <ele>445.649</ele>
        <time>2024-12-13T10:11:43Z</time>
      </trkpt>
      <trkpt lat="41.622216" lon="2.444446">
        <ele>445.202</ele>
        <time>2024-12-13T10:11:47Z</time>
      </trkpt>
      <trkpt lat="41.622213" lon="2.444401">
        <ele>445.022</ele>
        <time>2024-12-13T10:11:51Z</time>
      </trkpt>
      <trkpt lat="41.622212" lon="2.444337">
        <ele>444.609</ele>
        <time>2024-12-13T10:11:56Z</time>
      </trkpt>
      <trkpt lat="41.622209" lon="2.444291">
        <ele>444.325</ele>
        <time>2024-12-13T10:11:59Z</time>
      </trkpt>
      <trkpt lat="41.622210" lon="2.444231">
        <ele>443.883</ele>
        <time>2024-12-13T10:12:03Z</time>
      </trkpt>
      <trkpt lat="41.622210" lon="2.444164">
        <ele>443.390</ele>
        <time>2024-12-13T10:12:07Z</time>
      </trkpt>
      <trkpt lat="41.622206" lon="2.444122">
        <ele>443.132</ele>
        <time>2024-12-13T10:12:10Z</time>
      </trkpt>
      <trkpt lat="41.622199" lon="2.444052">
        <ele>442.877</ele>
        <time>2024-12-13T10:12:15Z</time>
      </trkpt>
      <trkpt lat="41.622196" lon="2.444006">
        <ele>442.660</ele>
        <time>2024-12-13T10:12:18Z</time>
      </trkpt>
      <trkpt lat="41.622189" lon="2.443960">
        <ele>442.574</ele>
        <time>2024-12-13T10:12:22Z</time>
      </trkpt>
      <trkpt lat="41.622180" lon="2.443918">
        <ele>442.458</ele>
        <time>2024-12-13T10:12:25Z</time>
      </trkpt>
      <trkpt lat="41.622168" lon="2.443879">
        <ele>442.631</ele>
        <time>2024-12-13T10:12:28Z</time>
      </trkpt>
      <trkpt lat="41.622155" lon="2.443841">
        <ele>443.096</ele>
        <time>2024-12-13T10:12:30Z</time>
      </trkpt>
      <trkpt lat="41.622141" lon="2.443803">
        <ele>443.431</ele>
        <time>2024-12-13T10:12:34Z</time>
      </trkpt>
      <trkpt lat="41.622133" lon="2.443758">
        <ele>443.624</ele>
        <time>2024-12-13T10:12:37Z</time>
      </trkpt>
      <trkpt lat="41.622121" lon="2.443720">
        <ele>443.909</ele>
        <time>2024-12-13T10:12:40Z</time>
      </trkpt>
      <trkpt lat="41.622106" lon="2.443680">
        <ele>444.290</ele>
        <time>2024-12-13T10:12:43Z</time>
      </trkpt>
      <trkpt lat="41.622087" lon="2.443614">
        <ele>444.468</ele>
        <time>2024-12-13T10:12:47Z</time>
      </trkpt>
      <trkpt lat="41.622076" lon="2.443574">
        <ele>444.655</ele>
        <time>2024-12-13T10:12:50Z</time>
      </trkpt>
      <trkpt lat="41.622059" lon="2.443510">
        <ele>444.767</ele>
        <time>2024-12-13T10:12:55Z</time>
      </trkpt>
      <trkpt lat="41.622050" lon="2.443467">
        <ele>444.852</ele>
        <time>2024-12-13T10:12:58Z</time>
      </trkpt>
      <trkpt lat="41.622044" lon="2.443421">
        <ele>444.895</ele>
        <time>2024-12-13T10:13:01Z</time>
      </trkpt>
      <trkpt lat="41.622037" lon="2.443351">
        <ele>444.749</ele>
        <time>2024-12-13T10:13:06Z</time>
      </trkpt>
      <trkpt lat="41.622026" lon="2.443313">
        <ele>444.713</ele>
        <time>2024-12-13T10:13:09Z</time>
      </trkpt>
      <trkpt lat="41.622015" lon="2.443272">
        <ele>444.786</ele>
        <time>2024-12-13T10:13:12Z</time>
      </trkpt>
      <trkpt lat="41.622007" lon="2.443206">
        <ele>444.485</ele>
        <time>2024-12-13T10:13:17Z</time>
      </trkpt>
      <trkpt lat="41.622000" lon="2.443158">
        <ele>444.289</ele>
        <time>2024-12-13T10:13:20Z</time>
      </trkpt>
      <trkpt lat="41.621992" lon="2.443117">
        <ele>444.017</ele>
        <time>2024-12-13T10:13:23Z</time>
      </trkpt>
      <trkpt lat="41.621983" lon="2.443079">
        <ele>443.909</ele>
        <time>2024-12-13T10:13:26Z</time>
      </trkpt>
      <trkpt lat="41.621972" lon="2.443033">
        <ele>443.769</ele>
        <time>2024-12-13T10:13:29Z</time>
      </trkpt>
      <trkpt lat="41.621966" lon="2.442991">
        <ele>443.697</ele>
        <time>2024-12-13T10:13:32Z</time>
      </trkpt>
      <trkpt lat="41.621953" lon="2.442943">
        <ele>443.514</ele>
        <time>2024-12-13T10:13:36Z</time>
      </trkpt>
      <trkpt lat="41.621939" lon="2.442907">
        <ele>443.566</ele>
        <time>2024-12-13T10:13:39Z</time>
      </trkpt>
      <trkpt lat="41.621924" lon="2.442874">
        <ele>443.521</ele>
        <time>2024-12-13T10:13:41Z</time>
      </trkpt>
      <trkpt lat="41.621906" lon="2.442830">
        <ele>443.564</ele>
        <time>2024-12-13T10:13:45Z</time>
      </trkpt>
      <trkpt lat="41.621889" lon="2.442795">
        <ele>443.568</ele>
        <time>2024-12-13T10:13:48Z</time>
      </trkpt>
      <trkpt lat="41.621864" lon="2.442738">
        <ele>443.522</ele>
        <time>2024-12-13T10:13:52Z</time>
      </trkpt>
      <trkpt lat="41.621846" lon="2.442707">
        <ele>443.625</ele>
        <time>2024-12-13T10:13:55Z</time>
      </trkpt>
      <trkpt lat="41.621825" lon="2.442671">
        <ele>443.768</ele>
        <time>2024-12-13T10:13:58Z</time>
      </trkpt>
      <trkpt lat="41.621805" lon="2.442633">
        <ele>443.742</ele>
        <time>2024-12-13T10:14:01Z</time>
      </trkpt>
      <trkpt lat="41.621785" lon="2.442590">
        <ele>443.826</ele>
        <time>2024-12-13T10:14:05Z</time>
      </trkpt>
      <trkpt lat="41.621750" lon="2.442532">
        <ele>443.809</ele>
        <time>2024-12-13T10:14:10Z</time>
      </trkpt>
      <trkpt lat="41.621728" lon="2.442499">
        <ele>443.887</ele>
        <time>2024-12-13T10:14:14Z</time>
      </trkpt>
      <trkpt lat="41.621702" lon="2.442444">
        <ele>443.735</ele>
        <time>2024-12-13T10:14:18Z</time>
      </trkpt>
      <trkpt lat="41.621686" lon="2.442405">
        <ele>443.622</ele>
        <time>2024-12-13T10:14:21Z</time>
      </trkpt>
      <trkpt lat="41.621668" lon="2.442366">
        <ele>443.534</ele>
        <time>2024-12-13T10:14:25Z</time>
      </trkpt>
      <trkpt lat="41.621651" lon="2.442332">
        <ele>443.779</ele>
        <time>2024-12-13T10:14:29Z</time>
      </trkpt>
      <trkpt lat="41.621634" lon="2.442296">
        <ele>443.852</ele>
        <time>2024-12-13T10:14:32Z</time>
      </trkpt>
      <trkpt lat="41.621607" lon="2.442232">
        <ele>443.976</ele>
        <time>2024-12-13T10:14:37Z</time>
      </trkpt>
      <trkpt lat="41.621594" lon="2.442195">
        <ele>443.990</ele>
        <time>2024-12-13T10:14:40Z</time>
      </trkpt>
      <trkpt lat="41.621580" lon="2.442161">
        <ele>443.823</ele>
        <time>2024-12-13T10:14:43Z</time>
      </trkpt>
      <trkpt lat="41.621559" lon="2.442119">
        <ele>443.742</ele>
        <time>2024-12-13T10:14:46Z</time>
      </trkpt>
      <trkpt lat="41.621543" lon="2.442082">
        <ele>443.622</ele>
        <time>2024-12-13T10:14:49Z</time>
      </trkpt>
      <trkpt lat="41.621533" lon="2.442041">
        <ele>443.314</ele>
        <time>2024-12-13T10:14:52Z</time>
      </trkpt>
      <trkpt lat="41.621518" lon="2.442000">
        <ele>443.109</ele>
        <time>2024-12-13T10:14:56Z</time>
      </trkpt>
      <trkpt lat="41.621504" lon="2.441962">
        <ele>442.815</ele>
        <time>2024-12-13T10:14:59Z</time>
      </trkpt>
      <trkpt lat="41.621488" lon="2.441923">
        <ele>442.663</ele>
        <time>2024-12-13T10:15:02Z</time>
      </trkpt>
      <trkpt lat="41.621472" lon="2.441882">
        <ele>442.590</ele>
        <time>2024-12-13T10:15:05Z</time>
      </trkpt>
      <trkpt lat="41.621456" lon="2.441842">
        <ele>442.422</ele>
        <time>2024-12-13T10:15:08Z</time>
      </trkpt>
      <trkpt lat="41.621443" lon="2.441808">
        <ele>442.397</ele>
        <time>2024-12-13T10:15:11Z</time>
      </trkpt>
      <trkpt lat="41.621428" lon="2.441771">
        <ele>442.280</ele>
        <time>2024-12-13T10:15:14Z</time>
      </trkpt>
      <trkpt lat="41.621403" lon="2.441713">
        <ele>442.144</ele>
        <time>2024-12-13T10:15:20Z</time>
      </trkpt>
      <trkpt lat="41.621386" lon="2.441675">
        <ele>442.188</ele>
        <time>2024-12-13T10:15:23Z</time>
      </trkpt>
      <trkpt lat="41.621370" lon="2.441639">
        <ele>442.181</ele>
        <time>2024-12-13T10:15:26Z</time>
      </trkpt>
      <trkpt lat="41.621354" lon="2.441604">
        <ele>442.058</ele>
        <time>2024-12-13T10:15:29Z</time>
      </trkpt>
      <trkpt lat="41.621337" lon="2.441569">
        <ele>442.052</ele>
        <time>2024-12-13T10:15:31Z</time>
      </trkpt>
      <trkpt lat="41.621318" lon="2.441527">
        <ele>441.917</ele>
        <time>2024-12-13T10:15:35Z</time>
      </trkpt>
      <trkpt lat="41.621296" lon="2.441462">
        <ele>441.609</ele>
        <time>2024-12-13T10:15:40Z</time>
      </trkpt>
      <trkpt lat="41.621274" lon="2.441402">
        <ele>441.426</ele>
        <time>2024-12-13T10:15:45Z</time>
      </trkpt>
      <trkpt lat="41.621258" lon="2.441365">
        <ele>441.084</ele>
        <time>2024-12-13T10:15:48Z</time>
      </trkpt>
      <trkpt lat="41.621225" lon="2.441307">
        <ele>440.491</ele>
        <time>2024-12-13T10:15:53Z</time>
      </trkpt>
      <trkpt lat="41.621206" lon="2.441269">
        <ele>440.043</ele>
        <time>2024-12-13T10:15:56Z</time>
      </trkpt>
      <trkpt lat="41.621189" lon="2.441235">
        <ele>439.598</ele>
        <time>2024-12-13T10:15:59Z</time>
      </trkpt>
      <trkpt lat="41.621171" lon="2.441203">
        <ele>439.281</ele>
        <time>2024-12-13T10:16:02Z</time>
      </trkpt>
      <trkpt lat="41.621149" lon="2.441167">
        <ele>438.785</ele>
        <time>2024-12-13T10:16:05Z</time>
      </trkpt>
      <trkpt lat="41.621131" lon="2.441133">
        <ele>438.259</ele>
        <time>2024-12-13T10:16:08Z</time>
      </trkpt>
      <trkpt lat="41.621110" lon="2.441099">
        <ele>437.832</ele>
        <time>2024-12-13T10:16:11Z</time>
      </trkpt>
      <trkpt lat="41.621095" lon="2.441064">
        <ele>437.384</ele>
        <time>2024-12-13T10:16:14Z</time>
      </trkpt>
      <trkpt lat="41.621076" lon="2.441032">
        <ele>437.007</ele>
        <time>2024-12-13T10:16:17Z</time>
      </trkpt>
      <trkpt lat="41.621053" lon="2.440998">
        <ele>436.717</ele>
        <time>2024-12-13T10:16:20Z</time>
      </trkpt>
      <trkpt lat="41.621025" lon="2.440969">
        <ele>436.509</ele>
        <time>2024-12-13T10:16:23Z</time>
      </trkpt>
      <trkpt lat="41.620990" lon="2.440914">
        <ele>436.189</ele>
        <time>2024-12-13T10:16:29Z</time>
      </trkpt>
      <trkpt lat="41.620931" lon="2.440837">
        <ele>435.767</ele>
        <time>2024-12-13T10:16:36Z</time>
      </trkpt>
      <trkpt lat="41.620901" lon="2.440804">
        <ele>435.774</ele>
        <time>2024-12-13T10:16:40Z</time>
      </trkpt>
      <trkpt lat="41.620853" lon="2.440764">
        <ele>435.856</ele>
        <time>2024-12-13T10:16:45Z</time>
      </trkpt>
      <trkpt lat="41.620829" lon="2.440744">
        <ele>435.751</ele>
        <time>2024-12-13T10:16:47Z</time>
      </trkpt>
      <trkpt lat="41.620803" lon="2.440730">
        <ele>435.534</ele>
        <time>2024-12-13T10:16:50Z</time>
      </trkpt>
      <trkpt lat="41.620782" lon="2.440706">
        <ele>435.228</ele>
        <time>2024-12-13T10:16:54Z</time>
      </trkpt>
      <trkpt lat="41.620752" lon="2.440702">
        <ele>435.162</ele>
        <time>2024-12-13T10:16:56Z</time>
      </trkpt>
      <trkpt lat="41.620697" lon="2.440719">
        <ele>435.335</ele>
        <time>2024-12-13T10:17:03Z</time>
      </trkpt>
      <trkpt lat="41.620639" lon="2.440730">
        <ele>435.389</ele>
        <time>2024-12-13T10:17:10Z</time>
      </trkpt>
      <trkpt lat="41.620585" lon="2.440737">
        <ele>435.306</ele>
        <time>2024-12-13T10:17:15Z</time>
      </trkpt>
      <trkpt lat="41.620558" lon="2.440732">
        <ele>435.326</ele>
        <time>2024-12-13T10:17:18Z</time>
      </trkpt>
      <trkpt lat="41.620537" lon="2.440669">
        <ele>434.909</ele>
        <time>2024-12-13T10:17:23Z</time>
      </trkpt>
      <trkpt lat="41.620513" lon="2.440640">
        <ele>434.819</ele>
        <time>2024-12-13T10:17:26Z</time>
      </trkpt>
      <trkpt lat="41.620508" lon="2.440597">
        <ele>434.667</ele>
        <time>2024-12-13T10:17:29Z</time>
      </trkpt>
      <trkpt lat="41.620506" lon="2.440558">
        <ele>434.494</ele>
        <time>2024-12-13T10:17:32Z</time>
      </trkpt>
      <trkpt lat="41.620502" lon="2.440517">
        <ele>434.726</ele>
        <time>2024-12-13T10:17:35Z</time>
      </trkpt>
      <trkpt lat="41.620501" lon="2.440475">
        <ele>435.111</ele>
        <time>2024-12-13T10:17:38Z</time>
      </trkpt>
      <trkpt lat="41.620505" lon="2.440434">
        <ele>435.584</ele>
        <time>2024-12-13T10:17:40Z</time>
      </trkpt>
      <trkpt lat="41.620507" lon="2.440396">
        <ele>435.848</ele>
        <time>2024-12-13T10:17:43Z</time>
      </trkpt>
      <trkpt lat="41.620517" lon="2.440356">
        <ele>436.072</ele>
        <time>2024-12-13T10:17:46Z</time>
      </trkpt>
      <trkpt lat="41.620525" lon="2.440315">
        <ele>436.255</ele>
        <time>2024-12-13T10:17:49Z</time>
      </trkpt>
      <trkpt lat="41.620533" lon="2.440276">
        <ele>436.492</ele>
        <time>2024-12-13T10:17:52Z</time>
      </trkpt>
      <trkpt lat="41.620542" lon="2.440234">
        <ele>436.973</ele>
        <time>2024-12-13T10:17:55Z</time>
      </trkpt>
      <trkpt lat="41.620550" lon="2.440196">
        <ele>437.320</ele>
        <time>2024-12-13T10:17:58Z</time>
      </trkpt>
      <trkpt lat="41.620560" lon="2.440152">
        <ele>437.709</ele>
        <time>2024-12-13T10:18:01Z</time>
      </trkpt>
      <trkpt lat="41.620571" lon="2.440116">
        <ele>438.110</ele>
        <time>2024-12-13T10:18:04Z</time>
      </trkpt>
      <trkpt lat="41.620583" lon="2.440078">
        <ele>438.468</ele>
        <time>2024-12-13T10:18:07Z</time>
      </trkpt>
      <trkpt lat="41.620602" lon="2.440046">
        <ele>438.645</ele>
        <time>2024-12-13T10:18:10Z</time>
      </trkpt>
      <trkpt lat="41.620616" lon="2.440009">
        <ele>438.877</ele>
        <time>2024-12-13T10:18:13Z</time>
      </trkpt>
      <trkpt lat="41.620641" lon="2.439992">
        <ele>438.662</ele>
        <time>2024-12-13T10:18:15Z</time>
      </trkpt>
      <trkpt lat="41.620677" lon="2.439932">
        <ele>438.735</ele>
        <time>2024-12-13T10:18:21Z</time>
      </trkpt>
      <trkpt lat="41.620691" lon="2.439899">
        <ele>438.859</ele>
        <time>2024-12-13T10:18:24Z</time>
      </trkpt>
      <trkpt lat="41.620710" lon="2.439866">
        <ele>438.963</ele>
        <time>2024-12-13T10:18:27Z</time>
      </trkpt>
      <trkpt lat="41.620728" lon="2.439837">
        <ele>439.026</ele>
        <time>2024-12-13T10:18:30Z</time>
      </trkpt>
      <trkpt lat="41.620765" lon="2.439792">
        <ele>439.083</ele>
        <time>2024-12-13T10:18:35Z</time>
      </trkpt>
      <trkpt lat="41.620801" lon="2.439733">
        <ele>439.325</ele>
        <time>2024-12-13T10:18:40Z</time>
      </trkpt>
      <trkpt lat="41.620844" lon="2.439674">
        <ele>439.817</ele>
        <time>2024-12-13T10:18:46Z</time>
      </trkpt>
      <trkpt lat="41.620869" lon="2.439643">
        <ele>440.109</ele>
        <time>2024-12-13T10:18:49Z</time>
      </trkpt>
      <trkpt lat="41.620911" lon="2.439606">
        <ele>440.499</ele>
        <time>2024-12-13T10:18:53Z</time>
      </trkpt>
      <trkpt lat="41.620938" lon="2.439590">
        <ele>440.437</ele>
        <time>2024-12-13T10:18:56Z</time>
      </trkpt>
      <trkpt lat="41.620969" lon="2.439573">
        <ele>440.464</ele>
        <time>2024-12-13T10:18:59Z</time>
      </trkpt>
      <trkpt lat="41.621010" lon="2.439558">
        <ele>440.366</ele>
        <time>2024-12-13T10:19:03Z</time>
      </trkpt>
      <trkpt lat="41.621055" lon="2.439535">
        <ele>440.251</ele>
        <time>2024-12-13T10:19:08Z</time>
      </trkpt>
      <trkpt lat="41.621087" lon="2.439529">
        <ele>440.094</ele>
        <time>2024-12-13T10:19:11Z</time>
      </trkpt>
      <trkpt lat="41.621120" lon="2.439522">
        <ele>439.748</ele>
        <time>2024-12-13T10:19:14Z</time>
      </trkpt>
      <trkpt lat="41.621151" lon="2.439514">
        <ele>439.392</ele>
        <time>2024-12-13T10:19:17Z</time>
      </trkpt>
      <trkpt lat="41.621181" lon="2.439510">
        <ele>438.915</ele>
        <time>2024-12-13T10:19:19Z</time>
      </trkpt>
      <trkpt lat="41.621228" lon="2.439500">
        <ele>438.259</ele>
        <time>2024-12-13T10:19:24Z</time>
      </trkpt>
      <trkpt lat="41.621255" lon="2.439491">
        <ele>437.803</ele>
        <time>2024-12-13T10:19:27Z</time>
      </trkpt>
      <trkpt lat="41.621281" lon="2.439480">
        <ele>437.523</ele>
        <time>2024-12-13T10:19:30Z</time>
      </trkpt>
      <trkpt lat="41.621332" lon="2.439450">
        <ele>437.009</ele>
        <time>2024-12-13T10:19:36Z</time>
      </trkpt>
      <trkpt lat="41.621379" lon="2.439431">
        <ele>436.346</ele>
        <time>2024-12-13T10:19:41Z</time>
      </trkpt>
      <trkpt lat="41.621403" lon="2.439412">
        <ele>436.244</ele>
        <time>2024-12-13T10:19:44Z</time>
      </trkpt>
      <trkpt lat="41.621428" lon="2.439385">
        <ele>436.291</ele>
        <time>2024-12-13T10:19:47Z</time>
      </trkpt>
      <trkpt lat="41.621457" lon="2.439355">
        <ele>436.253</ele>
        <time>2024-12-13T10:19:50Z</time>
      </trkpt>
      <trkpt lat="41.621482" lon="2.439327">
        <ele>436.178</ele>
        <time>2024-12-13T10:19:53Z</time>
      </trkpt>
      <trkpt lat="41.621509" lon="2.439299">
        <ele>436.041</ele>
        <time>2024-12-13T10:19:56Z</time>
      </trkpt>
      <trkpt lat="41.621531" lon="2.439268">
        <ele>436.085</ele>
        <time>2024-12-13T10:20:00Z</time>
      </trkpt>
      <trkpt lat="41.621566" lon="2.439208">
        <ele>436.189</ele>
        <time>2024-12-13T10:20:05Z</time>
      </trkpt>
      <trkpt lat="41.621583" lon="2.439178">
        <ele>436.192</ele>
        <time>2024-12-13T10:20:09Z</time>
      </trkpt>
      <trkpt lat="41.621615" lon="2.439120">
        <ele>436.421</ele>
        <time>2024-12-13T10:20:14Z</time>
      </trkpt>
      <trkpt lat="41.621649" lon="2.439066">
        <ele>436.741</ele>
        <time>2024-12-13T10:20:19Z</time>
      </trkpt>
      <trkpt lat="41.621679" lon="2.439030">
        <ele>436.805</ele>
        <time>2024-12-13T10:20:23Z</time>
      </trkpt>
      <trkpt lat="41.621715" lon="2.438964">
        <ele>437.209</ele>
        <time>2024-12-13T10:20:28Z</time>
      </trkpt>
      <trkpt lat="41.621738" lon="2.438938">
        <ele>437.153</ele>
        <time>2024-12-13T10:20:33Z</time>
      </trkpt>
      <trkpt lat="41.621762" lon="2.438913">
        <ele>437.041</ele>
        <time>2024-12-13T10:20:36Z</time>
      </trkpt>
      <trkpt lat="41.621788" lon="2.438887">
        <ele>436.888</ele>
        <time>2024-12-13T10:20:39Z</time>
      </trkpt>
      <trkpt lat="41.621821" lon="2.438861">
        <ele>436.660</ele>
        <time>2024-12-13T10:20:43Z</time>
      </trkpt>
      <trkpt lat="41.621848" lon="2.438844">
        <ele>436.335</ele>
        <time>2024-12-13T10:20:45Z</time>
      </trkpt>
      <trkpt lat="41.621877" lon="2.438835">
        <ele>435.948</ele>
        <time>2024-12-13T10:20:48Z</time>
      </trkpt>
      <trkpt lat="41.621919" lon="2.438833">
        <ele>435.292</ele>
        <time>2024-12-13T10:20:52Z</time>
      </trkpt>
      <trkpt lat="41.621955" lon="2.438829">
        <ele>434.856</ele>
        <time>2024-12-13T10:20:55Z</time>
      </trkpt>
      <trkpt lat="41.621992" lon="2.438824">
        <ele>434.569</ele>
        <time>2024-12-13T10:20:59Z</time>
      </trkpt>
      <trkpt lat="41.622025" lon="2.438816">
        <ele>434.343</ele>
        <time>2024-12-13T10:21:02Z</time>
      </trkpt>
      <trkpt lat="41.622054" lon="2.438808">
        <ele>434.164</ele>
        <time>2024-12-13T10:21:05Z</time>
      </trkpt>
      <trkpt lat="41.622105" lon="2.438791">
        <ele>433.810</ele>
        <time>2024-12-13T10:21:10Z</time>
      </trkpt>
      <trkpt lat="41.622136" lon="2.438776">
        <ele>433.709</ele>
        <time>2024-12-13T10:21:13Z</time>
      </trkpt>
      <trkpt lat="41.622180" lon="2.438739">
        <ele>433.555</ele>
        <time>2024-12-13T10:21:18Z</time>
      </trkpt>
      <trkpt lat="41.622208" lon="2.438718">
        <ele>433.473</ele>
        <time>2024-12-13T10:21:21Z</time>
      </trkpt>
      <trkpt lat="41.622257" lon="2.438688">
        <ele>433.330</ele>
        <time>2024-12-13T10:21:26Z</time>
      </trkpt>
      <trkpt lat="41.622287" lon="2.438666">
        <ele>433.312</ele>
        <time>2024-12-13T10:21:29Z</time>
      </trkpt>
      <trkpt lat="41.622314" lon="2.438649">
        <ele>433.297</ele>
        <time>2024-12-13T10:21:32Z</time>
      </trkpt>
      <trkpt lat="41.622348" lon="2.438624">
        <ele>433.160</ele>
        <time>2024-12-13T10:21:36Z</time>
      </trkpt>
      <trkpt lat="41.622382" lon="2.438611">
        <ele>432.984</ele>
        <time>2024-12-13T10:21:40Z</time>
      </trkpt>
      <trkpt lat="41.622410" lon="2.438597">
        <ele>432.728</ele>
        <time>2024-12-13T10:21:43Z</time>
      </trkpt>
      <trkpt lat="41.622465" lon="2.438579">
        <ele>432.391</ele>
        <time>2024-12-13T10:21:48Z</time>
      </trkpt>
      <trkpt lat="41.622514" lon="2.438552">
        <ele>432.091</ele>
        <time>2024-12-13T10:21:53Z</time>
      </trkpt>
      <trkpt lat="41.622545" lon="2.438539">
        <ele>432.081</ele>
        <time>2024-12-13T10:21:57Z</time>
      </trkpt>
      <trkpt lat="41.622575" lon="2.438521">
        <ele>431.919</ele>
        <time>2024-12-13T10:22:00Z</time>
      </trkpt>
      <trkpt lat="41.622608" lon="2.438518">
        <ele>431.909</ele>
        <time>2024-12-13T10:22:03Z</time>
      </trkpt>
      <trkpt lat="41.622642" lon="2.438516">
        <ele>431.840</ele>
        <time>2024-12-13T10:22:06Z</time>
      </trkpt>
      <trkpt lat="41.622692" lon="2.438512">
        <ele>431.828</ele>
        <time>2024-12-13T10:22:11Z</time>
      </trkpt>
      <trkpt lat="41.622725" lon="2.438503">
        <ele>431.745</ele>
        <time>2024-12-13T10:22:14Z</time>
      </trkpt>
      <trkpt lat="41.622758" lon="2.438491">
        <ele>431.617</ele>
        <time>2024-12-13T10:22:17Z</time>
      </trkpt>
      <trkpt lat="41.622790" lon="2.438481">
        <ele>431.682</ele>
        <time>2024-12-13T10:22:20Z</time>
      </trkpt>
      <trkpt lat="41.622822" lon="2.438460">
        <ele>431.845</ele>
        <time>2024-12-13T10:22:24Z</time>
      </trkpt>
      <trkpt lat="41.622845" lon="2.438432">
        <ele>431.939</ele>
        <time>2024-12-13T10:22:27Z</time>
      </trkpt>
      <trkpt lat="41.622868" lon="2.438407">
        <ele>431.853</ele>
        <time>2024-12-13T10:22:29Z</time>
      </trkpt>
      <trkpt lat="41.622889" lon="2.438378">
        <ele>431.856</ele>
        <time>2024-12-13T10:22:33Z</time>
      </trkpt>
      <trkpt lat="41.622917" lon="2.438355">
        <ele>431.758</ele>
        <time>2024-12-13T10:22:36Z</time>
      </trkpt>
      <trkpt lat="41.622948" lon="2.438328">
        <ele>431.652</ele>
        <time>2024-12-13T10:22:40Z</time>
      </trkpt>
      <trkpt lat="41.622978" lon="2.438305">
        <ele>431.517</ele>
        <time>2024-12-13T10:22:43Z</time>
      </trkpt>
      <trkpt lat="41.623001" lon="2.438276">
        <ele>431.409</ele>
        <time>2024-12-13T10:22:46Z</time>
      </trkpt>
      <trkpt lat="41.623022" lon="2.438246">
        <ele>431.266</ele>
        <time>2024-12-13T10:22:49Z</time>
      </trkpt>
      <trkpt lat="41.623036" lon="2.438212">
        <ele>431.054</ele>
        <time>2024-12-13T10:22:52Z</time>
      </trkpt>
      <trkpt lat="41.623054" lon="2.438178">
        <ele>430.981</ele>
        <time>2024-12-13T10:22:55Z</time>
      </trkpt>
      <trkpt lat="41.623069" lon="2.438144">
        <ele>430.843</ele>
        <time>2024-12-13T10:22:57Z</time>
      </trkpt>
      <trkpt lat="41.623100" lon="2.438094">
        <ele>430.938</ele>
        <time>2024-12-13T10:23:02Z</time>
      </trkpt>
      <trkpt lat="41.623113" lon="2.438059">
        <ele>430.991</ele>
        <time>2024-12-13T10:23:05Z</time>
      </trkpt>
      <trkpt lat="41.623137" lon="2.437993">
        <ele>430.815</ele>
        <time>2024-12-13T10:23:10Z</time>
      </trkpt>
      <trkpt lat="41.623150" lon="2.437960">
        <ele>430.819</ele>
        <time>2024-12-13T10:23:13Z</time>
      </trkpt>
      <trkpt lat="41.623166" lon="2.437923">
        <ele>430.792</ele>
        <time>2024-12-13T10:23:16Z</time>
      </trkpt>
      <trkpt lat="41.623184" lon="2.437887">
        <ele>430.754</ele>
        <time>2024-12-13T10:23:19Z</time>
      </trkpt>
      <trkpt lat="41.623198" lon="2.437850">
        <ele>430.656</ele>
        <time>2024-12-13T10:23:23Z</time>
      </trkpt>
      <trkpt lat="41.623222" lon="2.437786">
        <ele>430.311</ele>
        <time>2024-12-13T10:23:28Z</time>
      </trkpt>
      <trkpt lat="41.623234" lon="2.437747">
        <ele>430.109</ele>
        <time>2024-12-13T10:23:31Z</time>
      </trkpt>
      <trkpt lat="41.623261" lon="2.437682">
        <ele>430.076</ele>
        <time>2024-12-13T10:23:36Z</time>
      </trkpt>
      <trkpt lat="41.623272" lon="2.437639">
        <ele>429.974</ele>
        <time>2024-12-13T10:23:40Z</time>
      </trkpt>
      <trkpt lat="41.623279" lon="2.437599">
        <ele>429.811</ele>
        <time>2024-12-13T10:23:43Z</time>
      </trkpt>
      <trkpt lat="41.623287" lon="2.437561">
        <ele>429.893</ele>
        <time>2024-12-13T10:23:46Z</time>
      </trkpt>
      <trkpt lat="41.623300" lon="2.437523">
        <ele>429.718</ele>
        <time>2024-12-13T10:23:49Z</time>
      </trkpt>
      <trkpt lat="41.623311" lon="2.437456">
        <ele>429.671</ele>
        <time>2024-12-13T10:23:54Z</time>
      </trkpt>
      <trkpt lat="41.623320" lon="2.437419">
        <ele>429.695</ele>
        <time>2024-12-13T10:23:57Z</time>
      </trkpt>
      <trkpt lat="41.623327" lon="2.437377">
        <ele>429.599</ele>
        <time>2024-12-13T10:24:01Z</time>
      </trkpt>
      <trkpt lat="41.623336" lon="2.437336">
        <ele>429.442</ele>
        <time>2024-12-13T10:24:04Z</time>
      </trkpt>
      <trkpt lat="41.623348" lon="2.437303">
        <ele>429.442</ele>
        <time>2024-12-13T10:24:07Z</time>
      </trkpt>
      <trkpt lat="41.623351" lon="2.437258">
        <ele>429.322</ele>
        <time>2024-12-13T10:24:11Z</time>
      </trkpt>
      <trkpt lat="41.623363" lon="2.437184">
        <ele>429.214</ele>
        <time>2024-12-13T10:24:16Z</time>
      </trkpt>
      <trkpt lat="41.623367" lon="2.437141">
        <ele>429.209</ele>
        <time>2024-12-13T10:24:19Z</time>
      </trkpt>
      <trkpt lat="41.623375" lon="2.437098">
        <ele>429.235</ele>
        <time>2024-12-13T10:24:22Z</time>
      </trkpt>
      <trkpt lat="41.623386" lon="2.437029">
        <ele>429.273</ele>
        <time>2024-12-13T10:24:28Z</time>
      </trkpt>
      <trkpt lat="41.623397" lon="2.436987">
        <ele>429.370</ele>
        <time>2024-12-13T10:24:31Z</time>
      </trkpt>
      <trkpt lat="41.623408" lon="2.436951">
        <ele>429.342</ele>
        <time>2024-12-13T10:24:35Z</time>
      </trkpt>
      <trkpt lat="41.623444" lon="2.436894">
        <ele>429.377</ele>
        <time>2024-12-13T10:24:40Z</time>
      </trkpt>
      <trkpt lat="41.623461" lon="2.436856">
        <ele>429.350</ele>
        <time>2024-12-13T10:24:43Z</time>
      </trkpt>
      <trkpt lat="41.623483" lon="2.436828">
        <ele>429.384</ele>
        <time>2024-12-13T10:24:46Z</time>
      </trkpt>
      <trkpt lat="41.623506" lon="2.436799">
        <ele>429.338</ele>
        <time>2024-12-13T10:24:49Z</time>
      </trkpt>
      <trkpt lat="41.623527" lon="2.436774">
        <ele>429.361</ele>
        <time>2024-12-13T10:24:52Z</time>
      </trkpt>
      <trkpt lat="41.623548" lon="2.436746">
        <ele>429.298</ele>
        <time>2024-12-13T10:24:55Z</time>
      </trkpt>
      <trkpt lat="41.623563" lon="2.436733">
        <ele>429.215</ele>
        <time>2024-12-13T10:25:03Z</time>
      </trkpt>
      <trkpt lat="41.623578" lon="2.436712">
        <ele>429.126</ele>
        <time>2024-12-13T10:25:06Z</time>
      </trkpt>
      <trkpt lat="41.623597" lon="2.436693">
        <ele>429.109</ele>
        <time>2024-12-13T10:25:08Z</time>
      </trkpt>
      <trkpt lat="41.623632" lon="2.436637">
        <ele>428.930</ele>
        <time>2024-12-13T10:25:13Z</time>
      </trkpt>
      <trkpt lat="41.623647" lon="2.436604">
        <ele>428.918</ele>
        <time>2024-12-13T10:25:16Z</time>
      </trkpt>
      <trkpt lat="41.623681" lon="2.436553">
        <ele>428.845</ele>
        <time>2024-12-13T10:25:21Z</time>
      </trkpt>
      <trkpt lat="41.623701" lon="2.436527">
        <ele>428.747</ele>
        <time>2024-12-13T10:25:24Z</time>
      </trkpt>
      <trkpt lat="41.623724" lon="2.436493">
        <ele>428.692</ele>
        <time>2024-12-13T10:25:27Z</time>
      </trkpt>
      <trkpt lat="41.623758" lon="2.436436">
        <ele>428.395</ele>
        <time>2024-12-13T10:25:33Z</time>
      </trkpt>
      <trkpt lat="41.623778" lon="2.436402">
        <ele>428.249</ele>
        <time>2024-12-13T10:25:36Z</time>
      </trkpt>
      <trkpt lat="41.623798" lon="2.436369">
        <ele>428.113</ele>
        <time>2024-12-13T10:25:40Z</time>
      </trkpt>
      <trkpt lat="41.623823" lon="2.436311">
        <ele>428.136</ele>
        <time>2024-12-13T10:25:44Z</time>
      </trkpt>
      <trkpt lat="41.623840" lon="2.436280">
        <ele>428.199</ele>
        <time>2024-12-13T10:25:47Z</time>
      </trkpt>
      <trkpt lat="41.623858" lon="2.436244">
        <ele>428.207</ele>
        <time>2024-12-13T10:25:51Z</time>
      </trkpt>
      <trkpt lat="41.623866" lon="2.436208">
        <ele>428.427</ele>
        <time>2024-12-13T10:25:54Z</time>
      </trkpt>
      <trkpt lat="41.623876" lon="2.436167">
        <ele>428.609</ele>
        <time>2024-12-13T10:25:57Z</time>
      </trkpt>
      <trkpt lat="41.623888" lon="2.436120">
        <ele>428.940</ele>
        <time>2024-12-13T10:26:01Z</time>
      </trkpt>
      <trkpt lat="41.623900" lon="2.436078">
        <ele>429.098</ele>
        <time>2024-12-13T10:26:05Z</time>
      </trkpt>
      <trkpt lat="41.623911" lon="2.436039">
        <ele>429.125</ele>
        <time>2024-12-13T10:26:08Z</time>
      </trkpt>
      <trkpt lat="41.623935" lon="2.435968">
        <ele>429.497</ele>
        <time>2024-12-13T10:26:14Z</time>
      </trkpt>
      <trkpt lat="41.623949" lon="2.435934">
        <ele>429.592</ele>
        <time>2024-12-13T10:26:17Z</time>
      </trkpt>
      <trkpt lat="41.623960" lon="2.435896">
        <ele>429.785</ele>
        <time>2024-12-13T10:26:20Z</time>
      </trkpt>
      <trkpt lat="41.623976" lon="2.435856">
        <ele>429.969</ele>
        <time>2024-12-13T10:26:24Z</time>
      </trkpt>
      <trkpt lat="41.623991" lon="2.435819">
        <ele>430.033</ele>
        <time>2024-12-13T10:26:27Z</time>
      </trkpt>
      <trkpt lat="41.624005" lon="2.435754">
        <ele>430.136</ele>
        <time>2024-12-13T10:26:32Z</time>
      </trkpt>
      <trkpt lat="41.624007" lon="2.435718">
        <ele>430.218</ele>
        <time>2024-12-13T10:26:35Z</time>
      </trkpt>
      <trkpt lat="41.624009" lon="2.435649">
        <ele>430.398</ele>
        <time>2024-12-13T10:26:43Z</time>
      </trkpt>
      <trkpt lat="41.624016" lon="2.435611">
        <ele>430.417</ele>
        <time>2024-12-13T10:26:49Z</time>
      </trkpt>
      <trkpt lat="41.624017" lon="2.435569">
        <ele>430.409</ele>
        <time>2024-12-13T10:26:55Z</time>
      </trkpt>
      <trkpt lat="41.624017" lon="2.435529">
        <ele>430.422</ele>
        <time>2024-12-13T10:26:58Z</time>
      </trkpt>
      <trkpt lat="41.624004" lon="2.435491">
        <ele>430.320</ele>
        <time>2024-12-13T10:27:01Z</time>
      </trkpt>
      <trkpt lat="41.623963" lon="2.435482">
        <ele>430.137</ele>
        <time>2024-12-13T10:27:05Z</time>
      </trkpt>
      <trkpt lat="41.623919" lon="2.435507">
        <ele>430.059</ele>
        <time>2024-12-13T10:27:11Z</time>
      </trkpt>
      <trkpt lat="41.623971" lon="2.435486">
        <ele>430.174</ele>
        <time>2024-12-13T10:27:16Z</time>
      </trkpt>
      <trkpt lat="41.623988" lon="2.435532">
        <ele>430.327</ele>
        <time>2024-12-13T10:27:25Z</time>
      </trkpt>
      <trkpt lat="41.623990" lon="2.435599">
        <ele>430.341</ele>
        <time>2024-12-13T10:27:31Z</time>
      </trkpt>
      <trkpt lat="41.623989" lon="2.435661">
        <ele>430.235</ele>
        <time>2024-12-13T10:27:35Z</time>
      </trkpt>
      <trkpt lat="41.623985" lon="2.435699">
        <ele>430.248</ele>
        <time>2024-12-13T10:27:38Z</time>
      </trkpt>
      <trkpt lat="41.624007" lon="2.435730">
        <ele>430.217</ele>
        <time>2024-12-13T10:27:43Z</time>
      </trkpt>
      <trkpt lat="41.624035" lon="2.435751">
        <ele>430.287</ele>
        <time>2024-12-13T10:27:48Z</time>
      </trkpt>
      <trkpt lat="41.624068" lon="2.435744">
        <ele>430.215</ele>
        <time>2024-12-13T10:27:53Z</time>
      </trkpt>
      <trkpt lat="41.624098" lon="2.435725">
        <ele>430.309</ele>
        <time>2024-12-13T10:27:56Z</time>
      </trkpt>
      <trkpt lat="41.624126" lon="2.435704">
        <ele>430.442</ele>
        <time>2024-12-13T10:27:59Z</time>
      </trkpt>
      <trkpt lat="41.624152" lon="2.435682">
        <ele>430.590</ele>
        <time>2024-12-13T10:28:02Z</time>
      </trkpt>
      <trkpt lat="41.624191" lon="2.435648">
        <ele>430.577</ele>
        <time>2024-12-13T10:28:06Z</time>
      </trkpt>
      <trkpt lat="41.624214" lon="2.435627">
        <ele>430.419</ele>
        <time>2024-12-13T10:28:09Z</time>
      </trkpt>
      <trkpt lat="41.624248" lon="2.435569">
        <ele>430.654</ele>
        <time>2024-12-13T10:28:15Z</time>
      </trkpt>
      <trkpt lat="41.624268" lon="2.435543">
        <ele>430.717</ele>
        <time>2024-12-13T10:28:18Z</time>
      </trkpt>
      <trkpt lat="41.624288" lon="2.435514">
        <ele>430.781</ele>
        <time>2024-12-13T10:28:21Z</time>
      </trkpt>
      <trkpt lat="41.624309" lon="2.435484">
        <ele>430.825</ele>
        <time>2024-12-13T10:28:25Z</time>
      </trkpt>
      <trkpt lat="41.624328" lon="2.435455">
        <ele>430.848</ele>
        <time>2024-12-13T10:28:28Z</time>
      </trkpt>
      <trkpt lat="41.624345" lon="2.435425">
        <ele>431.014</ele>
        <time>2024-12-13T10:28:31Z</time>
      </trkpt>
      <trkpt lat="41.624364" lon="2.435394">
        <ele>431.154</ele>
        <time>2024-12-13T10:28:35Z</time>
      </trkpt>
      <trkpt lat="41.624386" lon="2.435372">
        <ele>431.309</ele>
        <time>2024-12-13T10:28:38Z</time>
      </trkpt>
      <trkpt lat="41.624408" lon="2.435347">
        <ele>431.409</ele>
        <time>2024-12-13T10:28:40Z</time>
      </trkpt>
      <trkpt lat="41.624432" lon="2.435324">
        <ele>431.632</ele>
        <time>2024-12-13T10:28:43Z</time>
      </trkpt>
      <trkpt lat="41.624471" lon="2.435279">
        <ele>432.050</ele>
        <time>2024-12-13T10:28:49Z</time>
      </trkpt>
      <trkpt lat="41.624505" lon="2.435228">
        <ele>432.337</ele>
        <time>2024-12-13T10:28:55Z</time>
      </trkpt>
      <trkpt lat="41.624539" lon="2.435177">
        <ele>432.619</ele>
        <time>2024-12-13T10:29:01Z</time>
      </trkpt>
      <trkpt lat="41.624566" lon="2.435124">
        <ele>432.984</ele>
        <time>2024-12-13T10:29:08Z</time>
      </trkpt>
      <trkpt lat="41.624580" lon="2.435084">
        <ele>433.147</ele>
        <time>2024-12-13T10:29:12Z</time>
      </trkpt>
      <trkpt lat="41.624597" lon="2.435047">
        <ele>433.241</ele>
        <time>2024-12-13T10:29:15Z</time>
      </trkpt>
      <trkpt lat="41.624621" lon="2.435025">
        <ele>433.225</ele>
        <time>2024-12-13T10:29:18Z</time>
      </trkpt>
      <trkpt lat="41.624641" lon="2.434995">
        <ele>433.358</ele>
        <time>2024-12-13T10:29:21Z</time>
      </trkpt>
      <trkpt lat="41.624661" lon="2.434965">
        <ele>433.367</ele>
        <time>2024-12-13T10:29:24Z</time>
      </trkpt>
      <trkpt lat="41.624679" lon="2.434937">
        <ele>433.381</ele>
        <time>2024-12-13T10:29:26Z</time>
      </trkpt>
      <trkpt lat="41.624704" lon="2.434906">
        <ele>433.419</ele>
        <time>2024-12-13T10:29:30Z</time>
      </trkpt>
      <trkpt lat="41.624727" lon="2.434879">
        <ele>433.409</ele>
        <time>2024-12-13T10:29:34Z</time>
      </trkpt>
      <trkpt lat="41.624770" lon="2.434828">
        <ele>433.457</ele>
        <time>2024-12-13T10:29:41Z</time>
      </trkpt>
      <trkpt lat="41.624789" lon="2.434795">
        <ele>433.545</ele>
        <time>2024-12-13T10:29:44Z</time>
      </trkpt>
      <trkpt lat="41.624806" lon="2.434765">
        <ele>433.552</ele>
        <time>2024-12-13T10:29:47Z</time>
      </trkpt>
      <trkpt lat="41.624822" lon="2.434736">
        <ele>433.674</ele>
        <time>2024-12-13T10:29:49Z</time>
      </trkpt>
      <trkpt lat="41.624857" lon="2.434701">
        <ele>433.529</ele>
        <time>2024-12-13T10:29:53Z</time>
      </trkpt>
      <trkpt lat="41.624867" lon="2.434663">
        <ele>433.562</ele>
        <time>2024-12-13T10:29:56Z</time>
      </trkpt>
      <trkpt lat="41.624864" lon="2.434598">
        <ele>433.556</ele>
        <time>2024-12-13T10:30:01Z</time>
      </trkpt>
      <trkpt lat="41.624869" lon="2.434556">
        <ele>433.530</ele>
        <time>2024-12-13T10:30:04Z</time>
      </trkpt>
      <trkpt lat="41.624871" lon="2.434510">
        <ele>433.533</ele>
        <time>2024-12-13T10:30:07Z</time>
      </trkpt>
      <trkpt lat="41.624871" lon="2.434472">
        <ele>433.538</ele>
        <time>2024-12-13T10:30:10Z</time>
      </trkpt>
      <trkpt lat="41.624871" lon="2.434430">
        <ele>433.570</ele>
        <time>2024-12-13T10:30:13Z</time>
      </trkpt>
      <trkpt lat="41.624867" lon="2.434387">
        <ele>433.517</ele>
        <time>2024-12-13T10:30:16Z</time>
      </trkpt>
      <trkpt lat="41.624860" lon="2.434348">
        <ele>433.509</ele>
        <time>2024-12-13T10:30:19Z</time>
      </trkpt>
      <trkpt lat="41.624856" lon="2.434308">
        <ele>433.534</ele>
        <time>2024-12-13T10:30:22Z</time>
      </trkpt>
      <trkpt lat="41.624852" lon="2.434271">
        <ele>433.572</ele>
        <time>2024-12-13T10:30:24Z</time>
      </trkpt>
      <trkpt lat="41.624831" lon="2.434205">
        <ele>433.499</ele>
        <time>2024-12-13T10:30:29Z</time>
      </trkpt>
      <trkpt lat="41.624819" lon="2.434168">
        <ele>433.391</ele>
        <time>2024-12-13T10:30:32Z</time>
      </trkpt>
      <trkpt lat="41.624807" lon="2.434130">
        <ele>433.386</ele>
        <time>2024-12-13T10:30:35Z</time>
      </trkpt>
      <trkpt lat="41.624793" lon="2.434095">
        <ele>433.379</ele>
        <time>2024-12-13T10:30:38Z</time>
      </trkpt>
      <trkpt lat="41.624768" lon="2.434023">
        <ele>433.253</ele>
        <time>2024-12-13T10:30:44Z</time>
      </trkpt>
      <trkpt lat="41.624756" lon="2.433982">
        <ele>433.187</ele>
        <time>2024-12-13T10:30:47Z</time>
      </trkpt>
      <trkpt lat="41.624750" lon="2.433936">
        <ele>433.150</ele>
        <time>2024-12-13T10:30:50Z</time>
      </trkpt>
      <trkpt lat="41.624744" lon="2.433899">
        <ele>433.131</ele>
        <time>2024-12-13T10:30:53Z</time>
      </trkpt>
      <trkpt lat="41.624744" lon="2.433862">
        <ele>433.061</ele>
        <time>2024-12-13T10:30:56Z</time>
      </trkpt>
      <trkpt lat="41.624749" lon="2.433824">
        <ele>432.907</ele>
        <time>2024-12-13T10:31:00Z</time>
      </trkpt>
      <trkpt lat="41.624759" lon="2.433753">
        <ele>432.609</ele>
        <time>2024-12-13T10:31:05Z</time>
      </trkpt>
      <trkpt lat="41.624768" lon="2.433716">
        <ele>432.554</ele>
        <time>2024-12-13T10:31:08Z</time>
      </trkpt>
      <trkpt lat="41.624778" lon="2.433673">
        <ele>432.412</ele>
        <time>2024-12-13T10:31:11Z</time>
      </trkpt>
      <trkpt lat="41.624789" lon="2.433632">
        <ele>432.399</ele>
        <time>2024-12-13T10:31:14Z</time>
      </trkpt>
      <trkpt lat="41.624803" lon="2.433599">
        <ele>432.381</ele>
        <time>2024-12-13T10:31:16Z</time>
      </trkpt>
      <trkpt lat="41.624816" lon="2.433557">
        <ele>432.236</ele>
        <time>2024-12-13T10:31:20Z</time>
      </trkpt>
      <trkpt lat="41.624832" lon="2.433518">
        <ele>432.259</ele>
        <time>2024-12-13T10:31:23Z</time>
      </trkpt>
      <trkpt lat="41.624842" lon="2.433480">
        <ele>432.223</ele>
        <time>2024-12-13T10:31:25Z</time>
      </trkpt>
      <trkpt lat="41.624853" lon="2.433438">
        <ele>432.177</ele>
        <time>2024-12-13T10:31:28Z</time>
      </trkpt>
      <trkpt lat="41.624865" lon="2.433400">
        <ele>432.150</ele>
        <time>2024-12-13T10:31:31Z</time>
      </trkpt>
      <trkpt lat="41.624876" lon="2.433357">
        <ele>432.113</ele>
        <time>2024-12-13T10:31:35Z</time>
      </trkpt>
      <trkpt lat="41.624894" lon="2.433280">
        <ele>432.343</ele>
        <time>2024-12-13T10:31:40Z</time>
      </trkpt>
      <trkpt lat="41.624903" lon="2.433239">
        <ele>432.407</ele>
        <time>2024-12-13T10:31:43Z</time>
      </trkpt>
      <trkpt lat="41.624908" lon="2.433197">
        <ele>432.509</ele>
        <time>2024-12-13T10:31:46Z</time>
      </trkpt>
      <trkpt lat="41.624910" lon="2.433154">
        <ele>432.622</ele>
        <time>2024-12-13T10:31:49Z</time>
      </trkpt>
      <trkpt lat="41.624910" lon="2.433114">
        <ele>432.690</ele>
        <time>2024-12-13T10:31:51Z</time>
      </trkpt>
      <trkpt lat="41.624906" lon="2.433071">
        <ele>432.627</ele>
        <time>2024-12-13T10:31:54Z</time>
      </trkpt>
      <trkpt lat="41.624900" lon="2.433026">
        <ele>432.639</ele>
        <time>2024-12-13T10:31:58Z</time>
      </trkpt>
      <trkpt lat="41.624894" lon="2.432985">
        <ele>432.584</ele>
        <time>2024-12-13T10:32:01Z</time>
      </trkpt>
      <trkpt lat="41.624886" lon="2.432946">
        <ele>432.497</ele>
        <time>2024-12-13T10:32:04Z</time>
      </trkpt>
      <trkpt lat="41.624877" lon="2.432901">
        <ele>432.251</ele>
        <time>2024-12-13T10:32:07Z</time>
      </trkpt>
      <trkpt lat="41.624875" lon="2.432856">
        <ele>432.225</ele>
        <time>2024-12-13T10:32:10Z</time>
      </trkpt>
      <trkpt lat="41.624860" lon="2.432781">
        <ele>432.058</ele>
        <time>2024-12-13T10:32:16Z</time>
      </trkpt>
      <trkpt lat="41.624852" lon="2.432739">
        <ele>431.782</ele>
        <time>2024-12-13T10:32:19Z</time>
      </trkpt>
      <trkpt lat="41.624845" lon="2.432695">
        <ele>431.543</ele>
        <time>2024-12-13T10:32:22Z</time>
      </trkpt>
      <trkpt lat="41.624839" lon="2.432654">
        <ele>431.217</ele>
        <time>2024-12-13T10:32:25Z</time>
      </trkpt>
      <trkpt lat="41.624824" lon="2.432584">
        <ele>430.809</ele>
        <time>2024-12-13T10:32:30Z</time>
      </trkpt>
      <trkpt lat="41.624817" lon="2.432543">
        <ele>430.569</ele>
        <time>2024-12-13T10:32:37Z</time>
      </trkpt>
      <trkpt lat="41.624809" lon="2.432500">
        <ele>430.327</ele>
        <time>2024-12-13T10:32:40Z</time>
      </trkpt>
      <trkpt lat="41.624795" lon="2.432426">
        <ele>429.834</ele>
        <time>2024-12-13T10:32:46Z</time>
      </trkpt>
      <trkpt lat="41.624803" lon="2.432354">
        <ele>429.676</ele>
        <time>2024-12-13T10:32:52Z</time>
      </trkpt>
      <trkpt lat="41.624805" lon="2.432307">
        <ele>429.511</ele>
        <time>2024-12-13T10:32:55Z</time>
      </trkpt>
      <trkpt lat="41.624812" lon="2.432266">
        <ele>429.554</ele>
        <time>2024-12-13T10:32:58Z</time>
      </trkpt>
      <trkpt lat="41.624824" lon="2.432225">
        <ele>429.568</ele>
        <time>2024-12-13T10:33:01Z</time>
      </trkpt>
      <trkpt lat="41.624833" lon="2.432183">
        <ele>429.472</ele>
        <time>2024-12-13T10:33:05Z</time>
      </trkpt>
      <trkpt lat="41.624845" lon="2.432142">
        <ele>429.425</ele>
        <time>2024-12-13T10:33:08Z</time>
      </trkpt>
      <trkpt lat="41.624859" lon="2.432076">
        <ele>429.246</ele>
        <time>2024-12-13T10:33:12Z</time>
      </trkpt>
      <trkpt lat="41.624867" lon="2.432032">
        <ele>429.088</ele>
        <time>2024-12-13T10:33:15Z</time>
      </trkpt>
      <trkpt lat="41.624872" lon="2.431996">
        <ele>428.916</ele>
        <time>2024-12-13T10:33:18Z</time>
      </trkpt>
      <trkpt lat="41.624882" lon="2.431955">
        <ele>428.809</ele>
        <time>2024-12-13T10:33:21Z</time>
      </trkpt>
      <trkpt lat="41.624894" lon="2.431921">
        <ele>428.875</ele>
        <time>2024-12-13T10:33:24Z</time>
      </trkpt>
      <trkpt lat="41.624907" lon="2.431886">
        <ele>428.983</ele>
        <time>2024-12-13T10:33:27Z</time>
      </trkpt>
      <trkpt lat="41.624922" lon="2.431849">
        <ele>428.930</ele>
        <time>2024-12-13T10:33:31Z</time>
      </trkpt>
      <trkpt lat="41.624940" lon="2.431811">
        <ele>429.022</ele>
        <time>2024-12-13T10:33:34Z</time>
      </trkpt>
      <trkpt lat="41.624953" lon="2.431778">
        <ele>429.037</ele>
        <time>2024-12-13T10:33:37Z</time>
      </trkpt>
      <trkpt lat="41.624983" lon="2.431716">
        <ele>429.020</ele>
        <time>2024-12-13T10:33:42Z</time>
      </trkpt>
      <trkpt lat="41.625005" lon="2.431689">
        <ele>429.064</ele>
        <time>2024-12-13T10:33:45Z</time>
      </trkpt>
      <trkpt lat="41.625028" lon="2.431659">
        <ele>428.628</ele>
        <time>2024-12-13T10:33:48Z</time>
      </trkpt>
      <trkpt lat="41.625054" lon="2.431630">
        <ele>428.381</ele>
        <time>2024-12-13T10:33:52Z</time>
      </trkpt>
      <trkpt lat="41.625081" lon="2.431606">
        <ele>428.042</ele>
        <time>2024-12-13T10:33:55Z</time>
      </trkpt>
      <trkpt lat="41.625101" lon="2.431581">
        <ele>427.822</ele>
        <time>2024-12-13T10:33:57Z</time>
      </trkpt>
      <trkpt lat="41.625121" lon="2.431555">
        <ele>427.614</ele>
        <time>2024-12-13T10:34:01Z</time>
      </trkpt>
      <trkpt lat="41.625147" lon="2.431526">
        <ele>427.409</ele>
        <time>2024-12-13T10:34:04Z</time>
      </trkpt>
      <trkpt lat="41.625171" lon="2.431501">
        <ele>427.335</ele>
        <time>2024-12-13T10:34:07Z</time>
      </trkpt>
      <trkpt lat="41.625194" lon="2.431477">
        <ele>427.243</ele>
        <time>2024-12-13T10:34:09Z</time>
      </trkpt>
      <trkpt lat="41.625215" lon="2.431450">
        <ele>427.190</ele>
        <time>2024-12-13T10:34:12Z</time>
      </trkpt>
      <trkpt lat="41.625236" lon="2.431422">
        <ele>427.152</ele>
        <time>2024-12-13T10:34:15Z</time>
      </trkpt>
      <trkpt lat="41.625259" lon="2.431389">
        <ele>427.117</ele>
        <time>2024-12-13T10:34:19Z</time>
      </trkpt>
      <trkpt lat="41.625296" lon="2.431348">
        <ele>426.850</ele>
        <time>2024-12-13T10:34:23Z</time>
      </trkpt>
      <trkpt lat="41.625334" lon="2.431300">
        <ele>426.454</ele>
        <time>2024-12-13T10:34:28Z</time>
      </trkpt>
      <trkpt lat="41.625364" lon="2.431252">
        <ele>426.288</ele>
        <time>2024-12-13T10:34:32Z</time>
      </trkpt>
      <trkpt lat="41.625383" lon="2.431224">
        <ele>426.111</ele>
        <time>2024-12-13T10:34:35Z</time>
      </trkpt>
      <trkpt lat="41.625402" lon="2.431192">
        <ele>426.137</ele>
        <time>2024-12-13T10:34:38Z</time>
      </trkpt>
      <trkpt lat="41.625430" lon="2.431159">
        <ele>426.049</ele>
        <time>2024-12-13T10:34:41Z</time>
      </trkpt>
      <trkpt lat="41.625462" lon="2.431104">
        <ele>426.013</ele>
        <time>2024-12-13T10:34:46Z</time>
      </trkpt>
      <trkpt lat="41.625481" lon="2.431068">
        <ele>425.809</ele>
        <time>2024-12-13T10:34:49Z</time>
      </trkpt>
      <trkpt lat="41.625495" lon="2.431030">
        <ele>425.684</ele>
        <time>2024-12-13T10:34:52Z</time>
      </trkpt>
      <trkpt lat="41.625504" lon="2.430995">
        <ele>425.512</ele>
        <time>2024-12-13T10:34:55Z</time>
      </trkpt>
      <trkpt lat="41.625512" lon="2.430952">
        <ele>425.429</ele>
        <time>2024-12-13T10:34:58Z</time>
      </trkpt>
      <trkpt lat="41.625516" lon="2.430910">
        <ele>425.311</ele>
        <time>2024-12-13T10:35:01Z</time>
      </trkpt>
      <trkpt lat="41.625513" lon="2.430869">
        <ele>425.346</ele>
        <time>2024-12-13T10:35:03Z</time>
      </trkpt>
      <trkpt lat="41.625513" lon="2.430826">
        <ele>425.319</ele>
        <time>2024-12-13T10:35:07Z</time>
      </trkpt>
      <trkpt lat="41.625509" lon="2.430790">
        <ele>425.343</ele>
        <time>2024-12-13T10:35:09Z</time>
      </trkpt>
      <trkpt lat="41.625510" lon="2.430748">
        <ele>425.237</ele>
        <time>2024-12-13T10:35:12Z</time>
      </trkpt>
      <trkpt lat="41.625518" lon="2.430683">
        <ele>425.110</ele>
        <time>2024-12-13T10:35:16Z</time>
      </trkpt>
      <trkpt lat="41.625523" lon="2.430618">
        <ele>425.128</ele>
        <time>2024-12-13T10:35:21Z</time>
      </trkpt>
      <trkpt lat="41.625536" lon="2.430553">
        <ele>425.089</ele>
        <time>2024-12-13T10:35:25Z</time>
      </trkpt>
      <trkpt lat="41.625546" lon="2.430513">
        <ele>425.117</ele>
        <time>2024-12-13T10:35:28Z</time>
      </trkpt>
      <trkpt lat="41.625557" lon="2.430470">
        <ele>425.309</ele>
        <time>2024-12-13T10:35:32Z</time>
      </trkpt>
      <trkpt lat="41.625570" lon="2.430433">
        <ele>425.313</ele>
        <time>2024-12-13T10:35:35Z</time>
      </trkpt>
      <trkpt lat="41.625582" lon="2.430394">
        <ele>425.371</ele>
        <time>2024-12-13T10:35:38Z</time>
      </trkpt>
      <trkpt lat="41.625601" lon="2.430357">
        <ele>425.348</ele>
        <time>2024-12-13T10:35:41Z</time>
      </trkpt>
      <trkpt lat="41.625620" lon="2.430319">
        <ele>425.390</ele>
        <time>2024-12-13T10:35:44Z</time>
      </trkpt>
      <trkpt lat="41.625641" lon="2.430279">
        <ele>425.445</ele>
        <time>2024-12-13T10:35:48Z</time>
      </trkpt>
      <trkpt lat="41.625656" lon="2.430239">
        <ele>425.568</ele>
        <time>2024-12-13T10:35:52Z</time>
      </trkpt>
      <trkpt lat="41.625681" lon="2.430183">
        <ele>425.622</ele>
        <time>2024-12-13T10:35:57Z</time>
      </trkpt>
      <trkpt lat="41.625694" lon="2.430146">
        <ele>425.796</ele>
        <time>2024-12-13T10:36:00Z</time>
      </trkpt>
      <trkpt lat="41.625707" lon="2.430107">
        <ele>425.939</ele>
        <time>2024-12-13T10:36:04Z</time>
      </trkpt>
      <trkpt lat="41.625716" lon="2.430065">
        <ele>426.161</ele>
        <time>2024-12-13T10:36:08Z</time>
      </trkpt>
      <trkpt lat="41.625721" lon="2.430025">
        <ele>426.321</ele>
        <time>2024-12-13T10:36:11Z</time>
      </trkpt>
      <trkpt lat="41.625721" lon="2.429981">
        <ele>426.413</ele>
        <time>2024-12-13T10:36:15Z</time>
      </trkpt>
      <trkpt lat="41.625719" lon="2.429944">
        <ele>426.309</ele>
        <time>2024-12-13T10:36:18Z</time>
      </trkpt>
      <trkpt lat="41.625718" lon="2.429900">
        <ele>426.367</ele>
        <time>2024-12-13T10:36:21Z</time>
      </trkpt>
      <trkpt lat="41.625713" lon="2.429856">
        <ele>426.275</ele>
        <time>2024-12-13T10:36:25Z</time>
      </trkpt>
      <trkpt lat="41.625711" lon="2.429819">
        <ele>426.252</ele>
        <time>2024-12-13T10:36:28Z</time>
      </trkpt>
      <trkpt lat="41.625711" lon="2.429776">
        <ele>426.184</ele>
        <time>2024-12-13T10:36:31Z</time>
      </trkpt>
      <trkpt lat="41.625713" lon="2.429734">
        <ele>426.059</ele>
        <time>2024-12-13T10:36:34Z</time>
      </trkpt>
      <trkpt lat="41.625715" lon="2.429692">
        <ele>425.972</ele>
        <time>2024-12-13T10:36:37Z</time>
      </trkpt>
      <trkpt lat="41.625722" lon="2.429650">
        <ele>425.736</ele>
        <time>2024-12-13T10:36:42Z</time>
      </trkpt>
      <trkpt lat="41.625734" lon="2.429609">
        <ele>425.650</ele>
        <time>2024-12-13T10:36:45Z</time>
      </trkpt>
      <trkpt lat="41.625745" lon="2.429571">
        <ele>425.523</ele>
        <time>2024-12-13T10:36:48Z</time>
      </trkpt>
      <trkpt lat="41.625758" lon="2.429528">
        <ele>425.375</ele>
        <time>2024-12-13T10:36:52Z</time>
      </trkpt>
      <trkpt lat="41.625774" lon="2.429487">
        <ele>425.228</ele>
        <time>2024-12-13T10:36:55Z</time>
      </trkpt>
      <trkpt lat="41.625785" lon="2.429453">
        <ele>425.020</ele>
        <time>2024-12-13T10:36:58Z</time>
      </trkpt>
      <trkpt lat="41.625803" lon="2.429380">
        <ele>424.909</ele>
        <time>2024-12-13T10:37:03Z</time>
      </trkpt>
      <trkpt lat="41.625814" lon="2.429345">
        <ele>425.088</ele>
        <time>2024-12-13T10:37:06Z</time>
      </trkpt>
      <trkpt lat="41.625825" lon="2.429309">
        <ele>425.056</ele>
        <time>2024-12-13T10:37:10Z</time>
      </trkpt>
      <trkpt lat="41.625840" lon="2.429255">
        <ele>424.943</ele>
        <time>2024-12-13T10:37:14Z</time>
      </trkpt>
      <trkpt lat="41.625856" lon="2.429188">
        <ele>424.875</ele>
        <time>2024-12-13T10:37:20Z</time>
      </trkpt>
      <trkpt lat="41.625873" lon="2.429150">
        <ele>424.720</ele>
        <time>2024-12-13T10:37:23Z</time>
      </trkpt>
      <trkpt lat="41.625882" lon="2.429112">
        <ele>424.733</ele>
        <time>2024-12-13T10:37:26Z</time>
      </trkpt>
      <trkpt lat="41.625895" lon="2.429072">
        <ele>424.717</ele>
        <time>2024-12-13T10:37:29Z</time>
      </trkpt>
      <trkpt lat="41.625905" lon="2.429032">
        <ele>424.761</ele>
        <time>2024-12-13T10:37:32Z</time>
      </trkpt>
      <trkpt lat="41.625918" lon="2.429000">
        <ele>424.824</ele>
        <time>2024-12-13T10:37:34Z</time>
      </trkpt>
      <trkpt lat="41.625931" lon="2.428935">
        <ele>424.966</ele>
        <time>2024-12-13T10:37:39Z</time>
      </trkpt>
      <trkpt lat="41.625950" lon="2.428891">
        <ele>425.029</ele>
        <time>2024-12-13T10:37:42Z</time>
      </trkpt>
      <trkpt lat="41.625973" lon="2.428849">
        <ele>425.121</ele>
        <time>2024-12-13T10:37:46Z</time>
      </trkpt>
      <trkpt lat="41.625994" lon="2.428816">
        <ele>425.209</ele>
        <time>2024-12-13T10:37:49Z</time>
      </trkpt>
      <trkpt lat="41.626016" lon="2.428785">
        <ele>425.217</ele>
        <time>2024-12-13T10:37:52Z</time>
      </trkpt>
      <trkpt lat="41.626053" lon="2.428734">
        <ele>425.455</ele>
        <time>2024-12-13T10:37:59Z</time>
      </trkpt>
      <trkpt lat="41.626076" lon="2.428699">
        <ele>425.622</ele>
        <time>2024-12-13T10:38:02Z</time>
      </trkpt>
      <trkpt lat="41.626103" lon="2.428667">
        <ele>425.884</ele>
        <time>2024-12-13T10:38:05Z</time>
      </trkpt>
      <trkpt lat="41.626144" lon="2.428623">
        <ele>425.899</ele>
        <time>2024-12-13T10:38:10Z</time>
      </trkpt>
      <trkpt lat="41.626165" lon="2.428598">
        <ele>425.832</ele>
        <time>2024-12-13T10:38:13Z</time>
      </trkpt>
      <trkpt lat="41.626185" lon="2.428573">
        <ele>425.616</ele>
        <time>2024-12-13T10:38:16Z</time>
      </trkpt>
      <trkpt lat="41.626211" lon="2.428549">
        <ele>425.590</ele>
        <time>2024-12-13T10:38:18Z</time>
      </trkpt>
      <trkpt lat="41.626236" lon="2.428521">
        <ele>425.493</ele>
        <time>2024-12-13T10:38:21Z</time>
      </trkpt>
      <trkpt lat="41.626266" lon="2.428488">
        <ele>425.244</ele>
        <time>2024-12-13T10:38:25Z</time>
      </trkpt>
      <trkpt lat="41.626288" lon="2.428463">
        <ele>425.205</ele>
        <time>2024-12-13T10:38:28Z</time>
      </trkpt>
      <trkpt lat="41.626313" lon="2.428431">
        <ele>425.115</ele>
        <time>2024-12-13T10:38:31Z</time>
      </trkpt>
      <trkpt lat="41.626336" lon="2.428399">
        <ele>425.009</ele>
        <time>2024-12-13T10:38:36Z</time>
      </trkpt>
      <trkpt lat="41.626354" lon="2.428362">
        <ele>425.065</ele>
        <time>2024-12-13T10:38:39Z</time>
      </trkpt>
      <trkpt lat="41.626371" lon="2.428333">
        <ele>425.073</ele>
        <time>2024-12-13T10:38:42Z</time>
      </trkpt>
      <trkpt lat="41.626399" lon="2.428279">
        <ele>424.410</ele>
        <time>2024-12-13T10:38:46Z</time>
      </trkpt>
      <trkpt lat="41.626421" lon="2.428243">
        <ele>423.982</ele>
        <time>2024-12-13T10:38:50Z</time>
      </trkpt>
      <trkpt lat="41.626441" lon="2.428212">
        <ele>423.417</ele>
        <time>2024-12-13T10:38:52Z</time>
      </trkpt>
      <trkpt lat="41.626468" lon="2.428155">
        <ele>422.830</ele>
        <time>2024-12-13T10:38:57Z</time>
      </trkpt>
      <trkpt lat="41.626491" lon="2.428122">
        <ele>422.534</ele>
        <time>2024-12-13T10:39:00Z</time>
      </trkpt>
      <trkpt lat="41.626514" lon="2.428092">
        <ele>422.288</ele>
        <time>2024-12-13T10:39:03Z</time>
      </trkpt>
      <trkpt lat="41.626545" lon="2.428062">
        <ele>421.981</ele>
        <time>2024-12-13T10:39:07Z</time>
      </trkpt>
      <trkpt lat="41.626574" lon="2.428028">
        <ele>421.646</ele>
        <time>2024-12-13T10:39:10Z</time>
      </trkpt>
      <trkpt lat="41.626600" lon="2.427997">
        <ele>421.388</ele>
        <time>2024-12-13T10:39:13Z</time>
      </trkpt>
      <trkpt lat="41.626623" lon="2.427970">
        <ele>421.216</ele>
        <time>2024-12-13T10:39:16Z</time>
      </trkpt>
      <trkpt lat="41.626645" lon="2.427949">
        <ele>421.109</ele>
        <time>2024-12-13T10:39:19Z</time>
      </trkpt>
      <trkpt lat="41.626669" lon="2.427920">
        <ele>421.025</ele>
        <time>2024-12-13T10:39:22Z</time>
      </trkpt>
      <trkpt lat="41.626698" lon="2.427900">
        <ele>420.773</ele>
        <time>2024-12-13T10:39:25Z</time>
      </trkpt>
      <trkpt lat="41.626726" lon="2.427866">
        <ele>420.410</ele>
        <time>2024-12-13T10:39:29Z</time>
      </trkpt>
      <trkpt lat="41.626752" lon="2.427834">
        <ele>420.332</ele>
        <time>2024-12-13T10:39:32Z</time>
      </trkpt>
      <trkpt lat="41.626772" lon="2.427804">
        <ele>420.277</ele>
        <time>2024-12-13T10:39:35Z</time>
      </trkpt>
      <trkpt lat="41.626787" lon="2.427774">
        <ele>420.130</ele>
        <time>2024-12-13T10:39:38Z</time>
      </trkpt>
      <trkpt lat="41.626806" lon="2.427742">
        <ele>419.764</ele>
        <time>2024-12-13T10:39:41Z</time>
      </trkpt>
      <trkpt lat="41.626819" lon="2.427701">
        <ele>419.418</ele>
        <time>2024-12-13T10:39:46Z</time>
      </trkpt>
      <trkpt lat="41.626841" lon="2.427643">
        <ele>419.041</ele>
        <time>2024-12-13T10:39:50Z</time>
      </trkpt>
      <trkpt lat="41.626855" lon="2.427607">
        <ele>418.939</ele>
        <time>2024-12-13T10:39:53Z</time>
      </trkpt>
      <trkpt lat="41.626869" lon="2.427572">
        <ele>418.701</ele>
        <time>2024-12-13T10:39:57Z</time>
      </trkpt>
      <trkpt lat="41.626882" lon="2.427535">
        <ele>418.721</ele>
        <time>2024-12-13T10:40:00Z</time>
      </trkpt>
      <trkpt lat="41.626906" lon="2.427479">
        <ele>418.409</ele>
        <time>2024-12-13T10:40:05Z</time>
      </trkpt>
      <trkpt lat="41.626932" lon="2.427415">
        <ele>417.784</ele>
        <time>2024-12-13T10:40:10Z</time>
      </trkpt>
      <trkpt lat="41.626953" lon="2.427383">
        <ele>417.292</ele>
        <time>2024-12-13T10:40:13Z</time>
      </trkpt>
      <trkpt lat="41.626974" lon="2.427350">
        <ele>416.669</ele>
        <time>2024-12-13T10:40:16Z</time>
      </trkpt>
      <trkpt lat="41.626996" lon="2.427318">
        <ele>416.171</ele>
        <time>2024-12-13T10:40:19Z</time>
      </trkpt>
      <trkpt lat="41.627014" lon="2.427282">
        <ele>415.616</ele>
        <time>2024-12-13T10:40:22Z</time>
      </trkpt>
      <trkpt lat="41.627035" lon="2.427249">
        <ele>415.249</ele>
        <time>2024-12-13T10:40:25Z</time>
      </trkpt>
      <trkpt lat="41.627055" lon="2.427218">
        <ele>415.083</ele>
        <time>2024-12-13T10:40:28Z</time>
      </trkpt>
      <trkpt lat="41.627077" lon="2.427186">
        <ele>414.887</ele>
        <time>2024-12-13T10:40:31Z</time>
      </trkpt>
      <trkpt lat="41.627105" lon="2.427161">
        <ele>414.710</ele>
        <time>2024-12-13T10:40:34Z</time>
      </trkpt>
      <trkpt lat="41.627132" lon="2.427136">
        <ele>414.742</ele>
        <time>2024-12-13T10:40:37Z</time>
      </trkpt>
      <trkpt lat="41.627160" lon="2.427110">
        <ele>414.722</ele>
        <time>2024-12-13T10:40:41Z</time>
      </trkpt>
      <trkpt lat="41.627186" lon="2.427082">
        <ele>414.814</ele>
        <time>2024-12-13T10:40:44Z</time>
      </trkpt>
      <trkpt lat="41.627205" lon="2.427055">
        <ele>414.909</ele>
        <time>2024-12-13T10:40:47Z</time>
      </trkpt>
      <trkpt lat="41.627225" lon="2.427025">
        <ele>415.095</ele>
        <time>2024-12-13T10:40:50Z</time>
      </trkpt>
      <trkpt lat="41.627252" lon="2.426990">
        <ele>414.753</ele>
        <time>2024-12-13T10:40:54Z</time>
      </trkpt>
      <trkpt lat="41.627268" lon="2.426948">
        <ele>414.720</ele>
        <time>2024-12-13T10:40:57Z</time>
      </trkpt>
      <trkpt lat="41.627283" lon="2.426911">
        <ele>414.642</ele>
        <time>2024-12-13T10:41:00Z</time>
      </trkpt>
      <trkpt lat="41.627301" lon="2.426881">
        <ele>414.617</ele>
        <time>2024-12-13T10:41:03Z</time>
      </trkpt>
      <trkpt lat="41.627321" lon="2.426842">
        <ele>414.710</ele>
        <time>2024-12-13T10:41:06Z</time>
      </trkpt>
      <trkpt lat="41.627334" lon="2.426808">
        <ele>414.864</ele>
        <time>2024-12-13T10:41:09Z</time>
      </trkpt>
      <trkpt lat="41.627342" lon="2.426767">
        <ele>415.048</ele>
        <time>2024-12-13T10:41:12Z</time>
      </trkpt>
      <trkpt lat="41.627346" lon="2.426730">
        <ele>415.171</ele>
        <time>2024-12-13T10:41:15Z</time>
      </trkpt>
      <trkpt lat="41.627348" lon="2.426687">
        <ele>415.468</ele>
        <time>2024-12-13T10:41:18Z</time>
      </trkpt>
      <trkpt lat="41.627348" lon="2.426645">
        <ele>415.342</ele>
        <time>2024-12-13T10:41:21Z</time>
      </trkpt>
      <trkpt lat="41.627340" lon="2.426602">
        <ele>415.126</ele>
        <time>2024-12-13T10:41:24Z</time>
      </trkpt>
      <trkpt lat="41.627327" lon="2.426563">
        <ele>414.809</ele>
        <time>2024-12-13T10:41:27Z</time>
      </trkpt>
      <trkpt lat="41.627313" lon="2.426524">
        <ele>414.587</ele>
        <time>2024-12-13T10:41:30Z</time>
      </trkpt>
      <trkpt lat="41.627296" lon="2.426491">
        <ele>414.245</ele>
        <time>2024-12-13T10:41:33Z</time>
      </trkpt>
      <trkpt lat="41.627281" lon="2.426456">
        <ele>413.992</ele>
        <time>2024-12-13T10:41:36Z</time>
      </trkpt>
      <trkpt lat="41.627267" lon="2.426419">
        <ele>413.514</ele>
        <time>2024-12-13T10:41:39Z</time>
      </trkpt>
      <trkpt lat="41.627249" lon="2.426381">
        <ele>413.169</ele>
        <time>2024-12-13T10:41:42Z</time>
      </trkpt>
      <trkpt lat="41.627233" lon="2.426344">
        <ele>412.782</ele>
        <time>2024-12-13T10:41:45Z</time>
      </trkpt>
      <trkpt lat="41.627217" lon="2.426309">
        <ele>412.386</ele>
        <time>2024-12-13T10:41:48Z</time>
      </trkpt>
      <trkpt lat="41.627212" lon="2.426272">
        <ele>412.020</ele>
        <time>2024-12-13T10:41:51Z</time>
      </trkpt>
      <trkpt lat="41.627212" lon="2.426232">
        <ele>411.793</ele>
        <time>2024-12-13T10:41:53Z</time>
      </trkpt>
      <trkpt lat="41.627215" lon="2.426192">
        <ele>411.524</ele>
        <time>2024-12-13T10:41:56Z</time>
      </trkpt>
      <trkpt lat="41.627221" lon="2.426154">
        <ele>411.304</ele>
        <time>2024-12-13T10:42:00Z</time>
      </trkpt>
      <trkpt lat="41.627246" lon="2.426094">
        <ele>410.814</ele>
        <time>2024-12-13T10:42:08Z</time>
      </trkpt>
      <trkpt lat="41.627260" lon="2.426058">
        <ele>410.409</ele>
        <time>2024-12-13T10:42:10Z</time>
      </trkpt>
      <trkpt lat="41.627273" lon="2.426025">
        <ele>410.033</ele>
        <time>2024-12-13T10:42:13Z</time>
      </trkpt>
      <trkpt lat="41.627290" lon="2.425991">
        <ele>409.661</ele>
        <time>2024-12-13T10:42:16Z</time>
      </trkpt>
      <trkpt lat="41.627311" lon="2.425925">
        <ele>408.868</ele>
        <time>2024-12-13T10:42:22Z</time>
      </trkpt>
      <trkpt lat="41.627324" lon="2.425883">
        <ele>408.250</ele>
        <time>2024-12-13T10:42:26Z</time>
      </trkpt>
      <trkpt lat="41.627337" lon="2.425847">
        <ele>407.835</ele>
        <time>2024-12-13T10:42:28Z</time>
      </trkpt>
      <trkpt lat="41.627351" lon="2.425811">
        <ele>407.568</ele>
        <time>2024-12-13T10:42:31Z</time>
      </trkpt>
      <trkpt lat="41.627371" lon="2.425774">
        <ele>407.392</ele>
        <time>2024-12-13T10:42:35Z</time>
      </trkpt>
      <trkpt lat="41.627392" lon="2.425738">
        <ele>407.126</ele>
        <time>2024-12-13T10:42:38Z</time>
      </trkpt>
      <trkpt lat="41.627405" lon="2.425701">
        <ele>407.059</ele>
        <time>2024-12-13T10:42:42Z</time>
      </trkpt>
      <trkpt lat="41.627434" lon="2.425637">
        <ele>406.962</ele>
        <time>2024-12-13T10:42:47Z</time>
      </trkpt>
      <trkpt lat="41.627442" lon="2.425598">
        <ele>406.983</ele>
        <time>2024-12-13T10:42:49Z</time>
      </trkpt>
      <trkpt lat="41.627452" lon="2.425558">
        <ele>406.811</ele>
        <time>2024-12-13T10:42:52Z</time>
      </trkpt>
      <trkpt lat="41.627452" lon="2.425483">
        <ele>407.309</ele>
        <time>2024-12-13T10:42:57Z</time>
      </trkpt>
      <trkpt lat="41.627417" lon="2.425475">
        <ele>407.187</ele>
        <time>2024-12-13T10:43:35Z</time>
      </trkpt>
      <trkpt lat="41.627369" lon="2.425466">
        <ele>406.915</ele>
        <time>2024-12-13T10:43:42Z</time>
      </trkpt>
      <trkpt lat="41.627367" lon="2.425393">
        <ele>407.132</ele>
        <time>2024-12-13T10:43:47Z</time>
      </trkpt>
      <trkpt lat="41.627358" lon="2.425355">
        <ele>407.214</ele>
        <time>2024-12-13T10:43:50Z</time>
      </trkpt>
      <trkpt lat="41.627351" lon="2.425320">
        <ele>407.319</ele>
        <time>2024-12-13T10:43:52Z</time>
      </trkpt>
      <trkpt lat="41.627339" lon="2.425284">
        <ele>407.282</ele>
        <time>2024-12-13T10:43:55Z</time>
      </trkpt>
      <trkpt lat="41.627323" lon="2.425248">
        <ele>407.296</ele>
        <time>2024-12-13T10:43:58Z</time>
      </trkpt>
      <trkpt lat="41.627308" lon="2.425211">
        <ele>407.260</ele>
        <time>2024-12-13T10:44:01Z</time>
      </trkpt>
      <trkpt lat="41.627289" lon="2.425177">
        <ele>407.263</ele>
        <time>2024-12-13T10:44:04Z</time>
      </trkpt>
      <trkpt lat="41.627268" lon="2.425115">
        <ele>407.217</ele>
        <time>2024-12-13T10:44:09Z</time>
      </trkpt>
      <trkpt lat="41.627257" lon="2.425081">
        <ele>407.287</ele>
        <time>2024-12-13T10:44:12Z</time>
      </trkpt>
      <trkpt lat="41.627247" lon="2.425047">
        <ele>407.215</ele>
        <time>2024-12-13T10:44:14Z</time>
      </trkpt>
      <trkpt lat="41.627239" lon="2.425012">
        <ele>407.209</ele>
        <time>2024-12-13T10:44:17Z</time>
      </trkpt>
      <trkpt lat="41.627227" lon="2.424975">
        <ele>407.262</ele>
        <time>2024-12-13T10:44:19Z</time>
      </trkpt>
      <trkpt lat="41.627214" lon="2.424938">
        <ele>407.080</ele>
        <time>2024-12-13T10:44:22Z</time>
      </trkpt>
      <trkpt lat="41.627202" lon="2.424899">
        <ele>406.947</ele>
        <time>2024-12-13T10:44:25Z</time>
      </trkpt>
      <trkpt lat="41.627195" lon="2.424859">
        <ele>406.919</ele>
        <time>2024-12-13T10:44:28Z</time>
      </trkpt>
      <trkpt lat="41.627183" lon="2.424822">
        <ele>406.864</ele>
        <time>2024-12-13T10:44:32Z</time>
      </trkpt>
      <trkpt lat="41.627165" lon="2.424752">
        <ele>406.777</ele>
        <time>2024-12-13T10:44:37Z</time>
      </trkpt>
      <trkpt lat="41.627156" lon="2.424713">
        <ele>406.521</ele>
        <time>2024-12-13T10:44:41Z</time>
      </trkpt>
      <trkpt lat="41.627145" lon="2.424675">
        <ele>406.265</ele>
        <time>2024-12-13T10:44:43Z</time>
      </trkpt>
      <trkpt lat="41.627136" lon="2.424631">
        <ele>405.928</ele>
        <time>2024-12-13T10:44:46Z</time>
      </trkpt>
      <trkpt lat="41.627123" lon="2.424592">
        <ele>405.631</ele>
        <time>2024-12-13T10:44:49Z</time>
      </trkpt>
      <trkpt lat="41.627109" lon="2.424561">
        <ele>405.261</ele>
        <time>2024-12-13T10:44:53Z</time>
      </trkpt>
      <trkpt lat="41.627096" lon="2.424528">
        <ele>404.907</ele>
        <time>2024-12-13T10:44:55Z</time>
      </trkpt>
      <trkpt lat="41.627083" lon="2.424493">
        <ele>404.609</ele>
        <time>2024-12-13T10:44:58Z</time>
      </trkpt>
      <trkpt lat="41.627071" lon="2.424456">
        <ele>404.324</ele>
        <time>2024-12-13T10:45:01Z</time>
      </trkpt>
      <trkpt lat="41.627063" lon="2.424417">
        <ele>404.062</ele>
        <time>2024-12-13T10:45:04Z</time>
      </trkpt>
      <trkpt lat="41.627050" lon="2.424379">
        <ele>403.779</ele>
        <time>2024-12-13T10:45:06Z</time>
      </trkpt>
      <trkpt lat="41.627032" lon="2.424314">
        <ele>403.181</ele>
        <time>2024-12-13T10:45:11Z</time>
      </trkpt>
      <trkpt lat="41.627005" lon="2.424249">
        <ele>402.466</ele>
        <time>2024-12-13T10:45:16Z</time>
      </trkpt>
      <trkpt lat="41.626979" lon="2.424183">
        <ele>401.759</ele>
        <time>2024-12-13T10:45:21Z</time>
      </trkpt>
      <trkpt lat="41.626965" lon="2.424151">
        <ele>401.433</ele>
        <time>2024-12-13T10:45:23Z</time>
      </trkpt>
      <trkpt lat="41.626948" lon="2.424119">
        <ele>401.127</ele>
        <time>2024-12-13T10:45:26Z</time>
      </trkpt>
      <trkpt lat="41.626941" lon="2.424081">
        <ele>400.930</ele>
        <time>2024-12-13T10:45:29Z</time>
      </trkpt>
      <trkpt lat="41.626932" lon="2.424041">
        <ele>400.894</ele>
        <time>2024-12-13T10:45:32Z</time>
      </trkpt>
      <trkpt lat="41.626905" lon="2.423968">
        <ele>400.357</ele>
        <time>2024-12-13T10:45:37Z</time>
      </trkpt>
      <trkpt lat="41.626894" lon="2.423926">
        <ele>400.122</ele>
        <time>2024-12-13T10:45:40Z</time>
      </trkpt>
      <trkpt lat="41.626880" lon="2.423886">
        <ele>399.909</ele>
        <time>2024-12-13T10:45:43Z</time>
      </trkpt>
      <trkpt lat="41.626872" lon="2.423849">
        <ele>400.010</ele>
        <time>2024-12-13T10:45:46Z</time>
      </trkpt>
      <trkpt lat="41.626867" lon="2.423808">
        <ele>400.218</ele>
        <time>2024-12-13T10:45:49Z</time>
      </trkpt>
      <trkpt lat="41.626849" lon="2.423737">
        <ele>400.455</ele>
        <time>2024-12-13T10:45:54Z</time>
      </trkpt>
      <trkpt lat="41.626843" lon="2.423697">
        <ele>400.687</ele>
        <time>2024-12-13T10:45:57Z</time>
      </trkpt>
      <trkpt lat="41.626840" lon="2.423659">
        <ele>400.872</ele>
        <time>2024-12-13T10:46:00Z</time>
      </trkpt>
      <trkpt lat="41.626836" lon="2.423619">
        <ele>401.065</ele>
        <time>2024-12-13T10:46:02Z</time>
      </trkpt>
      <trkpt lat="41.626823" lon="2.423585">
        <ele>401.019</ele>
        <time>2024-12-13T10:46:05Z</time>
      </trkpt>
      <trkpt lat="41.626808" lon="2.423546">
        <ele>401.163</ele>
        <time>2024-12-13T10:46:08Z</time>
      </trkpt>
      <trkpt lat="41.626799" lon="2.423503">
        <ele>401.496</ele>
        <time>2024-12-13T10:46:11Z</time>
      </trkpt>
      <trkpt lat="41.626783" lon="2.423467">
        <ele>401.484</ele>
        <time>2024-12-13T10:46:14Z</time>
      </trkpt>
      <trkpt lat="41.626762" lon="2.423435">
        <ele>401.407</ele>
        <time>2024-12-13T10:46:17Z</time>
      </trkpt>
      <trkpt lat="41.626751" lon="2.423397">
        <ele>401.617</ele>
        <time>2024-12-13T10:46:19Z</time>
      </trkpt>
      <trkpt lat="41.626741" lon="2.423357">
        <ele>401.809</ele>
        <time>2024-12-13T10:46:22Z</time>
      </trkpt>
      <trkpt lat="41.626733" lon="2.423317">
        <ele>402.149</ele>
        <time>2024-12-13T10:46:25Z</time>
      </trkpt>
      <trkpt lat="41.626714" lon="2.423253">
        <ele>402.367</ele>
        <time>2024-12-13T10:46:30Z</time>
      </trkpt>
      <trkpt lat="41.626712" lon="2.423207">
        <ele>402.694</ele>
        <time>2024-12-13T10:46:33Z</time>
      </trkpt>
      <trkpt lat="41.626694" lon="2.423168">
        <ele>402.636</ele>
        <time>2024-12-13T10:46:36Z</time>
      </trkpt>
      <trkpt lat="41.626671" lon="2.423134">
        <ele>402.551</ele>
        <time>2024-12-13T10:46:39Z</time>
      </trkpt>
      <trkpt lat="41.626656" lon="2.423097">
        <ele>402.424</ele>
        <time>2024-12-13T10:46:42Z</time>
      </trkpt>
      <trkpt lat="41.626645" lon="2.423057">
        <ele>402.488</ele>
        <time>2024-12-13T10:46:45Z</time>
      </trkpt>
      <trkpt lat="41.626628" lon="2.423020">
        <ele>402.122</ele>
        <time>2024-12-13T10:46:48Z</time>
      </trkpt>
      <trkpt lat="41.626597" lon="2.422960">
        <ele>401.735</ele>
        <time>2024-12-13T10:46:53Z</time>
      </trkpt>
      <trkpt lat="41.626580" lon="2.422924">
        <ele>401.561</ele>
        <time>2024-12-13T10:46:56Z</time>
      </trkpt>
      <trkpt lat="41.626558" lon="2.422895">
        <ele>401.021</ele>
        <time>2024-12-13T10:46:59Z</time>
      </trkpt>
      <trkpt lat="41.626539" lon="2.422865">
        <ele>400.713</ele>
        <time>2024-12-13T10:47:02Z</time>
      </trkpt>
      <trkpt lat="41.626523" lon="2.422827">
        <ele>400.509</ele>
        <time>2024-12-13T10:47:04Z</time>
      </trkpt>
      <trkpt lat="41.626502" lon="2.422795">
        <ele>400.117</ele>
        <time>2024-12-13T10:47:07Z</time>
      </trkpt>
      <trkpt lat="41.626482" lon="2.422766">
        <ele>399.895</ele>
        <time>2024-12-13T10:47:10Z</time>
      </trkpt>
      <trkpt lat="41.626465" lon="2.422738">
        <ele>399.422</ele>
        <time>2024-12-13T10:47:13Z</time>
      </trkpt>
      <trkpt lat="41.626453" lon="2.422704">
        <ele>399.384</ele>
        <time>2024-12-13T10:47:15Z</time>
      </trkpt>
      <trkpt lat="41.626445" lon="2.422667">
        <ele>399.349</ele>
        <time>2024-12-13T10:47:18Z</time>
      </trkpt>
      <trkpt lat="41.626434" lon="2.422626">
        <ele>399.372</ele>
        <time>2024-12-13T10:47:21Z</time>
      </trkpt>
      <trkpt lat="41.626423" lon="2.422581">
        <ele>399.386</ele>
        <time>2024-12-13T10:47:24Z</time>
      </trkpt>
      <trkpt lat="41.626412" lon="2.422507">
        <ele>399.550</ele>
        <time>2024-12-13T10:47:29Z</time>
      </trkpt>
      <trkpt lat="41.626405" lon="2.422467">
        <ele>399.463</ele>
        <time>2024-12-13T10:47:32Z</time>
      </trkpt>
      <trkpt lat="41.626399" lon="2.422427">
        <ele>399.321</ele>
        <time>2024-12-13T10:47:34Z</time>
      </trkpt>
      <trkpt lat="41.626392" lon="2.422382">
        <ele>399.141</ele>
        <time>2024-12-13T10:47:38Z</time>
      </trkpt>
      <trkpt lat="41.626392" lon="2.422341">
        <ele>399.105</ele>
        <time>2024-12-13T10:47:41Z</time>
      </trkpt>
      <trkpt lat="41.626388" lon="2.422298">
        <ele>399.009</ele>
        <time>2024-12-13T10:47:44Z</time>
      </trkpt>
      <trkpt lat="41.626380" lon="2.422261">
        <ele>398.793</ele>
        <time>2024-12-13T10:47:47Z</time>
      </trkpt>
      <trkpt lat="41.626378" lon="2.422192">
        <ele>398.541</ele>
        <time>2024-12-13T10:47:52Z</time>
      </trkpt>
      <trkpt lat="41.626388" lon="2.422150">
        <ele>398.758</ele>
        <time>2024-12-13T10:47:55Z</time>
      </trkpt>
      <trkpt lat="41.626387" lon="2.422109">
        <ele>398.550</ele>
        <time>2024-12-13T10:47:57Z</time>
      </trkpt>
      <trkpt lat="41.626384" lon="2.422068">
        <ele>398.355</ele>
        <time>2024-12-13T10:48:00Z</time>
      </trkpt>
      <trkpt lat="41.626376" lon="2.422028">
        <ele>397.958</ele>
        <time>2024-12-13T10:48:03Z</time>
      </trkpt>
      <trkpt lat="41.626374" lon="2.421989">
        <ele>397.612</ele>
        <time>2024-12-13T10:48:05Z</time>
      </trkpt>
      <trkpt lat="41.626369" lon="2.421949">
        <ele>397.356</ele>
        <time>2024-12-13T10:48:09Z</time>
      </trkpt>
      <trkpt lat="41.626370" lon="2.421886">
        <ele>397.119</ele>
        <time>2024-12-13T10:48:13Z</time>
      </trkpt>
      <trkpt lat="41.626368" lon="2.421808">
        <ele>396.711</ele>
        <time>2024-12-13T10:48:18Z</time>
      </trkpt>
      <trkpt lat="41.626357" lon="2.421762">
        <ele>396.121</ele>
        <time>2024-12-13T10:48:21Z</time>
      </trkpt>
      <trkpt lat="41.626354" lon="2.421725">
        <ele>395.903</ele>
        <time>2024-12-13T10:48:24Z</time>
      </trkpt>
      <trkpt lat="41.626347" lon="2.421657">
        <ele>395.309</ele>
        <time>2024-12-13T10:48:28Z</time>
      </trkpt>
      <trkpt lat="41.626346" lon="2.421617">
        <ele>395.142</ele>
        <time>2024-12-13T10:48:31Z</time>
      </trkpt>
      <trkpt lat="41.626355" lon="2.421578">
        <ele>395.350</ele>
        <time>2024-12-13T10:48:34Z</time>
      </trkpt>
      <trkpt lat="41.626348" lon="2.421540">
        <ele>394.937</ele>
        <time>2024-12-13T10:48:37Z</time>
      </trkpt>
      <trkpt lat="41.626341" lon="2.421504">
        <ele>394.469</ele>
        <time>2024-12-13T10:48:39Z</time>
      </trkpt>
      <trkpt lat="41.626331" lon="2.421467">
        <ele>393.814</ele>
        <time>2024-12-13T10:48:42Z</time>
      </trkpt>
      <trkpt lat="41.626321" lon="2.421426">
        <ele>393.237</ele>
        <time>2024-12-13T10:48:45Z</time>
      </trkpt>
      <trkpt lat="41.626315" lon="2.421388">
        <ele>392.841</ele>
        <time>2024-12-13T10:48:48Z</time>
      </trkpt>
      <trkpt lat="41.626309" lon="2.421352">
        <ele>392.475</ele>
        <time>2024-12-13T10:48:50Z</time>
      </trkpt>
      <trkpt lat="41.626295" lon="2.421284">
        <ele>391.698</ele>
        <time>2024-12-13T10:48:55Z</time>
      </trkpt>
      <trkpt lat="41.626295" lon="2.421219">
        <ele>391.397</ele>
        <time>2024-12-13T10:48:59Z</time>
      </trkpt>
      <trkpt lat="41.626283" lon="2.421157">
        <ele>390.623</ele>
        <time>2024-12-13T10:49:03Z</time>
      </trkpt>
      <trkpt lat="41.626281" lon="2.421114">
        <ele>390.425</ele>
        <time>2024-12-13T10:49:06Z</time>
      </trkpt>
      <trkpt lat="41.626275" lon="2.421075">
        <ele>389.909</ele>
        <time>2024-12-13T10:49:09Z</time>
      </trkpt>
      <trkpt lat="41.626270" lon="2.421033">
        <ele>389.450</ele>
        <time>2024-12-13T10:49:12Z</time>
      </trkpt>
      <trkpt lat="41.626267" lon="2.420997">
        <ele>389.028</ele>
        <time>2024-12-13T10:49:15Z</time>
      </trkpt>
      <trkpt lat="41.626265" lon="2.420959">
        <ele>388.735</ele>
        <time>2024-12-13T10:49:17Z</time>
      </trkpt>
      <trkpt lat="41.626266" lon="2.420921">
        <ele>388.577</ele>
        <time>2024-12-13T10:49:20Z</time>
      </trkpt>
      <trkpt lat="41.626269" lon="2.420875">
        <ele>388.442</ele>
        <time>2024-12-13T10:49:23Z</time>
      </trkpt>
      <trkpt lat="41.626274" lon="2.420839">
        <ele>388.375</ele>
        <time>2024-12-13T10:49:26Z</time>
      </trkpt>
      <trkpt lat="41.626286" lon="2.420776">
        <ele>388.279</ele>
        <time>2024-12-13T10:49:30Z</time>
      </trkpt>
      <trkpt lat="41.626291" lon="2.420734">
        <ele>388.023</ele>
        <time>2024-12-13T10:49:33Z</time>
      </trkpt>
      <trkpt lat="41.626298" lon="2.420674">
        <ele>387.716</ele>
        <time>2024-12-13T10:49:37Z</time>
      </trkpt>
      <trkpt lat="41.626317" lon="2.420618">
        <ele>387.741</ele>
        <time>2024-12-13T10:49:42Z</time>
      </trkpt>
      <trkpt lat="41.626330" lon="2.420581">
        <ele>387.881</ele>
        <time>2024-12-13T10:49:45Z</time>
      </trkpt>
      <trkpt lat="41.626341" lon="2.420544">
        <ele>387.609</ele>
        <time>2024-12-13T10:49:49Z</time>
      </trkpt>
      <trkpt lat="41.626353" lon="2.420507">
        <ele>387.409</ele>
        <time>2024-12-13T10:49:52Z</time>
      </trkpt>
      <trkpt lat="41.626367" lon="2.420474">
        <ele>387.345</ele>
        <time>2024-12-13T10:49:54Z</time>
      </trkpt>
      <trkpt lat="41.626383" lon="2.420438">
        <ele>387.213</ele>
        <time>2024-12-13T10:49:57Z</time>
      </trkpt>
      <trkpt lat="41.626403" lon="2.420405">
        <ele>386.830</ele>
        <time>2024-12-13T10:50:00Z</time>
      </trkpt>
      <trkpt lat="41.626430" lon="2.420402">
        <ele>386.642</ele>
        <time>2024-12-13T10:50:03Z</time>
      </trkpt>
      <trkpt lat="41.626460" lon="2.420407">
        <ele>386.677</ele>
        <time>2024-12-13T10:50:06Z</time>
      </trkpt>
      <trkpt lat="41.626491" lon="2.420417">
        <ele>386.660</ele>
        <time>2024-12-13T10:50:09Z</time>
      </trkpt>
      <trkpt lat="41.626521" lon="2.420429">
        <ele>386.714</ele>
        <time>2024-12-13T10:50:11Z</time>
      </trkpt>
      <trkpt lat="41.626570" lon="2.420435">
        <ele>386.748</ele>
        <time>2024-12-13T10:50:16Z</time>
      </trkpt>
      <trkpt lat="41.626601" lon="2.420454">
        <ele>387.041</ele>
        <time>2024-12-13T10:50:19Z</time>
      </trkpt>
      <trkpt lat="41.626626" lon="2.420469">
        <ele>387.218</ele>
        <time>2024-12-13T10:50:22Z</time>
      </trkpt>
      <trkpt lat="41.626655" lon="2.420484">
        <ele>387.598</ele>
        <time>2024-12-13T10:50:25Z</time>
      </trkpt>
      <trkpt lat="41.626687" lon="2.420498">
        <ele>387.717</ele>
        <time>2024-12-13T10:50:28Z</time>
      </trkpt>
      <trkpt lat="41.626713" lon="2.420510">
        <ele>388.009</ele>
        <time>2024-12-13T10:50:31Z</time>
      </trkpt>
      <trkpt lat="41.626740" lon="2.420525">
        <ele>388.392</ele>
        <time>2024-12-13T10:50:34Z</time>
      </trkpt>
      <trkpt lat="41.626767" lon="2.420533">
        <ele>388.530</ele>
        <time>2024-12-13T10:50:37Z</time>
      </trkpt>
      <trkpt lat="41.626798" lon="2.420540">
        <ele>388.697</ele>
        <time>2024-12-13T10:50:40Z</time>
      </trkpt>
      <trkpt lat="41.626829" lon="2.420544">
        <ele>388.729</ele>
        <time>2024-12-13T10:50:43Z</time>
      </trkpt>
      <trkpt lat="41.626857" lon="2.420547">
        <ele>388.864</ele>
        <time>2024-12-13T10:50:45Z</time>
      </trkpt>
      <trkpt lat="41.626885" lon="2.420547">
        <ele>388.817</ele>
        <time>2024-12-13T10:50:48Z</time>
      </trkpt>
      <trkpt lat="41.626920" lon="2.420544">
        <ele>388.791</ele>
        <time>2024-12-13T10:50:51Z</time>
      </trkpt>
      <trkpt lat="41.626966" lon="2.420530">
        <ele>388.525</ele>
        <time>2024-12-13T10:50:55Z</time>
      </trkpt>
      <trkpt lat="41.627017" lon="2.420531">
        <ele>388.928</ele>
        <time>2024-12-13T10:51:00Z</time>
      </trkpt>
      <trkpt lat="41.627049" lon="2.420533">
        <ele>389.246</ele>
        <time>2024-12-13T10:51:03Z</time>
      </trkpt>
      <trkpt lat="41.627077" lon="2.420537">
        <ele>389.588</ele>
        <time>2024-12-13T10:51:07Z</time>
      </trkpt>
      <trkpt lat="41.627107" lon="2.420535">
        <ele>389.616</ele>
        <time>2024-12-13T10:51:09Z</time>
      </trkpt>
      <trkpt lat="41.627134" lon="2.420534">
        <ele>389.809</ele>
        <time>2024-12-13T10:51:13Z</time>
      </trkpt>
      <trkpt lat="41.627161" lon="2.420531">
        <ele>389.945</ele>
        <time>2024-12-13T10:51:15Z</time>
      </trkpt>
      <trkpt lat="41.627188" lon="2.420533">
        <ele>390.173</ele>
        <time>2024-12-13T10:51:18Z</time>
      </trkpt>
      <trkpt lat="41.627217" lon="2.420537">
        <ele>390.490</ele>
        <time>2024-12-13T10:51:21Z</time>
      </trkpt>
      <trkpt lat="41.627245" lon="2.420540">
        <ele>390.422</ele>
        <time>2024-12-13T10:51:24Z</time>
      </trkpt>
      <trkpt lat="41.627297" lon="2.420550">
        <ele>390.347</ele>
        <time>2024-12-13T10:51:29Z</time>
      </trkpt>
      <trkpt lat="41.627326" lon="2.420557">
        <ele>390.390</ele>
        <time>2024-12-13T10:51:32Z</time>
      </trkpt>
      <trkpt lat="41.627357" lon="2.420557">
        <ele>390.144</ele>
        <time>2024-12-13T10:51:35Z</time>
      </trkpt>
      <trkpt lat="41.627387" lon="2.420554">
        <ele>389.838</ele>
        <time>2024-12-13T10:51:38Z</time>
      </trkpt>
      <trkpt lat="41.627418" lon="2.420557">
        <ele>389.661</ele>
        <time>2024-12-13T10:51:42Z</time>
      </trkpt>
      <trkpt lat="41.627450" lon="2.420547">
        <ele>389.329</ele>
        <time>2024-12-13T10:51:46Z</time>
      </trkpt>
      <trkpt lat="41.627479" lon="2.420533">
        <ele>389.000</ele>
        <time>2024-12-13T10:51:49Z</time>
      </trkpt>
      <trkpt lat="41.627504" lon="2.420519">
        <ele>388.720</ele>
        <time>2024-12-13T10:51:52Z</time>
      </trkpt>
      <trkpt lat="41.627555" lon="2.420478">
        <ele>388.609</ele>
        <time>2024-12-13T10:51:57Z</time>
      </trkpt>
      <trkpt lat="41.627583" lon="2.420428">
        <ele>388.453</ele>
        <time>2024-12-13T10:52:02Z</time>
      </trkpt>
      <trkpt lat="41.627601" lon="2.420373">
        <ele>388.281</ele>
        <time>2024-12-13T10:52:06Z</time>
      </trkpt>
      <trkpt lat="41.627626" lon="2.420312">
        <ele>388.098</ele>
        <time>2024-12-13T10:52:11Z</time>
      </trkpt>
      <trkpt lat="41.627641" lon="2.420249">
        <ele>387.880</ele>
        <time>2024-12-13T10:52:15Z</time>
      </trkpt>
      <trkpt lat="41.627659" lon="2.420185">
        <ele>387.515</ele>
        <time>2024-12-13T10:52:20Z</time>
      </trkpt>
      <trkpt lat="41.627663" lon="2.420149">
        <ele>387.368</ele>
        <time>2024-12-13T10:52:23Z</time>
      </trkpt>
      <trkpt lat="41.627676" lon="2.420080">
        <ele>387.072</ele>
        <time>2024-12-13T10:52:28Z</time>
      </trkpt>
      <trkpt lat="41.627685" lon="2.420038">
        <ele>386.956</ele>
        <time>2024-12-13T10:52:31Z</time>
      </trkpt>
      <trkpt lat="41.627696" lon="2.420004">
        <ele>386.859</ele>
        <time>2024-12-13T10:52:34Z</time>
      </trkpt>
      <trkpt lat="41.627704" lon="2.419965">
        <ele>386.742</ele>
        <time>2024-12-13T10:52:37Z</time>
      </trkpt>
      <trkpt lat="41.627718" lon="2.419894">
        <ele>386.522</ele>
        <time>2024-12-13T10:52:41Z</time>
      </trkpt>
      <trkpt lat="41.627735" lon="2.419829">
        <ele>386.514</ele>
        <time>2024-12-13T10:52:46Z</time>
      </trkpt>
      <trkpt lat="41.627748" lon="2.419769">
        <ele>386.509</ele>
        <time>2024-12-13T10:52:50Z</time>
      </trkpt>
      <trkpt lat="41.627760" lon="2.419735">
        <ele>386.635</ele>
        <time>2024-12-13T10:52:53Z</time>
      </trkpt>
      <trkpt lat="41.627783" lon="2.419671">
        <ele>386.543</ele>
        <time>2024-12-13T10:52:58Z</time>
      </trkpt>
      <trkpt lat="41.627797" lon="2.419635">
        <ele>386.210</ele>
        <time>2024-12-13T10:53:01Z</time>
      </trkpt>
      <trkpt lat="41.627831" lon="2.419579">
        <ele>385.922</ele>
        <time>2024-12-13T10:53:05Z</time>
      </trkpt>
      <trkpt lat="41.627847" lon="2.419549">
        <ele>385.877</ele>
        <time>2024-12-13T10:53:08Z</time>
      </trkpt>
      <trkpt lat="41.627861" lon="2.419518">
        <ele>385.690</ele>
        <time>2024-12-13T10:53:10Z</time>
      </trkpt>
      <trkpt lat="41.627877" lon="2.419488">
        <ele>385.554</ele>
        <time>2024-12-13T10:53:13Z</time>
      </trkpt>
      <trkpt lat="41.627900" lon="2.419459">
        <ele>385.538</ele>
        <time>2024-12-13T10:53:16Z</time>
      </trkpt>
      <trkpt lat="41.627923" lon="2.419429">
        <ele>385.481</ele>
        <time>2024-12-13T10:53:19Z</time>
      </trkpt>
      <trkpt lat="41.627960" lon="2.419382">
        <ele>385.258</ele>
        <time>2024-12-13T10:53:24Z</time>
      </trkpt>
      <trkpt lat="41.627998" lon="2.419332">
        <ele>385.152</ele>
        <time>2024-12-13T10:53:29Z</time>
      </trkpt>
      <trkpt lat="41.628038" lon="2.419288">
        <ele>385.117</ele>
        <time>2024-12-13T10:53:33Z</time>
      </trkpt>
      <trkpt lat="41.628073" lon="2.419237">
        <ele>384.709</ele>
        <time>2024-12-13T10:53:38Z</time>
      </trkpt>
      <trkpt lat="41.628092" lon="2.419203">
        <ele>384.286</ele>
        <time>2024-12-13T10:53:42Z</time>
      </trkpt>
      <trkpt lat="41.628109" lon="2.419171">
        <ele>383.934</ele>
        <time>2024-12-13T10:53:44Z</time>
      </trkpt>
      <trkpt lat="41.628124" lon="2.419139">
        <ele>383.511</ele>
        <time>2024-12-13T10:53:47Z</time>
      </trkpt>
      <trkpt lat="41.628139" lon="2.419106">
        <ele>383.233</ele>
        <time>2024-12-13T10:53:50Z</time>
      </trkpt>
      <trkpt lat="41.628151" lon="2.419068">
        <ele>383.098</ele>
        <time>2024-12-13T10:53:53Z</time>
      </trkpt>
      <trkpt lat="41.628166" lon="2.419035">
        <ele>382.711</ele>
        <time>2024-12-13T10:53:55Z</time>
      </trkpt>
      <trkpt lat="41.628180" lon="2.419004">
        <ele>382.695</ele>
        <time>2024-12-13T10:53:58Z</time>
      </trkpt>
      <trkpt lat="41.628205" lon="2.418937">
        <ele>382.329</ele>
        <time>2024-12-13T10:54:03Z</time>
      </trkpt>
      <trkpt lat="41.628219" lon="2.418899">
        <ele>382.222</ele>
        <time>2024-12-13T10:54:06Z</time>
      </trkpt>
      <trkpt lat="41.628230" lon="2.418828">
        <ele>381.989</ele>
        <time>2024-12-13T10:54:11Z</time>
      </trkpt>
      <trkpt lat="41.628250" lon="2.418762">
        <ele>381.906</ele>
        <time>2024-12-13T10:54:16Z</time>
      </trkpt>
      <trkpt lat="41.628264" lon="2.418726">
        <ele>381.926</ele>
        <time>2024-12-13T10:54:19Z</time>
      </trkpt>
      <trkpt lat="41.628276" lon="2.418693">
        <ele>382.009</ele>
        <time>2024-12-13T10:54:21Z</time>
      </trkpt>
      <trkpt lat="41.628292" lon="2.418658">
        <ele>382.259</ele>
        <time>2024-12-13T10:54:24Z</time>
      </trkpt>
      <trkpt lat="41.628309" lon="2.418622">
        <ele>382.517</ele>
        <time>2024-12-13T10:54:27Z</time>
      </trkpt>
      <trkpt lat="41.628324" lon="2.418588">
        <ele>382.654</ele>
        <time>2024-12-13T10:54:30Z</time>
      </trkpt>
      <trkpt lat="41.628338" lon="2.418552">
        <ele>382.666</ele>
        <time>2024-12-13T10:54:33Z</time>
      </trkpt>
      <trkpt lat="41.628352" lon="2.418519">
        <ele>382.511</ele>
        <time>2024-12-13T10:54:35Z</time>
      </trkpt>
      <trkpt lat="41.628365" lon="2.418483">
        <ele>382.324</ele>
        <time>2024-12-13T10:54:38Z</time>
      </trkpt>
      <trkpt lat="41.628378" lon="2.418446">
        <ele>382.338</ele>
        <time>2024-12-13T10:54:41Z</time>
      </trkpt>
      <trkpt lat="41.628392" lon="2.418409">
        <ele>382.282</ele>
        <time>2024-12-13T10:54:44Z</time>
      </trkpt>
      <trkpt lat="41.628407" lon="2.418373">
        <ele>382.265</ele>
        <time>2024-12-13T10:54:49Z</time>
      </trkpt>
      <trkpt lat="41.628415" lon="2.418337">
        <ele>382.215</ele>
        <time>2024-12-13T10:54:53Z</time>
      </trkpt>
      <trkpt lat="41.628429" lon="2.418304">
        <ele>382.265</ele>
        <time>2024-12-13T10:54:55Z</time>
      </trkpt>
      <trkpt lat="41.628445" lon="2.418268">
        <ele>382.311</ele>
        <time>2024-12-13T10:54:59Z</time>
      </trkpt>
      <trkpt lat="41.628460" lon="2.418222">
        <ele>382.409</ele>
        <time>2024-12-13T10:55:03Z</time>
      </trkpt>
      <trkpt lat="41.628480" lon="2.418167">
        <ele>382.532</ele>
        <time>2024-12-13T10:55:07Z</time>
      </trkpt>
      <trkpt lat="41.628491" lon="2.418126">
        <ele>382.610</ele>
        <time>2024-12-13T10:55:11Z</time>
      </trkpt>
      <trkpt lat="41.628498" lon="2.418068">
        <ele>382.667</ele>
        <time>2024-12-13T10:55:17Z</time>
      </trkpt>
      <trkpt lat="41.628501" lon="2.418024">
        <ele>382.979</ele>
        <time>2024-12-13T10:55:20Z</time>
      </trkpt>
      <trkpt lat="41.628505" lon="2.417972">
        <ele>383.494</ele>
        <time>2024-12-13T10:55:25Z</time>
      </trkpt>
      <trkpt lat="41.628505" lon="2.417925">
        <ele>383.867</ele>
        <time>2024-12-13T10:55:29Z</time>
      </trkpt>
      <trkpt lat="41.628504" lon="2.417883">
        <ele>384.121</ele>
        <time>2024-12-13T10:55:33Z</time>
      </trkpt>
      <trkpt lat="41.628499" lon="2.417817">
        <ele>384.535</ele>
        <time>2024-12-13T10:55:39Z</time>
      </trkpt>
      <trkpt lat="41.628494" lon="2.417777">
        <ele>384.658</ele>
        <time>2024-12-13T10:55:42Z</time>
      </trkpt>
      <trkpt lat="41.628489" lon="2.417738">
        <ele>384.711</ele>
        <time>2024-12-13T10:55:45Z</time>
      </trkpt>
      <trkpt lat="41.628488" lon="2.417698">
        <ele>384.921</ele>
        <time>2024-12-13T10:55:49Z</time>
      </trkpt>
      <trkpt lat="41.628486" lon="2.417658">
        <ele>385.103</ele>
        <time>2024-12-13T10:55:53Z</time>
      </trkpt>
      <trkpt lat="41.628482" lon="2.417613">
        <ele>385.209</ele>
        <time>2024-12-13T10:55:56Z</time>
      </trkpt>
      <trkpt lat="41.628475" lon="2.417548">
        <ele>385.362</ele>
        <time>2024-12-13T10:56:01Z</time>
      </trkpt>
      <trkpt lat="41.628464" lon="2.417484">
        <ele>385.310</ele>
        <time>2024-12-13T10:56:06Z</time>
      </trkpt>
      <trkpt lat="41.628466" lon="2.417444">
        <ele>385.527</ele>
        <time>2024-12-13T10:56:10Z</time>
      </trkpt>
      <trkpt lat="41.628467" lon="2.417394">
        <ele>385.799</ele>
        <time>2024-12-13T10:56:14Z</time>
      </trkpt>
      <trkpt lat="41.628462" lon="2.417335">
        <ele>385.834</ele>
        <time>2024-12-13T10:56:19Z</time>
      </trkpt>
      <trkpt lat="41.628459" lon="2.417298">
        <ele>385.837</ele>
        <time>2024-12-13T10:56:21Z</time>
      </trkpt>
      <trkpt lat="41.628464" lon="2.417237">
        <ele>386.281</ele>
        <time>2024-12-13T10:56:26Z</time>
      </trkpt>
      <trkpt lat="41.628457" lon="2.417196">
        <ele>386.285</ele>
        <time>2024-12-13T10:56:29Z</time>
      </trkpt>
      <trkpt lat="41.628444" lon="2.417152">
        <ele>386.158</ele>
        <time>2024-12-13T10:56:33Z</time>
      </trkpt>
      <trkpt lat="41.628435" lon="2.417110">
        <ele>386.284</ele>
        <time>2024-12-13T10:56:37Z</time>
      </trkpt>
      <trkpt lat="41.628433" lon="2.417069">
        <ele>386.507</ele>
        <time>2024-12-13T10:56:40Z</time>
      </trkpt>
      <trkpt lat="41.628426" lon="2.417032">
        <ele>386.617</ele>
        <time>2024-12-13T10:56:42Z</time>
      </trkpt>
      <trkpt lat="41.628419" lon="2.416994">
        <ele>386.709</ele>
        <time>2024-12-13T10:56:45Z</time>
      </trkpt>
      <trkpt lat="41.628407" lon="2.416955">
        <ele>386.889</ele>
        <time>2024-12-13T10:56:48Z</time>
      </trkpt>
      <trkpt lat="41.628395" lon="2.416915">
        <ele>386.827</ele>
        <time>2024-12-13T10:56:51Z</time>
      </trkpt>
      <trkpt lat="41.628380" lon="2.416882">
        <ele>386.734</ele>
        <time>2024-12-13T10:56:54Z</time>
      </trkpt>
      <trkpt lat="41.628364" lon="2.416847">
        <ele>386.796</ele>
        <time>2024-12-13T10:56:57Z</time>
      </trkpt>
      <trkpt lat="41.628349" lon="2.416808">
        <ele>386.881</ele>
        <time>2024-12-13T10:57:00Z</time>
      </trkpt>
      <trkpt lat="41.628334" lon="2.416773">
        <ele>386.954</ele>
        <time>2024-12-13T10:57:03Z</time>
      </trkpt>
      <trkpt lat="41.628320" lon="2.416734">
        <ele>386.928</ele>
        <time>2024-12-13T10:57:06Z</time>
      </trkpt>
      <trkpt lat="41.628305" lon="2.416698">
        <ele>386.992</ele>
        <time>2024-12-13T10:57:09Z</time>
      </trkpt>
      <trkpt lat="41.628280" lon="2.416628">
        <ele>386.825</ele>
        <time>2024-12-13T10:57:14Z</time>
      </trkpt>
      <trkpt lat="41.628268" lon="2.416594">
        <ele>386.768</ele>
        <time>2024-12-13T10:57:16Z</time>
      </trkpt>
      <trkpt lat="41.628255" lon="2.416557">
        <ele>386.642</ele>
        <time>2024-12-13T10:57:19Z</time>
      </trkpt>
      <trkpt lat="41.628245" lon="2.416517">
        <ele>386.726</ele>
        <time>2024-12-13T10:57:22Z</time>
      </trkpt>
      <trkpt lat="41.628236" lon="2.416478">
        <ele>386.709</ele>
        <time>2024-12-13T10:57:26Z</time>
      </trkpt>
      <trkpt lat="41.628225" lon="2.416440">
        <ele>386.767</ele>
        <time>2024-12-13T10:57:28Z</time>
      </trkpt>
      <trkpt lat="41.628218" lon="2.416401">
        <ele>386.855</ele>
        <time>2024-12-13T10:57:31Z</time>
      </trkpt>
      <trkpt lat="41.628208" lon="2.416364">
        <ele>386.732</ele>
        <time>2024-12-13T10:57:34Z</time>
      </trkpt>
      <trkpt lat="41.628182" lon="2.416296">
        <ele>386.224</ele>
        <time>2024-12-13T10:57:39Z</time>
      </trkpt>
      <trkpt lat="41.628173" lon="2.416261">
        <ele>386.059</ele>
        <time>2024-12-13T10:57:42Z</time>
      </trkpt>
      <trkpt lat="41.628167" lon="2.416191">
        <ele>385.942</ele>
        <time>2024-12-13T10:57:47Z</time>
      </trkpt>
      <trkpt lat="41.628143" lon="2.416144">
        <ele>385.636</ele>
        <time>2024-12-13T10:57:52Z</time>
      </trkpt>
      <trkpt lat="41.628132" lon="2.416108">
        <ele>385.560</ele>
        <time>2024-12-13T10:57:55Z</time>
      </trkpt>
      <trkpt lat="41.628116" lon="2.416062">
        <ele>385.083</ele>
        <time>2024-12-13T10:58:00Z</time>
      </trkpt>
      <trkpt lat="41.628109" lon="2.416022">
        <ele>384.638</ele>
        <time>2024-12-13T10:58:05Z</time>
      </trkpt>
      <trkpt lat="41.628099" lon="2.415987">
        <ele>384.270</ele>
        <time>2024-12-13T10:58:08Z</time>
      </trkpt>
      <trkpt lat="41.628088" lon="2.415950">
        <ele>383.917</ele>
        <time>2024-12-13T10:58:11Z</time>
      </trkpt>
      <trkpt lat="41.628073" lon="2.415920">
        <ele>383.609</ele>
        <time>2024-12-13T10:58:13Z</time>
      </trkpt>
      <trkpt lat="41.628043" lon="2.415855">
        <ele>383.114</ele>
        <time>2024-12-13T10:58:18Z</time>
      </trkpt>
      <trkpt lat="41.628026" lon="2.415819">
        <ele>382.672</ele>
        <time>2024-12-13T10:58:21Z</time>
      </trkpt>
      <trkpt lat="41.628008" lon="2.415752">
        <ele>381.969</ele>
        <time>2024-12-13T10:58:26Z</time>
      </trkpt>
      <trkpt lat="41.627997" lon="2.415719">
        <ele>381.671</ele>
        <time>2024-12-13T10:58:29Z</time>
      </trkpt>
      <trkpt lat="41.627977" lon="2.415650">
        <ele>381.066</ele>
        <time>2024-12-13T10:58:33Z</time>
      </trkpt>
      <trkpt lat="41.627966" lon="2.415611">
        <ele>380.789</ele>
        <time>2024-12-13T10:58:36Z</time>
      </trkpt>
      <trkpt lat="41.627948" lon="2.415573">
        <ele>380.593</ele>
        <time>2024-12-13T10:58:39Z</time>
      </trkpt>
      <trkpt lat="41.627931" lon="2.415535">
        <ele>380.437</ele>
        <time>2024-12-13T10:58:42Z</time>
      </trkpt>
      <trkpt lat="41.627916" lon="2.415502">
        <ele>380.550</ele>
        <time>2024-12-13T10:58:45Z</time>
      </trkpt>
      <trkpt lat="41.627894" lon="2.415481">
        <ele>380.616</ele>
        <time>2024-12-13T10:58:48Z</time>
      </trkpt>
      <trkpt lat="41.627866" lon="2.415473">
        <ele>380.776</ele>
        <time>2024-12-13T10:58:50Z</time>
      </trkpt>
      <trkpt lat="41.627838" lon="2.415517">
        <ele>380.813</ele>
        <time>2024-12-13T10:58:54Z</time>
      </trkpt>
      <trkpt lat="41.627822" lon="2.415548">
        <ele>380.809</ele>
        <time>2024-12-13T10:58:57Z</time>
      </trkpt>
      <trkpt lat="41.627801" lon="2.415578">
        <ele>380.932</ele>
        <time>2024-12-13T10:59:00Z</time>
      </trkpt>
      <trkpt lat="41.627773" lon="2.415631">
        <ele>380.970</ele>
        <time>2024-12-13T10:59:04Z</time>
      </trkpt>
      <trkpt lat="41.627754" lon="2.415658">
        <ele>380.757</ele>
        <time>2024-12-13T10:59:07Z</time>
      </trkpt>
      <trkpt lat="41.627735" lon="2.415692">
        <ele>380.499</ele>
        <time>2024-12-13T10:59:11Z</time>
      </trkpt>
      <trkpt lat="41.627723" lon="2.415727">
        <ele>380.274</ele>
        <time>2024-12-13T10:59:17Z</time>
      </trkpt>
      <trkpt lat="41.627711" lon="2.415762">
        <ele>379.967</ele>
        <time>2024-12-13T10:59:20Z</time>
      </trkpt>
      <trkpt lat="41.627699" lon="2.415796">
        <ele>379.791</ele>
        <time>2024-12-13T10:59:26Z</time>
      </trkpt>
      <trkpt lat="41.627683" lon="2.415849">
        <ele>379.225</ele>
        <time>2024-12-13T10:59:35Z</time>
      </trkpt>
      <trkpt lat="41.627690" lon="2.415887">
        <ele>379.068</ele>
        <time>2024-12-13T10:59:38Z</time>
      </trkpt>
      <trkpt lat="41.627699" lon="2.415855">
        <ele>379.413</ele>
        <time>2024-12-13T10:59:46Z</time>
      </trkpt>
      <trkpt lat="41.627714" lon="2.415782">
        <ele>379.943</ele>
        <time>2024-12-13T10:59:54Z</time>
      </trkpt>
      <trkpt lat="41.627722" lon="2.415747">
        <ele>380.107</ele>
        <time>2024-12-13T10:59:56Z</time>
      </trkpt>
      <trkpt lat="41.627743" lon="2.415686">
        <ele>380.509</ele>
        <time>2024-12-13T11:00:01Z</time>
      </trkpt>
      <trkpt lat="41.627779" lon="2.415645">
        <ele>381.082</ele>
        <time>2024-12-13T11:00:06Z</time>
      </trkpt>
      <trkpt lat="41.627819" lon="2.415590">
        <ele>380.930</ele>
        <time>2024-12-13T11:00:12Z</time>
      </trkpt>
      <trkpt lat="41.627841" lon="2.415561">
        <ele>380.847</ele>
        <time>2024-12-13T11:00:15Z</time>
      </trkpt>
      <trkpt lat="41.627862" lon="2.415532">
        <ele>380.719</ele>
        <time>2024-12-13T11:00:17Z</time>
      </trkpt>
      <trkpt lat="41.627879" lon="2.415503">
        <ele>380.684</ele>
        <time>2024-12-13T11:00:20Z</time>
      </trkpt>
      <trkpt lat="41.627894" lon="2.415447">
        <ele>380.637</ele>
        <time>2024-12-13T11:00:24Z</time>
      </trkpt>
      <trkpt lat="41.627888" lon="2.415409">
        <ele>380.681</ele>
        <time>2024-12-13T11:00:27Z</time>
      </trkpt>
      <trkpt lat="41.627879" lon="2.415373">
        <ele>380.675</ele>
        <time>2024-12-13T11:00:29Z</time>
      </trkpt>
      <trkpt lat="41.627863" lon="2.415303">
        <ele>380.788</ele>
        <time>2024-12-13T11:00:34Z</time>
      </trkpt>
      <trkpt lat="41.627861" lon="2.415263">
        <ele>380.838</ele>
        <time>2024-12-13T11:00:37Z</time>
      </trkpt>
      <trkpt lat="41.627849" lon="2.415194">
        <ele>381.170</ele>
        <time>2024-12-13T11:00:42Z</time>
      </trkpt>
      <trkpt lat="41.627839" lon="2.415155">
        <ele>381.317</ele>
        <time>2024-12-13T11:00:46Z</time>
      </trkpt>
      <trkpt lat="41.627829" lon="2.415082">
        <ele>381.709</ele>
        <time>2024-12-13T11:00:52Z</time>
      </trkpt>
      <trkpt lat="41.627820" lon="2.415044">
        <ele>381.854</ele>
        <time>2024-12-13T11:00:55Z</time>
      </trkpt>
      <trkpt lat="41.627804" lon="2.415011">
        <ele>382.092</ele>
        <time>2024-12-13T11:00:58Z</time>
      </trkpt>
      <trkpt lat="41.627777" lon="2.414947">
        <ele>382.839</ele>
        <time>2024-12-13T11:01:06Z</time>
      </trkpt>
      <trkpt lat="41.627762" lon="2.414914">
        <ele>383.121</ele>
        <time>2024-12-13T11:01:09Z</time>
      </trkpt>
      <trkpt lat="41.627745" lon="2.414886">
        <ele>383.316</ele>
        <time>2024-12-13T11:01:13Z</time>
      </trkpt>
      <trkpt lat="41.627729" lon="2.414852">
        <ele>383.629</ele>
        <time>2024-12-13T11:01:16Z</time>
      </trkpt>
      <trkpt lat="41.627714" lon="2.414821">
        <ele>383.923</ele>
        <time>2024-12-13T11:01:21Z</time>
      </trkpt>
      <trkpt lat="41.627686" lon="2.414758">
        <ele>384.557</ele>
        <time>2024-12-13T11:01:27Z</time>
      </trkpt>
      <trkpt lat="41.627667" lon="2.414730">
        <ele>384.710</ele>
        <time>2024-12-13T11:01:31Z</time>
      </trkpt>
      <trkpt lat="41.627644" lon="2.414700">
        <ele>384.857</ele>
        <time>2024-12-13T11:01:35Z</time>
      </trkpt>
      <trkpt lat="41.627627" lon="2.414672">
        <ele>384.900</ele>
        <time>2024-12-13T11:01:39Z</time>
      </trkpt>
      <trkpt lat="41.627606" lon="2.414643">
        <ele>385.120</ele>
        <time>2024-12-13T11:01:43Z</time>
      </trkpt>
      <trkpt lat="41.627579" lon="2.414622">
        <ele>385.109</ele>
        <time>2024-12-13T11:01:47Z</time>
      </trkpt>
      <trkpt lat="41.627542" lon="2.414575">
        <ele>385.466</ele>
        <time>2024-12-13T11:01:53Z</time>
      </trkpt>
      <trkpt lat="41.627525" lon="2.414541">
        <ele>385.854</ele>
        <time>2024-12-13T11:01:56Z</time>
      </trkpt>
      <trkpt lat="41.627509" lon="2.414506">
        <ele>386.211</ele>
        <time>2024-12-13T11:02:00Z</time>
      </trkpt>
      <trkpt lat="41.627496" lon="2.414474">
        <ele>386.523</ele>
        <time>2024-12-13T11:02:03Z</time>
      </trkpt>
      <trkpt lat="41.627476" lon="2.414417">
        <ele>387.038</ele>
        <time>2024-12-13T11:02:09Z</time>
      </trkpt>
      <trkpt lat="41.627465" lon="2.414383">
        <ele>387.231</ele>
        <time>2024-12-13T11:02:12Z</time>
      </trkpt>
      <trkpt lat="41.627454" lon="2.414350">
        <ele>387.465</ele>
        <time>2024-12-13T11:02:15Z</time>
      </trkpt>
      <trkpt lat="41.627441" lon="2.414293">
        <ele>387.999</ele>
        <time>2024-12-13T11:02:20Z</time>
      </trkpt>
      <trkpt lat="41.627437" lon="2.414221">
        <ele>388.762</ele>
        <time>2024-12-13T11:02:25Z</time>
      </trkpt>
      <trkpt lat="41.627436" lon="2.414181">
        <ele>389.114</ele>
        <time>2024-12-13T11:02:28Z</time>
      </trkpt>
      <trkpt lat="41.627437" lon="2.414141">
        <ele>389.354</ele>
        <time>2024-12-13T11:02:31Z</time>
      </trkpt>
      <trkpt lat="41.627440" lon="2.414067">
        <ele>389.409</ele>
        <time>2024-12-13T11:02:36Z</time>
      </trkpt>
      <trkpt lat="41.627443" lon="2.414027">
        <ele>389.409</ele>
        <time>2024-12-13T11:02:38Z</time>
      </trkpt>
      <trkpt lat="41.627443" lon="2.413990">
        <ele>389.472</ele>
        <time>2024-12-13T11:02:41Z</time>
      </trkpt>
      <trkpt lat="41.627440" lon="2.413954">
        <ele>389.420</ele>
        <time>2024-12-13T11:02:43Z</time>
      </trkpt>
      <trkpt lat="41.627436" lon="2.413917">
        <ele>389.337</ele>
        <time>2024-12-13T11:02:46Z</time>
      </trkpt>
      <trkpt lat="41.627434" lon="2.413879">
        <ele>389.239</ele>
        <time>2024-12-13T11:02:48Z</time>
      </trkpt>
      <trkpt lat="41.627438" lon="2.413838">
        <ele>389.024</ele>
        <time>2024-12-13T11:02:51Z</time>
      </trkpt>
      <trkpt lat="41.627441" lon="2.413797">
        <ele>388.867</ele>
        <time>2024-12-13T11:02:54Z</time>
      </trkpt>
      <trkpt lat="41.627442" lon="2.413757">
        <ele>388.631</ele>
        <time>2024-12-13T11:02:57Z</time>
      </trkpt>
      <trkpt lat="41.627446" lon="2.413716">
        <ele>388.455</ele>
        <time>2024-12-13T11:03:00Z</time>
      </trkpt>
      <trkpt lat="41.627447" lon="2.413673">
        <ele>388.298</ele>
        <time>2024-12-13T11:03:03Z</time>
      </trkpt>
      <trkpt lat="41.627439" lon="2.413637">
        <ele>387.924</ele>
        <time>2024-12-13T11:03:06Z</time>
      </trkpt>
      <trkpt lat="41.627432" lon="2.413599">
        <ele>387.704</ele>
        <time>2024-12-13T11:03:08Z</time>
      </trkpt>
      <trkpt lat="41.627412" lon="2.413532">
        <ele>387.214</ele>
        <time>2024-12-13T11:03:13Z</time>
      </trkpt>
      <trkpt lat="41.627399" lon="2.413498">
        <ele>387.009</ele>
        <time>2024-12-13T11:03:16Z</time>
      </trkpt>
      <trkpt lat="41.627388" lon="2.413463">
        <ele>386.743</ele>
        <time>2024-12-13T11:03:18Z</time>
      </trkpt>
      <trkpt lat="41.627372" lon="2.413429">
        <ele>386.531</ele>
        <time>2024-12-13T11:03:21Z</time>
      </trkpt>
      <trkpt lat="41.627355" lon="2.413391">
        <ele>386.398</ele>
        <time>2024-12-13T11:03:25Z</time>
      </trkpt>
      <trkpt lat="41.627339" lon="2.413361">
        <ele>386.180</ele>
        <time>2024-12-13T11:03:27Z</time>
      </trkpt>
      <trkpt lat="41.627326" lon="2.413328">
        <ele>386.045</ele>
        <time>2024-12-13T11:03:30Z</time>
      </trkpt>
      <trkpt lat="41.627324" lon="2.413289">
        <ele>385.848</ele>
        <time>2024-12-13T11:03:32Z</time>
      </trkpt>
      <trkpt lat="41.627332" lon="2.413254">
        <ele>385.682</ele>
        <time>2024-12-13T11:03:35Z</time>
      </trkpt>
      <trkpt lat="41.627344" lon="2.413213">
        <ele>385.476</ele>
        <time>2024-12-13T11:03:38Z</time>
      </trkpt>
      <trkpt lat="41.627359" lon="2.413146">
        <ele>385.069</ele>
        <time>2024-12-13T11:03:43Z</time>
      </trkpt>
      <trkpt lat="41.627368" lon="2.413082">
        <ele>384.623</ele>
        <time>2024-12-13T11:03:47Z</time>
      </trkpt>
      <trkpt lat="41.627368" lon="2.413045">
        <ele>384.483</ele>
        <time>2024-12-13T11:03:50Z</time>
      </trkpt>
      <trkpt lat="41.627370" lon="2.413008">
        <ele>384.211</ele>
        <time>2024-12-13T11:03:53Z</time>
      </trkpt>
      <trkpt lat="41.627371" lon="2.412964">
        <ele>384.009</ele>
        <time>2024-12-13T11:03:56Z</time>
      </trkpt>
      <trkpt lat="41.627371" lon="2.412919">
        <ele>383.773</ele>
        <time>2024-12-13T11:03:59Z</time>
      </trkpt>
      <trkpt lat="41.627377" lon="2.412851">
        <ele>383.471</ele>
        <time>2024-12-13T11:04:04Z</time>
      </trkpt>
      <trkpt lat="41.627381" lon="2.412813">
        <ele>383.268</ele>
        <time>2024-12-13T11:04:06Z</time>
      </trkpt>
      <trkpt lat="41.627381" lon="2.412774">
        <ele>383.070</ele>
        <time>2024-12-13T11:04:09Z</time>
      </trkpt>
      <trkpt lat="41.627381" lon="2.412734">
        <ele>382.825</ele>
        <time>2024-12-13T11:04:12Z</time>
      </trkpt>
      <trkpt lat="41.627383" lon="2.412690">
        <ele>382.788</ele>
        <time>2024-12-13T11:04:15Z</time>
      </trkpt>
      <trkpt lat="41.627383" lon="2.412653">
        <ele>382.612</ele>
        <time>2024-12-13T11:04:17Z</time>
      </trkpt>
      <trkpt lat="41.627384" lon="2.412611">
        <ele>382.416</ele>
        <time>2024-12-13T11:04:20Z</time>
      </trkpt>
      <trkpt lat="41.627391" lon="2.412569">
        <ele>382.279</ele>
        <time>2024-12-13T11:04:23Z</time>
      </trkpt>
      <trkpt lat="41.627399" lon="2.412529">
        <ele>382.132</ele>
        <time>2024-12-13T11:04:26Z</time>
      </trkpt>
      <trkpt lat="41.627402" lon="2.412488">
        <ele>382.092</ele>
        <time>2024-12-13T11:04:29Z</time>
      </trkpt>
      <trkpt lat="41.627399" lon="2.412445">
        <ele>382.011</ele>
        <time>2024-12-13T11:04:32Z</time>
      </trkpt>
      <trkpt lat="41.627408" lon="2.412376">
        <ele>382.009</ele>
        <time>2024-12-13T11:04:37Z</time>
      </trkpt>
      <trkpt lat="41.627417" lon="2.412336">
        <ele>382.014</ele>
        <time>2024-12-13T11:04:40Z</time>
      </trkpt>
      <trkpt lat="41.627424" lon="2.412295">
        <ele>382.062</ele>
        <time>2024-12-13T11:04:43Z</time>
      </trkpt>
      <trkpt lat="41.627428" lon="2.412255">
        <ele>382.079</ele>
        <time>2024-12-13T11:04:46Z</time>
      </trkpt>
      <trkpt lat="41.627428" lon="2.412209">
        <ele>382.051</ele>
        <time>2024-12-13T11:04:49Z</time>
      </trkpt>
      <trkpt lat="41.627423" lon="2.412169">
        <ele>382.136</ele>
        <time>2024-12-13T11:04:52Z</time>
      </trkpt>
      <trkpt lat="41.627416" lon="2.412128">
        <ele>382.149</ele>
        <time>2024-12-13T11:04:55Z</time>
      </trkpt>
      <trkpt lat="41.627389" lon="2.412065">
        <ele>382.243</ele>
        <time>2024-12-13T11:05:01Z</time>
      </trkpt>
      <trkpt lat="41.627373" lon="2.412033">
        <ele>382.337</ele>
        <time>2024-12-13T11:05:04Z</time>
      </trkpt>
      <trkpt lat="41.627353" lon="2.412004">
        <ele>382.470</ele>
        <time>2024-12-13T11:05:07Z</time>
      </trkpt>
      <trkpt lat="41.627329" lon="2.411975">
        <ele>382.592</ele>
        <time>2024-12-13T11:05:11Z</time>
      </trkpt>
      <trkpt lat="41.627307" lon="2.411943">
        <ele>382.773</ele>
        <time>2024-12-13T11:05:14Z</time>
      </trkpt>
      <trkpt lat="41.627285" lon="2.411916">
        <ele>382.820</ele>
        <time>2024-12-13T11:05:18Z</time>
      </trkpt>
      <trkpt lat="41.627264" lon="2.411887">
        <ele>382.909</ele>
        <time>2024-12-13T11:05:21Z</time>
      </trkpt>
      <trkpt lat="41.627240" lon="2.411861">
        <ele>383.070</ele>
        <time>2024-12-13T11:05:24Z</time>
      </trkpt>
      <trkpt lat="41.627217" lon="2.411826">
        <ele>383.038</ele>
        <time>2024-12-13T11:05:28Z</time>
      </trkpt>
      <trkpt lat="41.627198" lon="2.411797">
        <ele>382.915</ele>
        <time>2024-12-13T11:05:31Z</time>
      </trkpt>
      <trkpt lat="41.627178" lon="2.411769">
        <ele>382.867</ele>
        <time>2024-12-13T11:05:33Z</time>
      </trkpt>
      <trkpt lat="41.627157" lon="2.411743">
        <ele>382.762</ele>
        <time>2024-12-13T11:05:36Z</time>
      </trkpt>
      <trkpt lat="41.627140" lon="2.411714">
        <ele>382.715</ele>
        <time>2024-12-13T11:05:39Z</time>
      </trkpt>
      <trkpt lat="41.627117" lon="2.411684">
        <ele>382.639</ele>
        <time>2024-12-13T11:05:42Z</time>
      </trkpt>
      <trkpt lat="41.627105" lon="2.411647">
        <ele>382.653</ele>
        <time>2024-12-13T11:05:45Z</time>
      </trkpt>
      <trkpt lat="41.627095" lon="2.411608">
        <ele>382.866</ele>
        <time>2024-12-13T11:05:47Z</time>
      </trkpt>
      <trkpt lat="41.627078" lon="2.411570">
        <ele>382.895</ele>
        <time>2024-12-13T11:05:51Z</time>
      </trkpt>
      <trkpt lat="41.627061" lon="2.411532">
        <ele>382.949</ele>
        <time>2024-12-13T11:05:54Z</time>
      </trkpt>
      <trkpt lat="41.627045" lon="2.411500">
        <ele>383.023</ele>
        <time>2024-12-13T11:05:56Z</time>
      </trkpt>
      <trkpt lat="41.627014" lon="2.411435">
        <ele>383.109</ele>
        <time>2024-12-13T11:06:02Z</time>
      </trkpt>
      <trkpt lat="41.626990" lon="2.411371">
        <ele>383.310</ele>
        <time>2024-12-13T11:06:07Z</time>
      </trkpt>
      <trkpt lat="41.626978" lon="2.411337">
        <ele>383.638</ele>
        <time>2024-12-13T11:06:09Z</time>
      </trkpt>
      <trkpt lat="41.626960" lon="2.411298">
        <ele>384.075</ele>
        <time>2024-12-13T11:06:12Z</time>
      </trkpt>
      <trkpt lat="41.626944" lon="2.411261">
        <ele>384.457</ele>
        <time>2024-12-13T11:06:15Z</time>
      </trkpt>
      <trkpt lat="41.626924" lon="2.411232">
        <ele>384.762</ele>
        <time>2024-12-13T11:06:18Z</time>
      </trkpt>
      <trkpt lat="41.626908" lon="2.411197">
        <ele>385.265</ele>
        <time>2024-12-13T11:06:21Z</time>
      </trkpt>
      <trkpt lat="41.626887" lon="2.411167">
        <ele>385.749</ele>
        <time>2024-12-13T11:06:24Z</time>
      </trkpt>
      <trkpt lat="41.626849" lon="2.411103">
        <ele>386.883</ele>
        <time>2024-12-13T11:06:30Z</time>
      </trkpt>
      <trkpt lat="41.626830" lon="2.411072">
        <ele>387.286</ele>
        <time>2024-12-13T11:06:33Z</time>
      </trkpt>
      <trkpt lat="41.626811" lon="2.411039">
        <ele>387.786</ele>
        <time>2024-12-13T11:06:36Z</time>
      </trkpt>
      <trkpt lat="41.626790" lon="2.411010">
        <ele>388.260</ele>
        <time>2024-12-13T11:06:39Z</time>
      </trkpt>
      <trkpt lat="41.626771" lon="2.410977">
        <ele>388.826</ele>
        <time>2024-12-13T11:06:42Z</time>
      </trkpt>
      <trkpt lat="41.626731" lon="2.410923">
        <ele>389.909</ele>
        <time>2024-12-13T11:06:47Z</time>
      </trkpt>
      <trkpt lat="41.626709" lon="2.410892">
        <ele>390.639</ele>
        <time>2024-12-13T11:06:50Z</time>
      </trkpt>
      <trkpt lat="41.626684" lon="2.410833">
        <ele>391.877</ele>
        <time>2024-12-13T11:07:00Z</time>
      </trkpt>
      <trkpt lat="41.626665" lon="2.410805">
        <ele>392.244</ele>
        <time>2024-12-13T11:07:02Z</time>
      </trkpt>
      <trkpt lat="41.626617" lon="2.410778">
        <ele>392.316</ele>
        <time>2024-12-13T11:07:07Z</time>
      </trkpt>
      <trkpt lat="41.626585" lon="2.410774">
        <ele>392.391</ele>
        <time>2024-12-13T11:07:12Z</time>
      </trkpt>
      <trkpt lat="41.626542" lon="2.410770">
        <ele>392.294</ele>
        <time>2024-12-13T11:07:16Z</time>
      </trkpt>
      <trkpt lat="41.626507" lon="2.410753">
        <ele>392.378</ele>
        <time>2024-12-13T11:07:20Z</time>
      </trkpt>
      <trkpt lat="41.626473" lon="2.410760">
        <ele>392.232</ele>
        <time>2024-12-13T11:07:23Z</time>
      </trkpt>
      <trkpt lat="41.626420" lon="2.410765">
        <ele>392.055</ele>
        <time>2024-12-13T11:07:29Z</time>
      </trkpt>
      <trkpt lat="41.626376" lon="2.410765">
        <ele>391.884</ele>
        <time>2024-12-13T11:07:35Z</time>
      </trkpt>
      <trkpt lat="41.626349" lon="2.410757">
        <ele>391.407</ele>
        <time>2024-12-13T11:07:38Z</time>
      </trkpt>
      <trkpt lat="41.626318" lon="2.410751">
        <ele>390.917</ele>
        <time>2024-12-13T11:07:42Z</time>
      </trkpt>
      <trkpt lat="41.626287" lon="2.410741">
        <ele>390.509</ele>
        <time>2024-12-13T11:07:45Z</time>
      </trkpt>
      <trkpt lat="41.626236" lon="2.410722">
        <ele>389.969</ele>
        <time>2024-12-13T11:07:51Z</time>
      </trkpt>
      <trkpt lat="41.626193" lon="2.410691">
        <ele>389.577</ele>
        <time>2024-12-13T11:07:57Z</time>
      </trkpt>
      <trkpt lat="41.626168" lon="2.410673">
        <ele>389.344</ele>
        <time>2024-12-13T11:08:00Z</time>
      </trkpt>
      <trkpt lat="41.626125" lon="2.410633">
        <ele>389.186</ele>
        <time>2024-12-13T11:08:08Z</time>
      </trkpt>
      <trkpt lat="41.626102" lon="2.410601">
        <ele>389.111</ele>
        <time>2024-12-13T11:08:15Z</time>
      </trkpt>
      <trkpt lat="41.626090" lon="2.410536">
        <ele>389.844</ele>
        <time>2024-12-13T11:08:21Z</time>
      </trkpt>
      <trkpt lat="41.626043" lon="2.410477">
        <ele>389.338</ele>
        <time>2024-12-13T11:08:31Z</time>
      </trkpt>
      <trkpt lat="41.626017" lon="2.410459">
        <ele>388.992</ele>
        <time>2024-12-13T11:08:33Z</time>
      </trkpt>
      <trkpt lat="41.625971" lon="2.410419">
        <ele>388.215</ele>
        <time>2024-12-13T11:08:38Z</time>
      </trkpt>
      <trkpt lat="41.625949" lon="2.410395">
        <ele>387.998</ele>
        <time>2024-12-13T11:08:41Z</time>
      </trkpt>
      <trkpt lat="41.625920" lon="2.410350">
        <ele>387.615</ele>
        <time>2024-12-13T11:08:45Z</time>
      </trkpt>
      <trkpt lat="41.625897" lon="2.410293">
        <ele>387.526</ele>
        <time>2024-12-13T11:08:49Z</time>
      </trkpt>
      <trkpt lat="41.625885" lon="2.410253">
        <ele>387.509</ele>
        <time>2024-12-13T11:08:52Z</time>
      </trkpt>
      <trkpt lat="41.625876" lon="2.410213">
        <ele>387.650</ele>
        <time>2024-12-13T11:08:55Z</time>
      </trkpt>
      <trkpt lat="41.625871" lon="2.410176">
        <ele>387.718</ele>
        <time>2024-12-13T11:08:58Z</time>
      </trkpt>
      <trkpt lat="41.625861" lon="2.410134">
        <ele>387.835</ele>
        <time>2024-12-13T11:09:01Z</time>
      </trkpt>
      <trkpt lat="41.625851" lon="2.410092">
        <ele>387.897</ele>
        <time>2024-12-13T11:09:04Z</time>
      </trkpt>
      <trkpt lat="41.625843" lon="2.410057">
        <ele>387.982</ele>
        <time>2024-12-13T11:09:07Z</time>
      </trkpt>
      <trkpt lat="41.625832" lon="2.410024">
        <ele>387.865</ele>
        <time>2024-12-13T11:09:10Z</time>
      </trkpt>
      <trkpt lat="41.625809" lon="2.409963">
        <ele>387.439</ele>
        <time>2024-12-13T11:09:14Z</time>
      </trkpt>
      <trkpt lat="41.625796" lon="2.409926">
        <ele>387.123</ele>
        <time>2024-12-13T11:09:17Z</time>
      </trkpt>
      <trkpt lat="41.625791" lon="2.409883">
        <ele>386.936</ele>
        <time>2024-12-13T11:09:20Z</time>
      </trkpt>
      <trkpt lat="41.625788" lon="2.409845">
        <ele>386.986</ele>
        <time>2024-12-13T11:09:23Z</time>
      </trkpt>
      <trkpt lat="41.625789" lon="2.409806">
        <ele>386.960</ele>
        <time>2024-12-13T11:09:26Z</time>
      </trkpt>
      <trkpt lat="41.625792" lon="2.409766">
        <ele>387.026</ele>
        <time>2024-12-13T11:09:28Z</time>
      </trkpt>
      <trkpt lat="41.625812" lon="2.409696">
        <ele>387.409</ele>
        <time>2024-12-13T11:09:34Z</time>
      </trkpt>
      <trkpt lat="41.625830" lon="2.409621">
        <ele>387.699</ele>
        <time>2024-12-13T11:09:41Z</time>
      </trkpt>
      <trkpt lat="41.625845" lon="2.409582">
        <ele>387.817</ele>
        <time>2024-12-13T11:09:45Z</time>
      </trkpt>
      <trkpt lat="41.625860" lon="2.409547">
        <ele>388.174</ele>
        <time>2024-12-13T11:09:48Z</time>
      </trkpt>
      <trkpt lat="41.625872" lon="2.409507">
        <ele>388.226</ele>
        <time>2024-12-13T11:09:53Z</time>
      </trkpt>
      <trkpt lat="41.625892" lon="2.409469">
        <ele>388.631</ele>
        <time>2024-12-13T11:09:56Z</time>
      </trkpt>
      <trkpt lat="41.625925" lon="2.409426">
        <ele>389.194</ele>
        <time>2024-12-13T11:10:00Z</time>
      </trkpt>
      <trkpt lat="41.625948" lon="2.409401">
        <ele>389.418</ele>
        <time>2024-12-13T11:10:03Z</time>
      </trkpt>
      <trkpt lat="41.625987" lon="2.409353">
        <ele>389.732</ele>
        <time>2024-12-13T11:10:08Z</time>
      </trkpt>
      <trkpt lat="41.626008" lon="2.409325">
        <ele>389.895</ele>
        <time>2024-12-13T11:10:11Z</time>
      </trkpt>
      <trkpt lat="41.626028" lon="2.409295">
        <ele>389.984</ele>
        <time>2024-12-13T11:10:14Z</time>
      </trkpt>
      <trkpt lat="41.626052" lon="2.409268">
        <ele>390.107</ele>
        <time>2024-12-13T11:10:17Z</time>
      </trkpt>
      <trkpt lat="41.626076" lon="2.409238">
        <ele>390.217</ele>
        <time>2024-12-13T11:10:20Z</time>
      </trkpt>
      <trkpt lat="41.626097" lon="2.409214">
        <ele>390.409</ele>
        <time>2024-12-13T11:10:22Z</time>
      </trkpt>
      <trkpt lat="41.626123" lon="2.409185">
        <ele>390.429</ele>
        <time>2024-12-13T11:10:25Z</time>
      </trkpt>
      <trkpt lat="41.626140" lon="2.409124">
        <ele>389.767</ele>
        <time>2024-12-13T11:10:30Z</time>
      </trkpt>
      <trkpt lat="41.626157" lon="2.409091">
        <ele>389.474</ele>
        <time>2024-12-13T11:10:33Z</time>
      </trkpt>
      <trkpt lat="41.626180" lon="2.409061">
        <ele>389.266</ele>
        <time>2024-12-13T11:10:36Z</time>
      </trkpt>
      <trkpt lat="41.626197" lon="2.409027">
        <ele>388.951</ele>
        <time>2024-12-13T11:10:40Z</time>
      </trkpt>
      <trkpt lat="41.626216" lon="2.408998">
        <ele>388.784</ele>
        <time>2024-12-13T11:10:43Z</time>
      </trkpt>
      <trkpt lat="41.626249" lon="2.408937">
        <ele>388.228</ele>
        <time>2024-12-13T11:10:48Z</time>
      </trkpt>
      <trkpt lat="41.626264" lon="2.408897">
        <ele>387.812</ele>
        <time>2024-12-13T11:10:51Z</time>
      </trkpt>
      <trkpt lat="41.626271" lon="2.408858">
        <ele>387.345</ele>
        <time>2024-12-13T11:10:54Z</time>
      </trkpt>
      <trkpt lat="41.626281" lon="2.408816">
        <ele>386.897</ele>
        <time>2024-12-13T11:10:59Z</time>
      </trkpt>
      <trkpt lat="41.626295" lon="2.408755">
        <ele>386.123</ele>
        <time>2024-12-13T11:11:05Z</time>
      </trkpt>
      <trkpt lat="41.626312" lon="2.408690">
        <ele>385.325</ele>
        <time>2024-12-13T11:11:10Z</time>
      </trkpt>
      <trkpt lat="41.626322" lon="2.408650">
        <ele>384.809</ele>
        <time>2024-12-13T11:11:13Z</time>
      </trkpt>
      <trkpt lat="41.626326" lon="2.408611">
        <ele>384.390</ele>
        <time>2024-12-13T11:11:16Z</time>
      </trkpt>
      <trkpt lat="41.626317" lon="2.408542">
        <ele>383.288</ele>
        <time>2024-12-13T11:11:21Z</time>
      </trkpt>
      <trkpt lat="41.626313" lon="2.408504">
        <ele>382.685</ele>
        <time>2024-12-13T11:11:24Z</time>
      </trkpt>
      <trkpt lat="41.626314" lon="2.408468">
        <ele>382.127</ele>
        <time>2024-12-13T11:11:27Z</time>
      </trkpt>
      <trkpt lat="41.626318" lon="2.408427">
        <ele>381.692</ele>
        <time>2024-12-13T11:11:31Z</time>
      </trkpt>
      <trkpt lat="41.626332" lon="2.408360">
        <ele>380.895</ele>
        <time>2024-12-13T11:11:36Z</time>
      </trkpt>
      <trkpt lat="41.626344" lon="2.408283">
        <ele>380.369</ele>
        <time>2024-12-13T11:11:41Z</time>
      </trkpt>
      <trkpt lat="41.626337" lon="2.408221">
        <ele>379.953</ele>
        <time>2024-12-13T11:11:46Z</time>
      </trkpt>
      <trkpt lat="41.626319" lon="2.408146">
        <ele>379.236</ele>
        <time>2024-12-13T11:11:51Z</time>
      </trkpt>
      <trkpt lat="41.626320" lon="2.408105">
        <ele>379.028</ele>
        <time>2024-12-13T11:11:54Z</time>
      </trkpt>
      <trkpt lat="41.626331" lon="2.408042">
        <ele>378.989</ele>
        <time>2024-12-13T11:11:59Z</time>
      </trkpt>
      <trkpt lat="41.626335" lon="2.408005">
        <ele>378.717</ele>
        <time>2024-12-13T11:12:01Z</time>
      </trkpt>
      <trkpt lat="41.626340" lon="2.407966">
        <ele>378.509</ele>
        <time>2024-12-13T11:12:05Z</time>
      </trkpt>
      <trkpt lat="41.626348" lon="2.407896">
        <ele>378.123</ele>
        <time>2024-12-13T11:12:10Z</time>
      </trkpt>
      <trkpt lat="41.626349" lon="2.407850">
        <ele>377.831</ele>
        <time>2024-12-13T11:12:14Z</time>
      </trkpt>
      <trkpt lat="41.626351" lon="2.407809">
        <ele>377.568</ele>
        <time>2024-12-13T11:12:17Z</time>
      </trkpt>
      <trkpt lat="41.626366" lon="2.407767">
        <ele>377.580</ele>
        <time>2024-12-13T11:12:21Z</time>
      </trkpt>
      <trkpt lat="41.626374" lon="2.407705">
        <ele>377.575</ele>
        <time>2024-12-13T11:12:28Z</time>
      </trkpt>
      <trkpt lat="41.626383" lon="2.407665">
        <ele>377.518</ele>
        <time>2024-12-13T11:12:32Z</time>
      </trkpt>
      <trkpt lat="41.626390" lon="2.407620">
        <ele>377.442</ele>
        <time>2024-12-13T11:12:37Z</time>
      </trkpt>
      <trkpt lat="41.626398" lon="2.407581">
        <ele>377.446</ele>
        <time>2024-12-13T11:12:41Z</time>
      </trkpt>
      <trkpt lat="41.626402" lon="2.407545">
        <ele>377.379</ele>
        <time>2024-12-13T11:12:45Z</time>
      </trkpt>
      <trkpt lat="41.626408" lon="2.407505">
        <ele>377.244</ele>
        <time>2024-12-13T11:12:50Z</time>
      </trkpt>
      <trkpt lat="41.626414" lon="2.407469">
        <ele>377.105</ele>
        <time>2024-12-13T11:12:55Z</time>
      </trkpt>
      <trkpt lat="41.626418" lon="2.407428">
        <ele>377.015</ele>
        <time>2024-12-13T11:13:00Z</time>
      </trkpt>
      <trkpt lat="41.626440" lon="2.407361">
        <ele>377.109</ele>
        <time>2024-12-13T11:13:08Z</time>
      </trkpt>
      <trkpt lat="41.626465" lon="2.407345">
        <ele>377.455</ele>
        <time>2024-12-13T11:13:14Z</time>
      </trkpt>
      <trkpt lat="41.626476" lon="2.407279">
        <ele>377.633</ele>
        <time>2024-12-13T11:13:19Z</time>
      </trkpt>
      <trkpt lat="41.626508" lon="2.407262">
        <ele>378.150</ele>
        <time>2024-12-13T11:13:28Z</time>
      </trkpt>
      <trkpt lat="41.626532" lon="2.407231">
        <ele>378.682</ele>
        <time>2024-12-13T11:13:39Z</time>
      </trkpt>
      <trkpt lat="41.626558" lon="2.407257">
        <ele>378.917</ele>
        <time>2024-12-13T11:13:53Z</time>
      </trkpt>
      <trkpt lat="41.626561" lon="2.407293">
        <ele>378.950</ele>
        <time>2024-12-13T11:14:01Z</time>
      </trkpt>
      <trkpt lat="41.626551" lon="2.407360">
        <ele>378.554</ele>
        <time>2024-12-13T11:14:15Z</time>
      </trkpt>
      <trkpt lat="41.626548" lon="2.407422">
        <ele>378.378</ele>
        <time>2024-12-13T11:14:20Z</time>
      </trkpt>
      <trkpt lat="41.626560" lon="2.407478">
        <ele>378.371</ele>
        <time>2024-12-13T11:14:25Z</time>
      </trkpt>
      <trkpt lat="41.626573" lon="2.407520">
        <ele>378.496</ele>
        <time>2024-12-13T11:14:28Z</time>
      </trkpt>
      <trkpt lat="41.626592" lon="2.407577">
        <ele>378.931</ele>
        <time>2024-12-13T11:14:38Z</time>
      </trkpt>
      <trkpt lat="41.626623" lon="2.407575">
        <ele>379.224</ele>
        <time>2024-12-13T11:14:47Z</time>
      </trkpt>
      <trkpt lat="41.626659" lon="2.407550">
        <ele>379.309</ele>
        <time>2024-12-13T11:14:52Z</time>
      </trkpt>
      <trkpt lat="41.626654" lon="2.407505">
        <ele>378.950</ele>
        <time>2024-12-13T11:15:01Z</time>
      </trkpt>
      <trkpt lat="41.626645" lon="2.407448">
        <ele>379.268</ele>
        <time>2024-12-13T11:15:17Z</time>
      </trkpt>
      <trkpt lat="41.626649" lon="2.407467">
        <ele>379.155</ele>
        <time>2024-12-13T11:15:21Z</time>
      </trkpt>
      <trkpt lat="41.626669" lon="2.407526">
        <ele>379.127</ele>
        <time>2024-12-13T11:15:31Z</time>
      </trkpt>
      <trkpt lat="41.626657" lon="2.407572">
        <ele>379.452</ele>
        <time>2024-12-13T11:15:37Z</time>
      </trkpt>
      <trkpt lat="41.626625" lon="2.407597">
        <ele>379.325</ele>
        <time>2024-12-13T11:15:45Z</time>
      </trkpt>
      <trkpt lat="41.626588" lon="2.407572">
        <ele>378.939</ele>
        <time>2024-12-13T11:15:49Z</time>
      </trkpt>
      <trkpt lat="41.626575" lon="2.407540">
        <ele>378.613</ele>
        <time>2024-12-13T11:15:52Z</time>
      </trkpt>
      <trkpt lat="41.626568" lon="2.407504">
        <ele>378.376</ele>
        <time>2024-12-13T11:15:55Z</time>
      </trkpt>
      <trkpt lat="41.626558" lon="2.407436">
        <ele>378.449</ele>
        <time>2024-12-13T11:16:02Z</time>
      </trkpt>
      <trkpt lat="41.626551" lon="2.407401">
        <ele>378.402</ele>
        <time>2024-12-13T11:16:06Z</time>
      </trkpt>
      <trkpt lat="41.626553" lon="2.407363">
        <ele>378.622</ele>
        <time>2024-12-13T11:16:10Z</time>
      </trkpt>
      <trkpt lat="41.626556" lon="2.407317">
        <ele>378.709</ele>
        <time>2024-12-13T11:16:15Z</time>
      </trkpt>
      <trkpt lat="41.626557" lon="2.407271">
        <ele>378.995</ele>
        <time>2024-12-13T11:16:21Z</time>
      </trkpt>
      <trkpt lat="41.626524" lon="2.407225">
        <ele>378.443</ele>
        <time>2024-12-13T11:16:32Z</time>
      </trkpt>
      <trkpt lat="41.626507" lon="2.407276">
        <ele>378.190</ele>
        <time>2024-12-13T11:16:42Z</time>
      </trkpt>
      <trkpt lat="41.626480" lon="2.407298">
        <ele>377.622</ele>
        <time>2024-12-13T11:16:45Z</time>
      </trkpt>
      <trkpt lat="41.626456" lon="2.407358">
        <ele>377.317</ele>
        <time>2024-12-13T11:16:50Z</time>
      </trkpt>
      <trkpt lat="41.626433" lon="2.407401">
        <ele>377.160</ele>
        <time>2024-12-13T11:16:54Z</time>
      </trkpt>
      <trkpt lat="41.626422" lon="2.407440">
        <ele>377.164</ele>
        <time>2024-12-13T11:16:57Z</time>
      </trkpt>
      <trkpt lat="41.626414" lon="2.407498">
        <ele>377.258</ele>
        <time>2024-12-13T11:17:01Z</time>
      </trkpt>
      <trkpt lat="41.626414" lon="2.407549">
        <ele>377.481</ele>
        <time>2024-12-13T11:17:05Z</time>
      </trkpt>
      <trkpt lat="41.626405" lon="2.407586">
        <ele>377.499</ele>
        <time>2024-12-13T11:17:09Z</time>
      </trkpt>
      <trkpt lat="41.626402" lon="2.407630">
        <ele>377.607</ele>
        <time>2024-12-13T11:17:13Z</time>
      </trkpt>
      <trkpt lat="41.626378" lon="2.407638">
        <ele>377.327</ele>
        <time>2024-12-13T11:17:23Z</time>
      </trkpt>
      <trkpt lat="41.626372" lon="2.407691">
        <ele>377.409</ele>
        <time>2024-12-13T11:17:27Z</time>
      </trkpt>
      <trkpt lat="41.626353" lon="2.407770">
        <ele>377.310</ele>
        <time>2024-12-13T11:17:33Z</time>
      </trkpt>
      <trkpt lat="41.626341" lon="2.407804">
        <ele>377.368</ele>
        <time>2024-12-13T11:17:36Z</time>
      </trkpt>
      <trkpt lat="41.626341" lon="2.407871">
        <ele>377.885</ele>
        <time>2024-12-13T11:17:40Z</time>
      </trkpt>
      <trkpt lat="41.626314" lon="2.407933">
        <ele>377.847</ele>
        <time>2024-12-13T11:17:45Z</time>
      </trkpt>
      <trkpt lat="41.626294" lon="2.407964">
        <ele>377.632</ele>
        <time>2024-12-13T11:17:48Z</time>
      </trkpt>
      <trkpt lat="41.626278" lon="2.407995">
        <ele>377.615</ele>
        <time>2024-12-13T11:17:51Z</time>
      </trkpt>
      <trkpt lat="41.626268" lon="2.408032">
        <ele>377.799</ele>
        <time>2024-12-13T11:17:55Z</time>
      </trkpt>
      <trkpt lat="41.626252" lon="2.408073">
        <ele>377.753</ele>
        <time>2024-12-13T11:17:58Z</time>
      </trkpt>
      <trkpt lat="41.626240" lon="2.408107">
        <ele>377.776</ele>
        <time>2024-12-13T11:18:03Z</time>
      </trkpt>
      <trkpt lat="41.626231" lon="2.408165">
        <ele>378.036</ele>
        <time>2024-12-13T11:18:07Z</time>
      </trkpt>
      <trkpt lat="41.626218" lon="2.408202">
        <ele>378.117</ele>
        <time>2024-12-13T11:18:10Z</time>
      </trkpt>
      <trkpt lat="41.626191" lon="2.408271">
        <ele>378.318</ele>
        <time>2024-12-13T11:18:15Z</time>
      </trkpt>
      <trkpt lat="41.626167" lon="2.408294">
        <ele>378.209</ele>
        <time>2024-12-13T11:18:18Z</time>
      </trkpt>
      <trkpt lat="41.626152" lon="2.408325">
        <ele>378.434</ele>
        <time>2024-12-13T11:18:21Z</time>
      </trkpt>
      <trkpt lat="41.626139" lon="2.408360">
        <ele>378.732</ele>
        <time>2024-12-13T11:18:23Z</time>
      </trkpt>
      <trkpt lat="41.626128" lon="2.408395">
        <ele>379.139</ele>
        <time>2024-12-13T11:18:26Z</time>
      </trkpt>
      <trkpt lat="41.626119" lon="2.408433">
        <ele>379.561</ele>
        <time>2024-12-13T11:18:29Z</time>
      </trkpt>
      <trkpt lat="41.626109" lon="2.408469">
        <ele>379.946</ele>
        <time>2024-12-13T11:18:31Z</time>
      </trkpt>
      <trkpt lat="41.626095" lon="2.408504">
        <ele>380.019</ele>
        <time>2024-12-13T11:18:34Z</time>
      </trkpt>
      <trkpt lat="41.626084" lon="2.408537">
        <ele>380.163</ele>
        <time>2024-12-13T11:18:36Z</time>
      </trkpt>
      <trkpt lat="41.626070" lon="2.408588">
        <ele>380.457</ele>
        <time>2024-12-13T11:18:40Z</time>
      </trkpt>
      <trkpt lat="41.626058" lon="2.408628">
        <ele>380.560</ele>
        <time>2024-12-13T11:18:43Z</time>
      </trkpt>
      <trkpt lat="41.626022" lon="2.408687">
        <ele>380.469</ele>
        <time>2024-12-13T11:18:48Z</time>
      </trkpt>
      <trkpt lat="41.626002" lon="2.408716">
        <ele>380.304</ele>
        <time>2024-12-13T11:18:51Z</time>
      </trkpt>
      <trkpt lat="41.625970" lon="2.408759">
        <ele>380.124</ele>
        <time>2024-12-13T11:18:55Z</time>
      </trkpt>
      <trkpt lat="41.625946" lon="2.408781">
        <ele>379.809</ele>
        <time>2024-12-13T11:18:58Z</time>
      </trkpt>
      <trkpt lat="41.625908" lon="2.408816">
        <ele>379.477</ele>
        <time>2024-12-13T11:19:02Z</time>
      </trkpt>
      <trkpt lat="41.625888" lon="2.408841">
        <ele>379.485</ele>
        <time>2024-12-13T11:19:04Z</time>
      </trkpt>
      <trkpt lat="41.625850" lon="2.408888">
        <ele>379.412</ele>
        <time>2024-12-13T11:19:09Z</time>
      </trkpt>
      <trkpt lat="41.625824" lon="2.408914">
        <ele>379.244</ele>
        <time>2024-12-13T11:19:12Z</time>
      </trkpt>
      <trkpt lat="41.625802" lon="2.408936">
        <ele>379.069</ele>
        <time>2024-12-13T11:19:14Z</time>
      </trkpt>
      <trkpt lat="41.625777" lon="2.408951">
        <ele>378.732</ele>
        <time>2024-12-13T11:19:18Z</time>
      </trkpt>
      <trkpt lat="41.625728" lon="2.408982">
        <ele>377.966</ele>
        <time>2024-12-13T11:19:23Z</time>
      </trkpt>
      <trkpt lat="41.625700" lon="2.408999">
        <ele>377.490</ele>
        <time>2024-12-13T11:19:25Z</time>
      </trkpt>
      <trkpt lat="41.625659" lon="2.409002">
        <ele>376.473</ele>
        <time>2024-12-13T11:19:29Z</time>
      </trkpt>
      <trkpt lat="41.625628" lon="2.409011">
        <ele>375.717</ele>
        <time>2024-12-13T11:19:33Z</time>
      </trkpt>
      <trkpt lat="41.625601" lon="2.409024">
        <ele>375.287</ele>
        <time>2024-12-13T11:19:36Z</time>
      </trkpt>
      <trkpt lat="41.625574" lon="2.409039">
        <ele>374.715</ele>
        <time>2024-12-13T11:19:39Z</time>
      </trkpt>
      <trkpt lat="41.625545" lon="2.409049">
        <ele>374.009</ele>
        <time>2024-12-13T11:19:41Z</time>
      </trkpt>
      <trkpt lat="41.625498" lon="2.409054">
        <ele>372.872</ele>
        <time>2024-12-13T11:19:48Z</time>
      </trkpt>
      <trkpt lat="41.625469" lon="2.409066">
        <ele>372.220</ele>
        <time>2024-12-13T11:19:51Z</time>
      </trkpt>
      <trkpt lat="41.625426" lon="2.409108">
        <ele>371.457</ele>
        <time>2024-12-13T11:19:56Z</time>
      </trkpt>
      <trkpt lat="41.625404" lon="2.409131">
        <ele>370.919</ele>
        <time>2024-12-13T11:19:59Z</time>
      </trkpt>
      <trkpt lat="41.625374" lon="2.409198">
        <ele>370.434</ele>
        <time>2024-12-13T11:20:04Z</time>
      </trkpt>
      <trkpt lat="41.625356" lon="2.409225">
        <ele>370.147</ele>
        <time>2024-12-13T11:20:08Z</time>
      </trkpt>
      <trkpt lat="41.625312" lon="2.409272">
        <ele>369.091</ele>
        <time>2024-12-13T11:20:13Z</time>
      </trkpt>
      <trkpt lat="41.625270" lon="2.409312">
        <ele>367.865</ele>
        <time>2024-12-13T11:20:20Z</time>
      </trkpt>
      <trkpt lat="41.625225" lon="2.409318">
        <ele>366.758</ele>
        <time>2024-12-13T11:20:24Z</time>
      </trkpt>
      <trkpt lat="41.625199" lon="2.409258">
        <ele>365.833</ele>
        <time>2024-12-13T11:20:29Z</time>
      </trkpt>
      <trkpt lat="41.625184" lon="2.409200">
        <ele>365.123</ele>
        <time>2024-12-13T11:20:34Z</time>
      </trkpt>
      <trkpt lat="41.625189" lon="2.409162">
        <ele>365.115</ele>
        <time>2024-12-13T11:20:37Z</time>
      </trkpt>
      <trkpt lat="41.625193" lon="2.409097">
        <ele>365.209</ele>
        <time>2024-12-13T11:20:43Z</time>
      </trkpt>
      <trkpt lat="41.625198" lon="2.409040">
        <ele>365.444</ele>
        <time>2024-12-13T11:20:47Z</time>
      </trkpt>
      <trkpt lat="41.625225" lon="2.408969">
        <ele>366.012</ele>
        <time>2024-12-13T11:20:53Z</time>
      </trkpt>
      <trkpt lat="41.625238" lon="2.408936">
        <ele>366.319</ele>
        <time>2024-12-13T11:20:55Z</time>
      </trkpt>
      <trkpt lat="41.625268" lon="2.408878">
        <ele>366.891</ele>
        <time>2024-12-13T11:21:00Z</time>
      </trkpt>
      <trkpt lat="41.625286" lon="2.408851">
        <ele>366.956</ele>
        <time>2024-12-13T11:21:02Z</time>
      </trkpt>
      <trkpt lat="41.625296" lon="2.408811">
        <ele>366.769</ele>
        <time>2024-12-13T11:21:06Z</time>
      </trkpt>
      <trkpt lat="41.625313" lon="2.408783">
        <ele>366.883</ele>
        <time>2024-12-13T11:21:09Z</time>
      </trkpt>
      <trkpt lat="41.625334" lon="2.408757">
        <ele>366.927</ele>
        <time>2024-12-13T11:21:13Z</time>
      </trkpt>
      <trkpt lat="41.625354" lon="2.408728">
        <ele>366.970</ele>
        <time>2024-12-13T11:21:16Z</time>
      </trkpt>
      <trkpt lat="41.625371" lon="2.408700">
        <ele>366.944</ele>
        <time>2024-12-13T11:21:19Z</time>
      </trkpt>
      <trkpt lat="41.625405" lon="2.408647">
        <ele>366.805</ele>
        <time>2024-12-13T11:21:24Z</time>
      </trkpt>
      <trkpt lat="41.625421" lon="2.408612">
        <ele>366.615</ele>
        <time>2024-12-13T11:21:28Z</time>
      </trkpt>
      <trkpt lat="41.625437" lon="2.408581">
        <ele>366.409</ele>
        <time>2024-12-13T11:21:30Z</time>
      </trkpt>
      <trkpt lat="41.625455" lon="2.408553">
        <ele>366.395</ele>
        <time>2024-12-13T11:21:34Z</time>
      </trkpt>
      <trkpt lat="41.625478" lon="2.408525">
        <ele>366.283</ele>
        <time>2024-12-13T11:21:37Z</time>
      </trkpt>
      <trkpt lat="41.625490" lon="2.408486">
        <ele>365.930</ele>
        <time>2024-12-13T11:21:41Z</time>
      </trkpt>
      <trkpt lat="41.625506" lon="2.408456">
        <ele>365.842</ele>
        <time>2024-12-13T11:21:43Z</time>
      </trkpt>
      <trkpt lat="41.625517" lon="2.408389">
        <ele>365.297</ele>
        <time>2024-12-13T11:21:48Z</time>
      </trkpt>
      <trkpt lat="41.625531" lon="2.408318">
        <ele>364.620</ele>
        <time>2024-12-13T11:21:53Z</time>
      </trkpt>
      <trkpt lat="41.625538" lon="2.408272">
        <ele>364.154</ele>
        <time>2024-12-13T11:21:57Z</time>
      </trkpt>
      <trkpt lat="41.625541" lon="2.408232">
        <ele>363.718</ele>
        <time>2024-12-13T11:22:00Z</time>
      </trkpt>
      <trkpt lat="41.625537" lon="2.408161">
        <ele>362.931</ele>
        <time>2024-12-13T11:22:05Z</time>
      </trkpt>
      <trkpt lat="41.625528" lon="2.408089">
        <ele>362.198</ele>
        <time>2024-12-13T11:22:10Z</time>
      </trkpt>
      <trkpt lat="41.625524" lon="2.408051">
        <ele>361.615</ele>
        <time>2024-12-13T11:22:14Z</time>
      </trkpt>
      <trkpt lat="41.625513" lon="2.407979">
        <ele>360.726</ele>
        <time>2024-12-13T11:22:19Z</time>
      </trkpt>
      <trkpt lat="41.625513" lon="2.407913">
        <ele>359.909</ele>
        <time>2024-12-13T11:22:24Z</time>
      </trkpt>
      <trkpt lat="41.625520" lon="2.407840">
        <ele>359.250</ele>
        <time>2024-12-13T11:22:29Z</time>
      </trkpt>
      <trkpt lat="41.625519" lon="2.407772">
        <ele>358.438</ele>
        <time>2024-12-13T11:22:34Z</time>
      </trkpt>
      <trkpt lat="41.625519" lon="2.407733">
        <ele>357.995</ele>
        <time>2024-12-13T11:22:39Z</time>
      </trkpt>
      <trkpt lat="41.625512" lon="2.407666">
        <ele>357.017</ele>
        <time>2024-12-13T11:22:46Z</time>
      </trkpt>
      <trkpt lat="41.625521" lon="2.407630">
        <ele>356.882</ele>
        <time>2024-12-13T11:22:48Z</time>
      </trkpt>
      <trkpt lat="41.625524" lon="2.407593">
        <ele>356.465</ele>
        <time>2024-12-13T11:22:51Z</time>
      </trkpt>
      <trkpt lat="41.625522" lon="2.407553">
        <ele>355.979</ele>
        <time>2024-12-13T11:22:54Z</time>
      </trkpt>
      <trkpt lat="41.625526" lon="2.407517">
        <ele>355.633</ele>
        <time>2024-12-13T11:22:58Z</time>
      </trkpt>
      <trkpt lat="41.625529" lon="2.407480">
        <ele>355.126</ele>
        <time>2024-12-13T11:23:01Z</time>
      </trkpt>
      <trkpt lat="41.625531" lon="2.407440">
        <ele>354.661</ele>
        <time>2024-12-13T11:23:04Z</time>
      </trkpt>
      <trkpt lat="41.625528" lon="2.407372">
        <ele>353.621</ele>
        <time>2024-12-13T11:23:10Z</time>
      </trkpt>
      <trkpt lat="41.625540" lon="2.407303">
        <ele>352.813</ele>
        <time>2024-12-13T11:23:17Z</time>
      </trkpt>
      <trkpt lat="41.625550" lon="2.407234">
        <ele>352.109</ele>
        <time>2024-12-13T11:23:23Z</time>
      </trkpt>
      <trkpt lat="41.625547" lon="2.407158">
        <ele>351.147</ele>
        <time>2024-12-13T11:23:29Z</time>
      </trkpt>
      <trkpt lat="41.625559" lon="2.407123">
        <ele>351.095</ele>
        <time>2024-12-13T11:23:32Z</time>
      </trkpt>
      <trkpt lat="41.625566" lon="2.407086">
        <ele>350.892</ele>
        <time>2024-12-13T11:23:35Z</time>
      </trkpt>
      <trkpt lat="41.625578" lon="2.407017">
        <ele>350.444</ele>
        <time>2024-12-13T11:23:42Z</time>
      </trkpt>
      <trkpt lat="41.625588" lon="2.406949">
        <ele>349.979</ele>
        <time>2024-12-13T11:23:46Z</time>
      </trkpt>
      <trkpt lat="41.625599" lon="2.406877">
        <ele>349.322</ele>
        <time>2024-12-13T11:23:53Z</time>
      </trkpt>
      <trkpt lat="41.625606" lon="2.406802">
        <ele>348.646</ele>
        <time>2024-12-13T11:23:58Z</time>
      </trkpt>
      <trkpt lat="41.625602" lon="2.406763">
        <ele>348.190</ele>
        <time>2024-12-13T11:24:02Z</time>
      </trkpt>
      <trkpt lat="41.625615" lon="2.406730">
        <ele>348.063</ele>
        <time>2024-12-13T11:24:05Z</time>
      </trkpt>
      <trkpt lat="41.625622" lon="2.406692">
        <ele>347.785</ele>
        <time>2024-12-13T11:24:08Z</time>
      </trkpt>
      <trkpt lat="41.625623" lon="2.406656">
        <ele>347.389</ele>
        <time>2024-12-13T11:24:11Z</time>
      </trkpt>
      <trkpt lat="41.625624" lon="2.406617">
        <ele>346.717</ele>
        <time>2024-12-13T11:24:14Z</time>
      </trkpt>
      <trkpt lat="41.625625" lon="2.406576">
        <ele>346.109</ele>
        <time>2024-12-13T11:24:17Z</time>
      </trkpt>
      <trkpt lat="41.625628" lon="2.406534">
        <ele>345.569</ele>
        <time>2024-12-13T11:24:20Z</time>
      </trkpt>
      <trkpt lat="41.625632" lon="2.406497">
        <ele>345.097</ele>
        <time>2024-12-13T11:24:23Z</time>
      </trkpt>
      <trkpt lat="41.625642" lon="2.406432">
        <ele>344.254</ele>
        <time>2024-12-13T11:24:29Z</time>
      </trkpt>
      <trkpt lat="41.625645" lon="2.406391">
        <ele>343.656</ele>
        <time>2024-12-13T11:24:32Z</time>
      </trkpt>
      <trkpt lat="41.625647" lon="2.406321">
        <ele>342.871</ele>
        <time>2024-12-13T11:24:38Z</time>
      </trkpt>
      <trkpt lat="41.625649" lon="2.406280">
        <ele>342.284</ele>
        <time>2024-12-13T11:24:40Z</time>
      </trkpt>
      <trkpt lat="41.625649" lon="2.406239">
        <ele>341.748</ele>
        <time>2024-12-13T11:24:44Z</time>
      </trkpt>
      <trkpt lat="41.625653" lon="2.406172">
        <ele>340.992</ele>
        <time>2024-12-13T11:24:48Z</time>
      </trkpt>
      <trkpt lat="41.625655" lon="2.406133">
        <ele>340.425</ele>
        <time>2024-12-13T11:24:51Z</time>
      </trkpt>
      <trkpt lat="41.625653" lon="2.406088">
        <ele>339.974</ele>
        <time>2024-12-13T11:24:54Z</time>
      </trkpt>
      <trkpt lat="41.625658" lon="2.406046">
        <ele>339.656</ele>
        <time>2024-12-13T11:24:57Z</time>
      </trkpt>
      <trkpt lat="41.625662" lon="2.406008">
        <ele>339.421</ele>
        <time>2024-12-13T11:24:59Z</time>
      </trkpt>
      <trkpt lat="41.625661" lon="2.405969">
        <ele>339.109</ele>
        <time>2024-12-13T11:25:02Z</time>
      </trkpt>
      <trkpt lat="41.625660" lon="2.405903">
        <ele>338.628</ele>
        <time>2024-12-13T11:25:06Z</time>
      </trkpt>
      <trkpt lat="41.625659" lon="2.405867">
        <ele>338.456</ele>
        <time>2024-12-13T11:25:09Z</time>
      </trkpt>
      <trkpt lat="41.625654" lon="2.405824">
        <ele>338.013</ele>
        <time>2024-12-13T11:25:12Z</time>
      </trkpt>
      <trkpt lat="41.625648" lon="2.405786">
        <ele>337.865</ele>
        <time>2024-12-13T11:25:14Z</time>
      </trkpt>
      <trkpt lat="41.625646" lon="2.405747">
        <ele>337.610</ele>
        <time>2024-12-13T11:25:17Z</time>
      </trkpt>
      <trkpt lat="41.625638" lon="2.405679">
        <ele>337.233</ele>
        <time>2024-12-13T11:25:22Z</time>
      </trkpt>
      <trkpt lat="41.625632" lon="2.405638">
        <ele>336.957</ele>
        <time>2024-12-13T11:25:25Z</time>
      </trkpt>
      <trkpt lat="41.625623" lon="2.405594">
        <ele>336.791</ele>
        <time>2024-12-13T11:25:28Z</time>
      </trkpt>
      <trkpt lat="41.625616" lon="2.405556">
        <ele>336.414</ele>
        <time>2024-12-13T11:25:31Z</time>
      </trkpt>
      <trkpt lat="41.625606" lon="2.405491">
        <ele>335.972</ele>
        <time>2024-12-13T11:25:36Z</time>
      </trkpt>
      <trkpt lat="41.625604" lon="2.405436">
        <ele>335.513</ele>
        <time>2024-12-13T11:25:41Z</time>
      </trkpt>
      <trkpt lat="41.625581" lon="2.405377">
        <ele>334.914</ele>
        <time>2024-12-13T11:25:45Z</time>
      </trkpt>
      <trkpt lat="41.625566" lon="2.405342">
        <ele>334.509</ele>
        <time>2024-12-13T11:25:50Z</time>
      </trkpt>
      <trkpt lat="41.625532" lon="2.405283">
        <ele>333.978</ele>
        <time>2024-12-13T11:25:55Z</time>
      </trkpt>
      <trkpt lat="41.625515" lon="2.405249">
        <ele>333.586</ele>
        <time>2024-12-13T11:25:58Z</time>
      </trkpt>
      <trkpt lat="41.625482" lon="2.405194">
        <ele>332.843</ele>
        <time>2024-12-13T11:26:03Z</time>
      </trkpt>
      <trkpt lat="41.625448" lon="2.405143">
        <ele>332.165</ele>
        <time>2024-12-13T11:26:08Z</time>
      </trkpt>
      <trkpt lat="41.625426" lon="2.405116">
        <ele>331.650</ele>
        <time>2024-12-13T11:26:11Z</time>
      </trkpt>
      <trkpt lat="41.625399" lon="2.405091">
        <ele>331.143</ele>
        <time>2024-12-13T11:26:14Z</time>
      </trkpt>
      <trkpt lat="41.625372" lon="2.405063">
        <ele>330.697</ele>
        <time>2024-12-13T11:26:17Z</time>
      </trkpt>
      <trkpt lat="41.625346" lon="2.405036">
        <ele>330.121</ele>
        <time>2024-12-13T11:26:20Z</time>
      </trkpt>
      <trkpt lat="41.625324" lon="2.405015">
        <ele>329.794</ele>
        <time>2024-12-13T11:26:23Z</time>
      </trkpt>
      <trkpt lat="41.625299" lon="2.404996">
        <ele>329.244</ele>
        <time>2024-12-13T11:26:26Z</time>
      </trkpt>
      <trkpt lat="41.625274" lon="2.404981">
        <ele>328.905</ele>
        <time>2024-12-13T11:26:29Z</time>
      </trkpt>
      <trkpt lat="41.625226" lon="2.404952">
        <ele>329.015</ele>
        <time>2024-12-13T11:26:34Z</time>
      </trkpt>
      <trkpt lat="41.625183" lon="2.404917">
        <ele>329.009</ele>
        <time>2024-12-13T11:26:39Z</time>
      </trkpt>
      <trkpt lat="41.625142" lon="2.404883">
        <ele>329.175</ele>
        <time>2024-12-13T11:26:44Z</time>
      </trkpt>
      <trkpt lat="41.625099" lon="2.404843">
        <ele>329.193</ele>
        <time>2024-12-13T11:26:49Z</time>
      </trkpt>
      <trkpt lat="41.625052" lon="2.404801">
        <ele>329.140</ele>
        <time>2024-12-13T11:26:54Z</time>
      </trkpt>
      <trkpt lat="41.625000" lon="2.404766">
        <ele>329.212</ele>
        <time>2024-12-13T11:26:59Z</time>
      </trkpt>
      <trkpt lat="41.624971" lon="2.404747">
        <ele>329.357</ele>
        <time>2024-12-13T11:27:02Z</time>
      </trkpt>
      <trkpt lat="41.624945" lon="2.404734">
        <ele>329.490</ele>
        <time>2024-12-13T11:27:05Z</time>
      </trkpt>
      <trkpt lat="41.624899" lon="2.404695">
        <ele>329.854</ele>
        <time>2024-12-13T11:27:10Z</time>
      </trkpt>
      <trkpt lat="41.624870" lon="2.404682">
        <ele>329.958</ele>
        <time>2024-12-13T11:27:12Z</time>
      </trkpt>
      <trkpt lat="41.624846" lon="2.404664">
        <ele>330.141</ele>
        <time>2024-12-13T11:27:15Z</time>
      </trkpt>
      <trkpt lat="41.624820" lon="2.404645">
        <ele>330.243</ele>
        <time>2024-12-13T11:27:17Z</time>
      </trkpt>
      <trkpt lat="41.624772" lon="2.404608">
        <ele>330.464</ele>
        <time>2024-12-13T11:27:22Z</time>
      </trkpt>
      <trkpt lat="41.624722" lon="2.404576">
        <ele>330.510</ele>
        <time>2024-12-13T11:27:28Z</time>
      </trkpt>
      <trkpt lat="41.624671" lon="2.404545">
        <ele>330.109</ele>
        <time>2024-12-13T11:27:34Z</time>
      </trkpt>
      <trkpt lat="41.624631" lon="2.404501">
        <ele>329.735</ele>
        <time>2024-12-13T11:27:39Z</time>
      </trkpt>
      <trkpt lat="41.624606" lon="2.404477">
        <ele>329.443</ele>
        <time>2024-12-13T11:27:42Z</time>
      </trkpt>
      <trkpt lat="41.624563" lon="2.404434">
        <ele>328.850</ele>
        <time>2024-12-13T11:27:46Z</time>
      </trkpt>
      <trkpt lat="41.624534" lon="2.404416">
        <ele>328.572</ele>
        <time>2024-12-13T11:27:49Z</time>
      </trkpt>
      <trkpt lat="41.624490" lon="2.404390">
        <ele>328.197</ele>
        <time>2024-12-13T11:27:54Z</time>
      </trkpt>
      <trkpt lat="41.624462" lon="2.404372">
        <ele>327.950</ele>
        <time>2024-12-13T11:27:58Z</time>
      </trkpt>
      <trkpt lat="41.624422" lon="2.404338">
        <ele>327.414</ele>
        <time>2024-12-13T11:28:03Z</time>
      </trkpt>
      <trkpt lat="41.624391" lon="2.404299">
        <ele>327.068</ele>
        <time>2024-12-13T11:28:07Z</time>
      </trkpt>
      <trkpt lat="41.624364" lon="2.404266">
        <ele>326.551</ele>
        <time>2024-12-13T11:28:11Z</time>
      </trkpt>
      <trkpt lat="41.624351" lon="2.404228">
        <ele>326.182</ele>
        <time>2024-12-13T11:28:13Z</time>
      </trkpt>
      <trkpt lat="41.624323" lon="2.404173">
        <ele>325.343</ele>
        <time>2024-12-13T11:28:20Z</time>
      </trkpt>
      <trkpt lat="41.624292" lon="2.404134">
        <ele>324.617</ele>
        <time>2024-12-13T11:28:25Z</time>
      </trkpt>
      <trkpt lat="41.624250" lon="2.404090">
        <ele>323.709</ele>
        <time>2024-12-13T11:28:30Z</time>
      </trkpt>
      <trkpt lat="41.624240" lon="2.404053">
        <ele>323.349</ele>
        <time>2024-12-13T11:28:33Z</time>
      </trkpt>
      <trkpt lat="41.624236" lon="2.404011">
        <ele>323.047</ele>
        <time>2024-12-13T11:28:36Z</time>
      </trkpt>
      <trkpt lat="41.624225" lon="2.403942">
        <ele>322.444</ele>
        <time>2024-12-13T11:28:43Z</time>
      </trkpt>
      <trkpt lat="41.624205" lon="2.403910">
        <ele>321.846</ele>
        <time>2024-12-13T11:28:46Z</time>
      </trkpt>
      <trkpt lat="41.624223" lon="2.403867">
        <ele>322.081</ele>
        <time>2024-12-13T11:28:50Z</time>
      </trkpt>
      <trkpt lat="41.624237" lon="2.403828">
        <ele>322.334</ele>
        <time>2024-12-13T11:28:53Z</time>
      </trkpt>
      <trkpt lat="41.624245" lon="2.403793">
        <ele>322.498</ele>
        <time>2024-12-13T11:28:57Z</time>
      </trkpt>
      <trkpt lat="41.624268" lon="2.403730">
        <ele>322.872</ele>
        <time>2024-12-13T11:29:02Z</time>
      </trkpt>
      <trkpt lat="41.624288" lon="2.403682">
        <ele>323.285</ele>
        <time>2024-12-13T11:29:06Z</time>
      </trkpt>
      <trkpt lat="41.624313" lon="2.403634">
        <ele>323.646</ele>
        <time>2024-12-13T11:29:10Z</time>
      </trkpt>
      <trkpt lat="41.624320" lon="2.403596">
        <ele>323.988</ele>
        <time>2024-12-13T11:29:13Z</time>
      </trkpt>
      <trkpt lat="41.624333" lon="2.403562">
        <ele>324.416</ele>
        <time>2024-12-13T11:29:16Z</time>
      </trkpt>
      <trkpt lat="41.624335" lon="2.403519">
        <ele>324.809</ele>
        <time>2024-12-13T11:29:19Z</time>
      </trkpt>
      <trkpt lat="41.624318" lon="2.403458">
        <ele>325.155</ele>
        <time>2024-12-13T11:29:24Z</time>
      </trkpt>
      <trkpt lat="41.624291" lon="2.403412">
        <ele>325.183</ele>
        <time>2024-12-13T11:29:29Z</time>
      </trkpt>
      <trkpt lat="41.624272" lon="2.403386">
        <ele>325.060</ele>
        <time>2024-12-13T11:29:32Z</time>
      </trkpt>
      <trkpt lat="41.624255" lon="2.403355">
        <ele>325.142</ele>
        <time>2024-12-13T11:29:35Z</time>
      </trkpt>
      <trkpt lat="41.624237" lon="2.403293">
        <ele>325.337</ele>
        <time>2024-12-13T11:29:40Z</time>
      </trkpt>
      <trkpt lat="41.624215" lon="2.403227">
        <ele>325.350</ele>
        <time>2024-12-13T11:29:46Z</time>
      </trkpt>
      <trkpt lat="41.624203" lon="2.403190">
        <ele>325.244</ele>
        <time>2024-12-13T11:29:49Z</time>
      </trkpt>
      <trkpt lat="41.624193" lon="2.403153">
        <ele>325.258</ele>
        <time>2024-12-13T11:29:52Z</time>
      </trkpt>
      <trkpt lat="41.624182" lon="2.403115">
        <ele>325.131</ele>
        <time>2024-12-13T11:29:55Z</time>
      </trkpt>
      <trkpt lat="41.624171" lon="2.403079">
        <ele>325.066</ele>
        <time>2024-12-13T11:29:58Z</time>
      </trkpt>
      <trkpt lat="41.624155" lon="2.403008">
        <ele>325.129</ele>
        <time>2024-12-13T11:30:04Z</time>
      </trkpt>
      <trkpt lat="41.624138" lon="2.402940">
        <ele>325.221</ele>
        <time>2024-12-13T11:30:09Z</time>
      </trkpt>
      <trkpt lat="41.624130" lon="2.402903">
        <ele>325.309</ele>
        <time>2024-12-13T11:30:13Z</time>
      </trkpt>
      <trkpt lat="41.624117" lon="2.402837">
        <ele>325.457</ele>
        <time>2024-12-13T11:30:18Z</time>
      </trkpt>
      <trkpt lat="41.624102" lon="2.402774">
        <ele>325.485</ele>
        <time>2024-12-13T11:30:23Z</time>
      </trkpt>
      <trkpt lat="41.624094" lon="2.402739">
        <ele>325.262</ele>
        <time>2024-12-13T11:30:26Z</time>
      </trkpt>
      <trkpt lat="41.624085" lon="2.402703">
        <ele>324.944</ele>
        <time>2024-12-13T11:30:30Z</time>
      </trkpt>
      <trkpt lat="41.624078" lon="2.402666">
        <ele>324.859</ele>
        <time>2024-12-13T11:30:33Z</time>
      </trkpt>
      <trkpt lat="41.624070" lon="2.402628">
        <ele>324.672</ele>
        <time>2024-12-13T11:30:36Z</time>
      </trkpt>
      <trkpt lat="41.624062" lon="2.402592">
        <ele>324.416</ele>
        <time>2024-12-13T11:30:40Z</time>
      </trkpt>
      <trkpt lat="41.624053" lon="2.402526">
        <ele>324.160</ele>
        <time>2024-12-13T11:30:45Z</time>
      </trkpt>
      <trkpt lat="41.624033" lon="2.402464">
        <ele>323.913</ele>
        <time>2024-12-13T11:30:50Z</time>
      </trkpt>
      <trkpt lat="41.624025" lon="2.402428">
        <ele>324.121</ele>
        <time>2024-12-13T11:30:54Z</time>
      </trkpt>
      <trkpt lat="41.624003" lon="2.402361">
        <ele>324.341</ele>
        <time>2024-12-13T11:31:01Z</time>
      </trkpt>
      <trkpt lat="41.623991" lon="2.402327">
        <ele>324.405</ele>
        <time>2024-12-13T11:31:04Z</time>
      </trkpt>
      <trkpt lat="41.623984" lon="2.402290">
        <ele>324.609</ele>
        <time>2024-12-13T11:31:07Z</time>
      </trkpt>
      <trkpt lat="41.623972" lon="2.402256">
        <ele>324.813</ele>
        <time>2024-12-13T11:31:12Z</time>
      </trkpt>
      <trkpt lat="41.623951" lon="2.402194">
        <ele>325.321</ele>
        <time>2024-12-13T11:31:19Z</time>
      </trkpt>
      <trkpt lat="41.623932" lon="2.402161">
        <ele>325.558</ele>
        <time>2024-12-13T11:31:22Z</time>
      </trkpt>
      <trkpt lat="41.623912" lon="2.402133">
        <ele>325.640</ele>
        <time>2024-12-13T11:31:26Z</time>
      </trkpt>
      <trkpt lat="41.623907" lon="2.402064">
        <ele>326.545</ele>
        <time>2024-12-13T11:31:34Z</time>
      </trkpt>
      <trkpt lat="41.623888" lon="2.402034">
        <ele>326.778</ele>
        <time>2024-12-13T11:31:37Z</time>
      </trkpt>
      <trkpt lat="41.623873" lon="2.401995">
        <ele>327.122</ele>
        <time>2024-12-13T11:31:42Z</time>
      </trkpt>
      <trkpt lat="41.623847" lon="2.401937">
        <ele>327.856</ele>
        <time>2024-12-13T11:31:53Z</time>
      </trkpt>
      <trkpt lat="41.623827" lon="2.401880">
        <ele>328.729</ele>
        <time>2024-12-13T11:32:00Z</time>
      </trkpt>
      <trkpt lat="41.623823" lon="2.401843">
        <ele>329.494</ele>
        <time>2024-12-13T11:32:04Z</time>
      </trkpt>
      <trkpt lat="41.623807" lon="2.401777">
        <ele>330.457</ele>
        <time>2024-12-13T11:32:09Z</time>
      </trkpt>
      <trkpt lat="41.623802" lon="2.401741">
        <ele>331.022</ele>
        <time>2024-12-13T11:32:12Z</time>
      </trkpt>
      <trkpt lat="41.623792" lon="2.401707">
        <ele>331.609</ele>
        <time>2024-12-13T11:32:15Z</time>
      </trkpt>
      <trkpt lat="41.623762" lon="2.401642">
        <ele>332.530</ele>
        <time>2024-12-13T11:32:23Z</time>
      </trkpt>
      <trkpt lat="41.623742" lon="2.401601">
        <ele>333.058</ele>
        <time>2024-12-13T11:32:28Z</time>
      </trkpt>
      <trkpt lat="41.623717" lon="2.401542">
        <ele>333.745</ele>
        <time>2024-12-13T11:32:37Z</time>
      </trkpt>
      <trkpt lat="41.623691" lon="2.401485">
        <ele>334.487</ele>
        <time>2024-12-13T11:32:43Z</time>
      </trkpt>
      <trkpt lat="41.623676" lon="2.401448">
        <ele>334.892</ele>
        <time>2024-12-13T11:32:47Z</time>
      </trkpt>
      <trkpt lat="41.623641" lon="2.401400">
        <ele>335.225</ele>
        <time>2024-12-13T11:32:52Z</time>
      </trkpt>
      <trkpt lat="41.623612" lon="2.401358">
        <ele>335.769</ele>
        <time>2024-12-13T11:32:57Z</time>
      </trkpt>
      <trkpt lat="41.623589" lon="2.401301">
        <ele>336.623</ele>
        <time>2024-12-13T11:33:02Z</time>
      </trkpt>
      <trkpt lat="41.623560" lon="2.401247">
        <ele>337.276</ele>
        <time>2024-12-13T11:33:06Z</time>
      </trkpt>
      <trkpt lat="41.623531" lon="2.401197">
        <ele>337.822</ele>
        <time>2024-12-13T11:33:11Z</time>
      </trkpt>
      <trkpt lat="41.623506" lon="2.401176">
        <ele>337.862</ele>
        <time>2024-12-13T11:33:14Z</time>
      </trkpt>
      <trkpt lat="41.623468" lon="2.401146">
        <ele>337.708</ele>
        <time>2024-12-13T11:33:18Z</time>
      </trkpt>
      <trkpt lat="41.623426" lon="2.401110">
        <ele>337.709</ele>
        <time>2024-12-13T11:33:23Z</time>
      </trkpt>
      <trkpt lat="41.623402" lon="2.401092">
        <ele>337.733</ele>
        <time>2024-12-13T11:33:25Z</time>
      </trkpt>
      <trkpt lat="41.623376" lon="2.401072">
        <ele>337.891</ele>
        <time>2024-12-13T11:33:28Z</time>
      </trkpt>
      <trkpt lat="41.623336" lon="2.401039">
        <ele>338.158</ele>
        <time>2024-12-13T11:33:33Z</time>
      </trkpt>
      <trkpt lat="41.623311" lon="2.401019">
        <ele>338.520</ele>
        <time>2024-12-13T11:33:36Z</time>
      </trkpt>
      <trkpt lat="41.623291" lon="2.400993">
        <ele>339.265</ele>
        <time>2024-12-13T11:33:39Z</time>
      </trkpt>
      <trkpt lat="41.623252" lon="2.400944">
        <ele>340.398</ele>
        <time>2024-12-13T11:33:44Z</time>
      </trkpt>
      <trkpt lat="41.623232" lon="2.400917">
        <ele>341.092</ele>
        <time>2024-12-13T11:33:47Z</time>
      </trkpt>
      <trkpt lat="41.623210" lon="2.400894">
        <ele>341.526</ele>
        <time>2024-12-13T11:33:50Z</time>
      </trkpt>
      <trkpt lat="41.623183" lon="2.400868">
        <ele>342.049</ele>
        <time>2024-12-13T11:33:53Z</time>
      </trkpt>
      <trkpt lat="41.623157" lon="2.400848">
        <ele>342.344</ele>
        <time>2024-12-13T11:33:57Z</time>
      </trkpt>
      <trkpt lat="41.623128" lon="2.400817">
        <ele>342.805</ele>
        <time>2024-12-13T11:34:00Z</time>
      </trkpt>
      <trkpt lat="41.623103" lon="2.400790">
        <ele>343.115</ele>
        <time>2024-12-13T11:34:04Z</time>
      </trkpt>
      <trkpt lat="41.623067" lon="2.400758">
        <ele>343.409</ele>
        <time>2024-12-13T11:34:09Z</time>
      </trkpt>
      <trkpt lat="41.623024" lon="2.400737">
        <ele>344.025</ele>
        <time>2024-12-13T11:34:13Z</time>
      </trkpt>
      <trkpt lat="41.622997" lon="2.400731">
        <ele>344.433</ele>
        <time>2024-12-13T11:34:16Z</time>
      </trkpt>
      <trkpt lat="41.622964" lon="2.400732">
        <ele>344.710</ele>
        <time>2024-12-13T11:34:20Z</time>
      </trkpt>
      <trkpt lat="41.622936" lon="2.400742">
        <ele>344.812</ele>
        <time>2024-12-13T11:34:23Z</time>
      </trkpt>
      <trkpt lat="41.622908" lon="2.400754">
        <ele>344.937</ele>
        <time>2024-12-13T11:34:26Z</time>
      </trkpt>
      <trkpt lat="41.622854" lon="2.400784">
        <ele>344.980</ele>
        <time>2024-12-13T11:34:33Z</time>
      </trkpt>
      <trkpt lat="41.622829" lon="2.400807">
        <ele>344.864</ele>
        <time>2024-12-13T11:34:36Z</time>
      </trkpt>
      <trkpt lat="41.622806" lon="2.400831">
        <ele>344.758</ele>
        <time>2024-12-13T11:34:39Z</time>
      </trkpt>
      <trkpt lat="41.622762" lon="2.400876">
        <ele>344.111</ele>
        <time>2024-12-13T11:34:46Z</time>
      </trkpt>
      <trkpt lat="41.622739" lon="2.400899">
        <ele>343.712</ele>
        <time>2024-12-13T11:34:50Z</time>
      </trkpt>
      <trkpt lat="41.622711" lon="2.400926">
        <ele>343.432</ele>
        <time>2024-12-13T11:34:53Z</time>
      </trkpt>
      <trkpt lat="41.622686" lon="2.400948">
        <ele>343.205</ele>
        <time>2024-12-13T11:34:57Z</time>
      </trkpt>
      <trkpt lat="41.622647" lon="2.400988">
        <ele>342.809</ele>
        <time>2024-12-13T11:35:02Z</time>
      </trkpt>
      <trkpt lat="41.622609" lon="2.401039">
        <ele>342.452</ele>
        <time>2024-12-13T11:35:08Z</time>
      </trkpt>
      <trkpt lat="41.622564" lon="2.401093">
        <ele>342.240</ele>
        <time>2024-12-13T11:35:14Z</time>
      </trkpt>
      <trkpt lat="41.622540" lon="2.401118">
        <ele>342.187</ele>
        <time>2024-12-13T11:35:17Z</time>
      </trkpt>
      <trkpt lat="41.622516" lon="2.401152">
        <ele>341.729</ele>
        <time>2024-12-13T11:35:21Z</time>
      </trkpt>
      <trkpt lat="41.622477" lon="2.401205">
        <ele>340.674</ele>
        <time>2024-12-13T11:35:26Z</time>
      </trkpt>
      <trkpt lat="41.622453" lon="2.401232">
        <ele>339.957</ele>
        <time>2024-12-13T11:35:29Z</time>
      </trkpt>
      <trkpt lat="41.622404" lon="2.401259">
        <ele>339.171</ele>
        <time>2024-12-13T11:35:34Z</time>
      </trkpt>
      <trkpt lat="41.622360" lon="2.401241">
        <ele>339.565</ele>
        <time>2024-12-13T11:35:38Z</time>
      </trkpt>
      <trkpt lat="41.622335" lon="2.401217">
        <ele>340.148</ele>
        <time>2024-12-13T11:35:41Z</time>
      </trkpt>
      <trkpt lat="41.622309" lon="2.401196">
        <ele>340.771</ele>
        <time>2024-12-13T11:35:44Z</time>
      </trkpt>
      <trkpt lat="41.622283" lon="2.401171">
        <ele>341.341</ele>
        <time>2024-12-13T11:35:47Z</time>
      </trkpt>
      <trkpt lat="41.622242" lon="2.401129">
        <ele>342.515</ele>
        <time>2024-12-13T11:35:52Z</time>
      </trkpt>
      <trkpt lat="41.622215" lon="2.401105">
        <ele>343.109</ele>
        <time>2024-12-13T11:35:55Z</time>
      </trkpt>
      <trkpt lat="41.622175" lon="2.401077">
        <ele>343.418</ele>
        <time>2024-12-13T11:36:00Z</time>
      </trkpt>
      <trkpt lat="41.622144" lon="2.401057">
        <ele>343.736</ele>
        <time>2024-12-13T11:36:03Z</time>
      </trkpt>
      <trkpt lat="41.622093" lon="2.401043">
        <ele>343.883</ele>
        <time>2024-12-13T11:36:08Z</time>
      </trkpt>
      <trkpt lat="41.622064" lon="2.401036">
        <ele>343.875</ele>
        <time>2024-12-13T11:36:11Z</time>
      </trkpt>
      <trkpt lat="41.622035" lon="2.401023">
        <ele>344.070</ele>
        <time>2024-12-13T11:36:14Z</time>
      </trkpt>
      <trkpt lat="41.621994" lon="2.400999">
        <ele>344.423</ele>
        <time>2024-12-13T11:36:19Z</time>
      </trkpt>
      <trkpt lat="41.621965" lon="2.400983">
        <ele>344.827</ele>
        <time>2024-12-13T11:36:22Z</time>
      </trkpt>
      <trkpt lat="41.621935" lon="2.400970">
        <ele>345.011</ele>
        <time>2024-12-13T11:36:25Z</time>
      </trkpt>
      <trkpt lat="41.621884" lon="2.400947">
        <ele>345.574</ele>
        <time>2024-12-13T11:36:30Z</time>
      </trkpt>
      <trkpt lat="41.621838" lon="2.400933">
        <ele>345.754</ele>
        <time>2024-12-13T11:36:34Z</time>
      </trkpt>
      <trkpt lat="41.621808" lon="2.400925">
        <ele>345.956</ele>
        <time>2024-12-13T11:36:37Z</time>
      </trkpt>
      <trkpt lat="41.621774" lon="2.400917">
        <ele>346.011</ele>
        <time>2024-12-13T11:36:41Z</time>
      </trkpt>
      <trkpt lat="41.621748" lon="2.400903">
        <ele>346.309</ele>
        <time>2024-12-13T11:36:43Z</time>
      </trkpt>
      <trkpt lat="41.621722" lon="2.400893">
        <ele>346.556</ele>
        <time>2024-12-13T11:36:46Z</time>
      </trkpt>
      <trkpt lat="41.621690" lon="2.400889">
        <ele>346.534</ele>
        <time>2024-12-13T11:36:49Z</time>
      </trkpt>
      <trkpt lat="41.621662" lon="2.400882">
        <ele>346.531</ele>
        <time>2024-12-13T11:36:52Z</time>
      </trkpt>
      <trkpt lat="41.621634" lon="2.400869">
        <ele>346.523</ele>
        <time>2024-12-13T11:36:54Z</time>
      </trkpt>
      <trkpt lat="41.621605" lon="2.400859">
        <ele>346.498</ele>
        <time>2024-12-13T11:36:57Z</time>
      </trkpt>
      <trkpt lat="41.621572" lon="2.400850">
        <ele>346.261</ele>
        <time>2024-12-13T11:37:00Z</time>
      </trkpt>
      <trkpt lat="41.621538" lon="2.400845">
        <ele>345.825</ele>
        <time>2024-12-13T11:37:04Z</time>
      </trkpt>
      <trkpt lat="41.621489" lon="2.400833">
        <ele>345.489</ele>
        <time>2024-12-13T11:37:08Z</time>
      </trkpt>
      <trkpt lat="41.621458" lon="2.400828">
        <ele>345.132</ele>
        <time>2024-12-13T11:37:11Z</time>
      </trkpt>
      <trkpt lat="41.621401" lon="2.400819">
        <ele>344.514</ele>
        <time>2024-12-13T11:37:17Z</time>
      </trkpt>
      <trkpt lat="41.621367" lon="2.400823">
        <ele>344.254</ele>
        <time>2024-12-13T11:37:20Z</time>
      </trkpt>
      <trkpt lat="41.621336" lon="2.400819">
        <ele>344.309</ele>
        <time>2024-12-13T11:37:23Z</time>
      </trkpt>
      <trkpt lat="41.621307" lon="2.400820">
        <ele>344.209</ele>
        <time>2024-12-13T11:37:26Z</time>
      </trkpt>
      <trkpt lat="41.621258" lon="2.400818">
        <ele>344.292</ele>
        <time>2024-12-13T11:37:31Z</time>
      </trkpt>
      <trkpt lat="41.621228" lon="2.400821">
        <ele>344.120</ele>
        <time>2024-12-13T11:37:34Z</time>
      </trkpt>
      <trkpt lat="41.621198" lon="2.400818">
        <ele>344.177</ele>
        <time>2024-12-13T11:37:37Z</time>
      </trkpt>
      <trkpt lat="41.621167" lon="2.400823">
        <ele>344.179</ele>
        <time>2024-12-13T11:37:40Z</time>
      </trkpt>
      <trkpt lat="41.621136" lon="2.400829">
        <ele>344.084</ele>
        <time>2024-12-13T11:37:43Z</time>
      </trkpt>
      <trkpt lat="41.621109" lon="2.400831">
        <ele>344.057</ele>
        <time>2024-12-13T11:37:46Z</time>
      </trkpt>
      <trkpt lat="41.621081" lon="2.400828">
        <ele>343.761</ele>
        <time>2024-12-13T11:37:49Z</time>
      </trkpt>
      <trkpt lat="41.621051" lon="2.400825">
        <ele>343.435</ele>
        <time>2024-12-13T11:37:51Z</time>
      </trkpt>
      <trkpt lat="41.621023" lon="2.400828">
        <ele>343.148</ele>
        <time>2024-12-13T11:37:54Z</time>
      </trkpt>
      <trkpt lat="41.620973" lon="2.400823">
        <ele>342.561</ele>
        <time>2024-12-13T11:37:59Z</time>
      </trkpt>
      <trkpt lat="41.620943" lon="2.400824">
        <ele>342.221</ele>
        <time>2024-12-13T11:38:02Z</time>
      </trkpt>
      <trkpt lat="41.620912" lon="2.400821">
        <ele>341.913</ele>
        <time>2024-12-13T11:38:05Z</time>
      </trkpt>
      <trkpt lat="41.620883" lon="2.400821">
        <ele>341.509</ele>
        <time>2024-12-13T11:38:07Z</time>
      </trkpt>
      <trkpt lat="41.620830" lon="2.400803">
        <ele>340.987</ele>
        <time>2024-12-13T11:38:13Z</time>
      </trkpt>
      <trkpt lat="41.620807" lon="2.400778">
        <ele>340.595</ele>
        <time>2024-12-13T11:38:15Z</time>
      </trkpt>
      <trkpt lat="41.620782" lon="2.400716">
        <ele>340.062</ele>
        <time>2024-12-13T11:38:20Z</time>
      </trkpt>
      <trkpt lat="41.620783" lon="2.400676">
        <ele>340.094</ele>
        <time>2024-12-13T11:38:23Z</time>
      </trkpt>
      <trkpt lat="41.620796" lon="2.400638">
        <ele>340.389</ele>
        <time>2024-12-13T11:38:27Z</time>
      </trkpt>
      <trkpt lat="41.620827" lon="2.400578">
        <ele>340.962</ele>
        <time>2024-12-13T11:38:33Z</time>
      </trkpt>
      <trkpt lat="41.620843" lon="2.400545">
        <ele>341.076</ele>
        <time>2024-12-13T11:38:35Z</time>
      </trkpt>
      <trkpt lat="41.620864" lon="2.400520">
        <ele>341.180</ele>
        <time>2024-12-13T11:38:38Z</time>
      </trkpt>
      <trkpt lat="41.620877" lon="2.400482">
        <ele>341.093</ele>
        <time>2024-12-13T11:38:41Z</time>
      </trkpt>
      <trkpt lat="41.620887" lon="2.400445">
        <ele>340.838</ele>
        <time>2024-12-13T11:38:44Z</time>
      </trkpt>
      <trkpt lat="41.620898" lon="2.400412">
        <ele>340.770</ele>
        <time>2024-12-13T11:38:46Z</time>
      </trkpt>
      <trkpt lat="41.620907" lon="2.400372">
        <ele>340.617</ele>
        <time>2024-12-13T11:38:49Z</time>
      </trkpt>
      <trkpt lat="41.620920" lon="2.400334">
        <ele>340.609</ele>
        <time>2024-12-13T11:38:52Z</time>
      </trkpt>
      <trkpt lat="41.620933" lon="2.400296">
        <ele>340.694</ele>
        <time>2024-12-13T11:38:56Z</time>
      </trkpt>
      <trkpt lat="41.620943" lon="2.400255">
        <ele>340.692</ele>
        <time>2024-12-13T11:38:59Z</time>
      </trkpt>
      <trkpt lat="41.620954" lon="2.400216">
        <ele>340.699</ele>
        <time>2024-12-13T11:39:02Z</time>
      </trkpt>
      <trkpt lat="41.620967" lon="2.400178">
        <ele>340.641</ele>
        <time>2024-12-13T11:39:05Z</time>
      </trkpt>
      <trkpt lat="41.620989" lon="2.400122">
        <ele>340.966</ele>
        <time>2024-12-13T11:39:09Z</time>
      </trkpt>
      <trkpt lat="41.621002" lon="2.400087">
        <ele>341.089</ele>
        <time>2024-12-13T11:39:12Z</time>
      </trkpt>
      <trkpt lat="41.621013" lon="2.400051">
        <ele>341.153</ele>
        <time>2024-12-13T11:39:15Z</time>
      </trkpt>
      <trkpt lat="41.621024" lon="2.400013">
        <ele>341.387</ele>
        <time>2024-12-13T11:39:17Z</time>
      </trkpt>
      <trkpt lat="41.621036" lon="2.399980">
        <ele>341.650</ele>
        <time>2024-12-13T11:39:20Z</time>
      </trkpt>
      <trkpt lat="41.621046" lon="2.399946">
        <ele>342.099</ele>
        <time>2024-12-13T11:39:23Z</time>
      </trkpt>
      <trkpt lat="41.621055" lon="2.399905">
        <ele>342.507</ele>
        <time>2024-12-13T11:39:26Z</time>
      </trkpt>
      <trkpt lat="41.621063" lon="2.399863">
        <ele>342.827</ele>
        <time>2024-12-13T11:39:29Z</time>
      </trkpt>
      <trkpt lat="41.621069" lon="2.399825">
        <ele>343.209</ele>
        <time>2024-12-13T11:39:32Z</time>
      </trkpt>
      <trkpt lat="41.621069" lon="2.399785">
        <ele>343.370</ele>
        <time>2024-12-13T11:39:34Z</time>
      </trkpt>
      <trkpt lat="41.621069" lon="2.399742">
        <ele>343.458</ele>
        <time>2024-12-13T11:39:37Z</time>
      </trkpt>
      <trkpt lat="41.621067" lon="2.399696">
        <ele>343.675</ele>
        <time>2024-12-13T11:39:41Z</time>
      </trkpt>
      <trkpt lat="41.621062" lon="2.399660">
        <ele>343.747</ele>
        <time>2024-12-13T11:39:44Z</time>
      </trkpt>
      <trkpt lat="41.621056" lon="2.399595">
        <ele>344.032</ele>
        <time>2024-12-13T11:39:48Z</time>
      </trkpt>
      <trkpt lat="41.621056" lon="2.399557">
        <ele>344.365</ele>
        <time>2024-12-13T11:39:51Z</time>
      </trkpt>
      <trkpt lat="41.621051" lon="2.399513">
        <ele>344.529</ele>
        <time>2024-12-13T11:39:55Z</time>
      </trkpt>
      <trkpt lat="41.621048" lon="2.399470">
        <ele>344.883</ele>
        <time>2024-12-13T11:39:58Z</time>
      </trkpt>
      <trkpt lat="41.621040" lon="2.399433">
        <ele>344.896</ele>
        <time>2024-12-13T11:40:01Z</time>
      </trkpt>
      <trkpt lat="41.621019" lon="2.399360">
        <ele>344.721</ele>
        <time>2024-12-13T11:40:06Z</time>
      </trkpt>
      <trkpt lat="41.620993" lon="2.399297">
        <ele>344.541</ele>
        <time>2024-12-13T11:40:11Z</time>
      </trkpt>
      <trkpt lat="41.620980" lon="2.399263">
        <ele>344.405</ele>
        <time>2024-12-13T11:40:13Z</time>
      </trkpt>
      <trkpt lat="41.620968" lon="2.399228">
        <ele>344.309</ele>
        <time>2024-12-13T11:40:16Z</time>
      </trkpt>
      <trkpt lat="41.620958" lon="2.399192">
        <ele>344.473</ele>
        <time>2024-12-13T11:40:19Z</time>
      </trkpt>
      <trkpt lat="41.620940" lon="2.399154">
        <ele>344.231</ele>
        <time>2024-12-13T11:40:22Z</time>
      </trkpt>
      <trkpt lat="41.620919" lon="2.399119">
        <ele>343.938</ele>
        <time>2024-12-13T11:40:25Z</time>
      </trkpt>
      <trkpt lat="41.620905" lon="2.399087">
        <ele>343.920</ele>
        <time>2024-12-13T11:40:28Z</time>
      </trkpt>
      <trkpt lat="41.620881" lon="2.399022">
        <ele>343.825</ele>
        <time>2024-12-13T11:40:33Z</time>
      </trkpt>
      <trkpt lat="41.620848" lon="2.398960">
        <ele>343.638</ele>
        <time>2024-12-13T11:40:39Z</time>
      </trkpt>
      <trkpt lat="41.620831" lon="2.398926">
        <ele>343.622</ele>
        <time>2024-12-13T11:40:41Z</time>
      </trkpt>
      <trkpt lat="41.620814" lon="2.398894">
        <ele>343.726</ele>
        <time>2024-12-13T11:40:44Z</time>
      </trkpt>
      <trkpt lat="41.620794" lon="2.398868">
        <ele>343.969</ele>
        <time>2024-12-13T11:40:47Z</time>
      </trkpt>
      <trkpt lat="41.620772" lon="2.398842">
        <ele>344.062</ele>
        <time>2024-12-13T11:40:49Z</time>
      </trkpt>
      <trkpt lat="41.620744" lon="2.398818">
        <ele>344.083</ele>
        <time>2024-12-13T11:40:53Z</time>
      </trkpt>
      <trkpt lat="41.620714" lon="2.398793">
        <ele>343.911</ele>
        <time>2024-12-13T11:40:56Z</time>
      </trkpt>
      <trkpt lat="41.620677" lon="2.398772">
        <ele>343.809</ele>
        <time>2024-12-13T11:41:00Z</time>
      </trkpt>
      <trkpt lat="41.620627" lon="2.398744">
        <ele>343.577</ele>
        <time>2024-12-13T11:41:05Z</time>
      </trkpt>
      <trkpt lat="41.620596" lon="2.398726">
        <ele>343.385</ele>
        <time>2024-12-13T11:41:08Z</time>
      </trkpt>
      <trkpt lat="41.620573" lon="2.398707">
        <ele>343.222</ele>
        <time>2024-12-13T11:41:11Z</time>
      </trkpt>
      <trkpt lat="41.620548" lon="2.398678">
        <ele>343.214</ele>
        <time>2024-12-13T11:41:14Z</time>
      </trkpt>
      <trkpt lat="41.620519" lon="2.398657">
        <ele>343.249</ele>
        <time>2024-12-13T11:41:17Z</time>
      </trkpt>
      <trkpt lat="41.620491" lon="2.398636">
        <ele>343.342</ele>
        <time>2024-12-13T11:41:20Z</time>
      </trkpt>
      <trkpt lat="41.620443" lon="2.398598">
        <ele>343.426</ele>
        <time>2024-12-13T11:41:26Z</time>
      </trkpt>
      <trkpt lat="41.620418" lon="2.398583">
        <ele>343.580</ele>
        <time>2024-12-13T11:41:29Z</time>
      </trkpt>
      <trkpt lat="41.620374" lon="2.398555">
        <ele>343.793</ele>
        <time>2024-12-13T11:41:33Z</time>
      </trkpt>
      <trkpt lat="41.620348" lon="2.398542">
        <ele>343.891</ele>
        <time>2024-12-13T11:41:36Z</time>
      </trkpt>
      <trkpt lat="41.620322" lon="2.398527">
        <ele>343.881</ele>
        <time>2024-12-13T11:41:39Z</time>
      </trkpt>
      <trkpt lat="41.620295" lon="2.398501">
        <ele>344.119</ele>
        <time>2024-12-13T11:41:42Z</time>
      </trkpt>
      <trkpt lat="41.620263" lon="2.398487">
        <ele>344.109</ele>
        <time>2024-12-13T11:41:46Z</time>
      </trkpt>
      <trkpt lat="41.620235" lon="2.398467">
        <ele>344.150</ele>
        <time>2024-12-13T11:41:49Z</time>
      </trkpt>
      <trkpt lat="41.620207" lon="2.398448">
        <ele>344.298</ele>
        <time>2024-12-13T11:41:52Z</time>
      </trkpt>
      <trkpt lat="41.620158" lon="2.398411">
        <ele>344.395</ele>
        <time>2024-12-13T11:41:57Z</time>
      </trkpt>
      <trkpt lat="41.620129" lon="2.398387">
        <ele>344.457</ele>
        <time>2024-12-13T11:42:01Z</time>
      </trkpt>
      <trkpt lat="41.620087" lon="2.398349">
        <ele>344.722</ele>
        <time>2024-12-13T11:42:05Z</time>
      </trkpt>
      <trkpt lat="41.620062" lon="2.398335">
        <ele>344.685</ele>
        <time>2024-12-13T11:42:08Z</time>
      </trkpt>
      <trkpt lat="41.620036" lon="2.398313">
        <ele>344.849</ele>
        <time>2024-12-13T11:42:11Z</time>
      </trkpt>
      <trkpt lat="41.620011" lon="2.398298">
        <ele>344.843</ele>
        <time>2024-12-13T11:42:13Z</time>
      </trkpt>
      <trkpt lat="41.619984" lon="2.398283">
        <ele>344.656</ele>
        <time>2024-12-13T11:42:16Z</time>
      </trkpt>
      <trkpt lat="41.619955" lon="2.398267">
        <ele>344.492</ele>
        <time>2024-12-13T11:42:19Z</time>
      </trkpt>
      <trkpt lat="41.619929" lon="2.398250">
        <ele>344.273</ele>
        <time>2024-12-13T11:42:22Z</time>
      </trkpt>
      <trkpt lat="41.619902" lon="2.398227">
        <ele>344.220</ele>
        <time>2024-12-13T11:42:25Z</time>
      </trkpt>
      <trkpt lat="41.619872" lon="2.398209">
        <ele>343.909</ele>
        <time>2024-12-13T11:42:28Z</time>
      </trkpt>
      <trkpt lat="41.619820" lon="2.398180">
        <ele>343.560</ele>
        <time>2024-12-13T11:42:33Z</time>
      </trkpt>
      <trkpt lat="41.619792" lon="2.398160">
        <ele>343.468</ele>
        <time>2024-12-13T11:42:36Z</time>
      </trkpt>
      <trkpt lat="41.619768" lon="2.398139">
        <ele>343.335</ele>
        <time>2024-12-13T11:42:39Z</time>
      </trkpt>
      <trkpt lat="41.619742" lon="2.398118">
        <ele>343.247</ele>
        <time>2024-12-13T11:42:42Z</time>
      </trkpt>
      <trkpt lat="41.619705" lon="2.398073">
        <ele>343.442</ele>
        <time>2024-12-13T11:42:47Z</time>
      </trkpt>
      <trkpt lat="41.619657" lon="2.398034">
        <ele>343.145</ele>
        <time>2024-12-13T11:42:52Z</time>
      </trkpt>
      <trkpt lat="41.619615" lon="2.397990">
        <ele>342.919</ele>
        <time>2024-12-13T11:42:57Z</time>
      </trkpt>
      <trkpt lat="41.619596" lon="2.397962">
        <ele>342.933</ele>
        <time>2024-12-13T11:43:00Z</time>
      </trkpt>
      <trkpt lat="41.619580" lon="2.397932">
        <ele>343.016</ele>
        <time>2024-12-13T11:43:02Z</time>
      </trkpt>
      <trkpt lat="41.619564" lon="2.397902">
        <ele>343.038</ele>
        <time>2024-12-13T11:43:05Z</time>
      </trkpt>
      <trkpt lat="41.619549" lon="2.397865">
        <ele>343.270</ele>
        <time>2024-12-13T11:43:08Z</time>
      </trkpt>
      <trkpt lat="41.619542" lon="2.397825">
        <ele>343.517</ele>
        <time>2024-12-13T11:43:11Z</time>
      </trkpt>
      <trkpt lat="41.619533" lon="2.397781">
        <ele>343.909</ele>
        <time>2024-12-13T11:43:14Z</time>
      </trkpt>
      <trkpt lat="41.619522" lon="2.397744">
        <ele>344.044</ele>
        <time>2024-12-13T11:43:17Z</time>
      </trkpt>
      <trkpt lat="41.619511" lon="2.397706">
        <ele>344.132</ele>
        <time>2024-12-13T11:43:20Z</time>
      </trkpt>
      <trkpt lat="41.619495" lon="2.397669">
        <ele>344.089</ele>
        <time>2024-12-13T11:43:23Z</time>
      </trkpt>
      <trkpt lat="41.619484" lon="2.397625">
        <ele>344.151</ele>
        <time>2024-12-13T11:43:26Z</time>
      </trkpt>
      <trkpt lat="41.619471" lon="2.397591">
        <ele>344.086</ele>
        <time>2024-12-13T11:43:29Z</time>
      </trkpt>
      <trkpt lat="41.619456" lon="2.397539">
        <ele>344.059</ele>
        <time>2024-12-13T11:43:33Z</time>
      </trkpt>
      <trkpt lat="41.619450" lon="2.397496">
        <ele>344.273</ele>
        <time>2024-12-13T11:43:36Z</time>
      </trkpt>
      <trkpt lat="41.619448" lon="2.397459">
        <ele>344.417</ele>
        <time>2024-12-13T11:43:39Z</time>
      </trkpt>
      <trkpt lat="41.619449" lon="2.397419">
        <ele>344.770</ele>
        <time>2024-12-13T11:43:42Z</time>
      </trkpt>
      <trkpt lat="41.619450" lon="2.397380">
        <ele>345.043</ele>
        <time>2024-12-13T11:43:45Z</time>
      </trkpt>
      <trkpt lat="41.619452" lon="2.397338">
        <ele>345.464</ele>
        <time>2024-12-13T11:43:48Z</time>
      </trkpt>
      <trkpt lat="41.619449" lon="2.397294">
        <ele>345.610</ele>
        <time>2024-12-13T11:43:51Z</time>
      </trkpt>
      <trkpt lat="41.619452" lon="2.397254">
        <ele>346.009</ele>
        <time>2024-12-13T11:43:54Z</time>
      </trkpt>
      <trkpt lat="41.619452" lon="2.397213">
        <ele>346.475</ele>
        <time>2024-12-13T11:43:57Z</time>
      </trkpt>
      <trkpt lat="41.619455" lon="2.397170">
        <ele>347.413</ele>
        <time>2024-12-13T11:44:00Z</time>
      </trkpt>
      <trkpt lat="41.619454" lon="2.397122">
        <ele>348.430</ele>
        <time>2024-12-13T11:44:04Z</time>
      </trkpt>
      <trkpt lat="41.619461" lon="2.397067">
        <ele>349.812</ele>
        <time>2024-12-13T11:44:07Z</time>
      </trkpt>
      <trkpt lat="41.619442" lon="2.397037">
        <ele>350.047</ele>
        <time>2024-12-13T11:44:11Z</time>
      </trkpt>
      <trkpt lat="41.619416" lon="2.397009">
        <ele>350.160</ele>
        <time>2024-12-13T11:44:14Z</time>
      </trkpt>
      <trkpt lat="41.619382" lon="2.396990">
        <ele>349.964</ele>
        <time>2024-12-13T11:44:17Z</time>
      </trkpt>
      <trkpt lat="41.619351" lon="2.396988">
        <ele>349.428</ele>
        <time>2024-12-13T11:44:20Z</time>
      </trkpt>
      <trkpt lat="41.619319" lon="2.396984">
        <ele>348.951</ele>
        <time>2024-12-13T11:44:23Z</time>
      </trkpt>
      <trkpt lat="41.619268" lon="2.396977">
        <ele>348.176</ele>
        <time>2024-12-13T11:44:28Z</time>
      </trkpt>
      <trkpt lat="41.619237" lon="2.396977">
        <ele>347.690</ele>
        <time>2024-12-13T11:44:31Z</time>
      </trkpt>
      <trkpt lat="41.619207" lon="2.396988">
        <ele>346.819</ele>
        <time>2024-12-13T11:44:35Z</time>
      </trkpt>
      <trkpt lat="41.619178" lon="2.396998">
        <ele>346.009</ele>
        <time>2024-12-13T11:44:37Z</time>
      </trkpt>
      <trkpt lat="41.619126" lon="2.397018">
        <ele>345.558</ele>
        <time>2024-12-13T11:44:43Z</time>
      </trkpt>
      <trkpt lat="41.619070" lon="2.397023">
        <ele>345.516</ele>
        <time>2024-12-13T11:44:48Z</time>
      </trkpt>
      <trkpt lat="41.619043" lon="2.397025">
        <ele>345.443</ele>
        <time>2024-12-13T11:44:50Z</time>
      </trkpt>
      <trkpt lat="41.618992" lon="2.397028">
        <ele>345.435</ele>
        <time>2024-12-13T11:44:55Z</time>
      </trkpt>
      <trkpt lat="41.618964" lon="2.397029">
        <ele>345.510</ele>
        <time>2024-12-13T11:44:58Z</time>
      </trkpt>
      <trkpt lat="41.618932" lon="2.397034">
        <ele>345.423</ele>
        <time>2024-12-13T11:45:01Z</time>
      </trkpt>
      <trkpt lat="41.618902" lon="2.397041">
        <ele>345.227</ele>
        <time>2024-12-13T11:45:03Z</time>
      </trkpt>
      <trkpt lat="41.618875" lon="2.397044">
        <ele>345.131</ele>
        <time>2024-12-13T11:45:06Z</time>
      </trkpt>
      <trkpt lat="41.618848" lon="2.397042">
        <ele>345.064</ele>
        <time>2024-12-13T11:45:09Z</time>
      </trkpt>
      <trkpt lat="41.618815" lon="2.397040">
        <ele>345.087</ele>
        <time>2024-12-13T11:45:12Z</time>
      </trkpt>
      <trkpt lat="41.618782" lon="2.397048">
        <ele>344.642</ele>
        <time>2024-12-13T11:45:15Z</time>
      </trkpt>
      <trkpt lat="41.618752" lon="2.397052">
        <ele>344.426</ele>
        <time>2024-12-13T11:45:18Z</time>
      </trkpt>
      <trkpt lat="41.618725" lon="2.397060">
        <ele>344.109</ele>
        <time>2024-12-13T11:45:21Z</time>
      </trkpt>
      <trkpt lat="41.618696" lon="2.397058">
        <ele>344.049</ele>
        <time>2024-12-13T11:45:24Z</time>
      </trkpt>
      <trkpt lat="41.618642" lon="2.397060">
        <ele>343.827</ele>
        <time>2024-12-13T11:45:29Z</time>
      </trkpt>
      <trkpt lat="41.618588" lon="2.397051">
        <ele>343.684</ele>
        <time>2024-12-13T11:45:34Z</time>
      </trkpt>
      <trkpt lat="41.618561" lon="2.397042">
        <ele>343.436</ele>
        <time>2024-12-13T11:45:36Z</time>
      </trkpt>
      <trkpt lat="41.618535" lon="2.397029">
        <ele>343.421</ele>
        <time>2024-12-13T11:45:39Z</time>
      </trkpt>
      <trkpt lat="41.618507" lon="2.397017">
        <ele>343.294</ele>
        <time>2024-12-13T11:45:42Z</time>
      </trkpt>
      <trkpt lat="41.618477" lon="2.397012">
        <ele>342.918</ele>
        <time>2024-12-13T11:45:45Z</time>
      </trkpt>
      <trkpt lat="41.618445" lon="2.397014">
        <ele>342.312</ele>
        <time>2024-12-13T11:45:48Z</time>
      </trkpt>
      <trkpt lat="41.618413" lon="2.397009">
        <ele>341.965</ele>
        <time>2024-12-13T11:45:51Z</time>
      </trkpt>
      <trkpt lat="41.618385" lon="2.396995">
        <ele>341.831</ele>
        <time>2024-12-13T11:45:54Z</time>
      </trkpt>
      <trkpt lat="41.618359" lon="2.396980">
        <ele>341.761</ele>
        <time>2024-12-13T11:45:57Z</time>
      </trkpt>
      <trkpt lat="41.618328" lon="2.396967">
        <ele>341.407</ele>
        <time>2024-12-13T11:46:00Z</time>
      </trkpt>
      <trkpt lat="41.618300" lon="2.396947">
        <ele>341.109</ele>
        <time>2024-12-13T11:46:03Z</time>
      </trkpt>
      <trkpt lat="41.618262" lon="2.396903">
        <ele>340.844</ele>
        <time>2024-12-13T11:46:08Z</time>
      </trkpt>
      <trkpt lat="41.618240" lon="2.396872">
        <ele>340.672</ele>
        <time>2024-12-13T11:46:11Z</time>
      </trkpt>
      <trkpt lat="41.618204" lon="2.396827">
        <ele>340.289</ele>
        <time>2024-12-13T11:46:16Z</time>
      </trkpt>
      <trkpt lat="41.618184" lon="2.396799">
        <ele>340.191</ele>
        <time>2024-12-13T11:46:19Z</time>
      </trkpt>
      <trkpt lat="41.618165" lon="2.396770">
        <ele>339.976</ele>
        <time>2024-12-13T11:46:22Z</time>
      </trkpt>
      <trkpt lat="41.618149" lon="2.396740">
        <ele>339.899</ele>
        <time>2024-12-13T11:46:24Z</time>
      </trkpt>
      <trkpt lat="41.618131" lon="2.396708">
        <ele>339.723</ele>
        <time>2024-12-13T11:46:27Z</time>
      </trkpt>
      <trkpt lat="41.618117" lon="2.396671">
        <ele>339.727</ele>
        <time>2024-12-13T11:46:30Z</time>
      </trkpt>
      <trkpt lat="41.618104" lon="2.396629">
        <ele>339.930</ele>
        <time>2024-12-13T11:46:33Z</time>
      </trkpt>
      <trkpt lat="41.618093" lon="2.396593">
        <ele>340.129</ele>
        <time>2024-12-13T11:46:36Z</time>
      </trkpt>
      <trkpt lat="41.618087" lon="2.396551">
        <ele>340.600</ele>
        <time>2024-12-13T11:46:39Z</time>
      </trkpt>
      <trkpt lat="41.618082" lon="2.396509">
        <ele>341.020</ele>
        <time>2024-12-13T11:46:42Z</time>
      </trkpt>
      <trkpt lat="41.618077" lon="2.396466">
        <ele>341.509</ele>
        <time>2024-12-13T11:46:45Z</time>
      </trkpt>
      <trkpt lat="41.618072" lon="2.396427">
        <ele>341.983</ele>
        <time>2024-12-13T11:46:48Z</time>
      </trkpt>
      <trkpt lat="41.618057" lon="2.396358">
        <ele>342.461</ele>
        <time>2024-12-13T11:46:53Z</time>
      </trkpt>
      <trkpt lat="41.618040" lon="2.396324">
        <ele>342.138</ele>
        <time>2024-12-13T11:46:56Z</time>
      </trkpt>
      <trkpt lat="41.618030" lon="2.396287">
        <ele>342.110</ele>
        <time>2024-12-13T11:46:59Z</time>
      </trkpt>
      <trkpt lat="41.618017" lon="2.396249">
        <ele>342.115</ele>
        <time>2024-12-13T11:47:02Z</time>
      </trkpt>
      <trkpt lat="41.618007" lon="2.396182">
        <ele>342.438</ele>
        <time>2024-12-13T11:47:07Z</time>
      </trkpt>
      <trkpt lat="41.618005" lon="2.396144">
        <ele>342.722</ele>
        <time>2024-12-13T11:47:09Z</time>
      </trkpt>
      <trkpt lat="41.617998" lon="2.396076">
        <ele>342.916</ele>
        <time>2024-12-13T11:47:14Z</time>
      </trkpt>
      <trkpt lat="41.617998" lon="2.396036">
        <ele>343.069</ele>
        <time>2024-12-13T11:47:17Z</time>
      </trkpt>
      <trkpt lat="41.618006" lon="2.395997">
        <ele>343.547</ele>
        <time>2024-12-13T11:47:20Z</time>
      </trkpt>
      <trkpt lat="41.618011" lon="2.395958">
        <ele>343.929</ele>
        <time>2024-12-13T11:47:23Z</time>
      </trkpt>
      <trkpt lat="41.618011" lon="2.395881">
        <ele>344.221</ele>
        <time>2024-12-13T11:47:28Z</time>
      </trkpt>
      <trkpt lat="41.618010" lon="2.395844">
        <ele>344.309</ele>
        <time>2024-12-13T11:47:31Z</time>
      </trkpt>
      <trkpt lat="41.618006" lon="2.395806">
        <ele>344.155</ele>
        <time>2024-12-13T11:47:34Z</time>
      </trkpt>
      <trkpt lat="41.618001" lon="2.395755">
        <ele>343.873</ele>
        <time>2024-12-13T11:47:37Z</time>
      </trkpt>
      <trkpt lat="41.617995" lon="2.395708">
        <ele>343.570</ele>
        <time>2024-12-13T11:47:41Z</time>
      </trkpt>
      <trkpt lat="41.617971" lon="2.395643">
        <ele>342.572</ele>
        <time>2024-12-13T11:47:46Z</time>
      </trkpt>
      <trkpt lat="41.617973" lon="2.395574">
        <ele>342.497</ele>
        <time>2024-12-13T11:47:50Z</time>
      </trkpt>
      <trkpt lat="41.617979" lon="2.395537">
        <ele>342.630</ele>
        <time>2024-12-13T11:47:53Z</time>
      </trkpt>
      <trkpt lat="41.617986" lon="2.395502">
        <ele>342.884</ele>
        <time>2024-12-13T11:47:55Z</time>
      </trkpt>
      <trkpt lat="41.618002" lon="2.395460">
        <ele>343.428</ele>
        <time>2024-12-13T11:47:59Z</time>
      </trkpt>
      <trkpt lat="41.618027" lon="2.395406">
        <ele>344.271</ele>
        <time>2024-12-13T11:48:03Z</time>
      </trkpt>
      <trkpt lat="41.618062" lon="2.395358">
        <ele>345.288</ele>
        <time>2024-12-13T11:48:08Z</time>
      </trkpt>
      <trkpt lat="41.618093" lon="2.395298">
        <ele>346.224</ele>
        <time>2024-12-13T11:48:13Z</time>
      </trkpt>
      <trkpt lat="41.618107" lon="2.395265">
        <ele>346.726</ele>
        <time>2024-12-13T11:48:15Z</time>
      </trkpt>
      <trkpt lat="41.618116" lon="2.395218">
        <ele>347.109</ele>
        <time>2024-12-13T11:48:19Z</time>
      </trkpt>
      <trkpt lat="41.618113" lon="2.395182">
        <ele>347.129</ele>
        <time>2024-12-13T11:48:21Z</time>
      </trkpt>
      <trkpt lat="41.618106" lon="2.395145">
        <ele>346.977</ele>
        <time>2024-12-13T11:48:24Z</time>
      </trkpt>
      <trkpt lat="41.618091" lon="2.395110">
        <ele>346.674</ele>
        <time>2024-12-13T11:48:28Z</time>
      </trkpt>
      <trkpt lat="41.618075" lon="2.395047">
        <ele>346.396</ele>
        <time>2024-12-13T11:48:32Z</time>
      </trkpt>
      <trkpt lat="41.618059" lon="2.395008">
        <ele>346.141</ele>
        <time>2024-12-13T11:48:36Z</time>
      </trkpt>
      <trkpt lat="41.618045" lon="2.394953">
        <ele>346.264</ele>
        <time>2024-12-13T11:48:41Z</time>
      </trkpt>
      <trkpt lat="41.618030" lon="2.394880">
        <ele>346.468</ele>
        <time>2024-12-13T11:48:46Z</time>
      </trkpt>
      <trkpt lat="41.618019" lon="2.394838">
        <ele>346.652</ele>
        <time>2024-12-13T11:48:50Z</time>
      </trkpt>
      <trkpt lat="41.618013" lon="2.394762">
        <ele>347.155</ele>
        <time>2024-12-13T11:48:56Z</time>
      </trkpt>
      <trkpt lat="41.618003" lon="2.394720">
        <ele>347.352</ele>
        <time>2024-12-13T11:48:59Z</time>
      </trkpt>
      <trkpt lat="41.617995" lon="2.394684">
        <ele>347.453</ele>
        <time>2024-12-13T11:49:02Z</time>
      </trkpt>
      <trkpt lat="41.617983" lon="2.394643">
        <ele>347.508</ele>
        <time>2024-12-13T11:49:05Z</time>
      </trkpt>
      <trkpt lat="41.617979" lon="2.394600">
        <ele>347.809</ele>
        <time>2024-12-13T11:49:09Z</time>
      </trkpt>
      <trkpt lat="41.617973" lon="2.394560">
        <ele>348.056</ele>
        <time>2024-12-13T11:49:12Z</time>
      </trkpt>
      <trkpt lat="41.617965" lon="2.394511">
        <ele>348.264</ele>
        <time>2024-12-13T11:49:16Z</time>
      </trkpt>
      <trkpt lat="41.617968" lon="2.394471">
        <ele>348.571</ele>
        <time>2024-12-13T11:49:19Z</time>
      </trkpt>
      <trkpt lat="41.617972" lon="2.394415">
        <ele>348.843</ele>
        <time>2024-12-13T11:49:25Z</time>
      </trkpt>
      <trkpt lat="41.617974" lon="2.394372">
        <ele>348.948</ele>
        <time>2024-12-13T11:49:28Z</time>
      </trkpt>
      <trkpt lat="41.617971" lon="2.394331">
        <ele>348.971</ele>
        <time>2024-12-13T11:49:33Z</time>
      </trkpt>
      <trkpt lat="41.617967" lon="2.394288">
        <ele>348.955</ele>
        <time>2024-12-13T11:49:37Z</time>
      </trkpt>
      <trkpt lat="41.617969" lon="2.394252">
        <ele>349.059</ele>
        <time>2024-12-13T11:49:40Z</time>
      </trkpt>
      <trkpt lat="41.617970" lon="2.394215">
        <ele>349.072</ele>
        <time>2024-12-13T11:49:45Z</time>
      </trkpt>
      <trkpt lat="41.617976" lon="2.394176">
        <ele>349.149</ele>
        <time>2024-12-13T11:49:48Z</time>
      </trkpt>
      <trkpt lat="41.617987" lon="2.394136">
        <ele>349.402</ele>
        <time>2024-12-13T11:49:51Z</time>
      </trkpt>
      <trkpt lat="41.617994" lon="2.394093">
        <ele>349.722</ele>
        <time>2024-12-13T11:49:55Z</time>
      </trkpt>
      <trkpt lat="41.618000" lon="2.394054">
        <ele>350.009</ele>
        <time>2024-12-13T11:49:58Z</time>
      </trkpt>
      <trkpt lat="41.618011" lon="2.394017">
        <ele>350.265</ele>
        <time>2024-12-13T11:50:01Z</time>
      </trkpt>
      <trkpt lat="41.618024" lon="2.393977">
        <ele>350.523</ele>
        <time>2024-12-13T11:50:05Z</time>
      </trkpt>
      <trkpt lat="41.618039" lon="2.393939">
        <ele>350.760</ele>
        <time>2024-12-13T11:50:08Z</time>
      </trkpt>
      <trkpt lat="41.618054" lon="2.393906">
        <ele>350.942</ele>
        <time>2024-12-13T11:50:12Z</time>
      </trkpt>
      <trkpt lat="41.618080" lon="2.393842">
        <ele>351.657</ele>
        <time>2024-12-13T11:50:19Z</time>
      </trkpt>
      <trkpt lat="41.618107" lon="2.393790">
        <ele>352.340</ele>
        <time>2024-12-13T11:50:25Z</time>
      </trkpt>
      <trkpt lat="41.618138" lon="2.393727">
        <ele>353.174</ele>
        <time>2024-12-13T11:50:32Z</time>
      </trkpt>
      <trkpt lat="41.618157" lon="2.393661">
        <ele>353.678</ele>
        <time>2024-12-13T11:50:45Z</time>
      </trkpt>
      <trkpt lat="41.618174" lon="2.393617">
        <ele>354.141</ele>
        <time>2024-12-13T11:50:50Z</time>
      </trkpt>
      <trkpt lat="41.618192" lon="2.393578">
        <ele>354.373</ele>
        <time>2024-12-13T11:50:54Z</time>
      </trkpt>
      <trkpt lat="41.618217" lon="2.393520">
        <ele>354.685</ele>
        <time>2024-12-13T11:51:03Z</time>
      </trkpt>
      <trkpt lat="41.618227" lon="2.393486">
        <ele>354.613</ele>
        <time>2024-12-13T11:51:09Z</time>
      </trkpt>
      <trkpt lat="41.618236" lon="2.393446">
        <ele>354.709</ele>
        <time>2024-12-13T11:51:13Z</time>
      </trkpt>
      <trkpt lat="41.618254" lon="2.393415">
        <ele>354.958</ele>
        <time>2024-12-13T11:51:17Z</time>
      </trkpt>
      <trkpt lat="41.618273" lon="2.393387">
        <ele>355.116</ele>
        <time>2024-12-13T11:51:21Z</time>
      </trkpt>
      <trkpt lat="41.618289" lon="2.393350">
        <ele>355.383</ele>
        <time>2024-12-13T11:51:26Z</time>
      </trkpt>
      <trkpt lat="41.618296" lon="2.393307">
        <ele>355.215</ele>
        <time>2024-12-13T11:51:30Z</time>
      </trkpt>
      <trkpt lat="41.618310" lon="2.393275">
        <ele>355.440</ele>
        <time>2024-12-13T11:51:34Z</time>
      </trkpt>
      <trkpt lat="41.618325" lon="2.393244">
        <ele>355.563</ele>
        <time>2024-12-13T11:51:38Z</time>
      </trkpt>
      <trkpt lat="41.618343" lon="2.393180">
        <ele>355.667</ele>
        <time>2024-12-13T11:51:46Z</time>
      </trkpt>
      <trkpt lat="41.618352" lon="2.393143">
        <ele>355.651</ele>
        <time>2024-12-13T11:51:50Z</time>
      </trkpt>
      <trkpt lat="41.618370" lon="2.393116">
        <ele>355.864</ele>
        <time>2024-12-13T11:51:54Z</time>
      </trkpt>
      <trkpt lat="41.618394" lon="2.393092">
        <ele>356.229</ele>
        <time>2024-12-13T11:51:57Z</time>
      </trkpt>
      <trkpt lat="41.618424" lon="2.393093">
        <ele>356.700</ele>
        <time>2024-12-13T11:52:01Z</time>
      </trkpt>
      <trkpt lat="41.618452" lon="2.393104">
        <ele>357.220</ele>
        <time>2024-12-13T11:52:05Z</time>
      </trkpt>
      <trkpt lat="41.618479" lon="2.393121">
        <ele>357.709</ele>
        <time>2024-12-13T11:52:09Z</time>
      </trkpt>
      <trkpt lat="41.618509" lon="2.393135">
        <ele>358.383</ele>
        <time>2024-12-13T11:52:14Z</time>
      </trkpt>
      <trkpt lat="41.618530" lon="2.393158">
        <ele>358.681</ele>
        <time>2024-12-13T11:52:18Z</time>
      </trkpt>
      <trkpt lat="41.618556" lon="2.393170">
        <ele>359.178</ele>
        <time>2024-12-13T11:52:22Z</time>
      </trkpt>
      <trkpt lat="41.618583" lon="2.393195">
        <ele>359.540</ele>
        <time>2024-12-13T11:52:27Z</time>
      </trkpt>
      <trkpt lat="41.618608" lon="2.393217">
        <ele>360.025</ele>
        <time>2024-12-13T11:52:31Z</time>
      </trkpt>
      <trkpt lat="41.618637" lon="2.393229">
        <ele>360.338</ele>
        <time>2024-12-13T11:52:38Z</time>
      </trkpt>
      <trkpt lat="41.618667" lon="2.393219">
        <ele>360.622</ele>
        <time>2024-12-13T11:52:42Z</time>
      </trkpt>
      <trkpt lat="41.618694" lon="2.393195">
        <ele>360.936</ele>
        <time>2024-12-13T11:52:45Z</time>
      </trkpt>
      <trkpt lat="41.618735" lon="2.393166">
        <ele>361.229</ele>
        <time>2024-12-13T11:52:50Z</time>
      </trkpt>
      <trkpt lat="41.618725" lon="2.393132">
        <ele>361.061</ele>
        <time>2024-12-13T11:52:52Z</time>
      </trkpt>
      <trkpt lat="41.618710" lon="2.393097">
        <ele>360.821</ele>
        <time>2024-12-13T11:52:55Z</time>
      </trkpt>
      <trkpt lat="41.618676" lon="2.393034">
        <ele>360.413</ele>
        <time>2024-12-13T11:53:02Z</time>
      </trkpt>
      <trkpt lat="41.618654" lon="2.393003">
        <ele>360.309</ele>
        <time>2024-12-13T11:53:05Z</time>
      </trkpt>
      <trkpt lat="41.618630" lon="2.392973">
        <ele>360.137</ele>
        <time>2024-12-13T11:53:08Z</time>
      </trkpt>
      <trkpt lat="41.618610" lon="2.392947">
        <ele>360.075</ele>
        <time>2024-12-13T11:53:11Z</time>
      </trkpt>
      <trkpt lat="41.618589" lon="2.392914">
        <ele>359.722</ele>
        <time>2024-12-13T11:53:14Z</time>
      </trkpt>
      <trkpt lat="41.618567" lon="2.392888">
        <ele>359.494</ele>
        <time>2024-12-13T11:53:17Z</time>
      </trkpt>
      <trkpt lat="41.618546" lon="2.392853">
        <ele>359.239</ele>
        <time>2024-12-13T11:53:21Z</time>
      </trkpt>
      <trkpt lat="41.618527" lon="2.392822">
        <ele>359.082</ele>
        <time>2024-12-13T11:53:24Z</time>
      </trkpt>
      <trkpt lat="41.618507" lon="2.392793">
        <ele>358.836</ele>
        <time>2024-12-13T11:53:27Z</time>
      </trkpt>
      <trkpt lat="41.618483" lon="2.392765">
        <ele>358.730</ele>
        <time>2024-12-13T11:53:30Z</time>
      </trkpt>
      <trkpt lat="41.618464" lon="2.392725">
        <ele>358.983</ele>
        <time>2024-12-13T11:53:34Z</time>
      </trkpt>
      <trkpt lat="41.618446" lon="2.392692">
        <ele>359.144</ele>
        <time>2024-12-13T11:53:38Z</time>
      </trkpt>
      <trkpt lat="41.618419" lon="2.392639">
        <ele>359.505</ele>
        <time>2024-12-13T11:53:43Z</time>
      </trkpt>
      <trkpt lat="41.618403" lon="2.392604">
        <ele>359.815</ele>
        <time>2024-12-13T11:53:46Z</time>
      </trkpt>
      <trkpt lat="41.618383" lon="2.392576">
        <ele>360.109</ele>
        <time>2024-12-13T11:53:48Z</time>
      </trkpt>
      <trkpt lat="41.618364" lon="2.392545">
        <ele>360.425</ele>
        <time>2024-12-13T11:53:52Z</time>
      </trkpt>
      <trkpt lat="41.618344" lon="2.392510">
        <ele>360.993</ele>
        <time>2024-12-13T11:53:56Z</time>
      </trkpt>
      <trkpt lat="41.618324" lon="2.392481">
        <ele>361.180</ele>
        <time>2024-12-13T11:54:00Z</time>
      </trkpt>
      <trkpt lat="41.618305" lon="2.392452">
        <ele>361.272</ele>
        <time>2024-12-13T11:54:06Z</time>
      </trkpt>
      <trkpt lat="41.618278" lon="2.392397">
        <ele>361.687</ele>
        <time>2024-12-13T11:54:11Z</time>
      </trkpt>
      <trkpt lat="41.618261" lon="2.392362">
        <ele>362.040</ele>
        <time>2024-12-13T11:54:15Z</time>
      </trkpt>
      <trkpt lat="41.618248" lon="2.392328">
        <ele>362.444</ele>
        <time>2024-12-13T11:54:18Z</time>
      </trkpt>
      <trkpt lat="41.618224" lon="2.392294">
        <ele>362.878</ele>
        <time>2024-12-13T11:54:22Z</time>
      </trkpt>
      <trkpt lat="41.618203" lon="2.392264">
        <ele>363.371</ele>
        <time>2024-12-13T11:54:25Z</time>
      </trkpt>
      <trkpt lat="41.618188" lon="2.392226">
        <ele>363.921</ele>
        <time>2024-12-13T11:54:29Z</time>
      </trkpt>
      <trkpt lat="41.618172" lon="2.392185">
        <ele>364.341</ele>
        <time>2024-12-13T11:54:34Z</time>
      </trkpt>
      <trkpt lat="41.618157" lon="2.392149">
        <ele>364.705</ele>
        <time>2024-12-13T11:54:37Z</time>
      </trkpt>
      <trkpt lat="41.618140" lon="2.392117">
        <ele>365.009</ele>
        <time>2024-12-13T11:54:40Z</time>
      </trkpt>
      <trkpt lat="41.618125" lon="2.392084">
        <ele>365.483</ele>
        <time>2024-12-13T11:54:43Z</time>
      </trkpt>
      <trkpt lat="41.618110" lon="2.392041">
        <ele>365.841</ele>
        <time>2024-12-13T11:54:48Z</time>
      </trkpt>
      <trkpt lat="41.618084" lon="2.392009">
        <ele>366.228</ele>
        <time>2024-12-13T11:54:52Z</time>
      </trkpt>
      <trkpt lat="41.618059" lon="2.391973">
        <ele>366.720</ele>
        <time>2024-12-13T11:54:56Z</time>
      </trkpt>
      <trkpt lat="41.618041" lon="2.391943">
        <ele>367.195</ele>
        <time>2024-12-13T11:55:00Z</time>
      </trkpt>
      <trkpt lat="41.618002" lon="2.391895">
        <ele>367.678</ele>
        <time>2024-12-13T11:55:07Z</time>
      </trkpt>
      <trkpt lat="41.617978" lon="2.391871">
        <ele>367.932</ele>
        <time>2024-12-13T11:55:10Z</time>
      </trkpt>
      <trkpt lat="41.617944" lon="2.391858">
        <ele>368.266</ele>
        <time>2024-12-13T11:55:14Z</time>
      </trkpt>
      <trkpt lat="41.617916" lon="2.391848">
        <ele>368.549</ele>
        <time>2024-12-13T11:55:18Z</time>
      </trkpt>
      <trkpt lat="41.617878" lon="2.391846">
        <ele>368.972</ele>
        <time>2024-12-13T11:55:24Z</time>
      </trkpt>
      <trkpt lat="41.617819" lon="2.391841">
        <ele>369.413</ele>
        <time>2024-12-13T11:55:30Z</time>
      </trkpt>
      <trkpt lat="41.617791" lon="2.391853">
        <ele>369.514</ele>
        <time>2024-12-13T11:55:37Z</time>
      </trkpt>
      <trkpt lat="41.617736" lon="2.391866">
        <ele>370.209</ele>
        <time>2024-12-13T11:55:46Z</time>
      </trkpt>
      <trkpt lat="41.617709" lon="2.391871">
        <ele>370.558</ele>
        <time>2024-12-13T11:55:50Z</time>
      </trkpt>
      <trkpt lat="41.617659" lon="2.391877">
        <ele>371.296</ele>
        <time>2024-12-13T11:55:59Z</time>
      </trkpt>
      <trkpt lat="41.617632" lon="2.391886">
        <ele>371.553</ele>
        <time>2024-12-13T11:56:02Z</time>
      </trkpt>
      <trkpt lat="41.617596" lon="2.391893">
        <ele>372.075</ele>
        <time>2024-12-13T11:56:08Z</time>
      </trkpt>
      <trkpt lat="41.617566" lon="2.391890">
        <ele>372.480</ele>
        <time>2024-12-13T11:56:16Z</time>
      </trkpt>
      <trkpt lat="41.617531" lon="2.391876">
        <ele>373.053</ele>
        <time>2024-12-13T11:56:26Z</time>
      </trkpt>
      <trkpt lat="41.617486" lon="2.391855">
        <ele>373.987</ele>
        <time>2024-12-13T11:56:36Z</time>
      </trkpt>
      <trkpt lat="41.617442" lon="2.391866">
        <ele>374.571</ele>
        <time>2024-12-13T11:56:42Z</time>
      </trkpt>
      <trkpt lat="41.617416" lon="2.391880">
        <ele>374.754</ele>
        <time>2024-12-13T11:56:50Z</time>
      </trkpt>
      <trkpt lat="41.617391" lon="2.391862">
        <ele>375.377</ele>
        <time>2024-12-13T11:56:55Z</time>
      </trkpt>
      <trkpt lat="41.617371" lon="2.391829">
        <ele>375.961</ele>
        <time>2024-12-13T11:57:01Z</time>
      </trkpt>
      <trkpt lat="41.617344" lon="2.391819">
        <ele>376.427</ele>
        <time>2024-12-13T11:57:05Z</time>
      </trkpt>
      <trkpt lat="41.617296" lon="2.391809">
        <ele>377.309</ele>
        <time>2024-12-13T11:57:12Z</time>
      </trkpt>
      <trkpt lat="41.617268" lon="2.391788">
        <ele>377.938</ele>
        <time>2024-12-13T11:57:18Z</time>
      </trkpt>
      <trkpt lat="41.617244" lon="2.391771">
        <ele>378.546</ele>
        <time>2024-12-13T11:57:22Z</time>
      </trkpt>
      <trkpt lat="41.617214" lon="2.391761">
        <ele>379.143</ele>
        <time>2024-12-13T11:57:26Z</time>
      </trkpt>
      <trkpt lat="41.617184" lon="2.391753">
        <ele>379.855</ele>
        <time>2024-12-13T11:57:30Z</time>
      </trkpt>
      <trkpt lat="41.617156" lon="2.391738">
        <ele>380.420</ele>
        <time>2024-12-13T11:57:36Z</time>
      </trkpt>
      <trkpt lat="41.617132" lon="2.391717">
        <ele>381.133</ele>
        <time>2024-12-13T11:57:42Z</time>
      </trkpt>
      <trkpt lat="41.617094" lon="2.391671">
        <ele>382.337</ele>
        <time>2024-12-13T11:57:53Z</time>
      </trkpt>
      <trkpt lat="41.617074" lon="2.391637">
        <ele>382.981</ele>
        <time>2024-12-13T11:58:02Z</time>
      </trkpt>
      <trkpt lat="41.617071" lon="2.391572">
        <ele>383.444</ele>
        <time>2024-12-13T11:58:16Z</time>
      </trkpt>
      <trkpt lat="41.617052" lon="2.391506">
        <ele>384.271</ele>
        <time>2024-12-13T11:58:29Z</time>
      </trkpt>
      <trkpt lat="41.617019" lon="2.391467">
        <ele>385.141</ele>
        <time>2024-12-13T11:58:37Z</time>
      </trkpt>
      <trkpt lat="41.616995" lon="2.391446">
        <ele>385.715</ele>
        <time>2024-12-13T11:58:42Z</time>
      </trkpt>
      <trkpt lat="41.616949" lon="2.391414">
        <ele>386.709</ele>
        <time>2024-12-13T11:58:50Z</time>
      </trkpt>
      <trkpt lat="41.616925" lon="2.391354">
        <ele>387.758</ele>
        <time>2024-12-13T11:59:00Z</time>
      </trkpt>
      <trkpt lat="41.616899" lon="2.391330">
        <ele>388.386</ele>
        <time>2024-12-13T11:59:04Z</time>
      </trkpt>
      <trkpt lat="41.616870" lon="2.391312">
        <ele>389.033</ele>
        <time>2024-12-13T11:59:12Z</time>
      </trkpt>
      <trkpt lat="41.616845" lon="2.391282">
        <ele>389.735</ele>
        <time>2024-12-13T11:59:19Z</time>
      </trkpt>
      <trkpt lat="41.616829" lon="2.391250">
        <ele>390.460</ele>
        <time>2024-12-13T11:59:23Z</time>
      </trkpt>
      <trkpt lat="41.616813" lon="2.391220">
        <ele>391.013</ele>
        <time>2024-12-13T11:59:27Z</time>
      </trkpt>
      <trkpt lat="41.616795" lon="2.391191">
        <ele>391.797</ele>
        <time>2024-12-13T11:59:31Z</time>
      </trkpt>
      <trkpt lat="41.616776" lon="2.391161">
        <ele>392.411</ele>
        <time>2024-12-13T11:59:36Z</time>
      </trkpt>
      <trkpt lat="41.616758" lon="2.391128">
        <ele>393.114</ele>
        <time>2024-12-13T11:59:40Z</time>
      </trkpt>
      <trkpt lat="41.616732" lon="2.391075">
        <ele>394.278</ele>
        <time>2024-12-13T11:59:51Z</time>
      </trkpt>
      <trkpt lat="41.616710" lon="2.391046">
        <ele>394.933</ele>
        <time>2024-12-13T11:59:55Z</time>
      </trkpt>
      <trkpt lat="41.616667" lon="2.391017">
        <ele>396.026</ele>
        <time>2024-12-13T12:00:05Z</time>
      </trkpt>
      <trkpt lat="41.616621" lon="2.390968">
        <ele>397.109</ele>
        <time>2024-12-13T12:00:13Z</time>
      </trkpt>
      <trkpt lat="41.616575" lon="2.390930">
        <ele>398.258</ele>
        <time>2024-12-13T12:00:25Z</time>
      </trkpt>
      <trkpt lat="41.616527" lon="2.390891">
        <ele>399.336</ele>
        <time>2024-12-13T12:00:36Z</time>
      </trkpt>
      <trkpt lat="41.616502" lon="2.390873">
        <ele>399.953</ele>
        <time>2024-12-13T12:00:40Z</time>
      </trkpt>
      <trkpt lat="41.616476" lon="2.390859">
        <ele>400.485</ele>
        <time>2024-12-13T12:00:43Z</time>
      </trkpt>
      <trkpt lat="41.616453" lon="2.390837">
        <ele>401.040</ele>
        <time>2024-12-13T12:00:48Z</time>
      </trkpt>
      <trkpt lat="41.616415" lon="2.390798">
        <ele>402.053</ele>
        <time>2024-12-13T12:00:55Z</time>
      </trkpt>
      <trkpt lat="41.616397" lon="2.390763">
        <ele>402.637</ele>
        <time>2024-12-13T12:01:01Z</time>
      </trkpt>
      <trkpt lat="41.616360" lon="2.390723">
        <ele>403.481</ele>
        <time>2024-12-13T12:01:12Z</time>
      </trkpt>
      <trkpt lat="41.616341" lon="2.390659">
        <ele>404.334</ele>
        <time>2024-12-13T12:01:23Z</time>
      </trkpt>
      <trkpt lat="41.616308" lon="2.390612">
        <ele>405.266</ele>
        <time>2024-12-13T12:01:33Z</time>
      </trkpt>
      <trkpt lat="41.616288" lon="2.390585">
        <ele>405.729</ele>
        <time>2024-12-13T12:01:38Z</time>
      </trkpt>
      <trkpt lat="41.616268" lon="2.390550">
        <ele>406.321</ele>
        <time>2024-12-13T12:01:43Z</time>
      </trkpt>
      <trkpt lat="41.616239" lon="2.390499">
        <ele>406.709</ele>
        <time>2024-12-13T12:01:49Z</time>
      </trkpt>
      <trkpt lat="41.616225" lon="2.390468">
        <ele>407.017</ele>
        <time>2024-12-13T12:01:54Z</time>
      </trkpt>
      <trkpt lat="41.616210" lon="2.390407">
        <ele>407.395</ele>
        <time>2024-12-13T12:02:05Z</time>
      </trkpt>
      <trkpt lat="41.616199" lon="2.390338">
        <ele>407.632</ele>
        <time>2024-12-13T12:02:17Z</time>
      </trkpt>
      <trkpt lat="41.616196" lon="2.390283">
        <ele>407.844</ele>
        <time>2024-12-13T12:02:23Z</time>
      </trkpt>
      <trkpt lat="41.616186" lon="2.390245">
        <ele>408.169</ele>
        <time>2024-12-13T12:02:28Z</time>
      </trkpt>
      <trkpt lat="41.616172" lon="2.390210">
        <ele>408.412</ele>
        <time>2024-12-13T12:02:32Z</time>
      </trkpt>
      <trkpt lat="41.616133" lon="2.390163">
        <ele>409.196</ele>
        <time>2024-12-13T12:02:40Z</time>
      </trkpt>
      <trkpt lat="41.616117" lon="2.390134">
        <ele>409.470</ele>
        <time>2024-12-13T12:02:44Z</time>
      </trkpt>
      <trkpt lat="41.616101" lon="2.390104">
        <ele>409.763</ele>
        <time>2024-12-13T12:02:46Z</time>
      </trkpt>
      <trkpt lat="41.616084" lon="2.390056">
        <ele>410.176</ele>
        <time>2024-12-13T12:02:50Z</time>
      </trkpt>
      <trkpt lat="41.616068" lon="2.390006">
        <ele>410.490</ele>
        <time>2024-12-13T12:02:54Z</time>
      </trkpt>
      <trkpt lat="41.616066" lon="2.389966">
        <ele>410.719</ele>
        <time>2024-12-13T12:02:56Z</time>
      </trkpt>
      <trkpt lat="41.616063" lon="2.389922">
        <ele>411.009</ele>
        <time>2024-12-13T12:03:00Z</time>
      </trkpt>
      <trkpt lat="41.616059" lon="2.389878">
        <ele>411.478</ele>
        <time>2024-12-13T12:03:02Z</time>
      </trkpt>
      <trkpt lat="41.616048" lon="2.389838">
        <ele>411.746</ele>
        <time>2024-12-13T12:03:05Z</time>
      </trkpt>
      <trkpt lat="41.616036" lon="2.389802">
        <ele>412.093</ele>
        <time>2024-12-13T12:03:08Z</time>
      </trkpt>
      <trkpt lat="41.616025" lon="2.389764">
        <ele>412.445</ele>
        <time>2024-12-13T12:03:11Z</time>
      </trkpt>
      <trkpt lat="41.616014" lon="2.389730">
        <ele>412.760</ele>
        <time>2024-12-13T12:03:14Z</time>
      </trkpt>
      <trkpt lat="41.616013" lon="2.389689">
        <ele>412.623</ele>
        <time>2024-12-13T12:03:17Z</time>
      </trkpt>
      <trkpt lat="41.615999" lon="2.389649">
        <ele>412.777</ele>
        <time>2024-12-13T12:03:20Z</time>
      </trkpt>
      <trkpt lat="41.615986" lon="2.389612">
        <ele>412.711</ele>
        <time>2024-12-13T12:03:23Z</time>
      </trkpt>
      <trkpt lat="41.615978" lon="2.389574">
        <ele>412.744</ele>
        <time>2024-12-13T12:03:26Z</time>
      </trkpt>
      <trkpt lat="41.615965" lon="2.389534">
        <ele>412.767</ele>
        <time>2024-12-13T12:03:29Z</time>
      </trkpt>
      <trkpt lat="41.615958" lon="2.389487">
        <ele>412.781</ele>
        <time>2024-12-13T12:03:33Z</time>
      </trkpt>
      <trkpt lat="41.615946" lon="2.389454">
        <ele>412.819</ele>
        <time>2024-12-13T12:03:36Z</time>
      </trkpt>
      <trkpt lat="41.615934" lon="2.389413">
        <ele>412.909</ele>
        <time>2024-12-13T12:03:39Z</time>
      </trkpt>
      <trkpt lat="41.615930" lon="2.389373">
        <ele>412.977</ele>
        <time>2024-12-13T12:03:42Z</time>
      </trkpt>
      <trkpt lat="41.615929" lon="2.389334">
        <ele>412.845</ele>
        <time>2024-12-13T12:03:45Z</time>
      </trkpt>
      <trkpt lat="41.615926" lon="2.389296">
        <ele>412.822</ele>
        <time>2024-12-13T12:03:48Z</time>
      </trkpt>
      <trkpt lat="41.615920" lon="2.389254">
        <ele>412.814</ele>
        <time>2024-12-13T12:03:51Z</time>
      </trkpt>
      <trkpt lat="41.615915" lon="2.389213">
        <ele>412.829</ele>
        <time>2024-12-13T12:03:54Z</time>
      </trkpt>
      <trkpt lat="41.615911" lon="2.389177">
        <ele>412.762</ele>
        <time>2024-12-13T12:03:57Z</time>
      </trkpt>
      <trkpt lat="41.615897" lon="2.389139">
        <ele>412.686</ele>
        <time>2024-12-13T12:04:00Z</time>
      </trkpt>
      <trkpt lat="41.615864" lon="2.389127">
        <ele>412.770</ele>
        <time>2024-12-13T12:04:03Z</time>
      </trkpt>
      <trkpt lat="41.615811" lon="2.389115">
        <ele>412.653</ele>
        <time>2024-12-13T12:04:09Z</time>
      </trkpt>
      <trkpt lat="41.615784" lon="2.389117">
        <ele>412.672</ele>
        <time>2024-12-13T12:04:12Z</time>
      </trkpt>
      <trkpt lat="41.615756" lon="2.389127">
        <ele>412.713</ele>
        <time>2024-12-13T12:04:15Z</time>
      </trkpt>
      <trkpt lat="41.615725" lon="2.389130">
        <ele>412.714</ele>
        <time>2024-12-13T12:04:18Z</time>
      </trkpt>
      <trkpt lat="41.615697" lon="2.389135">
        <ele>412.709</ele>
        <time>2024-12-13T12:04:21Z</time>
      </trkpt>
      <trkpt lat="41.615666" lon="2.389138">
        <ele>412.798</ele>
        <time>2024-12-13T12:04:24Z</time>
      </trkpt>
      <trkpt lat="41.615633" lon="2.389134">
        <ele>412.766</ele>
        <time>2024-12-13T12:04:27Z</time>
      </trkpt>
      <trkpt lat="41.615580" lon="2.389131">
        <ele>412.683</ele>
        <time>2024-12-13T12:04:32Z</time>
      </trkpt>
      <trkpt lat="41.615551" lon="2.389135">
        <ele>412.775</ele>
        <time>2024-12-13T12:04:36Z</time>
      </trkpt>
      <trkpt lat="41.615515" lon="2.389135">
        <ele>412.810</ele>
        <time>2024-12-13T12:04:40Z</time>
      </trkpt>
      <trkpt lat="41.615480" lon="2.389135">
        <ele>412.963</ele>
        <time>2024-12-13T12:04:43Z</time>
      </trkpt>
      <trkpt lat="41.615448" lon="2.389137">
        <ele>413.047</ele>
        <time>2024-12-13T12:04:47Z</time>
      </trkpt>
      <trkpt lat="41.615400" lon="2.389147">
        <ele>413.361</ele>
        <time>2024-12-13T12:04:52Z</time>
      </trkpt>
      <trkpt lat="41.615366" lon="2.389155">
        <ele>413.514</ele>
        <time>2024-12-13T12:04:56Z</time>
      </trkpt>
      <trkpt lat="41.615335" lon="2.389158">
        <ele>413.737</ele>
        <time>2024-12-13T12:05:00Z</time>
      </trkpt>
      <trkpt lat="41.615305" lon="2.389157">
        <ele>413.749</ele>
        <time>2024-12-13T12:05:04Z</time>
      </trkpt>
      <trkpt lat="41.615276" lon="2.389158">
        <ele>413.813</ele>
        <time>2024-12-13T12:05:07Z</time>
      </trkpt>
      <trkpt lat="41.615245" lon="2.389156">
        <ele>413.809</ele>
        <time>2024-12-13T12:05:11Z</time>
      </trkpt>
      <trkpt lat="41.615217" lon="2.389161">
        <ele>413.914</ele>
        <time>2024-12-13T12:05:14Z</time>
      </trkpt>
      <trkpt lat="41.615188" lon="2.389165">
        <ele>414.062</ele>
        <time>2024-12-13T12:05:17Z</time>
      </trkpt>
      <trkpt lat="41.615157" lon="2.389166">
        <ele>414.039</ele>
        <time>2024-12-13T12:05:20Z</time>
      </trkpt>
      <trkpt lat="41.615107" lon="2.389167">
        <ele>414.011</ele>
        <time>2024-12-13T12:05:25Z</time>
      </trkpt>
      <trkpt lat="41.615052" lon="2.389158">
        <ele>413.926</ele>
        <time>2024-12-13T12:05:30Z</time>
      </trkpt>
      <trkpt lat="41.615024" lon="2.389146">
        <ele>413.879</ele>
        <time>2024-12-13T12:05:33Z</time>
      </trkpt>
      <trkpt lat="41.614993" lon="2.389137">
        <ele>413.733</ele>
        <time>2024-12-13T12:05:37Z</time>
      </trkpt>
      <trkpt lat="41.614938" lon="2.389125">
        <ele>413.837</ele>
        <time>2024-12-13T12:05:42Z</time>
      </trkpt>
      <trkpt lat="41.614905" lon="2.389124">
        <ele>413.930</ele>
        <time>2024-12-13T12:05:45Z</time>
      </trkpt>
      <trkpt lat="41.614872" lon="2.389121">
        <ele>414.039</ele>
        <time>2024-12-13T12:05:49Z</time>
      </trkpt>
      <trkpt lat="41.614845" lon="2.389123">
        <ele>414.201</ele>
        <time>2024-12-13T12:05:52Z</time>
      </trkpt>
      <trkpt lat="41.614814" lon="2.389126">
        <ele>414.321</ele>
        <time>2024-12-13T12:05:55Z</time>
      </trkpt>
      <trkpt lat="41.614759" lon="2.389120">
        <ele>414.509</ele>
        <time>2024-12-13T12:06:02Z</time>
      </trkpt>
      <trkpt lat="41.614729" lon="2.389105">
        <ele>414.524</ele>
        <time>2024-12-13T12:06:05Z</time>
      </trkpt>
      <trkpt lat="41.614698" lon="2.389092">
        <ele>414.552</ele>
        <time>2024-12-13T12:06:09Z</time>
      </trkpt>
      <trkpt lat="41.614644" lon="2.389071">
        <ele>414.499</ele>
        <time>2024-12-13T12:06:15Z</time>
      </trkpt>
      <trkpt lat="41.614618" lon="2.389053">
        <ele>414.391</ele>
        <time>2024-12-13T12:06:18Z</time>
      </trkpt>
      <trkpt lat="41.614573" lon="2.389012">
        <ele>414.246</ele>
        <time>2024-12-13T12:06:23Z</time>
      </trkpt>
      <trkpt lat="41.614549" lon="2.388990">
        <ele>414.159</ele>
        <time>2024-12-13T12:06:25Z</time>
      </trkpt>
      <trkpt lat="41.614525" lon="2.388971">
        <ele>414.183</ele>
        <time>2024-12-13T12:06:29Z</time>
      </trkpt>
      <trkpt lat="41.614478" lon="2.388937">
        <ele>414.157</ele>
        <time>2024-12-13T12:06:34Z</time>
      </trkpt>
      <trkpt lat="41.614455" lon="2.388917">
        <ele>414.170</ele>
        <time>2024-12-13T12:06:38Z</time>
      </trkpt>
      <trkpt lat="41.614430" lon="2.388895">
        <ele>413.919</ele>
        <time>2024-12-13T12:06:40Z</time>
      </trkpt>
      <trkpt lat="41.614390" lon="2.388857">
        <ele>413.309</ele>
        <time>2024-12-13T12:06:47Z</time>
      </trkpt>
      <trkpt lat="41.614367" lon="2.388834">
        <ele>412.919</ele>
        <time>2024-12-13T12:06:50Z</time>
      </trkpt>
      <trkpt lat="41.614344" lon="2.388815">
        <ele>412.609</ele>
        <time>2024-12-13T12:06:53Z</time>
      </trkpt>
      <trkpt lat="41.614301" lon="2.388768">
        <ele>411.952</ele>
        <time>2024-12-13T12:07:00Z</time>
      </trkpt>
      <trkpt lat="41.614271" lon="2.388714">
        <ele>411.380</ele>
        <time>2024-12-13T12:07:05Z</time>
      </trkpt>
      <trkpt lat="41.614253" lon="2.388686">
        <ele>410.917</ele>
        <time>2024-12-13T12:07:08Z</time>
      </trkpt>
      <trkpt lat="41.614234" lon="2.388653">
        <ele>410.649</ele>
        <time>2024-12-13T12:07:12Z</time>
      </trkpt>
      <trkpt lat="41.614215" lon="2.388625">
        <ele>410.364</ele>
        <time>2024-12-13T12:07:15Z</time>
      </trkpt>
      <trkpt lat="41.614181" lon="2.388565">
        <ele>409.637</ele>
        <time>2024-12-13T12:07:22Z</time>
      </trkpt>
      <trkpt lat="41.614168" lon="2.388530">
        <ele>409.121</ele>
        <time>2024-12-13T12:07:25Z</time>
      </trkpt>
      <trkpt lat="41.614152" lon="2.388487">
        <ele>408.455</ele>
        <time>2024-12-13T12:07:28Z</time>
      </trkpt>
      <trkpt lat="41.614131" lon="2.388439">
        <ele>407.738</ele>
        <time>2024-12-13T12:07:32Z</time>
      </trkpt>
      <trkpt lat="41.614101" lon="2.388387">
        <ele>406.844</ele>
        <time>2024-12-13T12:07:37Z</time>
      </trkpt>
      <trkpt lat="41.614080" lon="2.388359">
        <ele>406.305</ele>
        <time>2024-12-13T12:07:39Z</time>
      </trkpt>
      <trkpt lat="41.614059" lon="2.388328">
        <ele>405.815</ele>
        <time>2024-12-13T12:07:44Z</time>
      </trkpt>
      <trkpt lat="41.614032" lon="2.388307">
        <ele>405.409</ele>
        <time>2024-12-13T12:07:47Z</time>
      </trkpt>
      <trkpt lat="41.614007" lon="2.388287">
        <ele>405.045</ele>
        <time>2024-12-13T12:07:50Z</time>
      </trkpt>
      <trkpt lat="41.613961" lon="2.388248">
        <ele>404.393</ele>
        <time>2024-12-13T12:07:55Z</time>
      </trkpt>
      <trkpt lat="41.613933" lon="2.388231">
        <ele>404.060</ele>
        <time>2024-12-13T12:07:58Z</time>
      </trkpt>
      <trkpt lat="41.613909" lon="2.388211">
        <ele>403.732</ele>
        <time>2024-12-13T12:08:01Z</time>
      </trkpt>
      <trkpt lat="41.613885" lon="2.388191">
        <ele>403.487</ele>
        <time>2024-12-13T12:08:05Z</time>
      </trkpt>
      <trkpt lat="41.613833" lon="2.388172">
        <ele>402.860</ele>
        <time>2024-12-13T12:08:10Z</time>
      </trkpt>
      <trkpt lat="41.613787" lon="2.388150">
        <ele>402.494</ele>
        <time>2024-12-13T12:08:15Z</time>
      </trkpt>
      <trkpt lat="41.613745" lon="2.388138">
        <ele>402.068</ele>
        <time>2024-12-13T12:08:18Z</time>
      </trkpt>
      <trkpt lat="41.613718" lon="2.388125">
        <ele>401.791</ele>
        <time>2024-12-13T12:08:22Z</time>
      </trkpt>
      <trkpt lat="41.613678" lon="2.388081">
        <ele>401.433</ele>
        <time>2024-12-13T12:08:26Z</time>
      </trkpt>
      <trkpt lat="41.613659" lon="2.388054">
        <ele>401.423</ele>
        <time>2024-12-13T12:08:29Z</time>
      </trkpt>
      <trkpt lat="41.613641" lon="2.388027">
        <ele>401.415</ele>
        <time>2024-12-13T12:08:32Z</time>
      </trkpt>
      <trkpt lat="41.613636" lon="2.387962">
        <ele>401.809</ele>
        <time>2024-12-13T12:08:36Z</time>
      </trkpt>
      <trkpt lat="41.613634" lon="2.387926">
        <ele>402.064</ele>
        <time>2024-12-13T12:08:38Z</time>
      </trkpt>
      <trkpt lat="41.613618" lon="2.387858">
        <ele>402.442</ele>
        <time>2024-12-13T12:08:44Z</time>
      </trkpt>
      <trkpt lat="41.613620" lon="2.387778">
        <ele>403.049</ele>
        <time>2024-12-13T12:08:52Z</time>
      </trkpt>
      <trkpt lat="41.613607" lon="2.387713">
        <ele>402.721</ele>
        <time>2024-12-13T12:08:57Z</time>
      </trkpt>
      <trkpt lat="41.613594" lon="2.387673">
        <ele>402.436</ele>
        <time>2024-12-13T12:09:00Z</time>
      </trkpt>
      <trkpt lat="41.613578" lon="2.387607">
        <ele>402.129</ele>
        <time>2024-12-13T12:09:05Z</time>
      </trkpt>
      <trkpt lat="41.613558" lon="2.387557">
        <ele>401.763</ele>
        <time>2024-12-13T12:09:08Z</time>
      </trkpt>
      <trkpt lat="41.613526" lon="2.387520">
        <ele>401.487</ele>
        <time>2024-12-13T12:09:12Z</time>
      </trkpt>
      <trkpt lat="41.613510" lon="2.387490">
        <ele>401.220</ele>
        <time>2024-12-13T12:09:15Z</time>
      </trkpt>
      <trkpt lat="41.613494" lon="2.387461">
        <ele>401.171</ele>
        <time>2024-12-13T12:09:18Z</time>
      </trkpt>
      <trkpt lat="41.613479" lon="2.387393">
        <ele>400.841</ele>
        <time>2024-12-13T12:09:23Z</time>
      </trkpt>
      <trkpt lat="41.613449" lon="2.387337">
        <ele>400.615</ele>
        <time>2024-12-13T12:09:28Z</time>
      </trkpt>
      <trkpt lat="41.613429" lon="2.387281">
        <ele>400.409</ele>
        <time>2024-12-13T12:09:34Z</time>
      </trkpt>
      <trkpt lat="41.613425" lon="2.387212">
        <ele>400.268</ele>
        <time>2024-12-13T12:09:41Z</time>
      </trkpt>
      <trkpt lat="41.613416" lon="2.387149">
        <ele>399.676</ele>
        <time>2024-12-13T12:09:47Z</time>
      </trkpt>
      <trkpt lat="41.613401" lon="2.387089">
        <ele>399.173</ele>
        <time>2024-12-13T12:09:57Z</time>
      </trkpt>
      <trkpt lat="41.613403" lon="2.387024">
        <ele>398.515</ele>
        <time>2024-12-13T12:10:05Z</time>
      </trkpt>
      <trkpt lat="41.613401" lon="2.386958">
        <ele>397.920</ele>
        <time>2024-12-13T12:10:10Z</time>
      </trkpt>
      <trkpt lat="41.613375" lon="2.386925">
        <ele>397.473</ele>
        <time>2024-12-13T12:10:13Z</time>
      </trkpt>
      <trkpt lat="41.613333" lon="2.386905">
        <ele>397.177</ele>
        <time>2024-12-13T12:10:17Z</time>
      </trkpt>
      <trkpt lat="41.613293" lon="2.386894">
        <ele>396.241</ele>
        <time>2024-12-13T12:10:30Z</time>
      </trkpt>
      <trkpt lat="41.613316" lon="2.386921">
        <ele>397.264</ele>
        <time>2024-12-13T12:10:33Z</time>
      </trkpt>
      <trkpt lat="41.613360" lon="2.386940">
        <ele>397.886</ele>
        <time>2024-12-13T12:10:38Z</time>
      </trkpt>
      <trkpt lat="41.613395" lon="2.386969">
        <ele>398.060</ele>
        <time>2024-12-13T12:10:42Z</time>
      </trkpt>
      <trkpt lat="41.613408" lon="2.387025">
        <ele>398.526</ele>
        <time>2024-12-13T12:10:48Z</time>
      </trkpt>
      <trkpt lat="41.613410" lon="2.387082">
        <ele>399.009</ele>
        <time>2024-12-13T12:10:56Z</time>
      </trkpt>
      <trkpt lat="41.613405" lon="2.387135">
        <ele>399.539</ele>
        <time>2024-12-13T12:11:03Z</time>
      </trkpt>
      <trkpt lat="41.613409" lon="2.387177">
        <ele>399.977</ele>
        <time>2024-12-13T12:11:05Z</time>
      </trkpt>
      <trkpt lat="41.613414" lon="2.387219">
        <ele>400.374</ele>
        <time>2024-12-13T12:11:08Z</time>
      </trkpt>
      <trkpt lat="41.613437" lon="2.387281">
        <ele>400.556</ele>
        <time>2024-12-13T12:11:13Z</time>
      </trkpt>
      <trkpt lat="41.613457" lon="2.387347">
        <ele>400.621</ele>
        <time>2024-12-13T12:11:18Z</time>
      </trkpt>
      <trkpt lat="41.613468" lon="2.387384">
        <ele>400.814</ele>
        <time>2024-12-13T12:11:21Z</time>
      </trkpt>
      <trkpt lat="41.613487" lon="2.387446">
        <ele>401.068</ele>
        <time>2024-12-13T12:11:26Z</time>
      </trkpt>
      <trkpt lat="41.613502" lon="2.387484">
        <ele>401.242</ele>
        <time>2024-12-13T12:11:29Z</time>
      </trkpt>
      <trkpt lat="41.613516" lon="2.387516">
        <ele>401.335</ele>
        <time>2024-12-13T12:11:32Z</time>
      </trkpt>
      <trkpt lat="41.613532" lon="2.387545">
        <ele>401.518</ele>
        <time>2024-12-13T12:11:35Z</time>
      </trkpt>
      <trkpt lat="41.613546" lon="2.387586">
        <ele>401.798</ele>
        <time>2024-12-13T12:11:39Z</time>
      </trkpt>
      <trkpt lat="41.613567" lon="2.387637">
        <ele>402.017</ele>
        <time>2024-12-13T12:11:43Z</time>
      </trkpt>
      <trkpt lat="41.613580" lon="2.387670">
        <ele>402.309</ele>
        <time>2024-12-13T12:11:47Z</time>
      </trkpt>
      <trkpt lat="41.613590" lon="2.387704">
        <ele>402.592</ele>
        <time>2024-12-13T12:11:50Z</time>
      </trkpt>
      <trkpt lat="41.613604" lon="2.387773">
        <ele>402.940</ele>
        <time>2024-12-13T12:11:55Z</time>
      </trkpt>
      <trkpt lat="41.613607" lon="2.387848">
        <ele>402.467</ele>
        <time>2024-12-13T12:12:01Z</time>
      </trkpt>
      <trkpt lat="41.613620" lon="2.387880">
        <ele>402.369</ele>
        <time>2024-12-13T12:12:04Z</time>
      </trkpt>
      <trkpt lat="41.613616" lon="2.387948">
        <ele>401.824</ele>
        <time>2024-12-13T12:12:08Z</time>
      </trkpt>
      <trkpt lat="41.613568" lon="2.387964">
        <ele>401.187</ele>
        <time>2024-12-13T12:12:13Z</time>
      </trkpt>
      <trkpt lat="41.613528" lon="2.387927">
        <ele>400.931</ele>
        <time>2024-12-13T12:12:17Z</time>
      </trkpt>
      <trkpt lat="41.613500" lon="2.387864">
        <ele>400.945</ele>
        <time>2024-12-13T12:12:22Z</time>
      </trkpt>
      <trkpt lat="41.613477" lon="2.387842">
        <ele>400.718</ele>
        <time>2024-12-13T12:12:25Z</time>
      </trkpt>
      <trkpt lat="41.613458" lon="2.387813">
        <ele>400.688</ele>
        <time>2024-12-13T12:12:28Z</time>
      </trkpt>
      <trkpt lat="41.613435" lon="2.387793">
        <ele>400.424</ele>
        <time>2024-12-13T12:12:31Z</time>
      </trkpt>
      <trkpt lat="41.613401" lon="2.387754">
        <ele>400.026</ele>
        <time>2024-12-13T12:12:37Z</time>
      </trkpt>
      <trkpt lat="41.613377" lon="2.387686">
        <ele>399.909</ele>
        <time>2024-12-13T12:12:45Z</time>
      </trkpt>
      <trkpt lat="41.613364" lon="2.387646">
        <ele>399.889</ele>
        <time>2024-12-13T12:12:48Z</time>
      </trkpt>
      <trkpt lat="41.613350" lon="2.387613">
        <ele>399.817</ele>
        <time>2024-12-13T12:12:51Z</time>
      </trkpt>
      <trkpt lat="41.613335" lon="2.387580">
        <ele>399.764</ele>
        <time>2024-12-13T12:12:53Z</time>
      </trkpt>
      <trkpt lat="41.613320" lon="2.387545">
        <ele>399.586</ele>
        <time>2024-12-13T12:12:56Z</time>
      </trkpt>
      <trkpt lat="41.613306" lon="2.387510">
        <ele>399.311</ele>
        <time>2024-12-13T12:13:00Z</time>
      </trkpt>
      <trkpt lat="41.613285" lon="2.387450">
        <ele>398.884</ele>
        <time>2024-12-13T12:13:04Z</time>
      </trkpt>
      <trkpt lat="41.613271" lon="2.387418">
        <ele>398.588</ele>
        <time>2024-12-13T12:13:07Z</time>
      </trkpt>
      <trkpt lat="41.613240" lon="2.387368">
        <ele>397.822</ele>
        <time>2024-12-13T12:13:11Z</time>
      </trkpt>
      <trkpt lat="41.613223" lon="2.387338">
        <ele>397.515</ele>
        <time>2024-12-13T12:13:14Z</time>
      </trkpt>
      <trkpt lat="41.613208" lon="2.387306">
        <ele>397.251</ele>
        <time>2024-12-13T12:13:17Z</time>
      </trkpt>
      <trkpt lat="41.613191" lon="2.387275">
        <ele>396.801</ele>
        <time>2024-12-13T12:13:19Z</time>
      </trkpt>
      <trkpt lat="41.613177" lon="2.387238">
        <ele>396.611</ele>
        <time>2024-12-13T12:13:24Z</time>
      </trkpt>
      <trkpt lat="41.613162" lon="2.387178">
        <ele>396.109</ele>
        <time>2024-12-13T12:13:32Z</time>
      </trkpt>
      <trkpt lat="41.613129" lon="2.387128">
        <ele>395.286</ele>
        <time>2024-12-13T12:13:40Z</time>
      </trkpt>
      <trkpt lat="41.613122" lon="2.387093">
        <ele>394.964</ele>
        <time>2024-12-13T12:13:42Z</time>
      </trkpt>
      <trkpt lat="41.613108" lon="2.387061">
        <ele>394.421</ele>
        <time>2024-12-13T12:13:45Z</time>
      </trkpt>
      <trkpt lat="41.613098" lon="2.387027">
        <ele>394.123</ele>
        <time>2024-12-13T12:13:47Z</time>
      </trkpt>
      <trkpt lat="41.613085" lon="2.386992">
        <ele>393.748</ele>
        <time>2024-12-13T12:13:50Z</time>
      </trkpt>
      <trkpt lat="41.613058" lon="2.386930">
        <ele>392.881</ele>
        <time>2024-12-13T12:13:55Z</time>
      </trkpt>
      <trkpt lat="41.613060" lon="2.386888">
        <ele>392.345</ele>
        <time>2024-12-13T12:13:58Z</time>
      </trkpt>
      <trkpt lat="41.613061" lon="2.386846">
        <ele>391.729</ele>
        <time>2024-12-13T12:14:01Z</time>
      </trkpt>
      <trkpt lat="41.613060" lon="2.386808">
        <ele>391.122</ele>
        <time>2024-12-13T12:14:04Z</time>
      </trkpt>
      <trkpt lat="41.613056" lon="2.386769">
        <ele>390.548</ele>
        <time>2024-12-13T12:14:08Z</time>
      </trkpt>
      <trkpt lat="41.613063" lon="2.386733">
        <ele>390.061</ele>
        <time>2024-12-13T12:14:12Z</time>
      </trkpt>
      <trkpt lat="41.613071" lon="2.386698">
        <ele>389.617</ele>
        <time>2024-12-13T12:14:16Z</time>
      </trkpt>
      <trkpt lat="41.613086" lon="2.386667">
        <ele>389.309</ele>
        <time>2024-12-13T12:14:18Z</time>
      </trkpt>
      <trkpt lat="41.613111" lon="2.386645">
        <ele>389.065</ele>
        <time>2024-12-13T12:14:21Z</time>
      </trkpt>
      <trkpt lat="41.613142" lon="2.386632">
        <ele>388.993</ele>
        <time>2024-12-13T12:14:24Z</time>
      </trkpt>
      <trkpt lat="41.613175" lon="2.386624">
        <ele>389.130</ele>
        <time>2024-12-13T12:14:27Z</time>
      </trkpt>
      <trkpt lat="41.613226" lon="2.386627">
        <ele>389.792</ele>
        <time>2024-12-13T12:14:33Z</time>
      </trkpt>
      <trkpt lat="41.613260" lon="2.386622">
        <ele>389.997</ele>
        <time>2024-12-13T12:14:37Z</time>
      </trkpt>
      <trkpt lat="41.613310" lon="2.386651">
        <ele>391.350</ele>
        <time>2024-12-13T12:14:44Z</time>
      </trkpt>
      <trkpt lat="41.613351" lon="2.386643">
        <ele>391.284</ele>
        <time>2024-12-13T12:14:48Z</time>
      </trkpt>
      <trkpt lat="41.613396" lon="2.386648">
        <ele>391.268</ele>
        <time>2024-12-13T12:14:57Z</time>
      </trkpt>
      <trkpt lat="41.613423" lon="2.386664">
        <ele>391.621</ele>
        <time>2024-12-13T12:15:00Z</time>
      </trkpt>
      <trkpt lat="41.613446" lon="2.386686">
        <ele>392.097</ele>
        <time>2024-12-13T12:15:02Z</time>
      </trkpt>
      <trkpt lat="41.613491" lon="2.386727">
        <ele>392.723</ele>
        <time>2024-12-13T12:15:07Z</time>
      </trkpt>
      <trkpt lat="41.613513" lon="2.386752">
        <ele>393.225</ele>
        <time>2024-12-13T12:15:10Z</time>
      </trkpt>
      <trkpt lat="41.613536" lon="2.386778">
        <ele>393.709</ele>
        <time>2024-12-13T12:15:13Z</time>
      </trkpt>
      <trkpt lat="41.613562" lon="2.386805">
        <ele>394.240</ele>
        <time>2024-12-13T12:15:16Z</time>
      </trkpt>
      <trkpt lat="41.613584" lon="2.386832">
        <ele>394.778</ele>
        <time>2024-12-13T12:15:19Z</time>
      </trkpt>
      <trkpt lat="41.613608" lon="2.386855">
        <ele>395.145</ele>
        <time>2024-12-13T12:15:22Z</time>
      </trkpt>
      <trkpt lat="41.613629" lon="2.386880">
        <ele>395.127</ele>
        <time>2024-12-13T12:15:25Z</time>
      </trkpt>
      <trkpt lat="41.613651" lon="2.386905">
        <ele>395.162</ele>
        <time>2024-12-13T12:15:28Z</time>
      </trkpt>
      <trkpt lat="41.613676" lon="2.386928">
        <ele>395.065</ele>
        <time>2024-12-13T12:15:33Z</time>
      </trkpt>
      <trkpt lat="41.613720" lon="2.386984">
        <ele>395.029</ele>
        <time>2024-12-13T12:15:39Z</time>
      </trkpt>
      <trkpt lat="41.613736" lon="2.387018">
        <ele>395.383</ele>
        <time>2024-12-13T12:15:42Z</time>
      </trkpt>
      <trkpt lat="41.613755" lon="2.387048">
        <ele>395.436</ele>
        <time>2024-12-13T12:15:45Z</time>
      </trkpt>
      <trkpt lat="41.613776" lon="2.387079">
        <ele>395.695</ele>
        <time>2024-12-13T12:15:48Z</time>
      </trkpt>
      <trkpt lat="41.613795" lon="2.387113">
        <ele>396.049</ele>
        <time>2024-12-13T12:15:51Z</time>
      </trkpt>
      <trkpt lat="41.613817" lon="2.387167">
        <ele>396.823</ele>
        <time>2024-12-13T12:15:55Z</time>
      </trkpt>
      <trkpt lat="41.613838" lon="2.387201">
        <ele>397.209</ele>
        <time>2024-12-13T12:15:58Z</time>
      </trkpt>
      <trkpt lat="41.613861" lon="2.387234">
        <ele>397.520</ele>
        <time>2024-12-13T12:16:02Z</time>
      </trkpt>
      <trkpt lat="41.613900" lon="2.387276">
        <ele>397.478</ele>
        <time>2024-12-13T12:16:07Z</time>
      </trkpt>
      <trkpt lat="41.613948" lon="2.387312">
        <ele>397.025</ele>
        <time>2024-12-13T12:16:13Z</time>
      </trkpt>
      <trkpt lat="41.613977" lon="2.387329">
        <ele>396.827</ele>
        <time>2024-12-13T12:16:16Z</time>
      </trkpt>
      <trkpt lat="41.614007" lon="2.387340">
        <ele>396.522</ele>
        <time>2024-12-13T12:16:19Z</time>
      </trkpt>
      <trkpt lat="41.614040" lon="2.387354">
        <ele>396.295</ele>
        <time>2024-12-13T12:16:22Z</time>
      </trkpt>
      <trkpt lat="41.614067" lon="2.387361">
        <ele>395.919</ele>
        <time>2024-12-13T12:16:25Z</time>
      </trkpt>
      <trkpt lat="41.614097" lon="2.387367">
        <ele>395.663</ele>
        <time>2024-12-13T12:16:29Z</time>
      </trkpt>
      <trkpt lat="41.614125" lon="2.387365">
        <ele>395.266</ele>
        <time>2024-12-13T12:16:32Z</time>
      </trkpt>
      <trkpt lat="41.614156" lon="2.387368">
        <ele>394.873</ele>
        <time>2024-12-13T12:16:36Z</time>
      </trkpt>
      <trkpt lat="41.614183" lon="2.387378">
        <ele>394.685</ele>
        <time>2024-12-13T12:16:39Z</time>
      </trkpt>
      <trkpt lat="41.614219" lon="2.387396">
        <ele>394.513</ele>
        <time>2024-12-13T12:16:44Z</time>
      </trkpt>
      <trkpt lat="41.614250" lon="2.387407">
        <ele>394.309</ele>
        <time>2024-12-13T12:16:48Z</time>
      </trkpt>
      <trkpt lat="41.614279" lon="2.387423">
        <ele>394.348</ele>
        <time>2024-12-13T12:16:52Z</time>
      </trkpt>
      <trkpt lat="41.614308" lon="2.387442">
        <ele>394.336</ele>
        <time>2024-12-13T12:16:55Z</time>
      </trkpt>
      <trkpt lat="41.614333" lon="2.387467">
        <ele>394.593</ele>
        <time>2024-12-13T12:16:59Z</time>
      </trkpt>
      <trkpt lat="41.614359" lon="2.387494">
        <ele>394.845</ele>
        <time>2024-12-13T12:17:03Z</time>
      </trkpt>
      <trkpt lat="41.614382" lon="2.387518">
        <ele>395.050</ele>
        <time>2024-12-13T12:17:07Z</time>
      </trkpt>
      <trkpt lat="41.614399" lon="2.387546">
        <ele>395.413</ele>
        <time>2024-12-13T12:17:09Z</time>
      </trkpt>
      <trkpt lat="41.614418" lon="2.387573">
        <ele>395.817</ele>
        <time>2024-12-13T12:17:13Z</time>
      </trkpt>
      <trkpt lat="41.614453" lon="2.387621">
        <ele>396.571</ele>
        <time>2024-12-13T12:17:17Z</time>
      </trkpt>
      <trkpt lat="41.614481" lon="2.387642">
        <ele>396.614</ele>
        <time>2024-12-13T12:17:20Z</time>
      </trkpt>
      <trkpt lat="41.614508" lon="2.387656">
        <ele>396.697</ele>
        <time>2024-12-13T12:17:23Z</time>
      </trkpt>
      <trkpt lat="41.614541" lon="2.387663">
        <ele>396.323</ele>
        <time>2024-12-13T12:17:26Z</time>
      </trkpt>
      <trkpt lat="41.614574" lon="2.387672">
        <ele>396.025</ele>
        <time>2024-12-13T12:17:31Z</time>
      </trkpt>
      <trkpt lat="41.614607" lon="2.387688">
        <ele>395.909</ele>
        <time>2024-12-13T12:17:34Z</time>
      </trkpt>
      <trkpt lat="41.614637" lon="2.387703">
        <ele>395.820</ele>
        <time>2024-12-13T12:17:37Z</time>
      </trkpt>
      <trkpt lat="41.614665" lon="2.387718">
        <ele>395.798</ele>
        <time>2024-12-13T12:17:40Z</time>
      </trkpt>
      <trkpt lat="41.614693" lon="2.387736">
        <ele>395.735</ele>
        <time>2024-12-13T12:17:43Z</time>
      </trkpt>
      <trkpt lat="41.614718" lon="2.387755">
        <ele>395.777</ele>
        <time>2024-12-13T12:17:46Z</time>
      </trkpt>
      <trkpt lat="41.614738" lon="2.387784">
        <ele>396.172</ele>
        <time>2024-12-13T12:17:50Z</time>
      </trkpt>
      <trkpt lat="41.614778" lon="2.387833">
        <ele>397.175</ele>
        <time>2024-12-13T12:17:57Z</time>
      </trkpt>
      <trkpt lat="41.614798" lon="2.387859">
        <ele>397.649</ele>
        <time>2024-12-13T12:18:01Z</time>
      </trkpt>
      <trkpt lat="41.614833" lon="2.387911">
        <ele>398.523</ele>
        <time>2024-12-13T12:18:07Z</time>
      </trkpt>
      <trkpt lat="41.614857" lon="2.387932">
        <ele>398.826</ele>
        <time>2024-12-13T12:18:10Z</time>
      </trkpt>
      <trkpt lat="41.614898" lon="2.387976">
        <ele>399.413</ele>
        <time>2024-12-13T12:18:16Z</time>
      </trkpt>
      <trkpt lat="41.614922" lon="2.387993">
        <ele>399.543</ele>
        <time>2024-12-13T12:18:19Z</time>
      </trkpt>
      <trkpt lat="41.614964" lon="2.388023">
        <ele>399.807</ele>
        <time>2024-12-13T12:18:24Z</time>
      </trkpt>
      <trkpt lat="41.615008" lon="2.388051">
        <ele>399.909</ele>
        <time>2024-12-13T12:18:29Z</time>
      </trkpt>
      <trkpt lat="41.615036" lon="2.388063">
        <ele>400.122</ele>
        <time>2024-12-13T12:18:31Z</time>
      </trkpt>
      <trkpt lat="41.615085" lon="2.388083">
        <ele>400.410</ele>
        <time>2024-12-13T12:18:36Z</time>
      </trkpt>
      <trkpt lat="41.615113" lon="2.388092">
        <ele>400.537</ele>
        <time>2024-12-13T12:18:39Z</time>
      </trkpt>
      <trkpt lat="41.615170" lon="2.388100">
        <ele>400.619</ele>
        <time>2024-12-13T12:18:44Z</time>
      </trkpt>
      <trkpt lat="41.615202" lon="2.388100">
        <ele>400.644</ele>
        <time>2024-12-13T12:18:47Z</time>
      </trkpt>
      <trkpt lat="41.615235" lon="2.388092">
        <ele>400.547</ele>
        <time>2024-12-13T12:18:50Z</time>
      </trkpt>
      <trkpt lat="41.615287" lon="2.388060">
        <ele>400.231</ele>
        <time>2024-12-13T12:18:55Z</time>
      </trkpt>
      <trkpt lat="41.615312" lon="2.388037">
        <ele>400.355</ele>
        <time>2024-12-13T12:18:59Z</time>
      </trkpt>
      <trkpt lat="41.615332" lon="2.388012">
        <ele>400.318</ele>
        <time>2024-12-13T12:19:05Z</time>
      </trkpt>
      <trkpt lat="41.615361" lon="2.387954">
        <ele>400.012</ele>
        <time>2024-12-13T12:19:11Z</time>
      </trkpt>
      <trkpt lat="41.615376" lon="2.387915">
        <ele>399.732</ele>
        <time>2024-12-13T12:19:15Z</time>
      </trkpt>
      <trkpt lat="41.615385" lon="2.387871">
        <ele>399.305</ele>
        <time>2024-12-13T12:19:19Z</time>
      </trkpt>
      <trkpt lat="41.615390" lon="2.387827">
        <ele>398.809</ele>
        <time>2024-12-13T12:19:22Z</time>
      </trkpt>
      <trkpt lat="41.615397" lon="2.387783">
        <ele>398.492</ele>
        <time>2024-12-13T12:19:26Z</time>
      </trkpt>
      <trkpt lat="41.615407" lon="2.387743">
        <ele>398.230</ele>
        <time>2024-12-13T12:19:29Z</time>
      </trkpt>
      <trkpt lat="41.615423" lon="2.387671">
        <ele>398.037</ele>
        <time>2024-12-13T12:19:35Z</time>
      </trkpt>
      <trkpt lat="41.615432" lon="2.387598">
        <ele>397.749</ele>
        <time>2024-12-13T12:19:41Z</time>
      </trkpt>
      <trkpt lat="41.615440" lon="2.387561">
        <ele>397.534</ele>
        <time>2024-12-13T12:19:44Z</time>
      </trkpt>
      <trkpt lat="41.615457" lon="2.387488">
        <ele>397.277</ele>
        <time>2024-12-13T12:19:53Z</time>
      </trkpt>
      <trkpt lat="41.615472" lon="2.387452">
        <ele>397.261</ele>
        <time>2024-12-13T12:19:56Z</time>
      </trkpt>
      <trkpt lat="41.615487" lon="2.387415">
        <ele>397.265</ele>
        <time>2024-12-13T12:20:00Z</time>
      </trkpt>
      <trkpt lat="41.615500" lon="2.387383">
        <ele>397.248</ele>
        <time>2024-12-13T12:20:02Z</time>
      </trkpt>
      <trkpt lat="41.615517" lon="2.387352">
        <ele>397.263</ele>
        <time>2024-12-13T12:20:06Z</time>
      </trkpt>
      <trkpt lat="41.615538" lon="2.387319">
        <ele>397.244</ele>
        <time>2024-12-13T12:20:09Z</time>
      </trkpt>
      <trkpt lat="41.615562" lon="2.387293">
        <ele>397.318</ele>
        <time>2024-12-13T12:20:12Z</time>
      </trkpt>
      <trkpt lat="41.615589" lon="2.387268">
        <ele>397.509</ele>
        <time>2024-12-13T12:20:14Z</time>
      </trkpt>
      <trkpt lat="41.615614" lon="2.387247">
        <ele>397.737</ele>
        <time>2024-12-13T12:20:17Z</time>
      </trkpt>
      <trkpt lat="41.615662" lon="2.387213">
        <ele>398.125</ele>
        <time>2024-12-13T12:20:22Z</time>
      </trkpt>
      <trkpt lat="41.615687" lon="2.387192">
        <ele>398.492</ele>
        <time>2024-12-13T12:20:26Z</time>
      </trkpt>
      <trkpt lat="41.615741" lon="2.387166">
        <ele>398.954</ele>
        <time>2024-12-13T12:20:31Z</time>
      </trkpt>
      <trkpt lat="41.615775" lon="2.387153">
        <ele>399.229</ele>
        <time>2024-12-13T12:20:34Z</time>
      </trkpt>
      <trkpt lat="41.615810" lon="2.387137">
        <ele>399.562</ele>
        <time>2024-12-13T12:20:37Z</time>
      </trkpt>
      <trkpt lat="41.615836" lon="2.387121">
        <ele>399.746</ele>
        <time>2024-12-13T12:20:40Z</time>
      </trkpt>
      <trkpt lat="41.615859" lon="2.387102">
        <ele>399.980</ele>
        <time>2024-12-13T12:20:42Z</time>
      </trkpt>
      <trkpt lat="41.615894" lon="2.387062">
        <ele>400.333</ele>
        <time>2024-12-13T12:20:46Z</time>
      </trkpt>
      <trkpt lat="41.615914" lon="2.386997">
        <ele>400.295</ele>
        <time>2024-12-13T12:20:51Z</time>
      </trkpt>
      <trkpt lat="41.615920" lon="2.386949">
        <ele>400.049</ele>
        <time>2024-12-13T12:20:55Z</time>
      </trkpt>
      <trkpt lat="41.615914" lon="2.386901">
        <ele>399.423</ele>
        <time>2024-12-13T12:20:58Z</time>
      </trkpt>
      <trkpt lat="41.615903" lon="2.386833">
        <ele>398.409</ele>
        <time>2024-12-13T12:21:03Z</time>
      </trkpt>
      <trkpt lat="41.615900" lon="2.386792">
        <ele>397.930</ele>
        <time>2024-12-13T12:21:07Z</time>
      </trkpt>
      <trkpt lat="41.615898" lon="2.386723">
        <ele>397.148</ele>
        <time>2024-12-13T12:21:13Z</time>
      </trkpt>
      <trkpt lat="41.615899" lon="2.386678">
        <ele>396.615</ele>
        <time>2024-12-13T12:21:17Z</time>
      </trkpt>
      <trkpt lat="41.615903" lon="2.386633">
        <ele>396.017</ele>
        <time>2024-12-13T12:21:21Z</time>
      </trkpt>
      <trkpt lat="41.615924" lon="2.386582">
        <ele>395.442</ele>
        <time>2024-12-13T12:21:28Z</time>
      </trkpt>
      <trkpt lat="41.615964" lon="2.386557">
        <ele>395.465</ele>
        <time>2024-12-13T12:21:33Z</time>
      </trkpt>
      <trkpt lat="41.616004" lon="2.386611">
        <ele>396.469</ele>
        <time>2024-12-13T12:21:41Z</time>
      </trkpt>
      <trkpt lat="41.616023" lon="2.386645">
        <ele>397.113</ele>
        <time>2024-12-13T12:21:44Z</time>
      </trkpt>
      <trkpt lat="41.616061" lon="2.386702">
        <ele>398.126</ele>
        <time>2024-12-13T12:21:52Z</time>
      </trkpt>
      <trkpt lat="41.616087" lon="2.386724">
        <ele>398.663</ele>
        <time>2024-12-13T12:21:57Z</time>
      </trkpt>
      <trkpt lat="41.616111" lon="2.386786">
        <ele>399.744</ele>
        <time>2024-12-13T12:22:04Z</time>
      </trkpt>
      <trkpt lat="41.616125" lon="2.386825">
        <ele>400.518</ele>
        <time>2024-12-13T12:22:09Z</time>
      </trkpt>
      <trkpt lat="41.616138" lon="2.386860">
        <ele>401.109</ele>
        <time>2024-12-13T12:22:13Z</time>
      </trkpt>
      <trkpt lat="41.616167" lon="2.386927">
        <ele>402.557</ele>
        <time>2024-12-13T12:22:21Z</time>
      </trkpt>
      <trkpt lat="41.616185" lon="2.386962">
        <ele>403.335</ele>
        <time>2024-12-13T12:22:25Z</time>
      </trkpt>
      <trkpt lat="41.616208" lon="2.387029">
        <ele>404.372</ele>
        <time>2024-12-13T12:22:35Z</time>
      </trkpt>
      <trkpt lat="41.616227" lon="2.387067">
        <ele>405.074</ele>
        <time>2024-12-13T12:22:39Z</time>
      </trkpt>
      <trkpt lat="41.616258" lon="2.387126">
        <ele>406.129</ele>
        <time>2024-12-13T12:22:46Z</time>
      </trkpt>
      <trkpt lat="41.616292" lon="2.387187">
        <ele>407.242</ele>
        <time>2024-12-13T12:22:53Z</time>
      </trkpt>
      <trkpt lat="41.616323" lon="2.387209">
        <ele>407.996</ele>
        <time>2024-12-13T12:22:58Z</time>
      </trkpt>
      <trkpt lat="41.616351" lon="2.387217">
        <ele>408.430</ele>
        <time>2024-12-13T12:23:02Z</time>
      </trkpt>
      <trkpt lat="41.616378" lon="2.387221">
        <ele>408.833</ele>
        <time>2024-12-13T12:23:08Z</time>
      </trkpt>
      <trkpt lat="41.616404" lon="2.387211">
        <ele>409.087</ele>
        <time>2024-12-13T12:23:13Z</time>
      </trkpt>
      <trkpt lat="41.616450" lon="2.387183">
        <ele>409.242</ele>
        <time>2024-12-13T12:23:23Z</time>
      </trkpt>
      <trkpt lat="41.616502" lon="2.387165">
        <ele>409.526</ele>
        <time>2024-12-13T12:23:35Z</time>
      </trkpt>
      <trkpt lat="41.616529" lon="2.387151">
        <ele>409.609</ele>
        <time>2024-12-13T12:23:39Z</time>
      </trkpt>
      <trkpt lat="41.616579" lon="2.387146">
        <ele>410.059</ele>
        <time>2024-12-13T12:23:45Z</time>
      </trkpt>
      <trkpt lat="41.616612" lon="2.387140">
        <ele>410.327</ele>
        <time>2024-12-13T12:23:48Z</time>
      </trkpt>
      <trkpt lat="41.616642" lon="2.387142">
        <ele>410.614</ele>
        <time>2024-12-13T12:23:52Z</time>
      </trkpt>
      <trkpt lat="41.616672" lon="2.387141">
        <ele>410.966</ele>
        <time>2024-12-13T12:23:55Z</time>
      </trkpt>
      <trkpt lat="41.616702" lon="2.387147">
        <ele>411.151</ele>
        <time>2024-12-13T12:23:58Z</time>
      </trkpt>
      <trkpt lat="41.616736" lon="2.387151">
        <ele>411.424</ele>
        <time>2024-12-13T12:24:01Z</time>
      </trkpt>
      <trkpt lat="41.616766" lon="2.387150">
        <ele>411.618</ele>
        <time>2024-12-13T12:24:04Z</time>
      </trkpt>
      <trkpt lat="41.616793" lon="2.387145">
        <ele>411.732</ele>
        <time>2024-12-13T12:24:07Z</time>
      </trkpt>
      <trkpt lat="41.616846" lon="2.387126">
        <ele>411.795</ele>
        <time>2024-12-13T12:24:12Z</time>
      </trkpt>
      <trkpt lat="41.616876" lon="2.387117">
        <ele>411.752</ele>
        <time>2024-12-13T12:24:15Z</time>
      </trkpt>
      <trkpt lat="41.616902" lon="2.387102">
        <ele>411.653</ele>
        <time>2024-12-13T12:24:17Z</time>
      </trkpt>
      <trkpt lat="41.616929" lon="2.387088">
        <ele>411.508</ele>
        <time>2024-12-13T12:24:20Z</time>
      </trkpt>
      <trkpt lat="41.616957" lon="2.387080">
        <ele>411.609</ele>
        <time>2024-12-13T12:24:22Z</time>
      </trkpt>
      <trkpt lat="41.616985" lon="2.387065">
        <ele>411.726</ele>
        <time>2024-12-13T12:24:25Z</time>
      </trkpt>
      <trkpt lat="41.617019" lon="2.387052">
        <ele>411.914</ele>
        <time>2024-12-13T12:24:29Z</time>
      </trkpt>
      <trkpt lat="41.617050" lon="2.387038">
        <ele>412.121</ele>
        <time>2024-12-13T12:24:32Z</time>
      </trkpt>
      <trkpt lat="41.617081" lon="2.387020">
        <ele>412.223</ele>
        <time>2024-12-13T12:24:36Z</time>
      </trkpt>
      <trkpt lat="41.617112" lon="2.387002">
        <ele>412.348</ele>
        <time>2024-12-13T12:24:39Z</time>
      </trkpt>
      <trkpt lat="41.617143" lon="2.386985">
        <ele>412.581</ele>
        <time>2024-12-13T12:24:43Z</time>
      </trkpt>
      <trkpt lat="41.617168" lon="2.386970">
        <ele>412.675</ele>
        <time>2024-12-13T12:24:46Z</time>
      </trkpt>
      <trkpt lat="41.617196" lon="2.386957">
        <ele>412.839</ele>
        <time>2024-12-13T12:24:49Z</time>
      </trkpt>
      <trkpt lat="41.617243" lon="2.386919">
        <ele>412.792</ele>
        <time>2024-12-13T12:24:54Z</time>
      </trkpt>
      <trkpt lat="41.617267" lon="2.386885">
        <ele>412.339</ele>
        <time>2024-12-13T12:24:58Z</time>
      </trkpt>
      <trkpt lat="41.617288" lon="2.386856">
        <ele>412.001</ele>
        <time>2024-12-13T12:25:01Z</time>
      </trkpt>
      <trkpt lat="41.617313" lon="2.386828">
        <ele>411.721</ele>
        <time>2024-12-13T12:25:04Z</time>
      </trkpt>
      <trkpt lat="41.617337" lon="2.386802">
        <ele>411.609</ele>
        <time>2024-12-13T12:25:07Z</time>
      </trkpt>
      <trkpt lat="41.617375" lon="2.386753">
        <ele>411.344</ele>
        <time>2024-12-13T12:25:15Z</time>
      </trkpt>
      <trkpt lat="41.617399" lon="2.386727">
        <ele>411.232</ele>
        <time>2024-12-13T12:25:20Z</time>
      </trkpt>
      <trkpt lat="41.617424" lon="2.386701">
        <ele>411.219</ele>
        <time>2024-12-13T12:25:23Z</time>
      </trkpt>
      <trkpt lat="41.617457" lon="2.386695">
        <ele>411.751</ele>
        <time>2024-12-13T12:25:27Z</time>
      </trkpt>
      <trkpt lat="41.617501" lon="2.386685">
        <ele>412.386</ele>
        <time>2024-12-13T12:25:32Z</time>
      </trkpt>
      <trkpt lat="41.617550" lon="2.386667">
        <ele>412.469</ele>
        <time>2024-12-13T12:25:38Z</time>
      </trkpt>
      <trkpt lat="41.617580" lon="2.386650">
        <ele>412.473</ele>
        <time>2024-12-13T12:25:43Z</time>
      </trkpt>
      <trkpt lat="41.617609" lon="2.386633">
        <ele>412.597</ele>
        <time>2024-12-13T12:25:47Z</time>
      </trkpt>
      <trkpt lat="41.617637" lon="2.386620">
        <ele>412.670</ele>
        <time>2024-12-13T12:25:53Z</time>
      </trkpt>
      <trkpt lat="41.617668" lon="2.386607">
        <ele>412.894</ele>
        <time>2024-12-13T12:25:56Z</time>
      </trkpt>
      <trkpt lat="41.617696" lon="2.386592">
        <ele>413.057</ele>
        <time>2024-12-13T12:26:00Z</time>
      </trkpt>
      <trkpt lat="41.617725" lon="2.386579">
        <ele>413.222</ele>
        <time>2024-12-13T12:26:03Z</time>
      </trkpt>
      <trkpt lat="41.617752" lon="2.386563">
        <ele>413.409</ele>
        <time>2024-12-13T12:26:06Z</time>
      </trkpt>
      <trkpt lat="41.617784" lon="2.386534">
        <ele>413.520</ele>
        <time>2024-12-13T12:26:10Z</time>
      </trkpt>
      <trkpt lat="41.617813" lon="2.386511">
        <ele>413.628</ele>
        <time>2024-12-13T12:26:14Z</time>
      </trkpt>
      <trkpt lat="41.617837" lon="2.386493">
        <ele>413.665</ele>
        <time>2024-12-13T12:26:16Z</time>
      </trkpt>
      <trkpt lat="41.617863" lon="2.386475">
        <ele>413.677</ele>
        <time>2024-12-13T12:26:19Z</time>
      </trkpt>
      <trkpt lat="41.617892" lon="2.386458">
        <ele>413.782</ele>
        <time>2024-12-13T12:26:22Z</time>
      </trkpt>
      <trkpt lat="41.617941" lon="2.386427">
        <ele>413.735</ele>
        <time>2024-12-13T12:26:27Z</time>
      </trkpt>
      <trkpt lat="41.617987" lon="2.386398">
        <ele>413.879</ele>
        <time>2024-12-13T12:26:32Z</time>
      </trkpt>
      <trkpt lat="41.618019" lon="2.386385">
        <ele>413.993</ele>
        <time>2024-12-13T12:26:35Z</time>
      </trkpt>
      <trkpt lat="41.618049" lon="2.386371">
        <ele>414.086</ele>
        <time>2024-12-13T12:26:38Z</time>
      </trkpt>
      <trkpt lat="41.618077" lon="2.386358">
        <ele>414.178</ele>
        <time>2024-12-13T12:26:41Z</time>
      </trkpt>
      <trkpt lat="41.618121" lon="2.386323">
        <ele>414.233</ele>
        <time>2024-12-13T12:26:47Z</time>
      </trkpt>
      <trkpt lat="41.618167" lon="2.386289">
        <ele>414.326</ele>
        <time>2024-12-13T12:26:52Z</time>
      </trkpt>
      <trkpt lat="41.618201" lon="2.386245">
        <ele>414.309</ele>
        <time>2024-12-13T12:27:12Z</time>
      </trkpt>
      <trkpt lat="41.618227" lon="2.386222">
        <ele>414.268</ele>
        <time>2024-12-13T12:27:16Z</time>
      </trkpt>
      <trkpt lat="41.618261" lon="2.386196">
        <ele>414.266</ele>
        <time>2024-12-13T12:27:19Z</time>
      </trkpt>
      <trkpt lat="41.618310" lon="2.386154">
        <ele>414.163</ele>
        <time>2024-12-13T12:27:25Z</time>
      </trkpt>
      <trkpt lat="41.618336" lon="2.386141">
        <ele>414.155</ele>
        <time>2024-12-13T12:27:29Z</time>
      </trkpt>
      <trkpt lat="41.618386" lon="2.386117">
        <ele>414.280</ele>
        <time>2024-12-13T12:27:34Z</time>
      </trkpt>
      <trkpt lat="41.618435" lon="2.386102">
        <ele>414.343</ele>
        <time>2024-12-13T12:27:40Z</time>
      </trkpt>
      <trkpt lat="41.618466" lon="2.386094">
        <ele>414.427</ele>
        <time>2024-12-13T12:27:44Z</time>
      </trkpt>
      <trkpt lat="41.618519" lon="2.386087">
        <ele>414.621</ele>
        <time>2024-12-13T12:27:49Z</time>
      </trkpt>
      <trkpt lat="41.618552" lon="2.386074">
        <ele>414.784</ele>
        <time>2024-12-13T12:27:53Z</time>
      </trkpt>
      <trkpt lat="41.618596" lon="2.386073">
        <ele>414.842</ele>
        <time>2024-12-13T12:27:58Z</time>
      </trkpt>
      <trkpt lat="41.618635" lon="2.386074">
        <ele>414.722</ele>
        <time>2024-12-13T12:28:04Z</time>
      </trkpt>
      <trkpt lat="41.618663" lon="2.386072">
        <ele>414.514</ele>
        <time>2024-12-13T12:28:08Z</time>
      </trkpt>
      <trkpt lat="41.618692" lon="2.386073">
        <ele>414.309</ele>
        <time>2024-12-13T12:28:12Z</time>
      </trkpt>
      <trkpt lat="41.618719" lon="2.386078">
        <ele>414.135</ele>
        <time>2024-12-13T12:28:14Z</time>
      </trkpt>
      <trkpt lat="41.618740" lon="2.386101">
        <ele>414.043</ele>
        <time>2024-12-13T12:28:17Z</time>
      </trkpt>
      <trkpt lat="41.618787" lon="2.386123">
        <ele>413.780</ele>
        <time>2024-12-13T12:28:21Z</time>
      </trkpt>
      <trkpt lat="41.618835" lon="2.386129">
        <ele>413.442</ele>
        <time>2024-12-13T12:28:26Z</time>
      </trkpt>
      <trkpt lat="41.618868" lon="2.386109">
        <ele>413.167</ele>
        <time>2024-12-13T12:28:33Z</time>
      </trkpt>
      <trkpt lat="41.618878" lon="2.386048">
        <ele>412.950</ele>
        <time>2024-12-13T12:28:38Z</time>
      </trkpt>
      <trkpt lat="41.618874" lon="2.386001">
        <ele>412.744</ele>
        <time>2024-12-13T12:28:42Z</time>
      </trkpt>
      <trkpt lat="41.618847" lon="2.385941">
        <ele>412.718</ele>
        <time>2024-12-13T12:28:48Z</time>
      </trkpt>
      <trkpt lat="41.618831" lon="2.385905">
        <ele>412.731</ele>
        <time>2024-12-13T12:28:51Z</time>
      </trkpt>
      <trkpt lat="41.618798" lon="2.385881">
        <ele>412.876</ele>
        <time>2024-12-13T12:28:55Z</time>
      </trkpt>
      <trkpt lat="41.618765" lon="2.385888">
        <ele>413.190</ele>
        <time>2024-12-13T12:28:59Z</time>
      </trkpt>
      <trkpt lat="41.618736" lon="2.385896">
        <ele>413.319</ele>
        <time>2024-12-13T12:29:03Z</time>
      </trkpt>
      <trkpt lat="41.618694" lon="2.385905">
        <ele>413.709</ele>
        <time>2024-12-13T12:29:08Z</time>
      </trkpt>
      <trkpt lat="41.618651" lon="2.385930">
        <ele>414.128</ele>
        <time>2024-12-13T12:29:13Z</time>
      </trkpt>
      <trkpt lat="41.618624" lon="2.385939">
        <ele>414.326</ele>
        <time>2024-12-13T12:29:16Z</time>
      </trkpt>
      <trkpt lat="41.618596" lon="2.385948">
        <ele>414.443</ele>
        <time>2024-12-13T12:29:19Z</time>
      </trkpt>
      <trkpt lat="41.618568" lon="2.385894">
        <ele>414.185</ele>
        <time>2024-12-13T12:29:25Z</time>
      </trkpt>
      <trkpt lat="41.618553" lon="2.385839">
        <ele>413.870</ele>
        <time>2024-12-13T12:29:32Z</time>
      </trkpt>
      <trkpt lat="41.618544" lon="2.385768">
        <ele>413.193</ele>
        <time>2024-12-13T12:29:39Z</time>
      </trkpt>
      <trkpt lat="41.618525" lon="2.385706">
        <ele>412.527</ele>
        <time>2024-12-13T12:29:46Z</time>
      </trkpt>
      <trkpt lat="41.618515" lon="2.385642">
        <ele>411.821</ele>
        <time>2024-12-13T12:29:51Z</time>
      </trkpt>
      <trkpt lat="41.618499" lon="2.385612">
        <ele>411.514</ele>
        <time>2024-12-13T12:29:53Z</time>
      </trkpt>
      <trkpt lat="41.618492" lon="2.385547">
        <ele>410.947</ele>
        <time>2024-12-13T12:29:58Z</time>
      </trkpt>
      <trkpt lat="41.618480" lon="2.385511">
        <ele>410.429</ele>
        <time>2024-12-13T12:30:02Z</time>
      </trkpt>
      <trkpt lat="41.618466" lon="2.385477">
        <ele>410.021</ele>
        <time>2024-12-13T12:30:04Z</time>
      </trkpt>
      <trkpt lat="41.618453" lon="2.385440">
        <ele>409.609</ele>
        <time>2024-12-13T12:30:07Z</time>
      </trkpt>
      <trkpt lat="41.618428" lon="2.385397">
        <ele>409.175</ele>
        <time>2024-12-13T12:30:11Z</time>
      </trkpt>
      <trkpt lat="41.618388" lon="2.385376">
        <ele>408.993</ele>
        <time>2024-12-13T12:30:15Z</time>
      </trkpt>
      <trkpt lat="41.618361" lon="2.385377">
        <ele>409.040</ele>
        <time>2024-12-13T12:30:18Z</time>
      </trkpt>
      <trkpt lat="41.618334" lon="2.385360">
        <ele>408.942</ele>
        <time>2024-12-13T12:30:20Z</time>
      </trkpt>
      <trkpt lat="41.618285" lon="2.385339">
        <ele>408.637</ele>
        <time>2024-12-13T12:30:26Z</time>
      </trkpt>
      <trkpt lat="41.618257" lon="2.385334">
        <ele>408.510</ele>
        <time>2024-12-13T12:30:28Z</time>
      </trkpt>
      <trkpt lat="41.618227" lon="2.385319">
        <ele>408.374</ele>
        <time>2024-12-13T12:30:31Z</time>
      </trkpt>
      <trkpt lat="41.618177" lon="2.385295">
        <ele>408.128</ele>
        <time>2024-12-13T12:30:36Z</time>
      </trkpt>
      <trkpt lat="41.618151" lon="2.385284">
        <ele>408.091</ele>
        <time>2024-12-13T12:30:38Z</time>
      </trkpt>
      <trkpt lat="41.618098" lon="2.385261">
        <ele>407.942</ele>
        <time>2024-12-13T12:30:43Z</time>
      </trkpt>
      <trkpt lat="41.618071" lon="2.385253">
        <ele>407.822</ele>
        <time>2024-12-13T12:30:46Z</time>
      </trkpt>
      <trkpt lat="41.618048" lon="2.385231">
        <ele>407.614</ele>
        <time>2024-12-13T12:30:48Z</time>
      </trkpt>
      <trkpt lat="41.618001" lon="2.385197">
        <ele>406.909</ele>
        <time>2024-12-13T12:30:54Z</time>
      </trkpt>
      <trkpt lat="41.617979" lon="2.385169">
        <ele>406.635</ele>
        <time>2024-12-13T12:30:56Z</time>
      </trkpt>
      <trkpt lat="41.617938" lon="2.385108">
        <ele>406.063</ele>
        <time>2024-12-13T12:31:03Z</time>
      </trkpt>
      <trkpt lat="41.617916" lon="2.385075">
        <ele>405.850</ele>
        <time>2024-12-13T12:31:06Z</time>
      </trkpt>
      <trkpt lat="41.617886" lon="2.385023">
        <ele>405.572</ele>
        <time>2024-12-13T12:31:11Z</time>
      </trkpt>
      <trkpt lat="41.617868" lon="2.384988">
        <ele>405.397</ele>
        <time>2024-12-13T12:31:14Z</time>
      </trkpt>
      <trkpt lat="41.617848" lon="2.384959">
        <ele>405.160</ele>
        <time>2024-12-13T12:31:16Z</time>
      </trkpt>
      <trkpt lat="41.617821" lon="2.384939">
        <ele>404.964</ele>
        <time>2024-12-13T12:31:19Z</time>
      </trkpt>
      <trkpt lat="41.617796" lon="2.384917">
        <ele>404.758</ele>
        <time>2024-12-13T12:31:22Z</time>
      </trkpt>
      <trkpt lat="41.617759" lon="2.384870">
        <ele>404.331</ele>
        <time>2024-12-13T12:31:26Z</time>
      </trkpt>
      <trkpt lat="41.617737" lon="2.384843">
        <ele>404.044</ele>
        <time>2024-12-13T12:31:29Z</time>
      </trkpt>
      <trkpt lat="41.617698" lon="2.384792">
        <ele>403.505</ele>
        <time>2024-12-13T12:31:34Z</time>
      </trkpt>
      <trkpt lat="41.617679" lon="2.384763">
        <ele>403.315</ele>
        <time>2024-12-13T12:31:37Z</time>
      </trkpt>
      <trkpt lat="41.617663" lon="2.384733">
        <ele>403.209</ele>
        <time>2024-12-13T12:31:40Z</time>
      </trkpt>
      <trkpt lat="41.617643" lon="2.384694">
        <ele>403.075</ele>
        <time>2024-12-13T12:31:43Z</time>
      </trkpt>
      <trkpt lat="41.617619" lon="2.384669">
        <ele>402.943</ele>
        <time>2024-12-13T12:31:46Z</time>
      </trkpt>
      <trkpt lat="41.617574" lon="2.384631">
        <ele>402.750</ele>
        <time>2024-12-13T12:31:52Z</time>
      </trkpt>
      <trkpt lat="41.617548" lon="2.384616">
        <ele>402.642</ele>
        <time>2024-12-13T12:31:54Z</time>
      </trkpt>
      <trkpt lat="41.617524" lon="2.384599">
        <ele>402.537</ele>
        <time>2024-12-13T12:31:58Z</time>
      </trkpt>
      <trkpt lat="41.617501" lon="2.384572">
        <ele>402.520</ele>
        <time>2024-12-13T12:32:01Z</time>
      </trkpt>
      <trkpt lat="41.617486" lon="2.384537">
        <ele>402.584</ele>
        <time>2024-12-13T12:32:05Z</time>
      </trkpt>
      <trkpt lat="41.617465" lon="2.384507">
        <ele>402.358</ele>
        <time>2024-12-13T12:32:09Z</time>
      </trkpt>
      <trkpt lat="41.617440" lon="2.384473">
        <ele>402.251</ele>
        <time>2024-12-13T12:32:13Z</time>
      </trkpt>
      <trkpt lat="41.617418" lon="2.384447">
        <ele>402.168</ele>
        <time>2024-12-13T12:32:16Z</time>
      </trkpt>
      <trkpt lat="41.617395" lon="2.384425">
        <ele>401.942</ele>
        <time>2024-12-13T12:32:19Z</time>
      </trkpt>
      <trkpt lat="41.617368" lon="2.384390">
        <ele>401.826</ele>
        <time>2024-12-13T12:32:22Z</time>
      </trkpt>
      <trkpt lat="41.617355" lon="2.384354">
        <ele>401.809</ele>
        <time>2024-12-13T12:32:26Z</time>
      </trkpt>
      <trkpt lat="41.617331" lon="2.384302">
        <ele>401.867</ele>
        <time>2024-12-13T12:32:30Z</time>
      </trkpt>
      <trkpt lat="41.617305" lon="2.384235">
        <ele>402.035</ele>
        <time>2024-12-13T12:32:36Z</time>
      </trkpt>
      <trkpt lat="41.617285" lon="2.384185">
        <ele>402.112</ele>
        <time>2024-12-13T12:32:39Z</time>
      </trkpt>
      <trkpt lat="41.617269" lon="2.384135">
        <ele>402.384</ele>
        <time>2024-12-13T12:32:43Z</time>
      </trkpt>
      <trkpt lat="41.617253" lon="2.384097">
        <ele>402.599</ele>
        <time>2024-12-13T12:32:46Z</time>
      </trkpt>
      <trkpt lat="41.617235" lon="2.384064">
        <ele>402.712</ele>
        <time>2024-12-13T12:32:49Z</time>
      </trkpt>
      <trkpt lat="41.617219" lon="2.384033">
        <ele>402.966</ele>
        <time>2024-12-13T12:32:51Z</time>
      </trkpt>
      <trkpt lat="41.617209" lon="2.383999">
        <ele>403.020</ele>
        <time>2024-12-13T12:32:54Z</time>
      </trkpt>
      <trkpt lat="41.617200" lon="2.383959">
        <ele>403.253</ele>
        <time>2024-12-13T12:32:57Z</time>
      </trkpt>
      <trkpt lat="41.617189" lon="2.383925">
        <ele>403.423</ele>
        <time>2024-12-13T12:33:00Z</time>
      </trkpt>
      <trkpt lat="41.617185" lon="2.383889">
        <ele>403.683</ele>
        <time>2024-12-13T12:33:03Z</time>
      </trkpt>
      <trkpt lat="41.617187" lon="2.383846">
        <ele>403.811</ele>
        <time>2024-12-13T12:33:06Z</time>
      </trkpt>
      <trkpt lat="41.617195" lon="2.383808">
        <ele>404.009</ele>
        <time>2024-12-13T12:33:09Z</time>
      </trkpt>
      <trkpt lat="41.617204" lon="2.383743">
        <ele>404.473</ele>
        <time>2024-12-13T12:33:13Z</time>
      </trkpt>
      <trkpt lat="41.617190" lon="2.383682">
        <ele>404.551</ele>
        <time>2024-12-13T12:33:17Z</time>
      </trkpt>
      <trkpt lat="41.617173" lon="2.383653">
        <ele>404.518</ele>
        <time>2024-12-13T12:33:20Z</time>
      </trkpt>
      <trkpt lat="41.617150" lon="2.383604">
        <ele>404.520</ele>
        <time>2024-12-13T12:33:26Z</time>
      </trkpt>
      <trkpt lat="41.617158" lon="2.383544">
        <ele>404.495</ele>
        <time>2024-12-13T12:33:33Z</time>
      </trkpt>
      <trkpt lat="41.617167" lon="2.383501">
        <ele>404.378</ele>
        <time>2024-12-13T12:33:36Z</time>
      </trkpt>
      <trkpt lat="41.617174" lon="2.383464">
        <ele>404.252</ele>
        <time>2024-12-13T12:33:38Z</time>
      </trkpt>
      <trkpt lat="41.617173" lon="2.383420">
        <ele>404.176</ele>
        <time>2024-12-13T12:33:41Z</time>
      </trkpt>
      <trkpt lat="41.617171" lon="2.383381">
        <ele>404.019</ele>
        <time>2024-12-13T12:33:44Z</time>
      </trkpt>
      <trkpt lat="41.617159" lon="2.383308">
        <ele>403.743</ele>
        <time>2024-12-13T12:33:49Z</time>
      </trkpt>
      <trkpt lat="41.617156" lon="2.383270">
        <ele>403.664</ele>
        <time>2024-12-13T12:33:52Z</time>
      </trkpt>
      <trkpt lat="41.617155" lon="2.383231">
        <ele>403.510</ele>
        <time>2024-12-13T12:33:54Z</time>
      </trkpt>
      <trkpt lat="41.617150" lon="2.383189">
        <ele>403.409</ele>
        <time>2024-12-13T12:33:57Z</time>
      </trkpt>
      <trkpt lat="41.617139" lon="2.383148">
        <ele>403.225</ele>
        <time>2024-12-13T12:34:00Z</time>
      </trkpt>
      <trkpt lat="41.617125" lon="2.383097">
        <ele>403.123</ele>
        <time>2024-12-13T12:34:04Z</time>
      </trkpt>
      <trkpt lat="41.617112" lon="2.383028">
        <ele>402.750</ele>
        <time>2024-12-13T12:34:09Z</time>
      </trkpt>
      <trkpt lat="41.617115" lon="2.382991">
        <ele>402.462</ele>
        <time>2024-12-13T12:34:12Z</time>
      </trkpt>
      <trkpt lat="41.617129" lon="2.382925">
        <ele>401.747</ele>
        <time>2024-12-13T12:34:19Z</time>
      </trkpt>
      <trkpt lat="41.617130" lon="2.382881">
        <ele>401.320</ele>
        <time>2024-12-13T12:34:24Z</time>
      </trkpt>
      <trkpt lat="41.617148" lon="2.382823">
        <ele>400.754</ele>
        <time>2024-12-13T12:34:29Z</time>
      </trkpt>
      <trkpt lat="41.617193" lon="2.382776">
        <ele>400.128</ele>
        <time>2024-12-13T12:34:35Z</time>
      </trkpt>
      <trkpt lat="41.617212" lon="2.382749">
        <ele>399.761</ele>
        <time>2024-12-13T12:34:37Z</time>
      </trkpt>
      <trkpt lat="41.617259" lon="2.382730">
        <ele>399.376</ele>
        <time>2024-12-13T12:34:43Z</time>
      </trkpt>
      <trkpt lat="41.617295" lon="2.382707">
        <ele>398.990</ele>
        <time>2024-12-13T12:34:51Z</time>
      </trkpt>
      <trkpt lat="41.617304" lon="2.382646">
        <ele>398.119</ele>
        <time>2024-12-13T12:34:57Z</time>
      </trkpt>
      <trkpt lat="41.617303" lon="2.382582">
        <ele>397.409</ele>
        <time>2024-12-13T12:35:03Z</time>
      </trkpt>
      <trkpt lat="41.617305" lon="2.382540">
        <ele>396.958</ele>
        <time>2024-12-13T12:35:06Z</time>
      </trkpt>
      <trkpt lat="41.617301" lon="2.382468">
        <ele>396.146</ele>
        <time>2024-12-13T12:35:13Z</time>
      </trkpt>
      <trkpt lat="41.617287" lon="2.382407">
        <ele>395.533</ele>
        <time>2024-12-13T12:35:20Z</time>
      </trkpt>
      <trkpt lat="41.617259" lon="2.382365">
        <ele>395.285</ele>
        <time>2024-12-13T12:35:24Z</time>
      </trkpt>
      <trkpt lat="41.617247" lon="2.382332">
        <ele>395.080</ele>
        <time>2024-12-13T12:35:27Z</time>
      </trkpt>
      <trkpt lat="41.617251" lon="2.382263">
        <ele>394.193</ele>
        <time>2024-12-13T12:35:32Z</time>
      </trkpt>
      <trkpt lat="41.617269" lon="2.382205">
        <ele>393.317</ele>
        <time>2024-12-13T12:35:37Z</time>
      </trkpt>
      <trkpt lat="41.617294" lon="2.382147">
        <ele>392.551</ele>
        <time>2024-12-13T12:35:44Z</time>
      </trkpt>
      <trkpt lat="41.617301" lon="2.382109">
        <ele>392.074</ele>
        <time>2024-12-13T12:35:47Z</time>
      </trkpt>
      <trkpt lat="41.617306" lon="2.382047">
        <ele>391.467</ele>
        <time>2024-12-13T12:35:51Z</time>
      </trkpt>
      <trkpt lat="41.617307" lon="2.382006">
        <ele>391.081</ele>
        <time>2024-12-13T12:35:54Z</time>
      </trkpt>
      <trkpt lat="41.617313" lon="2.381945">
        <ele>390.419</ele>
        <time>2024-12-13T12:36:01Z</time>
      </trkpt>
      <trkpt lat="41.617330" lon="2.381912">
        <ele>390.009</ele>
        <time>2024-12-13T12:36:06Z</time>
      </trkpt>
      <trkpt lat="41.617361" lon="2.381870">
        <ele>389.587</ele>
        <time>2024-12-13T12:36:11Z</time>
      </trkpt>
      <trkpt lat="41.617375" lon="2.381800">
        <ele>388.995</ele>
        <time>2024-12-13T12:36:16Z</time>
      </trkpt>
      <trkpt lat="41.617376" lon="2.381759">
        <ele>388.652</ele>
        <time>2024-12-13T12:36:19Z</time>
      </trkpt>
      <trkpt lat="41.617369" lon="2.381691">
        <ele>388.134</ele>
        <time>2024-12-13T12:36:24Z</time>
      </trkpt>
      <trkpt lat="41.617362" lon="2.381653">
        <ele>387.919</ele>
        <time>2024-12-13T12:36:27Z</time>
      </trkpt>
      <trkpt lat="41.617354" lon="2.381583">
        <ele>387.762</ele>
        <time>2024-12-13T12:36:31Z</time>
      </trkpt>
      <trkpt lat="41.617354" lon="2.381546">
        <ele>387.666</ele>
        <time>2024-12-13T12:36:34Z</time>
      </trkpt>
      <trkpt lat="41.617349" lon="2.381506">
        <ele>387.590</ele>
        <time>2024-12-13T12:36:37Z</time>
      </trkpt>
      <trkpt lat="41.617341" lon="2.381465">
        <ele>387.333</ele>
        <time>2024-12-13T12:36:39Z</time>
      </trkpt>
      <trkpt lat="41.617329" lon="2.381426">
        <ele>387.273</ele>
        <time>2024-12-13T12:36:42Z</time>
      </trkpt>
      <trkpt lat="41.617313" lon="2.381395">
        <ele>387.085</ele>
        <time>2024-12-13T12:36:45Z</time>
      </trkpt>
      <trkpt lat="41.617282" lon="2.381386">
        <ele>387.013</ele>
        <time>2024-12-13T12:36:48Z</time>
      </trkpt>
      <trkpt lat="41.617249" lon="2.381386">
        <ele>387.009</ele>
        <time>2024-12-13T12:36:53Z</time>
      </trkpt>
      <trkpt lat="41.617217" lon="2.381392">
        <ele>386.978</ele>
        <time>2024-12-13T12:36:58Z</time>
      </trkpt>
      <trkpt lat="41.617171" lon="2.381394">
        <ele>386.366</ele>
        <time>2024-12-13T12:37:03Z</time>
      </trkpt>
      <trkpt lat="41.617144" lon="2.381397">
        <ele>385.933</ele>
        <time>2024-12-13T12:37:05Z</time>
      </trkpt>
      <trkpt lat="41.617117" lon="2.381406">
        <ele>385.795</ele>
        <time>2024-12-13T12:37:08Z</time>
      </trkpt>
      <trkpt lat="41.617085" lon="2.381411">
        <ele>385.370</ele>
        <time>2024-12-13T12:37:11Z</time>
      </trkpt>
      <trkpt lat="41.617051" lon="2.381415">
        <ele>384.823</ele>
        <time>2024-12-13T12:37:14Z</time>
      </trkpt>
      <trkpt lat="41.617005" lon="2.381428">
        <ele>384.447</ele>
        <time>2024-12-13T12:37:19Z</time>
      </trkpt>
      <trkpt lat="41.616975" lon="2.381441">
        <ele>384.151</ele>
        <time>2024-12-13T12:37:22Z</time>
      </trkpt>
      <trkpt lat="41.616931" lon="2.381463">
        <ele>383.924</ele>
        <time>2024-12-13T12:37:26Z</time>
      </trkpt>
      <trkpt lat="41.616885" lon="2.381465">
        <ele>383.563</ele>
        <time>2024-12-13T12:37:30Z</time>
      </trkpt>
      <trkpt lat="41.616834" lon="2.381452">
        <ele>382.744</ele>
        <time>2024-12-13T12:37:35Z</time>
      </trkpt>
      <trkpt lat="41.616797" lon="2.381427">
        <ele>382.018</ele>
        <time>2024-12-13T12:37:39Z</time>
      </trkpt>
      <trkpt lat="41.616750" lon="2.381438">
        <ele>381.609</ele>
        <time>2024-12-13T12:37:45Z</time>
      </trkpt>
      <trkpt lat="41.616721" lon="2.381439">
        <ele>381.317</ele>
        <time>2024-12-13T12:37:49Z</time>
      </trkpt>
      <trkpt lat="41.616694" lon="2.381427">
        <ele>380.835</ele>
        <time>2024-12-13T12:37:52Z</time>
      </trkpt>
      <trkpt lat="41.616665" lon="2.381420">
        <ele>380.492</ele>
        <time>2024-12-13T12:37:55Z</time>
      </trkpt>
      <trkpt lat="41.616638" lon="2.381413">
        <ele>380.344</ele>
        <time>2024-12-13T12:37:57Z</time>
      </trkpt>
      <trkpt lat="41.616611" lon="2.381413">
        <ele>380.239</ele>
        <time>2024-12-13T12:38:01Z</time>
      </trkpt>
      <trkpt lat="41.616582" lon="2.381412">
        <ele>380.132</ele>
        <time>2024-12-13T12:38:03Z</time>
      </trkpt>
      <trkpt lat="41.616549" lon="2.381416">
        <ele>380.036</ele>
        <time>2024-12-13T12:38:06Z</time>
      </trkpt>
      <trkpt lat="41.616494" lon="2.381411">
        <ele>379.870</ele>
        <time>2024-12-13T12:38:11Z</time>
      </trkpt>
      <trkpt lat="41.616463" lon="2.381406">
        <ele>379.623</ele>
        <time>2024-12-13T12:38:15Z</time>
      </trkpt>
      <trkpt lat="41.616433" lon="2.381399">
        <ele>379.415</ele>
        <time>2024-12-13T12:38:17Z</time>
      </trkpt>
      <trkpt lat="41.616405" lon="2.381405">
        <ele>379.465</ele>
        <time>2024-12-13T12:38:20Z</time>
      </trkpt>
      <trkpt lat="41.616375" lon="2.381403">
        <ele>379.311</ele>
        <time>2024-12-13T12:38:23Z</time>
      </trkpt>
      <trkpt lat="41.616346" lon="2.381393">
        <ele>379.109</ele>
        <time>2024-12-13T12:38:26Z</time>
      </trkpt>
      <trkpt lat="41.616318" lon="2.381387">
        <ele>379.042</ele>
        <time>2024-12-13T12:38:29Z</time>
      </trkpt>
      <trkpt lat="41.616292" lon="2.381371">
        <ele>378.790</ele>
        <time>2024-12-13T12:38:31Z</time>
      </trkpt>
      <trkpt lat="41.616260" lon="2.381360">
        <ele>378.477</ele>
        <time>2024-12-13T12:38:35Z</time>
      </trkpt>
      <trkpt lat="41.616231" lon="2.381356">
        <ele>378.379</ele>
        <time>2024-12-13T12:38:37Z</time>
      </trkpt>
      <trkpt lat="41.616202" lon="2.381349">
        <ele>378.214</ele>
        <time>2024-12-13T12:38:40Z</time>
      </trkpt>
      <trkpt lat="41.616174" lon="2.381344">
        <ele>378.167</ele>
        <time>2024-12-13T12:38:44Z</time>
      </trkpt>
      <trkpt lat="41.616147" lon="2.381331">
        <ele>377.831</ele>
        <time>2024-12-13T12:38:46Z</time>
      </trkpt>
      <trkpt lat="41.616092" lon="2.381305">
        <ele>377.375</ele>
        <time>2024-12-13T12:38:51Z</time>
      </trkpt>
      <trkpt lat="41.616064" lon="2.381290">
        <ele>377.068</ele>
        <time>2024-12-13T12:38:54Z</time>
      </trkpt>
      <trkpt lat="41.616031" lon="2.381284">
        <ele>377.179</ele>
        <time>2024-12-13T12:38:57Z</time>
      </trkpt>
      <trkpt lat="41.616000" lon="2.381276">
        <ele>377.005</ele>
        <time>2024-12-13T12:39:00Z</time>
      </trkpt>
      <trkpt lat="41.615969" lon="2.381276">
        <ele>377.225</ele>
        <time>2024-12-13T12:39:03Z</time>
      </trkpt>
      <trkpt lat="41.615939" lon="2.381281">
        <ele>377.409</ele>
        <time>2024-12-13T12:39:05Z</time>
      </trkpt>
      <trkpt lat="41.615909" lon="2.381289">
        <ele>377.698</ele>
        <time>2024-12-13T12:39:08Z</time>
      </trkpt>
      <trkpt lat="41.615881" lon="2.381292">
        <ele>377.896</ele>
        <time>2024-12-13T12:39:11Z</time>
      </trkpt>
      <trkpt lat="41.615852" lon="2.381302">
        <ele>378.073</ele>
        <time>2024-12-13T12:39:13Z</time>
      </trkpt>
      <trkpt lat="41.615824" lon="2.381315">
        <ele>378.295</ele>
        <time>2024-12-13T12:39:16Z</time>
      </trkpt>
      <trkpt lat="41.615773" lon="2.381329">
        <ele>378.310</ele>
        <time>2024-12-13T12:39:21Z</time>
      </trkpt>
      <trkpt lat="41.615742" lon="2.381334">
        <ele>378.313</ele>
        <time>2024-12-13T12:39:24Z</time>
      </trkpt>
      <trkpt lat="41.615711" lon="2.381338">
        <ele>378.357</ele>
        <time>2024-12-13T12:39:27Z</time>
      </trkpt>
      <trkpt lat="41.615681" lon="2.381345">
        <ele>378.481</ele>
        <time>2024-12-13T12:39:30Z</time>
      </trkpt>
      <trkpt lat="41.615651" lon="2.381350">
        <ele>378.434</ele>
        <time>2024-12-13T12:39:34Z</time>
      </trkpt>
      <trkpt lat="41.615603" lon="2.381334">
        <ele>378.156</ele>
        <time>2024-12-13T12:39:39Z</time>
      </trkpt>
      <trkpt lat="41.615577" lon="2.381321">
        <ele>377.859</ele>
        <time>2024-12-13T12:39:42Z</time>
      </trkpt>
      <trkpt lat="41.615550" lon="2.381305">
        <ele>377.414</ele>
        <time>2024-12-13T12:39:44Z</time>
      </trkpt>
      <trkpt lat="41.615520" lon="2.381297">
        <ele>376.809</ele>
        <time>2024-12-13T12:39:47Z</time>
      </trkpt>
      <trkpt lat="41.615491" lon="2.381278">
        <ele>376.186</ele>
        <time>2024-12-13T12:39:50Z</time>
      </trkpt>
      <trkpt lat="41.615464" lon="2.381273">
        <ele>375.694</ele>
        <time>2024-12-13T12:39:53Z</time>
      </trkpt>
      <trkpt lat="41.615426" lon="2.381256">
        <ele>374.741</ele>
        <time>2024-12-13T12:39:56Z</time>
      </trkpt>
      <trkpt lat="41.615399" lon="2.381243">
        <ele>374.143</ele>
        <time>2024-12-13T12:39:59Z</time>
      </trkpt>
      <trkpt lat="41.615372" lon="2.381236">
        <ele>373.628</ele>
        <time>2024-12-13T12:40:02Z</time>
      </trkpt>
      <trkpt lat="41.615344" lon="2.381224">
        <ele>373.051</ele>
        <time>2024-12-13T12:40:04Z</time>
      </trkpt>
      <trkpt lat="41.615312" lon="2.381219">
        <ele>372.475</ele>
        <time>2024-12-13T12:40:07Z</time>
      </trkpt>
      <trkpt lat="41.615277" lon="2.381215">
        <ele>371.999</ele>
        <time>2024-12-13T12:40:10Z</time>
      </trkpt>
      <trkpt lat="41.615250" lon="2.381205">
        <ele>371.642</ele>
        <time>2024-12-13T12:40:14Z</time>
      </trkpt>
      <trkpt lat="41.615220" lon="2.381202">
        <ele>371.486</ele>
        <time>2024-12-13T12:40:17Z</time>
      </trkpt>
      <trkpt lat="41.615191" lon="2.381197">
        <ele>371.260</ele>
        <time>2024-12-13T12:40:21Z</time>
      </trkpt>
      <trkpt lat="41.615163" lon="2.381197">
        <ele>371.126</ele>
        <time>2024-12-13T12:40:23Z</time>
      </trkpt>
      <trkpt lat="41.615136" lon="2.381193">
        <ele>371.009</ele>
        <time>2024-12-13T12:40:27Z</time>
      </trkpt>
      <trkpt lat="41.615107" lon="2.381178">
        <ele>370.669</ele>
        <time>2024-12-13T12:40:29Z</time>
      </trkpt>
      <trkpt lat="41.615074" lon="2.381164">
        <ele>370.247</ele>
        <time>2024-12-13T12:40:33Z</time>
      </trkpt>
      <trkpt lat="41.615045" lon="2.381149">
        <ele>369.874</ele>
        <time>2024-12-13T12:40:36Z</time>
      </trkpt>
      <trkpt lat="41.614993" lon="2.381128">
        <ele>369.346</ele>
        <time>2024-12-13T12:40:41Z</time>
      </trkpt>
      <trkpt lat="41.614964" lon="2.381119">
        <ele>368.911</ele>
        <time>2024-12-13T12:40:43Z</time>
      </trkpt>
      <trkpt lat="41.614935" lon="2.381117">
        <ele>368.624</ele>
        <time>2024-12-13T12:40:46Z</time>
      </trkpt>
      <trkpt lat="41.614906" lon="2.381114">
        <ele>368.488</ele>
        <time>2024-12-13T12:40:49Z</time>
      </trkpt>
      <trkpt lat="41.614878" lon="2.381112">
        <ele>368.152</ele>
        <time>2024-12-13T12:40:51Z</time>
      </trkpt>
      <trkpt lat="41.614850" lon="2.381104">
        <ele>367.825</ele>
        <time>2024-12-13T12:40:54Z</time>
      </trkpt>
      <trkpt lat="41.614819" lon="2.381097">
        <ele>367.478</ele>
        <time>2024-12-13T12:40:57Z</time>
      </trkpt>
      <trkpt lat="41.614790" lon="2.381091">
        <ele>367.033</ele>
        <time>2024-12-13T12:40:59Z</time>
      </trkpt>
      <trkpt lat="41.614761" lon="2.381081">
        <ele>366.626</ele>
        <time>2024-12-13T12:41:02Z</time>
      </trkpt>
      <trkpt lat="41.614730" lon="2.381075">
        <ele>366.309</ele>
        <time>2024-12-13T12:41:05Z</time>
      </trkpt>
      <trkpt lat="41.614695" lon="2.381065">
        <ele>365.888</ele>
        <time>2024-12-13T12:41:08Z</time>
      </trkpt>
      <trkpt lat="41.614667" lon="2.381061">
        <ele>365.636</ele>
        <time>2024-12-13T12:41:11Z</time>
      </trkpt>
      <trkpt lat="41.614639" lon="2.381049">
        <ele>365.263</ele>
        <time>2024-12-13T12:41:14Z</time>
      </trkpt>
      <trkpt lat="41.614612" lon="2.381042">
        <ele>364.915</ele>
        <time>2024-12-13T12:41:16Z</time>
      </trkpt>
      <trkpt lat="41.614567" lon="2.381033">
        <ele>364.590</ele>
        <time>2024-12-13T12:41:20Z</time>
      </trkpt>
      <trkpt lat="41.614536" lon="2.381027">
        <ele>364.223</ele>
        <time>2024-12-13T12:41:23Z</time>
      </trkpt>
      <trkpt lat="41.614504" lon="2.381027">
        <ele>364.157</ele>
        <time>2024-12-13T12:41:26Z</time>
      </trkpt>
      <trkpt lat="41.614474" lon="2.381027">
        <ele>363.931</ele>
        <time>2024-12-13T12:41:29Z</time>
      </trkpt>
      <trkpt lat="41.614445" lon="2.381026">
        <ele>363.814</ele>
        <time>2024-12-13T12:41:32Z</time>
      </trkpt>
      <trkpt lat="41.614412" lon="2.381022">
        <ele>363.324</ele>
        <time>2024-12-13T12:41:35Z</time>
      </trkpt>
      <trkpt lat="41.614382" lon="2.381017">
        <ele>362.904</ele>
        <time>2024-12-13T12:41:38Z</time>
      </trkpt>
      <trkpt lat="41.614353" lon="2.381017">
        <ele>362.614</ele>
        <time>2024-12-13T12:41:41Z</time>
      </trkpt>
      <trkpt lat="41.614303" lon="2.381017">
        <ele>362.009</ele>
        <time>2024-12-13T12:41:45Z</time>
      </trkpt>
      <trkpt lat="41.614273" lon="2.381031">
        <ele>361.733</ele>
        <time>2024-12-13T12:41:48Z</time>
      </trkpt>
      <trkpt lat="41.614250" lon="2.381058">
        <ele>361.791</ele>
        <time>2024-12-13T12:41:52Z</time>
      </trkpt>
      <trkpt lat="41.614230" lon="2.381086">
        <ele>361.748</ele>
        <time>2024-12-13T12:41:56Z</time>
      </trkpt>
      <trkpt lat="41.614216" lon="2.381118">
        <ele>361.720</ele>
        <time>2024-12-13T12:42:00Z</time>
      </trkpt>
      <trkpt lat="41.614205" lon="2.381159">
        <ele>361.795</ele>
        <time>2024-12-13T12:42:03Z</time>
      </trkpt>
      <trkpt lat="41.614200" lon="2.381196">
        <ele>361.888</ele>
        <time>2024-12-13T12:42:06Z</time>
      </trkpt>
      <trkpt lat="41.614193" lon="2.381237">
        <ele>361.962</ele>
        <time>2024-12-13T12:42:09Z</time>
      </trkpt>
      <trkpt lat="41.614185" lon="2.381276">
        <ele>361.916</ele>
        <time>2024-12-13T12:42:12Z</time>
      </trkpt>
      <trkpt lat="41.614178" lon="2.381319">
        <ele>361.959</ele>
        <time>2024-12-13T12:42:14Z</time>
      </trkpt>
      <trkpt lat="41.614179" lon="2.381357">
        <ele>362.128</ele>
        <time>2024-12-13T12:42:17Z</time>
      </trkpt>
      <trkpt lat="41.614140" lon="2.381413">
        <ele>361.889</ele>
        <time>2024-12-13T12:42:22Z</time>
      </trkpt>
      <trkpt lat="41.614120" lon="2.381444">
        <ele>361.717</ele>
        <time>2024-12-13T12:42:25Z</time>
      </trkpt>
      <trkpt lat="41.614097" lon="2.381472">
        <ele>361.509</ele>
        <time>2024-12-13T12:42:28Z</time>
      </trkpt>
      <trkpt lat="41.614074" lon="2.381502">
        <ele>361.323</ele>
        <time>2024-12-13T12:42:31Z</time>
      </trkpt>
      <trkpt lat="41.614035" lon="2.381543">
        <ele>360.991</ele>
        <time>2024-12-13T12:42:36Z</time>
      </trkpt>
      <trkpt lat="41.614007" lon="2.381550">
        <ele>360.548</ele>
        <time>2024-12-13T12:42:39Z</time>
      </trkpt>
      <trkpt lat="41.613982" lon="2.381566">
        <ele>360.280</ele>
        <time>2024-12-13T12:42:43Z</time>
      </trkpt>
      <trkpt lat="41.613954" lon="2.381575">
        <ele>359.955</ele>
        <time>2024-12-13T12:42:46Z</time>
      </trkpt>
      <trkpt lat="41.613898" lon="2.381585">
        <ele>359.168</ele>
        <time>2024-12-13T12:42:53Z</time>
      </trkpt>
      <trkpt lat="41.613842" lon="2.381595">
        <ele>358.522</ele>
        <time>2024-12-13T12:42:58Z</time>
      </trkpt>
      <trkpt lat="41.613814" lon="2.381602">
        <ele>358.186</ele>
        <time>2024-12-13T12:43:01Z</time>
      </trkpt>
      <trkpt lat="41.613786" lon="2.381614">
        <ele>357.849</ele>
        <time>2024-12-13T12:43:03Z</time>
      </trkpt>
      <trkpt lat="41.613759" lon="2.381623">
        <ele>357.594</ele>
        <time>2024-12-13T12:43:06Z</time>
      </trkpt>
      <trkpt lat="41.613732" lon="2.381632">
        <ele>357.257</ele>
        <time>2024-12-13T12:43:08Z</time>
      </trkpt>
      <trkpt lat="41.613689" lon="2.381650">
        <ele>356.822</ele>
        <time>2024-12-13T12:43:13Z</time>
      </trkpt>
      <trkpt lat="41.613663" lon="2.381661">
        <ele>356.509</ele>
        <time>2024-12-13T12:43:15Z</time>
      </trkpt>
      <trkpt lat="41.613616" lon="2.381676">
        <ele>356.160</ele>
        <time>2024-12-13T12:43:20Z</time>
      </trkpt>
      <trkpt lat="41.613591" lon="2.381690">
        <ele>356.138</ele>
        <time>2024-12-13T12:43:22Z</time>
      </trkpt>
      <trkpt lat="41.613565" lon="2.381706">
        <ele>356.295</ele>
        <time>2024-12-13T12:43:25Z</time>
      </trkpt>
      <trkpt lat="41.613517" lon="2.381722">
        <ele>356.437</ele>
        <time>2024-12-13T12:43:29Z</time>
      </trkpt>
      <trkpt lat="41.613489" lon="2.381740">
        <ele>356.642</ele>
        <time>2024-12-13T12:43:32Z</time>
      </trkpt>
      <trkpt lat="41.613449" lon="2.381778">
        <ele>356.865</ele>
        <time>2024-12-13T12:43:37Z</time>
      </trkpt>
      <trkpt lat="41.613422" lon="2.381796">
        <ele>357.029</ele>
        <time>2024-12-13T12:43:39Z</time>
      </trkpt>
      <trkpt lat="41.613369" lon="2.381806">
        <ele>357.383</ele>
        <time>2024-12-13T12:43:44Z</time>
      </trkpt>
      <trkpt lat="41.613340" lon="2.381794">
        <ele>357.426</ele>
        <time>2024-12-13T12:43:47Z</time>
      </trkpt>
      <trkpt lat="41.613314" lon="2.381771">
        <ele>357.419</ele>
        <time>2024-12-13T12:43:50Z</time>
      </trkpt>
      <trkpt lat="41.613298" lon="2.381741">
        <ele>357.409</ele>
        <time>2024-12-13T12:43:52Z</time>
      </trkpt>
      <trkpt lat="41.613262" lon="2.381693">
        <ele>357.419</ele>
        <time>2024-12-13T12:43:57Z</time>
      </trkpt>
      <trkpt lat="41.613239" lon="2.381671">
        <ele>357.409</ele>
        <time>2024-12-13T12:44:00Z</time>
      </trkpt>
      <trkpt lat="41.613214" lon="2.381614">
        <ele>357.192</ele>
        <time>2024-12-13T12:44:07Z</time>
      </trkpt>
      <trkpt lat="41.613208" lon="2.381548">
        <ele>356.690</ele>
        <time>2024-12-13T12:44:14Z</time>
      </trkpt>
      <trkpt lat="41.613206" lon="2.381510">
        <ele>356.327</ele>
        <time>2024-12-13T12:44:18Z</time>
      </trkpt>
      <trkpt lat="41.613194" lon="2.381431">
        <ele>355.859</ele>
        <time>2024-12-13T12:44:25Z</time>
      </trkpt>
      <trkpt lat="41.613186" lon="2.381394">
        <ele>355.634</ele>
        <time>2024-12-13T12:44:28Z</time>
      </trkpt>
      <trkpt lat="41.613168" lon="2.381327">
        <ele>354.977</ele>
        <time>2024-12-13T12:44:33Z</time>
      </trkpt>
      <trkpt lat="41.613137" lon="2.381277">
        <ele>354.581</ele>
        <time>2024-12-13T12:44:38Z</time>
      </trkpt>
      <trkpt lat="41.613105" lon="2.381227">
        <ele>354.185</ele>
        <time>2024-12-13T12:44:42Z</time>
      </trkpt>
      <trkpt lat="41.613087" lon="2.381199">
        <ele>353.838</ele>
        <time>2024-12-13T12:44:44Z</time>
      </trkpt>
      <trkpt lat="41.613059" lon="2.381170">
        <ele>353.656</ele>
        <time>2024-12-13T12:44:48Z</time>
      </trkpt>
      <trkpt lat="41.613022" lon="2.381142">
        <ele>353.359</ele>
        <time>2024-12-13T12:44:52Z</time>
      </trkpt>
      <trkpt lat="41.612971" lon="2.381164">
        <ele>353.514</ele>
        <time>2024-12-13T12:44:57Z</time>
      </trkpt>
      <trkpt lat="41.612929" lon="2.381207">
        <ele>353.909</ele>
        <time>2024-12-13T12:45:03Z</time>
      </trkpt>
      <trkpt lat="41.612915" lon="2.381240">
        <ele>354.266</ele>
        <time>2024-12-13T12:45:05Z</time>
      </trkpt>
      <trkpt lat="41.612890" lon="2.381270">
        <ele>354.414</ele>
        <time>2024-12-13T12:45:08Z</time>
      </trkpt>
      <trkpt lat="41.612875" lon="2.381305">
        <ele>354.651</ele>
        <time>2024-12-13T12:45:11Z</time>
      </trkpt>
      <trkpt lat="41.612840" lon="2.381350">
        <ele>354.913</ele>
        <time>2024-12-13T12:45:16Z</time>
      </trkpt>
      <trkpt lat="41.612821" lon="2.381376">
        <ele>355.158</ele>
        <time>2024-12-13T12:45:18Z</time>
      </trkpt>
      <trkpt lat="41.612803" lon="2.381409">
        <ele>355.041</ele>
        <time>2024-12-13T12:45:21Z</time>
      </trkpt>
      <trkpt lat="41.612784" lon="2.381439">
        <ele>354.925</ele>
        <time>2024-12-13T12:45:24Z</time>
      </trkpt>
      <trkpt lat="41.612762" lon="2.381461">
        <ele>354.589</ele>
        <time>2024-12-13T12:45:26Z</time>
      </trkpt>
      <trkpt lat="41.612725" lon="2.381490">
        <ele>353.762</ele>
        <time>2024-12-13T12:45:32Z</time>
      </trkpt>
      <trkpt lat="41.612681" lon="2.381526">
        <ele>352.825</ele>
        <time>2024-12-13T12:45:37Z</time>
      </trkpt>
      <trkpt lat="41.612658" lon="2.381554">
        <ele>352.326</ele>
        <time>2024-12-13T12:45:40Z</time>
      </trkpt>
      <trkpt lat="41.612639" lon="2.381586">
        <ele>351.808</ele>
        <time>2024-12-13T12:45:43Z</time>
      </trkpt>
      <trkpt lat="41.612594" lon="2.381619">
        <ele>350.909</ele>
        <time>2024-12-13T12:45:51Z</time>
      </trkpt>
      <trkpt lat="41.612547" lon="2.381644">
        <ele>349.943</ele>
        <time>2024-12-13T12:45:58Z</time>
      </trkpt>
      <trkpt lat="41.612516" lon="2.381652">
        <ele>349.391</ele>
        <time>2024-12-13T12:46:04Z</time>
      </trkpt>
      <trkpt lat="41.612474" lon="2.381644">
        <ele>348.658</ele>
        <time>2024-12-13T12:46:11Z</time>
      </trkpt>
      <trkpt lat="41.612432" lon="2.381649">
        <ele>347.810</ele>
        <time>2024-12-13T12:46:18Z</time>
      </trkpt>
      <trkpt lat="41.612388" lon="2.381658">
        <ele>347.015</ele>
        <time>2024-12-13T12:46:27Z</time>
      </trkpt>
      <trkpt lat="41.612340" lon="2.381649">
        <ele>346.188</ele>
        <time>2024-12-13T12:46:35Z</time>
      </trkpt>
      <trkpt lat="41.612314" lon="2.381676">
        <ele>345.682</ele>
        <time>2024-12-13T12:46:41Z</time>
      </trkpt>
      <trkpt lat="41.612299" lon="2.381706">
        <ele>345.296</ele>
        <time>2024-12-13T12:46:44Z</time>
      </trkpt>
      <trkpt lat="41.612268" lon="2.381758">
        <ele>344.469</ele>
        <time>2024-12-13T12:46:50Z</time>
      </trkpt>
      <trkpt lat="41.612241" lon="2.381757">
        <ele>344.041</ele>
        <time>2024-12-13T12:46:53Z</time>
      </trkpt>
      <trkpt lat="41.612205" lon="2.381746">
        <ele>343.481</ele>
        <time>2024-12-13T12:46:57Z</time>
      </trkpt>
      <trkpt lat="41.612146" lon="2.381730">
        <ele>342.209</ele>
        <time>2024-12-13T12:47:02Z</time>
      </trkpt>
      <trkpt lat="41.612119" lon="2.381722">
        <ele>341.609</ele>
        <time>2024-12-13T12:47:06Z</time>
      </trkpt>
      <trkpt lat="41.612080" lon="2.381731">
        <ele>340.835</ele>
        <time>2024-12-13T12:47:13Z</time>
      </trkpt>
      <trkpt lat="41.612052" lon="2.381760">
        <ele>340.293</ele>
        <time>2024-12-13T12:47:18Z</time>
      </trkpt>
      <trkpt lat="41.612003" lon="2.381768">
        <ele>339.260</ele>
        <time>2024-12-13T12:47:24Z</time>
      </trkpt>
      <trkpt lat="41.611968" lon="2.381735">
        <ele>338.562</ele>
        <time>2024-12-13T12:47:34Z</time>
      </trkpt>
      <trkpt lat="41.611947" lon="2.381685">
        <ele>338.187</ele>
        <time>2024-12-13T12:47:41Z</time>
      </trkpt>
      <trkpt lat="41.611913" lon="2.381649">
        <ele>337.060</ele>
        <time>2024-12-13T12:47:50Z</time>
      </trkpt>
      <trkpt lat="41.611888" lon="2.381633">
        <ele>336.244</ele>
        <time>2024-12-13T12:47:54Z</time>
      </trkpt>
      <trkpt lat="41.611845" lon="2.381617">
        <ele>334.918</ele>
        <time>2024-12-13T12:48:01Z</time>
      </trkpt>
      <trkpt lat="41.611801" lon="2.381611">
        <ele>333.681</ele>
        <time>2024-12-13T12:48:08Z</time>
      </trkpt>
      <trkpt lat="41.611767" lon="2.381610">
        <ele>332.669</ele>
        <time>2024-12-13T12:48:14Z</time>
      </trkpt>
      <trkpt lat="41.611711" lon="2.381622">
        <ele>331.004</ele>
        <time>2024-12-13T12:48:23Z</time>
      </trkpt>
      <trkpt lat="41.611656" lon="2.381633">
        <ele>329.424</ele>
        <time>2024-12-13T12:48:33Z</time>
      </trkpt>
      <trkpt lat="41.611603" lon="2.381660">
        <ele>328.109</ele>
        <time>2024-12-13T12:48:41Z</time>
      </trkpt>
      <trkpt lat="41.611565" lon="2.381691">
        <ele>327.167</ele>
        <time>2024-12-13T12:48:50Z</time>
      </trkpt>
      <trkpt lat="41.611542" lon="2.381747">
        <ele>326.455</ele>
        <time>2024-12-13T12:48:56Z</time>
      </trkpt>
      <trkpt lat="41.611529" lon="2.381811">
        <ele>326.042</ele>
        <time>2024-12-13T12:49:01Z</time>
      </trkpt>
      <trkpt lat="41.611508" lon="2.381859">
        <ele>325.484</ele>
        <time>2024-12-13T12:49:09Z</time>
      </trkpt>
      <trkpt lat="41.611469" lon="2.381874">
        <ele>324.339</ele>
        <time>2024-12-13T12:49:16Z</time>
      </trkpt>
      <trkpt lat="41.611446" lon="2.381854">
        <ele>323.662</ele>
        <time>2024-12-13T12:49:19Z</time>
      </trkpt>
      <trkpt lat="41.611421" lon="2.381838">
        <ele>322.976</ele>
        <time>2024-12-13T12:49:22Z</time>
      </trkpt>
      <trkpt lat="41.611396" lon="2.381822">
        <ele>322.270</ele>
        <time>2024-12-13T12:49:26Z</time>
      </trkpt>
      <trkpt lat="41.611356" lon="2.381797">
        <ele>321.263</ele>
        <time>2024-12-13T12:49:32Z</time>
      </trkpt>
      <trkpt lat="41.611313" lon="2.381782">
        <ele>320.026</ele>
        <time>2024-12-13T12:49:39Z</time>
      </trkpt>
      <trkpt lat="41.611268" lon="2.381759">
        <ele>318.847</ele>
        <time>2024-12-13T12:49:46Z</time>
      </trkpt>
      <trkpt lat="41.611247" lon="2.381736">
        <ele>318.211</ele>
        <time>2024-12-13T12:49:49Z</time>
      </trkpt>
      <trkpt lat="41.611225" lon="2.381708">
        <ele>317.509</ele>
        <time>2024-12-13T12:49:52Z</time>
      </trkpt>
      <trkpt lat="41.611213" lon="2.381675">
        <ele>317.063</ele>
        <time>2024-12-13T12:49:55Z</time>
      </trkpt>
      <trkpt lat="41.611195" lon="2.381625">
        <ele>315.511</ele>
        <time>2024-12-13T12:50:03Z</time>
      </trkpt>
      <trkpt lat="41.611166" lon="2.381568">
        <ele>313.368</ele>
        <time>2024-12-13T12:50:09Z</time>
      </trkpt>
      <trkpt lat="41.611120" lon="2.381534">
        <ele>311.040</ele>
        <time>2024-12-13T12:50:15Z</time>
      </trkpt>
      <trkpt lat="41.611092" lon="2.381529">
        <ele>309.935</ele>
        <time>2024-12-13T12:50:19Z</time>
      </trkpt>
      <trkpt lat="41.611043" lon="2.381523">
        <ele>308.178</ele>
        <time>2024-12-13T12:50:30Z</time>
      </trkpt>
      <trkpt lat="41.610993" lon="2.381481">
        <ele>305.542</ele>
        <time>2024-12-13T12:50:35Z</time>
      </trkpt>
      <trkpt lat="41.610960" lon="2.381499">
        <ele>304.836</ele>
        <time>2024-12-13T12:50:39Z</time>
      </trkpt>
      <trkpt lat="41.610935" lon="2.381524">
        <ele>304.459</ele>
        <time>2024-12-13T12:50:42Z</time>
      </trkpt>
      <trkpt lat="41.610896" lon="2.381579">
        <ele>304.052</ele>
        <time>2024-12-13T12:50:47Z</time>
      </trkpt>
      <trkpt lat="41.610860" lon="2.381630">
        <ele>303.553</ele>
        <time>2024-12-13T12:50:53Z</time>
      </trkpt>
      <trkpt lat="41.610832" lon="2.381688">
        <ele>303.208</ele>
        <time>2024-12-13T12:50:59Z</time>
      </trkpt>
      <trkpt lat="41.610802" lon="2.381747">
        <ele>303.209</ele>
        <time>2024-12-13T12:51:03Z</time>
      </trkpt>
      <trkpt lat="41.610782" lon="2.381785">
        <ele>303.236</ele>
        <time>2024-12-13T12:51:07Z</time>
      </trkpt>
      <trkpt lat="41.610744" lon="2.381836">
        <ele>302.974</ele>
        <time>2024-12-13T12:51:14Z</time>
      </trkpt>
      <trkpt lat="41.610725" lon="2.381865">
        <ele>302.821</ele>
        <time>2024-12-13T12:51:17Z</time>
      </trkpt>
      <trkpt lat="41.610711" lon="2.381897">
        <ele>302.843</ele>
        <time>2024-12-13T12:51:20Z</time>
      </trkpt>
      <trkpt lat="41.610694" lon="2.381929">
        <ele>302.848</ele>
        <time>2024-12-13T12:51:22Z</time>
      </trkpt>
      <trkpt lat="41.610672" lon="2.381959">
        <ele>302.691</ele>
        <time>2024-12-13T12:51:25Z</time>
      </trkpt>
      <trkpt lat="41.610648" lon="2.381990">
        <ele>302.275</ele>
        <time>2024-12-13T12:51:28Z</time>
      </trkpt>
      <trkpt lat="41.610606" lon="2.382018">
        <ele>301.489</ele>
        <time>2024-12-13T12:51:32Z</time>
      </trkpt>
      <trkpt lat="41.610583" lon="2.382047">
        <ele>301.032</ele>
        <time>2024-12-13T12:51:35Z</time>
      </trkpt>
      <trkpt lat="41.610562" lon="2.382070">
        <ele>300.699</ele>
        <time>2024-12-13T12:51:38Z</time>
      </trkpt>
      <trkpt lat="41.610537" lon="2.382089">
        <ele>300.207</ele>
        <time>2024-12-13T12:51:40Z</time>
      </trkpt>
      <trkpt lat="41.610514" lon="2.382114">
        <ele>299.927</ele>
        <time>2024-12-13T12:51:43Z</time>
      </trkpt>
      <trkpt lat="41.610493" lon="2.382148">
        <ele>299.609</ele>
        <time>2024-12-13T12:51:46Z</time>
      </trkpt>
      <trkpt lat="41.610474" lon="2.382184">
        <ele>299.490</ele>
        <time>2024-12-13T12:51:49Z</time>
      </trkpt>
      <trkpt lat="41.610456" lon="2.382213">
        <ele>299.288</ele>
        <time>2024-12-13T12:51:52Z</time>
      </trkpt>
      <trkpt lat="41.610427" lon="2.382267">
        <ele>298.695</ele>
        <time>2024-12-13T12:51:59Z</time>
      </trkpt>
      <trkpt lat="41.610401" lon="2.382335">
        <ele>298.097</ele>
        <time>2024-12-13T12:52:07Z</time>
      </trkpt>
      <trkpt lat="41.610378" lon="2.382364">
        <ele>297.622</ele>
        <time>2024-12-13T12:52:10Z</time>
      </trkpt>
      <trkpt lat="41.610345" lon="2.382417">
        <ele>297.095</ele>
        <time>2024-12-13T12:52:17Z</time>
      </trkpt>
      <trkpt lat="41.610305" lon="2.382439">
        <ele>296.469</ele>
        <time>2024-12-13T12:52:24Z</time>
      </trkpt>
      <trkpt lat="41.610278" lon="2.382443">
        <ele>296.023</ele>
        <time>2024-12-13T12:52:28Z</time>
      </trkpt>
      <trkpt lat="41.610248" lon="2.382442">
        <ele>295.546</ele>
        <time>2024-12-13T12:52:31Z</time>
      </trkpt>
      <trkpt lat="41.610199" lon="2.382431">
        <ele>294.663</ele>
        <time>2024-12-13T12:52:38Z</time>
      </trkpt>
      <trkpt lat="41.610172" lon="2.382417">
        <ele>294.144</ele>
        <time>2024-12-13T12:52:41Z</time>
      </trkpt>
      <trkpt lat="41.610125" lon="2.382385">
        <ele>293.318</ele>
        <time>2024-12-13T12:52:47Z</time>
      </trkpt>
      <trkpt lat="41.610076" lon="2.382342">
        <ele>292.409</ele>
        <time>2024-12-13T12:52:53Z</time>
      </trkpt>
      <trkpt lat="41.610052" lon="2.382320">
        <ele>291.957</ele>
        <time>2024-12-13T12:52:57Z</time>
      </trkpt>
      <trkpt lat="41.610026" lon="2.382298">
        <ele>291.545</ele>
        <time>2024-12-13T12:53:00Z</time>
      </trkpt>
      <trkpt lat="41.609980" lon="2.382264">
        <ele>290.842</ele>
        <time>2024-12-13T12:53:08Z</time>
      </trkpt>
      <trkpt lat="41.609959" lon="2.382237">
        <ele>290.644</ele>
        <time>2024-12-13T12:53:11Z</time>
      </trkpt>
      <trkpt lat="41.609934" lon="2.382212">
        <ele>290.249</ele>
        <time>2024-12-13T12:53:15Z</time>
      </trkpt>
      <trkpt lat="41.609893" lon="2.382179">
        <ele>289.572</ele>
        <time>2024-12-13T12:53:20Z</time>
      </trkpt>
      <trkpt lat="41.609851" lon="2.382150">
        <ele>288.956</ele>
        <time>2024-12-13T12:53:28Z</time>
      </trkpt>
      <trkpt lat="41.609822" lon="2.382130">
        <ele>288.460</ele>
        <time>2024-12-13T12:53:31Z</time>
      </trkpt>
      <trkpt lat="41.609793" lon="2.382118">
        <ele>288.033</ele>
        <time>2024-12-13T12:53:34Z</time>
      </trkpt>
      <trkpt lat="41.609772" lon="2.382112">
        <ele>287.761</ele>
        <time>2024-12-13T12:53:39Z</time>
      </trkpt>
      <trkpt lat="41.609706" lon="2.382084">
        <ele>286.921</ele>
        <time>2024-12-13T12:53:48Z</time>
      </trkpt>
      <trkpt lat="41.609660" lon="2.382078">
        <ele>286.613</ele>
        <time>2024-12-13T12:53:53Z</time>
      </trkpt>
      <trkpt lat="41.609608" lon="2.382063">
        <ele>286.309</ele>
        <time>2024-12-13T12:54:01Z</time>
      </trkpt>
      <trkpt lat="41.609561" lon="2.382033">
        <ele>285.917</ele>
        <time>2024-12-13T12:54:06Z</time>
      </trkpt>
      <trkpt lat="41.609533" lon="2.382022">
        <ele>285.725</ele>
        <time>2024-12-13T12:54:10Z</time>
      </trkpt>
      <trkpt lat="41.609484" lon="2.381994">
        <ele>285.352</ele>
        <time>2024-12-13T12:54:16Z</time>
      </trkpt>
      <trkpt lat="41.609444" lon="2.381958">
        <ele>285.094</ele>
        <time>2024-12-13T12:54:22Z</time>
      </trkpt>
      <trkpt lat="41.609401" lon="2.381909">
        <ele>284.969</ele>
        <time>2024-12-13T12:54:28Z</time>
      </trkpt>
      <trkpt lat="41.609379" lon="2.381881">
        <ele>284.812</ele>
        <time>2024-12-13T12:54:31Z</time>
      </trkpt>
      <trkpt lat="41.609356" lon="2.381856">
        <ele>284.796</ele>
        <time>2024-12-13T12:54:35Z</time>
      </trkpt>
      <trkpt lat="41.609319" lon="2.381811">
        <ele>284.510</ele>
        <time>2024-12-13T12:54:42Z</time>
      </trkpt>
      <trkpt lat="41.609285" lon="2.381761">
        <ele>284.353</ele>
        <time>2024-12-13T12:54:49Z</time>
      </trkpt>
      <trkpt lat="41.609268" lon="2.381731">
        <ele>284.233</ele>
        <time>2024-12-13T12:54:54Z</time>
      </trkpt>
      <trkpt lat="41.609229" lon="2.381674">
        <ele>284.023</ele>
        <time>2024-12-13T12:55:03Z</time>
      </trkpt>
      <trkpt lat="41.609211" lon="2.381640">
        <ele>283.815</ele>
        <time>2024-12-13T12:55:07Z</time>
      </trkpt>
      <trkpt lat="41.609195" lon="2.381605">
        <ele>283.609</ele>
        <time>2024-12-13T12:55:11Z</time>
      </trkpt>
      <trkpt lat="41.609169" lon="2.381583">
        <ele>283.494</ele>
        <time>2024-12-13T12:55:15Z</time>
      </trkpt>
      <trkpt lat="41.609154" lon="2.381514">
        <ele>282.872</ele>
        <time>2024-12-13T12:55:20Z</time>
      </trkpt>
      <trkpt lat="41.609176" lon="2.381463">
        <ele>282.559</ele>
        <time>2024-12-13T12:55:24Z</time>
      </trkpt>
      <trkpt lat="41.609221" lon="2.381420">
        <ele>282.211</ele>
        <time>2024-12-13T12:55:29Z</time>
      </trkpt>
      <trkpt lat="41.609250" lon="2.381401">
        <ele>282.136</ele>
        <time>2024-12-13T12:55:32Z</time>
      </trkpt>
      <trkpt lat="41.609277" lon="2.381381">
        <ele>281.969</ele>
        <time>2024-12-13T12:55:35Z</time>
      </trkpt>
      <trkpt lat="41.609304" lon="2.381359">
        <ele>281.533</ele>
        <time>2024-12-13T12:55:38Z</time>
      </trkpt>
      <trkpt lat="41.609328" lon="2.381341">
        <ele>281.227</ele>
        <time>2024-12-13T12:55:40Z</time>
      </trkpt>
      <trkpt lat="41.609358" lon="2.381325">
        <ele>280.960</ele>
        <time>2024-12-13T12:55:43Z</time>
      </trkpt>
      <trkpt lat="41.609400" lon="2.381293">
        <ele>280.346</ele>
        <time>2024-12-13T12:55:47Z</time>
      </trkpt>
      <trkpt lat="41.609426" lon="2.381273">
        <ele>279.988</ele>
        <time>2024-12-13T12:55:50Z</time>
      </trkpt>
      <trkpt lat="41.609454" lon="2.381249">
        <ele>279.416</ele>
        <time>2024-12-13T12:55:53Z</time>
      </trkpt>
      <trkpt lat="41.609477" lon="2.381223">
        <ele>278.809</ele>
        <time>2024-12-13T12:55:56Z</time>
      </trkpt>
      <trkpt lat="41.609502" lon="2.381201">
        <ele>278.325</ele>
        <time>2024-12-13T12:55:59Z</time>
      </trkpt>
      <trkpt lat="41.609529" lon="2.381179">
        <ele>277.753</ele>
        <time>2024-12-13T12:56:02Z</time>
      </trkpt>
      <trkpt lat="41.609573" lon="2.381141">
        <ele>276.740</ele>
        <time>2024-12-13T12:56:07Z</time>
      </trkpt>
      <trkpt lat="41.609599" lon="2.381118">
        <ele>276.022</ele>
        <time>2024-12-13T12:56:09Z</time>
      </trkpt>
      <trkpt lat="41.609627" lon="2.381094">
        <ele>275.557</ele>
        <time>2024-12-13T12:56:13Z</time>
      </trkpt>
      <trkpt lat="41.609655" lon="2.381070">
        <ele>275.050</ele>
        <time>2024-12-13T12:56:15Z</time>
      </trkpt>
      <trkpt lat="41.609682" lon="2.381047">
        <ele>274.514</ele>
        <time>2024-12-13T12:56:19Z</time>
      </trkpt>
      <trkpt lat="41.609706" lon="2.381027">
        <ele>274.218</ele>
        <time>2024-12-13T12:56:21Z</time>
      </trkpt>
      <trkpt lat="41.609730" lon="2.381005">
        <ele>273.921</ele>
        <time>2024-12-13T12:56:24Z</time>
      </trkpt>
      <trkpt lat="41.609757" lon="2.380982">
        <ele>274.097</ele>
        <time>2024-12-13T12:56:27Z</time>
      </trkpt>
      <trkpt lat="41.609784" lon="2.380957">
        <ele>274.023</ele>
        <time>2024-12-13T12:56:30Z</time>
      </trkpt>
      <trkpt lat="41.609808" lon="2.380930">
        <ele>274.025</ele>
        <time>2024-12-13T12:56:33Z</time>
      </trkpt>
      <trkpt lat="41.609836" lon="2.380906">
        <ele>274.009</ele>
        <time>2024-12-13T12:56:36Z</time>
      </trkpt>
      <trkpt lat="41.609865" lon="2.380881">
        <ele>274.140</ele>
        <time>2024-12-13T12:56:39Z</time>
      </trkpt>
      <trkpt lat="41.609890" lon="2.380853">
        <ele>274.088</ele>
        <time>2024-12-13T12:56:43Z</time>
      </trkpt>
      <trkpt lat="41.609935" lon="2.380805">
        <ele>274.175</ele>
        <time>2024-12-13T12:56:48Z</time>
      </trkpt>
      <trkpt lat="41.609962" lon="2.380779">
        <ele>274.227</ele>
        <time>2024-12-13T12:56:51Z</time>
      </trkpt>
      <trkpt lat="41.609989" lon="2.380755">
        <ele>274.382</ele>
        <time>2024-12-13T12:56:55Z</time>
      </trkpt>
      <trkpt lat="41.610015" lon="2.380732">
        <ele>274.435</ele>
        <time>2024-12-13T12:56:58Z</time>
      </trkpt>
      <trkpt lat="41.610040" lon="2.380706">
        <ele>274.559</ele>
        <time>2024-12-13T12:57:01Z</time>
      </trkpt>
      <trkpt lat="41.610065" lon="2.380686">
        <ele>274.643</ele>
        <time>2024-12-13T12:57:04Z</time>
      </trkpt>
      <trkpt lat="41.610087" lon="2.380660">
        <ele>274.766</ele>
        <time>2024-12-13T12:57:07Z</time>
      </trkpt>
      <trkpt lat="41.610110" lon="2.380641">
        <ele>274.815</ele>
        <time>2024-12-13T12:57:10Z</time>
      </trkpt>
      <trkpt lat="41.610137" lon="2.380617">
        <ele>274.965</ele>
        <time>2024-12-13T12:57:13Z</time>
      </trkpt>
      <trkpt lat="41.610185" lon="2.380589">
        <ele>275.211</ele>
        <time>2024-12-13T12:57:19Z</time>
      </trkpt>
      <trkpt lat="41.610213" lon="2.380569">
        <ele>275.409</ele>
        <time>2024-12-13T12:57:22Z</time>
      </trkpt>
      <trkpt lat="41.610237" lon="2.380544">
        <ele>275.562</ele>
        <time>2024-12-13T12:57:25Z</time>
      </trkpt>
      <trkpt lat="41.610261" lon="2.380516">
        <ele>275.740</ele>
        <time>2024-12-13T12:57:29Z</time>
      </trkpt>
      <trkpt lat="41.610284" lon="2.380493">
        <ele>275.837</ele>
        <time>2024-12-13T12:57:32Z</time>
      </trkpt>
      <trkpt lat="41.610330" lon="2.380442">
        <ele>275.569</ele>
        <time>2024-12-13T12:57:38Z</time>
      </trkpt>
      <trkpt lat="41.610359" lon="2.380414">
        <ele>275.334</ele>
        <time>2024-12-13T12:57:42Z</time>
      </trkpt>
      <trkpt lat="41.610385" lon="2.380392">
        <ele>275.377</ele>
        <time>2024-12-13T12:57:45Z</time>
      </trkpt>
      <trkpt lat="41.610437" lon="2.380368">
        <ele>275.181</ele>
        <time>2024-12-13T12:57:51Z</time>
      </trkpt>
      <trkpt lat="41.610489" lon="2.380349">
        <ele>275.165</ele>
        <time>2024-12-13T12:57:57Z</time>
      </trkpt>
      <trkpt lat="41.610514" lon="2.380334">
        <ele>275.078</ele>
        <time>2024-12-13T12:58:01Z</time>
      </trkpt>
      <trkpt lat="41.610562" lon="2.380309">
        <ele>275.175</ele>
        <time>2024-12-13T12:58:06Z</time>
      </trkpt>
      <trkpt lat="41.610590" lon="2.380294">
        <ele>275.428</ele>
        <time>2024-12-13T12:58:10Z</time>
      </trkpt>
      <trkpt lat="41.610621" lon="2.380264">
        <ele>275.620</ele>
        <time>2024-12-13T12:58:14Z</time>
      </trkpt>
      <trkpt lat="41.610650" lon="2.380238">
        <ele>275.909</ele>
        <time>2024-12-13T12:58:19Z</time>
      </trkpt>
      <trkpt lat="41.610676" lon="2.380212">
        <ele>276.128</ele>
        <time>2024-12-13T12:58:22Z</time>
      </trkpt>
      <trkpt lat="41.610699" lon="2.380190">
        <ele>276.476</ele>
        <time>2024-12-13T12:58:25Z</time>
      </trkpt>
      <trkpt lat="41.610726" lon="2.380168">
        <ele>276.823</ele>
        <time>2024-12-13T12:58:29Z</time>
      </trkpt>
      <trkpt lat="41.610754" lon="2.380151">
        <ele>277.245</ele>
        <time>2024-12-13T12:58:32Z</time>
      </trkpt>
      <trkpt lat="41.610779" lon="2.380134">
        <ele>277.670</ele>
        <time>2024-12-13T12:58:35Z</time>
      </trkpt>
      <trkpt lat="41.610808" lon="2.380114">
        <ele>278.283</ele>
        <time>2024-12-13T12:58:38Z</time>
      </trkpt>
      <trkpt lat="41.610835" lon="2.380091">
        <ele>278.737</ele>
        <time>2024-12-13T12:58:42Z</time>
      </trkpt>
      <trkpt lat="41.610861" lon="2.380077">
        <ele>279.461</ele>
        <time>2024-12-13T12:58:45Z</time>
      </trkpt>
      <trkpt lat="41.610888" lon="2.380056">
        <ele>280.134</ele>
        <time>2024-12-13T12:58:50Z</time>
      </trkpt>
      <trkpt lat="41.610914" lon="2.380036">
        <ele>280.799</ele>
        <time>2024-12-13T12:58:53Z</time>
      </trkpt>
      <trkpt lat="41.610940" lon="2.380006">
        <ele>281.307</ele>
        <time>2024-12-13T12:58:56Z</time>
      </trkpt>
      <trkpt lat="41.610983" lon="2.379955">
        <ele>281.627</ele>
        <time>2024-12-13T12:59:03Z</time>
      </trkpt>
      <trkpt lat="41.611029" lon="2.379910">
        <ele>282.109</ele>
        <time>2024-12-13T12:59:10Z</time>
      </trkpt>
      <trkpt lat="41.611057" lon="2.379886">
        <ele>282.460</ele>
        <time>2024-12-13T12:59:13Z</time>
      </trkpt>
      <trkpt lat="41.611090" lon="2.379860">
        <ele>283.078</ele>
        <time>2024-12-13T12:59:18Z</time>
      </trkpt>
      <trkpt lat="41.611124" lon="2.379808">
        <ele>283.375</ele>
        <time>2024-12-13T12:59:24Z</time>
      </trkpt>
      <trkpt lat="41.611141" lon="2.379777">
        <ele>283.567</ele>
        <time>2024-12-13T12:59:27Z</time>
      </trkpt>
      <trkpt lat="41.611161" lon="2.379749">
        <ele>283.782</ele>
        <time>2024-12-13T12:59:30Z</time>
      </trkpt>
      <trkpt lat="41.611183" lon="2.379725">
        <ele>284.135</ele>
        <time>2024-12-13T12:59:33Z</time>
      </trkpt>
      <trkpt lat="41.611204" lon="2.379697">
        <ele>284.559</ele>
        <time>2024-12-13T12:59:37Z</time>
      </trkpt>
      <trkpt lat="41.611223" lon="2.379666">
        <ele>284.713</ele>
        <time>2024-12-13T12:59:40Z</time>
      </trkpt>
      <trkpt lat="41.611237" lon="2.379630">
        <ele>284.866</ele>
        <time>2024-12-13T12:59:44Z</time>
      </trkpt>
      <trkpt lat="41.611249" lon="2.379583">
        <ele>284.719</ele>
        <time>2024-12-13T12:59:48Z</time>
      </trkpt>
      <trkpt lat="41.611267" lon="2.379517">
        <ele>284.609</ele>
        <time>2024-12-13T12:59:54Z</time>
      </trkpt>
      <trkpt lat="41.611280" lon="2.379476">
        <ele>284.619</ele>
        <time>2024-12-13T12:59:58Z</time>
      </trkpt>
      <trkpt lat="41.611304" lon="2.379415">
        <ele>284.709</ele>
        <time>2024-12-13T13:00:04Z</time>
      </trkpt>
      <trkpt lat="41.611322" lon="2.379380">
        <ele>285.032</ele>
        <time>2024-12-13T13:00:08Z</time>
      </trkpt>
      <trkpt lat="41.611338" lon="2.379344">
        <ele>285.150</ele>
        <time>2024-12-13T13:00:11Z</time>
      </trkpt>
      <trkpt lat="41.611356" lon="2.379314">
        <ele>285.347</ele>
        <time>2024-12-13T13:00:15Z</time>
      </trkpt>
      <trkpt lat="41.611377" lon="2.379283">
        <ele>285.659</ele>
        <time>2024-12-13T13:00:18Z</time>
      </trkpt>
      <trkpt lat="41.611398" lon="2.379251">
        <ele>285.854</ele>
        <time>2024-12-13T13:00:22Z</time>
      </trkpt>
      <trkpt lat="41.611426" lon="2.379231">
        <ele>286.287</ele>
        <time>2024-12-13T13:00:25Z</time>
      </trkpt>
      <trkpt lat="41.611457" lon="2.379210">
        <ele>286.571</ele>
        <time>2024-12-13T13:00:29Z</time>
      </trkpt>
      <trkpt lat="41.611487" lon="2.379195">
        <ele>286.815</ele>
        <time>2024-12-13T13:00:32Z</time>
      </trkpt>
      <trkpt lat="41.611512" lon="2.379177">
        <ele>286.948</ele>
        <time>2024-12-13T13:00:36Z</time>
      </trkpt>
      <trkpt lat="41.611565" lon="2.379149">
        <ele>287.264</ele>
        <time>2024-12-13T13:00:41Z</time>
      </trkpt>
      <trkpt lat="41.611619" lon="2.379141">
        <ele>287.806</ele>
        <time>2024-12-13T13:00:47Z</time>
      </trkpt>
      <trkpt lat="41.611657" lon="2.379135">
        <ele>288.216</ele>
        <time>2024-12-13T13:00:51Z</time>
      </trkpt>
      <trkpt lat="41.611685" lon="2.379129">
        <ele>288.509</ele>
        <time>2024-12-13T13:00:53Z</time>
      </trkpt>
      <trkpt lat="41.611714" lon="2.379124">
        <ele>288.967</ele>
        <time>2024-12-13T13:00:57Z</time>
      </trkpt>
      <trkpt lat="41.611748" lon="2.379117">
        <ele>289.395</ele>
        <time>2024-12-13T13:01:01Z</time>
      </trkpt>
      <trkpt lat="41.611777" lon="2.379118">
        <ele>289.952</ele>
        <time>2024-12-13T13:01:03Z</time>
      </trkpt>
      <trkpt lat="41.611807" lon="2.379127">
        <ele>290.654</ele>
        <time>2024-12-13T13:01:07Z</time>
      </trkpt>
      <trkpt lat="41.611836" lon="2.379134">
        <ele>291.339</ele>
        <time>2024-12-13T13:01:10Z</time>
      </trkpt>
      <trkpt lat="41.611867" lon="2.379133">
        <ele>291.842</ele>
        <time>2024-12-13T13:01:13Z</time>
      </trkpt>
      <trkpt lat="41.611901" lon="2.379130">
        <ele>292.326</ele>
        <time>2024-12-13T13:01:17Z</time>
      </trkpt>
      <trkpt lat="41.611940" lon="2.379117">
        <ele>292.780</ele>
        <time>2024-12-13T13:01:21Z</time>
      </trkpt>
      <trkpt lat="41.611973" lon="2.379114">
        <ele>292.933</ele>
        <time>2024-12-13T13:01:25Z</time>
      </trkpt>
      <trkpt lat="41.612006" lon="2.379104">
        <ele>293.066</ele>
        <time>2024-12-13T13:01:28Z</time>
      </trkpt>
      <trkpt lat="41.612060" lon="2.379096">
        <ele>293.329</ele>
        <time>2024-12-13T13:01:33Z</time>
      </trkpt>
      <trkpt lat="41.612095" lon="2.379095">
        <ele>293.621</ele>
        <time>2024-12-13T13:01:37Z</time>
      </trkpt>
      <trkpt lat="41.612129" lon="2.379095">
        <ele>293.909</ele>
        <time>2024-12-13T13:01:40Z</time>
      </trkpt>
      <trkpt lat="41.612156" lon="2.379089">
        <ele>294.037</ele>
        <time>2024-12-13T13:01:43Z</time>
      </trkpt>
      <trkpt lat="41.612183" lon="2.379085">
        <ele>294.225</ele>
        <time>2024-12-13T13:01:46Z</time>
      </trkpt>
      <trkpt lat="41.612210" lon="2.379076">
        <ele>294.322</ele>
        <time>2024-12-13T13:01:49Z</time>
      </trkpt>
      <trkpt lat="41.612236" lon="2.379061">
        <ele>294.334</ele>
        <time>2024-12-13T13:01:52Z</time>
      </trkpt>
      <trkpt lat="41.612263" lon="2.379045">
        <ele>294.479</ele>
        <time>2024-12-13T13:01:56Z</time>
      </trkpt>
      <trkpt lat="41.612302" lon="2.379031">
        <ele>294.762</ele>
        <time>2024-12-13T13:02:00Z</time>
      </trkpt>
      <trkpt lat="41.612334" lon="2.379009">
        <ele>294.896</ele>
        <time>2024-12-13T13:02:03Z</time>
      </trkpt>
      <trkpt lat="41.612364" lon="2.378984">
        <ele>294.990</ele>
        <time>2024-12-13T13:02:08Z</time>
      </trkpt>
      <trkpt lat="41.612383" lon="2.378954">
        <ele>294.873</ele>
        <time>2024-12-13T13:02:12Z</time>
      </trkpt>
      <trkpt lat="41.612401" lon="2.378923">
        <ele>294.712</ele>
        <time>2024-12-13T13:02:16Z</time>
      </trkpt>
      <trkpt lat="41.612419" lon="2.378893">
        <ele>294.632</ele>
        <time>2024-12-13T13:02:19Z</time>
      </trkpt>
      <trkpt lat="41.612443" lon="2.378862">
        <ele>294.805</ele>
        <time>2024-12-13T13:02:23Z</time>
      </trkpt>
      <trkpt lat="41.612472" lon="2.378807">
        <ele>295.109</ele>
        <time>2024-12-13T13:02:29Z</time>
      </trkpt>
      <trkpt lat="41.612489" lon="2.378770">
        <ele>295.342</ele>
        <time>2024-12-13T13:02:32Z</time>
      </trkpt>
      <trkpt lat="41.612512" lon="2.378736">
        <ele>295.690</ele>
        <time>2024-12-13T13:02:37Z</time>
      </trkpt>
      <trkpt lat="41.612530" lon="2.378704">
        <ele>295.737</ele>
        <time>2024-12-13T13:02:40Z</time>
      </trkpt>
      <trkpt lat="41.612545" lon="2.378671">
        <ele>295.619</ele>
        <time>2024-12-13T13:02:44Z</time>
      </trkpt>
      <trkpt lat="41.612567" lon="2.378643">
        <ele>295.794</ele>
        <time>2024-12-13T13:02:48Z</time>
      </trkpt>
      <trkpt lat="41.612590" lon="2.378614">
        <ele>295.767</ele>
        <time>2024-12-13T13:02:52Z</time>
      </trkpt>
      <trkpt lat="41.612616" lon="2.378584">
        <ele>295.471</ele>
        <time>2024-12-13T13:02:56Z</time>
      </trkpt>
      <trkpt lat="41.612640" lon="2.378561">
        <ele>295.255</ele>
        <time>2024-12-13T13:03:00Z</time>
      </trkpt>
      <trkpt lat="41.612666" lon="2.378536">
        <ele>295.068</ele>
        <time>2024-12-13T13:03:04Z</time>
      </trkpt>
      <trkpt lat="41.612706" lon="2.378502">
        <ele>294.861</ele>
        <time>2024-12-13T13:03:10Z</time>
      </trkpt>
      <trkpt lat="41.612733" lon="2.378481">
        <ele>294.721</ele>
        <time>2024-12-13T13:03:14Z</time>
      </trkpt>
      <trkpt lat="41.612771" lon="2.378467">
        <ele>294.913</ele>
        <time>2024-12-13T13:03:19Z</time>
      </trkpt>
      <trkpt lat="41.612804" lon="2.378451">
        <ele>295.009</ele>
        <time>2024-12-13T13:03:23Z</time>
      </trkpt>
      <trkpt lat="41.612836" lon="2.378446">
        <ele>295.377</ele>
        <time>2024-12-13T13:03:26Z</time>
      </trkpt>
      <trkpt lat="41.612870" lon="2.378444">
        <ele>295.735</ele>
        <time>2024-12-13T13:03:31Z</time>
      </trkpt>
      <trkpt lat="41.612899" lon="2.378436">
        <ele>295.942</ele>
        <time>2024-12-13T13:03:34Z</time>
      </trkpt>
      <trkpt lat="41.612927" lon="2.378431">
        <ele>296.264</ele>
        <time>2024-12-13T13:03:37Z</time>
      </trkpt>
      <trkpt lat="41.612956" lon="2.378422">
        <ele>296.449</ele>
        <time>2024-12-13T13:03:42Z</time>
      </trkpt>
      <trkpt lat="41.612986" lon="2.378418">
        <ele>296.762</ele>
        <time>2024-12-13T13:03:45Z</time>
      </trkpt>
      <trkpt lat="41.613020" lon="2.378411">
        <ele>297.066</ele>
        <time>2024-12-13T13:03:50Z</time>
      </trkpt>
      <trkpt lat="41.613054" lon="2.378405">
        <ele>297.380</ele>
        <time>2024-12-13T13:03:54Z</time>
      </trkpt>
      <trkpt lat="41.613084" lon="2.378398">
        <ele>297.733</ele>
        <time>2024-12-13T13:03:58Z</time>
      </trkpt>
      <trkpt lat="41.613131" lon="2.378385">
        <ele>298.465</ele>
        <time>2024-12-13T13:04:04Z</time>
      </trkpt>
      <trkpt lat="41.613161" lon="2.378370">
        <ele>298.768</ele>
        <time>2024-12-13T13:04:08Z</time>
      </trkpt>
      <trkpt lat="41.613187" lon="2.378354">
        <ele>298.814</ele>
        <time>2024-12-13T13:04:11Z</time>
      </trkpt>
      <trkpt lat="41.613218" lon="2.378342">
        <ele>299.109</ele>
        <time>2024-12-13T13:04:14Z</time>
      </trkpt>
      <trkpt lat="41.613249" lon="2.378332">
        <ele>299.587</ele>
        <time>2024-12-13T13:04:17Z</time>
      </trkpt>
      <trkpt lat="41.613281" lon="2.378320">
        <ele>299.885</ele>
        <time>2024-12-13T13:04:21Z</time>
      </trkpt>
      <trkpt lat="41.613312" lon="2.378307">
        <ele>300.172</ele>
        <time>2024-12-13T13:04:26Z</time>
      </trkpt>
      <trkpt lat="41.613343" lon="2.378289">
        <ele>300.354</ele>
        <time>2024-12-13T13:04:30Z</time>
      </trkpt>
      <trkpt lat="41.613369" lon="2.378268">
        <ele>300.569</ele>
        <time>2024-12-13T13:04:32Z</time>
      </trkpt>
      <trkpt lat="41.613398" lon="2.378244">
        <ele>300.862</ele>
        <time>2024-12-13T13:04:36Z</time>
      </trkpt>
      <trkpt lat="41.613427" lon="2.378222">
        <ele>301.126</ele>
        <time>2024-12-13T13:04:39Z</time>
      </trkpt>
      <trkpt lat="41.613453" lon="2.378196">
        <ele>301.330</ele>
        <time>2024-12-13T13:04:44Z</time>
      </trkpt>
      <trkpt lat="41.613476" lon="2.378174">
        <ele>301.453</ele>
        <time>2024-12-13T13:04:48Z</time>
      </trkpt>
      <trkpt lat="41.613498" lon="2.378152">
        <ele>301.618</ele>
        <time>2024-12-13T13:04:51Z</time>
      </trkpt>
      <trkpt lat="41.613524" lon="2.378130">
        <ele>301.998</ele>
        <time>2024-12-13T13:04:54Z</time>
      </trkpt>
      <trkpt lat="41.613550" lon="2.378107">
        <ele>302.217</ele>
        <time>2024-12-13T13:04:58Z</time>
      </trkpt>
      <trkpt lat="41.613574" lon="2.378078">
        <ele>302.309</ele>
        <time>2024-12-13T13:05:01Z</time>
      </trkpt>
      <trkpt lat="41.613598" lon="2.378052">
        <ele>302.642</ele>
        <time>2024-12-13T13:05:05Z</time>
      </trkpt>
      <trkpt lat="41.613617" lon="2.378021">
        <ele>302.640</ele>
        <time>2024-12-13T13:05:08Z</time>
      </trkpt>
      <trkpt lat="41.613639" lon="2.377988">
        <ele>302.867</ele>
        <time>2024-12-13T13:05:12Z</time>
      </trkpt>
      <trkpt lat="41.613661" lon="2.377955">
        <ele>302.929</ele>
        <time>2024-12-13T13:05:15Z</time>
      </trkpt>
      <trkpt lat="41.613679" lon="2.377923">
        <ele>302.914</ele>
        <time>2024-12-13T13:05:18Z</time>
      </trkpt>
      <trkpt lat="41.613706" lon="2.377897">
        <ele>303.467</ele>
        <time>2024-12-13T13:05:22Z</time>
      </trkpt>
      <trkpt lat="41.613724" lon="2.377860">
        <ele>303.371</ele>
        <time>2024-12-13T13:05:25Z</time>
      </trkpt>
      <trkpt lat="41.613753" lon="2.377804">
        <ele>303.155</ele>
        <time>2024-12-13T13:05:31Z</time>
      </trkpt>
      <trkpt lat="41.613772" lon="2.377777">
        <ele>303.218</ele>
        <time>2024-12-13T13:05:34Z</time>
      </trkpt>
      <trkpt lat="41.613792" lon="2.377746">
        <ele>303.436</ele>
        <time>2024-12-13T13:05:37Z</time>
      </trkpt>
      <trkpt lat="41.613814" lon="2.377714">
        <ele>303.717</ele>
        <time>2024-12-13T13:05:40Z</time>
      </trkpt>
      <trkpt lat="41.613837" lon="2.377682">
        <ele>303.918</ele>
        <time>2024-12-13T13:05:44Z</time>
      </trkpt>
      <trkpt lat="41.613861" lon="2.377655">
        <ele>304.309</ele>
        <time>2024-12-13T13:05:47Z</time>
      </trkpt>
      <trkpt lat="41.613888" lon="2.377626">
        <ele>304.864</ele>
        <time>2024-12-13T13:05:50Z</time>
      </trkpt>
      <trkpt lat="41.613915" lon="2.377595">
        <ele>305.342</ele>
        <time>2024-12-13T13:05:54Z</time>
      </trkpt>
      <trkpt lat="41.613937" lon="2.377561">
        <ele>305.639</ele>
        <time>2024-12-13T13:05:58Z</time>
      </trkpt>
      <trkpt lat="41.613969" lon="2.377511">
        <ele>305.831</ele>
        <time>2024-12-13T13:06:02Z</time>
      </trkpt>
      <trkpt lat="41.613992" lon="2.377482">
        <ele>306.096</ele>
        <time>2024-12-13T13:06:05Z</time>
      </trkpt>
      <trkpt lat="41.614016" lon="2.377458">
        <ele>306.449</ele>
        <time>2024-12-13T13:06:08Z</time>
      </trkpt>
      <trkpt lat="41.614055" lon="2.377414">
        <ele>306.863</ele>
        <time>2024-12-13T13:06:14Z</time>
      </trkpt>
      <trkpt lat="41.614096" lon="2.377372">
        <ele>307.297</ele>
        <time>2024-12-13T13:06:18Z</time>
      </trkpt>
      <trkpt lat="41.614144" lon="2.377334">
        <ele>307.850</ele>
        <time>2024-12-13T13:06:24Z</time>
      </trkpt>
      <trkpt lat="41.614168" lon="2.377310">
        <ele>307.934</ele>
        <time>2024-12-13T13:06:27Z</time>
      </trkpt>
      <trkpt lat="41.614190" lon="2.377281">
        <ele>308.055</ele>
        <time>2024-12-13T13:06:30Z</time>
      </trkpt>
      <trkpt lat="41.614227" lon="2.377234">
        <ele>308.010</ele>
        <time>2024-12-13T13:06:34Z</time>
      </trkpt>
      <trkpt lat="41.614253" lon="2.377209">
        <ele>308.209</ele>
        <time>2024-12-13T13:06:37Z</time>
      </trkpt>
      <trkpt lat="41.614278" lon="2.377179">
        <ele>308.264</ele>
        <time>2024-12-13T13:06:41Z</time>
      </trkpt>
      <trkpt lat="41.614304" lon="2.377155">
        <ele>308.312</ele>
        <time>2024-12-13T13:06:44Z</time>
      </trkpt>
      <trkpt lat="41.614328" lon="2.377130">
        <ele>308.269</ele>
        <time>2024-12-13T13:06:47Z</time>
      </trkpt>
      <trkpt lat="41.614372" lon="2.377086">
        <ele>308.051</ele>
        <time>2024-12-13T13:06:52Z</time>
      </trkpt>
      <trkpt lat="41.614396" lon="2.377060">
        <ele>307.886</ele>
        <time>2024-12-13T13:06:55Z</time>
      </trkpt>
      <trkpt lat="41.614421" lon="2.377044">
        <ele>307.859</ele>
        <time>2024-12-13T13:06:58Z</time>
      </trkpt>
      <trkpt lat="41.614446" lon="2.377027">
        <ele>307.753</ele>
        <time>2024-12-13T13:07:01Z</time>
      </trkpt>
      <trkpt lat="41.614472" lon="2.377009">
        <ele>307.817</ele>
        <time>2024-12-13T13:07:03Z</time>
      </trkpt>
      <trkpt lat="41.614497" lon="2.376993">
        <ele>307.980</ele>
        <time>2024-12-13T13:07:06Z</time>
      </trkpt>
      <trkpt lat="41.614527" lon="2.376978">
        <ele>308.284</ele>
        <time>2024-12-13T13:07:09Z</time>
      </trkpt>
      <trkpt lat="41.614561" lon="2.376966">
        <ele>308.707</ele>
        <time>2024-12-13T13:07:12Z</time>
      </trkpt>
      <trkpt lat="41.614593" lon="2.376955">
        <ele>309.117</ele>
        <time>2024-12-13T13:07:15Z</time>
      </trkpt>
      <trkpt lat="41.614623" lon="2.376937">
        <ele>309.309</ele>
        <time>2024-12-13T13:07:19Z</time>
      </trkpt>
      <trkpt lat="41.614653" lon="2.376926">
        <ele>309.639</ele>
        <time>2024-12-13T13:07:22Z</time>
      </trkpt>
      <trkpt lat="41.614685" lon="2.376915">
        <ele>310.097</ele>
        <time>2024-12-13T13:07:25Z</time>
      </trkpt>
      <trkpt lat="41.614715" lon="2.376906">
        <ele>310.334</ele>
        <time>2024-12-13T13:07:28Z</time>
      </trkpt>
      <trkpt lat="41.614749" lon="2.376896">
        <ele>310.246</ele>
        <time>2024-12-13T13:07:31Z</time>
      </trkpt>
      <trkpt lat="41.614779" lon="2.376884">
        <ele>309.851</ele>
        <time>2024-12-13T13:07:34Z</time>
      </trkpt>
      <trkpt lat="41.614810" lon="2.376874">
        <ele>309.544</ele>
        <time>2024-12-13T13:07:37Z</time>
      </trkpt>
      <trkpt lat="41.614836" lon="2.376862">
        <ele>309.168</ele>
        <time>2024-12-13T13:07:39Z</time>
      </trkpt>
      <trkpt lat="41.614868" lon="2.376849">
        <ele>308.722</ele>
        <time>2024-12-13T13:07:43Z</time>
      </trkpt>
      <trkpt lat="41.614899" lon="2.376837">
        <ele>308.485</ele>
        <time>2024-12-13T13:07:45Z</time>
      </trkpt>
      <trkpt lat="41.614947" lon="2.376816">
        <ele>307.717</ele>
        <time>2024-12-13T13:07:50Z</time>
      </trkpt>
      <trkpt lat="41.614999" lon="2.376809">
        <ele>307.687</ele>
        <time>2024-12-13T13:07:55Z</time>
      </trkpt>
      <trkpt lat="41.615027" lon="2.376797">
        <ele>307.415</ele>
        <time>2024-12-13T13:07:58Z</time>
      </trkpt>
      <trkpt lat="41.615079" lon="2.376777">
        <ele>307.209</ele>
        <time>2024-12-13T13:08:03Z</time>
      </trkpt>
      <trkpt lat="41.615125" lon="2.376755">
        <ele>306.792</ele>
        <time>2024-12-13T13:08:07Z</time>
      </trkpt>
      <trkpt lat="41.615155" lon="2.376738">
        <ele>306.270</ele>
        <time>2024-12-13T13:08:11Z</time>
      </trkpt>
      <trkpt lat="41.615185" lon="2.376720">
        <ele>305.727</ele>
        <time>2024-12-13T13:08:14Z</time>
      </trkpt>
      <trkpt lat="41.615212" lon="2.376706">
        <ele>305.379</ele>
        <time>2024-12-13T13:08:16Z</time>
      </trkpt>
      <trkpt lat="41.615241" lon="2.376693">
        <ele>304.944</ele>
        <time>2024-12-13T13:08:19Z</time>
      </trkpt>
      <trkpt lat="41.615268" lon="2.376683">
        <ele>304.767</ele>
        <time>2024-12-13T13:08:22Z</time>
      </trkpt>
      <trkpt lat="41.615300" lon="2.376675">
        <ele>304.641</ele>
        <time>2024-12-13T13:08:25Z</time>
      </trkpt>
      <trkpt lat="41.615333" lon="2.376661">
        <ele>304.485</ele>
        <time>2024-12-13T13:08:28Z</time>
      </trkpt>
      <trkpt lat="41.615363" lon="2.376653">
        <ele>304.498</ele>
        <time>2024-12-13T13:08:31Z</time>
      </trkpt>
      <trkpt lat="41.615393" lon="2.376645">
        <ele>304.414</ele>
        <time>2024-12-13T13:08:34Z</time>
      </trkpt>
      <trkpt lat="41.615423" lon="2.376639">
        <ele>304.554</ele>
        <time>2024-12-13T13:08:37Z</time>
      </trkpt>
      <trkpt lat="41.615452" lon="2.376634">
        <ele>304.609</ele>
        <time>2024-12-13T13:08:40Z</time>
      </trkpt>
      <trkpt lat="41.615482" lon="2.376627">
        <ele>304.709</ele>
        <time>2024-12-13T13:08:43Z</time>
      </trkpt>
      <trkpt lat="41.615531" lon="2.376631">
        <ele>305.332</ele>
        <time>2024-12-13T13:08:47Z</time>
      </trkpt>
      <trkpt lat="41.615563" lon="2.376624">
        <ele>305.590</ele>
        <time>2024-12-13T13:08:50Z</time>
      </trkpt>
      <trkpt lat="41.615597" lon="2.376615">
        <ele>305.847</ele>
        <time>2024-12-13T13:08:53Z</time>
      </trkpt>
      <trkpt lat="41.615631" lon="2.376599">
        <ele>305.959</ele>
        <time>2024-12-13T13:08:57Z</time>
      </trkpt>
      <trkpt lat="41.615663" lon="2.376586">
        <ele>306.044</ele>
        <time>2024-12-13T13:09:00Z</time>
      </trkpt>
      <trkpt lat="41.615691" lon="2.376576">
        <ele>306.267</ele>
        <time>2024-12-13T13:09:02Z</time>
      </trkpt>
      <trkpt lat="41.615723" lon="2.376569">
        <ele>306.551</ele>
        <time>2024-12-13T13:09:06Z</time>
      </trkpt>
      <trkpt lat="41.615750" lon="2.376564">
        <ele>306.915</ele>
        <time>2024-12-13T13:09:08Z</time>
      </trkpt>
      <trkpt lat="41.615808" lon="2.376547">
        <ele>307.318</ele>
        <time>2024-12-13T13:09:13Z</time>
      </trkpt>
      <trkpt lat="41.615838" lon="2.376541">
        <ele>307.775</ele>
        <time>2024-12-13T13:09:16Z</time>
      </trkpt>
      <trkpt lat="41.615868" lon="2.376531">
        <ele>307.928</ele>
        <time>2024-12-13T13:09:19Z</time>
      </trkpt>
      <trkpt lat="41.615899" lon="2.376520">
        <ele>308.120</ele>
        <time>2024-12-13T13:09:22Z</time>
      </trkpt>
      <trkpt lat="41.615929" lon="2.376508">
        <ele>308.209</ele>
        <time>2024-12-13T13:09:25Z</time>
      </trkpt>
      <trkpt lat="41.615959" lon="2.376498">
        <ele>308.468</ele>
        <time>2024-12-13T13:09:28Z</time>
      </trkpt>
      <trkpt lat="41.615987" lon="2.376490">
        <ele>308.756</ele>
        <time>2024-12-13T13:09:31Z</time>
      </trkpt>
      <trkpt lat="41.616019" lon="2.376488">
        <ele>309.363</ele>
        <time>2024-12-13T13:09:34Z</time>
      </trkpt>
      <trkpt lat="41.616051" lon="2.376483">
        <ele>309.855</ele>
        <time>2024-12-13T13:09:37Z</time>
      </trkpt>
      <trkpt lat="41.616080" lon="2.376476">
        <ele>310.120</ele>
        <time>2024-12-13T13:09:39Z</time>
      </trkpt>
      <trkpt lat="41.616129" lon="2.376455">
        <ele>309.923</ele>
        <time>2024-12-13T13:09:44Z</time>
      </trkpt>
      <trkpt lat="41.616180" lon="2.376431">
        <ele>309.047</ele>
        <time>2024-12-13T13:09:49Z</time>
      </trkpt>
      <trkpt lat="41.616204" lon="2.376412">
        <ele>308.321</ele>
        <time>2024-12-13T13:09:53Z</time>
      </trkpt>
      <trkpt lat="41.616229" lon="2.376393">
        <ele>307.694</ele>
        <time>2024-12-13T13:09:56Z</time>
      </trkpt>
      <trkpt lat="41.616255" lon="2.376369">
        <ele>306.796</ele>
        <time>2024-12-13T13:09:59Z</time>
      </trkpt>
      <trkpt lat="41.616276" lon="2.376339">
        <ele>305.731</ele>
        <time>2024-12-13T13:10:03Z</time>
      </trkpt>
      <trkpt lat="41.616302" lon="2.376316">
        <ele>304.924</ele>
        <time>2024-12-13T13:10:07Z</time>
      </trkpt>
      <trkpt lat="41.616329" lon="2.376292">
        <ele>304.109</ele>
        <time>2024-12-13T13:10:10Z</time>
      </trkpt>
      <trkpt lat="41.616358" lon="2.376277">
        <ele>303.830</ele>
        <time>2024-12-13T13:10:13Z</time>
      </trkpt>
      <trkpt lat="41.616386" lon="2.376260">
        <ele>303.318</ele>
        <time>2024-12-13T13:10:16Z</time>
      </trkpt>
      <trkpt lat="41.616410" lon="2.376243">
        <ele>302.865</ele>
        <time>2024-12-13T13:10:19Z</time>
      </trkpt>
      <trkpt lat="41.616447" lon="2.376208">
        <ele>301.867</ele>
        <time>2024-12-13T13:10:27Z</time>
      </trkpt>
      <trkpt lat="41.616480" lon="2.376184">
        <ele>301.132</ele>
        <time>2024-12-13T13:10:32Z</time>
      </trkpt>
      <trkpt lat="41.616507" lon="2.376166">
        <ele>300.735</ele>
        <time>2024-12-13T13:10:35Z</time>
      </trkpt>
      <trkpt lat="41.616542" lon="2.376145">
        <ele>300.249</ele>
        <time>2024-12-13T13:10:41Z</time>
      </trkpt>
      <trkpt lat="41.616591" lon="2.376117">
        <ele>299.693</ele>
        <time>2024-12-13T13:10:46Z</time>
      </trkpt>
      <trkpt lat="41.616620" lon="2.376097">
        <ele>299.266</ele>
        <time>2024-12-13T13:10:51Z</time>
      </trkpt>
      <trkpt lat="41.616650" lon="2.376087">
        <ele>299.193</ele>
        <time>2024-12-13T13:10:54Z</time>
      </trkpt>
      <trkpt lat="41.616676" lon="2.376076">
        <ele>298.865</ele>
        <time>2024-12-13T13:10:57Z</time>
      </trkpt>
      <trkpt lat="41.616705" lon="2.376063">
        <ele>298.121</ele>
        <time>2024-12-13T13:11:00Z</time>
      </trkpt>
      <trkpt lat="41.616757" lon="2.376041">
        <ele>297.109</ele>
        <time>2024-12-13T13:11:05Z</time>
      </trkpt>
      <trkpt lat="41.616788" lon="2.376023">
        <ele>296.420</ele>
        <time>2024-12-13T13:11:08Z</time>
      </trkpt>
      <trkpt lat="41.616816" lon="2.376003">
        <ele>295.748</ele>
        <time>2024-12-13T13:11:11Z</time>
      </trkpt>
      <trkpt lat="41.616844" lon="2.375984">
        <ele>295.165</ele>
        <time>2024-12-13T13:11:14Z</time>
      </trkpt>
      <trkpt lat="41.616868" lon="2.375954">
        <ele>294.467</ele>
        <time>2024-12-13T13:11:17Z</time>
      </trkpt>
      <trkpt lat="41.616888" lon="2.375923">
        <ele>293.722</ele>
        <time>2024-12-13T13:11:19Z</time>
      </trkpt>
      <trkpt lat="41.616932" lon="2.375911">
        <ele>293.485</ele>
        <time>2024-12-13T13:11:24Z</time>
      </trkpt>
      <trkpt lat="41.616957" lon="2.375875">
        <ele>292.719</ele>
        <time>2024-12-13T13:11:27Z</time>
      </trkpt>
      <trkpt lat="41.616986" lon="2.375830">
        <ele>292.013</ele>
        <time>2024-12-13T13:11:31Z</time>
      </trkpt>
      <trkpt lat="41.617021" lon="2.375786">
        <ele>291.716</ele>
        <time>2024-12-13T13:11:36Z</time>
      </trkpt>
      <trkpt lat="41.617048" lon="2.375773">
        <ele>291.636</ele>
        <time>2024-12-13T13:11:38Z</time>
      </trkpt>
      <trkpt lat="41.617093" lon="2.375731">
        <ele>291.317</ele>
        <time>2024-12-13T13:11:44Z</time>
      </trkpt>
      <trkpt lat="41.617110" lon="2.375702">
        <ele>291.118</ele>
        <time>2024-12-13T13:11:47Z</time>
      </trkpt>
      <trkpt lat="41.617129" lon="2.375676">
        <ele>290.909</ele>
        <time>2024-12-13T13:11:49Z</time>
      </trkpt>
      <trkpt lat="41.617160" lon="2.375646">
        <ele>290.734</ele>
        <time>2024-12-13T13:11:53Z</time>
      </trkpt>
      <trkpt lat="41.617189" lon="2.375622">
        <ele>290.522</ele>
        <time>2024-12-13T13:11:57Z</time>
      </trkpt>
      <trkpt lat="41.617216" lon="2.375609">
        <ele>290.489</ele>
        <time>2024-12-13T13:11:59Z</time>
      </trkpt>
      <trkpt lat="41.617243" lon="2.375579">
        <ele>289.981</ele>
        <time>2024-12-13T13:12:02Z</time>
      </trkpt>
      <trkpt lat="41.617280" lon="2.375530">
        <ele>289.496</ele>
        <time>2024-12-13T13:12:07Z</time>
      </trkpt>
      <trkpt lat="41.617328" lon="2.375547">
        <ele>288.999</ele>
        <time>2024-12-13T13:12:12Z</time>
      </trkpt>
      <trkpt lat="41.617355" lon="2.375548">
        <ele>288.673</ele>
        <time>2024-12-13T13:12:14Z</time>
      </trkpt>
      <trkpt lat="41.617368" lon="2.375612">
        <ele>288.747</ele>
        <time>2024-12-13T13:12:24Z</time>
      </trkpt>
      <trkpt lat="41.617373" lon="2.375651">
        <ele>288.950</ele>
        <time>2024-12-13T13:12:27Z</time>
      </trkpt>
      <trkpt lat="41.617370" lon="2.375720">
        <ele>289.336</ele>
        <time>2024-12-13T13:12:33Z</time>
      </trkpt>
      <trkpt lat="41.617365" lon="2.375761">
        <ele>289.617</ele>
        <time>2024-12-13T13:12:36Z</time>
      </trkpt>
      <trkpt lat="41.617353" lon="2.375799">
        <ele>289.918</ele>
        <time>2024-12-13T13:12:39Z</time>
      </trkpt>
      <trkpt lat="41.617341" lon="2.375832">
        <ele>290.309</ele>
        <time>2024-12-13T13:12:42Z</time>
      </trkpt>
      <trkpt lat="41.617322" lon="2.375870">
        <ele>291.264</ele>
        <time>2024-12-13T13:12:47Z</time>
      </trkpt>
      <trkpt lat="41.617301" lon="2.375901">
        <ele>292.022</ele>
        <time>2024-12-13T13:12:53Z</time>
      </trkpt>
      <trkpt lat="41.617321" lon="2.375952">
        <ele>292.729</ele>
        <time>2024-12-13T13:12:57Z</time>
      </trkpt>
      <trkpt lat="41.617357" lon="2.375972">
        <ele>292.881</ele>
        <time>2024-12-13T13:13:06Z</time>
      </trkpt>
      <trkpt lat="41.617394" lon="2.376000">
        <ele>293.096</ele>
        <time>2024-12-13T13:13:11Z</time>
      </trkpt>
      <trkpt lat="41.617442" lon="2.376040">
        <ele>293.659</ele>
        <time>2024-12-13T13:13:21Z</time>
      </trkpt>
      <trkpt lat="41.617469" lon="2.376105">
        <ele>295.063</ele>
        <time>2024-12-13T13:13:28Z</time>
      </trkpt>
      <trkpt lat="41.617484" lon="2.376143">
        <ele>296.297</ele>
        <time>2024-12-13T13:13:39Z</time>
      </trkpt>
      <trkpt lat="41.617499" lon="2.376180">
        <ele>297.570</ele>
        <time>2024-12-13T13:13:48Z</time>
      </trkpt>
      <trkpt lat="41.617508" lon="2.376216">
        <ele>298.767</ele>
        <time>2024-12-13T13:13:51Z</time>
      </trkpt>
      <trkpt lat="41.617515" lon="2.376257">
        <ele>300.081</ele>
        <time>2024-12-13T13:13:54Z</time>
      </trkpt>
      <trkpt lat="41.617547" lon="2.376275">
        <ele>300.219</ele>
        <time>2024-12-13T13:13:57Z</time>
      </trkpt>
      <trkpt lat="41.617592" lon="2.376286">
        <ele>300.009</ele>
        <time>2024-12-13T13:14:01Z</time>
      </trkpt>
      <trkpt lat="41.617620" lon="2.376290">
        <ele>299.717</ele>
        <time>2024-12-13T13:14:04Z</time>
      </trkpt>
      <trkpt lat="41.617651" lon="2.376292">
        <ele>299.395</ele>
        <time>2024-12-13T13:14:07Z</time>
      </trkpt>
      <trkpt lat="41.617685" lon="2.376297">
        <ele>299.062</ele>
        <time>2024-12-13T13:14:10Z</time>
      </trkpt>
      <trkpt lat="41.617718" lon="2.376300">
        <ele>298.744</ele>
        <time>2024-12-13T13:14:13Z</time>
      </trkpt>
      <trkpt lat="41.617750" lon="2.376301">
        <ele>298.279</ele>
        <time>2024-12-13T13:14:16Z</time>
      </trkpt>
      <trkpt lat="41.617779" lon="2.376307">
        <ele>298.032</ele>
        <time>2024-12-13T13:14:18Z</time>
      </trkpt>
      <trkpt lat="41.617808" lon="2.376310">
        <ele>297.736</ele>
        <time>2024-12-13T13:14:21Z</time>
      </trkpt>
      <trkpt lat="41.617837" lon="2.376320">
        <ele>297.630</ele>
        <time>2024-12-13T13:14:23Z</time>
      </trkpt>
      <trkpt lat="41.617870" lon="2.376323">
        <ele>297.193</ele>
        <time>2024-12-13T13:14:26Z</time>
      </trkpt>
      <trkpt lat="41.617901" lon="2.376336">
        <ele>297.019</ele>
        <time>2024-12-13T13:14:29Z</time>
      </trkpt>
      <trkpt lat="41.617934" lon="2.376341">
        <ele>296.709</ele>
        <time>2024-12-13T13:14:32Z</time>
      </trkpt>
      <trkpt lat="41.617961" lon="2.376354">
        <ele>296.619</ele>
        <time>2024-12-13T13:14:35Z</time>
      </trkpt>
      <trkpt lat="41.617991" lon="2.376364">
        <ele>296.409</ele>
        <time>2024-12-13T13:14:38Z</time>
      </trkpt>
      <trkpt lat="41.618018" lon="2.376371">
        <ele>296.152</ele>
        <time>2024-12-13T13:14:40Z</time>
      </trkpt>
      <trkpt lat="41.618048" lon="2.376379">
        <ele>295.810</ele>
        <time>2024-12-13T13:14:43Z</time>
      </trkpt>
      <trkpt lat="41.618075" lon="2.376393">
        <ele>295.767</ele>
        <time>2024-12-13T13:14:46Z</time>
      </trkpt>
      <trkpt lat="41.618104" lon="2.376404">
        <ele>295.459</ele>
        <time>2024-12-13T13:14:49Z</time>
      </trkpt>
      <trkpt lat="41.618135" lon="2.376411">
        <ele>294.944</ele>
        <time>2024-12-13T13:14:52Z</time>
      </trkpt>
      <trkpt lat="41.618167" lon="2.376432">
        <ele>294.857</ele>
        <time>2024-12-13T13:14:55Z</time>
      </trkpt>
      <trkpt lat="41.618201" lon="2.376448">
        <ele>294.651</ele>
        <time>2024-12-13T13:14:59Z</time>
      </trkpt>
      <trkpt lat="41.618229" lon="2.376459">
        <ele>294.385</ele>
        <time>2024-12-13T13:15:01Z</time>
      </trkpt>
      <trkpt lat="41.618257" lon="2.376470">
        <ele>294.068</ele>
        <time>2024-12-13T13:15:04Z</time>
      </trkpt>
      <trkpt lat="41.618313" lon="2.376491">
        <ele>293.442</ele>
        <time>2024-12-13T13:15:10Z</time>
      </trkpt>
      <trkpt lat="41.618348" lon="2.376506">
        <ele>293.122</ele>
        <time>2024-12-13T13:15:13Z</time>
      </trkpt>
      <trkpt lat="41.618397" lon="2.376521">
        <ele>292.814</ele>
        <time>2024-12-13T13:15:18Z</time>
      </trkpt>
      <trkpt lat="41.618425" lon="2.376528">
        <ele>292.509</ele>
        <time>2024-12-13T13:15:20Z</time>
      </trkpt>
      <trkpt lat="41.618455" lon="2.376535">
        <ele>292.285</ele>
        <time>2024-12-13T13:15:23Z</time>
      </trkpt>
      <trkpt lat="41.618484" lon="2.376544">
        <ele>292.043</ele>
        <time>2024-12-13T13:15:26Z</time>
      </trkpt>
      <trkpt lat="41.618513" lon="2.376550">
        <ele>291.740</ele>
        <time>2024-12-13T13:15:28Z</time>
      </trkpt>
      <trkpt lat="41.618543" lon="2.376559">
        <ele>291.442</ele>
        <time>2024-12-13T13:15:31Z</time>
      </trkpt>
      <trkpt lat="41.618576" lon="2.376561">
        <ele>290.967</ele>
        <time>2024-12-13T13:15:34Z</time>
      </trkpt>
      <trkpt lat="41.618607" lon="2.376563">
        <ele>290.540</ele>
        <time>2024-12-13T13:15:37Z</time>
      </trkpt>
      <trkpt lat="41.618639" lon="2.376569">
        <ele>290.454</ele>
        <time>2024-12-13T13:15:40Z</time>
      </trkpt>
      <trkpt lat="41.618670" lon="2.376572">
        <ele>290.348</ele>
        <time>2024-12-13T13:15:43Z</time>
      </trkpt>
      <trkpt lat="41.618700" lon="2.376577">
        <ele>290.351</ele>
        <time>2024-12-13T13:15:45Z</time>
      </trkpt>
      <trkpt lat="41.618728" lon="2.376588">
        <ele>290.461</ele>
        <time>2024-12-13T13:15:48Z</time>
      </trkpt>
      <trkpt lat="41.618785" lon="2.376598">
        <ele>290.321</ele>
        <time>2024-12-13T13:15:53Z</time>
      </trkpt>
      <trkpt lat="41.618820" lon="2.376603">
        <ele>290.213</ele>
        <time>2024-12-13T13:15:56Z</time>
      </trkpt>
      <trkpt lat="41.618849" lon="2.376616">
        <ele>290.309</ele>
        <time>2024-12-13T13:15:59Z</time>
      </trkpt>
      <trkpt lat="41.618882" lon="2.376624">
        <ele>290.377</ele>
        <time>2024-12-13T13:16:02Z</time>
      </trkpt>
      <trkpt lat="41.618915" lon="2.376638">
        <ele>289.735</ele>
        <time>2024-12-13T13:16:05Z</time>
      </trkpt>
      <trkpt lat="41.618941" lon="2.376648">
        <ele>289.252</ele>
        <time>2024-12-13T13:16:08Z</time>
      </trkpt>
      <trkpt lat="41.618967" lon="2.376666">
        <ele>288.714</ele>
        <time>2024-12-13T13:16:10Z</time>
      </trkpt>
      <trkpt lat="41.618988" lon="2.376690">
        <ele>288.389</ele>
        <time>2024-12-13T13:16:13Z</time>
      </trkpt>
      <trkpt lat="41.619020" lon="2.376704">
        <ele>287.622</ele>
        <time>2024-12-13T13:16:16Z</time>
      </trkpt>
      <trkpt lat="41.619048" lon="2.376725">
        <ele>287.046</ele>
        <time>2024-12-13T13:16:19Z</time>
      </trkpt>
      <trkpt lat="41.619076" lon="2.376749">
        <ele>286.410</ele>
        <time>2024-12-13T13:16:22Z</time>
      </trkpt>
      <trkpt lat="41.619101" lon="2.376770">
        <ele>285.963</ele>
        <time>2024-12-13T13:16:25Z</time>
      </trkpt>
      <trkpt lat="41.619129" lon="2.376788">
        <ele>285.355</ele>
        <time>2024-12-13T13:16:28Z</time>
      </trkpt>
      <trkpt lat="41.619155" lon="2.376808">
        <ele>284.807</ele>
        <time>2024-12-13T13:16:31Z</time>
      </trkpt>
      <trkpt lat="41.619172" lon="2.376873">
        <ele>285.017</ele>
        <time>2024-12-13T13:16:36Z</time>
      </trkpt>
      <trkpt lat="41.619175" lon="2.376913">
        <ele>285.209</ele>
        <time>2024-12-13T13:16:39Z</time>
      </trkpt>
      <trkpt lat="41.619186" lon="2.376952">
        <ele>285.126</ele>
        <time>2024-12-13T13:16:41Z</time>
      </trkpt>
      <trkpt lat="41.619202" lon="2.376986">
        <ele>284.834</ele>
        <time>2024-12-13T13:16:44Z</time>
      </trkpt>
      <trkpt lat="41.619219" lon="2.377018">
        <ele>284.541</ele>
        <time>2024-12-13T13:16:47Z</time>
      </trkpt>
      <trkpt lat="41.619239" lon="2.377060">
        <ele>284.173</ele>
        <time>2024-12-13T13:16:51Z</time>
      </trkpt>
      <trkpt lat="41.619254" lon="2.377098">
        <ele>284.028</ele>
        <time>2024-12-13T13:16:54Z</time>
      </trkpt>
      <trkpt lat="41.619274" lon="2.377131">
        <ele>283.541</ele>
        <time>2024-12-13T13:16:56Z</time>
      </trkpt>
      <trkpt lat="41.619283" lon="2.377168">
        <ele>283.765</ele>
        <time>2024-12-13T13:16:59Z</time>
      </trkpt>
      <trkpt lat="41.619302" lon="2.377207">
        <ele>283.429</ele>
        <time>2024-12-13T13:17:03Z</time>
      </trkpt>
      <trkpt lat="41.619310" lon="2.377253">
        <ele>284.072</ele>
        <time>2024-12-13T13:17:06Z</time>
      </trkpt>
      <trkpt lat="41.619323" lon="2.377291">
        <ele>284.281</ele>
        <time>2024-12-13T13:17:08Z</time>
      </trkpt>
      <trkpt lat="41.619336" lon="2.377329">
        <ele>284.461</ele>
        <time>2024-12-13T13:17:11Z</time>
      </trkpt>
      <trkpt lat="41.619347" lon="2.377377">
        <ele>284.917</ele>
        <time>2024-12-13T13:17:14Z</time>
      </trkpt>
      <trkpt lat="41.619356" lon="2.377419">
        <ele>285.409</ele>
        <time>2024-12-13T13:17:17Z</time>
      </trkpt>
      <trkpt lat="41.619366" lon="2.377462">
        <ele>285.999</ele>
        <time>2024-12-13T13:17:21Z</time>
      </trkpt>
      <trkpt lat="41.619383" lon="2.377531">
        <ele>286.617</ele>
        <time>2024-12-13T13:17:26Z</time>
      </trkpt>
      <trkpt lat="41.619392" lon="2.377576">
        <ele>287.164</ele>
        <time>2024-12-13T13:17:29Z</time>
      </trkpt>
      <trkpt lat="41.619401" lon="2.377617">
        <ele>287.666</ele>
        <time>2024-12-13T13:17:32Z</time>
      </trkpt>
      <trkpt lat="41.619408" lon="2.377668">
        <ele>288.421</ele>
        <time>2024-12-13T13:17:36Z</time>
      </trkpt>
      <trkpt lat="41.619434" lon="2.377732">
        <ele>288.594</ele>
        <time>2024-12-13T13:17:41Z</time>
      </trkpt>
      <trkpt lat="41.619450" lon="2.377768">
        <ele>288.618</ele>
        <time>2024-12-13T13:17:44Z</time>
      </trkpt>
      <trkpt lat="41.619464" lon="2.377799">
        <ele>289.092</ele>
        <time>2024-12-13T13:17:46Z</time>
      </trkpt>
      <trkpt lat="41.619494" lon="2.377855">
        <ele>289.875</ele>
        <time>2024-12-13T13:17:51Z</time>
      </trkpt>
      <trkpt lat="41.619512" lon="2.377889">
        <ele>290.244</ele>
        <time>2024-12-13T13:17:54Z</time>
      </trkpt>
      <trkpt lat="41.619533" lon="2.377928">
        <ele>290.505</ele>
        <time>2024-12-13T13:17:57Z</time>
      </trkpt>
      <trkpt lat="41.619551" lon="2.377962">
        <ele>290.815</ele>
        <time>2024-12-13T13:18:00Z</time>
      </trkpt>
      <trkpt lat="41.619581" lon="2.378014">
        <ele>290.909</ele>
        <time>2024-12-13T13:18:05Z</time>
      </trkpt>
      <trkpt lat="41.619611" lon="2.378057">
        <ele>290.785</ele>
        <time>2024-12-13T13:18:09Z</time>
      </trkpt>
      <trkpt lat="41.619636" lon="2.378084">
        <ele>290.343</ele>
        <time>2024-12-13T13:18:13Z</time>
      </trkpt>
      <trkpt lat="41.619660" lon="2.378111">
        <ele>290.020</ele>
        <time>2024-12-13T13:18:16Z</time>
      </trkpt>
      <trkpt lat="41.619687" lon="2.378135">
        <ele>289.682</ele>
        <time>2024-12-13T13:18:19Z</time>
      </trkpt>
      <trkpt lat="41.619718" lon="2.378150">
        <ele>288.647</ele>
        <time>2024-12-13T13:18:22Z</time>
      </trkpt>
      <trkpt lat="41.619748" lon="2.378162">
        <ele>288.180</ele>
        <time>2024-12-13T13:18:26Z</time>
      </trkpt>
      <trkpt lat="41.619791" lon="2.378203">
        <ele>288.384</ele>
        <time>2024-12-13T13:18:31Z</time>
      </trkpt>
      <trkpt lat="41.619816" lon="2.378226">
        <ele>288.448</ele>
        <time>2024-12-13T13:18:34Z</time>
      </trkpt>
      <trkpt lat="41.619845" lon="2.378241">
        <ele>288.141</ele>
        <time>2024-12-13T13:18:36Z</time>
      </trkpt>
      <trkpt lat="41.619873" lon="2.378257">
        <ele>287.944</ele>
        <time>2024-12-13T13:18:39Z</time>
      </trkpt>
      <trkpt lat="41.619924" lon="2.378281">
        <ele>287.305</ele>
        <time>2024-12-13T13:18:44Z</time>
      </trkpt>
      <trkpt lat="41.619953" lon="2.378293">
        <ele>286.915</ele>
        <time>2024-12-13T13:18:47Z</time>
      </trkpt>
      <trkpt lat="41.620007" lon="2.378289">
        <ele>285.209</ele>
        <time>2024-12-13T13:18:53Z</time>
      </trkpt>
      <trkpt lat="41.620036" lon="2.378302">
        <ele>284.825</ele>
        <time>2024-12-13T13:18:56Z</time>
      </trkpt>
      <trkpt lat="41.620065" lon="2.378320">
        <ele>284.693</ele>
        <time>2024-12-13T13:18:59Z</time>
      </trkpt>
      <trkpt lat="41.620101" lon="2.378340">
        <ele>284.340</ele>
        <time>2024-12-13T13:19:02Z</time>
      </trkpt>
      <trkpt lat="41.620129" lon="2.378354">
        <ele>284.152</ele>
        <time>2024-12-13T13:19:05Z</time>
      </trkpt>
      <trkpt lat="41.620156" lon="2.378365">
        <ele>283.797</ele>
        <time>2024-12-13T13:19:08Z</time>
      </trkpt>
      <trkpt lat="41.620180" lon="2.378382">
        <ele>283.730</ele>
        <time>2024-12-13T13:19:11Z</time>
      </trkpt>
      <trkpt lat="41.620232" lon="2.378397">
        <ele>283.074</ele>
        <time>2024-12-13T13:19:18Z</time>
      </trkpt>
      <trkpt lat="41.620263" lon="2.378410">
        <ele>282.768</ele>
        <time>2024-12-13T13:19:21Z</time>
      </trkpt>
      <trkpt lat="41.620290" lon="2.378420">
        <ele>282.341</ele>
        <time>2024-12-13T13:19:23Z</time>
      </trkpt>
      <trkpt lat="41.620318" lon="2.378427">
        <ele>281.727</ele>
        <time>2024-12-13T13:19:27Z</time>
      </trkpt>
      <trkpt lat="41.620348" lon="2.378438">
        <ele>281.268</ele>
        <time>2024-12-13T13:19:29Z</time>
      </trkpt>
      <trkpt lat="41.620382" lon="2.378446">
        <ele>280.314</ele>
        <time>2024-12-13T13:19:33Z</time>
      </trkpt>
      <trkpt lat="41.620408" lon="2.378463">
        <ele>280.209</ele>
        <time>2024-12-13T13:19:36Z</time>
      </trkpt>
      <trkpt lat="41.620461" lon="2.378498">
        <ele>279.843</ele>
        <time>2024-12-13T13:19:42Z</time>
      </trkpt>
      <trkpt lat="41.620490" lon="2.378514">
        <ele>279.431</ele>
        <time>2024-12-13T13:19:45Z</time>
      </trkpt>
      <trkpt lat="41.620519" lon="2.378527">
        <ele>278.958</ele>
        <time>2024-12-13T13:19:48Z</time>
      </trkpt>
      <trkpt lat="41.620567" lon="2.378553">
        <ele>278.520</ele>
        <time>2024-12-13T13:19:54Z</time>
      </trkpt>
      <trkpt lat="41.620600" lon="2.378559">
        <ele>278.155</ele>
        <time>2024-12-13T13:19:57Z</time>
      </trkpt>
      <trkpt lat="41.620632" lon="2.378562">
        <ele>277.698</ele>
        <time>2024-12-13T13:20:01Z</time>
      </trkpt>
      <trkpt lat="41.620679" lon="2.378568">
        <ele>276.872</ele>
        <time>2024-12-13T13:20:05Z</time>
      </trkpt>
      <trkpt lat="41.620708" lon="2.378568">
        <ele>276.336</ele>
        <time>2024-12-13T13:20:09Z</time>
      </trkpt>
      <trkpt lat="41.620762" lon="2.378556">
        <ele>274.839</ele>
        <time>2024-12-13T13:20:15Z</time>
      </trkpt>
      <trkpt lat="41.620793" lon="2.378541">
        <ele>273.712</ele>
        <time>2024-12-13T13:20:18Z</time>
      </trkpt>
      <trkpt lat="41.620839" lon="2.378508">
        <ele>272.132</ele>
        <time>2024-12-13T13:20:23Z</time>
      </trkpt>
      <trkpt lat="41.620870" lon="2.378480">
        <ele>271.405</ele>
        <time>2024-12-13T13:20:26Z</time>
      </trkpt>
      <trkpt lat="41.620899" lon="2.378449">
        <ele>270.709</ele>
        <time>2024-12-13T13:20:30Z</time>
      </trkpt>
      <trkpt lat="41.620946" lon="2.378421">
        <ele>270.462</ele>
        <time>2024-12-13T13:20:35Z</time>
      </trkpt>
      <trkpt lat="41.620969" lon="2.378394">
        <ele>269.920</ele>
        <time>2024-12-13T13:20:38Z</time>
      </trkpt>
      <trkpt lat="41.620990" lon="2.378367">
        <ele>269.547</ele>
        <time>2024-12-13T13:20:41Z</time>
      </trkpt>
      <trkpt lat="41.621012" lon="2.378342">
        <ele>269.199</ele>
        <time>2024-12-13T13:20:44Z</time>
      </trkpt>
      <trkpt lat="41.621034" lon="2.378319">
        <ele>268.844</ele>
        <time>2024-12-13T13:20:47Z</time>
      </trkpt>
      <trkpt lat="41.621060" lon="2.378291">
        <ele>268.537</ele>
        <time>2024-12-13T13:20:50Z</time>
      </trkpt>
      <trkpt lat="41.621087" lon="2.378266">
        <ele>268.211</ele>
        <time>2024-12-13T13:20:53Z</time>
      </trkpt>
      <trkpt lat="41.621113" lon="2.378241">
        <ele>268.015</ele>
        <time>2024-12-13T13:20:56Z</time>
      </trkpt>
      <trkpt lat="41.621137" lon="2.378223">
        <ele>267.868</ele>
        <time>2024-12-13T13:20:59Z</time>
      </trkpt>
      <trkpt lat="41.621155" lon="2.378195">
        <ele>267.468</ele>
        <time>2024-12-13T13:21:02Z</time>
      </trkpt>
      <trkpt lat="41.621193" lon="2.378145">
        <ele>266.742</ele>
        <time>2024-12-13T13:21:08Z</time>
      </trkpt>
      <trkpt lat="41.621217" lon="2.378120">
        <ele>266.426</ele>
        <time>2024-12-13T13:21:10Z</time>
      </trkpt>
      <trkpt lat="41.621242" lon="2.378101">
        <ele>266.309</ele>
        <time>2024-12-13T13:21:14Z</time>
      </trkpt>
      <trkpt lat="41.621271" lon="2.378079">
        <ele>266.297</ele>
        <time>2024-12-13T13:21:17Z</time>
      </trkpt>
      <trkpt lat="41.621292" lon="2.378054">
        <ele>265.945</ele>
        <time>2024-12-13T13:21:20Z</time>
      </trkpt>
      <trkpt lat="41.621315" lon="2.378028">
        <ele>265.452</ele>
        <time>2024-12-13T13:21:23Z</time>
      </trkpt>
      <trkpt lat="41.621340" lon="2.378004">
        <ele>265.074</ele>
        <time>2024-12-13T13:21:26Z</time>
      </trkpt>
      <trkpt lat="41.621364" lon="2.377982">
        <ele>264.639</ele>
        <time>2024-12-13T13:21:29Z</time>
      </trkpt>
      <trkpt lat="41.621389" lon="2.377959">
        <ele>264.282</ele>
        <time>2024-12-13T13:21:34Z</time>
      </trkpt>
      <trkpt lat="41.621434" lon="2.377922">
        <ele>263.036</ele>
        <time>2024-12-13T13:21:39Z</time>
      </trkpt>
      <trkpt lat="41.621458" lon="2.377904">
        <ele>262.480</ele>
        <time>2024-12-13T13:21:42Z</time>
      </trkpt>
      <trkpt lat="41.621485" lon="2.377885">
        <ele>261.833</ele>
        <time>2024-12-13T13:21:45Z</time>
      </trkpt>
      <trkpt lat="41.621508" lon="2.377861">
        <ele>261.145</ele>
        <time>2024-12-13T13:21:48Z</time>
      </trkpt>
      <trkpt lat="41.621533" lon="2.377842">
        <ele>260.647</ele>
        <time>2024-12-13T13:21:51Z</time>
      </trkpt>
      <trkpt lat="41.621561" lon="2.377826">
        <ele>260.211</ele>
        <time>2024-12-13T13:21:54Z</time>
      </trkpt>
      <trkpt lat="41.621594" lon="2.377811">
        <ele>259.809</ele>
        <time>2024-12-13T13:21:57Z</time>
      </trkpt>
      <trkpt lat="41.621614" lon="2.377778">
        <ele>259.045</ele>
        <time>2024-12-13T13:22:00Z</time>
      </trkpt>
      <trkpt lat="41.621637" lon="2.377754">
        <ele>258.593</ele>
        <time>2024-12-13T13:22:03Z</time>
      </trkpt>
      <trkpt lat="41.621661" lon="2.377735">
        <ele>258.180</ele>
        <time>2024-12-13T13:22:06Z</time>
      </trkpt>
      <trkpt lat="41.621685" lon="2.377715">
        <ele>257.652</ele>
        <time>2024-12-13T13:22:09Z</time>
      </trkpt>
      <trkpt lat="41.621727" lon="2.377671">
        <ele>256.647</ele>
        <time>2024-12-13T13:22:14Z</time>
      </trkpt>
      <trkpt lat="41.621774" lon="2.377642">
        <ele>256.150</ele>
        <time>2024-12-13T13:22:19Z</time>
      </trkpt>
      <trkpt lat="41.621826" lon="2.377628">
        <ele>255.864</ele>
        <time>2024-12-13T13:22:25Z</time>
      </trkpt>
      <trkpt lat="41.621858" lon="2.377620">
        <ele>255.738</ele>
        <time>2024-12-13T13:22:28Z</time>
      </trkpt>
      <trkpt lat="41.621886" lon="2.377606">
        <ele>255.561</ele>
        <time>2024-12-13T13:22:31Z</time>
      </trkpt>
      <trkpt lat="41.621917" lon="2.377603">
        <ele>255.512</ele>
        <time>2024-12-13T13:22:34Z</time>
      </trkpt>
      <trkpt lat="41.621948" lon="2.377608">
        <ele>255.632</ele>
        <time>2024-12-13T13:22:37Z</time>
      </trkpt>
      <trkpt lat="41.621982" lon="2.377616">
        <ele>255.605</ele>
        <time>2024-12-13T13:22:40Z</time>
      </trkpt>
      <trkpt lat="41.622029" lon="2.377652">
        <ele>256.009</ele>
        <time>2024-12-13T13:22:45Z</time>
      </trkpt>
      <trkpt lat="41.622048" lon="2.377678">
        <ele>256.222</ele>
        <time>2024-12-13T13:22:47Z</time>
      </trkpt>
      <trkpt lat="41.622070" lon="2.377704">
        <ele>256.430</ele>
        <time>2024-12-13T13:22:51Z</time>
      </trkpt>
      <trkpt lat="41.622094" lon="2.377728">
        <ele>256.537</ele>
        <time>2024-12-13T13:22:54Z</time>
      </trkpt>
      <trkpt lat="41.622129" lon="2.377785">
        <ele>256.629</ele>
        <time>2024-12-13T13:22:59Z</time>
      </trkpt>
      <trkpt lat="41.622152" lon="2.377860">
        <ele>256.114</ele>
        <time>2024-12-13T13:23:06Z</time>
      </trkpt>
      <trkpt lat="41.622164" lon="2.377896">
        <ele>255.877</ele>
        <time>2024-12-13T13:23:09Z</time>
      </trkpt>
      <trkpt lat="41.622179" lon="2.377937">
        <ele>255.481</ele>
        <time>2024-12-13T13:23:12Z</time>
      </trkpt>
      <trkpt lat="41.622181" lon="2.377975">
        <ele>255.245</ele>
        <time>2024-12-13T13:23:15Z</time>
      </trkpt>
      <trkpt lat="41.622186" lon="2.378048">
        <ele>254.738</ele>
        <time>2024-12-13T13:23:20Z</time>
      </trkpt>
      <trkpt lat="41.622189" lon="2.378086">
        <ele>254.228</ele>
        <time>2024-12-13T13:23:23Z</time>
      </trkpt>
      <trkpt lat="41.622196" lon="2.378147">
        <ele>253.389</ele>
        <time>2024-12-13T13:23:27Z</time>
      </trkpt>
      <trkpt lat="41.622198" lon="2.378217">
        <ele>252.317</ele>
        <time>2024-12-13T13:23:34Z</time>
      </trkpt>
      <trkpt lat="41.622200" lon="2.378260">
        <ele>251.709</ele>
        <time>2024-12-13T13:23:38Z</time>
      </trkpt>
      <trkpt lat="41.622203" lon="2.378303">
        <ele>251.053</ele>
        <time>2024-12-13T13:23:40Z</time>
      </trkpt>
      <trkpt lat="41.622204" lon="2.378377">
        <ele>250.381</ele>
        <time>2024-12-13T13:23:46Z</time>
      </trkpt>
      <trkpt lat="41.622206" lon="2.378417">
        <ele>249.928</ele>
        <time>2024-12-13T13:23:49Z</time>
      </trkpt>
      <trkpt lat="41.622212" lon="2.378460">
        <ele>249.450</ele>
        <time>2024-12-13T13:23:53Z</time>
      </trkpt>
      <trkpt lat="41.622212" lon="2.378500">
        <ele>249.285</ele>
        <time>2024-12-13T13:23:56Z</time>
      </trkpt>
      <trkpt lat="41.622214" lon="2.378570">
        <ele>248.688</ele>
        <time>2024-12-13T13:24:02Z</time>
      </trkpt>
      <trkpt lat="41.622213" lon="2.378615">
        <ele>248.362</ele>
        <time>2024-12-13T13:24:05Z</time>
      </trkpt>
      <trkpt lat="41.622211" lon="2.378683">
        <ele>248.486</ele>
        <time>2024-12-13T13:24:11Z</time>
      </trkpt>
      <trkpt lat="41.622214" lon="2.378719">
        <ele>248.389</ele>
        <time>2024-12-13T13:24:14Z</time>
      </trkpt>
      <trkpt lat="41.622217" lon="2.378757">
        <ele>248.225</ele>
        <time>2024-12-13T13:24:17Z</time>
      </trkpt>
      <trkpt lat="41.622217" lon="2.378798">
        <ele>248.226</ele>
        <time>2024-12-13T13:24:20Z</time>
      </trkpt>
      <trkpt lat="41.622215" lon="2.378839">
        <ele>248.308</ele>
        <time>2024-12-13T13:24:23Z</time>
      </trkpt>
      <trkpt lat="41.622207" lon="2.378907">
        <ele>248.609</ele>
        <time>2024-12-13T13:24:29Z</time>
      </trkpt>
      <trkpt lat="41.622209" lon="2.378946">
        <ele>248.713</ele>
        <time>2024-12-13T13:24:31Z</time>
      </trkpt>
      <trkpt lat="41.622207" lon="2.378989">
        <ele>248.921</ele>
        <time>2024-12-13T13:24:35Z</time>
      </trkpt>
      <trkpt lat="41.622210" lon="2.379033">
        <ele>249.058</ele>
        <time>2024-12-13T13:24:38Z</time>
      </trkpt>
      <trkpt lat="41.622216" lon="2.379076">
        <ele>248.960</ele>
        <time>2024-12-13T13:24:41Z</time>
      </trkpt>
      <trkpt lat="41.622224" lon="2.379115">
        <ele>248.775</ele>
        <time>2024-12-13T13:24:44Z</time>
      </trkpt>
      <trkpt lat="41.622240" lon="2.379177">
        <ele>248.338</ele>
        <time>2024-12-13T13:24:49Z</time>
      </trkpt>
      <trkpt lat="41.622251" lon="2.379212">
        <ele>248.272</ele>
        <time>2024-12-13T13:24:52Z</time>
      </trkpt>
      <trkpt lat="41.622266" lon="2.379254">
        <ele>248.286</ele>
        <time>2024-12-13T13:24:55Z</time>
      </trkpt>
      <trkpt lat="41.622286" lon="2.379291">
        <ele>247.829</ele>
        <time>2024-12-13T13:24:58Z</time>
      </trkpt>
      <trkpt lat="41.622315" lon="2.379344">
        <ele>247.331</ele>
        <time>2024-12-13T13:25:03Z</time>
      </trkpt>
      <trkpt lat="41.622352" lon="2.379391">
        <ele>246.461</ele>
        <time>2024-12-13T13:25:09Z</time>
      </trkpt>
      <trkpt lat="41.622375" lon="2.379418">
        <ele>245.907</ele>
        <time>2024-12-13T13:25:11Z</time>
      </trkpt>
      <trkpt lat="41.622398" lon="2.379441">
        <ele>245.309</ele>
        <time>2024-12-13T13:25:14Z</time>
      </trkpt>
      <trkpt lat="41.622423" lon="2.379465">
        <ele>244.944</ele>
        <time>2024-12-13T13:25:18Z</time>
      </trkpt>
      <trkpt lat="41.622456" lon="2.379479">
        <ele>243.922</ele>
        <time>2024-12-13T13:25:22Z</time>
      </trkpt>
      <trkpt lat="41.622485" lon="2.379492">
        <ele>243.079</ele>
        <time>2024-12-13T13:25:25Z</time>
      </trkpt>
      <trkpt lat="41.622516" lon="2.379508">
        <ele>242.311</ele>
        <time>2024-12-13T13:25:28Z</time>
      </trkpt>
      <trkpt lat="41.622540" lon="2.379534">
        <ele>242.386</ele>
        <time>2024-12-13T13:25:31Z</time>
      </trkpt>
      <trkpt lat="41.622565" lon="2.379549">
        <ele>242.039</ele>
        <time>2024-12-13T13:25:34Z</time>
      </trkpt>
      <trkpt lat="41.622622" lon="2.379568">
        <ele>240.883</ele>
        <time>2024-12-13T13:25:40Z</time>
      </trkpt>
      <trkpt lat="41.622653" lon="2.379580">
        <ele>240.277</ele>
        <time>2024-12-13T13:25:43Z</time>
      </trkpt>
      <trkpt lat="41.622686" lon="2.379589">
        <ele>239.540</ele>
        <time>2024-12-13T13:25:46Z</time>
      </trkpt>
      <trkpt lat="41.622715" lon="2.379594">
        <ele>238.836</ele>
        <time>2024-12-13T13:25:49Z</time>
      </trkpt>
      <trkpt lat="41.622742" lon="2.379603">
        <ele>238.217</ele>
        <time>2024-12-13T13:25:53Z</time>
      </trkpt>
      <trkpt lat="41.622772" lon="2.379611">
        <ele>237.618</ele>
        <time>2024-12-13T13:25:56Z</time>
      </trkpt>
      <trkpt lat="41.622799" lon="2.379623">
        <ele>237.609</ele>
        <time>2024-12-13T13:25:59Z</time>
      </trkpt>
      <trkpt lat="41.622826" lon="2.379635">
        <ele>237.834</ele>
        <time>2024-12-13T13:26:02Z</time>
      </trkpt>
      <trkpt lat="41.622879" lon="2.379653">
        <ele>237.862</ele>
        <time>2024-12-13T13:26:06Z</time>
      </trkpt>
      <trkpt lat="41.622917" lon="2.379654">
        <ele>237.569</ele>
        <time>2024-12-13T13:26:10Z</time>
      </trkpt>
      <trkpt lat="41.622970" lon="2.379670">
        <ele>237.581</ele>
        <time>2024-12-13T13:26:16Z</time>
      </trkpt>
      <trkpt lat="41.623022" lon="2.379671">
        <ele>237.086</ele>
        <time>2024-12-13T13:26:21Z</time>
      </trkpt>
      <trkpt lat="41.623049" lon="2.379670">
        <ele>236.779</ele>
        <time>2024-12-13T13:26:24Z</time>
      </trkpt>
      <trkpt lat="41.623076" lon="2.379677">
        <ele>236.873</ele>
        <time>2024-12-13T13:26:27Z</time>
      </trkpt>
      <trkpt lat="41.623110" lon="2.379671">
        <ele>236.797</ele>
        <time>2024-12-13T13:26:30Z</time>
      </trkpt>
      <trkpt lat="41.623139" lon="2.379670">
        <ele>236.630</ele>
        <time>2024-12-13T13:26:33Z</time>
      </trkpt>
      <trkpt lat="41.623172" lon="2.379671">
        <ele>236.625</ele>
        <time>2024-12-13T13:26:37Z</time>
      </trkpt>
      <trkpt lat="41.623200" lon="2.379667">
        <ele>236.526</ele>
        <time>2024-12-13T13:26:40Z</time>
      </trkpt>
      <trkpt lat="41.623230" lon="2.379664">
        <ele>236.408</ele>
        <time>2024-12-13T13:26:43Z</time>
      </trkpt>
      <trkpt lat="41.623261" lon="2.379659">
        <ele>236.209</ele>
        <time>2024-12-13T13:26:46Z</time>
      </trkpt>
      <trkpt lat="41.623291" lon="2.379654">
        <ele>236.133</ele>
        <time>2024-12-13T13:26:49Z</time>
      </trkpt>
      <trkpt lat="41.623321" lon="2.379648">
        <ele>235.931</ele>
        <time>2024-12-13T13:26:51Z</time>
      </trkpt>
      <trkpt lat="41.623348" lon="2.379635">
        <ele>235.328</ele>
        <time>2024-12-13T13:26:55Z</time>
      </trkpt>
      <trkpt lat="41.623377" lon="2.379626">
        <ele>234.810</ele>
        <time>2024-12-13T13:26:58Z</time>
      </trkpt>
      <trkpt lat="41.623410" lon="2.379614">
        <ele>234.215</ele>
        <time>2024-12-13T13:27:01Z</time>
      </trkpt>
      <trkpt lat="41.623440" lon="2.379608">
        <ele>233.788</ele>
        <time>2024-12-13T13:27:04Z</time>
      </trkpt>
      <trkpt lat="41.623467" lon="2.379607">
        <ele>233.482</ele>
        <time>2024-12-13T13:27:07Z</time>
      </trkpt>
      <trkpt lat="41.623498" lon="2.379600">
        <ele>233.016</ele>
        <time>2024-12-13T13:27:10Z</time>
      </trkpt>
      <trkpt lat="41.623528" lon="2.379594">
        <ele>232.559</ele>
        <time>2024-12-13T13:27:13Z</time>
      </trkpt>
      <trkpt lat="41.623554" lon="2.379577">
        <ele>231.925</ele>
        <time>2024-12-13T13:27:17Z</time>
      </trkpt>
      <trkpt lat="41.623581" lon="2.379568">
        <ele>231.426</ele>
        <time>2024-12-13T13:27:19Z</time>
      </trkpt>
      <trkpt lat="41.623609" lon="2.379560">
        <ele>230.908</ele>
        <time>2024-12-13T13:27:23Z</time>
      </trkpt>
      <trkpt lat="41.623643" lon="2.379550">
        <ele>230.309</ele>
        <time>2024-12-13T13:27:26Z</time>
      </trkpt>
      <trkpt lat="41.623694" lon="2.379534">
        <ele>229.383</ele>
        <time>2024-12-13T13:27:31Z</time>
      </trkpt>
      <trkpt lat="41.623744" lon="2.379514">
        <ele>228.221</ele>
        <time>2024-12-13T13:27:37Z</time>
      </trkpt>
      <trkpt lat="41.623773" lon="2.379508">
        <ele>227.748</ele>
        <time>2024-12-13T13:27:39Z</time>
      </trkpt>
      <trkpt lat="41.623800" lon="2.379501">
        <ele>227.270</ele>
        <time>2024-12-13T13:27:42Z</time>
      </trkpt>
      <trkpt lat="41.623831" lon="2.379496">
        <ele>226.835</ele>
        <time>2024-12-13T13:27:45Z</time>
      </trkpt>
      <trkpt lat="41.623860" lon="2.379488">
        <ele>226.338</ele>
        <time>2024-12-13T13:27:49Z</time>
      </trkpt>
      <trkpt lat="41.623887" lon="2.379471">
        <ele>225.662</ele>
        <time>2024-12-13T13:27:51Z</time>
      </trkpt>
      <trkpt lat="41.623920" lon="2.379458">
        <ele>225.196</ele>
        <time>2024-12-13T13:27:55Z</time>
      </trkpt>
      <trkpt lat="41.623947" lon="2.379447">
        <ele>224.669</ele>
        <time>2024-12-13T13:27:58Z</time>
      </trkpt>
      <trkpt lat="41.624001" lon="2.379428">
        <ele>223.864</ele>
        <time>2024-12-13T13:28:04Z</time>
      </trkpt>
      <trkpt lat="41.624052" lon="2.379404">
        <ele>222.806</ele>
        <time>2024-12-13T13:28:09Z</time>
      </trkpt>
      <trkpt lat="41.624083" lon="2.379394">
        <ele>222.316</ele>
        <time>2024-12-13T13:28:12Z</time>
      </trkpt>
      <trkpt lat="41.624114" lon="2.379391">
        <ele>222.009</ele>
        <time>2024-12-13T13:28:15Z</time>
      </trkpt>
      <trkpt lat="41.624145" lon="2.379391">
        <ele>221.887</ele>
        <time>2024-12-13T13:28:19Z</time>
      </trkpt>
      <trkpt lat="41.624191" lon="2.379379">
        <ele>220.925</ele>
        <time>2024-12-13T13:28:23Z</time>
      </trkpt>
      <trkpt lat="41.624242" lon="2.379376">
        <ele>220.042</ele>
        <time>2024-12-13T13:28:29Z</time>
      </trkpt>
      <trkpt lat="41.624272" lon="2.379374">
        <ele>219.454</ele>
        <time>2024-12-13T13:28:31Z</time>
      </trkpt>
      <trkpt lat="41.624301" lon="2.379374">
        <ele>218.919</ele>
        <time>2024-12-13T13:28:35Z</time>
      </trkpt>
      <trkpt lat="41.624330" lon="2.379383">
        <ele>218.652</ele>
        <time>2024-12-13T13:28:37Z</time>
      </trkpt>
      <trkpt lat="41.624359" lon="2.379392">
        <ele>218.316</ele>
        <time>2024-12-13T13:28:41Z</time>
      </trkpt>
      <trkpt lat="41.624386" lon="2.379405">
        <ele>218.270</ele>
        <time>2024-12-13T13:28:43Z</time>
      </trkpt>
      <trkpt lat="41.624411" lon="2.379420">
        <ele>218.183</ele>
        <time>2024-12-13T13:28:47Z</time>
      </trkpt>
      <trkpt lat="41.624439" lon="2.379438">
        <ele>218.066</ele>
        <time>2024-12-13T13:28:50Z</time>
      </trkpt>
      <trkpt lat="41.624463" lon="2.379463">
        <ele>218.129</ele>
        <time>2024-12-13T13:28:54Z</time>
      </trkpt>
      <trkpt lat="41.624481" lon="2.379495">
        <ele>218.521</ele>
        <time>2024-12-13T13:28:57Z</time>
      </trkpt>
      <trkpt lat="41.624502" lon="2.379520">
        <ele>218.609</ele>
        <time>2024-12-13T13:29:00Z</time>
      </trkpt>
      <trkpt lat="41.624523" lon="2.379550">
        <ele>218.837</ele>
        <time>2024-12-13T13:29:02Z</time>
      </trkpt>
      <trkpt lat="41.624555" lon="2.379604">
        <ele>219.245</ele>
        <time>2024-12-13T13:29:09Z</time>
      </trkpt>
      <trkpt lat="41.624572" lon="2.379642">
        <ele>219.542</ele>
        <time>2024-12-13T13:29:12Z</time>
      </trkpt>
      <trkpt lat="41.624586" lon="2.379680">
        <ele>219.894</ele>
        <time>2024-12-13T13:29:16Z</time>
      </trkpt>
      <trkpt lat="41.624601" lon="2.379748">
        <ele>220.299</ele>
        <time>2024-12-13T13:29:21Z</time>
      </trkpt>
      <trkpt lat="41.624613" lon="2.379785">
        <ele>220.292</ele>
        <time>2024-12-13T13:29:24Z</time>
      </trkpt>
      <trkpt lat="41.624631" lon="2.379821">
        <ele>220.066</ele>
        <time>2024-12-13T13:29:27Z</time>
      </trkpt>
      <trkpt lat="41.624645" lon="2.379861">
        <ele>219.980</ele>
        <time>2024-12-13T13:29:31Z</time>
      </trkpt>
      <trkpt lat="41.624659" lon="2.379899">
        <ele>219.933</ele>
        <time>2024-12-13T13:29:34Z</time>
      </trkpt>
      <trkpt lat="41.624668" lon="2.379940">
        <ele>219.977</ele>
        <time>2024-12-13T13:29:37Z</time>
      </trkpt>
      <trkpt lat="41.624680" lon="2.379977">
        <ele>219.961</ele>
        <time>2024-12-13T13:29:40Z</time>
      </trkpt>
      <trkpt lat="41.624699" lon="2.380012">
        <ele>219.627</ele>
        <time>2024-12-13T13:29:43Z</time>
      </trkpt>
      <trkpt lat="41.624716" lon="2.380044">
        <ele>219.309</ele>
        <time>2024-12-13T13:29:45Z</time>
      </trkpt>
      <trkpt lat="41.624740" lon="2.380100">
        <ele>218.978</ele>
        <time>2024-12-13T13:29:50Z</time>
      </trkpt>
      <trkpt lat="41.624763" lon="2.380131">
        <ele>218.486</ele>
        <time>2024-12-13T13:29:53Z</time>
      </trkpt>
      <trkpt lat="41.624780" lon="2.380160">
        <ele>218.033</ele>
        <time>2024-12-13T13:30:00Z</time>
      </trkpt>
      <trkpt lat="41.624805" lon="2.380191">
        <ele>217.525</ele>
        <time>2024-12-13T13:30:04Z</time>
      </trkpt>
      <trkpt lat="41.624846" lon="2.380214">
        <ele>216.560</ele>
        <time>2024-12-13T13:30:08Z</time>
      </trkpt>
      <trkpt lat="41.624872" lon="2.380240">
        <ele>216.083</ele>
        <time>2024-12-13T13:30:11Z</time>
      </trkpt>
      <trkpt lat="41.624897" lon="2.380265">
        <ele>215.517</ele>
        <time>2024-12-13T13:30:15Z</time>
      </trkpt>
      <trkpt lat="41.624936" lon="2.380298">
        <ele>214.931</ele>
        <time>2024-12-13T13:30:19Z</time>
      </trkpt>
      <trkpt lat="41.624961" lon="2.380321">
        <ele>214.614</ele>
        <time>2024-12-13T13:30:22Z</time>
      </trkpt>
      <trkpt lat="41.624983" lon="2.380346">
        <ele>214.483</ele>
        <time>2024-12-13T13:30:25Z</time>
      </trkpt>
      <trkpt lat="41.625003" lon="2.380371">
        <ele>214.225</ele>
        <time>2024-12-13T13:30:28Z</time>
      </trkpt>
      <trkpt lat="41.625029" lon="2.380385">
        <ele>213.617</ele>
        <time>2024-12-13T13:30:31Z</time>
      </trkpt>
      <trkpt lat="41.625058" lon="2.380402">
        <ele>212.909</ele>
        <time>2024-12-13T13:30:34Z</time>
      </trkpt>
      <trkpt lat="41.625086" lon="2.380426">
        <ele>212.399</ele>
        <time>2024-12-13T13:30:38Z</time>
      </trkpt>
      <trkpt lat="41.625132" lon="2.380461">
        <ele>211.457</ele>
        <time>2024-12-13T13:30:42Z</time>
      </trkpt>
      <trkpt lat="41.625157" lon="2.380476">
        <ele>210.844</ele>
        <time>2024-12-13T13:30:46Z</time>
      </trkpt>
      <trkpt lat="41.625199" lon="2.380508">
        <ele>209.966</ele>
        <time>2024-12-13T13:30:50Z</time>
      </trkpt>
      <trkpt lat="41.625224" lon="2.380528">
        <ele>209.391</ele>
        <time>2024-12-13T13:30:54Z</time>
      </trkpt>
      <trkpt lat="41.625253" lon="2.380551">
        <ele>208.744</ele>
        <time>2024-12-13T13:30:57Z</time>
      </trkpt>
      <trkpt lat="41.625284" lon="2.380571">
        <ele>208.058</ele>
        <time>2024-12-13T13:31:00Z</time>
      </trkpt>
      <trkpt lat="41.625306" lon="2.380597">
        <ele>207.752</ele>
        <time>2024-12-13T13:31:04Z</time>
      </trkpt>
      <trkpt lat="41.625323" lon="2.380628">
        <ele>207.635</ele>
        <time>2024-12-13T13:31:06Z</time>
      </trkpt>
      <trkpt lat="41.625361" lon="2.380684">
        <ele>207.032</ele>
        <time>2024-12-13T13:31:12Z</time>
      </trkpt>
      <trkpt lat="41.625382" lon="2.380721">
        <ele>206.792</ele>
        <time>2024-12-13T13:31:15Z</time>
      </trkpt>
      <trkpt lat="41.625408" lon="2.380748">
        <ele>206.011</ele>
        <time>2024-12-13T13:31:18Z</time>
      </trkpt>
      <trkpt lat="41.625431" lon="2.380781">
        <ele>205.509</ele>
        <time>2024-12-13T13:31:21Z</time>
      </trkpt>
      <trkpt lat="41.625464" lon="2.380841">
        <ele>204.774</ele>
        <time>2024-12-13T13:31:26Z</time>
      </trkpt>
      <trkpt lat="41.625487" lon="2.380904">
        <ele>203.952</ele>
        <time>2024-12-13T13:31:31Z</time>
      </trkpt>
      <trkpt lat="41.625493" lon="2.380942">
        <ele>203.779</ele>
        <time>2024-12-13T13:31:34Z</time>
      </trkpt>
      <trkpt lat="41.625494" lon="2.380980">
        <ele>203.841</ele>
        <time>2024-12-13T13:31:37Z</time>
      </trkpt>
      <trkpt lat="41.625506" lon="2.381047">
        <ele>203.456</ele>
        <time>2024-12-13T13:31:42Z</time>
      </trkpt>
      <trkpt lat="41.625511" lon="2.381089">
        <ele>203.259</ele>
        <time>2024-12-13T13:31:45Z</time>
      </trkpt>
      <trkpt lat="41.625514" lon="2.381169">
        <ele>203.133</ele>
        <time>2024-12-13T13:31:51Z</time>
      </trkpt>
      <trkpt lat="41.625517" lon="2.381242">
        <ele>202.977</ele>
        <time>2024-12-13T13:31:55Z</time>
      </trkpt>
      <trkpt lat="41.625523" lon="2.381314">
        <ele>202.620</ele>
        <time>2024-12-13T13:32:01Z</time>
      </trkpt>
      <trkpt lat="41.625526" lon="2.381351">
        <ele>202.466</ele>
        <time>2024-12-13T13:32:03Z</time>
      </trkpt>
      <trkpt lat="41.625524" lon="2.381394">
        <ele>202.529</ele>
        <time>2024-12-13T13:32:06Z</time>
      </trkpt>
      <trkpt lat="41.625522" lon="2.381434">
        <ele>202.721</ele>
        <time>2024-12-13T13:32:10Z</time>
      </trkpt>
      <trkpt lat="41.625518" lon="2.381477">
        <ele>203.009</ele>
        <time>2024-12-13T13:32:13Z</time>
      </trkpt>
      <trkpt lat="41.625511" lon="2.381516">
        <ele>203.447</ele>
        <time>2024-12-13T13:32:15Z</time>
      </trkpt>
      <trkpt lat="41.625510" lon="2.381557">
        <ele>203.515</ele>
        <time>2024-12-13T13:32:19Z</time>
      </trkpt>
      <trkpt lat="41.625509" lon="2.381628">
        <ele>203.872</ele>
        <time>2024-12-13T13:32:23Z</time>
      </trkpt>
      <trkpt lat="41.625512" lon="2.381665">
        <ele>203.764</ele>
        <time>2024-12-13T13:32:26Z</time>
      </trkpt>
      <trkpt lat="41.625519" lon="2.381702">
        <ele>203.869</ele>
        <time>2024-12-13T13:32:28Z</time>
      </trkpt>
      <trkpt lat="41.625541" lon="2.381776">
        <ele>203.712</ele>
        <time>2024-12-13T13:32:34Z</time>
      </trkpt>
      <trkpt lat="41.625559" lon="2.381821">
        <ele>203.666</ele>
        <time>2024-12-13T13:32:37Z</time>
      </trkpt>
      <trkpt lat="41.625581" lon="2.381848">
        <ele>203.330</ele>
        <time>2024-12-13T13:32:40Z</time>
      </trkpt>
      <trkpt lat="41.625606" lon="2.381870">
        <ele>202.913</ele>
        <time>2024-12-13T13:32:43Z</time>
      </trkpt>
      <trkpt lat="41.625633" lon="2.381894">
        <ele>202.567</ele>
        <time>2024-12-13T13:32:46Z</time>
      </trkpt>
      <trkpt lat="41.625652" lon="2.381926">
        <ele>202.481</ele>
        <time>2024-12-13T13:32:49Z</time>
      </trkpt>
      <trkpt lat="41.625683" lon="2.381954">
        <ele>201.919</ele>
        <time>2024-12-13T13:32:53Z</time>
      </trkpt>
      <trkpt lat="41.625713" lon="2.381981">
        <ele>201.409</ele>
        <time>2024-12-13T13:32:56Z</time>
      </trkpt>
      <trkpt lat="41.625765" lon="2.382011">
        <ele>200.577</ele>
        <time>2024-12-13T13:33:01Z</time>
      </trkpt>
      <trkpt lat="41.625811" lon="2.382001">
        <ele>199.315</ele>
        <time>2024-12-13T13:33:06Z</time>
      </trkpt>
      <trkpt lat="41.625840" lon="2.382007">
        <ele>198.892</ele>
        <time>2024-12-13T13:33:09Z</time>
      </trkpt>
      <trkpt lat="41.625892" lon="2.382019">
        <ele>198.464</ele>
        <time>2024-12-13T13:33:14Z</time>
      </trkpt>
      <trkpt lat="41.625921" lon="2.382021">
        <ele>198.119</ele>
        <time>2024-12-13T13:33:17Z</time>
      </trkpt>
      <trkpt lat="41.625951" lon="2.382024">
        <ele>197.812</ele>
        <time>2024-12-13T13:33:20Z</time>
      </trkpt>
      <trkpt lat="41.626005" lon="2.382044">
        <ele>197.476</ele>
        <time>2024-12-13T13:33:25Z</time>
      </trkpt>
      <trkpt lat="41.626037" lon="2.382055">
        <ele>197.150</ele>
        <time>2024-12-13T13:33:28Z</time>
      </trkpt>
      <trkpt lat="41.626064" lon="2.382066">
        <ele>196.953</ele>
        <time>2024-12-13T13:33:31Z</time>
      </trkpt>
      <trkpt lat="41.626093" lon="2.382085">
        <ele>196.783</ele>
        <time>2024-12-13T13:33:34Z</time>
      </trkpt>
      <trkpt lat="41.626143" lon="2.382091">
        <ele>196.225</ele>
        <time>2024-12-13T13:33:38Z</time>
      </trkpt>
      <trkpt lat="41.626172" lon="2.382109">
        <ele>196.017</ele>
        <time>2024-12-13T13:33:41Z</time>
      </trkpt>
      <trkpt lat="41.626204" lon="2.382121">
        <ele>195.709</ele>
        <time>2024-12-13T13:33:45Z</time>
      </trkpt>
      <trkpt lat="41.626232" lon="2.382127">
        <ele>195.429</ele>
        <time>2024-12-13T13:33:47Z</time>
      </trkpt>
      <trkpt lat="41.626263" lon="2.382134">
        <ele>195.087</ele>
        <time>2024-12-13T13:33:50Z</time>
      </trkpt>
      <trkpt lat="41.626301" lon="2.382179">
        <ele>194.944</ele>
        <time>2024-12-13T13:33:55Z</time>
      </trkpt>
      <trkpt lat="41.626330" lon="2.382191">
        <ele>194.686</ele>
        <time>2024-12-13T13:33:58Z</time>
      </trkpt>
      <trkpt lat="41.626351" lon="2.382219">
        <ele>194.551</ele>
        <time>2024-12-13T13:34:01Z</time>
      </trkpt>
      <trkpt lat="41.626372" lon="2.382249">
        <ele>194.264</ele>
        <time>2024-12-13T13:34:04Z</time>
      </trkpt>
      <trkpt lat="41.626396" lon="2.382287">
        <ele>193.698</ele>
        <time>2024-12-13T13:34:07Z</time>
      </trkpt>
      <trkpt lat="41.626414" lon="2.382351">
        <ele>192.872</ele>
        <time>2024-12-13T13:34:13Z</time>
      </trkpt>
      <trkpt lat="41.626413" lon="2.382410">
        <ele>192.695</ele>
        <time>2024-12-13T13:34:17Z</time>
      </trkpt>
      <trkpt lat="41.626410" lon="2.382474">
        <ele>192.572</ele>
        <time>2024-12-13T13:34:23Z</time>
      </trkpt>
      <trkpt lat="41.626408" lon="2.382516">
        <ele>192.413</ele>
        <time>2024-12-13T13:34:27Z</time>
      </trkpt>
      <trkpt lat="41.626400" lon="2.382586">
        <ele>192.414</ele>
        <time>2024-12-13T13:34:35Z</time>
      </trkpt>
      <trkpt lat="41.626398" lon="2.382626">
        <ele>192.309</ele>
        <time>2024-12-13T13:34:38Z</time>
      </trkpt>
      <trkpt lat="41.626397" lon="2.382694">
        <ele>192.118</ele>
        <time>2024-12-13T13:34:45Z</time>
      </trkpt>
      <trkpt lat="41.626414" lon="2.382759">
        <ele>191.356</ele>
        <time>2024-12-13T13:34:52Z</time>
      </trkpt>
      <trkpt lat="41.626419" lon="2.382799">
        <ele>191.093</ele>
        <time>2024-12-13T13:34:55Z</time>
      </trkpt>
      <trkpt lat="41.626438" lon="2.382859">
        <ele>190.165</ele>
        <time>2024-12-13T13:35:05Z</time>
      </trkpt>
      <trkpt lat="41.626456" lon="2.382891">
        <ele>189.420</ele>
        <time>2024-12-13T13:35:10Z</time>
      </trkpt>
      <trkpt lat="41.626487" lon="2.382953">
        <ele>188.473</ele>
        <time>2024-12-13T13:35:17Z</time>
      </trkpt>
      <trkpt lat="41.626497" lon="2.382991">
        <ele>187.947</ele>
        <time>2024-12-13T13:35:21Z</time>
      </trkpt>
      <trkpt lat="41.626518" lon="2.383045">
        <ele>187.391</ele>
        <time>2024-12-13T13:35:28Z</time>
      </trkpt>
      <trkpt lat="41.626536" lon="2.383073">
        <ele>186.894</ele>
        <time>2024-12-13T13:35:32Z</time>
      </trkpt>
      <trkpt lat="41.626561" lon="2.383093">
        <ele>186.253</ele>
        <time>2024-12-13T13:35:35Z</time>
      </trkpt>
      <trkpt lat="41.626588" lon="2.383111">
        <ele>185.604</ele>
        <time>2024-12-13T13:35:39Z</time>
      </trkpt>
      <trkpt lat="41.626615" lon="2.383130">
        <ele>185.114</ele>
        <time>2024-12-13T13:35:43Z</time>
      </trkpt>
      <trkpt lat="41.626638" lon="2.383152">
        <ele>184.609</ele>
        <time>2024-12-13T13:35:47Z</time>
      </trkpt>
      <trkpt lat="41.626663" lon="2.383171">
        <ele>184.196</ele>
        <time>2024-12-13T13:35:50Z</time>
      </trkpt>
      <trkpt lat="41.626690" lon="2.383188">
        <ele>183.564</ele>
        <time>2024-12-13T13:35:54Z</time>
      </trkpt>
      <trkpt lat="41.626738" lon="2.383220">
        <ele>182.671</ele>
        <time>2024-12-13T13:36:01Z</time>
      </trkpt>
      <trkpt lat="41.626768" lon="2.383231">
        <ele>181.943</ele>
        <time>2024-12-13T13:36:04Z</time>
      </trkpt>
      <trkpt lat="41.626797" lon="2.383232">
        <ele>181.488</ele>
        <time>2024-12-13T13:36:07Z</time>
      </trkpt>
      <trkpt lat="41.626844" lon="2.383244">
        <ele>180.451</ele>
        <time>2024-12-13T13:36:13Z</time>
      </trkpt>
      <trkpt lat="41.626899" lon="2.383265">
        <ele>179.235</ele>
        <time>2024-12-13T13:36:19Z</time>
      </trkpt>
      <trkpt lat="41.626930" lon="2.383285">
        <ele>178.519</ele>
        <time>2024-12-13T13:36:22Z</time>
      </trkpt>
      <trkpt lat="41.626984" lon="2.383308">
        <ele>177.572</ele>
        <time>2024-12-13T13:36:27Z</time>
      </trkpt>
      <trkpt lat="41.627015" lon="2.383315">
        <ele>177.113</ele>
        <time>2024-12-13T13:36:30Z</time>
      </trkpt>
      <trkpt lat="41.627044" lon="2.383332">
        <ele>176.643</ele>
        <time>2024-12-13T13:36:33Z</time>
      </trkpt>
      <trkpt lat="41.627074" lon="2.383342">
        <ele>176.107</ele>
        <time>2024-12-13T13:36:35Z</time>
      </trkpt>
      <trkpt lat="41.627120" lon="2.383353">
        <ele>175.409</ele>
        <time>2024-12-13T13:36:40Z</time>
      </trkpt>
      <trkpt lat="41.627151" lon="2.383355">
        <ele>174.932</ele>
        <time>2024-12-13T13:36:42Z</time>
      </trkpt>
      <trkpt lat="41.627206" lon="2.383348">
        <ele>174.250</ele>
        <time>2024-12-13T13:36:47Z</time>
      </trkpt>
      <trkpt lat="41.627255" lon="2.383332">
        <ele>173.727</ele>
        <time>2024-12-13T13:36:52Z</time>
      </trkpt>
      <trkpt lat="41.627282" lon="2.383305">
        <ele>173.589</ele>
        <time>2024-12-13T13:36:55Z</time>
      </trkpt>
      <trkpt lat="41.627297" lon="2.383273">
        <ele>173.454</ele>
        <time>2024-12-13T13:36:58Z</time>
      </trkpt>
      <trkpt lat="41.627340" lon="2.383260">
        <ele>173.067</ele>
        <time>2024-12-13T13:37:01Z</time>
      </trkpt>
      <trkpt lat="41.627384" lon="2.383251">
        <ele>172.541</ele>
        <time>2024-12-13T13:37:05Z</time>
      </trkpt>
      <trkpt lat="41.627411" lon="2.383251">
        <ele>172.335</ele>
        <time>2024-12-13T13:37:08Z</time>
      </trkpt>
      <trkpt lat="41.627465" lon="2.383250">
        <ele>171.768</ele>
        <time>2024-12-13T13:37:13Z</time>
      </trkpt>
      <trkpt lat="41.627516" lon="2.383244">
        <ele>171.284</ele>
        <time>2024-12-13T13:37:17Z</time>
      </trkpt>
      <trkpt lat="41.627565" lon="2.383249">
        <ele>171.007</ele>
        <time>2024-12-13T13:37:22Z</time>
      </trkpt>
      <trkpt lat="41.627602" lon="2.383217">
        <ele>170.917</ele>
        <time>2024-12-13T13:37:27Z</time>
      </trkpt>
      <trkpt lat="41.627652" lon="2.383208">
        <ele>170.709</ele>
        <time>2024-12-13T13:37:31Z</time>
      </trkpt>
      <trkpt lat="41.627687" lon="2.383211">
        <ele>170.549</ele>
        <time>2024-12-13T13:37:35Z</time>
      </trkpt>
      <trkpt lat="41.627719" lon="2.383219">
        <ele>170.367</ele>
        <time>2024-12-13T13:37:38Z</time>
      </trkpt>
      <trkpt lat="41.627748" lon="2.383230">
        <ele>170.154</ele>
        <time>2024-12-13T13:37:42Z</time>
      </trkpt>
      <trkpt lat="41.627800" lon="2.383247">
        <ele>169.896</ele>
        <time>2024-12-13T13:37:47Z</time>
      </trkpt>
      <trkpt lat="41.627827" lon="2.383255">
        <ele>169.621</ele>
        <time>2024-12-13T13:37:50Z</time>
      </trkpt>
      <trkpt lat="41.627856" lon="2.383244">
        <ele>169.394</ele>
        <time>2024-12-13T13:37:53Z</time>
      </trkpt>
      <trkpt lat="41.627888" lon="2.383227">
        <ele>169.148</ele>
        <time>2024-12-13T13:37:56Z</time>
      </trkpt>
      <trkpt lat="41.627918" lon="2.383218">
        <ele>168.982</ele>
        <time>2024-12-13T13:37:59Z</time>
      </trkpt>
      <trkpt lat="41.627971" lon="2.383199">
        <ele>168.685</ele>
        <time>2024-12-13T13:38:04Z</time>
      </trkpt>
      <trkpt lat="41.628002" lon="2.383193">
        <ele>168.496</ele>
        <time>2024-12-13T13:38:07Z</time>
      </trkpt>
      <trkpt lat="41.628031" lon="2.383182">
        <ele>168.331</ele>
        <time>2024-12-13T13:38:09Z</time>
      </trkpt>
      <trkpt lat="41.628061" lon="2.383167">
        <ele>168.124</ele>
        <time>2024-12-13T13:38:12Z</time>
      </trkpt>
      <trkpt lat="41.628087" lon="2.383157">
        <ele>168.009</ele>
        <time>2024-12-13T13:38:15Z</time>
      </trkpt>
      <trkpt lat="41.628112" lon="2.383138">
        <ele>167.930</ele>
        <time>2024-12-13T13:38:17Z</time>
      </trkpt>
      <trkpt lat="41.628141" lon="2.383120">
        <ele>167.748</ele>
        <time>2024-12-13T13:38:20Z</time>
      </trkpt>
      <trkpt lat="41.628168" lon="2.383100">
        <ele>167.595</ele>
        <time>2024-12-13T13:38:23Z</time>
      </trkpt>
      <trkpt lat="41.628196" lon="2.383081">
        <ele>167.377</ele>
        <time>2024-12-13T13:38:26Z</time>
      </trkpt>
      <trkpt lat="41.628220" lon="2.383063">
        <ele>167.282</ele>
        <time>2024-12-13T13:38:28Z</time>
      </trkpt>
      <trkpt lat="41.628245" lon="2.383044">
        <ele>167.085</ele>
        <time>2024-12-13T13:38:31Z</time>
      </trkpt>
      <trkpt lat="41.628269" lon="2.383020">
        <ele>166.959</ele>
        <time>2024-12-13T13:38:34Z</time>
      </trkpt>
      <trkpt lat="41.628297" lon="2.382993">
        <ele>166.843</ele>
        <time>2024-12-13T13:38:37Z</time>
      </trkpt>
      <trkpt lat="41.628325" lon="2.382970">
        <ele>166.786</ele>
        <time>2024-12-13T13:38:40Z</time>
      </trkpt>
      <trkpt lat="41.628355" lon="2.382947">
        <ele>166.867</ele>
        <time>2024-12-13T13:38:43Z</time>
      </trkpt>
      <trkpt lat="41.628387" lon="2.382936">
        <ele>166.881</ele>
        <time>2024-12-13T13:38:46Z</time>
      </trkpt>
      <trkpt lat="41.628435" lon="2.382903">
        <ele>166.919</ele>
        <time>2024-12-13T13:38:51Z</time>
      </trkpt>
      <trkpt lat="41.628465" lon="2.382910">
        <ele>166.809</ele>
        <time>2024-12-13T13:38:54Z</time>
      </trkpt>
      <trkpt lat="41.628494" lon="2.382934">
        <ele>166.697</ele>
        <time>2024-12-13T13:38:57Z</time>
      </trkpt>
      <trkpt lat="41.628527" lon="2.382964">
        <ele>166.415</ele>
        <time>2024-12-13T13:39:01Z</time>
      </trkpt>
      <trkpt lat="41.628545" lon="2.382991">
        <ele>166.372</ele>
        <time>2024-12-13T13:39:03Z</time>
      </trkpt>
      <trkpt lat="41.628565" lon="2.383021">
        <ele>166.134</ele>
        <time>2024-12-13T13:39:07Z</time>
      </trkpt>
      <trkpt lat="41.628581" lon="2.383057">
        <ele>166.079</ele>
        <time>2024-12-13T13:39:10Z</time>
      </trkpt>
      <trkpt lat="41.628600" lon="2.383088">
        <ele>165.972</ele>
        <time>2024-12-13T13:39:13Z</time>
      </trkpt>
      <trkpt lat="41.628615" lon="2.383128">
        <ele>165.876</ele>
        <time>2024-12-13T13:39:16Z</time>
      </trkpt>
      <trkpt lat="41.628648" lon="2.383190">
        <ele>165.610</ele>
        <time>2024-12-13T13:39:22Z</time>
      </trkpt>
      <trkpt lat="41.628675" lon="2.383231">
        <ele>165.583</ele>
        <time>2024-12-13T13:39:26Z</time>
      </trkpt>
      <trkpt lat="41.628695" lon="2.383265">
        <ele>165.351</ele>
        <time>2024-12-13T13:39:29Z</time>
      </trkpt>
      <trkpt lat="41.628720" lon="2.383299">
        <ele>165.201</ele>
        <time>2024-12-13T13:39:32Z</time>
      </trkpt>
      <trkpt lat="41.628739" lon="2.383335">
        <ele>165.011</ele>
        <time>2024-12-13T13:39:35Z</time>
      </trkpt>
      <trkpt lat="41.628759" lon="2.383363">
        <ele>164.909</ele>
        <time>2024-12-13T13:39:39Z</time>
      </trkpt>
      <trkpt lat="41.628777" lon="2.383390">
        <ele>164.846</ele>
        <time>2024-12-13T13:39:41Z</time>
      </trkpt>
      <trkpt lat="41.628794" lon="2.383419">
        <ele>164.774</ele>
        <time>2024-12-13T13:39:44Z</time>
      </trkpt>
      <trkpt lat="41.628828" lon="2.383474">
        <ele>164.521</ele>
        <time>2024-12-13T13:39:49Z</time>
      </trkpt>
      <trkpt lat="41.628852" lon="2.383512">
        <ele>164.453</ele>
        <time>2024-12-13T13:39:53Z</time>
      </trkpt>
      <trkpt lat="41.628871" lon="2.383541">
        <ele>164.358</ele>
        <time>2024-12-13T13:39:55Z</time>
      </trkpt>
      <trkpt lat="41.628905" lon="2.383591">
        <ele>164.071</ele>
        <time>2024-12-13T13:40:00Z</time>
      </trkpt>
      <trkpt lat="41.628939" lon="2.383649">
        <ele>164.015</ele>
        <time>2024-12-13T13:40:05Z</time>
      </trkpt>
      <trkpt lat="41.628958" lon="2.383685">
        <ele>164.069</ele>
        <time>2024-12-13T13:40:09Z</time>
      </trkpt>
      <trkpt lat="41.628978" lon="2.383719">
        <ele>164.122</ele>
        <time>2024-12-13T13:40:12Z</time>
      </trkpt>
      <trkpt lat="41.628996" lon="2.383747">
        <ele>164.143</ele>
        <time>2024-12-13T13:40:14Z</time>
      </trkpt>
      <trkpt lat="41.629029" lon="2.383793">
        <ele>164.264</ele>
        <time>2024-12-13T13:40:19Z</time>
      </trkpt>
      <trkpt lat="41.629047" lon="2.383821">
        <ele>164.210</ele>
        <time>2024-12-13T13:40:22Z</time>
      </trkpt>
      <trkpt lat="41.629069" lon="2.383845">
        <ele>164.209</ele>
        <time>2024-12-13T13:40:25Z</time>
      </trkpt>
      <trkpt lat="41.629089" lon="2.383875">
        <ele>164.295</ele>
        <time>2024-12-13T13:40:27Z</time>
      </trkpt>
      <trkpt lat="41.629108" lon="2.383910">
        <ele>164.343</ele>
        <time>2024-12-13T13:40:31Z</time>
      </trkpt>
      <trkpt lat="41.629130" lon="2.383944">
        <ele>164.320</ele>
        <time>2024-12-13T13:40:34Z</time>
      </trkpt>
      <trkpt lat="41.629152" lon="2.383973">
        <ele>164.422</ele>
        <time>2024-12-13T13:40:37Z</time>
      </trkpt>
      <trkpt lat="41.629186" lon="2.384023">
        <ele>164.667</ele>
        <time>2024-12-13T13:40:42Z</time>
      </trkpt>
      <trkpt lat="41.629204" lon="2.384053">
        <ele>164.730</ele>
        <time>2024-12-13T13:40:45Z</time>
      </trkpt>
      <trkpt lat="41.629221" lon="2.384088">
        <ele>164.944</ele>
        <time>2024-12-13T13:40:48Z</time>
      </trkpt>
      <trkpt lat="41.629242" lon="2.384121">
        <ele>165.188</ele>
        <time>2024-12-13T13:40:51Z</time>
      </trkpt>
      <trkpt lat="41.629264" lon="2.384154">
        <ele>165.331</ele>
        <time>2024-12-13T13:40:54Z</time>
      </trkpt>
      <trkpt lat="41.629283" lon="2.384186">
        <ele>165.516</ele>
        <time>2024-12-13T13:40:57Z</time>
      </trkpt>
      <trkpt lat="41.629304" lon="2.384219">
        <ele>165.776</ele>
        <time>2024-12-13T13:41:01Z</time>
      </trkpt>
      <trkpt lat="41.629323" lon="2.384253">
        <ele>165.913</ele>
        <time>2024-12-13T13:41:04Z</time>
      </trkpt>
      <trkpt lat="41.629340" lon="2.384286">
        <ele>166.109</ele>
        <time>2024-12-13T13:41:07Z</time>
      </trkpt>
      <trkpt lat="41.629357" lon="2.384318">
        <ele>166.292</ele>
        <time>2024-12-13T13:41:09Z</time>
      </trkpt>
      <trkpt lat="41.629375" lon="2.384351">
        <ele>166.450</ele>
        <time>2024-12-13T13:41:12Z</time>
      </trkpt>
      <trkpt lat="41.629394" lon="2.384387">
        <ele>166.647</ele>
        <time>2024-12-13T13:41:15Z</time>
      </trkpt>
      <trkpt lat="41.629421" lon="2.384435">
        <ele>166.999</ele>
        <time>2024-12-13T13:41:20Z</time>
      </trkpt>
      <trkpt lat="41.629455" lon="2.384498">
        <ele>167.044</ele>
        <time>2024-12-13T13:41:26Z</time>
      </trkpt>
      <trkpt lat="41.629473" lon="2.384529">
        <ele>167.197</ele>
        <time>2024-12-13T13:41:28Z</time>
      </trkpt>
      <trkpt lat="41.629492" lon="2.384561">
        <ele>167.151</ele>
        <time>2024-12-13T13:41:31Z</time>
      </trkpt>
      <trkpt lat="41.629508" lon="2.384600">
        <ele>167.125</ele>
        <time>2024-12-13T13:41:35Z</time>
      </trkpt>
      <trkpt lat="41.629526" lon="2.384635">
        <ele>167.158</ele>
        <time>2024-12-13T13:41:38Z</time>
      </trkpt>
      <trkpt lat="41.629548" lon="2.384671">
        <ele>167.177</ele>
        <time>2024-12-13T13:41:41Z</time>
      </trkpt>
      <trkpt lat="41.629566" lon="2.384700">
        <ele>167.061</ele>
        <time>2024-12-13T13:41:44Z</time>
      </trkpt>
      <trkpt lat="41.629586" lon="2.384729">
        <ele>167.027</ele>
        <time>2024-12-13T13:41:47Z</time>
      </trkpt>
      <trkpt lat="41.629605" lon="2.384763">
        <ele>166.909</ele>
        <time>2024-12-13T13:41:50Z</time>
      </trkpt>
      <trkpt lat="41.629622" lon="2.384796">
        <ele>166.778</ele>
        <time>2024-12-13T13:41:53Z</time>
      </trkpt>
      <trkpt lat="41.629642" lon="2.384827">
        <ele>166.696</ele>
        <time>2024-12-13T13:41:56Z</time>
      </trkpt>
      <trkpt lat="41.629664" lon="2.384858">
        <ele>166.573</ele>
        <time>2024-12-13T13:41:59Z</time>
      </trkpt>
      <trkpt lat="41.629686" lon="2.384900">
        <ele>166.425</ele>
        <time>2024-12-13T13:42:02Z</time>
      </trkpt>
      <trkpt lat="41.629704" lon="2.384938">
        <ele>166.290</ele>
        <time>2024-12-13T13:42:06Z</time>
      </trkpt>
      <trkpt lat="41.629721" lon="2.384982">
        <ele>166.133</ele>
        <time>2024-12-13T13:42:09Z</time>
      </trkpt>
      <trkpt lat="41.629734" lon="2.385016">
        <ele>166.157</ele>
        <time>2024-12-13T13:42:12Z</time>
      </trkpt>
      <trkpt lat="41.629766" lon="2.385082">
        <ele>166.411</ele>
        <time>2024-12-13T13:42:18Z</time>
      </trkpt>
      <trkpt lat="41.629783" lon="2.385111">
        <ele>166.544</ele>
        <time>2024-12-13T13:42:21Z</time>
      </trkpt>
      <trkpt lat="41.629808" lon="2.385178">
        <ele>166.823</ele>
        <time>2024-12-13T13:42:27Z</time>
      </trkpt>
      <trkpt lat="41.629825" lon="2.385211">
        <ele>166.883</ele>
        <time>2024-12-13T13:42:29Z</time>
      </trkpt>
      <trkpt lat="41.629844" lon="2.385251">
        <ele>166.911</ele>
        <time>2024-12-13T13:42:33Z</time>
      </trkpt>
      <trkpt lat="41.629861" lon="2.385284">
        <ele>167.009</ele>
        <time>2024-12-13T13:42:35Z</time>
      </trkpt>
      <trkpt lat="41.629876" lon="2.385315">
        <ele>167.143</ele>
        <time>2024-12-13T13:42:39Z</time>
      </trkpt>
      <trkpt lat="41.629901" lon="2.385372">
        <ele>167.391</ele>
        <time>2024-12-13T13:42:43Z</time>
      </trkpt>
      <trkpt lat="41.629916" lon="2.385406">
        <ele>167.588</ele>
        <time>2024-12-13T13:42:46Z</time>
      </trkpt>
      <trkpt lat="41.629935" lon="2.385442">
        <ele>167.620</ele>
        <time>2024-12-13T13:42:49Z</time>
      </trkpt>
      <trkpt lat="41.629954" lon="2.385480">
        <ele>167.785</ele>
        <time>2024-12-13T13:42:53Z</time>
      </trkpt>
      <trkpt lat="41.629969" lon="2.385522">
        <ele>167.928</ele>
        <time>2024-12-13T13:42:56Z</time>
      </trkpt>
      <trkpt lat="41.629985" lon="2.385557">
        <ele>168.032</ele>
        <time>2024-12-13T13:42:59Z</time>
      </trkpt>
      <trkpt lat="41.630009" lon="2.385622">
        <ele>167.836</ele>
        <time>2024-12-13T13:43:04Z</time>
      </trkpt>
      <trkpt lat="41.630026" lon="2.385657">
        <ele>167.799</ele>
        <time>2024-12-13T13:43:07Z</time>
      </trkpt>
      <trkpt lat="41.630051" lon="2.385707">
        <ele>167.617</ele>
        <time>2024-12-13T13:43:12Z</time>
      </trkpt>
      <trkpt lat="41.630065" lon="2.385741">
        <ele>167.687</ele>
        <time>2024-12-13T13:43:15Z</time>
      </trkpt>
      <trkpt lat="41.630080" lon="2.385779">
        <ele>167.515</ele>
        <time>2024-12-13T13:43:18Z</time>
      </trkpt>
      <trkpt lat="41.630095" lon="2.385813">
        <ele>167.409</ele>
        <time>2024-12-13T13:43:20Z</time>
      </trkpt>
      <trkpt lat="41.630110" lon="2.385845">
        <ele>167.482</ele>
        <time>2024-12-13T13:43:23Z</time>
      </trkpt>
      <trkpt lat="41.630143" lon="2.385908">
        <ele>167.280</ele>
        <time>2024-12-13T13:43:29Z</time>
      </trkpt>
      <trkpt lat="41.630156" lon="2.385944">
        <ele>167.297</ele>
        <time>2024-12-13T13:43:32Z</time>
      </trkpt>
      <trkpt lat="41.630173" lon="2.385984">
        <ele>167.169</ele>
        <time>2024-12-13T13:43:35Z</time>
      </trkpt>
      <trkpt lat="41.630188" lon="2.386022">
        <ele>167.024</ele>
        <time>2024-12-13T13:43:38Z</time>
      </trkpt>
      <trkpt lat="41.630212" lon="2.386086">
        <ele>166.937</ele>
        <time>2024-12-13T13:43:43Z</time>
      </trkpt>
      <trkpt lat="41.630225" lon="2.386120">
        <ele>166.841</ele>
        <time>2024-12-13T13:43:46Z</time>
      </trkpt>
      <trkpt lat="41.630245" lon="2.386187">
        <ele>167.265</ele>
        <time>2024-12-13T13:43:51Z</time>
      </trkpt>
      <trkpt lat="41.630261" lon="2.386226">
        <ele>167.438</ele>
        <time>2024-12-13T13:43:54Z</time>
      </trkpt>
      <trkpt lat="41.630278" lon="2.386262">
        <ele>167.564</ele>
        <time>2024-12-13T13:43:57Z</time>
      </trkpt>
      <trkpt lat="41.630297" lon="2.386302">
        <ele>167.606</ele>
        <time>2024-12-13T13:44:01Z</time>
      </trkpt>
      <trkpt lat="41.630315" lon="2.386343">
        <ele>167.716</ele>
        <time>2024-12-13T13:44:05Z</time>
      </trkpt>
      <trkpt lat="41.630328" lon="2.386380">
        <ele>167.809</ele>
        <time>2024-12-13T13:44:08Z</time>
      </trkpt>
      <trkpt lat="41.630344" lon="2.386416">
        <ele>167.997</ele>
        <time>2024-12-13T13:44:11Z</time>
      </trkpt>
      <trkpt lat="41.630354" lon="2.386451">
        <ele>168.035</ele>
        <time>2024-12-13T13:44:13Z</time>
      </trkpt>
      <trkpt lat="41.630382" lon="2.386524">
        <ele>168.392</ele>
        <time>2024-12-13T13:44:20Z</time>
      </trkpt>
      <trkpt lat="41.630394" lon="2.386559">
        <ele>168.574</ele>
        <time>2024-12-13T13:44:22Z</time>
      </trkpt>
      <trkpt lat="41.630408" lon="2.386599">
        <ele>168.619</ele>
        <time>2024-12-13T13:44:25Z</time>
      </trkpt>
      <trkpt lat="41.630422" lon="2.386635">
        <ele>168.852</ele>
        <time>2024-12-13T13:44:28Z</time>
      </trkpt>
      <trkpt lat="41.630435" lon="2.386674">
        <ele>169.036</ele>
        <time>2024-12-13T13:44:31Z</time>
      </trkpt>
      <trkpt lat="41.630449" lon="2.386710">
        <ele>169.210</ele>
        <time>2024-12-13T13:44:34Z</time>
      </trkpt>
      <trkpt lat="41.630464" lon="2.386752">
        <ele>169.343</ele>
        <time>2024-12-13T13:44:38Z</time>
      </trkpt>
      <trkpt lat="41.630480" lon="2.386794">
        <ele>169.518</ele>
        <time>2024-12-13T13:44:41Z</time>
      </trkpt>
      <trkpt lat="41.630496" lon="2.386829">
        <ele>169.698</ele>
        <time>2024-12-13T13:44:44Z</time>
      </trkpt>
      <trkpt lat="41.630509" lon="2.386864">
        <ele>169.717</ele>
        <time>2024-12-13T13:44:47Z</time>
      </trkpt>
      <trkpt lat="41.630524" lon="2.386896">
        <ele>169.809</ele>
        <time>2024-12-13T13:44:50Z</time>
      </trkpt>
      <trkpt lat="41.630538" lon="2.386934">
        <ele>170.042</ele>
        <time>2024-12-13T13:44:53Z</time>
      </trkpt>
      <trkpt lat="41.630550" lon="2.386970">
        <ele>169.990</ele>
        <time>2024-12-13T13:44:56Z</time>
      </trkpt>
      <trkpt lat="41.630560" lon="2.387005">
        <ele>169.817</ele>
        <time>2024-12-13T13:44:58Z</time>
      </trkpt>
      <trkpt lat="41.630570" lon="2.387042">
        <ele>169.689</ele>
        <time>2024-12-13T13:45:01Z</time>
      </trkpt>
      <trkpt lat="41.630582" lon="2.387085">
        <ele>169.494</ele>
        <time>2024-12-13T13:45:05Z</time>
      </trkpt>
      <trkpt lat="41.630596" lon="2.387128">
        <ele>169.127</ele>
        <time>2024-12-13T13:45:08Z</time>
      </trkpt>
      <trkpt lat="41.630611" lon="2.387163">
        <ele>169.031</ele>
        <time>2024-12-13T13:45:11Z</time>
      </trkpt>
      <trkpt lat="41.630634" lon="2.387231">
        <ele>168.765</ele>
        <time>2024-12-13T13:45:17Z</time>
      </trkpt>
      <trkpt lat="41.630648" lon="2.387272">
        <ele>168.718</ele>
        <time>2024-12-13T13:45:20Z</time>
      </trkpt>
      <trkpt lat="41.630663" lon="2.387315">
        <ele>168.642</ele>
        <time>2024-12-13T13:45:23Z</time>
      </trkpt>
      <trkpt lat="41.630681" lon="2.387358">
        <ele>168.522</ele>
        <time>2024-12-13T13:45:27Z</time>
      </trkpt>
      <trkpt lat="41.630706" lon="2.387428">
        <ele>168.514</ele>
        <time>2024-12-13T13:45:33Z</time>
      </trkpt>
      <trkpt lat="41.630716" lon="2.387467">
        <ele>168.409</ele>
        <time>2024-12-13T13:45:36Z</time>
      </trkpt>
      <trkpt lat="41.630738" lon="2.387533">
        <ele>168.435</ele>
        <time>2024-12-13T13:45:41Z</time>
      </trkpt>
      <trkpt lat="41.630748" lon="2.387569">
        <ele>168.413</ele>
        <time>2024-12-13T13:45:44Z</time>
      </trkpt>
      <trkpt lat="41.630764" lon="2.387625">
        <ele>168.460</ele>
        <time>2024-12-13T13:45:48Z</time>
      </trkpt>
      <trkpt lat="41.630784" lon="2.387690">
        <ele>168.362</ele>
        <time>2024-12-13T13:45:53Z</time>
      </trkpt>
      <trkpt lat="41.630797" lon="2.387731">
        <ele>168.257</ele>
        <time>2024-12-13T13:45:57Z</time>
      </trkpt>
      <trkpt lat="41.630810" lon="2.387765">
        <ele>168.210</ele>
        <time>2024-12-13T13:45:59Z</time>
      </trkpt>
      <trkpt lat="41.630824" lon="2.387828">
        <ele>168.434</ele>
        <time>2024-12-13T13:46:04Z</time>
      </trkpt>
      <trkpt lat="41.630830" lon="2.387865">
        <ele>168.698</ele>
        <time>2024-12-13T13:46:07Z</time>
      </trkpt>
      <trkpt lat="41.630839" lon="2.387906">
        <ele>168.991</ele>
        <time>2024-12-13T13:46:10Z</time>
      </trkpt>
      <trkpt lat="41.630850" lon="2.387942">
        <ele>169.297</ele>
        <time>2024-12-13T13:46:12Z</time>
      </trkpt>
      <trkpt lat="41.630863" lon="2.387982">
        <ele>169.623</ele>
        <time>2024-12-13T13:46:16Z</time>
      </trkpt>
      <trkpt lat="41.630873" lon="2.388022">
        <ele>169.925</ele>
        <time>2024-12-13T13:46:19Z</time>
      </trkpt>
      <trkpt lat="41.630882" lon="2.388066">
        <ele>170.209</ele>
        <time>2024-12-13T13:46:22Z</time>
      </trkpt>
      <trkpt lat="41.630898" lon="2.388134">
        <ele>170.790</ele>
        <time>2024-12-13T13:46:27Z</time>
      </trkpt>
      <trkpt lat="41.630918" lon="2.388197">
        <ele>171.278</ele>
        <time>2024-12-13T13:46:32Z</time>
      </trkpt>
      <trkpt lat="41.630934" lon="2.388239">
        <ele>171.415</ele>
        <time>2024-12-13T13:46:35Z</time>
      </trkpt>
      <trkpt lat="41.630946" lon="2.388287">
        <ele>171.787</ele>
        <time>2024-12-13T13:46:39Z</time>
      </trkpt>
      <trkpt lat="41.630954" lon="2.388326">
        <ele>172.042</ele>
        <time>2024-12-13T13:46:42Z</time>
      </trkpt>
      <trkpt lat="41.630983" lon="2.388354">
        <ele>172.195</ele>
        <time>2024-12-13T13:46:45Z</time>
      </trkpt>
      <trkpt lat="41.631038" lon="2.388348">
        <ele>172.169</ele>
        <time>2024-12-13T13:46:51Z</time>
      </trkpt>
      <trkpt lat="41.631074" lon="2.388335">
        <ele>172.053</ele>
        <time>2024-12-13T13:46:54Z</time>
      </trkpt>
      <trkpt lat="41.631114" lon="2.388318">
        <ele>172.096</ele>
        <time>2024-12-13T13:46:58Z</time>
      </trkpt>
      <trkpt lat="41.631155" lon="2.388292">
        <ele>172.025</ele>
        <time>2024-12-13T13:47:02Z</time>
      </trkpt>
      <trkpt lat="41.631197" lon="2.388261">
        <ele>172.026</ele>
        <time>2024-12-13T13:47:07Z</time>
      </trkpt>
      <trkpt lat="41.631223" lon="2.388242">
        <ele>172.108</ele>
        <time>2024-12-13T13:47:10Z</time>
      </trkpt>
      <trkpt lat="41.631263" lon="2.388204">
        <ele>172.109</ele>
        <time>2024-12-13T13:47:14Z</time>
      </trkpt>
      <trkpt lat="41.631290" lon="2.388187">
        <ele>172.173</ele>
        <time>2024-12-13T13:47:17Z</time>
      </trkpt>
      <trkpt lat="41.631322" lon="2.388163">
        <ele>172.151</ele>
        <time>2024-12-13T13:47:21Z</time>
      </trkpt>
      <trkpt lat="41.631353" lon="2.388144">
        <ele>172.238</ele>
        <time>2024-12-13T13:47:24Z</time>
      </trkpt>
      <trkpt lat="41.631400" lon="2.388114">
        <ele>172.240</ele>
        <time>2024-12-13T13:47:29Z</time>
      </trkpt>
      <trkpt lat="41.631450" lon="2.388111">
        <ele>172.245</ele>
        <time>2024-12-13T13:47:34Z</time>
      </trkpt>
      <trkpt lat="41.631477" lon="2.388116">
        <ele>172.298</ele>
        <time>2024-12-13T13:47:37Z</time>
      </trkpt>
      <trkpt lat="41.631511" lon="2.388112">
        <ele>172.222</ele>
        <time>2024-12-13T13:47:40Z</time>
      </trkpt>
      <trkpt lat="41.631551" lon="2.388104">
        <ele>172.236</ele>
        <time>2024-12-13T13:47:44Z</time>
      </trkpt>
      <trkpt lat="41.631592" lon="2.388085">
        <ele>172.179</ele>
        <time>2024-12-13T13:47:48Z</time>
      </trkpt>
      <trkpt lat="41.631625" lon="2.388060">
        <ele>172.091</ele>
        <time>2024-12-13T13:47:52Z</time>
      </trkpt>
      <trkpt lat="41.631653" lon="2.388045">
        <ele>172.081</ele>
        <time>2024-12-13T13:47:54Z</time>
      </trkpt>
      <trkpt lat="41.631686" lon="2.388018">
        <ele>171.919</ele>
        <time>2024-12-13T13:47:58Z</time>
      </trkpt>
      <trkpt lat="41.631719" lon="2.388005">
        <ele>171.809</ele>
        <time>2024-12-13T13:48:01Z</time>
      </trkpt>
      <trkpt lat="41.631755" lon="2.387998">
        <ele>171.860</ele>
        <time>2024-12-13T13:48:05Z</time>
      </trkpt>
      <trkpt lat="41.631790" lon="2.387995">
        <ele>171.878</ele>
        <time>2024-12-13T13:48:08Z</time>
      </trkpt>
      <trkpt lat="41.631818" lon="2.387993">
        <ele>171.835</ele>
        <time>2024-12-13T13:48:11Z</time>
      </trkpt>
      <trkpt lat="41.631845" lon="2.387986">
        <ele>171.887</ele>
        <time>2024-12-13T13:48:13Z</time>
      </trkpt>
      <trkpt lat="41.631872" lon="2.387978">
        <ele>171.732</ele>
        <time>2024-12-13T13:48:16Z</time>
      </trkpt>
      <trkpt lat="41.631902" lon="2.387987">
        <ele>171.895</ele>
        <time>2024-12-13T13:48:19Z</time>
      </trkpt>
      <trkpt lat="41.631929" lon="2.387983">
        <ele>171.759</ele>
        <time>2024-12-13T13:48:21Z</time>
      </trkpt>
      <trkpt lat="41.631960" lon="2.387976">
        <ele>171.733</ele>
        <time>2024-12-13T13:48:24Z</time>
      </trkpt>
      <trkpt lat="41.632007" lon="2.387959">
        <ele>171.676</ele>
        <time>2024-12-13T13:48:29Z</time>
      </trkpt>
      <trkpt lat="41.632036" lon="2.387946">
        <ele>171.517</ele>
        <time>2024-12-13T13:48:32Z</time>
      </trkpt>
      <trkpt lat="41.632062" lon="2.387928">
        <ele>171.587</ele>
        <time>2024-12-13T13:48:34Z</time>
      </trkpt>
      <trkpt lat="41.632112" lon="2.387921">
        <ele>171.515</ele>
        <time>2024-12-13T13:48:40Z</time>
      </trkpt>
      <trkpt lat="41.632138" lon="2.387910">
        <ele>171.509</ele>
        <time>2024-12-13T13:48:43Z</time>
      </trkpt>
      <trkpt lat="41.632166" lon="2.387900">
        <ele>171.532</ele>
        <time>2024-12-13T13:48:46Z</time>
      </trkpt>
      <trkpt lat="41.632198" lon="2.387892">
        <ele>171.610</ele>
        <time>2024-12-13T13:48:49Z</time>
      </trkpt>
      <trkpt lat="41.632230" lon="2.387882">
        <ele>171.617</ele>
        <time>2024-12-13T13:48:52Z</time>
      </trkpt>
      <trkpt lat="41.632284" lon="2.387855">
        <ele>171.679</ele>
        <time>2024-12-13T13:48:57Z</time>
      </trkpt>
      <trkpt lat="41.632312" lon="2.387834">
        <ele>171.564</ele>
        <time>2024-12-13T13:49:00Z</time>
      </trkpt>
      <trkpt lat="41.632334" lon="2.387808">
        <ele>171.557</ele>
        <time>2024-12-13T13:49:03Z</time>
      </trkpt>
      <trkpt lat="41.632353" lon="2.387774">
        <ele>171.511</ele>
        <time>2024-12-13T13:49:06Z</time>
      </trkpt>
      <trkpt lat="41.632370" lon="2.387734">
        <ele>171.585</ele>
        <time>2024-12-13T13:49:09Z</time>
      </trkpt>
      <trkpt lat="41.632382" lon="2.387690">
        <ele>171.588</ele>
        <time>2024-12-13T13:49:12Z</time>
      </trkpt>
      <trkpt lat="41.632390" lon="2.387647">
        <ele>171.543</ele>
        <time>2024-12-13T13:49:15Z</time>
      </trkpt>
      <trkpt lat="41.632391" lon="2.387602">
        <ele>171.564</ele>
        <time>2024-12-13T13:49:18Z</time>
      </trkpt>
      <trkpt lat="41.632393" lon="2.387560">
        <ele>171.610</ele>
        <time>2024-12-13T13:49:21Z</time>
      </trkpt>
      <trkpt lat="41.632390" lon="2.387521">
        <ele>171.609</ele>
        <time>2024-12-13T13:49:24Z</time>
      </trkpt>
      <trkpt lat="41.632390" lon="2.387484">
        <ele>171.615</ele>
        <time>2024-12-13T13:49:27Z</time>
      </trkpt>
      <trkpt lat="41.632389" lon="2.387440">
        <ele>171.693</ele>
        <time>2024-12-13T13:49:30Z</time>
      </trkpt>
      <trkpt lat="41.632391" lon="2.387398">
        <ele>171.690</ele>
        <time>2024-12-13T13:49:33Z</time>
      </trkpt>
      <trkpt lat="41.632388" lon="2.387357">
        <ele>171.682</ele>
        <time>2024-12-13T13:49:35Z</time>
      </trkpt>
      <trkpt lat="41.632392" lon="2.387320">
        <ele>171.677</ele>
        <time>2024-12-13T13:49:38Z</time>
      </trkpt>
      <trkpt lat="41.632401" lon="2.387280">
        <ele>171.630</ele>
        <time>2024-12-13T13:49:41Z</time>
      </trkpt>
      <trkpt lat="41.632408" lon="2.387219">
        <ele>171.724</ele>
        <time>2024-12-13T13:49:45Z</time>
      </trkpt>
      <trkpt lat="41.632412" lon="2.387163">
        <ele>171.748</ele>
        <time>2024-12-13T13:49:49Z</time>
      </trkpt>
      <trkpt lat="41.632416" lon="2.387102">
        <ele>171.731</ele>
        <time>2024-12-13T13:49:53Z</time>
      </trkpt>
      <trkpt lat="41.632412" lon="2.387035">
        <ele>171.748</ele>
        <time>2024-12-13T13:50:00Z</time>
      </trkpt>
      <trkpt lat="41.632417" lon="2.386991">
        <ele>171.761</ele>
        <time>2024-12-13T13:50:04Z</time>
      </trkpt>
      <trkpt lat="41.632420" lon="2.386944">
        <ele>171.717</ele>
        <time>2024-12-13T13:50:08Z</time>
      </trkpt>
      <trkpt lat="41.632416" lon="2.386879">
        <ele>171.709</ele>
        <time>2024-12-13T13:50:13Z</time>
      </trkpt>
      <trkpt lat="41.632412" lon="2.386841">
        <ele>171.755</ele>
        <time>2024-12-13T13:50:16Z</time>
      </trkpt>
      <trkpt lat="41.632405" lon="2.386780">
        <ele>171.793</ele>
        <time>2024-12-13T13:50:26Z</time>
      </trkpt>
      <trkpt lat="41.632414" lon="2.386711">
        <ele>171.740</ele>
        <time>2024-12-13T13:50:34Z</time>
      </trkpt>
      <trkpt lat="41.632436" lon="2.386652">
        <ele>171.832</ele>
        <time>2024-12-13T13:50:39Z</time>
      </trkpt>
      <trkpt lat="41.632468" lon="2.386712">
        <ele>171.967</ele>
        <time>2024-12-13T13:50:44Z</time>
      </trkpt>
      <trkpt lat="41.632486" lon="2.386775">
        <ele>172.080</ele>
        <time>2024-12-13T13:50:49Z</time>
      </trkpt>
      <trkpt lat="41.632497" lon="2.386814">
        <ele>172.044</ele>
        <time>2024-12-13T13:50:52Z</time>
      </trkpt>
      <trkpt lat="41.632506" lon="2.386848">
        <ele>172.198</ele>
        <time>2024-12-13T13:50:55Z</time>
      </trkpt>
      <trkpt lat="41.632513" lon="2.386884">
        <ele>172.141</ele>
        <time>2024-12-13T13:50:57Z</time>
      </trkpt>
      <trkpt lat="41.632518" lon="2.386925">
        <ele>172.295</ele>
        <time>2024-12-13T13:51:00Z</time>
      </trkpt>
      <trkpt lat="41.632525" lon="2.386960">
        <ele>172.349</ele>
        <time>2024-12-13T13:51:03Z</time>
      </trkpt>
      <trkpt lat="41.632535" lon="2.387002">
        <ele>172.423</ele>
        <time>2024-12-13T13:51:06Z</time>
      </trkpt>
      <trkpt lat="41.632546" lon="2.387042">
        <ele>172.409</ele>
        <time>2024-12-13T13:51:09Z</time>
      </trkpt>
      <trkpt lat="41.632554" lon="2.387080">
        <ele>172.570</ele>
        <time>2024-12-13T13:51:12Z</time>
      </trkpt>
      <trkpt lat="41.632563" lon="2.387119">
        <ele>172.558</ele>
        <time>2024-12-13T13:51:15Z</time>
      </trkpt>
      <trkpt lat="41.632576" lon="2.387159">
        <ele>172.655</ele>
        <time>2024-12-13T13:51:18Z</time>
      </trkpt>
      <trkpt lat="41.632585" lon="2.387201">
        <ele>172.647</ele>
        <time>2024-12-13T13:51:21Z</time>
      </trkpt>
      <trkpt lat="41.632596" lon="2.387238">
        <ele>172.712</ele>
        <time>2024-12-13T13:51:24Z</time>
      </trkpt>
      <trkpt lat="41.632619" lon="2.387306">
        <ele>172.745</ele>
        <time>2024-12-13T13:51:30Z</time>
      </trkpt>
      <trkpt lat="41.632632" lon="2.387341">
        <ele>172.769</ele>
        <time>2024-12-13T13:51:33Z</time>
      </trkpt>
      <trkpt lat="41.632645" lon="2.387388">
        <ele>172.763</ele>
        <time>2024-12-13T13:51:36Z</time>
      </trkpt>
      <trkpt lat="41.632654" lon="2.387432">
        <ele>172.746</ele>
        <time>2024-12-13T13:51:39Z</time>
      </trkpt>
      <trkpt lat="41.632664" lon="2.387475">
        <ele>172.675</ele>
        <time>2024-12-13T13:51:43Z</time>
      </trkpt>
      <trkpt lat="41.632679" lon="2.387513">
        <ele>172.628</ele>
        <time>2024-12-13T13:51:46Z</time>
      </trkpt>
      <trkpt lat="41.632696" lon="2.387573">
        <ele>172.620</ele>
        <time>2024-12-13T13:51:50Z</time>
      </trkpt>
      <trkpt lat="41.632709" lon="2.387609">
        <ele>172.709</ele>
        <time>2024-12-13T13:51:53Z</time>
      </trkpt>
      <trkpt lat="41.632718" lon="2.387644">
        <ele>172.718</ele>
        <time>2024-12-13T13:51:56Z</time>
      </trkpt>
      <trkpt lat="41.632729" lon="2.387713">
        <ele>172.726</ele>
        <time>2024-12-13T13:52:01Z</time>
      </trkpt>
      <trkpt lat="41.632728" lon="2.387750">
        <ele>172.773</ele>
        <time>2024-12-13T13:52:03Z</time>
      </trkpt>
      <trkpt lat="41.632726" lon="2.387794">
        <ele>172.675</ele>
        <time>2024-12-13T13:52:07Z</time>
      </trkpt>
      <trkpt lat="41.632724" lon="2.387835">
        <ele>172.450</ele>
        <time>2024-12-13T13:52:09Z</time>
      </trkpt>
      <trkpt lat="41.632727" lon="2.387877">
        <ele>172.383</ele>
        <time>2024-12-13T13:52:12Z</time>
      </trkpt>
      <trkpt lat="41.632730" lon="2.387924">
        <ele>172.217</ele>
        <time>2024-12-13T13:52:16Z</time>
      </trkpt>
      <trkpt lat="41.632734" lon="2.387967">
        <ele>172.111</ele>
        <time>2024-12-13T13:52:19Z</time>
      </trkpt>
      <trkpt lat="41.632731" lon="2.388037">
        <ele>171.974</ele>
        <time>2024-12-13T13:52:24Z</time>
      </trkpt>
      <trkpt lat="41.632733" lon="2.388073">
        <ele>171.899</ele>
        <time>2024-12-13T13:52:26Z</time>
      </trkpt>
      <trkpt lat="41.632733" lon="2.388119">
        <ele>171.607</ele>
        <time>2024-12-13T13:52:30Z</time>
      </trkpt>
      <trkpt lat="41.632731" lon="2.388166">
        <ele>171.427</ele>
        <time>2024-12-13T13:52:33Z</time>
      </trkpt>
      <trkpt lat="41.632732" lon="2.388211">
        <ele>171.309</ele>
        <time>2024-12-13T13:52:36Z</time>
      </trkpt>
      <trkpt lat="41.632736" lon="2.388255">
        <ele>171.160</ele>
        <time>2024-12-13T13:52:39Z</time>
      </trkpt>
      <trkpt lat="41.632747" lon="2.388310">
        <ele>171.078</ele>
        <time>2024-12-13T13:52:44Z</time>
      </trkpt>
      <trkpt lat="41.632758" lon="2.388379">
        <ele>170.965</ele>
        <time>2024-12-13T13:52:49Z</time>
      </trkpt>
      <trkpt lat="41.632758" lon="2.388417">
        <ele>170.977</ele>
        <time>2024-12-13T13:52:52Z</time>
      </trkpt>
      <trkpt lat="41.632762" lon="2.388494">
        <ele>170.942</ele>
        <time>2024-12-13T13:52:57Z</time>
      </trkpt>
      <trkpt lat="41.632763" lon="2.388533">
        <ele>170.965</ele>
        <time>2024-12-13T13:53:00Z</time>
      </trkpt>
      <trkpt lat="41.632764" lon="2.388578">
        <ele>170.989</ele>
        <time>2024-12-13T13:53:03Z</time>
      </trkpt>
      <trkpt lat="41.632773" lon="2.388643">
        <ele>171.073</ele>
        <time>2024-12-13T13:53:08Z</time>
      </trkpt>
      <trkpt lat="41.632782" lon="2.388679">
        <ele>171.096</ele>
        <time>2024-12-13T13:53:11Z</time>
      </trkpt>
      <trkpt lat="41.632787" lon="2.388723">
        <ele>171.124</ele>
        <time>2024-12-13T13:53:14Z</time>
      </trkpt>
      <trkpt lat="41.632790" lon="2.388762">
        <ele>171.104</ele>
        <time>2024-12-13T13:53:17Z</time>
      </trkpt>
      <trkpt lat="41.632792" lon="2.388799">
        <ele>171.214</ele>
        <time>2024-12-13T13:53:20Z</time>
      </trkpt>
      <trkpt lat="41.632796" lon="2.388836">
        <ele>171.209</ele>
        <time>2024-12-13T13:53:22Z</time>
      </trkpt>
      <trkpt lat="41.632797" lon="2.388888">
        <ele>171.233</ele>
        <time>2024-12-13T13:53:26Z</time>
      </trkpt>
      <trkpt lat="41.632797" lon="2.388933">
        <ele>171.251</ele>
        <time>2024-12-13T13:53:29Z</time>
      </trkpt>
      <trkpt lat="41.632799" lon="2.388975">
        <ele>171.288</ele>
        <time>2024-12-13T13:53:32Z</time>
      </trkpt>
      <trkpt lat="41.632796" lon="2.389013">
        <ele>171.270</ele>
        <time>2024-12-13T13:53:35Z</time>
      </trkpt>
      <trkpt lat="41.632794" lon="2.389056">
        <ele>171.275</ele>
        <time>2024-12-13T13:53:38Z</time>
      </trkpt>
      <trkpt lat="41.632794" lon="2.389093">
        <ele>171.268</ele>
        <time>2024-12-13T13:53:41Z</time>
      </trkpt>
      <trkpt lat="41.632792" lon="2.389130">
        <ele>171.242</ele>
        <time>2024-12-13T13:53:43Z</time>
      </trkpt>
      <trkpt lat="41.632791" lon="2.389173">
        <ele>171.156</ele>
        <time>2024-12-13T13:53:46Z</time>
      </trkpt>
      <trkpt lat="41.632792" lon="2.389242">
        <ele>170.969</ele>
        <time>2024-12-13T13:53:52Z</time>
      </trkpt>
      <trkpt lat="41.632780" lon="2.389315">
        <ele>170.598</ele>
        <time>2024-12-13T13:53:58Z</time>
      </trkpt>
      <trkpt lat="41.632777" lon="2.389357">
        <ele>170.315</ele>
        <time>2024-12-13T13:54:01Z</time>
      </trkpt>
      <trkpt lat="41.632773" lon="2.389397">
        <ele>170.226</ele>
        <time>2024-12-13T13:54:04Z</time>
      </trkpt>
      <trkpt lat="41.632778" lon="2.389440">
        <ele>170.009</ele>
        <time>2024-12-13T13:54:07Z</time>
      </trkpt>
      <trkpt lat="41.632775" lon="2.389483">
        <ele>170.110</ele>
        <time>2024-12-13T13:54:10Z</time>
      </trkpt>
      <trkpt lat="41.632774" lon="2.389522">
        <ele>170.328</ele>
        <time>2024-12-13T13:54:13Z</time>
      </trkpt>
      <trkpt lat="41.632775" lon="2.389593">
        <ele>170.595</ele>
        <time>2024-12-13T13:54:18Z</time>
      </trkpt>
      <trkpt lat="41.632767" lon="2.389669">
        <ele>170.897</ele>
        <time>2024-12-13T13:54:23Z</time>
      </trkpt>
      <trkpt lat="41.632767" lon="2.389708">
        <ele>170.942</ele>
        <time>2024-12-13T13:54:26Z</time>
      </trkpt>
      <trkpt lat="41.632766" lon="2.389748">
        <ele>171.025</ele>
        <time>2024-12-13T13:54:29Z</time>
      </trkpt>
      <trkpt lat="41.632766" lon="2.389792">
        <ele>171.259</ele>
        <time>2024-12-13T13:54:32Z</time>
      </trkpt>
      <trkpt lat="41.632770" lon="2.389835">
        <ele>171.433</ele>
        <time>2024-12-13T13:54:35Z</time>
      </trkpt>
      <trkpt lat="41.632771" lon="2.389876">
        <ele>171.536</ele>
        <time>2024-12-13T13:54:38Z</time>
      </trkpt>
      <trkpt lat="41.632767" lon="2.389917">
        <ele>171.679</ele>
        <time>2024-12-13T13:54:41Z</time>
      </trkpt>
      <trkpt lat="41.632760" lon="2.389957">
        <ele>171.705</ele>
        <time>2024-12-13T13:54:44Z</time>
      </trkpt>
      <trkpt lat="41.632757" lon="2.389998">
        <ele>171.825</ele>
        <time>2024-12-13T13:54:47Z</time>
      </trkpt>
      <trkpt lat="41.632753" lon="2.390040">
        <ele>171.809</ele>
        <time>2024-12-13T13:54:50Z</time>
      </trkpt>
      <trkpt lat="41.632750" lon="2.390105">
        <ele>171.848</ele>
        <time>2024-12-13T13:54:54Z</time>
      </trkpt>
      <trkpt lat="41.632753" lon="2.390149">
        <ele>171.846</ele>
        <time>2024-12-13T13:54:57Z</time>
      </trkpt>
      <trkpt lat="41.632757" lon="2.390186">
        <ele>171.933</ele>
        <time>2024-12-13T13:55:00Z</time>
      </trkpt>
      <trkpt lat="41.632759" lon="2.390227">
        <ele>171.935</ele>
        <time>2024-12-13T13:55:03Z</time>
      </trkpt>
      <trkpt lat="41.632758" lon="2.390270">
        <ele>171.990</ele>
        <time>2024-12-13T13:55:06Z</time>
      </trkpt>
      <trkpt lat="41.632757" lon="2.390311">
        <ele>171.953</ele>
        <time>2024-12-13T13:55:10Z</time>
      </trkpt>
      <trkpt lat="41.632757" lon="2.390349">
        <ele>171.917</ele>
        <time>2024-12-13T13:55:12Z</time>
      </trkpt>
      <trkpt lat="41.632760" lon="2.390385">
        <ele>171.991</ele>
        <time>2024-12-13T13:55:15Z</time>
      </trkpt>
      <trkpt lat="41.632758" lon="2.390428">
        <ele>171.944</ele>
        <time>2024-12-13T13:55:19Z</time>
      </trkpt>
      <trkpt lat="41.632761" lon="2.390474">
        <ele>171.962</ele>
        <time>2024-12-13T13:55:22Z</time>
      </trkpt>
      <trkpt lat="41.632763" lon="2.390510">
        <ele>171.983</ele>
        <time>2024-12-13T13:55:24Z</time>
      </trkpt>
      <trkpt lat="41.632764" lon="2.390550">
        <ele>171.911</ele>
        <time>2024-12-13T13:55:27Z</time>
      </trkpt>
      <trkpt lat="41.632766" lon="2.390596">
        <ele>171.809</ele>
        <time>2024-12-13T13:55:31Z</time>
      </trkpt>
      <trkpt lat="41.632770" lon="2.390635">
        <ele>171.777</ele>
        <time>2024-12-13T13:55:34Z</time>
      </trkpt>
      <trkpt lat="41.632770" lon="2.390677">
        <ele>171.555</ele>
        <time>2024-12-13T13:55:37Z</time>
      </trkpt>
      <trkpt lat="41.632772" lon="2.390717">
        <ele>171.432</ele>
        <time>2024-12-13T13:55:40Z</time>
      </trkpt>
      <trkpt lat="41.632772" lon="2.390761">
        <ele>171.354</ele>
        <time>2024-12-13T13:55:43Z</time>
      </trkpt>
      <trkpt lat="41.632773" lon="2.390803">
        <ele>171.159</ele>
        <time>2024-12-13T13:55:46Z</time>
      </trkpt>
      <trkpt lat="41.632776" lon="2.390846">
        <ele>171.022</ele>
        <time>2024-12-13T13:55:49Z</time>
      </trkpt>
      <trkpt lat="41.632778" lon="2.390885">
        <ele>171.036</ele>
        <time>2024-12-13T13:55:52Z</time>
      </trkpt>
      <trkpt lat="41.632779" lon="2.390923">
        <ele>171.020</ele>
        <time>2024-12-13T13:55:54Z</time>
      </trkpt>
      <trkpt lat="41.632781" lon="2.390964">
        <ele>171.033</ele>
        <time>2024-12-13T13:55:57Z</time>
      </trkpt>
      <trkpt lat="41.632780" lon="2.391005">
        <ele>171.095</ele>
        <time>2024-12-13T13:56:00Z</time>
      </trkpt>
      <trkpt lat="41.632782" lon="2.391042">
        <ele>171.049</ele>
        <time>2024-12-13T13:56:03Z</time>
      </trkpt>
      <trkpt lat="41.632783" lon="2.391083">
        <ele>171.023</ele>
        <time>2024-12-13T13:56:06Z</time>
      </trkpt>
      <trkpt lat="41.632778" lon="2.391125">
        <ele>171.109</ele>
        <time>2024-12-13T13:56:09Z</time>
      </trkpt>
      <trkpt lat="41.632773" lon="2.391161">
        <ele>171.260</ele>
        <time>2024-12-13T13:56:11Z</time>
      </trkpt>
      <trkpt lat="41.632770" lon="2.391200">
        <ele>171.398</ele>
        <time>2024-12-13T13:56:14Z</time>
      </trkpt>
      <trkpt lat="41.632772" lon="2.391239">
        <ele>171.565</ele>
        <time>2024-12-13T13:56:17Z</time>
      </trkpt>
      <trkpt lat="41.632769" lon="2.391283">
        <ele>171.627</ele>
        <time>2024-12-13T13:56:21Z</time>
      </trkpt>
      <trkpt lat="41.632771" lon="2.391324">
        <ele>171.872</ele>
        <time>2024-12-13T13:56:24Z</time>
      </trkpt>
      <trkpt lat="41.632772" lon="2.391362">
        <ele>171.965</ele>
        <time>2024-12-13T13:56:26Z</time>
      </trkpt>
      <trkpt lat="41.632772" lon="2.391410">
        <ele>172.019</ele>
        <time>2024-12-13T13:56:30Z</time>
      </trkpt>
      <trkpt lat="41.632768" lon="2.391454">
        <ele>172.083</ele>
        <time>2024-12-13T13:56:33Z</time>
      </trkpt>
      <trkpt lat="41.632763" lon="2.391494">
        <ele>172.046</ele>
        <time>2024-12-13T13:56:36Z</time>
      </trkpt>
      <trkpt lat="41.632761" lon="2.391539">
        <ele>172.028</ele>
        <time>2024-12-13T13:56:39Z</time>
      </trkpt>
      <trkpt lat="41.632761" lon="2.391576">
        <ele>172.089</ele>
        <time>2024-12-13T13:56:42Z</time>
      </trkpt>
      <trkpt lat="41.632766" lon="2.391618">
        <ele>172.017</ele>
        <time>2024-12-13T13:56:45Z</time>
      </trkpt>
      <trkpt lat="41.632764" lon="2.391662">
        <ele>172.009</ele>
        <time>2024-12-13T13:56:48Z</time>
      </trkpt>
      <trkpt lat="41.632768" lon="2.391706">
        <ele>172.063</ele>
        <time>2024-12-13T13:56:52Z</time>
      </trkpt>
      <trkpt lat="41.632767" lon="2.391744">
        <ele>172.051</ele>
        <time>2024-12-13T13:56:55Z</time>
      </trkpt>
      <trkpt lat="41.632770" lon="2.391781">
        <ele>172.048</ele>
        <time>2024-12-13T13:56:58Z</time>
      </trkpt>
      <trkpt lat="41.632775" lon="2.391826">
        <ele>172.050</ele>
        <time>2024-12-13T13:57:01Z</time>
      </trkpt>
      <trkpt lat="41.632781" lon="2.391870">
        <ele>172.095</ele>
        <time>2024-12-13T13:57:04Z</time>
      </trkpt>
      <trkpt lat="41.632792" lon="2.391911">
        <ele>172.128</ele>
        <time>2024-12-13T13:57:07Z</time>
      </trkpt>
      <trkpt lat="41.632803" lon="2.391947">
        <ele>172.142</ele>
        <time>2024-12-13T13:57:10Z</time>
      </trkpt>
      <trkpt lat="41.632816" lon="2.391983">
        <ele>172.176</ele>
        <time>2024-12-13T13:57:13Z</time>
      </trkpt>
      <trkpt lat="41.632831" lon="2.392013">
        <ele>172.279</ele>
        <time>2024-12-13T13:57:15Z</time>
      </trkpt>
      <trkpt lat="41.632848" lon="2.392050">
        <ele>172.353</ele>
        <time>2024-12-13T13:57:18Z</time>
      </trkpt>
      <trkpt lat="41.632870" lon="2.392084">
        <ele>172.304</ele>
        <time>2024-12-13T13:57:21Z</time>
      </trkpt>
      <trkpt lat="41.632894" lon="2.392118">
        <ele>172.414</ele>
        <time>2024-12-13T13:57:25Z</time>
      </trkpt>
      <trkpt lat="41.632917" lon="2.392147">
        <ele>172.509</ele>
        <time>2024-12-13T13:57:28Z</time>
      </trkpt>
      <trkpt lat="41.632966" lon="2.392179">
        <ele>172.786</ele>
        <time>2024-12-13T13:57:33Z</time>
      </trkpt>
      <trkpt lat="41.632986" lon="2.392207">
        <ele>172.874</ele>
        <time>2024-12-13T13:57:36Z</time>
      </trkpt>
      <trkpt lat="41.633009" lon="2.392238">
        <ele>172.881</ele>
        <time>2024-12-13T13:57:39Z</time>
      </trkpt>
      <trkpt lat="41.633034" lon="2.392269">
        <ele>172.973</ele>
        <time>2024-12-13T13:57:42Z</time>
      </trkpt>
      <trkpt lat="41.633058" lon="2.392300">
        <ele>173.028</ele>
        <time>2024-12-13T13:57:46Z</time>
      </trkpt>
      <trkpt lat="41.633080" lon="2.392331">
        <ele>173.171</ele>
        <time>2024-12-13T13:57:49Z</time>
      </trkpt>
      <trkpt lat="41.633101" lon="2.392360">
        <ele>173.275</ele>
        <time>2024-12-13T13:57:52Z</time>
      </trkpt>
      <trkpt lat="41.633125" lon="2.392387">
        <ele>173.489</ele>
        <time>2024-12-13T13:57:55Z</time>
      </trkpt>
      <trkpt lat="41.633150" lon="2.392412">
        <ele>173.632</ele>
        <time>2024-12-13T13:57:58Z</time>
      </trkpt>
      <trkpt lat="41.633174" lon="2.392430">
        <ele>173.732</ele>
        <time>2024-12-13T13:58:01Z</time>
      </trkpt>
      <trkpt lat="41.633202" lon="2.392455">
        <ele>174.092</ele>
        <time>2024-12-13T13:58:04Z</time>
      </trkpt>
      <trkpt lat="41.633229" lon="2.392481">
        <ele>174.211</ele>
        <time>2024-12-13T13:58:08Z</time>
      </trkpt>
      <trkpt lat="41.633257" lon="2.392507">
        <ele>174.409</ele>
        <time>2024-12-13T13:58:11Z</time>
      </trkpt>
      <trkpt lat="41.633287" lon="2.392528">
        <ele>174.664</ele>
        <time>2024-12-13T13:58:16Z</time>
      </trkpt>
      <trkpt lat="41.633314" lon="2.392549">
        <ele>174.732</ele>
        <time>2024-12-13T13:58:19Z</time>
      </trkpt>
      <trkpt lat="41.633339" lon="2.392573">
        <ele>174.769</ele>
        <time>2024-12-13T13:58:23Z</time>
      </trkpt>
      <trkpt lat="41.633367" lon="2.392597">
        <ele>174.711</ele>
        <time>2024-12-13T13:58:27Z</time>
      </trkpt>
      <trkpt lat="41.633395" lon="2.392621">
        <ele>174.746</ele>
        <time>2024-12-13T13:58:31Z</time>
      </trkpt>
      <trkpt lat="41.633418" lon="2.392645">
        <ele>174.679</ele>
        <time>2024-12-13T13:58:35Z</time>
      </trkpt>
      <trkpt lat="41.633457" lon="2.392680">
        <ele>174.653</ele>
        <time>2024-12-13T13:58:39Z</time>
      </trkpt>
      <trkpt lat="41.633493" lon="2.392714">
        <ele>174.727</ele>
        <time>2024-12-13T13:58:45Z</time>
      </trkpt>
      <trkpt lat="41.633502" lon="2.392750">
        <ele>174.650</ele>
        <time>2024-12-13T13:58:47Z</time>
      </trkpt>
      <trkpt lat="41.633512" lon="2.392789">
        <ele>174.623</ele>
        <time>2024-12-13T13:58:50Z</time>
      </trkpt>
      <trkpt lat="41.633518" lon="2.392827">
        <ele>174.583</ele>
        <time>2024-12-13T13:58:53Z</time>
      </trkpt>
      <trkpt lat="41.633521" lon="2.392895">
        <ele>174.311</ele>
        <time>2024-12-13T13:58:58Z</time>
      </trkpt>
      <trkpt lat="41.633518" lon="2.392937">
        <ele>174.109</ele>
        <time>2024-12-13T13:59:01Z</time>
      </trkpt>
      <trkpt lat="41.633515" lon="2.392976">
        <ele>173.943</ele>
        <time>2024-12-13T13:59:03Z</time>
      </trkpt>
      <trkpt lat="41.633518" lon="2.393014">
        <ele>173.861</ele>
        <time>2024-12-13T13:59:06Z</time>
      </trkpt>
      <trkpt lat="41.633519" lon="2.393061">
        <ele>173.698</ele>
        <time>2024-12-13T13:59:09Z</time>
      </trkpt>
      <trkpt lat="41.633523" lon="2.393100">
        <ele>173.590</ele>
        <time>2024-12-13T13:59:12Z</time>
      </trkpt>
      <trkpt lat="41.633524" lon="2.393140">
        <ele>173.415</ele>
        <time>2024-12-13T13:59:15Z</time>
      </trkpt>
      <trkpt lat="41.633538" lon="2.393199">
        <ele>173.218</ele>
        <time>2024-12-13T13:59:20Z</time>
      </trkpt>
      <trkpt lat="41.633562" lon="2.393261">
        <ele>173.182</ele>
        <time>2024-12-13T13:59:25Z</time>
      </trkpt>
      <trkpt lat="41.633568" lon="2.393334">
        <ele>172.886</ele>
        <time>2024-12-13T13:59:30Z</time>
      </trkpt>
      <trkpt lat="41.633573" lon="2.393376">
        <ele>172.759</ele>
        <time>2024-12-13T13:59:33Z</time>
      </trkpt>
      <trkpt lat="41.633576" lon="2.393415">
        <ele>172.695</ele>
        <time>2024-12-13T13:59:36Z</time>
      </trkpt>
      <trkpt lat="41.633579" lon="2.393452">
        <ele>172.549</ele>
        <time>2024-12-13T13:59:39Z</time>
      </trkpt>
      <trkpt lat="41.633582" lon="2.393497">
        <ele>172.423</ele>
        <time>2024-12-13T13:59:42Z</time>
      </trkpt>
      <trkpt lat="41.633583" lon="2.393538">
        <ele>172.209</ele>
        <time>2024-12-13T13:59:45Z</time>
      </trkpt>
      <trkpt lat="41.633586" lon="2.393580">
        <ele>172.110</ele>
        <time>2024-12-13T13:59:48Z</time>
      </trkpt>
      <trkpt lat="41.633592" lon="2.393619">
        <ele>172.028</ele>
        <time>2024-12-13T13:59:51Z</time>
      </trkpt>
      <trkpt lat="41.633597" lon="2.393679">
        <ele>172.095</ele>
        <time>2024-12-13T13:59:55Z</time>
      </trkpt>
      <trkpt lat="41.633599" lon="2.393716">
        <ele>172.087</ele>
        <time>2024-12-13T13:59:58Z</time>
      </trkpt>
      <trkpt lat="41.633601" lon="2.393757">
        <ele>172.052</ele>
        <time>2024-12-13T14:00:01Z</time>
      </trkpt>
      <trkpt lat="41.633608" lon="2.393822">
        <ele>172.025</ele>
        <time>2024-12-13T14:00:05Z</time>
      </trkpt>
      <trkpt lat="41.633615" lon="2.393868">
        <ele>172.029</ele>
        <time>2024-12-13T14:00:09Z</time>
      </trkpt>
      <trkpt lat="41.633620" lon="2.393905">
        <ele>172.173</ele>
        <time>2024-12-13T14:00:12Z</time>
      </trkpt>
      <trkpt lat="41.633626" lon="2.393944">
        <ele>172.236</ele>
        <time>2024-12-13T14:00:15Z</time>
      </trkpt>
      <trkpt lat="41.633628" lon="2.393986">
        <ele>172.414</ele>
        <time>2024-12-13T14:00:18Z</time>
      </trkpt>
      <trkpt lat="41.633632" lon="2.394029">
        <ele>172.554</ele>
        <time>2024-12-13T14:00:21Z</time>
      </trkpt>
      <trkpt lat="41.633635" lon="2.394069">
        <ele>172.709</ele>
        <time>2024-12-13T14:00:24Z</time>
      </trkpt>
      <trkpt lat="41.633635" lon="2.394106">
        <ele>172.809</ele>
        <time>2024-12-13T14:00:26Z</time>
      </trkpt>
      <trkpt lat="41.633614" lon="2.394168">
        <ele>173.052</ele>
        <time>2024-12-13T14:00:31Z</time>
      </trkpt>
      <trkpt lat="41.633587" lon="2.394187">
        <ele>173.130</ele>
        <time>2024-12-13T14:00:34Z</time>
      </trkpt>
      <trkpt lat="41.633543" lon="2.394213">
        <ele>173.157</ele>
        <time>2024-12-13T14:00:38Z</time>
      </trkpt>
      <trkpt lat="41.633517" lon="2.394231">
        <ele>173.239</ele>
        <time>2024-12-13T14:00:41Z</time>
      </trkpt>
      <trkpt lat="41.633465" lon="2.394267">
        <ele>173.214</ele>
        <time>2024-12-13T14:00:46Z</time>
      </trkpt>
      <trkpt lat="41.633437" lon="2.394284">
        <ele>173.227</ele>
        <time>2024-12-13T14:00:49Z</time>
      </trkpt>
      <trkpt lat="41.633413" lon="2.394306">
        <ele>173.121</ele>
        <time>2024-12-13T14:00:52Z</time>
      </trkpt>
      <trkpt lat="41.633383" lon="2.394327">
        <ele>173.125</ele>
        <time>2024-12-13T14:00:55Z</time>
      </trkpt>
      <trkpt lat="41.633356" lon="2.394347">
        <ele>173.198</ele>
        <time>2024-12-13T14:00:58Z</time>
      </trkpt>
      <trkpt lat="41.633327" lon="2.394365">
        <ele>173.037</ele>
        <time>2024-12-13T14:01:01Z</time>
      </trkpt>
      <trkpt lat="41.633305" lon="2.394391">
        <ele>173.149</ele>
        <time>2024-12-13T14:01:04Z</time>
      </trkpt>
      <trkpt lat="41.633269" lon="2.394446">
        <ele>173.213</ele>
        <time>2024-12-13T14:01:11Z</time>
      </trkpt>
      <trkpt lat="41.633261" lon="2.394487">
        <ele>173.509</ele>
        <time>2024-12-13T14:01:14Z</time>
      </trkpt>
      <trkpt lat="41.633255" lon="2.394533">
        <ele>173.884</ele>
        <time>2024-12-13T14:01:18Z</time>
      </trkpt>
      <trkpt lat="41.633254" lon="2.394577">
        <ele>174.112</ele>
        <time>2024-12-13T14:01:21Z</time>
      </trkpt>
      <trkpt lat="41.633259" lon="2.394617">
        <ele>174.319</ele>
        <time>2024-12-13T14:01:24Z</time>
      </trkpt>
      <trkpt lat="41.633263" lon="2.394658">
        <ele>174.681</ele>
        <time>2024-12-13T14:01:27Z</time>
      </trkpt>
      <trkpt lat="41.633269" lon="2.394695">
        <ele>174.836</ele>
        <time>2024-12-13T14:01:30Z</time>
      </trkpt>
      <trkpt lat="41.633274" lon="2.394740">
        <ele>175.119</ele>
        <time>2024-12-13T14:01:34Z</time>
      </trkpt>
      <trkpt lat="41.633280" lon="2.394779">
        <ele>175.233</ele>
        <time>2024-12-13T14:01:37Z</time>
      </trkpt>
      <trkpt lat="41.633288" lon="2.394823">
        <ele>175.417</ele>
        <time>2024-12-13T14:01:40Z</time>
      </trkpt>
      <trkpt lat="41.633294" lon="2.394864">
        <ele>175.660</ele>
        <time>2024-12-13T14:01:43Z</time>
      </trkpt>
      <trkpt lat="41.633301" lon="2.394903">
        <ele>175.712</ele>
        <time>2024-12-13T14:01:46Z</time>
      </trkpt>
      <trkpt lat="41.633307" lon="2.394942">
        <ele>175.932</ele>
        <time>2024-12-13T14:01:48Z</time>
      </trkpt>
      <trkpt lat="41.633313" lon="2.394980">
        <ele>176.005</ele>
        <time>2024-12-13T14:01:51Z</time>
      </trkpt>
      <trkpt lat="41.633325" lon="2.395014">
        <ele>176.009</ele>
        <time>2024-12-13T14:01:54Z</time>
      </trkpt>
      <trkpt lat="41.633335" lon="2.395052">
        <ele>176.052</ele>
        <time>2024-12-13T14:01:57Z</time>
      </trkpt>
      <trkpt lat="41.633344" lon="2.395087">
        <ele>176.020</ele>
        <time>2024-12-13T14:02:00Z</time>
      </trkpt>
      <trkpt lat="41.633351" lon="2.395126">
        <ele>176.077</ele>
        <time>2024-12-13T14:02:03Z</time>
      </trkpt>
      <trkpt lat="41.633359" lon="2.395171">
        <ele>176.059</ele>
        <time>2024-12-13T14:02:06Z</time>
      </trkpt>
      <trkpt lat="41.633365" lon="2.395210">
        <ele>176.074</ele>
        <time>2024-12-13T14:02:09Z</time>
      </trkpt>
      <trkpt lat="41.633371" lon="2.395252">
        <ele>176.037</ele>
        <time>2024-12-13T14:02:12Z</time>
      </trkpt>
      <trkpt lat="41.633377" lon="2.395290">
        <ele>176.021</ele>
        <time>2024-12-13T14:02:15Z</time>
      </trkpt>
      <trkpt lat="41.633384" lon="2.395331">
        <ele>176.125</ele>
        <time>2024-12-13T14:02:18Z</time>
      </trkpt>
      <trkpt lat="41.633392" lon="2.395376">
        <ele>176.178</ele>
        <time>2024-12-13T14:02:22Z</time>
      </trkpt>
      <trkpt lat="41.633398" lon="2.395414">
        <ele>176.216</ele>
        <time>2024-12-13T14:02:24Z</time>
      </trkpt>
      <trkpt lat="41.633395" lon="2.395452">
        <ele>176.376</ele>
        <time>2024-12-13T14:02:27Z</time>
      </trkpt>
      <trkpt lat="41.633400" lon="2.395495">
        <ele>176.413</ele>
        <time>2024-12-13T14:02:30Z</time>
      </trkpt>
      <trkpt lat="41.633406" lon="2.395537">
        <ele>176.509</ele>
        <time>2024-12-13T14:02:33Z</time>
      </trkpt>
      <trkpt lat="41.633409" lon="2.395577">
        <ele>176.672</ele>
        <time>2024-12-13T14:02:36Z</time>
      </trkpt>
      <trkpt lat="41.633417" lon="2.395612">
        <ele>176.770</ele>
        <time>2024-12-13T14:02:39Z</time>
      </trkpt>
      <trkpt lat="41.633422" lon="2.395656">
        <ele>176.957</ele>
        <time>2024-12-13T14:02:43Z</time>
      </trkpt>
      <trkpt lat="41.633427" lon="2.395694">
        <ele>177.029</ele>
        <time>2024-12-13T14:02:45Z</time>
      </trkpt>
      <trkpt lat="41.633432" lon="2.395731">
        <ele>177.194</ele>
        <time>2024-12-13T14:02:48Z</time>
      </trkpt>
      <trkpt lat="41.633438" lon="2.395768">
        <ele>177.247</ele>
        <time>2024-12-13T14:02:51Z</time>
      </trkpt>
      <trkpt lat="41.633444" lon="2.395804">
        <ele>177.311</ele>
        <time>2024-12-13T14:02:53Z</time>
      </trkpt>
      <trkpt lat="41.633449" lon="2.395847">
        <ele>177.495</ele>
        <time>2024-12-13T14:02:56Z</time>
      </trkpt>
      <trkpt lat="41.633455" lon="2.395890">
        <ele>177.438</ele>
        <time>2024-12-13T14:02:59Z</time>
      </trkpt>
      <trkpt lat="41.633459" lon="2.395933">
        <ele>177.533</ele>
        <time>2024-12-13T14:03:03Z</time>
      </trkpt>
      <trkpt lat="41.633466" lon="2.396004">
        <ele>177.523</ele>
        <time>2024-12-13T14:03:08Z</time>
      </trkpt>
      <trkpt lat="41.633469" lon="2.396043">
        <ele>177.515</ele>
        <time>2024-12-13T14:03:10Z</time>
      </trkpt>
      <trkpt lat="41.633472" lon="2.396086">
        <ele>177.509</ele>
        <time>2024-12-13T14:03:13Z</time>
      </trkpt>
      <trkpt lat="41.633468" lon="2.396126">
        <ele>177.564</ele>
        <time>2024-12-13T14:03:16Z</time>
      </trkpt>
      <trkpt lat="41.633478" lon="2.396196">
        <ele>177.572</ele>
        <time>2024-12-13T14:03:22Z</time>
      </trkpt>
      <trkpt lat="41.633482" lon="2.396235">
        <ele>177.539</ele>
        <time>2024-12-13T14:03:25Z</time>
      </trkpt>
      <trkpt lat="41.633484" lon="2.396276">
        <ele>177.571</ele>
        <time>2024-12-13T14:03:28Z</time>
      </trkpt>
      <trkpt lat="41.633484" lon="2.396317">
        <ele>177.546</ele>
        <time>2024-12-13T14:03:30Z</time>
      </trkpt>
      <trkpt lat="41.633484" lon="2.396356">
        <ele>177.519</ele>
        <time>2024-12-13T14:03:34Z</time>
      </trkpt>
      <trkpt lat="41.633486" lon="2.396403">
        <ele>177.543</ele>
        <time>2024-12-13T14:03:37Z</time>
      </trkpt>
      <trkpt lat="41.633489" lon="2.396442">
        <ele>177.357</ele>
        <time>2024-12-13T14:03:40Z</time>
      </trkpt>
      <trkpt lat="41.633492" lon="2.396481">
        <ele>177.220</ele>
        <time>2024-12-13T14:03:43Z</time>
      </trkpt>
      <trkpt lat="41.633493" lon="2.396519">
        <ele>177.022</ele>
        <time>2024-12-13T14:03:47Z</time>
      </trkpt>
      <trkpt lat="41.633494" lon="2.396559">
        <ele>176.962</ele>
        <time>2024-12-13T14:03:50Z</time>
      </trkpt>
      <trkpt lat="41.633496" lon="2.396601">
        <ele>176.708</ele>
        <time>2024-12-13T14:03:54Z</time>
      </trkpt>
      <trkpt lat="41.633499" lon="2.396640">
        <ele>176.509</ele>
        <time>2024-12-13T14:03:56Z</time>
      </trkpt>
      <trkpt lat="41.633498" lon="2.396685">
        <ele>176.323</ele>
        <time>2024-12-13T14:04:00Z</time>
      </trkpt>
      <trkpt lat="41.633499" lon="2.396728">
        <ele>176.211</ele>
        <time>2024-12-13T14:04:03Z</time>
      </trkpt>
      <trkpt lat="41.633504" lon="2.396768">
        <ele>176.078</ele>
        <time>2024-12-13T14:04:06Z</time>
      </trkpt>
      <trkpt lat="41.633509" lon="2.396806">
        <ele>175.960</ele>
        <time>2024-12-13T14:04:08Z</time>
      </trkpt>
      <trkpt lat="41.633511" lon="2.396843">
        <ele>175.715</ele>
        <time>2024-12-13T14:04:11Z</time>
      </trkpt>
      <trkpt lat="41.633516" lon="2.396886">
        <ele>175.648</ele>
        <time>2024-12-13T14:04:14Z</time>
      </trkpt>
      <trkpt lat="41.633528" lon="2.396924">
        <ele>175.422</ele>
        <time>2024-12-13T14:04:17Z</time>
      </trkpt>
      <trkpt lat="41.633531" lon="2.396962">
        <ele>175.316</ele>
        <time>2024-12-13T14:04:20Z</time>
      </trkpt>
      <trkpt lat="41.633537" lon="2.397002">
        <ele>175.379</ele>
        <time>2024-12-13T14:04:23Z</time>
      </trkpt>
      <trkpt lat="41.633542" lon="2.397045">
        <ele>175.294</ele>
        <time>2024-12-13T14:04:26Z</time>
      </trkpt>
      <trkpt lat="41.633547" lon="2.397088">
        <ele>175.257</ele>
        <time>2024-12-13T14:04:29Z</time>
      </trkpt>
      <trkpt lat="41.633550" lon="2.397128">
        <ele>175.222</ele>
        <time>2024-12-13T14:04:32Z</time>
      </trkpt>
      <trkpt lat="41.633555" lon="2.397169">
        <ele>175.209</ele>
        <time>2024-12-13T14:04:35Z</time>
      </trkpt>
      <trkpt lat="41.633558" lon="2.397210">
        <ele>175.230</ele>
        <time>2024-12-13T14:04:38Z</time>
      </trkpt>
      <trkpt lat="41.633564" lon="2.397252">
        <ele>175.248</ele>
        <time>2024-12-13T14:04:41Z</time>
      </trkpt>
      <trkpt lat="41.633568" lon="2.397289">
        <ele>175.245</ele>
        <time>2024-12-13T14:04:43Z</time>
      </trkpt>
      <trkpt lat="41.633576" lon="2.397328">
        <ele>175.147</ele>
        <time>2024-12-13T14:04:46Z</time>
      </trkpt>
      <trkpt lat="41.633577" lon="2.397364">
        <ele>175.152</ele>
        <time>2024-12-13T14:04:49Z</time>
      </trkpt>
      <trkpt lat="41.633590" lon="2.397405">
        <ele>175.165</ele>
        <time>2024-12-13T14:04:52Z</time>
      </trkpt>
      <trkpt lat="41.633603" lon="2.397448">
        <ele>175.049</ele>
        <time>2024-12-13T14:04:56Z</time>
      </trkpt>
      <trkpt lat="41.633620" lon="2.397487">
        <ele>175.083</ele>
        <time>2024-12-13T14:04:59Z</time>
      </trkpt>
      <trkpt lat="41.633633" lon="2.397520">
        <ele>175.026</ele>
        <time>2024-12-13T14:05:02Z</time>
      </trkpt>
      <trkpt lat="41.633649" lon="2.397556">
        <ele>175.064</ele>
        <time>2024-12-13T14:05:04Z</time>
      </trkpt>
      <trkpt lat="41.633666" lon="2.397592">
        <ele>175.006</ele>
        <time>2024-12-13T14:05:08Z</time>
      </trkpt>
      <trkpt lat="41.633686" lon="2.397620">
        <ele>175.016</ele>
        <time>2024-12-13T14:05:11Z</time>
      </trkpt>
      <trkpt lat="41.633708" lon="2.397646">
        <ele>175.009</ele>
        <time>2024-12-13T14:05:14Z</time>
      </trkpt>
      <trkpt lat="41.633729" lon="2.397672">
        <ele>175.087</ele>
        <time>2024-12-13T14:05:16Z</time>
      </trkpt>
      <trkpt lat="41.633751" lon="2.397700">
        <ele>175.045</ele>
        <time>2024-12-13T14:05:19Z</time>
      </trkpt>
      <trkpt lat="41.633790" lon="2.397755">
        <ele>175.022</ele>
        <time>2024-12-13T14:05:24Z</time>
      </trkpt>
      <trkpt lat="41.633814" lon="2.397784">
        <ele>175.064</ele>
        <time>2024-12-13T14:05:28Z</time>
      </trkpt>
      <trkpt lat="41.633833" lon="2.397812">
        <ele>175.079</ele>
        <time>2024-12-13T14:05:31Z</time>
      </trkpt>
      <trkpt lat="41.633851" lon="2.397841">
        <ele>175.052</ele>
        <time>2024-12-13T14:05:33Z</time>
      </trkpt>
      <trkpt lat="41.633872" lon="2.397866">
        <ele>175.056</ele>
        <time>2024-12-13T14:05:37Z</time>
      </trkpt>
      <trkpt lat="41.633891" lon="2.397899">
        <ele>175.060</ele>
        <time>2024-12-13T14:05:40Z</time>
      </trkpt>
      <trkpt lat="41.633912" lon="2.397931">
        <ele>175.023</ele>
        <time>2024-12-13T14:05:43Z</time>
      </trkpt>
      <trkpt lat="41.633932" lon="2.397963">
        <ele>175.028</ele>
        <time>2024-12-13T14:05:46Z</time>
      </trkpt>
      <trkpt lat="41.633950" lon="2.397996">
        <ele>175.089</ele>
        <time>2024-12-13T14:05:49Z</time>
      </trkpt>
      <trkpt lat="41.633968" lon="2.398029">
        <ele>175.017</ele>
        <time>2024-12-13T14:05:51Z</time>
      </trkpt>
      <trkpt lat="41.633983" lon="2.398059">
        <ele>175.009</ele>
        <time>2024-12-13T14:05:55Z</time>
      </trkpt>
      <trkpt lat="41.634012" lon="2.398116">
        <ele>175.223</ele>
        <time>2024-12-13T14:05:59Z</time>
      </trkpt>
      <trkpt lat="41.634024" lon="2.398153">
        <ele>175.451</ele>
        <time>2024-12-13T14:06:02Z</time>
      </trkpt>
      <trkpt lat="41.634042" lon="2.398213">
        <ele>175.648</ele>
        <time>2024-12-13T14:06:07Z</time>
      </trkpt>
      <trkpt lat="41.634047" lon="2.398250">
        <ele>175.740</ele>
        <time>2024-12-13T14:06:10Z</time>
      </trkpt>
      <trkpt lat="41.634055" lon="2.398285">
        <ele>175.885</ele>
        <time>2024-12-13T14:06:13Z</time>
      </trkpt>
      <trkpt lat="41.634063" lon="2.398327">
        <ele>176.038</ele>
        <time>2024-12-13T14:06:16Z</time>
      </trkpt>
      <trkpt lat="41.634070" lon="2.398368">
        <ele>176.032</ele>
        <time>2024-12-13T14:06:19Z</time>
      </trkpt>
      <trkpt lat="41.634077" lon="2.398405">
        <ele>176.046</ele>
        <time>2024-12-13T14:06:22Z</time>
      </trkpt>
      <trkpt lat="41.634089" lon="2.398442">
        <ele>176.029</ele>
        <time>2024-12-13T14:06:25Z</time>
      </trkpt>
      <trkpt lat="41.634091" lon="2.398481">
        <ele>176.073</ele>
        <time>2024-12-13T14:06:27Z</time>
      </trkpt>
      <trkpt lat="41.634100" lon="2.398519">
        <ele>176.085</ele>
        <time>2024-12-13T14:06:30Z</time>
      </trkpt>
      <trkpt lat="41.634112" lon="2.398563">
        <ele>176.013</ele>
        <time>2024-12-13T14:06:34Z</time>
      </trkpt>
      <trkpt lat="41.634125" lon="2.398600">
        <ele>176.009</ele>
        <time>2024-12-13T14:06:37Z</time>
      </trkpt>
      <trkpt lat="41.634135" lon="2.398637">
        <ele>176.028</ele>
        <time>2024-12-13T14:06:40Z</time>
      </trkpt>
      <trkpt lat="41.634150" lon="2.398673">
        <ele>176.076</ele>
        <time>2024-12-13T14:06:43Z</time>
      </trkpt>
      <trkpt lat="41.634168" lon="2.398708">
        <ele>176.023</ele>
        <time>2024-12-13T14:06:46Z</time>
      </trkpt>
      <trkpt lat="41.634188" lon="2.398739">
        <ele>176.095</ele>
        <time>2024-12-13T14:06:49Z</time>
      </trkpt>
      <trkpt lat="41.634209" lon="2.398766">
        <ele>176.010</ele>
        <time>2024-12-13T14:06:52Z</time>
      </trkpt>
      <trkpt lat="41.634232" lon="2.398793">
        <ele>176.083</ele>
        <time>2024-12-13T14:06:55Z</time>
      </trkpt>
      <trkpt lat="41.634257" lon="2.398815">
        <ele>176.057</ele>
        <time>2024-12-13T14:06:58Z</time>
      </trkpt>
      <trkpt lat="41.634284" lon="2.398839">
        <ele>176.051</ele>
        <time>2024-12-13T14:07:01Z</time>
      </trkpt>
      <trkpt lat="41.634308" lon="2.398864">
        <ele>176.024</ele>
        <time>2024-12-13T14:07:04Z</time>
      </trkpt>
      <trkpt lat="41.634327" lon="2.398898">
        <ele>176.048</ele>
        <time>2024-12-13T14:07:07Z</time>
      </trkpt>
      <trkpt lat="41.634344" lon="2.398931">
        <ele>175.961</ele>
        <time>2024-12-13T14:07:10Z</time>
      </trkpt>
      <trkpt lat="41.634357" lon="2.398972">
        <ele>175.917</ele>
        <time>2024-12-13T14:07:14Z</time>
      </trkpt>
      <trkpt lat="41.634369" lon="2.399005">
        <ele>175.909</ele>
        <time>2024-12-13T14:07:17Z</time>
      </trkpt>
      <trkpt lat="41.634381" lon="2.399038">
        <ele>175.995</ele>
        <time>2024-12-13T14:07:19Z</time>
      </trkpt>
      <trkpt lat="41.634394" lon="2.399074">
        <ele>175.993</ele>
        <time>2024-12-13T14:07:22Z</time>
      </trkpt>
      <trkpt lat="41.634411" lon="2.399112">
        <ele>175.980</ele>
        <time>2024-12-13T14:07:25Z</time>
      </trkpt>
      <trkpt lat="41.634429" lon="2.399148">
        <ele>175.912</ele>
        <time>2024-12-13T14:07:28Z</time>
      </trkpt>
      <trkpt lat="41.634448" lon="2.399174">
        <ele>176.067</ele>
        <time>2024-12-13T14:07:31Z</time>
      </trkpt>
      <trkpt lat="41.634474" lon="2.399204">
        <ele>176.110</ele>
        <time>2024-12-13T14:07:34Z</time>
      </trkpt>
      <trkpt lat="41.634492" lon="2.399238">
        <ele>176.294</ele>
        <time>2024-12-13T14:07:37Z</time>
      </trkpt>
      <trkpt lat="41.634521" lon="2.399248">
        <ele>176.348</ele>
        <time>2024-12-13T14:07:40Z</time>
      </trkpt>
      <trkpt lat="41.634551" lon="2.399253">
        <ele>176.451</ele>
        <time>2024-12-13T14:07:43Z</time>
      </trkpt>
      <trkpt lat="41.634580" lon="2.399258">
        <ele>176.583</ele>
        <time>2024-12-13T14:07:47Z</time>
      </trkpt>
      <trkpt lat="41.634612" lon="2.399260">
        <ele>176.625</ele>
        <time>2024-12-13T14:07:49Z</time>
      </trkpt>
      <trkpt lat="41.634640" lon="2.399262">
        <ele>176.717</ele>
        <time>2024-12-13T14:07:53Z</time>
      </trkpt>
      <trkpt lat="41.634668" lon="2.399260">
        <ele>176.809</ele>
        <time>2024-12-13T14:07:55Z</time>
      </trkpt>
      <trkpt lat="41.634700" lon="2.399248">
        <ele>176.939</ele>
        <time>2024-12-13T14:07:58Z</time>
      </trkpt>
      <trkpt lat="41.634728" lon="2.399231">
        <ele>177.057</ele>
        <time>2024-12-13T14:08:01Z</time>
      </trkpt>
      <trkpt lat="41.634756" lon="2.399212">
        <ele>177.184</ele>
        <time>2024-12-13T14:08:04Z</time>
      </trkpt>
      <trkpt lat="41.634808" lon="2.399207">
        <ele>177.316</ele>
        <time>2024-12-13T14:08:09Z</time>
      </trkpt>
      <trkpt lat="41.634839" lon="2.399208">
        <ele>177.421</ele>
        <time>2024-12-13T14:08:12Z</time>
      </trkpt>
      <trkpt lat="41.634883" lon="2.399224">
        <ele>177.644</ele>
        <time>2024-12-13T14:08:16Z</time>
      </trkpt>
      <trkpt lat="41.634916" lon="2.399282">
        <ele>177.798</ele>
        <time>2024-12-13T14:08:22Z</time>
      </trkpt>
      <trkpt lat="41.634946" lon="2.399341">
        <ele>177.842</ele>
        <time>2024-12-13T14:08:27Z</time>
      </trkpt>
      <trkpt lat="41.634968" lon="2.399378">
        <ele>177.975</ele>
        <time>2024-12-13T14:08:31Z</time>
      </trkpt>
      <trkpt lat="41.634988" lon="2.399413">
        <ele>178.039</ele>
        <time>2024-12-13T14:08:34Z</time>
      </trkpt>
      <trkpt lat="41.635006" lon="2.399450">
        <ele>178.001</ele>
        <time>2024-12-13T14:08:36Z</time>
      </trkpt>
      <trkpt lat="41.635022" lon="2.399483">
        <ele>177.921</ele>
        <time>2024-12-13T14:08:40Z</time>
      </trkpt>
      <trkpt lat="41.635037" lon="2.399517">
        <ele>177.809</ele>
        <time>2024-12-13T14:08:43Z</time>
      </trkpt>
      <trkpt lat="41.635053" lon="2.399548">
        <ele>177.714</ele>
        <time>2024-12-13T14:08:45Z</time>
      </trkpt>
      <trkpt lat="41.635071" lon="2.399582">
        <ele>177.612</ele>
        <time>2024-12-13T14:08:49Z</time>
      </trkpt>
      <trkpt lat="41.635109" lon="2.399642">
        <ele>177.319</ele>
        <time>2024-12-13T14:08:56Z</time>
      </trkpt>
      <trkpt lat="41.635130" lon="2.399670">
        <ele>177.281</ele>
        <time>2024-12-13T14:08:59Z</time>
      </trkpt>
      <trkpt lat="41.635154" lon="2.399704">
        <ele>176.916</ele>
        <time>2024-12-13T14:09:02Z</time>
      </trkpt>
      <trkpt lat="41.635184" lon="2.399761">
        <ele>176.419</ele>
        <time>2024-12-13T14:09:07Z</time>
      </trkpt>
      <trkpt lat="41.635199" lon="2.399797">
        <ele>176.173</ele>
        <time>2024-12-13T14:09:10Z</time>
      </trkpt>
      <trkpt lat="41.635212" lon="2.399831">
        <ele>175.867</ele>
        <time>2024-12-13T14:09:13Z</time>
      </trkpt>
      <trkpt lat="41.635227" lon="2.399862">
        <ele>175.550</ele>
        <time>2024-12-13T14:09:15Z</time>
      </trkpt>
      <trkpt lat="41.635260" lon="2.399912">
        <ele>174.817</ele>
        <time>2024-12-13T14:09:21Z</time>
      </trkpt>
      <trkpt lat="41.635280" lon="2.399949">
        <ele>174.487</ele>
        <time>2024-12-13T14:09:24Z</time>
      </trkpt>
      <trkpt lat="41.635303" lon="2.399982">
        <ele>174.215</ele>
        <time>2024-12-13T14:09:27Z</time>
      </trkpt>
      <trkpt lat="41.635327" lon="2.400014">
        <ele>174.209</ele>
        <time>2024-12-13T14:09:30Z</time>
      </trkpt>
      <trkpt lat="41.635364" lon="2.400064">
        <ele>174.572</ele>
        <time>2024-12-13T14:09:36Z</time>
      </trkpt>
      <trkpt lat="41.635385" lon="2.400091">
        <ele>174.720</ele>
        <time>2024-12-13T14:09:40Z</time>
      </trkpt>
      <trkpt lat="41.635409" lon="2.400115">
        <ele>174.937</ele>
        <time>2024-12-13T14:09:44Z</time>
      </trkpt>
      <trkpt lat="41.635429" lon="2.400148">
        <ele>175.129</ele>
        <time>2024-12-13T14:09:47Z</time>
      </trkpt>
      <trkpt lat="41.635445" lon="2.400184">
        <ele>175.324</ele>
        <time>2024-12-13T14:09:50Z</time>
      </trkpt>
      <trkpt lat="41.635461" lon="2.400219">
        <ele>175.447</ele>
        <time>2024-12-13T14:09:53Z</time>
      </trkpt>
      <trkpt lat="41.635480" lon="2.400253">
        <ele>175.661</ele>
        <time>2024-12-13T14:09:56Z</time>
      </trkpt>
      <trkpt lat="41.635502" lon="2.400290">
        <ele>175.955</ele>
        <time>2024-12-13T14:10:00Z</time>
      </trkpt>
      <trkpt lat="41.635520" lon="2.400324">
        <ele>176.058</ele>
        <time>2024-12-13T14:10:03Z</time>
      </trkpt>
      <trkpt lat="41.635537" lon="2.400354">
        <ele>176.252</ele>
        <time>2024-12-13T14:10:06Z</time>
      </trkpt>
      <trkpt lat="41.635558" lon="2.400386">
        <ele>176.453</ele>
        <time>2024-12-13T14:10:09Z</time>
      </trkpt>
      <trkpt lat="41.635585" lon="2.400423">
        <ele>176.708</ele>
        <time>2024-12-13T14:10:13Z</time>
      </trkpt>
      <trkpt lat="41.635608" lon="2.400454">
        <ele>177.009</ele>
        <time>2024-12-13T14:10:16Z</time>
      </trkpt>
      <trkpt lat="41.635632" lon="2.400479">
        <ele>177.326</ele>
        <time>2024-12-13T14:10:19Z</time>
      </trkpt>
      <trkpt lat="41.635663" lon="2.400522">
        <ele>177.744</ele>
        <time>2024-12-13T14:10:23Z</time>
      </trkpt>
      <trkpt lat="41.635696" lon="2.400580">
        <ele>178.091</ele>
        <time>2024-12-13T14:10:29Z</time>
      </trkpt>
      <trkpt lat="41.635718" lon="2.400608">
        <ele>178.233</ele>
        <time>2024-12-13T14:10:32Z</time>
      </trkpt>
      <trkpt lat="41.635738" lon="2.400641">
        <ele>178.378</ele>
        <time>2024-12-13T14:10:35Z</time>
      </trkpt>
      <trkpt lat="41.635757" lon="2.400676">
        <ele>178.531</ele>
        <time>2024-12-13T14:10:38Z</time>
      </trkpt>
      <trkpt lat="41.635778" lon="2.400709">
        <ele>178.675</ele>
        <time>2024-12-13T14:10:41Z</time>
      </trkpt>
      <trkpt lat="41.635800" lon="2.400741">
        <ele>178.819</ele>
        <time>2024-12-13T14:10:44Z</time>
      </trkpt>
      <trkpt lat="41.635824" lon="2.400771">
        <ele>178.912</ele>
        <time>2024-12-13T14:10:49Z</time>
      </trkpt>
      <trkpt lat="41.635848" lon="2.400799">
        <ele>179.017</ele>
        <time>2024-12-13T14:10:52Z</time>
      </trkpt>
      <trkpt lat="41.635870" lon="2.400830">
        <ele>179.187</ele>
        <time>2024-12-13T14:10:55Z</time>
      </trkpt>
      <trkpt lat="41.635893" lon="2.400859">
        <ele>179.315</ele>
        <time>2024-12-13T14:10:58Z</time>
      </trkpt>
      <trkpt lat="41.635916" lon="2.400888">
        <ele>179.509</ele>
        <time>2024-12-13T14:11:01Z</time>
      </trkpt>
      <trkpt lat="41.635941" lon="2.400917">
        <ele>179.792</ele>
        <time>2024-12-13T14:11:05Z</time>
      </trkpt>
      <trkpt lat="41.635964" lon="2.400945">
        <ele>179.950</ele>
        <time>2024-12-13T14:11:08Z</time>
      </trkpt>
      <trkpt lat="41.635980" lon="2.400980">
        <ele>180.157</ele>
        <time>2024-12-13T14:11:11Z</time>
      </trkpt>
      <trkpt lat="41.635999" lon="2.401012">
        <ele>180.239</ele>
        <time>2024-12-13T14:11:14Z</time>
      </trkpt>
      <trkpt lat="41.636016" lon="2.401045">
        <ele>180.444</ele>
        <time>2024-12-13T14:11:17Z</time>
      </trkpt>
      <trkpt lat="41.636037" lon="2.401074">
        <ele>180.687</ele>
        <time>2024-12-13T14:11:20Z</time>
      </trkpt>
      <trkpt lat="41.636061" lon="2.401099">
        <ele>180.831</ele>
        <time>2024-12-13T14:11:23Z</time>
      </trkpt>
      <trkpt lat="41.636080" lon="2.401125">
        <ele>180.995</ele>
        <time>2024-12-13T14:11:25Z</time>
      </trkpt>
      <trkpt lat="41.636116" lon="2.401174">
        <ele>181.258</ele>
        <time>2024-12-13T14:11:31Z</time>
      </trkpt>
      <trkpt lat="41.636140" lon="2.401205">
        <ele>181.338</ele>
        <time>2024-12-13T14:11:34Z</time>
      </trkpt>
      <trkpt lat="41.636164" lon="2.401231">
        <ele>181.370</ele>
        <time>2024-12-13T14:11:37Z</time>
      </trkpt>
      <trkpt lat="41.636192" lon="2.401252">
        <ele>181.417</ele>
        <time>2024-12-13T14:11:40Z</time>
      </trkpt>
      <trkpt lat="41.636221" lon="2.401239">
        <ele>181.309</ele>
        <time>2024-12-13T14:11:43Z</time>
      </trkpt>
      <trkpt lat="41.636251" lon="2.401230">
        <ele>181.214</ele>
        <time>2024-12-13T14:11:46Z</time>
      </trkpt>
      <trkpt lat="41.636282" lon="2.401222">
        <ele>181.232</ele>
        <time>2024-12-13T14:11:49Z</time>
      </trkpt>
      <trkpt lat="41.636314" lon="2.401210">
        <ele>181.179</ele>
        <time>2024-12-13T14:11:53Z</time>
      </trkpt>
      <trkpt lat="41.636348" lon="2.401205">
        <ele>181.191</ele>
        <time>2024-12-13T14:11:56Z</time>
      </trkpt>
      <trkpt lat="41.636381" lon="2.401194">
        <ele>181.016</ele>
        <time>2024-12-13T14:11:59Z</time>
      </trkpt>
      <trkpt lat="41.636407" lon="2.401182">
        <ele>181.029</ele>
        <time>2024-12-13T14:12:01Z</time>
      </trkpt>
      <trkpt lat="41.636435" lon="2.401180">
        <ele>181.073</ele>
        <time>2024-12-13T14:12:05Z</time>
      </trkpt>
      <trkpt lat="41.636467" lon="2.401183">
        <ele>181.077</ele>
        <time>2024-12-13T14:12:08Z</time>
      </trkpt>
      <trkpt lat="41.636499" lon="2.401181">
        <ele>181.050</ele>
        <time>2024-12-13T14:12:11Z</time>
      </trkpt>
      <trkpt lat="41.636525" lon="2.401170">
        <ele>181.053</ele>
        <time>2024-12-13T14:12:14Z</time>
      </trkpt>
      <trkpt lat="41.636576" lon="2.401162">
        <ele>181.004</ele>
        <time>2024-12-13T14:12:19Z</time>
      </trkpt>
      <trkpt lat="41.636609" lon="2.401153">
        <ele>181.014</ele>
        <time>2024-12-13T14:12:23Z</time>
      </trkpt>
      <trkpt lat="41.636660" lon="2.401140">
        <ele>181.009</ele>
        <time>2024-12-13T14:12:28Z</time>
      </trkpt>
      <trkpt lat="41.636691" lon="2.401147">
        <ele>181.186</ele>
        <time>2024-12-13T14:12:31Z</time>
      </trkpt>
      <trkpt lat="41.636718" lon="2.401141">
        <ele>181.224</ele>
        <time>2024-12-13T14:12:34Z</time>
      </trkpt>
      <trkpt lat="41.636767" lon="2.401135">
        <ele>181.331</ele>
        <time>2024-12-13T14:12:38Z</time>
      </trkpt>
      <trkpt lat="41.636806" lon="2.401131">
        <ele>181.563</ele>
        <time>2024-12-13T14:12:42Z</time>
      </trkpt>
      <trkpt lat="41.636860" lon="2.401127">
        <ele>181.768</ele>
        <time>2024-12-13T14:12:48Z</time>
      </trkpt>
      <trkpt lat="41.636905" lon="2.401126">
        <ele>181.871</ele>
        <time>2024-12-13T14:12:53Z</time>
      </trkpt>
      <trkpt lat="41.636933" lon="2.401121">
        <ele>181.925</ele>
        <time>2024-12-13T14:12:56Z</time>
      </trkpt>
      <trkpt lat="41.636948" lon="2.401193">
        <ele>181.779</ele>
        <time>2024-12-13T14:13:01Z</time>
      </trkpt>
      <trkpt lat="41.636959" lon="2.401228">
        <ele>181.762</ele>
        <time>2024-12-13T14:13:05Z</time>
      </trkpt>
      <trkpt lat="41.636967" lon="2.401264">
        <ele>181.636</ele>
        <time>2024-12-13T14:13:08Z</time>
      </trkpt>
      <trkpt lat="41.636983" lon="2.401301">
        <ele>181.617</ele>
        <time>2024-12-13T14:13:11Z</time>
      </trkpt>
      <trkpt lat="41.637003" lon="2.401363">
        <ele>181.518</ele>
        <time>2024-12-13T14:13:16Z</time>
      </trkpt>
      <trkpt lat="41.637015" lon="2.401404">
        <ele>181.509</ele>
        <time>2024-12-13T14:13:19Z</time>
      </trkpt>
      <trkpt lat="41.637030" lon="2.401446">
        <ele>181.674</ele>
        <time>2024-12-13T14:13:23Z</time>
      </trkpt>
      <trkpt lat="41.637047" lon="2.401488">
        <ele>181.612</ele>
        <time>2024-12-13T14:13:26Z</time>
      </trkpt>
      <trkpt lat="41.637059" lon="2.401533">
        <ele>181.649</ele>
        <time>2024-12-13T14:13:30Z</time>
      </trkpt>
      <trkpt lat="41.637087" lon="2.401602">
        <ele>181.621</ele>
        <time>2024-12-13T14:13:36Z</time>
      </trkpt>
      <trkpt lat="41.637111" lon="2.401647">
        <ele>181.686</ele>
        <time>2024-12-13T14:13:40Z</time>
      </trkpt>
      <trkpt lat="41.637142" lon="2.401682">
        <ele>181.799</ele>
        <time>2024-12-13T14:13:43Z</time>
      </trkpt>
      <trkpt lat="41.637196" lon="2.401685">
        <ele>181.943</ele>
        <time>2024-12-13T14:13:49Z</time>
      </trkpt>
      <trkpt lat="41.637224" lon="2.401694">
        <ele>182.077</ele>
        <time>2024-12-13T14:13:52Z</time>
      </trkpt>
      <trkpt lat="41.637257" lon="2.401701">
        <ele>182.110</ele>
        <time>2024-12-13T14:13:55Z</time>
      </trkpt>
      <trkpt lat="41.637303" lon="2.401708">
        <ele>182.374</ele>
        <time>2024-12-13T14:13:59Z</time>
      </trkpt>
      <trkpt lat="41.637333" lon="2.401711">
        <ele>182.556</ele>
        <time>2024-12-13T14:14:03Z</time>
      </trkpt>
      <trkpt lat="41.637362" lon="2.401717">
        <ele>182.621</ele>
        <time>2024-12-13T14:14:06Z</time>
      </trkpt>
      <trkpt lat="41.637394" lon="2.401728">
        <ele>182.809</ele>
        <time>2024-12-13T14:14:09Z</time>
      </trkpt>
      <trkpt lat="41.637449" lon="2.401735">
        <ele>183.038</ele>
        <time>2024-12-13T14:14:14Z</time>
      </trkpt>
      <trkpt lat="41.637504" lon="2.401744">
        <ele>183.346</ele>
        <time>2024-12-13T14:14:19Z</time>
      </trkpt>
      <trkpt lat="41.637555" lon="2.401759">
        <ele>183.343</ele>
        <time>2024-12-13T14:14:24Z</time>
      </trkpt>
      <trkpt lat="41.637593" lon="2.401782">
        <ele>183.435</ele>
        <time>2024-12-13T14:14:28Z</time>
      </trkpt>
      <trkpt lat="41.637596" lon="2.401819">
        <ele>183.540</ele>
        <time>2024-12-13T14:14:31Z</time>
      </trkpt>
      <trkpt lat="41.637597" lon="2.401877">
        <ele>183.893</ele>
        <time>2024-12-13T14:14:35Z</time>
      </trkpt>
      <trkpt lat="41.637596" lon="2.401938">
        <ele>184.097</ele>
        <time>2024-12-13T14:14:41Z</time>
      </trkpt>
      <trkpt lat="41.637593" lon="2.401976">
        <ele>184.041</ele>
        <time>2024-12-13T14:14:43Z</time>
      </trkpt>
      <trkpt lat="41.637580" lon="2.402047">
        <ele>184.094</ele>
        <time>2024-12-13T14:14:49Z</time>
      </trkpt>
      <trkpt lat="41.637576" lon="2.402084">
        <ele>184.012</ele>
        <time>2024-12-13T14:14:53Z</time>
      </trkpt>
      <trkpt lat="41.637577" lon="2.402148">
        <ele>184.032</ele>
        <time>2024-12-13T14:14:58Z</time>
      </trkpt>
      <trkpt lat="41.637597" lon="2.402198">
        <ele>184.005</ele>
        <time>2024-12-13T14:15:02Z</time>
      </trkpt>
      <trkpt lat="41.637648" lon="2.402226">
        <ele>184.009</ele>
        <time>2024-12-13T14:15:07Z</time>
      </trkpt>
      <trkpt lat="41.637680" lon="2.402220">
        <ele>184.062</ele>
        <time>2024-12-13T14:15:10Z</time>
      </trkpt>
      <trkpt lat="41.637706" lon="2.402205">
        <ele>184.090</ele>
        <time>2024-12-13T14:15:13Z</time>
      </trkpt>
      <trkpt lat="41.637738" lon="2.402189">
        <ele>184.017</ele>
        <time>2024-12-13T14:15:16Z</time>
      </trkpt>
      <trkpt lat="41.637788" lon="2.402197">
        <ele>184.039</ele>
        <time>2024-12-13T14:15:21Z</time>
      </trkpt>
      <trkpt lat="41.637798" lon="2.402236">
        <ele>184.074</ele>
        <time>2024-12-13T14:15:24Z</time>
      </trkpt>
      <trkpt lat="41.637782" lon="2.402299">
        <ele>183.777</ele>
        <time>2024-12-13T14:15:29Z</time>
      </trkpt>
      <trkpt lat="41.637757" lon="2.402322">
        <ele>183.621</ele>
        <time>2024-12-13T14:15:31Z</time>
      </trkpt>
      <trkpt lat="41.637724" lon="2.402359">
        <ele>183.595</ele>
        <time>2024-12-13T14:15:37Z</time>
      </trkpt>
      <trkpt lat="41.637693" lon="2.402353">
        <ele>183.598</ele>
        <time>2024-12-13T14:15:40Z</time>
      </trkpt>
      <trkpt lat="41.637644" lon="2.402364">
        <ele>183.541</ele>
        <time>2024-12-13T14:15:44Z</time>
      </trkpt>
      <trkpt lat="41.637615" lon="2.402370">
        <ele>183.581</ele>
        <time>2024-12-13T14:15:49Z</time>
      </trkpt>
      <trkpt lat="41.637587" lon="2.402386">
        <ele>183.409</ele>
        <time>2024-12-13T14:15:52Z</time>
      </trkpt>
      <trkpt lat="41.637542" lon="2.402427">
        <ele>183.309</ele>
        <time>2024-12-13T14:15:57Z</time>
      </trkpt>
      <trkpt lat="41.637517" lon="2.402444">
        <ele>183.235</ele>
        <time>2024-12-13T14:16:00Z</time>
      </trkpt>
      <trkpt lat="41.637487" lon="2.402454">
        <ele>183.133</ele>
        <time>2024-12-13T14:16:03Z</time>
      </trkpt>
      <trkpt lat="41.637457" lon="2.402458">
        <ele>183.080</ele>
        <time>2024-12-13T14:16:06Z</time>
      </trkpt>
      <trkpt lat="41.637429" lon="2.402470">
        <ele>182.982</ele>
        <time>2024-12-13T14:16:09Z</time>
      </trkpt>
      <trkpt lat="41.637384" lon="2.402505">
        <ele>182.667</ele>
        <time>2024-12-13T14:16:14Z</time>
      </trkpt>
      <trkpt lat="41.637351" lon="2.402546">
        <ele>182.430</ele>
        <time>2024-12-13T14:16:18Z</time>
      </trkpt>
      <trkpt lat="41.637320" lon="2.402567">
        <ele>182.384</ele>
        <time>2024-12-13T14:16:21Z</time>
      </trkpt>
      <trkpt lat="41.637299" lon="2.402611">
        <ele>182.248</ele>
        <time>2024-12-13T14:16:30Z</time>
      </trkpt>
      <trkpt lat="41.637310" lon="2.402646">
        <ele>182.291</ele>
        <time>2024-12-13T14:16:35Z</time>
      </trkpt>
      <trkpt lat="41.637322" lon="2.402681">
        <ele>182.199</ele>
        <time>2024-12-13T14:16:39Z</time>
      </trkpt>
      <trkpt lat="41.637336" lon="2.402712">
        <ele>182.107</ele>
        <time>2024-12-13T14:16:42Z</time>
      </trkpt>
      <trkpt lat="41.637348" lon="2.402749">
        <ele>182.027</ele>
        <time>2024-12-13T14:16:45Z</time>
      </trkpt>
      <trkpt lat="41.637361" lon="2.402783">
        <ele>182.009</ele>
        <time>2024-12-13T14:16:48Z</time>
      </trkpt>
      <trkpt lat="41.637374" lon="2.402817">
        <ele>182.090</ele>
        <time>2024-12-13T14:16:50Z</time>
      </trkpt>
      <trkpt lat="41.637385" lon="2.402854">
        <ele>182.058</ele>
        <time>2024-12-13T14:16:54Z</time>
      </trkpt>
      <trkpt lat="41.637401" lon="2.402919">
        <ele>182.045</ele>
        <time>2024-12-13T14:16:59Z</time>
      </trkpt>
      <trkpt lat="41.637413" lon="2.402952">
        <ele>182.077</ele>
        <time>2024-12-13T14:17:01Z</time>
      </trkpt>
      <trkpt lat="41.637424" lon="2.402986">
        <ele>182.052</ele>
        <time>2024-12-13T14:17:04Z</time>
      </trkpt>
      <trkpt lat="41.637444" lon="2.403024">
        <ele>182.025</ele>
        <time>2024-12-13T14:17:07Z</time>
      </trkpt>
      <trkpt lat="41.637461" lon="2.403059">
        <ele>182.089</ele>
        <time>2024-12-13T14:17:11Z</time>
      </trkpt>
      <trkpt lat="41.637477" lon="2.403098">
        <ele>182.073</ele>
        <time>2024-12-13T14:17:14Z</time>
      </trkpt>
      <trkpt lat="41.637508" lon="2.403132">
        <ele>182.066</ele>
        <time>2024-12-13T14:17:18Z</time>
      </trkpt>
      <trkpt lat="41.637537" lon="2.403195">
        <ele>181.962</ele>
        <time>2024-12-13T14:17:23Z</time>
      </trkpt>
      <trkpt lat="41.637562" lon="2.403253">
        <ele>181.883</ele>
        <time>2024-12-13T14:17:28Z</time>
      </trkpt>
      <trkpt lat="41.637574" lon="2.403291">
        <ele>181.811</ele>
        <time>2024-12-13T14:17:31Z</time>
      </trkpt>
      <trkpt lat="41.637590" lon="2.403338">
        <ele>181.709</ele>
        <time>2024-12-13T14:17:35Z</time>
      </trkpt>
      <trkpt lat="41.637608" lon="2.403400">
        <ele>181.737</ele>
        <time>2024-12-13T14:17:40Z</time>
      </trkpt>
      <trkpt lat="41.637637" lon="2.403460">
        <ele>181.725</ele>
        <time>2024-12-13T14:17:45Z</time>
      </trkpt>
      <trkpt lat="41.637644" lon="2.403501">
        <ele>181.882</ele>
        <time>2024-12-13T14:17:48Z</time>
      </trkpt>
      <trkpt lat="41.637653" lon="2.403537">
        <ele>181.944</ele>
        <time>2024-12-13T14:17:51Z</time>
      </trkpt>
      <trkpt lat="41.637666" lon="2.403575">
        <ele>181.939</ele>
        <time>2024-12-13T14:17:54Z</time>
      </trkpt>
      <trkpt lat="41.637683" lon="2.403611">
        <ele>182.092</ele>
        <time>2024-12-13T14:17:57Z</time>
      </trkpt>
      <trkpt lat="41.637697" lon="2.403644">
        <ele>182.096</ele>
        <time>2024-12-13T14:18:00Z</time>
      </trkpt>
      <trkpt lat="41.637717" lon="2.403711">
        <ele>182.150</ele>
        <time>2024-12-13T14:18:05Z</time>
      </trkpt>
      <trkpt lat="41.637733" lon="2.403748">
        <ele>182.163</ele>
        <time>2024-12-13T14:18:08Z</time>
      </trkpt>
      <trkpt lat="41.637764" lon="2.403794">
        <ele>182.088</ele>
        <time>2024-12-13T14:18:12Z</time>
      </trkpt>
      <trkpt lat="41.637785" lon="2.403825">
        <ele>182.024</ele>
        <time>2024-12-13T14:18:15Z</time>
      </trkpt>
      <trkpt lat="41.637800" lon="2.403865">
        <ele>182.026</ele>
        <time>2024-12-13T14:18:18Z</time>
      </trkpt>
      <trkpt lat="41.637819" lon="2.403900">
        <ele>182.009</ele>
        <time>2024-12-13T14:18:22Z</time>
      </trkpt>
      <trkpt lat="41.637832" lon="2.403937">
        <ele>182.249</ele>
        <time>2024-12-13T14:18:24Z</time>
      </trkpt>
      <trkpt lat="41.637854" lon="2.403964">
        <ele>182.327</ele>
        <time>2024-12-13T14:18:27Z</time>
      </trkpt>
      <trkpt lat="41.637886" lon="2.404005">
        <ele>182.424</ele>
        <time>2024-12-13T14:18:31Z</time>
      </trkpt>
      <trkpt lat="41.637913" lon="2.404035">
        <ele>182.516</ele>
        <time>2024-12-13T14:18:35Z</time>
      </trkpt>
      <trkpt lat="41.637937" lon="2.404060">
        <ele>182.621</ele>
        <time>2024-12-13T14:18:40Z</time>
      </trkpt>
      <trkpt lat="41.637971" lon="2.404115">
        <ele>182.874</ele>
        <time>2024-12-13T14:18:45Z</time>
      </trkpt>
      <trkpt lat="41.637997" lon="2.404138">
        <ele>182.978</ele>
        <time>2024-12-13T14:18:48Z</time>
      </trkpt>
      <trkpt lat="41.638041" lon="2.404214">
        <ele>183.232</ele>
        <time>2024-12-13T14:18:55Z</time>
      </trkpt>
      <trkpt lat="41.638057" lon="2.404256">
        <ele>183.315</ele>
        <time>2024-12-13T14:18:58Z</time>
      </trkpt>
      <trkpt lat="41.638076" lon="2.404283">
        <ele>183.511</ele>
        <time>2024-12-13T14:19:02Z</time>
      </trkpt>
      <trkpt lat="41.638094" lon="2.404335">
        <ele>183.721</ele>
        <time>2024-12-13T14:19:06Z</time>
      </trkpt>
      <trkpt lat="41.638110" lon="2.404388">
        <ele>184.003</ele>
        <time>2024-12-13T14:19:10Z</time>
      </trkpt>
      <trkpt lat="41.638126" lon="2.404430">
        <ele>184.209</ele>
        <time>2024-12-13T14:19:13Z</time>
      </trkpt>
      <trkpt lat="41.638147" lon="2.404479">
        <ele>184.442</ele>
        <time>2024-12-13T14:19:17Z</time>
      </trkpt>
      <trkpt lat="41.638176" lon="2.404554">
        <ele>184.620</ele>
        <time>2024-12-13T14:19:23Z</time>
      </trkpt>
    </trkseg>
  </trk></gpx>