<?xml version="1.0" encoding="UTF-8"?>
<gpx creator="Wikiloc - https://www.wikiloc.com" version="1.1" xmlns="http://www.topografix.com/GPX/1/1" xmlns:xsi="http://www.w3.org/2001/XMLSchema-instance" xsi:schemaLocation="http://www.topografix.com/GPX/1/1 http://www.topografix.com/GPX/1/1/gpx.xsd">
  <metadata>
    <name>Wikiloc - 295. Senderisme en tren. De Premià de Mar a Cabrera de Mar-Vilassar de Mar per Sant Mateu i el castell de Burriac (100 Cims)</name>
    <author>
      <name>Senderisme en tren</name>
      <link href="https://www.wikiloc.com/wikiloc/user.do?id=438461">
        <text>Senderisme en tren on Wikiloc</text>
      </link>
    </author>
    <link href="https://www.wikiloc.com/hiking-trails/295-senderisme-en-tren-de-premia-de-mar-a-cabrera-de-mar-vilassar-de-mar-per-sant-mateu-i-el-castel-199559747">
      <text>295. Senderisme en tren. De Premià de Mar a Cabrera de Mar-Vilassar de Mar per Sant Mateu i el castell de Burriac (100 Cims) on Wikiloc</text>
    </link>
    <time>2025-01-09T15:13:46Z</time>
  </metadata>
  <wpt lat="41.506732" lon="2.401025">
    <ele>4.7</ele>
    <time>2025-01-10T09:01:08Z</time>
    <name>Estació de Cabrera de Mar-Vilassar de Mar (R)</name>
    <cmt></cmt>
    <desc></desc>
  </wpt>
  <wpt lat="41.507182" lon="2.342329">
    <ele>137.6</ele>
    <time>2025-01-10T10:31:28Z</time>
    <name>Ajuntament Premià de Dalt</name>
    <cmt></cmt>
    <desc></desc>
  </wpt>
  <wpt lat="41.537402" lon="2.344936">
    <ele>443.3</ele>
    <time>2025-01-20T12:34:10Z</time>
    <name>Antic camp de tir</name>
    <cmt></cmt>
    <desc></desc>
  </wpt>
  <wpt lat="41.520669" lon="2.387462">
    <ele>105.0</ele>
    <time>2025-01-20T12:42:04Z</time>
    <name>Barraca camí de la Mina</name>
    <cmt></cmt>
    <desc></desc>
  </wpt>
  <wpt lat="41.537288" lon="2.387239">
    <ele>379.0</ele>
    <time>2025-01-10T10:43:38Z</time>
    <name>Castell de Burriac (bastió sud)</name>
    <cmt></cmt>
    <desc></desc>
  </wpt>
  <wpt lat="41.505663" lon="2.345380">
    <ele>116.6</ele>
    <time>2025-01-19T11:24:08Z</time>
    <name>Can Batalla</name>
    <cmt></cmt>
    <desc></desc>
  </wpt>
  <wpt lat="41.525679" lon="2.340394">
    <ele>365.9</ele>
    <time>2025-01-10T08:48:05Z</time>
    <name>Can Boquet (informació)</name>
    <cmt></cmt>
    <desc></desc>
  </wpt>
  <wpt lat="41.501529" lon="2.347318">
    <ele>86.2</ele>
    <time>2025-01-19T11:23:12Z</time>
    <name>Can Werboom (a 80 m esq.)</name>
    <cmt></cmt>
    <desc></desc>
  </wpt>
  <wpt lat="41.516420" lon="2.391937">
    <ele>39.9</ele>
    <time>2025-01-10T09:02:45Z</time>
    <name>Capella Sant Crist Mujal</name>
    <cmt></cmt>
    <desc></desc>
  </wpt>
  <wpt lat="41.523849" lon="2.385472">
    <ele>243.0</ele>
    <time>2025-01-26T16:34:01Z</time>
    <name>Cau de les Formigues</name>
    <cmt></cmt>
    <desc></desc>
  </wpt>
  <wpt lat="41.523505" lon="2.386007">
    <ele>243.8</ele>
    <time>2025-01-26T16:34:01Z</time>
    <name>Cova de les Encantades</name>
    <cmt></cmt>
    <desc></desc>
  </wpt>
  <wpt lat="41.535972" lon="2.378180">
    <ele>302.6</ele>
    <time>2025-01-10T10:01:12Z</time>
    <name>Creu de l'Abella</name>
    <cmt></cmt>
    <desc></desc>
  </wpt>
  <wpt lat="41.524351" lon="2.385342">
    <ele>280.2</ele>
    <time>2025-01-10T10:01:50Z</time>
    <name>Creu de Montcabrer</name>
    <cmt></cmt>
    <desc></desc>
  </wpt>
  <wpt lat="41.537423" lon="2.381464">
    <ele>267.8</ele>
    <time>2025-01-10T11:41:14Z</time>
    <name>Cruïlla SL C-115</name>
    <cmt></cmt>
    <desc></desc>
  </wpt>
  <wpt lat="41.540109" lon="2.380607">
    <ele>397.6</ele>
    <time>2025-01-10T11:42:34Z</time>
    <name>Cruïlla: agafar corriol del mig</name>
    <cmt></cmt>
    <desc></desc>
  </wpt>
  <wpt lat="41.532117" lon="2.342196">
    <ele>417.7</ele>
    <time>2025-01-28T13:43:07Z</time>
    <name>Dolmen Roca d'en Toni</name>
    <cmt></cmt>
    <desc></desc>
  </wpt>
  <wpt lat="41.537737" lon="2.387140">
    <ele>353.6</ele>
    <time>2025-01-10T10:44:20Z</time>
    <name>Entrada Castell del Burriac</name>
    <cmt></cmt>
    <desc></desc>
  </wpt>
  <wpt lat="41.516865" lon="2.328693">
    <ele>488.2</ele>
    <time>2025-01-10T08:47:13Z</time>
    <name>Ermita de Sant Mateu</name>
    <cmt></cmt>
    <desc></desc>
  </wpt>
  <wpt lat="41.487808" lon="2.354851">
    <ele>8.7</ele>
    <time>2025-01-19T11:19:32Z</time>
    <name>Estació de Premià de Mar (R)</name>
    <cmt></cmt>
    <desc></desc>
  </wpt>
  <wpt lat="41.542223" lon="2.346880">
    <ele>399.6</ele>
    <time>2025-01-10T08:50:46Z</time>
    <name>Menhir de Cal Camat</name>
    <cmt></cmt>
    <desc></desc>
  </wpt>
  <wpt lat="41.541440" lon="2.375101">
    <ele>463.3</ele>
    <time>2025-01-10T08:53:23Z</time>
    <name>MIrador d'en Pol</name>
    <cmt></cmt>
    <desc></desc>
  </wpt>
  <wpt lat="41.521668" lon="2.385071">
    <ele>150.7</ele>
    <time>2025-01-10T10:40:08Z</time>
    <name>Mirador de Cabrera</name>
    <cmt></cmt>
    <desc></desc>
  </wpt>
  <wpt lat="41.538696" lon="2.386516">
    <ele>329.5</ele>
    <time>2025-01-10T11:46:08Z</time>
    <name>Monòlit de Burriac</name>
    <cmt></cmt>
    <desc></desc>
  </wpt>
  <wpt lat="41.497012" lon="2.355077">
    <ele>46.0</ele>
    <time>2025-01-19T11:21:26Z</time>
    <name>Parròquia Sta. Maria</name>
    <cmt></cmt>
    <desc></desc>
  </wpt>
  <wpt lat="41.542541" lon="2.378388">
    <ele>411.5</ele>
    <time>2025-01-28T13:39:53Z</time>
    <name>Pessebre (temp.)</name>
    <cmt></cmt>
    <desc></desc>
  </wpt>
  <wpt lat="41.509040" lon="2.338151">
    <ele>207.6</ele>
    <time>2025-01-10T08:42:45Z</time>
    <name>Poblat ibèric Sector 1. La Torre</name>
    <cmt></cmt>
    <desc></desc>
  </wpt>
  <wpt lat="41.509298" lon="2.338279">
    <ele>215.3</ele>
    <time>2025-01-10T08:42:58Z</time>
    <name>Poblat ibèric Sector 2/3</name>
    <cmt>Sector 2: barri de cases 
Sector 3: sitges</cmt>
    <desc>Sector 2: barri de cases 
Sector 3: sitges</desc>
  </wpt>
  <wpt lat="41.509583" lon="2.338102">
    <ele>226.4</ele>
    <time>2025-01-10T08:43:05Z</time>
    <name>Poblat ibèric Sector 4</name>
    <cmt>Sector 4: tres cases i un carrer</cmt>
    <desc>Sector 4: tres cases i un carrer</desc>
  </wpt>
  <wpt lat="41.517764" lon="2.391110">
    <ele>56.9</ele>
    <time>2025-01-19T17:09:44Z</time>
    <name>Pont C-32</name>
    <cmt></cmt>
    <desc></desc>
  </wpt>
  <wpt lat="41.541088" lon="2.382982">
    <ele>387.1</ele>
    <time>2025-01-19T17:14:20Z</time>
    <name>Roc de l'Àngel</name>
    <cmt></cmt>
    <desc></desc>
  </wpt>
  <wpt lat="41.525053" lon="2.384431">
    <ele>293.9</ele>
    <time>2025-01-10T09:04:50Z</time>
    <name>Roca de l'Elefant</name>
    <cmt></cmt>
    <desc></desc>
  </wpt>
  <wpt lat="41.489633" lon="2.357154">
    <ele>13.4</ele>
    <time>2025-01-19T11:20:50Z</time>
    <name>Sant Cristòfol de Premià Mar</name>
    <cmt></cmt>
    <desc></desc>
  </wpt>
  <wpt lat="41.515480" lon="2.326746">
    <ele>499.0</ele>
    <time>2025-01-10T08:45:32Z</time>
    <name>Cim de Sant Mateu 499 m (vèrtex)</name>
    <cmt></cmt>
    <desc></desc>
  </wpt>
  <wpt lat="41.507963" lon="2.341398">
    <ele>147.6</ele>
    <time>2025-01-10T10:30:57Z</time>
    <name>Sant Pere (Premià de Dalt)</name>
    <cmt></cmt>
    <desc></desc>
  </wpt>
  <wpt lat="41.531712" lon="2.341705">
    <ele>423.2</ele>
    <time>2025-01-10T08:49:53Z</time>
    <name>Sepultures medievals</name>
    <cmt></cmt>
    <desc></desc>
  </wpt>
  <wpt lat="41.526022" lon="2.383661">
    <ele>306.0</ele>
    <time>2025-01-26T16:34:01Z</time>
    <name>Sitja repetidor de Montcabrer</name>
    <cmt></cmt>
    <desc></desc>
  </wpt>
  <wpt lat="41.507050" lon="2.344047">
    <ele>127.3</ele>
    <time>2025-01-10T06:23:26Z</time>
    <name>Societat Coral Sant Jaume</name>
    <cmt></cmt>
    <desc></desc>
  </wpt>
  <wpt lat="41.519051" lon="2.337642">
    <ele>410.5</ele>
    <time>2025-01-10T10:39:16Z</time>
    <name>Surera de la Molinera</name>
    <cmt></cmt>
    <desc></desc>
  </wpt>
  <wpt lat="41.531984" lon="2.379269">
    <ele>260.0</ele>
    <time>2025-01-26T16:41:00Z</time>
    <name>Surera de Burriac</name>
    <cmt></cmt>
    <desc></desc>
  </wpt>
  <wpt lat="41.537483" lon="2.387145">
    <ele>352.7</ele>
    <time>2025-01-10T10:43:52Z</time>
    <name>Castell de Burriac (100 Cims)</name>
    <cmt></cmt>
    <desc></desc>
  </wpt>
  <wpt lat="41.510351" lon="2.337781">
    <ele>250.0</ele>
    <time>2025-01-20T07:03:39Z</time>
    <name>Turó de Dos Pins 267 m</name>
    <cmt></cmt>
    <desc></desc>
  </wpt>
  <wpt lat="41.527863" lon="2.381558">
    <ele>317.6</ele>
    <time>2025-01-26T16:44:03Z</time>
    <name>Turó de l'Infern 323 m</name>
    <cmt></cmt>
    <desc></desc>
  </wpt>
  <wpt lat="41.498918" lon="2.353024">
    <ele>55.1</ele>
    <time>2025-01-19T11:22:26Z</time>
    <name>Túnel C-32</name>
    <cmt></cmt>
    <desc></desc>
  </wpt>
  <trk>
    <name>295. Senderisme en tren. De Premià de Mar a Cabrera de Mar-Vilassar de Mar per Sant Mateu i el castell de Burriac (100 Cims) - Wikiloc</name>
    <cmt>&lt;strong&gt;LA TRAVESSA&lt;/strong&gt; &lt;b&gt;&lt;/b&gt; 
 
Formidable ruta, alhora que dura i exigent, que uneix les estacions de &lt;b&gt;Premià de Mar&lt;/b&gt; i de &lt;b&gt;Cabrera de Mar-Vilassar de Mar&lt;/b&gt; passant per innombrables punts d'interès arquitectònics i naturals. 
 
El més conegut de tots és el &lt;b&gt;Burriac&lt;/b&gt;, un cim inclòs en la llista dels &lt;b&gt;100 Cims&lt;/b&gt; de la FEEC dalt del qual es troba les restes d'un magnífic castell. Però també farem el cim de &lt;b&gt;Sant Mateu&lt;/b&gt; a fi de visitar l'ermita que hi ha al capdamunt, coneixerem el &lt;b&gt;poblat ibèric de la Cadira del Bisbe&lt;/b&gt; i el &lt;b&gt;dolmen de la Roca d'en Toni&lt;/b&gt;. També visitarem un &lt;b&gt;menhir&lt;/b&gt;, sense oblidar el nucli antic de &lt;b&gt;Premià de Dalt&lt;/b&gt;, tot un petit descobriment. 
 
L'únic però que podem posar a la ruta és el llarg ascens des de l'estació de Premià de Mar fins que deixem enrere l'urbanisme que s'ha enfilat muntanya amunt al llarg dels anys. Són 3,2 quilòmetres fins a Premià de Dalt i una mica més fins el poblat ibèric de la Cadira del Bisbe. 
 
Un tram que oblidarem de seguida un cop encadenem punts interessants rere l'altre. A part dels punts que hem esmentat més amunt, també recorrerem camins careners com el cim del &lt;b&gt;turó de la Feu&lt;/b&gt;, un recorregut elevat i pedregós que ofereix vistes magnífiques a Burriac. &lt;b&gt;Miradors&lt;/b&gt; com el d'en Pol o el del Puigcabrer, o &lt;b&gt;coves&lt;/b&gt; com la de les Encantades o el Cau de les Formigues completen un jornada muntanyenca amb majúscules. 
 
 La baixada serà és més agradable, amb una arribada a l'estació de Cabrera-Vilassar amb molt menys asfalt que la pujada. 
 
 
 &lt;strong&gt;PUNTS D'INTERÈS&lt;/strong&gt; &lt;b&gt;&lt;/b&gt; &lt;u&gt;&lt;/u&gt; 
 
La travessa visita un munt d'elements de patrimoni que mereixen la seva atenció. 
 
Així, per ordre de visita, trobarem: 
 
- &lt;u&gt;&lt;b&gt;Premià de Mar&lt;/b&gt;&lt;/u&gt;: municipi del Maresme de 29.000 hab. i de només 2,1 km2. No és fins sobretot entre el XV i el XVII que no es comencen a trobar evidències d'establiments prop del mar. A finals del segle XVIII es començà a construir la que després fou la parròquia de Sant Cristòfol. L'any 1836 Premià de Baix es convertí en Premià de Mar. 
 
- &lt;u&gt;&lt;b&gt;Premià de Dalt&lt;/b&gt;&lt;/u&gt;: municipi de 10.500 hab. i de 5,5 km2 d'extensió. Paga la pena donar conèixer els carrers que envolten l'església de Sant Pere. Algunes plaques recorden la relació d'aquesta vila amb el poeta Marià Manent. 
 
- &lt;u&gt;&lt;b&gt;Poblat ibèric Cadira del Bisbe&lt;/b&gt;&lt;/u&gt;: Descobert l’any 1929 per Joaquim Folch i Torres, la Cadira del Bisbe és un poblat de dimensions mitjanes, ubicat en un lloc estratègic, amb una clara intenció de control de territori: la vall de Premià i el pas de la ruta que uneix la plana i la Serra de Sant Mateu, via de pas vers el Vallès. La seva construcció respon a un model urbanístic aterrassat, emmurallat i amb una torre defensiva que constitueix el nucli urbà entès com a centre polític i econòmic del territori circumdant, de clara vocació agrícola. (Font web Premià de Dalt) 
 
La visita està dividida amb diferents sectors (plafons informatius). 
Sector 1: torre defensiva 
Sector 2: barri de cases 
Sector 3: camp de sitges 
Sector 4: tres cases i un carrer 
 
- &lt;u&gt;&lt;b&gt;Sant Mateu&lt;/b&gt;&lt;/u&gt;: ermita romànica d'una sola nau coberta amb volta de canó, amb absis semicircular. Documentada des de l’any 993, se situa en el punt més alt de la carena de Sant Mateu, a 495 m d’altitud de la Serralada Litoral. Proporciona magnífiques panoràmiques de la costa i de l’interior. A la casa adossada va néixer mossèn Mas i Domènech (1860-1942), encarregat de l’Arxiu Capitular de la Seu de Barcelona i autor de nombrosos estudis sobre Premià. (Font web Premià de Dalt) 
 
- &lt;u&gt;&lt;b&gt;Surera de la Molinera (Quercus suber)&lt;/b&gt;&lt;/u&gt;: centenari, de la família de les fagàcies, molt semblant a una alzina. D'aparença robusta, mesura uns 13 m d'alçada, per 3,80 m de volt de soca, per 2,70 m de vol de canó i 18 metres de capçada perpendicular. (Font Patrimoni de la Diputació de Barcelona) 
 
- &lt;u&gt;&lt;b&gt;Can Boquet &lt;/b&gt;&lt;/u&gt;: caseta relacionada amb l'abastiment d'aigua i pertanyent a la finca de Les Ginesteres. En l'actualitat és un punt d'informació del Parc Serralada Litoral. 
 
- &lt;u&gt;&lt;b&gt;Can Boquet i creu de Can Boquet&lt;/b&gt;&lt;/u&gt;: a la cruïlla davant la caseta hi ha una creu de ferro de manufactura senzilla. Ja a l'any 1777, consta documentada una creu tot i que no en aquesta ubicació. Durant la Guerra Civil espanyola es va intentar destruir. Les restes es van guardar a la masia de Can Boquet. 
 
- &lt;u&gt;&lt;b&gt;Dolmen de la Roca d'en Toni&lt;/b&gt;&lt;/u&gt;: també conegut com a dolmen de Can Boquet, es tracta d'una petita galeria catalana amb planta quadrangular i corredor de lloses de granit. No conserva restes del túmul ni del cromlec. Els historiadors el daten del període calcolític, entre els anys 2200 i 1800 aC. 
 
- &lt;u&gt;&lt;b&gt;Sepultures medievals&lt;/b&gt;&lt;/u&gt;: situades a pocs metres del dolmen. Es tracta de set enterraments rectangulars excavats en el sauló del s. XI-XII. Van ser descobertes el 1974. 
 
- &lt;u&gt;&lt;b&gt;Menhir de Cal Camat&lt;/b&gt;&lt;/u&gt;: datat entre el neolític final 2.500-2000 aC i el Calcolític 2.200-1.800 aC. La pedra és antropomorfa. Fa 1,90 metres d'alçària, 1 m d'amplada i 0,6 m de gruix, amb un pes aproximat de 3.500 kg. 
 
- &lt;u&gt;&lt;b&gt;Mirador d'en Pol 484 m&lt;/b&gt;&lt;/u&gt;: situat dalt d'un turó de 484 m, però hi ha confusió sobre si és aquest el turó de Cirers o no. Els mapes de l'ICGC situen el turó de Cirers a més a llevant de les Planes de l'Abril sobre un turó de 472 m. Aquí trobarem una una torre de vigilància contra incendis. El mirador es troba uns metres més enllà (indicador de fusta). 
 
- &lt;u&gt;&lt;b&gt;Turó de la Feu 413 m&lt;/b&gt;&lt;/u&gt;: punt més elevat d'una carena situada al nord del castell del Burriac. Ofereix unes vistes excepcionals del castell. El camí és carener, estret, de vegades evoluciona entre rocs. 
 
- &lt;u&gt;&lt;b&gt;Castell del Burriac (100 Cims)&lt;/b&gt;&lt;/u&gt;: ofereix unes vistes panoràmiques impressionants de la costa del Maresme i el mar Mediterrani. El castell va ser una peça clau en la defensa de la regió durant l'edat mitjana. L'aspecte que veiem avui dia correspon al castell del segle XV, quedant només alguns testimonis de les construccions del segles X-XI i la cisterna d'època romana. Sota el vessant sud hi ha un extens poblat ibèric poc estudiat. 
 
- &lt;u&gt;&lt;b&gt;Surera de Burriac&lt;/b&gt;&lt;/u&gt;: exemplar de 'Quercus suber' dins el catàleg d'arbres singulars de Cabrera. Situat 25 m a ponent del camí. Envoltat per una tanca. Pal indicador. 
 
- &lt;u&gt;&lt;b&gt;Turó de l'Infern&lt;/b&gt;&lt;/u&gt;: muntanya de 324 m. Dalt del cim hi ha tres forats rectangulars a la roca que segons algunes fonts servien per encaixar els pals de les forques on, durant els segles XIV i XV es penjaven els bandits de Cabrera. També hi ha el vèrtex geogràfic 294119001. 
 
- &lt;u&gt;&lt;b&gt;Sitja ibèrica del repetidor de Montcabrer&lt;/b&gt;&lt;/u&gt;: situada dins del bosc sense senyalització ni accés clar. Fa aproximadament 1,70x1,50x1,30 metres. Als voltants es van trobar petits fragments de materials ibèrics. Tot i això, no tots els arqueòlegs creuen que sigui d'època ibèrica. 
 
- &lt;u&gt;&lt;b&gt;Pedra de l'Elefant&lt;/b&gt;&lt;/u&gt;: formació rocosa situada a tocar del repetidor de telefonia. 
 
- &lt;u&gt;&lt;b&gt;Creu de Montcabrer&lt;/b&gt;&lt;/u&gt;: excel·lent mirador de la costa central del Maresme i del Barcelonès si el dia és prou clar. Dalt del cim, arranjat pel parc de la Serralada Litoral hi ha una creu de ferro del 1987 i dos plafons interpretatius dels panorames que es veuen des d'aquí. L'existència d'una primera creu es remunta a un capbreu de 1565, substituïda diversos cops al llarg de la història. 
 
- &lt;u&gt;&lt;b&gt;Cau de les Formigues&lt;/b&gt;&lt;/u&gt;: petit abric situat en un lloc de fort pendent. Com qualsevol camí al sud del Montcabrer l'accés és irregular i no és còmode. 
 
- &lt;u&gt;&lt;b&gt;Cova de les Encantades o de les Bones Dones&lt;/b&gt;&lt;/u&gt;: cavitat de mida mitjana formada per la meteorització de l'interior de la roca. 
"Té dues obertures. Era la cova oficial de les bruixes en la majoria de rondalles i històries de la contrada: hi ha infinitat de llegendes sobre les malifetes que feien les seues habitants. També es repeteix amb diverses variants la de la bella dona que enamorava el senyor de Burriac per fer que defugís les seues obligacions en la defensa del territori. Molt a prop hi ha també el Cau de les Formigues i la Cova dels Tres Cercles." (Font Viquipèdia) 
 
 
&lt;strong&gt;DIFICULTAT&lt;/strong&gt; &lt;b&gt;&lt;/b&gt; 
 
Ruta molt exigent per la distància total, el desnivell i pel terreny pel qual discorre en algun tram. 
 
Teniu en compte que cal sumar al temps total de la ruta el que dediquem a visitar tots els indrets pels que passa la travessa i a les parades per a fer fotos. 
 
Hi ha quatre punts on el &lt;b&gt;camí és dificultós&lt;/b&gt;: 
 
- &lt;b&gt;Carena turó de la Feu&lt;/b&gt;: carena amb increïbles vistes al castell del Burriac. El corriol és estret i va superant zones rocalloses. No es aeri, però cal parar atenció a no perdre el camí. 
 
- &lt;b&gt;Grimpada d'en Marc&lt;/b&gt;: descens vertical des del castell del Burriac. L'inici es troba just passada la porta del castell. No és aeri però sí força dret. En algun punt potser caldrà ajudar-nos de les mans per anar progressant. Es pot evitar baixant pel mateix camí que hem fet servir per pujar al castell. 
 
- &lt;b&gt;Descens del Montcabrer&lt;/b&gt;: baixada des de la creu del Montcabrer força inclinada per terreny descompost seguint un corriol que no sempre és evident. 
 
- &lt;b&gt;Cova de les Encantades&lt;/b&gt;: la cova es troba a la part vertical de l'aflorament rocallós. Per accedir-hi cal posar les mans. 
 
 
&lt;strong&gt;ELS SENDERS&lt;/strong&gt; 
 
La ruta està senyalitzada amb indicadors verticals dels diferent camins i senders que anem creuant durant l'itinerari, tot i que no sempre els trobarem a totes les cruïlles. 
 
Durant la ruta seguirem en diferents moments: 
 
- &lt;b&gt;Gr-92&lt;/b&gt;: seguirem aquest sender de gran recorregut durant 4,5 quilòmetres entre Sant Mateu i el menhir de Cal Camat. 
 
- &lt;b&gt;SL C-112 La ruta de l'Esquirol&lt;/b&gt;: sender local circular de 5 quilòmetres amb sortida i final al turó de Dos Pins. Passa per Sant Mateu. 
 
- &lt;b&gt;SL C-113 La Roca d'en Toni i Font Freda&lt;/b&gt;: sender local linia de 5,5 quilòmetres. Surt de Cabrils i acaba a la font Freda passant per la Roca d'en Toni. 
 
- &lt;b&gt;SL C-115 Al castell del Burriac des de Cabrera&lt;/b&gt;: sender local d'ascens a Burriac i al Montcabrer que té el seu inici i final a Cabrera de Mar. El tram al Montcabrer està marcat com a variant. 
 
- &lt;b&gt;Eix Central del Maresme&lt;/b&gt;: camí no homologat ideat pel Consorci de Promoció Turística Costa del Maresme. Està format per 7 etapes i té 140 km de llargària. Té el seu inici a l'estació de Rodalies de Montgat i acaba a la de Malgrat, recorrent tota la comarca per l'interior. 
 
 
&lt;b&gt;ELS TRENS&lt;/b&gt; 
 
Les dues estacions formen part de la línia de Rodalies de Catalunya que uneix Barcelona i Massanet-Massanes per la costa. Circulen nombrosos trens per direcció. Entre ambdues estacions hi ha l'estació de Vilassar de Mar. 
 
- &lt;u&gt;ESTACIÓ DE SORTIDA&lt;/u&gt;: &lt;b&gt;Premià de Mar (Rodalies)&lt;/b&gt;. Va entrar en servei el 1859 quan es va ampliar la línia d'Arenys a Tordera. 
 
- &lt;u&gt;ESTACIÓ D'ARRIBADA&lt;/u&gt;: &lt;b&gt;Cabrera de Mar-Vilassar de Mar (Rodalies)&lt;/b&gt;. Cal no confondre aquesta estació amb la de Vilassar de Mar. Té dos accessos. Un a través d'un pas inferior que dona a costat muntanya de la N-II, i l'altra que dona directament a la platja Farem servir el primer dels dos. L'estació no té cafeteria ni taquilles. Tampoc pel seu voltant trobarem establiments de restauració o botigues. 
 
Podeu consultar tots els &lt;b&gt;horaris&lt;/b&gt; a: 
 
&lt;b&gt;- &lt;a href="https://rodalies.gencat.cat/ca/inici" target="_blank" rel="nofollow noopener"&gt;Rodalies de Catalunya&lt;/a&gt;&lt;/b&gt;</cmt>
    <desc>&lt;strong&gt;LA TRAVESSA&lt;/strong&gt; &lt;b&gt;&lt;/b&gt; 
 
Formidable ruta, alhora que dura i exigent, que uneix les estacions de &lt;b&gt;Premià de Mar&lt;/b&gt; i de &lt;b&gt;Cabrera de Mar-Vilassar de Mar&lt;/b&gt; passant per innombrables punts d'interès arquitectònics i naturals. 
 
El més conegut de tots és el &lt;b&gt;Burriac&lt;/b&gt;, un cim inclòs en la llista dels &lt;b&gt;100 Cims&lt;/b&gt; de la FEEC dalt del qual es troba les restes d'un magnífic castell. Però també farem el cim de &lt;b&gt;Sant Mateu&lt;/b&gt; a fi de visitar l'ermita que hi ha al capdamunt, coneixerem el &lt;b&gt;poblat ibèric de la Cadira del Bisbe&lt;/b&gt; i el &lt;b&gt;dolmen de la Roca d'en Toni&lt;/b&gt;. També visitarem un &lt;b&gt;menhir&lt;/b&gt;, sense oblidar el nucli antic de &lt;b&gt;Premià de Dalt&lt;/b&gt;, tot un petit descobriment. 
 
L'únic però que podem posar a la ruta és el llarg ascens des de l'estació de Premià de Mar fins que deixem enrere l'urbanisme que s'ha enfilat muntanya amunt al llarg dels anys. Són 3,2 quilòmetres fins a Premià de Dalt i una mica més fins el poblat ibèric de la Cadira del Bisbe. 
 
Un tram que oblidarem de seguida un cop encadenem punts interessants rere l'altre. A part dels punts que hem esmentat més amunt, també recorrerem camins careners com el cim del &lt;b&gt;turó de la Feu&lt;/b&gt;, un recorregut elevat i pedregós que ofereix vistes magnífiques a Burriac. &lt;b&gt;Miradors&lt;/b&gt; com el d'en Pol o el del Puigcabrer, o &lt;b&gt;coves&lt;/b&gt; com la de les Encantades o el Cau de les Formigues completen un jornada muntanyenca amb majúscules. 
 
 La baixada serà és més agradable, amb una arribada a l'estació de Cabrera-Vilassar amb molt menys asfalt que la pujada. 
 
 
 &lt;strong&gt;PUNTS D'INTERÈS&lt;/strong&gt; &lt;b&gt;&lt;/b&gt; &lt;u&gt;&lt;/u&gt; 
 
La travessa visita un munt d'elements de patrimoni que mereixen la seva atenció. 
 
Així, per ordre de visita, trobarem: 
 
- &lt;u&gt;&lt;b&gt;Premià de Mar&lt;/b&gt;&lt;/u&gt;: municipi del Maresme de 29.000 hab. i de només 2,1 km2. No és fins sobretot entre el XV i el XVII que no es comencen a trobar evidències d'establiments prop del mar. A finals del segle XVIII es començà a construir la que després fou la parròquia de Sant Cristòfol. L'any 1836 Premià de Baix es convertí en Premià de Mar. 
 
- &lt;u&gt;&lt;b&gt;Premià de Dalt&lt;/b&gt;&lt;/u&gt;: municipi de 10.500 hab. i de 5,5 km2 d'extensió. Paga la pena donar conèixer els carrers que envolten l'església de Sant Pere. Algunes plaques recorden la relació d'aquesta vila amb el poeta Marià Manent. 
 
- &lt;u&gt;&lt;b&gt;Poblat ibèric Cadira del Bisbe&lt;/b&gt;&lt;/u&gt;: Descobert l’any 1929 per Joaquim Folch i Torres, la Cadira del Bisbe és un poblat de dimensions mitjanes, ubicat en un lloc estratègic, amb una clara intenció de control de territori: la vall de Premià i el pas de la ruta que uneix la plana i la Serra de Sant Mateu, via de pas vers el Vallès. La seva construcció respon a un model urbanístic aterrassat, emmurallat i amb una torre defensiva que constitueix el nucli urbà entès com a centre polític i econòmic del territori circumdant, de clara vocació agrícola. (Font web Premià de Dalt) 
 
La visita està dividida amb diferents sectors (plafons informatius). 
Sector 1: torre defensiva 
Sector 2: barri de cases 
Sector 3: camp de sitges 
Sector 4: tres cases i un carrer 
 
- &lt;u&gt;&lt;b&gt;Sant Mateu&lt;/b&gt;&lt;/u&gt;: ermita romànica d'una sola nau coberta amb volta de canó, amb absis semicircular. Documentada des de l’any 993, se situa en el punt més alt de la carena de Sant Mateu, a 495 m d’altitud de la Serralada Litoral. Proporciona magnífiques panoràmiques de la costa i de l’interior. A la casa adossada va néixer mossèn Mas i Domènech (1860-1942), encarregat de l’Arxiu Capitular de la Seu de Barcelona i autor de nombrosos estudis sobre Premià. (Font web Premià de Dalt) 
 
- &lt;u&gt;&lt;b&gt;Surera de la Molinera (Quercus suber)&lt;/b&gt;&lt;/u&gt;: centenari, de la família de les fagàcies, molt semblant a una alzina. D'aparença robusta, mesura uns 13 m d'alçada, per 3,80 m de volt de soca, per 2,70 m de vol de canó i 18 metres de capçada perpendicular. (Font Patrimoni de la Diputació de Barcelona) 
 
- &lt;u&gt;&lt;b&gt;Can Boquet &lt;/b&gt;&lt;/u&gt;: caseta relacionada amb l'abastiment d'aigua i pertanyent a la finca de Les Ginesteres. En l'actualitat és un punt d'informació del Parc Serralada Litoral. 
 
- &lt;u&gt;&lt;b&gt;Can Boquet i creu de Can Boquet&lt;/b&gt;&lt;/u&gt;: a la cruïlla davant la caseta hi ha una creu de ferro de manufactura senzilla. Ja a l'any 1777, consta documentada una creu tot i que no en aquesta ubicació. Durant la Guerra Civil espanyola es va intentar destruir. Les restes es van guardar a la masia de Can Boquet. 
 
- &lt;u&gt;&lt;b&gt;Dolmen de la Roca d'en Toni&lt;/b&gt;&lt;/u&gt;: també conegut com a dolmen de Can Boquet, es tracta d'una petita galeria catalana amb planta quadrangular i corredor de lloses de granit. No conserva restes del túmul ni del cromlec. Els historiadors el daten del període calcolític, entre els anys 2200 i 1800 aC. 
 
- &lt;u&gt;&lt;b&gt;Sepultures medievals&lt;/b&gt;&lt;/u&gt;: situades a pocs metres del dolmen. Es tracta de set enterraments rectangulars excavats en el sauló del s. XI-XII. Van ser descobertes el 1974. 
 
- &lt;u&gt;&lt;b&gt;Menhir de Cal Camat&lt;/b&gt;&lt;/u&gt;: datat entre el neolític final 2.500-2000 aC i el Calcolític 2.200-1.800 aC. La pedra és antropomorfa. Fa 1,90 metres d'alçària, 1 m d'amplada i 0,6 m de gruix, amb un pes aproximat de 3.500 kg. 
 
- &lt;u&gt;&lt;b&gt;Mirador d'en Pol 484 m&lt;/b&gt;&lt;/u&gt;: situat dalt d'un turó de 484 m, però hi ha confusió sobre si és aquest el turó de Cirers o no. Els mapes de l'ICGC situen el turó de Cirers a més a llevant de les Planes de l'Abril sobre un turó de 472 m. Aquí trobarem una una torre de vigilància contra incendis. El mirador es troba uns metres més enllà (indicador de fusta). 
 
- &lt;u&gt;&lt;b&gt;Turó de la Feu 413 m&lt;/b&gt;&lt;/u&gt;: punt més elevat d'una carena situada al nord del castell del Burriac. Ofereix unes vistes excepcionals del castell. El camí és carener, estret, de vegades evoluciona entre rocs. 
 
- &lt;u&gt;&lt;b&gt;Castell del Burriac (100 Cims)&lt;/b&gt;&lt;/u&gt;: ofereix unes vistes panoràmiques impressionants de la costa del Maresme i el mar Mediterrani. El castell va ser una peça clau en la defensa de la regió durant l'edat mitjana. L'aspecte que veiem avui dia correspon al castell del segle XV, quedant només alguns testimonis de les construccions del segles X-XI i la cisterna d'època romana. Sota el vessant sud hi ha un extens poblat ibèric poc estudiat. 
 
- &lt;u&gt;&lt;b&gt;Surera de Burriac&lt;/b&gt;&lt;/u&gt;: exemplar de 'Quercus suber' dins el catàleg d'arbres singulars de Cabrera. Situat 25 m a ponent del camí. Envoltat per una tanca. Pal indicador. 
 
- &lt;u&gt;&lt;b&gt;Turó de l'Infern&lt;/b&gt;&lt;/u&gt;: muntanya de 324 m. Dalt del cim hi ha tres forats rectangulars a la roca que segons algunes fonts servien per encaixar els pals de les forques on, durant els segles XIV i XV es penjaven els bandits de Cabrera. També hi ha el vèrtex geogràfic 294119001. 
 
- &lt;u&gt;&lt;b&gt;Sitja ibèrica del repetidor de Montcabrer&lt;/b&gt;&lt;/u&gt;: situada dins del bosc sense senyalització ni accés clar. Fa aproximadament 1,70x1,50x1,30 metres. Als voltants es van trobar petits fragments de materials ibèrics. Tot i això, no tots els arqueòlegs creuen que sigui d'època ibèrica. 
 
- &lt;u&gt;&lt;b&gt;Pedra de l'Elefant&lt;/b&gt;&lt;/u&gt;: formació rocosa situada a tocar del repetidor de telefonia. 
 
- &lt;u&gt;&lt;b&gt;Creu de Montcabrer&lt;/b&gt;&lt;/u&gt;: excel·lent mirador de la costa central del Maresme i del Barcelonès si el dia és prou clar. Dalt del cim, arranjat pel parc de la Serralada Litoral hi ha una creu de ferro del 1987 i dos plafons interpretatius dels panorames que es veuen des d'aquí. L'existència d'una primera creu es remunta a un capbreu de 1565, substituïda diversos cops al llarg de la història. 
 
- &lt;u&gt;&lt;b&gt;Cau de les Formigues&lt;/b&gt;&lt;/u&gt;: petit abric situat en un lloc de fort pendent. Com qualsevol camí al sud del Montcabrer l'accés és irregular i no és còmode. 
 
- &lt;u&gt;&lt;b&gt;Cova de les Encantades o de les Bones Dones&lt;/b&gt;&lt;/u&gt;: cavitat de mida mitjana formada per la meteorització de l'interior de la roca. 
"Té dues obertures. Era la cova oficial de les bruixes en la majoria de rondalles i històries de la contrada: hi ha infinitat de llegendes sobre les malifetes que feien les seues habitants. També es repeteix amb diverses variants la de la bella dona que enamorava el senyor de Burriac per fer que defugís les seues obligacions en la defensa del territori. Molt a prop hi ha també el Cau de les Formigues i la Cova dels Tres Cercles." (Font Viquipèdia) 
 
 
&lt;strong&gt;DIFICULTAT&lt;/strong&gt; &lt;b&gt;&lt;/b&gt; 
 
Ruta molt exigent per la distància total, el desnivell i pel terreny pel qual discorre en algun tram. 
 
Teniu en compte que cal sumar al temps total de la ruta el que dediquem a visitar tots els indrets pels que passa la travessa i a les parades per a fer fotos. 
 
Hi ha quatre punts on el &lt;b&gt;camí és dificultós&lt;/b&gt;: 
 
- &lt;b&gt;Carena turó de la Feu&lt;/b&gt;: carena amb increïbles vistes al castell del Burriac. El corriol és estret i va superant zones rocalloses. No es aeri, però cal parar atenció a no perdre el camí. 
 
- &lt;b&gt;Grimpada d'en Marc&lt;/b&gt;: descens vertical des del castell del Burriac. L'inici es troba just passada la porta del castell. No és aeri però sí força dret. En algun punt potser caldrà ajudar-nos de les mans per anar progressant. Es pot evitar baixant pel mateix camí que hem fet servir per pujar al castell. 
 
- &lt;b&gt;Descens del Montcabrer&lt;/b&gt;: baixada des de la creu del Montcabrer força inclinada per terreny descompost seguint un corriol que no sempre és evident. 
 
- &lt;b&gt;Cova de les Encantades&lt;/b&gt;: la cova es troba a la part vertical de l'aflorament rocallós. Per accedir-hi cal posar les mans. 
 
 
&lt;strong&gt;ELS SENDERS&lt;/strong&gt; 
 
La ruta està senyalitzada amb indicadors verticals dels diferent camins i senders que anem creuant durant l'itinerari, tot i que no sempre els trobarem a totes les cruïlles. 
 
Durant la ruta seguirem en diferents moments: 
 
- &lt;b&gt;Gr-92&lt;/b&gt;: seguirem aquest sender de gran recorregut durant 4,5 quilòmetres entre Sant Mateu i el menhir de Cal Camat. 
 
- &lt;b&gt;SL C-112 La ruta de l'Esquirol&lt;/b&gt;: sender local circular de 5 quilòmetres amb sortida i final al turó de Dos Pins. Passa per Sant Mateu. 
 
- &lt;b&gt;SL C-113 La Roca d'en Toni i Font Freda&lt;/b&gt;: sender local linia de 5,5 quilòmetres. Surt de Cabrils i acaba a la font Freda passant per la Roca d'en Toni. 
 
- &lt;b&gt;SL C-115 Al castell del Burriac des de Cabrera&lt;/b&gt;: sender local d'ascens a Burriac i al Montcabrer que té el seu inici i final a Cabrera de Mar. El tram al Montcabrer està marcat com a variant. 
 
- &lt;b&gt;Eix Central del Maresme&lt;/b&gt;: camí no homologat ideat pel Consorci de Promoció Turística Costa del Maresme. Està format per 7 etapes i té 140 km de llargària. Té el seu inici a l'estació de Rodalies de Montgat i acaba a la de Malgrat, recorrent tota la comarca per l'interior. 
 
 
&lt;b&gt;ELS TRENS&lt;/b&gt; 
 
Les dues estacions formen part de la línia de Rodalies de Catalunya que uneix Barcelona i Massanet-Massanes per la costa. Circulen nombrosos trens per direcció. Entre ambdues estacions hi ha l'estació de Vilassar de Mar. 
 
- &lt;u&gt;ESTACIÓ DE SORTIDA&lt;/u&gt;: &lt;b&gt;Premià de Mar (Rodalies)&lt;/b&gt;. Va entrar en servei el 1859 quan es va ampliar la línia d'Arenys a Tordera. 
 
- &lt;u&gt;ESTACIÓ D'ARRIBADA&lt;/u&gt;: &lt;b&gt;Cabrera de Mar-Vilassar de Mar (Rodalies)&lt;/b&gt;. Cal no confondre aquesta estació amb la de Vilassar de Mar. Té dos accessos. Un a través d'un pas inferior que dona a costat muntanya de la N-II, i l'altra que dona directament a la platja Farem servir el primer dels dos. L'estació no té cafeteria ni taquilles. Tampoc pel seu voltant trobarem establiments de restauració o botigues. 
 
Podeu consultar tots els &lt;b&gt;horaris&lt;/b&gt; a: 
 
&lt;b&gt;- &lt;a href="https://rodalies.gencat.cat/ca/inici" target="_blank" rel="nofollow noopener"&gt;Rodalies de Catalunya&lt;/a&gt;&lt;/b&gt;</desc>
    <trkseg>
      <trkpt lat="41.487799" lon="2.354889">
        <ele>8.247</ele>
        <time>2025-01-09T08:54:57Z</time>
      </trkpt>
      <trkpt lat="41.487825" lon="2.354860">
        <ele>8.429</ele>
        <time>2025-01-09T08:55:01Z</time>
      </trkpt>
      <trkpt lat="41.487865" lon="2.354843">
        <ele>8.821</ele>
        <time>2025-01-09T08:55:06Z</time>
      </trkpt>
      <trkpt lat="41.487915" lon="2.354859">
        <ele>9.209</ele>
        <time>2025-01-09T08:55:10Z</time>
      </trkpt>
      <trkpt lat="41.487953" lon="2.354910">
        <ele>9.515</ele>
        <time>2025-01-09T08:55:14Z</time>
      </trkpt>
      <trkpt lat="41.487974" lon="2.354969">
        <ele>9.563</ele>
        <time>2025-01-09T08:55:18Z</time>
      </trkpt>
      <trkpt lat="41.487976" lon="2.355007">
        <ele>9.443</ele>
        <time>2025-01-09T08:55:20Z</time>
      </trkpt>
      <trkpt lat="41.487988" lon="2.355044">
        <ele>9.579</ele>
        <time>2025-01-09T08:55:22Z</time>
      </trkpt>
      <trkpt lat="41.488013" lon="2.355090">
        <ele>9.769</ele>
        <time>2025-01-09T08:55:26Z</time>
      </trkpt>
      <trkpt lat="41.488045" lon="2.355154">
        <ele>9.963</ele>
        <time>2025-01-09T08:56:58Z</time>
      </trkpt>
      <trkpt lat="41.488054" lon="2.355209">
        <ele>10.011</ele>
        <time>2025-01-09T08:57:00Z</time>
      </trkpt>
      <trkpt lat="41.488062" lon="2.355262">
        <ele>10.038</ele>
        <time>2025-01-09T08:57:02Z</time>
      </trkpt>
      <trkpt lat="41.488068" lon="2.355304">
        <ele>10.191</ele>
        <time>2025-01-09T08:57:04Z</time>
      </trkpt>
      <trkpt lat="41.488086" lon="2.355374">
        <ele>10.292</ele>
        <time>2025-01-09T08:57:08Z</time>
      </trkpt>
      <trkpt lat="41.488092" lon="2.355415">
        <ele>10.373</ele>
        <time>2025-01-09T08:57:10Z</time>
      </trkpt>
      <trkpt lat="41.488111" lon="2.355485">
        <ele>10.420</ele>
        <time>2025-01-09T08:57:14Z</time>
      </trkpt>
      <trkpt lat="41.488122" lon="2.355527">
        <ele>10.509</ele>
        <time>2025-01-09T08:57:16Z</time>
      </trkpt>
      <trkpt lat="41.488127" lon="2.355565">
        <ele>10.570</ele>
        <time>2025-01-09T08:57:18Z</time>
      </trkpt>
      <trkpt lat="41.488133" lon="2.355606">
        <ele>10.658</ele>
        <time>2025-01-09T08:57:20Z</time>
      </trkpt>
      <trkpt lat="41.488143" lon="2.355639">
        <ele>10.618</ele>
        <time>2025-01-09T08:57:22Z</time>
      </trkpt>
      <trkpt lat="41.488151" lon="2.355676">
        <ele>10.774</ele>
        <time>2025-01-09T08:57:24Z</time>
      </trkpt>
      <trkpt lat="41.488166" lon="2.355747">
        <ele>10.824</ele>
        <time>2025-01-09T08:57:28Z</time>
      </trkpt>
      <trkpt lat="41.488175" lon="2.355783">
        <ele>10.978</ele>
        <time>2025-01-09T08:57:30Z</time>
      </trkpt>
      <trkpt lat="41.488190" lon="2.355841">
        <ele>11.046</ele>
        <time>2025-01-09T08:57:34Z</time>
      </trkpt>
      <trkpt lat="41.488200" lon="2.355881">
        <ele>11.193</ele>
        <time>2025-01-09T08:57:36Z</time>
      </trkpt>
      <trkpt lat="41.488212" lon="2.355921">
        <ele>11.376</ele>
        <time>2025-01-09T08:57:38Z</time>
      </trkpt>
      <trkpt lat="41.488219" lon="2.355962">
        <ele>11.433</ele>
        <time>2025-01-09T08:57:40Z</time>
      </trkpt>
      <trkpt lat="41.488234" lon="2.356018">
        <ele>11.523</ele>
        <time>2025-01-09T08:57:43Z</time>
      </trkpt>
      <trkpt lat="41.488245" lon="2.356090">
        <ele>11.715</ele>
        <time>2025-01-09T08:57:47Z</time>
      </trkpt>
      <trkpt lat="41.488250" lon="2.356127">
        <ele>11.609</ele>
        <time>2025-01-09T08:57:49Z</time>
      </trkpt>
      <trkpt lat="41.488264" lon="2.356163">
        <ele>11.684</ele>
        <time>2025-01-09T08:57:51Z</time>
      </trkpt>
      <trkpt lat="41.488276" lon="2.356227">
        <ele>11.452</ele>
        <time>2025-01-09T08:57:54Z</time>
      </trkpt>
      <trkpt lat="41.488300" lon="2.356296">
        <ele>11.292</ele>
        <time>2025-01-09T08:57:58Z</time>
      </trkpt>
      <trkpt lat="41.488311" lon="2.356332">
        <ele>11.188</ele>
        <time>2025-01-09T08:58:00Z</time>
      </trkpt>
      <trkpt lat="41.488320" lon="2.356369">
        <ele>11.078</ele>
        <time>2025-01-09T08:58:02Z</time>
      </trkpt>
      <trkpt lat="41.488329" lon="2.356408">
        <ele>11.022</ele>
        <time>2025-01-09T08:58:04Z</time>
      </trkpt>
      <trkpt lat="41.488343" lon="2.356448">
        <ele>11.090</ele>
        <time>2025-01-09T08:58:06Z</time>
      </trkpt>
      <trkpt lat="41.488351" lon="2.356491">
        <ele>11.067</ele>
        <time>2025-01-09T08:58:08Z</time>
      </trkpt>
      <trkpt lat="41.488365" lon="2.356528">
        <ele>11.110</ele>
        <time>2025-01-09T08:58:10Z</time>
      </trkpt>
      <trkpt lat="41.488375" lon="2.356565">
        <ele>11.177</ele>
        <time>2025-01-09T08:58:12Z</time>
      </trkpt>
      <trkpt lat="41.488385" lon="2.356599">
        <ele>11.061</ele>
        <time>2025-01-09T08:58:14Z</time>
      </trkpt>
      <trkpt lat="41.488403" lon="2.356663">
        <ele>11.027</ele>
        <time>2025-01-09T08:58:18Z</time>
      </trkpt>
      <trkpt lat="41.488420" lon="2.356726">
        <ele>10.809</ele>
        <time>2025-01-09T08:58:21Z</time>
      </trkpt>
      <trkpt lat="41.488442" lon="2.356793">
        <ele>10.538</ele>
        <time>2025-01-09T08:58:25Z</time>
      </trkpt>
      <trkpt lat="41.488451" lon="2.356830">
        <ele>10.486</ele>
        <time>2025-01-09T08:58:27Z</time>
      </trkpt>
      <trkpt lat="41.488456" lon="2.356870">
        <ele>10.326</ele>
        <time>2025-01-09T08:58:29Z</time>
      </trkpt>
      <trkpt lat="41.488464" lon="2.356906">
        <ele>10.112</ele>
        <time>2025-01-09T08:58:31Z</time>
      </trkpt>
      <trkpt lat="41.488477" lon="2.356941">
        <ele>10.032</ele>
        <time>2025-01-09T08:58:33Z</time>
      </trkpt>
      <trkpt lat="41.488490" lon="2.356978">
        <ele>9.976</ele>
        <time>2025-01-09T08:58:35Z</time>
      </trkpt>
      <trkpt lat="41.488512" lon="2.357041">
        <ele>9.824</ele>
        <time>2025-01-09T08:58:39Z</time>
      </trkpt>
      <trkpt lat="41.488522" lon="2.357084">
        <ele>9.731</ele>
        <time>2025-01-09T08:58:41Z</time>
      </trkpt>
      <trkpt lat="41.488530" lon="2.357125">
        <ele>9.554</ele>
        <time>2025-01-09T08:58:43Z</time>
      </trkpt>
      <trkpt lat="41.488545" lon="2.357158">
        <ele>9.445</ele>
        <time>2025-01-09T08:58:45Z</time>
      </trkpt>
      <trkpt lat="41.488554" lon="2.357195">
        <ele>9.347</ele>
        <time>2025-01-09T08:58:47Z</time>
      </trkpt>
      <trkpt lat="41.488569" lon="2.357233">
        <ele>9.211</ele>
        <time>2025-01-09T08:58:49Z</time>
      </trkpt>
      <trkpt lat="41.488583" lon="2.357271">
        <ele>9.109</ele>
        <time>2025-01-09T08:58:51Z</time>
      </trkpt>
      <trkpt lat="41.488599" lon="2.357306">
        <ele>9.135</ele>
        <time>2025-01-09T08:58:53Z</time>
      </trkpt>
      <trkpt lat="41.488633" lon="2.357360">
        <ele>9.193</ele>
        <time>2025-01-09T08:59:06Z</time>
      </trkpt>
      <trkpt lat="41.488641" lon="2.357401">
        <ele>9.163</ele>
        <time>2025-01-09T08:59:08Z</time>
      </trkpt>
      <trkpt lat="41.488659" lon="2.357462">
        <ele>9.289</ele>
        <time>2025-01-09T08:59:12Z</time>
      </trkpt>
      <trkpt lat="41.488671" lon="2.357502">
        <ele>9.279</ele>
        <time>2025-01-09T08:59:14Z</time>
      </trkpt>
      <trkpt lat="41.488682" lon="2.357540">
        <ele>9.393</ele>
        <time>2025-01-09T08:59:16Z</time>
      </trkpt>
      <trkpt lat="41.488691" lon="2.357578">
        <ele>9.461</ele>
        <time>2025-01-09T08:59:18Z</time>
      </trkpt>
      <trkpt lat="41.488700" lon="2.357621">
        <ele>9.558</ele>
        <time>2025-01-09T08:59:20Z</time>
      </trkpt>
      <trkpt lat="41.488713" lon="2.357659">
        <ele>9.561</ele>
        <time>2025-01-09T08:59:22Z</time>
      </trkpt>
      <trkpt lat="41.488722" lon="2.357702">
        <ele>9.518</ele>
        <time>2025-01-09T08:59:24Z</time>
      </trkpt>
      <trkpt lat="41.488761" lon="2.357715">
        <ele>9.598</ele>
        <time>2025-01-09T08:59:28Z</time>
      </trkpt>
      <trkpt lat="41.488786" lon="2.357699">
        <ele>9.417</ele>
        <time>2025-01-09T08:59:30Z</time>
      </trkpt>
      <trkpt lat="41.488831" lon="2.357656">
        <ele>9.509</ele>
        <time>2025-01-09T08:59:34Z</time>
      </trkpt>
      <trkpt lat="41.488858" lon="2.357643">
        <ele>9.592</ele>
        <time>2025-01-09T08:59:36Z</time>
      </trkpt>
      <trkpt lat="41.488899" lon="2.357630">
        <ele>9.690</ele>
        <time>2025-01-09T08:59:40Z</time>
      </trkpt>
      <trkpt lat="41.488927" lon="2.357622">
        <ele>9.740</ele>
        <time>2025-01-09T08:59:42Z</time>
      </trkpt>
      <trkpt lat="41.488961" lon="2.357618">
        <ele>9.856</ele>
        <time>2025-01-09T08:59:44Z</time>
      </trkpt>
      <trkpt lat="41.488997" lon="2.357612">
        <ele>10.076</ele>
        <time>2025-01-09T08:59:46Z</time>
      </trkpt>
      <trkpt lat="41.489024" lon="2.357594">
        <ele>10.180</ele>
        <time>2025-01-09T08:59:48Z</time>
      </trkpt>
      <trkpt lat="41.489049" lon="2.357574">
        <ele>10.388</ele>
        <time>2025-01-09T08:59:50Z</time>
      </trkpt>
      <trkpt lat="41.489073" lon="2.357558">
        <ele>10.535</ele>
        <time>2025-01-09T08:59:52Z</time>
      </trkpt>
      <trkpt lat="41.489122" lon="2.357531">
        <ele>10.728</ele>
        <time>2025-01-09T08:59:56Z</time>
      </trkpt>
      <trkpt lat="41.489150" lon="2.357516">
        <ele>10.928</ele>
        <time>2025-01-09T08:59:58Z</time>
      </trkpt>
      <trkpt lat="41.489189" lon="2.357482">
        <ele>11.189</ele>
        <time>2025-01-09T09:00:02Z</time>
      </trkpt>
      <trkpt lat="41.489228" lon="2.357448">
        <ele>11.417</ele>
        <time>2025-01-09T09:00:06Z</time>
      </trkpt>
      <trkpt lat="41.489272" lon="2.357422">
        <ele>11.709</ele>
        <time>2025-01-09T09:00:10Z</time>
      </trkpt>
      <trkpt lat="41.489311" lon="2.357395">
        <ele>11.913</ele>
        <time>2025-01-09T09:00:19Z</time>
      </trkpt>
      <trkpt lat="41.489355" lon="2.357361">
        <ele>12.221</ele>
        <time>2025-01-09T09:00:23Z</time>
      </trkpt>
      <trkpt lat="41.489380" lon="2.357341">
        <ele>12.351</ele>
        <time>2025-01-09T09:00:25Z</time>
      </trkpt>
      <trkpt lat="41.489406" lon="2.357320">
        <ele>12.547</ele>
        <time>2025-01-09T09:00:27Z</time>
      </trkpt>
      <trkpt lat="41.489436" lon="2.357300">
        <ele>12.777</ele>
        <time>2025-01-09T09:00:29Z</time>
      </trkpt>
      <trkpt lat="41.489473" lon="2.357280">
        <ele>12.981</ele>
        <time>2025-01-09T09:00:31Z</time>
      </trkpt>
      <trkpt lat="41.489500" lon="2.357258">
        <ele>13.149</ele>
        <time>2025-01-09T09:00:33Z</time>
      </trkpt>
      <trkpt lat="41.489550" lon="2.357238">
        <ele>13.336</ele>
        <time>2025-01-09T09:00:37Z</time>
      </trkpt>
      <trkpt lat="41.489572" lon="2.357181">
        <ele>13.639</ele>
        <time>2025-01-09T09:00:41Z</time>
      </trkpt>
      <trkpt lat="41.489593" lon="2.357155">
        <ele>13.893</ele>
        <time>2025-01-09T09:00:45Z</time>
      </trkpt>
      <trkpt lat="41.489616" lon="2.357131">
        <ele>13.965</ele>
        <time>2025-01-09T09:02:27Z</time>
      </trkpt>
      <trkpt lat="41.489650" lon="2.357098">
        <ele>14.221</ele>
        <time>2025-01-09T09:02:31Z</time>
      </trkpt>
      <trkpt lat="41.489679" lon="2.357088">
        <ele>14.309</ele>
        <time>2025-01-09T09:02:33Z</time>
      </trkpt>
      <trkpt lat="41.489708" lon="2.357070">
        <ele>14.550</ele>
        <time>2025-01-09T09:02:35Z</time>
      </trkpt>
      <trkpt lat="41.489733" lon="2.357053">
        <ele>14.688</ele>
        <time>2025-01-09T09:02:37Z</time>
      </trkpt>
      <trkpt lat="41.489779" lon="2.357022">
        <ele>14.958</ele>
        <time>2025-01-09T09:02:41Z</time>
      </trkpt>
      <trkpt lat="41.489809" lon="2.357007">
        <ele>15.134</ele>
        <time>2025-01-09T09:02:43Z</time>
      </trkpt>
      <trkpt lat="41.489836" lon="2.356990">
        <ele>15.234</ele>
        <time>2025-01-09T09:02:45Z</time>
      </trkpt>
      <trkpt lat="41.489886" lon="2.356966">
        <ele>15.518</ele>
        <time>2025-01-09T09:02:49Z</time>
      </trkpt>
      <trkpt lat="41.489932" lon="2.356946">
        <ele>15.846</ele>
        <time>2025-01-09T09:02:52Z</time>
      </trkpt>
      <trkpt lat="41.489983" lon="2.356925">
        <ele>15.953</ele>
        <time>2025-01-09T09:02:56Z</time>
      </trkpt>
      <trkpt lat="41.490030" lon="2.356887">
        <ele>15.836</ele>
        <time>2025-01-09T09:03:00Z</time>
      </trkpt>
      <trkpt lat="41.490058" lon="2.356869">
        <ele>15.865</ele>
        <time>2025-01-09T09:03:02Z</time>
      </trkpt>
      <trkpt lat="41.490084" lon="2.356855">
        <ele>15.968</ele>
        <time>2025-01-09T09:03:04Z</time>
      </trkpt>
      <trkpt lat="41.490116" lon="2.356840">
        <ele>15.914</ele>
        <time>2025-01-09T09:03:06Z</time>
      </trkpt>
      <trkpt lat="41.490145" lon="2.356828">
        <ele>16.009</ele>
        <time>2025-01-09T09:03:08Z</time>
      </trkpt>
      <trkpt lat="41.490172" lon="2.356817">
        <ele>16.157</ele>
        <time>2025-01-09T09:03:10Z</time>
      </trkpt>
      <trkpt lat="41.490196" lon="2.356800">
        <ele>16.295</ele>
        <time>2025-01-09T09:03:12Z</time>
      </trkpt>
      <trkpt lat="41.490234" lon="2.356765">
        <ele>16.435</ele>
        <time>2025-01-09T09:03:16Z</time>
      </trkpt>
      <trkpt lat="41.490284" lon="2.356736">
        <ele>16.881</ele>
        <time>2025-01-09T09:03:20Z</time>
      </trkpt>
      <trkpt lat="41.490337" lon="2.356718">
        <ele>17.051</ele>
        <time>2025-01-09T09:03:24Z</time>
      </trkpt>
      <trkpt lat="41.490365" lon="2.356709">
        <ele>17.175</ele>
        <time>2025-01-09T09:03:26Z</time>
      </trkpt>
      <trkpt lat="41.490393" lon="2.356691">
        <ele>17.393</ele>
        <time>2025-01-09T09:03:28Z</time>
      </trkpt>
      <trkpt lat="41.490416" lon="2.356672">
        <ele>17.560</ele>
        <time>2025-01-09T09:03:30Z</time>
      </trkpt>
      <trkpt lat="41.490466" lon="2.356655">
        <ele>17.793</ele>
        <time>2025-01-09T09:03:34Z</time>
      </trkpt>
      <trkpt lat="41.490511" lon="2.356630">
        <ele>17.964</ele>
        <time>2025-01-09T09:03:38Z</time>
      </trkpt>
      <trkpt lat="41.490555" lon="2.356601">
        <ele>18.206</ele>
        <time>2025-01-09T09:03:42Z</time>
      </trkpt>
      <trkpt lat="41.490597" lon="2.356556">
        <ele>18.416</ele>
        <time>2025-01-09T09:03:46Z</time>
      </trkpt>
      <trkpt lat="41.490640" lon="2.356536">
        <ele>18.509</ele>
        <time>2025-01-09T09:03:52Z</time>
      </trkpt>
      <trkpt lat="41.490666" lon="2.356514">
        <ele>18.667</ele>
        <time>2025-01-09T09:03:56Z</time>
      </trkpt>
      <trkpt lat="41.490704" lon="2.356478">
        <ele>18.765</ele>
        <time>2025-01-09T09:04:00Z</time>
      </trkpt>
      <trkpt lat="41.490744" lon="2.356449">
        <ele>18.835</ele>
        <time>2025-01-09T09:04:03Z</time>
      </trkpt>
      <trkpt lat="41.490792" lon="2.356405">
        <ele>18.951</ele>
        <time>2025-01-09T09:04:06Z</time>
      </trkpt>
      <trkpt lat="41.490843" lon="2.356376">
        <ele>19.151</ele>
        <time>2025-01-09T09:04:10Z</time>
      </trkpt>
      <trkpt lat="41.490873" lon="2.356351">
        <ele>19.345</ele>
        <time>2025-01-09T09:04:12Z</time>
      </trkpt>
      <trkpt lat="41.490897" lon="2.356322">
        <ele>19.543</ele>
        <time>2025-01-09T09:04:14Z</time>
      </trkpt>
      <trkpt lat="41.490942" lon="2.356297">
        <ele>19.760</ele>
        <time>2025-01-09T09:04:18Z</time>
      </trkpt>
      <trkpt lat="41.490991" lon="2.356264">
        <ele>20.043</ele>
        <time>2025-01-09T09:04:22Z</time>
      </trkpt>
      <trkpt lat="41.491020" lon="2.356242">
        <ele>20.218</ele>
        <time>2025-01-09T09:04:24Z</time>
      </trkpt>
      <trkpt lat="41.491060" lon="2.356203">
        <ele>20.598</ele>
        <time>2025-01-09T09:04:31Z</time>
      </trkpt>
      <trkpt lat="41.491103" lon="2.356174">
        <ele>20.717</ele>
        <time>2025-01-09T09:04:36Z</time>
      </trkpt>
      <trkpt lat="41.491130" lon="2.356148">
        <ele>21.009</ele>
        <time>2025-01-09T09:04:38Z</time>
      </trkpt>
      <trkpt lat="41.491162" lon="2.356127">
        <ele>21.332</ele>
        <time>2025-01-09T09:04:40Z</time>
      </trkpt>
      <trkpt lat="41.491197" lon="2.356101">
        <ele>21.780</ele>
        <time>2025-01-09T09:04:42Z</time>
      </trkpt>
      <trkpt lat="41.491227" lon="2.356083">
        <ele>21.910</ele>
        <time>2025-01-09T09:04:44Z</time>
      </trkpt>
      <trkpt lat="41.491264" lon="2.356058">
        <ele>22.346</ele>
        <time>2025-01-09T09:04:46Z</time>
      </trkpt>
      <trkpt lat="41.491299" lon="2.356047">
        <ele>22.676</ele>
        <time>2025-01-09T09:04:48Z</time>
      </trkpt>
      <trkpt lat="41.491333" lon="2.356028">
        <ele>22.940</ele>
        <time>2025-01-09T09:04:50Z</time>
      </trkpt>
      <trkpt lat="41.491374" lon="2.356010">
        <ele>23.368</ele>
        <time>2025-01-09T09:04:52Z</time>
      </trkpt>
      <trkpt lat="41.491409" lon="2.355985">
        <ele>23.685</ele>
        <time>2025-01-09T09:04:54Z</time>
      </trkpt>
      <trkpt lat="41.491441" lon="2.355966">
        <ele>24.068</ele>
        <time>2025-01-09T09:04:56Z</time>
      </trkpt>
      <trkpt lat="41.491473" lon="2.355945">
        <ele>24.323</ele>
        <time>2025-01-09T09:04:58Z</time>
      </trkpt>
      <trkpt lat="41.491508" lon="2.355912">
        <ele>24.783</ele>
        <time>2025-01-09T09:05:00Z</time>
      </trkpt>
      <trkpt lat="41.491543" lon="2.355880">
        <ele>25.011</ele>
        <time>2025-01-09T09:05:02Z</time>
      </trkpt>
      <trkpt lat="41.491575" lon="2.355861">
        <ele>25.309</ele>
        <time>2025-01-09T09:05:04Z</time>
      </trkpt>
      <trkpt lat="41.491602" lon="2.355847">
        <ele>25.593</ele>
        <time>2025-01-09T09:05:06Z</time>
      </trkpt>
      <trkpt lat="41.491639" lon="2.355818">
        <ele>25.961</ele>
        <time>2025-01-09T09:05:07Z</time>
      </trkpt>
      <trkpt lat="41.491671" lon="2.355796">
        <ele>26.241</ele>
        <time>2025-01-09T09:05:08Z</time>
      </trkpt>
      <trkpt lat="41.491696" lon="2.355774">
        <ele>26.497</ele>
        <time>2025-01-09T09:05:09Z</time>
      </trkpt>
      <trkpt lat="41.491728" lon="2.355788">
        <ele>26.657</ele>
        <time>2025-01-09T09:05:11Z</time>
      </trkpt>
      <trkpt lat="41.491742" lon="2.355831">
        <ele>26.551</ele>
        <time>2025-01-09T09:05:12Z</time>
      </trkpt>
      <trkpt lat="41.491771" lon="2.355895">
        <ele>26.879</ele>
        <time>2025-01-09T09:05:14Z</time>
      </trkpt>
      <trkpt lat="41.491790" lon="2.355927">
        <ele>26.916</ele>
        <time>2025-01-09T09:05:15Z</time>
      </trkpt>
      <trkpt lat="41.491802" lon="2.355976">
        <ele>27.059</ele>
        <time>2025-01-09T09:05:16Z</time>
      </trkpt>
      <trkpt lat="41.491818" lon="2.356008">
        <ele>27.172</ele>
        <time>2025-01-09T09:05:17Z</time>
      </trkpt>
      <trkpt lat="41.491832" lon="2.356047">
        <ele>27.213</ele>
        <time>2025-01-09T09:05:18Z</time>
      </trkpt>
      <trkpt lat="41.491864" lon="2.356104">
        <ele>27.414</ele>
        <time>2025-01-09T09:05:20Z</time>
      </trkpt>
      <trkpt lat="41.491875" lon="2.356140">
        <ele>27.409</ele>
        <time>2025-01-09T09:05:21Z</time>
      </trkpt>
      <trkpt lat="41.491905" lon="2.356207">
        <ele>27.318</ele>
        <time>2025-01-09T09:05:23Z</time>
      </trkpt>
      <trkpt lat="41.491925" lon="2.356246">
        <ele>27.336</ele>
        <time>2025-01-09T09:05:24Z</time>
      </trkpt>
      <trkpt lat="41.491938" lon="2.356281">
        <ele>27.336</ele>
        <time>2025-01-09T09:05:25Z</time>
      </trkpt>
      <trkpt lat="41.491955" lon="2.356324">
        <ele>27.332</ele>
        <time>2025-01-09T09:05:27Z</time>
      </trkpt>
      <trkpt lat="41.491990" lon="2.356398">
        <ele>27.342</ele>
        <time>2025-01-09T09:05:31Z</time>
      </trkpt>
      <trkpt lat="41.492007" lon="2.356448">
        <ele>27.316</ele>
        <time>2025-01-09T09:05:33Z</time>
      </trkpt>
      <trkpt lat="41.492021" lon="2.356491">
        <ele>27.384</ele>
        <time>2025-01-09T09:05:35Z</time>
      </trkpt>
      <trkpt lat="41.492048" lon="2.356555">
        <ele>27.461</ele>
        <time>2025-01-09T09:05:39Z</time>
      </trkpt>
      <trkpt lat="41.492070" lon="2.356586">
        <ele>27.514</ele>
        <time>2025-01-09T09:05:41Z</time>
      </trkpt>
      <trkpt lat="41.492083" lon="2.356622">
        <ele>27.647</ele>
        <time>2025-01-09T09:05:43Z</time>
      </trkpt>
      <trkpt lat="41.492092" lon="2.356658">
        <ele>27.629</ele>
        <time>2025-01-09T09:05:45Z</time>
      </trkpt>
      <trkpt lat="41.492105" lon="2.356693">
        <ele>27.521</ele>
        <time>2025-01-09T09:05:47Z</time>
      </trkpt>
      <trkpt lat="41.492119" lon="2.356729">
        <ele>27.409</ele>
        <time>2025-01-09T09:05:49Z</time>
      </trkpt>
      <trkpt lat="41.492136" lon="2.356782">
        <ele>27.135</ele>
        <time>2025-01-09T09:05:52Z</time>
      </trkpt>
      <trkpt lat="41.492163" lon="2.356846">
        <ele>26.953</ele>
        <time>2025-01-09T09:06:16Z</time>
      </trkpt>
      <trkpt lat="41.492190" lon="2.356902">
        <ele>26.973</ele>
        <time>2025-01-09T09:06:20Z</time>
      </trkpt>
      <trkpt lat="41.492201" lon="2.356938">
        <ele>26.749</ele>
        <time>2025-01-09T09:06:22Z</time>
      </trkpt>
      <trkpt lat="41.492226" lon="2.357005">
        <ele>26.499</ele>
        <time>2025-01-09T09:06:26Z</time>
      </trkpt>
      <trkpt lat="41.492253" lon="2.357062">
        <ele>25.853</ele>
        <time>2025-01-09T09:06:30Z</time>
      </trkpt>
      <trkpt lat="41.492275" lon="2.357130">
        <ele>25.321</ele>
        <time>2025-01-09T09:06:34Z</time>
      </trkpt>
      <trkpt lat="41.492292" lon="2.357165">
        <ele>25.028</ele>
        <time>2025-01-09T09:06:36Z</time>
      </trkpt>
      <trkpt lat="41.492319" lon="2.357222">
        <ele>24.771</ele>
        <time>2025-01-09T09:06:40Z</time>
      </trkpt>
      <trkpt lat="41.492336" lon="2.357257">
        <ele>24.899</ele>
        <time>2025-01-09T09:06:42Z</time>
      </trkpt>
      <trkpt lat="41.492366" lon="2.357318">
        <ele>24.907</ele>
        <time>2025-01-09T09:06:46Z</time>
      </trkpt>
      <trkpt lat="41.492379" lon="2.357371">
        <ele>24.827</ele>
        <time>2025-01-09T09:06:50Z</time>
      </trkpt>
      <trkpt lat="41.492399" lon="2.357431">
        <ele>24.809</ele>
        <time>2025-01-09T09:06:54Z</time>
      </trkpt>
      <trkpt lat="41.492418" lon="2.357463">
        <ele>24.820</ele>
        <time>2025-01-09T09:06:56Z</time>
      </trkpt>
      <trkpt lat="41.492434" lon="2.357495">
        <ele>24.878</ele>
        <time>2025-01-09T09:06:58Z</time>
      </trkpt>
      <trkpt lat="41.492453" lon="2.357559">
        <ele>24.298</ele>
        <time>2025-01-09T09:07:02Z</time>
      </trkpt>
      <trkpt lat="41.492478" lon="2.357594">
        <ele>23.934</ele>
        <time>2025-01-09T09:07:04Z</time>
      </trkpt>
      <trkpt lat="41.492492" lon="2.357633">
        <ele>23.584</ele>
        <time>2025-01-09T09:07:06Z</time>
      </trkpt>
      <trkpt lat="41.492529" lon="2.357654">
        <ele>23.368</ele>
        <time>2025-01-09T09:07:08Z</time>
      </trkpt>
      <trkpt lat="41.492547" lon="2.357688">
        <ele>22.916</ele>
        <time>2025-01-09T09:07:10Z</time>
      </trkpt>
      <trkpt lat="41.492563" lon="2.357721">
        <ele>22.623</ele>
        <time>2025-01-09T09:07:12Z</time>
      </trkpt>
      <trkpt lat="41.492579" lon="2.357758">
        <ele>22.266</ele>
        <time>2025-01-09T09:07:14Z</time>
      </trkpt>
      <trkpt lat="41.492594" lon="2.357789">
        <ele>22.027</ele>
        <time>2025-01-09T09:07:16Z</time>
      </trkpt>
      <trkpt lat="41.492613" lon="2.357825">
        <ele>21.868</ele>
        <time>2025-01-09T09:07:18Z</time>
      </trkpt>
      <trkpt lat="41.492627" lon="2.357859">
        <ele>21.714</ele>
        <time>2025-01-09T09:07:20Z</time>
      </trkpt>
      <trkpt lat="41.492649" lon="2.357891">
        <ele>21.609</ele>
        <time>2025-01-09T09:07:22Z</time>
      </trkpt>
      <trkpt lat="41.492664" lon="2.357927">
        <ele>21.563</ele>
        <time>2025-01-09T09:07:24Z</time>
      </trkpt>
      <trkpt lat="41.492680" lon="2.357963">
        <ele>21.391</ele>
        <time>2025-01-09T09:07:26Z</time>
      </trkpt>
      <trkpt lat="41.492696" lon="2.357993">
        <ele>21.231</ele>
        <time>2025-01-09T09:07:28Z</time>
      </trkpt>
      <trkpt lat="41.492714" lon="2.358023">
        <ele>21.177</ele>
        <time>2025-01-09T09:07:30Z</time>
      </trkpt>
      <trkpt lat="41.492726" lon="2.358055">
        <ele>21.027</ele>
        <time>2025-01-09T09:07:32Z</time>
      </trkpt>
      <trkpt lat="41.492751" lon="2.358113">
        <ele>21.091</ele>
        <time>2025-01-09T09:07:36Z</time>
      </trkpt>
      <trkpt lat="41.492775" lon="2.358171">
        <ele>21.099</ele>
        <time>2025-01-09T09:07:40Z</time>
      </trkpt>
      <trkpt lat="41.492789" lon="2.358204">
        <ele>21.056</ele>
        <time>2025-01-09T09:07:42Z</time>
      </trkpt>
      <trkpt lat="41.492827" lon="2.358221">
        <ele>21.259</ele>
        <time>2025-01-09T09:07:46Z</time>
      </trkpt>
      <trkpt lat="41.492858" lon="2.358207">
        <ele>21.331</ele>
        <time>2025-01-09T09:07:49Z</time>
      </trkpt>
      <trkpt lat="41.492913" lon="2.358167">
        <ele>21.561</ele>
        <time>2025-01-09T09:07:53Z</time>
      </trkpt>
      <trkpt lat="41.492946" lon="2.358130">
        <ele>21.607</ele>
        <time>2025-01-09T09:07:57Z</time>
      </trkpt>
      <trkpt lat="41.492970" lon="2.358109">
        <ele>21.709</ele>
        <time>2025-01-09T09:07:59Z</time>
      </trkpt>
      <trkpt lat="41.493000" lon="2.358087">
        <ele>21.854</ele>
        <time>2025-01-09T09:08:01Z</time>
      </trkpt>
      <trkpt lat="41.493044" lon="2.358051">
        <ele>22.052</ele>
        <time>2025-01-09T09:08:04Z</time>
      </trkpt>
      <trkpt lat="41.493073" lon="2.358029">
        <ele>22.332</ele>
        <time>2025-01-09T09:08:06Z</time>
      </trkpt>
      <trkpt lat="41.493096" lon="2.358007">
        <ele>22.838</ele>
        <time>2025-01-09T09:08:08Z</time>
      </trkpt>
      <trkpt lat="41.493124" lon="2.357992">
        <ele>23.298</ele>
        <time>2025-01-09T09:08:10Z</time>
      </trkpt>
      <trkpt lat="41.493154" lon="2.357975">
        <ele>23.732</ele>
        <time>2025-01-09T09:08:12Z</time>
      </trkpt>
      <trkpt lat="41.493175" lon="2.357951">
        <ele>24.120</ele>
        <time>2025-01-09T09:08:14Z</time>
      </trkpt>
      <trkpt lat="41.493200" lon="2.357933">
        <ele>24.587</ele>
        <time>2025-01-09T09:08:16Z</time>
      </trkpt>
      <trkpt lat="41.493227" lon="2.357927">
        <ele>24.990</ele>
        <time>2025-01-09T09:08:18Z</time>
      </trkpt>
      <trkpt lat="41.493251" lon="2.357913">
        <ele>25.338</ele>
        <time>2025-01-09T09:08:20Z</time>
      </trkpt>
      <trkpt lat="41.493278" lon="2.357902">
        <ele>25.870</ele>
        <time>2025-01-09T09:08:22Z</time>
      </trkpt>
      <trkpt lat="41.493328" lon="2.357872">
        <ele>26.617</ele>
        <time>2025-01-09T09:08:27Z</time>
      </trkpt>
      <trkpt lat="41.493355" lon="2.357857">
        <ele>27.009</ele>
        <time>2025-01-09T09:08:29Z</time>
      </trkpt>
      <trkpt lat="41.493383" lon="2.357837">
        <ele>27.454</ele>
        <time>2025-01-09T09:08:31Z</time>
      </trkpt>
      <trkpt lat="41.493407" lon="2.357816">
        <ele>27.792</ele>
        <time>2025-01-09T09:08:33Z</time>
      </trkpt>
      <trkpt lat="41.493437" lon="2.357774">
        <ele>28.182</ele>
        <time>2025-01-09T09:08:37Z</time>
      </trkpt>
      <trkpt lat="41.493468" lon="2.357727">
        <ele>28.558</ele>
        <time>2025-01-09T09:08:41Z</time>
      </trkpt>
      <trkpt lat="41.493504" lon="2.357692">
        <ele>29.078</ele>
        <time>2025-01-09T09:08:44Z</time>
      </trkpt>
      <trkpt lat="41.493529" lon="2.357677">
        <ele>29.272</ele>
        <time>2025-01-09T09:08:46Z</time>
      </trkpt>
      <trkpt lat="41.493570" lon="2.357651">
        <ele>29.680</ele>
        <time>2025-01-09T09:08:48Z</time>
      </trkpt>
      <trkpt lat="41.493610" lon="2.357630">
        <ele>30.037</ele>
        <time>2025-01-09T09:08:50Z</time>
      </trkpt>
      <trkpt lat="41.493646" lon="2.357605">
        <ele>30.380</ele>
        <time>2025-01-09T09:08:52Z</time>
      </trkpt>
      <trkpt lat="41.493677" lon="2.357590">
        <ele>30.577</ele>
        <time>2025-01-09T09:08:54Z</time>
      </trkpt>
      <trkpt lat="41.493728" lon="2.357577">
        <ele>30.861</ele>
        <time>2025-01-09T09:08:58Z</time>
      </trkpt>
      <trkpt lat="41.493779" lon="2.357555">
        <ele>31.227</ele>
        <time>2025-01-09T09:09:03Z</time>
      </trkpt>
      <trkpt lat="41.493802" lon="2.357525">
        <ele>31.409</ele>
        <time>2025-01-09T09:09:05Z</time>
      </trkpt>
      <trkpt lat="41.493850" lon="2.357480">
        <ele>31.728</ele>
        <time>2025-01-09T09:09:09Z</time>
      </trkpt>
      <trkpt lat="41.493893" lon="2.357458">
        <ele>32.086</ele>
        <time>2025-01-09T09:09:12Z</time>
      </trkpt>
      <trkpt lat="41.493949" lon="2.357432">
        <ele>31.856</ele>
        <time>2025-01-09T09:09:16Z</time>
      </trkpt>
      <trkpt lat="41.493992" lon="2.357386">
        <ele>31.852</ele>
        <time>2025-01-09T09:09:20Z</time>
      </trkpt>
      <trkpt lat="41.494037" lon="2.357360">
        <ele>31.722</ele>
        <time>2025-01-09T09:09:24Z</time>
      </trkpt>
      <trkpt lat="41.494070" lon="2.357336">
        <ele>31.776</ele>
        <time>2025-01-09T09:09:26Z</time>
      </trkpt>
      <trkpt lat="41.494109" lon="2.357315">
        <ele>31.784</ele>
        <time>2025-01-09T09:09:28Z</time>
      </trkpt>
      <trkpt lat="41.494126" lon="2.357277">
        <ele>31.821</ele>
        <time>2025-01-09T09:09:29Z</time>
      </trkpt>
      <trkpt lat="41.494159" lon="2.357235">
        <ele>32.044</ele>
        <time>2025-01-09T09:09:32Z</time>
      </trkpt>
      <trkpt lat="41.494194" lon="2.357196">
        <ele>31.869</ele>
        <time>2025-01-09T09:09:36Z</time>
      </trkpt>
      <trkpt lat="41.494237" lon="2.357152">
        <ele>31.604</ele>
        <time>2025-01-09T09:09:40Z</time>
      </trkpt>
      <trkpt lat="41.494266" lon="2.357125">
        <ele>31.424</ele>
        <time>2025-01-09T09:09:42Z</time>
      </trkpt>
      <trkpt lat="41.494318" lon="2.357093">
        <ele>31.209</ele>
        <time>2025-01-09T09:09:45Z</time>
      </trkpt>
      <trkpt lat="41.494345" lon="2.357076">
        <ele>31.287</ele>
        <time>2025-01-09T09:09:47Z</time>
      </trkpt>
      <trkpt lat="41.494387" lon="2.357058">
        <ele>31.195</ele>
        <time>2025-01-09T09:09:51Z</time>
      </trkpt>
      <trkpt lat="41.494435" lon="2.357042">
        <ele>31.075</ele>
        <time>2025-01-09T09:09:55Z</time>
      </trkpt>
      <trkpt lat="41.494482" lon="2.357022">
        <ele>31.051</ele>
        <time>2025-01-09T09:09:58Z</time>
      </trkpt>
      <trkpt lat="41.494521" lon="2.356998">
        <ele>31.061</ele>
        <time>2025-01-09T09:10:00Z</time>
      </trkpt>
      <trkpt lat="41.494557" lon="2.356967">
        <ele>31.085</ele>
        <time>2025-01-09T09:10:02Z</time>
      </trkpt>
      <trkpt lat="41.494582" lon="2.356944">
        <ele>31.083</ele>
        <time>2025-01-09T09:10:04Z</time>
      </trkpt>
      <trkpt lat="41.494607" lon="2.356928">
        <ele>30.910</ele>
        <time>2025-01-09T09:10:06Z</time>
      </trkpt>
      <trkpt lat="41.494643" lon="2.356879">
        <ele>30.883</ele>
        <time>2025-01-09T09:10:10Z</time>
      </trkpt>
      <trkpt lat="41.494664" lon="2.356856">
        <ele>30.712</ele>
        <time>2025-01-09T09:10:12Z</time>
      </trkpt>
      <trkpt lat="41.494701" lon="2.356811">
        <ele>30.532</ele>
        <time>2025-01-09T09:10:16Z</time>
      </trkpt>
      <trkpt lat="41.494729" lon="2.356788">
        <ele>30.505</ele>
        <time>2025-01-09T09:10:18Z</time>
      </trkpt>
      <trkpt lat="41.494765" lon="2.356756">
        <ele>30.409</ele>
        <time>2025-01-09T09:10:20Z</time>
      </trkpt>
      <trkpt lat="41.494793" lon="2.356730">
        <ele>30.482</ele>
        <time>2025-01-09T09:10:22Z</time>
      </trkpt>
      <trkpt lat="41.494823" lon="2.356702">
        <ele>30.490</ele>
        <time>2025-01-09T09:10:24Z</time>
      </trkpt>
      <trkpt lat="41.494849" lon="2.356685">
        <ele>30.530</ele>
        <time>2025-01-09T09:10:26Z</time>
      </trkpt>
      <trkpt lat="41.494884" lon="2.356662">
        <ele>30.696</ele>
        <time>2025-01-09T09:10:30Z</time>
      </trkpt>
      <trkpt lat="41.494910" lon="2.356646">
        <ele>30.736</ele>
        <time>2025-01-09T09:10:32Z</time>
      </trkpt>
      <trkpt lat="41.494937" lon="2.356631">
        <ele>30.990</ele>
        <time>2025-01-09T09:10:34Z</time>
      </trkpt>
      <trkpt lat="41.494961" lon="2.356608">
        <ele>31.078</ele>
        <time>2025-01-09T09:10:36Z</time>
      </trkpt>
      <trkpt lat="41.494987" lon="2.356578">
        <ele>31.325</ele>
        <time>2025-01-09T09:10:38Z</time>
      </trkpt>
      <trkpt lat="41.495010" lon="2.356559">
        <ele>31.548</ele>
        <time>2025-01-09T09:10:40Z</time>
      </trkpt>
      <trkpt lat="41.495040" lon="2.356538">
        <ele>31.829</ele>
        <time>2025-01-09T09:10:42Z</time>
      </trkpt>
      <trkpt lat="41.495069" lon="2.356518">
        <ele>32.100</ele>
        <time>2025-01-09T09:10:44Z</time>
      </trkpt>
      <trkpt lat="41.495097" lon="2.356497">
        <ele>32.420</ele>
        <time>2025-01-09T09:10:46Z</time>
      </trkpt>
      <trkpt lat="41.495127" lon="2.356477">
        <ele>32.709</ele>
        <time>2025-01-09T09:10:48Z</time>
      </trkpt>
      <trkpt lat="41.495153" lon="2.356463">
        <ele>33.063</ele>
        <time>2025-01-09T09:10:50Z</time>
      </trkpt>
      <trkpt lat="41.495199" lon="2.356425">
        <ele>33.431</ele>
        <time>2025-01-09T09:10:54Z</time>
      </trkpt>
      <trkpt lat="41.495229" lon="2.356410">
        <ele>33.661</ele>
        <time>2025-01-09T09:10:56Z</time>
      </trkpt>
      <trkpt lat="41.495270" lon="2.356375">
        <ele>34.027</ele>
        <time>2025-01-09T09:10:59Z</time>
      </trkpt>
      <trkpt lat="41.495292" lon="2.356347">
        <ele>34.277</ele>
        <time>2025-01-09T09:11:01Z</time>
      </trkpt>
      <trkpt lat="41.495316" lon="2.356325">
        <ele>34.441</ele>
        <time>2025-01-09T09:11:03Z</time>
      </trkpt>
      <trkpt lat="41.495356" lon="2.356286">
        <ele>34.779</ele>
        <time>2025-01-09T09:11:07Z</time>
      </trkpt>
      <trkpt lat="41.495399" lon="2.356243">
        <ele>35.076</ele>
        <time>2025-01-09T09:11:11Z</time>
      </trkpt>
      <trkpt lat="41.495442" lon="2.356195">
        <ele>35.339</ele>
        <time>2025-01-09T09:11:14Z</time>
      </trkpt>
      <trkpt lat="41.495469" lon="2.356176">
        <ele>35.548</ele>
        <time>2025-01-09T09:11:16Z</time>
      </trkpt>
      <trkpt lat="41.495493" lon="2.356157">
        <ele>35.661</ele>
        <time>2025-01-09T09:11:18Z</time>
      </trkpt>
      <trkpt lat="41.495522" lon="2.356143">
        <ele>35.817</ele>
        <time>2025-01-09T09:11:20Z</time>
      </trkpt>
      <trkpt lat="41.495548" lon="2.356129">
        <ele>35.909</ele>
        <time>2025-01-09T09:11:22Z</time>
      </trkpt>
      <trkpt lat="41.495586" lon="2.356105">
        <ele>36.215</ele>
        <time>2025-01-09T09:11:25Z</time>
      </trkpt>
      <trkpt lat="41.495612" lon="2.356088">
        <ele>36.513</ele>
        <time>2025-01-09T09:11:27Z</time>
      </trkpt>
      <trkpt lat="41.495641" lon="2.356086">
        <ele>36.743</ele>
        <time>2025-01-09T09:11:29Z</time>
      </trkpt>
      <trkpt lat="41.495667" lon="2.356076">
        <ele>37.099</ele>
        <time>2025-01-09T09:11:31Z</time>
      </trkpt>
      <trkpt lat="41.495718" lon="2.356050">
        <ele>37.549</ele>
        <time>2025-01-09T09:11:35Z</time>
      </trkpt>
      <trkpt lat="41.495763" lon="2.356020">
        <ele>38.133</ele>
        <time>2025-01-09T09:11:39Z</time>
      </trkpt>
      <trkpt lat="41.495804" lon="2.355981">
        <ele>38.731</ele>
        <time>2025-01-09T09:11:42Z</time>
      </trkpt>
      <trkpt lat="41.495827" lon="2.355958">
        <ele>39.098</ele>
        <time>2025-01-09T09:11:44Z</time>
      </trkpt>
      <trkpt lat="41.495851" lon="2.355933">
        <ele>39.361</ele>
        <time>2025-01-09T09:11:46Z</time>
      </trkpt>
      <trkpt lat="41.495876" lon="2.355912">
        <ele>39.615</ele>
        <time>2025-01-09T09:11:48Z</time>
      </trkpt>
      <trkpt lat="41.495900" lon="2.355892">
        <ele>39.865</ele>
        <time>2025-01-09T09:11:50Z</time>
      </trkpt>
      <trkpt lat="41.495928" lon="2.355876">
        <ele>40.011</ele>
        <time>2025-01-09T09:11:52Z</time>
      </trkpt>
      <trkpt lat="41.495957" lon="2.355856">
        <ele>40.309</ele>
        <time>2025-01-09T09:11:54Z</time>
      </trkpt>
      <trkpt lat="41.495975" lon="2.355823">
        <ele>40.522</ele>
        <time>2025-01-09T09:11:56Z</time>
      </trkpt>
      <trkpt lat="41.496018" lon="2.355790">
        <ele>40.890</ele>
        <time>2025-01-09T09:12:00Z</time>
      </trkpt>
      <trkpt lat="41.496060" lon="2.355767">
        <ele>41.090</ele>
        <time>2025-01-09T09:12:03Z</time>
      </trkpt>
      <trkpt lat="41.496100" lon="2.355752">
        <ele>41.286</ele>
        <time>2025-01-09T09:12:06Z</time>
      </trkpt>
      <trkpt lat="41.496136" lon="2.355721">
        <ele>41.496</ele>
        <time>2025-01-09T09:12:09Z</time>
      </trkpt>
      <trkpt lat="41.496162" lon="2.355705">
        <ele>41.510</ele>
        <time>2025-01-09T09:12:11Z</time>
      </trkpt>
      <trkpt lat="41.496196" lon="2.355687">
        <ele>41.548</ele>
        <time>2025-01-09T09:12:13Z</time>
      </trkpt>
      <trkpt lat="41.496230" lon="2.355662">
        <ele>41.615</ele>
        <time>2025-01-09T09:12:15Z</time>
      </trkpt>
      <trkpt lat="41.496253" lon="2.355643">
        <ele>41.758</ele>
        <time>2025-01-09T09:12:17Z</time>
      </trkpt>
      <trkpt lat="41.496280" lon="2.355626">
        <ele>41.755</ele>
        <time>2025-01-09T09:12:19Z</time>
      </trkpt>
      <trkpt lat="41.496314" lon="2.355595">
        <ele>41.907</ele>
        <time>2025-01-09T09:12:22Z</time>
      </trkpt>
      <trkpt lat="41.496336" lon="2.355573">
        <ele>41.917</ele>
        <time>2025-01-09T09:12:24Z</time>
      </trkpt>
      <trkpt lat="41.496361" lon="2.355548">
        <ele>42.009</ele>
        <time>2025-01-09T09:12:26Z</time>
      </trkpt>
      <trkpt lat="41.496380" lon="2.355522">
        <ele>42.126</ele>
        <time>2025-01-09T09:12:28Z</time>
      </trkpt>
      <trkpt lat="41.496421" lon="2.355489">
        <ele>42.384</ele>
        <time>2025-01-09T09:12:31Z</time>
      </trkpt>
      <trkpt lat="41.496449" lon="2.355466">
        <ele>42.494</ele>
        <time>2025-01-09T09:12:33Z</time>
      </trkpt>
      <trkpt lat="41.496476" lon="2.355453">
        <ele>42.530</ele>
        <time>2025-01-09T09:12:35Z</time>
      </trkpt>
      <trkpt lat="41.496525" lon="2.355424">
        <ele>42.730</ele>
        <time>2025-01-09T09:12:39Z</time>
      </trkpt>
      <trkpt lat="41.496548" lon="2.355402">
        <ele>42.934</ele>
        <time>2025-01-09T09:12:41Z</time>
      </trkpt>
      <trkpt lat="41.496600" lon="2.355365">
        <ele>43.252</ele>
        <time>2025-01-09T09:12:45Z</time>
      </trkpt>
      <trkpt lat="41.496633" lon="2.355342">
        <ele>43.459</ele>
        <time>2025-01-09T09:12:47Z</time>
      </trkpt>
      <trkpt lat="41.496659" lon="2.355326">
        <ele>43.612</ele>
        <time>2025-01-09T09:12:49Z</time>
      </trkpt>
      <trkpt lat="41.496685" lon="2.355315">
        <ele>43.895</ele>
        <time>2025-01-09T09:12:51Z</time>
      </trkpt>
      <trkpt lat="41.496708" lon="2.355291">
        <ele>44.149</ele>
        <time>2025-01-09T09:12:53Z</time>
      </trkpt>
      <trkpt lat="41.496751" lon="2.355251">
        <ele>44.423</ele>
        <time>2025-01-09T09:12:57Z</time>
      </trkpt>
      <trkpt lat="41.496777" lon="2.355234">
        <ele>44.609</ele>
        <time>2025-01-09T09:12:59Z</time>
      </trkpt>
      <trkpt lat="41.496804" lon="2.355220">
        <ele>44.780</ele>
        <time>2025-01-09T09:13:01Z</time>
      </trkpt>
      <trkpt lat="41.496848" lon="2.355189">
        <ele>45.018</ele>
        <time>2025-01-09T09:13:05Z</time>
      </trkpt>
      <trkpt lat="41.496892" lon="2.355162">
        <ele>45.298</ele>
        <time>2025-01-09T09:13:09Z</time>
      </trkpt>
      <trkpt lat="41.496941" lon="2.355121">
        <ele>45.674</ele>
        <time>2025-01-09T09:13:13Z</time>
      </trkpt>
      <trkpt lat="41.496974" lon="2.355076">
        <ele>45.824</ele>
        <time>2025-01-09T09:13:17Z</time>
      </trkpt>
      <trkpt lat="41.497014" lon="2.355044">
        <ele>46.178</ele>
        <time>2025-01-09T09:13:21Z</time>
      </trkpt>
      <trkpt lat="41.497037" lon="2.355025">
        <ele>46.296</ele>
        <time>2025-01-09T09:13:23Z</time>
      </trkpt>
      <trkpt lat="41.497083" lon="2.354988">
        <ele>46.583</ele>
        <time>2025-01-09T09:13:27Z</time>
      </trkpt>
      <trkpt lat="41.497118" lon="2.354957">
        <ele>46.866</ele>
        <time>2025-01-09T09:13:31Z</time>
      </trkpt>
      <trkpt lat="41.497146" lon="2.354937">
        <ele>47.051</ele>
        <time>2025-01-09T09:13:33Z</time>
      </trkpt>
      <trkpt lat="41.497173" lon="2.354916">
        <ele>47.101</ele>
        <time>2025-01-09T09:13:35Z</time>
      </trkpt>
      <trkpt lat="41.497228" lon="2.354874">
        <ele>47.411</ele>
        <time>2025-01-09T09:13:39Z</time>
      </trkpt>
      <trkpt lat="41.497263" lon="2.354847">
        <ele>47.509</ele>
        <time>2025-01-09T09:13:41Z</time>
      </trkpt>
      <trkpt lat="41.497290" lon="2.354828">
        <ele>47.526</ele>
        <time>2025-01-09T09:13:43Z</time>
      </trkpt>
      <trkpt lat="41.497316" lon="2.354808">
        <ele>47.554</ele>
        <time>2025-01-09T09:13:45Z</time>
      </trkpt>
      <trkpt lat="41.497365" lon="2.354778">
        <ele>47.474</ele>
        <time>2025-01-09T09:13:49Z</time>
      </trkpt>
      <trkpt lat="41.497413" lon="2.354743">
        <ele>47.370</ele>
        <time>2025-01-09T09:13:53Z</time>
      </trkpt>
      <trkpt lat="41.497463" lon="2.354718">
        <ele>47.170</ele>
        <time>2025-01-09T09:13:57Z</time>
      </trkpt>
      <trkpt lat="41.497493" lon="2.354701">
        <ele>47.134</ele>
        <time>2025-01-09T09:13:59Z</time>
      </trkpt>
      <trkpt lat="41.497520" lon="2.354682">
        <ele>47.172</ele>
        <time>2025-01-09T09:14:01Z</time>
      </trkpt>
      <trkpt lat="41.497566" lon="2.354640">
        <ele>47.389</ele>
        <time>2025-01-09T09:14:05Z</time>
      </trkpt>
      <trkpt lat="41.497591" lon="2.354614">
        <ele>47.422</ele>
        <time>2025-01-09T09:14:07Z</time>
      </trkpt>
      <trkpt lat="41.497615" lon="2.354592">
        <ele>47.553</ele>
        <time>2025-01-09T09:14:09Z</time>
      </trkpt>
      <trkpt lat="41.497639" lon="2.354570">
        <ele>47.504</ele>
        <time>2025-01-09T09:14:11Z</time>
      </trkpt>
      <trkpt lat="41.497664" lon="2.354551">
        <ele>47.614</ele>
        <time>2025-01-09T09:14:13Z</time>
      </trkpt>
      <trkpt lat="41.497692" lon="2.354530">
        <ele>47.709</ele>
        <time>2025-01-09T09:14:15Z</time>
      </trkpt>
      <trkpt lat="41.497737" lon="2.354496">
        <ele>47.866</ele>
        <time>2025-01-09T09:14:18Z</time>
      </trkpt>
      <trkpt lat="41.497764" lon="2.354477">
        <ele>47.954</ele>
        <time>2025-01-09T09:14:20Z</time>
      </trkpt>
      <trkpt lat="41.497789" lon="2.354462">
        <ele>48.064</ele>
        <time>2025-01-09T09:14:22Z</time>
      </trkpt>
      <trkpt lat="41.497831" lon="2.354434">
        <ele>48.490</ele>
        <time>2025-01-09T09:14:26Z</time>
      </trkpt>
      <trkpt lat="41.497856" lon="2.354415">
        <ele>48.770</ele>
        <time>2025-01-09T09:14:28Z</time>
      </trkpt>
      <trkpt lat="41.497885" lon="2.354388">
        <ele>49.034</ele>
        <time>2025-01-09T09:14:30Z</time>
      </trkpt>
      <trkpt lat="41.497911" lon="2.354373">
        <ele>49.242</ele>
        <time>2025-01-09T09:14:32Z</time>
      </trkpt>
      <trkpt lat="41.497941" lon="2.354355">
        <ele>49.529</ele>
        <time>2025-01-09T09:14:34Z</time>
      </trkpt>
      <trkpt lat="41.497969" lon="2.354340">
        <ele>49.892</ele>
        <time>2025-01-09T09:14:36Z</time>
      </trkpt>
      <trkpt lat="41.497996" lon="2.354324">
        <ele>50.075</ele>
        <time>2025-01-09T09:14:38Z</time>
      </trkpt>
      <trkpt lat="41.498026" lon="2.354305">
        <ele>50.328</ele>
        <time>2025-01-09T09:14:40Z</time>
      </trkpt>
      <trkpt lat="41.498050" lon="2.354288">
        <ele>50.520</ele>
        <time>2025-01-09T09:14:42Z</time>
      </trkpt>
      <trkpt lat="41.498096" lon="2.354256">
        <ele>50.809</ele>
        <time>2025-01-09T09:14:46Z</time>
      </trkpt>
      <trkpt lat="41.498132" lon="2.354215">
        <ele>51.158</ele>
        <time>2025-01-09T09:14:50Z</time>
      </trkpt>
      <trkpt lat="41.498154" lon="2.354189">
        <ele>51.346</ele>
        <time>2025-01-09T09:14:52Z</time>
      </trkpt>
      <trkpt lat="41.498179" lon="2.354161">
        <ele>51.596</ele>
        <time>2025-01-09T09:14:54Z</time>
      </trkpt>
      <trkpt lat="41.498200" lon="2.354130">
        <ele>51.752</ele>
        <time>2025-01-09T09:14:56Z</time>
      </trkpt>
      <trkpt lat="41.498227" lon="2.354106">
        <ele>51.812</ele>
        <time>2025-01-09T09:14:58Z</time>
      </trkpt>
      <trkpt lat="41.498251" lon="2.354089">
        <ele>52.056</ele>
        <time>2025-01-09T09:15:00Z</time>
      </trkpt>
      <trkpt lat="41.498282" lon="2.354074">
        <ele>52.134</ele>
        <time>2025-01-09T09:15:02Z</time>
      </trkpt>
      <trkpt lat="41.498307" lon="2.354055">
        <ele>52.381</ele>
        <time>2025-01-09T09:15:04Z</time>
      </trkpt>
      <trkpt lat="41.498336" lon="2.354034">
        <ele>52.554</ele>
        <time>2025-01-09T09:15:06Z</time>
      </trkpt>
      <trkpt lat="41.498385" lon="2.354002">
        <ele>52.694</ele>
        <time>2025-01-09T09:15:10Z</time>
      </trkpt>
      <trkpt lat="41.498412" lon="2.353984">
        <ele>52.757</ele>
        <time>2025-01-09T09:15:12Z</time>
      </trkpt>
      <trkpt lat="41.498437" lon="2.353968">
        <ele>52.722</ele>
        <time>2025-01-09T09:15:14Z</time>
      </trkpt>
      <trkpt lat="41.498464" lon="2.353953">
        <ele>52.809</ele>
        <time>2025-01-09T09:15:16Z</time>
      </trkpt>
      <trkpt lat="41.498495" lon="2.353930">
        <ele>52.910</ele>
        <time>2025-01-09T09:15:18Z</time>
      </trkpt>
      <trkpt lat="41.498542" lon="2.353901">
        <ele>53.068</ele>
        <time>2025-01-09T09:15:21Z</time>
      </trkpt>
      <trkpt lat="41.498581" lon="2.353869">
        <ele>53.128</ele>
        <time>2025-01-09T09:15:25Z</time>
      </trkpt>
      <trkpt lat="41.498605" lon="2.353847">
        <ele>53.294</ele>
        <time>2025-01-09T09:15:28Z</time>
      </trkpt>
      <trkpt lat="41.498635" lon="2.353810">
        <ele>53.294</ele>
        <time>2025-01-09T09:15:30Z</time>
      </trkpt>
      <trkpt lat="41.498650" lon="2.353779">
        <ele>53.368</ele>
        <time>2025-01-09T09:15:32Z</time>
      </trkpt>
      <trkpt lat="41.498655" lon="2.353744">
        <ele>53.416</ele>
        <time>2025-01-09T09:15:34Z</time>
      </trkpt>
      <trkpt lat="41.498667" lon="2.353685">
        <ele>53.533</ele>
        <time>2025-01-09T09:15:38Z</time>
      </trkpt>
      <trkpt lat="41.498687" lon="2.353635">
        <ele>53.656</ele>
        <time>2025-01-09T09:15:41Z</time>
      </trkpt>
      <trkpt lat="41.498709" lon="2.353598">
        <ele>53.757</ele>
        <time>2025-01-09T09:15:43Z</time>
      </trkpt>
      <trkpt lat="41.498723" lon="2.353559">
        <ele>53.800</ele>
        <time>2025-01-09T09:15:45Z</time>
      </trkpt>
      <trkpt lat="41.498738" lon="2.353528">
        <ele>53.820</ele>
        <time>2025-01-09T09:15:47Z</time>
      </trkpt>
      <trkpt lat="41.498756" lon="2.353469">
        <ele>54.009</ele>
        <time>2025-01-09T09:15:50Z</time>
      </trkpt>
      <trkpt lat="41.498766" lon="2.353434">
        <ele>54.126</ele>
        <time>2025-01-09T09:15:52Z</time>
      </trkpt>
      <trkpt lat="41.498779" lon="2.353400">
        <ele>54.274</ele>
        <time>2025-01-09T09:15:54Z</time>
      </trkpt>
      <trkpt lat="41.498792" lon="2.353368">
        <ele>54.284</ele>
        <time>2025-01-09T09:15:56Z</time>
      </trkpt>
      <trkpt lat="41.498802" lon="2.353328">
        <ele>54.310</ele>
        <time>2025-01-09T09:15:58Z</time>
      </trkpt>
      <trkpt lat="41.498816" lon="2.353290">
        <ele>54.480</ele>
        <time>2025-01-09T09:16:00Z</time>
      </trkpt>
      <trkpt lat="41.498830" lon="2.353252">
        <ele>54.464</ele>
        <time>2025-01-09T09:16:02Z</time>
      </trkpt>
      <trkpt lat="41.498841" lon="2.353214">
        <ele>54.512</ele>
        <time>2025-01-09T09:16:04Z</time>
      </trkpt>
      <trkpt lat="41.498855" lon="2.353178">
        <ele>54.699</ele>
        <time>2025-01-09T09:16:06Z</time>
      </trkpt>
      <trkpt lat="41.498867" lon="2.353116">
        <ele>54.882</ele>
        <time>2025-01-09T09:16:10Z</time>
      </trkpt>
      <trkpt lat="41.498884" lon="2.353082">
        <ele>54.912</ele>
        <time>2025-01-09T09:16:12Z</time>
      </trkpt>
      <trkpt lat="41.498907" lon="2.353039">
        <ele>55.032</ele>
        <time>2025-01-09T09:16:15Z</time>
      </trkpt>
      <trkpt lat="41.498921" lon="2.353006">
        <ele>55.105</ele>
        <time>2025-01-09T09:16:17Z</time>
      </trkpt>
      <trkpt lat="41.498942" lon="2.352934">
        <ele>55.209</ele>
        <time>2025-01-09T09:16:21Z</time>
      </trkpt>
      <trkpt lat="41.498956" lon="2.352865">
        <ele>55.442</ele>
        <time>2025-01-09T09:16:25Z</time>
      </trkpt>
      <trkpt lat="41.498990" lon="2.352794">
        <ele>55.630</ele>
        <time>2025-01-09T09:16:31Z</time>
      </trkpt>
      <trkpt lat="41.499002" lon="2.352760">
        <ele>55.740</ele>
        <time>2025-01-09T09:16:33Z</time>
      </trkpt>
      <trkpt lat="41.499011" lon="2.352724">
        <ele>55.896</ele>
        <time>2025-01-09T09:16:35Z</time>
      </trkpt>
      <trkpt lat="41.499031" lon="2.352655">
        <ele>55.926</ele>
        <time>2025-01-09T09:16:39Z</time>
      </trkpt>
      <trkpt lat="41.499050" lon="2.352600">
        <ele>56.120</ele>
        <time>2025-01-09T09:16:42Z</time>
      </trkpt>
      <trkpt lat="41.499060" lon="2.352560">
        <ele>56.278</ele>
        <time>2025-01-09T09:16:43Z</time>
      </trkpt>
      <trkpt lat="41.499078" lon="2.352503">
        <ele>56.395</ele>
        <time>2025-01-09T09:16:45Z</time>
      </trkpt>
      <trkpt lat="41.499099" lon="2.352448">
        <ele>56.628</ele>
        <time>2025-01-09T09:16:46Z</time>
      </trkpt>
      <trkpt lat="41.499121" lon="2.352383">
        <ele>56.922</ele>
        <time>2025-01-09T09:16:48Z</time>
      </trkpt>
      <trkpt lat="41.499138" lon="2.352319">
        <ele>57.362</ele>
        <time>2025-01-09T09:16:50Z</time>
      </trkpt>
      <trkpt lat="41.499158" lon="2.352266">
        <ele>57.708</ele>
        <time>2025-01-09T09:16:52Z</time>
      </trkpt>
      <trkpt lat="41.499180" lon="2.352212">
        <ele>58.109</ele>
        <time>2025-01-09T09:16:54Z</time>
      </trkpt>
      <trkpt lat="41.499212" lon="2.352123">
        <ele>58.883</ele>
        <time>2025-01-09T09:16:56Z</time>
      </trkpt>
      <trkpt lat="41.499229" lon="2.352070">
        <ele>59.261</ele>
        <time>2025-01-09T09:16:58Z</time>
      </trkpt>
      <trkpt lat="41.499249" lon="2.352020">
        <ele>59.771</ele>
        <time>2025-01-09T09:17:00Z</time>
      </trkpt>
      <trkpt lat="41.499269" lon="2.351963">
        <ele>60.287</ele>
        <time>2025-01-09T09:17:02Z</time>
      </trkpt>
      <trkpt lat="41.499294" lon="2.351901">
        <ele>60.757</ele>
        <time>2025-01-09T09:17:04Z</time>
      </trkpt>
      <trkpt lat="41.499319" lon="2.351854">
        <ele>61.081</ele>
        <time>2025-01-09T09:17:06Z</time>
      </trkpt>
      <trkpt lat="41.499339" lon="2.351804">
        <ele>61.329</ele>
        <time>2025-01-09T09:17:08Z</time>
      </trkpt>
      <trkpt lat="41.499366" lon="2.351752">
        <ele>61.616</ele>
        <time>2025-01-09T09:17:10Z</time>
      </trkpt>
      <trkpt lat="41.499388" lon="2.351695">
        <ele>61.929</ele>
        <time>2025-01-09T09:17:12Z</time>
      </trkpt>
      <trkpt lat="41.499416" lon="2.351636">
        <ele>62.284</ele>
        <time>2025-01-09T09:17:15Z</time>
      </trkpt>
      <trkpt lat="41.499441" lon="2.351588">
        <ele>62.607</ele>
        <time>2025-01-09T09:17:17Z</time>
      </trkpt>
      <trkpt lat="41.499470" lon="2.351515">
        <ele>63.117</ele>
        <time>2025-01-09T09:17:20Z</time>
      </trkpt>
      <trkpt lat="41.499490" lon="2.351460">
        <ele>63.509</ele>
        <time>2025-01-09T09:17:22Z</time>
      </trkpt>
      <trkpt lat="41.499517" lon="2.351416">
        <ele>63.889</ele>
        <time>2025-01-09T09:17:24Z</time>
      </trkpt>
      <trkpt lat="41.499534" lon="2.351382">
        <ele>64.037</ele>
        <time>2025-01-09T09:17:25Z</time>
      </trkpt>
      <trkpt lat="41.499549" lon="2.351345">
        <ele>64.197</ele>
        <time>2025-01-09T09:18:32Z</time>
      </trkpt>
      <trkpt lat="41.499574" lon="2.351291">
        <ele>64.223</ele>
        <time>2025-01-09T09:18:34Z</time>
      </trkpt>
      <trkpt lat="41.499588" lon="2.351254">
        <ele>64.353</ele>
        <time>2025-01-09T09:18:35Z</time>
      </trkpt>
      <trkpt lat="41.499617" lon="2.351200">
        <ele>64.457</ele>
        <time>2025-01-09T09:18:37Z</time>
      </trkpt>
      <trkpt lat="41.499635" lon="2.351159">
        <ele>64.655</ele>
        <time>2025-01-09T09:18:38Z</time>
      </trkpt>
      <trkpt lat="41.499661" lon="2.351105">
        <ele>64.862</ele>
        <time>2025-01-09T09:18:40Z</time>
      </trkpt>
      <trkpt lat="41.499689" lon="2.351037">
        <ele>65.155</ele>
        <time>2025-01-09T09:18:43Z</time>
      </trkpt>
      <trkpt lat="41.499701" lon="2.351000">
        <ele>65.392</ele>
        <time>2025-01-09T09:18:44Z</time>
      </trkpt>
      <trkpt lat="41.499731" lon="2.350932">
        <ele>65.773</ele>
        <time>2025-01-09T09:18:46Z</time>
      </trkpt>
      <trkpt lat="41.499750" lon="2.350896">
        <ele>66.120</ele>
        <time>2025-01-09T09:18:47Z</time>
      </trkpt>
      <trkpt lat="41.499772" lon="2.350848">
        <ele>66.509</ele>
        <time>2025-01-09T09:18:48Z</time>
      </trkpt>
      <trkpt lat="41.499797" lon="2.350810">
        <ele>66.940</ele>
        <time>2025-01-09T09:18:49Z</time>
      </trkpt>
      <trkpt lat="41.499830" lon="2.350747">
        <ele>67.438</ele>
        <time>2025-01-09T09:18:51Z</time>
      </trkpt>
      <trkpt lat="41.499871" lon="2.350678">
        <ele>67.998</ele>
        <time>2025-01-09T09:18:54Z</time>
      </trkpt>
      <trkpt lat="41.499889" lon="2.350647">
        <ele>68.144</ele>
        <time>2025-01-09T09:18:56Z</time>
      </trkpt>
      <trkpt lat="41.499904" lon="2.350613">
        <ele>68.224</ele>
        <time>2025-01-09T09:18:58Z</time>
      </trkpt>
      <trkpt lat="41.499926" lon="2.350584">
        <ele>68.418</ele>
        <time>2025-01-09T09:19:00Z</time>
      </trkpt>
      <trkpt lat="41.499939" lon="2.350552">
        <ele>68.696</ele>
        <time>2025-01-09T09:19:02Z</time>
      </trkpt>
      <trkpt lat="41.499952" lon="2.350516">
        <ele>68.823</ele>
        <time>2025-01-09T09:19:04Z</time>
      </trkpt>
      <trkpt lat="41.499970" lon="2.350481">
        <ele>69.186</ele>
        <time>2025-01-09T09:19:06Z</time>
      </trkpt>
      <trkpt lat="41.499983" lon="2.350440">
        <ele>69.319</ele>
        <time>2025-01-09T09:19:08Z</time>
      </trkpt>
      <trkpt lat="41.500001" lon="2.350401">
        <ele>69.609</ele>
        <time>2025-01-09T09:19:10Z</time>
      </trkpt>
      <trkpt lat="41.500021" lon="2.350367">
        <ele>69.919</ele>
        <time>2025-01-09T09:19:12Z</time>
      </trkpt>
      <trkpt lat="41.500048" lon="2.350297">
        <ele>70.409</ele>
        <time>2025-01-09T09:19:16Z</time>
      </trkpt>
      <trkpt lat="41.500064" lon="2.350267">
        <ele>70.712</ele>
        <time>2025-01-09T09:19:18Z</time>
      </trkpt>
      <trkpt lat="41.500078" lon="2.350233">
        <ele>70.820</ele>
        <time>2025-01-09T09:19:20Z</time>
      </trkpt>
      <trkpt lat="41.500092" lon="2.350198">
        <ele>71.080</ele>
        <time>2025-01-09T09:19:22Z</time>
      </trkpt>
      <trkpt lat="41.500106" lon="2.350166">
        <ele>71.176</ele>
        <time>2025-01-09T09:19:24Z</time>
      </trkpt>
      <trkpt lat="41.500123" lon="2.350127">
        <ele>71.376</ele>
        <time>2025-01-09T09:19:26Z</time>
      </trkpt>
      <trkpt lat="41.500137" lon="2.350090">
        <ele>71.580</ele>
        <time>2025-01-09T09:19:28Z</time>
      </trkpt>
      <trkpt lat="41.500147" lon="2.350055">
        <ele>71.698</ele>
        <time>2025-01-09T09:19:30Z</time>
      </trkpt>
      <trkpt lat="41.500167" lon="2.350023">
        <ele>71.845</ele>
        <time>2025-01-09T09:19:32Z</time>
      </trkpt>
      <trkpt lat="41.500183" lon="2.349986">
        <ele>71.918</ele>
        <time>2025-01-09T09:19:34Z</time>
      </trkpt>
      <trkpt lat="41.500197" lon="2.349953">
        <ele>72.063</ele>
        <time>2025-01-09T09:19:36Z</time>
      </trkpt>
      <trkpt lat="41.500212" lon="2.349921">
        <ele>72.144</ele>
        <time>2025-01-09T09:19:38Z</time>
      </trkpt>
      <trkpt lat="41.500227" lon="2.349890">
        <ele>72.118</ele>
        <time>2025-01-09T09:19:40Z</time>
      </trkpt>
      <trkpt lat="41.500245" lon="2.349860">
        <ele>72.209</ele>
        <time>2025-01-09T09:19:42Z</time>
      </trkpt>
      <trkpt lat="41.500261" lon="2.349828">
        <ele>72.267</ele>
        <time>2025-01-09T09:19:44Z</time>
      </trkpt>
      <trkpt lat="41.500287" lon="2.349784">
        <ele>72.335</ele>
        <time>2025-01-09T09:19:47Z</time>
      </trkpt>
      <trkpt lat="41.500303" lon="2.349749">
        <ele>72.315</ele>
        <time>2025-01-09T09:19:49Z</time>
      </trkpt>
      <trkpt lat="41.500317" lon="2.349713">
        <ele>72.341</ele>
        <time>2025-01-09T09:19:51Z</time>
      </trkpt>
      <trkpt lat="41.500331" lon="2.349680">
        <ele>72.541</ele>
        <time>2025-01-09T09:19:53Z</time>
      </trkpt>
      <trkpt lat="41.500359" lon="2.349620">
        <ele>72.885</ele>
        <time>2025-01-09T09:19:57Z</time>
      </trkpt>
      <trkpt lat="41.500374" lon="2.349583">
        <ele>73.063</ele>
        <time>2025-01-09T09:19:59Z</time>
      </trkpt>
      <trkpt lat="41.500393" lon="2.349554">
        <ele>73.230</ele>
        <time>2025-01-09T09:20:01Z</time>
      </trkpt>
      <trkpt lat="41.500405" lon="2.349518">
        <ele>73.353</ele>
        <time>2025-01-09T09:20:03Z</time>
      </trkpt>
      <trkpt lat="41.500423" lon="2.349485">
        <ele>73.567</ele>
        <time>2025-01-09T09:20:05Z</time>
      </trkpt>
      <trkpt lat="41.500452" lon="2.349427">
        <ele>73.881</ele>
        <time>2025-01-09T09:20:09Z</time>
      </trkpt>
      <trkpt lat="41.500483" lon="2.349358">
        <ele>74.419</ele>
        <time>2025-01-09T09:20:13Z</time>
      </trkpt>
      <trkpt lat="41.500508" lon="2.349294">
        <ele>74.909</ele>
        <time>2025-01-09T09:20:17Z</time>
      </trkpt>
      <trkpt lat="41.500524" lon="2.349255">
        <ele>75.387</ele>
        <time>2025-01-09T09:20:19Z</time>
      </trkpt>
      <trkpt lat="41.500536" lon="2.349222">
        <ele>75.575</ele>
        <time>2025-01-09T09:20:21Z</time>
      </trkpt>
      <trkpt lat="41.500550" lon="2.349190">
        <ele>75.895</ele>
        <time>2025-01-09T09:20:23Z</time>
      </trkpt>
      <trkpt lat="41.500565" lon="2.349157">
        <ele>76.181</ele>
        <time>2025-01-09T09:20:25Z</time>
      </trkpt>
      <trkpt lat="41.500577" lon="2.349123">
        <ele>76.471</ele>
        <time>2025-01-09T09:20:27Z</time>
      </trkpt>
      <trkpt lat="41.500606" lon="2.349058">
        <ele>76.965</ele>
        <time>2025-01-09T09:20:31Z</time>
      </trkpt>
      <trkpt lat="41.500642" lon="2.348997">
        <ele>77.313</ele>
        <time>2025-01-09T09:20:35Z</time>
      </trkpt>
      <trkpt lat="41.500667" lon="2.348944">
        <ele>77.480</ele>
        <time>2025-01-09T09:20:38Z</time>
      </trkpt>
      <trkpt lat="41.500678" lon="2.348911">
        <ele>77.553</ele>
        <time>2025-01-09T09:20:40Z</time>
      </trkpt>
      <trkpt lat="41.500700" lon="2.348845">
        <ele>77.617</ele>
        <time>2025-01-09T09:20:44Z</time>
      </trkpt>
      <trkpt lat="41.500715" lon="2.348810">
        <ele>77.587</ele>
        <time>2025-01-09T09:20:46Z</time>
      </trkpt>
      <trkpt lat="41.500730" lon="2.348775">
        <ele>77.515</ele>
        <time>2025-01-09T09:20:48Z</time>
      </trkpt>
      <trkpt lat="41.500741" lon="2.348739">
        <ele>77.509</ele>
        <time>2025-01-09T09:20:50Z</time>
      </trkpt>
      <trkpt lat="41.500756" lon="2.348704">
        <ele>77.542</ele>
        <time>2025-01-09T09:20:52Z</time>
      </trkpt>
      <trkpt lat="41.500772" lon="2.348673">
        <ele>77.410</ele>
        <time>2025-01-09T09:20:54Z</time>
      </trkpt>
      <trkpt lat="41.500787" lon="2.348640">
        <ele>77.330</ele>
        <time>2025-01-09T09:20:56Z</time>
      </trkpt>
      <trkpt lat="41.500813" lon="2.348583">
        <ele>77.126</ele>
        <time>2025-01-09T09:21:00Z</time>
      </trkpt>
      <trkpt lat="41.500827" lon="2.348547">
        <ele>77.046</ele>
        <time>2025-01-09T09:21:02Z</time>
      </trkpt>
      <trkpt lat="41.500838" lon="2.348508">
        <ele>77.060</ele>
        <time>2025-01-09T09:21:04Z</time>
      </trkpt>
      <trkpt lat="41.500854" lon="2.348443">
        <ele>77.088</ele>
        <time>2025-01-09T09:21:08Z</time>
      </trkpt>
      <trkpt lat="41.500868" lon="2.348407">
        <ele>77.055</ele>
        <time>2025-01-09T09:21:10Z</time>
      </trkpt>
      <trkpt lat="41.500883" lon="2.348374">
        <ele>77.078</ele>
        <time>2025-01-09T09:21:12Z</time>
      </trkpt>
      <trkpt lat="41.500893" lon="2.348339">
        <ele>77.058</ele>
        <time>2025-01-09T09:21:14Z</time>
      </trkpt>
      <trkpt lat="41.500908" lon="2.348305">
        <ele>77.152</ele>
        <time>2025-01-09T09:21:16Z</time>
      </trkpt>
      <trkpt lat="41.500925" lon="2.348270">
        <ele>77.217</ele>
        <time>2025-01-09T09:21:18Z</time>
      </trkpt>
      <trkpt lat="41.500952" lon="2.348207">
        <ele>77.509</ele>
        <time>2025-01-09T09:21:22Z</time>
      </trkpt>
      <trkpt lat="41.500970" lon="2.348171">
        <ele>77.626</ele>
        <time>2025-01-09T09:21:24Z</time>
      </trkpt>
      <trkpt lat="41.500989" lon="2.348137">
        <ele>77.734</ele>
        <time>2025-01-09T09:21:26Z</time>
      </trkpt>
      <trkpt lat="41.501007" lon="2.348110">
        <ele>77.894</ele>
        <time>2025-01-09T09:21:28Z</time>
      </trkpt>
      <trkpt lat="41.501028" lon="2.348086">
        <ele>77.910</ele>
        <time>2025-01-09T09:21:30Z</time>
      </trkpt>
      <trkpt lat="41.501063" lon="2.348029">
        <ele>78.190</ele>
        <time>2025-01-09T09:21:34Z</time>
      </trkpt>
      <trkpt lat="41.501102" lon="2.347980">
        <ele>78.394</ele>
        <time>2025-01-09T09:21:38Z</time>
      </trkpt>
      <trkpt lat="41.501141" lon="2.347947">
        <ele>78.812</ele>
        <time>2025-01-09T09:21:41Z</time>
      </trkpt>
      <trkpt lat="41.501166" lon="2.347934">
        <ele>79.259</ele>
        <time>2025-01-09T09:21:43Z</time>
      </trkpt>
      <trkpt lat="41.501191" lon="2.347921">
        <ele>79.682</ele>
        <time>2025-01-09T09:21:45Z</time>
      </trkpt>
      <trkpt lat="41.501243" lon="2.347890">
        <ele>80.512</ele>
        <time>2025-01-09T09:21:49Z</time>
      </trkpt>
      <trkpt lat="41.501271" lon="2.347869">
        <ele>81.032</ele>
        <time>2025-01-09T09:21:51Z</time>
      </trkpt>
      <trkpt lat="41.501298" lon="2.347846">
        <ele>81.405</ele>
        <time>2025-01-09T09:21:53Z</time>
      </trkpt>
      <trkpt lat="41.501346" lon="2.347818">
        <ele>82.209</ele>
        <time>2025-01-09T09:21:56Z</time>
      </trkpt>
      <trkpt lat="41.501371" lon="2.347799">
        <ele>82.752</ele>
        <time>2025-01-09T09:21:58Z</time>
      </trkpt>
      <trkpt lat="41.501392" lon="2.347773">
        <ele>83.110</ele>
        <time>2025-01-09T09:22:00Z</time>
      </trkpt>
      <trkpt lat="41.501414" lon="2.347711">
        <ele>83.710</ele>
        <time>2025-01-09T09:22:04Z</time>
      </trkpt>
      <trkpt lat="41.501418" lon="2.347674">
        <ele>83.986</ele>
        <time>2025-01-09T09:22:06Z</time>
      </trkpt>
      <trkpt lat="41.501410" lon="2.347606">
        <ele>84.016</ele>
        <time>2025-01-09T09:22:10Z</time>
      </trkpt>
      <trkpt lat="41.501417" lon="2.347564">
        <ele>84.230</ele>
        <time>2025-01-09T09:22:12Z</time>
      </trkpt>
      <trkpt lat="41.501430" lon="2.347524">
        <ele>84.528</ele>
        <time>2025-01-09T09:22:14Z</time>
      </trkpt>
      <trkpt lat="41.501453" lon="2.347432">
        <ele>85.175</ele>
        <time>2025-01-09T09:22:17Z</time>
      </trkpt>
      <trkpt lat="41.501475" lon="2.347396">
        <ele>85.558</ele>
        <time>2025-01-09T09:22:19Z</time>
      </trkpt>
      <trkpt lat="41.501502" lon="2.347354">
        <ele>85.918</ele>
        <time>2025-01-09T09:22:23Z</time>
      </trkpt>
      <trkpt lat="41.501529" lon="2.347306">
        <ele>86.498</ele>
        <time>2025-01-09T09:25:10Z</time>
      </trkpt>
      <trkpt lat="41.501586" lon="2.347292">
        <ele>87.117</ele>
        <time>2025-01-09T09:25:14Z</time>
      </trkpt>
      <trkpt lat="41.501614" lon="2.347280">
        <ele>87.409</ele>
        <time>2025-01-09T09:25:16Z</time>
      </trkpt>
      <trkpt lat="41.501642" lon="2.347272">
        <ele>87.742</ele>
        <time>2025-01-09T09:25:18Z</time>
      </trkpt>
      <trkpt lat="41.501668" lon="2.347254">
        <ele>88.030</ele>
        <time>2025-01-09T09:25:20Z</time>
      </trkpt>
      <trkpt lat="41.501698" lon="2.347240">
        <ele>88.320</ele>
        <time>2025-01-09T09:25:22Z</time>
      </trkpt>
      <trkpt lat="41.501727" lon="2.347220">
        <ele>88.786</ele>
        <time>2025-01-09T09:25:24Z</time>
      </trkpt>
      <trkpt lat="41.501756" lon="2.347204">
        <ele>88.936</ele>
        <time>2025-01-09T09:25:26Z</time>
      </trkpt>
      <trkpt lat="41.501784" lon="2.347199">
        <ele>89.250</ele>
        <time>2025-01-09T09:25:28Z</time>
      </trkpt>
      <trkpt lat="41.501809" lon="2.347183">
        <ele>89.538</ele>
        <time>2025-01-09T09:25:30Z</time>
      </trkpt>
      <trkpt lat="41.501832" lon="2.347164">
        <ele>89.785</ele>
        <time>2025-01-09T09:25:32Z</time>
      </trkpt>
      <trkpt lat="41.501856" lon="2.347138">
        <ele>89.848</ele>
        <time>2025-01-09T09:25:34Z</time>
      </trkpt>
      <trkpt lat="41.501885" lon="2.347119">
        <ele>90.111</ele>
        <time>2025-01-09T09:25:36Z</time>
      </trkpt>
      <trkpt lat="41.501910" lon="2.347103">
        <ele>90.321</ele>
        <time>2025-01-09T09:25:38Z</time>
      </trkpt>
      <trkpt lat="41.501937" lon="2.347091">
        <ele>90.503</ele>
        <time>2025-01-09T09:25:40Z</time>
      </trkpt>
      <trkpt lat="41.501965" lon="2.347081">
        <ele>90.609</ele>
        <time>2025-01-09T09:25:42Z</time>
      </trkpt>
      <trkpt lat="41.501996" lon="2.347066">
        <ele>90.892</ele>
        <time>2025-01-09T09:25:44Z</time>
      </trkpt>
      <trkpt lat="41.502028" lon="2.347053">
        <ele>91.020</ele>
        <time>2025-01-09T09:25:46Z</time>
      </trkpt>
      <trkpt lat="41.502060" lon="2.347044">
        <ele>91.250</ele>
        <time>2025-01-09T09:25:48Z</time>
      </trkpt>
      <trkpt lat="41.502088" lon="2.347032">
        <ele>91.356</ele>
        <time>2025-01-09T09:25:50Z</time>
      </trkpt>
      <trkpt lat="41.502117" lon="2.347022">
        <ele>91.526</ele>
        <time>2025-01-09T09:25:52Z</time>
      </trkpt>
      <trkpt lat="41.502149" lon="2.347013">
        <ele>91.740</ele>
        <time>2025-01-09T09:25:54Z</time>
      </trkpt>
      <trkpt lat="41.502178" lon="2.347001">
        <ele>91.998</ele>
        <time>2025-01-09T09:25:56Z</time>
      </trkpt>
      <trkpt lat="41.502206" lon="2.346990">
        <ele>92.025</ele>
        <time>2025-01-09T09:25:58Z</time>
      </trkpt>
      <trkpt lat="41.502254" lon="2.346964">
        <ele>92.258</ele>
        <time>2025-01-09T09:26:02Z</time>
      </trkpt>
      <trkpt lat="41.502287" lon="2.346948">
        <ele>92.238</ele>
        <time>2025-01-09T09:26:04Z</time>
      </trkpt>
      <trkpt lat="41.502334" lon="2.346928">
        <ele>92.470</ele>
        <time>2025-01-09T09:26:07Z</time>
      </trkpt>
      <trkpt lat="41.502367" lon="2.346918">
        <ele>92.517</ele>
        <time>2025-01-09T09:26:09Z</time>
      </trkpt>
      <trkpt lat="41.502397" lon="2.346912">
        <ele>92.609</ele>
        <time>2025-01-09T09:26:11Z</time>
      </trkpt>
      <trkpt lat="41.502447" lon="2.346902">
        <ele>92.894</ele>
        <time>2025-01-09T09:26:14Z</time>
      </trkpt>
      <trkpt lat="41.502473" lon="2.346889">
        <ele>92.932</ele>
        <time>2025-01-09T09:26:16Z</time>
      </trkpt>
      <trkpt lat="41.502499" lon="2.346875">
        <ele>93.032</ele>
        <time>2025-01-09T09:26:18Z</time>
      </trkpt>
      <trkpt lat="41.502529" lon="2.346859">
        <ele>93.378</ele>
        <time>2025-01-09T09:26:20Z</time>
      </trkpt>
      <trkpt lat="41.502555" lon="2.346843">
        <ele>93.718</ele>
        <time>2025-01-09T09:26:22Z</time>
      </trkpt>
      <trkpt lat="41.502582" lon="2.346826">
        <ele>94.032</ele>
        <time>2025-01-09T09:26:24Z</time>
      </trkpt>
      <trkpt lat="41.502614" lon="2.346815">
        <ele>94.470</ele>
        <time>2025-01-09T09:26:26Z</time>
      </trkpt>
      <trkpt lat="41.502647" lon="2.346805">
        <ele>94.997</ele>
        <time>2025-01-09T09:26:28Z</time>
      </trkpt>
      <trkpt lat="41.502696" lon="2.346783">
        <ele>95.590</ele>
        <time>2025-01-09T09:26:32Z</time>
      </trkpt>
      <trkpt lat="41.502724" lon="2.346759">
        <ele>96.094</ele>
        <time>2025-01-09T09:26:34Z</time>
      </trkpt>
      <trkpt lat="41.502753" lon="2.346739">
        <ele>96.457</ele>
        <time>2025-01-09T09:26:36Z</time>
      </trkpt>
      <trkpt lat="41.502780" lon="2.346732">
        <ele>96.822</ele>
        <time>2025-01-09T09:26:38Z</time>
      </trkpt>
      <trkpt lat="41.502806" lon="2.346720">
        <ele>97.009</ele>
        <time>2025-01-09T09:26:40Z</time>
      </trkpt>
      <trkpt lat="41.502836" lon="2.346708">
        <ele>97.320</ele>
        <time>2025-01-09T09:26:42Z</time>
      </trkpt>
      <trkpt lat="41.502863" lon="2.346700">
        <ele>97.598</ele>
        <time>2025-01-09T09:26:44Z</time>
      </trkpt>
      <trkpt lat="41.502890" lon="2.346691">
        <ele>97.888</ele>
        <time>2025-01-09T09:26:46Z</time>
      </trkpt>
      <trkpt lat="41.502949" lon="2.346661">
        <ele>98.274</ele>
        <time>2025-01-09T09:26:50Z</time>
      </trkpt>
      <trkpt lat="41.502982" lon="2.346655">
        <ele>98.554</ele>
        <time>2025-01-09T09:26:52Z</time>
      </trkpt>
      <trkpt lat="41.503010" lon="2.346640">
        <ele>98.798</ele>
        <time>2025-01-09T09:26:54Z</time>
      </trkpt>
      <trkpt lat="41.503053" lon="2.346607">
        <ele>99.016</ele>
        <time>2025-01-09T09:26:58Z</time>
      </trkpt>
      <trkpt lat="41.503080" lon="2.346595">
        <ele>99.153</ele>
        <time>2025-01-09T09:27:00Z</time>
      </trkpt>
      <trkpt lat="41.503111" lon="2.346580">
        <ele>99.186</ele>
        <time>2025-01-09T09:27:02Z</time>
      </trkpt>
      <trkpt lat="41.503160" lon="2.346557">
        <ele>99.282</ele>
        <time>2025-01-09T09:27:06Z</time>
      </trkpt>
      <trkpt lat="41.503189" lon="2.346551">
        <ele>99.343</ele>
        <time>2025-01-09T09:27:08Z</time>
      </trkpt>
      <trkpt lat="41.503218" lon="2.346540">
        <ele>99.317</ele>
        <time>2025-01-09T09:27:10Z</time>
      </trkpt>
      <trkpt lat="41.503244" lon="2.346519">
        <ele>99.309</ele>
        <time>2025-01-09T09:27:12Z</time>
      </trkpt>
      <trkpt lat="41.503268" lon="2.346502">
        <ele>99.319</ele>
        <time>2025-01-09T09:27:14Z</time>
      </trkpt>
      <trkpt lat="41.503321" lon="2.346474">
        <ele>99.347</ele>
        <time>2025-01-09T09:27:18Z</time>
      </trkpt>
      <trkpt lat="41.503351" lon="2.346460">
        <ele>99.347</ele>
        <time>2025-01-09T09:27:20Z</time>
      </trkpt>
      <trkpt lat="41.503379" lon="2.346444">
        <ele>99.353</ele>
        <time>2025-01-09T09:27:22Z</time>
      </trkpt>
      <trkpt lat="41.503407" lon="2.346434">
        <ele>99.453</ele>
        <time>2025-01-09T09:27:24Z</time>
      </trkpt>
      <trkpt lat="41.503439" lon="2.346429">
        <ele>99.517</ele>
        <time>2025-01-09T09:27:26Z</time>
      </trkpt>
      <trkpt lat="41.503467" lon="2.346440">
        <ele>99.665</ele>
        <time>2025-01-09T09:27:28Z</time>
      </trkpt>
      <trkpt lat="41.503519" lon="2.346429">
        <ele>99.772</ele>
        <time>2025-01-09T09:27:32Z</time>
      </trkpt>
      <trkpt lat="41.503551" lon="2.346418">
        <ele>99.895</ele>
        <time>2025-01-09T09:27:34Z</time>
      </trkpt>
      <trkpt lat="41.503579" lon="2.346401">
        <ele>99.916</ele>
        <time>2025-01-09T09:27:36Z</time>
      </trkpt>
      <trkpt lat="41.503609" lon="2.346389">
        <ele>100.076</ele>
        <time>2025-01-09T09:27:38Z</time>
      </trkpt>
      <trkpt lat="41.503637" lon="2.346376">
        <ele>100.213</ele>
        <time>2025-01-09T09:27:40Z</time>
      </trkpt>
      <trkpt lat="41.503685" lon="2.346361">
        <ele>100.609</ele>
        <time>2025-01-09T09:27:43Z</time>
      </trkpt>
      <trkpt lat="41.503735" lon="2.346338">
        <ele>101.172</ele>
        <time>2025-01-09T09:27:47Z</time>
      </trkpt>
      <trkpt lat="41.503764" lon="2.346327">
        <ele>101.340</ele>
        <time>2025-01-09T09:27:49Z</time>
      </trkpt>
      <trkpt lat="41.503791" lon="2.346316">
        <ele>101.620</ele>
        <time>2025-01-09T09:27:51Z</time>
      </trkpt>
      <trkpt lat="41.503840" lon="2.346290">
        <ele>102.296</ele>
        <time>2025-01-09T09:27:55Z</time>
      </trkpt>
      <trkpt lat="41.503870" lon="2.346276">
        <ele>102.686</ele>
        <time>2025-01-09T09:27:57Z</time>
      </trkpt>
      <trkpt lat="41.503899" lon="2.346265">
        <ele>103.060</ele>
        <time>2025-01-09T09:27:59Z</time>
      </trkpt>
      <trkpt lat="41.503929" lon="2.346255">
        <ele>103.468</ele>
        <time>2025-01-09T09:28:01Z</time>
      </trkpt>
      <trkpt lat="41.503958" lon="2.346244">
        <ele>103.845</ele>
        <time>2025-01-09T09:28:03Z</time>
      </trkpt>
      <trkpt lat="41.503987" lon="2.346234">
        <ele>104.148</ele>
        <time>2025-01-09T09:28:05Z</time>
      </trkpt>
      <trkpt lat="41.504019" lon="2.346227">
        <ele>104.575</ele>
        <time>2025-01-09T09:28:07Z</time>
      </trkpt>
      <trkpt lat="41.504046" lon="2.346211">
        <ele>104.828</ele>
        <time>2025-01-09T09:28:09Z</time>
      </trkpt>
      <trkpt lat="41.504077" lon="2.346205">
        <ele>105.120</ele>
        <time>2025-01-09T09:28:11Z</time>
      </trkpt>
      <trkpt lat="41.504128" lon="2.346187">
        <ele>105.609</ele>
        <time>2025-01-09T09:28:15Z</time>
      </trkpt>
      <trkpt lat="41.504155" lon="2.346173">
        <ele>105.998</ele>
        <time>2025-01-09T09:28:17Z</time>
      </trkpt>
      <trkpt lat="41.504181" lon="2.346159">
        <ele>106.116</ele>
        <time>2025-01-09T09:28:19Z</time>
      </trkpt>
      <trkpt lat="41.504207" lon="2.346147">
        <ele>106.376</ele>
        <time>2025-01-09T09:28:21Z</time>
      </trkpt>
      <trkpt lat="41.504237" lon="2.346139">
        <ele>106.512</ele>
        <time>2025-01-09T09:28:23Z</time>
      </trkpt>
      <trkpt lat="41.504267" lon="2.346131">
        <ele>106.782</ele>
        <time>2025-01-09T09:28:25Z</time>
      </trkpt>
      <trkpt lat="41.504310" lon="2.346113">
        <ele>107.056</ele>
        <time>2025-01-09T09:28:28Z</time>
      </trkpt>
      <trkpt lat="41.504337" lon="2.346100">
        <ele>107.224</ele>
        <time>2025-01-09T09:28:30Z</time>
      </trkpt>
      <trkpt lat="41.504361" lon="2.346079">
        <ele>107.481</ele>
        <time>2025-01-09T09:28:32Z</time>
      </trkpt>
      <trkpt lat="41.504416" lon="2.346054">
        <ele>107.824</ele>
        <time>2025-01-09T09:28:36Z</time>
      </trkpt>
      <trkpt lat="41.504467" lon="2.346037">
        <ele>108.026</ele>
        <time>2025-01-09T09:28:40Z</time>
      </trkpt>
      <trkpt lat="41.504494" lon="2.346023">
        <ele>108.147</ele>
        <time>2025-01-09T09:28:42Z</time>
      </trkpt>
      <trkpt lat="41.504522" lon="2.346012">
        <ele>108.111</ele>
        <time>2025-01-09T09:28:44Z</time>
      </trkpt>
      <trkpt lat="41.504552" lon="2.345998">
        <ele>108.209</ele>
        <time>2025-01-09T09:28:46Z</time>
      </trkpt>
      <trkpt lat="41.504596" lon="2.345963">
        <ele>108.393</ele>
        <time>2025-01-09T09:28:50Z</time>
      </trkpt>
      <trkpt lat="41.504623" lon="2.345946">
        <ele>108.481</ele>
        <time>2025-01-09T09:28:52Z</time>
      </trkpt>
      <trkpt lat="41.504652" lon="2.345937">
        <ele>108.511</ele>
        <time>2025-01-09T09:28:54Z</time>
      </trkpt>
      <trkpt lat="41.504684" lon="2.345921">
        <ele>108.637</ele>
        <time>2025-01-09T09:28:56Z</time>
      </trkpt>
      <trkpt lat="41.504725" lon="2.345895">
        <ele>108.847</ele>
        <time>2025-01-09T09:28:59Z</time>
      </trkpt>
      <trkpt lat="41.504750" lon="2.345880">
        <ele>109.011</ele>
        <time>2025-01-09T09:29:01Z</time>
      </trkpt>
      <trkpt lat="41.504781" lon="2.345866">
        <ele>109.339</ele>
        <time>2025-01-09T09:29:03Z</time>
      </trkpt>
      <trkpt lat="41.504832" lon="2.345845">
        <ele>109.896</ele>
        <time>2025-01-09T09:29:07Z</time>
      </trkpt>
      <trkpt lat="41.504860" lon="2.345827">
        <ele>110.019</ele>
        <time>2025-01-09T09:29:09Z</time>
      </trkpt>
      <trkpt lat="41.504888" lon="2.345808">
        <ele>110.223</ele>
        <time>2025-01-09T09:29:11Z</time>
      </trkpt>
      <trkpt lat="41.504923" lon="2.345799">
        <ele>110.583</ele>
        <time>2025-01-09T09:29:13Z</time>
      </trkpt>
      <trkpt lat="41.504954" lon="2.345788">
        <ele>110.711</ele>
        <time>2025-01-09T09:29:15Z</time>
      </trkpt>
      <trkpt lat="41.504981" lon="2.345775">
        <ele>110.909</ele>
        <time>2025-01-09T09:29:17Z</time>
      </trkpt>
      <trkpt lat="41.505029" lon="2.345753">
        <ele>111.393</ele>
        <time>2025-01-09T09:29:21Z</time>
      </trkpt>
      <trkpt lat="41.505079" lon="2.345725">
        <ele>111.721</ele>
        <time>2025-01-09T09:29:25Z</time>
      </trkpt>
      <trkpt lat="41.505112" lon="2.345710">
        <ele>112.061</ele>
        <time>2025-01-09T09:29:27Z</time>
      </trkpt>
      <trkpt lat="41.505152" lon="2.345693">
        <ele>112.487</ele>
        <time>2025-01-09T09:29:30Z</time>
      </trkpt>
      <trkpt lat="41.505193" lon="2.345653">
        <ele>112.657</ele>
        <time>2025-01-09T09:29:33Z</time>
      </trkpt>
      <trkpt lat="41.505218" lon="2.345624">
        <ele>112.841</ele>
        <time>2025-01-09T09:29:35Z</time>
      </trkpt>
      <trkpt lat="41.505254" lon="2.345577">
        <ele>112.939</ele>
        <time>2025-01-09T09:29:39Z</time>
      </trkpt>
      <trkpt lat="41.505300" lon="2.345544">
        <ele>113.296</ele>
        <time>2025-01-09T09:29:43Z</time>
      </trkpt>
      <trkpt lat="41.505331" lon="2.345525">
        <ele>113.519</ele>
        <time>2025-01-09T09:29:45Z</time>
      </trkpt>
      <trkpt lat="41.505359" lon="2.345507">
        <ele>113.725</ele>
        <time>2025-01-09T09:29:47Z</time>
      </trkpt>
      <trkpt lat="41.505411" lon="2.345476">
        <ele>114.126</ele>
        <time>2025-01-09T09:29:51Z</time>
      </trkpt>
      <trkpt lat="41.505462" lon="2.345450">
        <ele>114.508</ele>
        <time>2025-01-09T09:29:55Z</time>
      </trkpt>
      <trkpt lat="41.505506" lon="2.345424">
        <ele>114.709</ele>
        <time>2025-01-09T09:29:58Z</time>
      </trkpt>
      <trkpt lat="41.505550" lon="2.345396">
        <ele>115.073</ele>
        <time>2025-01-09T09:30:02Z</time>
      </trkpt>
      <trkpt lat="41.505598" lon="2.345389">
        <ele>115.221</ele>
        <time>2025-01-09T09:30:10Z</time>
      </trkpt>
      <trkpt lat="41.505647" lon="2.345384">
        <ele>115.321</ele>
        <time>2025-01-09T09:30:14Z</time>
      </trkpt>
      <trkpt lat="41.505684" lon="2.345362">
        <ele>115.547</ele>
        <time>2025-01-09T09:30:16Z</time>
      </trkpt>
      <trkpt lat="41.505735" lon="2.345326">
        <ele>115.687</ele>
        <time>2025-01-09T09:30:44Z</time>
      </trkpt>
      <trkpt lat="41.505770" lon="2.345304">
        <ele>115.871</ele>
        <time>2025-01-09T09:30:46Z</time>
      </trkpt>
      <trkpt lat="41.505802" lon="2.345286">
        <ele>115.939</ele>
        <time>2025-01-09T09:30:48Z</time>
      </trkpt>
      <trkpt lat="41.505832" lon="2.345257">
        <ele>116.196</ele>
        <time>2025-01-09T09:30:50Z</time>
      </trkpt>
      <trkpt lat="41.505877" lon="2.345214">
        <ele>116.639</ele>
        <time>2025-01-09T09:30:54Z</time>
      </trkpt>
      <trkpt lat="41.505901" lon="2.345192">
        <ele>116.916</ele>
        <time>2025-01-09T09:30:56Z</time>
      </trkpt>
      <trkpt lat="41.505927" lon="2.345174">
        <ele>117.276</ele>
        <time>2025-01-09T09:30:58Z</time>
      </trkpt>
      <trkpt lat="41.505954" lon="2.345158">
        <ele>117.513</ele>
        <time>2025-01-09T09:31:00Z</time>
      </trkpt>
      <trkpt lat="41.505999" lon="2.345129">
        <ele>118.009</ele>
        <time>2025-01-09T09:31:03Z</time>
      </trkpt>
      <trkpt lat="41.506017" lon="2.345096">
        <ele>118.462</ele>
        <time>2025-01-09T09:31:05Z</time>
      </trkpt>
      <trkpt lat="41.506060" lon="2.345050">
        <ele>119.160</ele>
        <time>2025-01-09T09:31:09Z</time>
      </trkpt>
      <trkpt lat="41.506104" lon="2.345014">
        <ele>119.870</ele>
        <time>2025-01-09T09:31:13Z</time>
      </trkpt>
      <trkpt lat="41.506132" lon="2.345000">
        <ele>120.086</ele>
        <time>2025-01-09T09:31:15Z</time>
      </trkpt>
      <trkpt lat="41.506161" lon="2.344988">
        <ele>120.056</ele>
        <time>2025-01-09T09:31:17Z</time>
      </trkpt>
      <trkpt lat="41.506209" lon="2.344956">
        <ele>120.250</ele>
        <time>2025-01-09T09:31:21Z</time>
      </trkpt>
      <trkpt lat="41.506237" lon="2.344936">
        <ele>120.278</ele>
        <time>2025-01-09T09:31:23Z</time>
      </trkpt>
      <trkpt lat="41.506281" lon="2.344910">
        <ele>120.375</ele>
        <time>2025-01-09T09:31:26Z</time>
      </trkpt>
      <trkpt lat="41.506309" lon="2.344895">
        <ele>120.488</ele>
        <time>2025-01-09T09:31:28Z</time>
      </trkpt>
      <trkpt lat="41.506358" lon="2.344861">
        <ele>120.563</ele>
        <time>2025-01-09T09:31:32Z</time>
      </trkpt>
      <trkpt lat="41.506385" lon="2.344849">
        <ele>120.544</ele>
        <time>2025-01-09T09:31:34Z</time>
      </trkpt>
      <trkpt lat="41.506410" lon="2.344834">
        <ele>120.618</ele>
        <time>2025-01-09T09:31:36Z</time>
      </trkpt>
      <trkpt lat="41.506438" lon="2.344812">
        <ele>120.709</ele>
        <time>2025-01-09T09:31:38Z</time>
      </trkpt>
      <trkpt lat="41.506482" lon="2.344771">
        <ele>120.847</ele>
        <time>2025-01-09T09:31:42Z</time>
      </trkpt>
      <trkpt lat="41.506507" lon="2.344750">
        <ele>120.915</ele>
        <time>2025-01-09T09:31:44Z</time>
      </trkpt>
      <trkpt lat="41.506540" lon="2.344730">
        <ele>121.075</ele>
        <time>2025-01-09T09:31:46Z</time>
      </trkpt>
      <trkpt lat="41.506581" lon="2.344721">
        <ele>121.011</ele>
        <time>2025-01-09T09:31:52Z</time>
      </trkpt>
      <trkpt lat="41.506618" lon="2.344705">
        <ele>121.151</ele>
        <time>2025-01-09T09:31:58Z</time>
      </trkpt>
      <trkpt lat="41.506644" lon="2.344679">
        <ele>121.235</ele>
        <time>2025-01-09T09:32:00Z</time>
      </trkpt>
      <trkpt lat="41.506683" lon="2.344652">
        <ele>121.383</ele>
        <time>2025-01-09T09:32:03Z</time>
      </trkpt>
      <trkpt lat="41.506703" lon="2.344620">
        <ele>121.580</ele>
        <time>2025-01-09T09:32:05Z</time>
      </trkpt>
      <trkpt lat="41.506725" lon="2.344590">
        <ele>121.833</ele>
        <time>2025-01-09T09:32:07Z</time>
      </trkpt>
      <trkpt lat="41.506750" lon="2.344569">
        <ele>122.052</ele>
        <time>2025-01-09T09:32:09Z</time>
      </trkpt>
      <trkpt lat="41.506770" lon="2.344544">
        <ele>122.353</ele>
        <time>2025-01-09T09:32:11Z</time>
      </trkpt>
      <trkpt lat="41.506790" lon="2.344515">
        <ele>122.508</ele>
        <time>2025-01-09T09:32:13Z</time>
      </trkpt>
      <trkpt lat="41.506811" lon="2.344483">
        <ele>122.809</ele>
        <time>2025-01-09T09:32:15Z</time>
      </trkpt>
      <trkpt lat="41.506831" lon="2.344456">
        <ele>123.176</ele>
        <time>2025-01-09T09:32:17Z</time>
      </trkpt>
      <trkpt lat="41.506868" lon="2.344403">
        <ele>123.684</ele>
        <time>2025-01-09T09:32:21Z</time>
      </trkpt>
      <trkpt lat="41.506887" lon="2.344375">
        <ele>123.854</ele>
        <time>2025-01-09T09:32:23Z</time>
      </trkpt>
      <trkpt lat="41.506902" lon="2.344344">
        <ele>124.180</ele>
        <time>2025-01-09T09:32:25Z</time>
      </trkpt>
      <trkpt lat="41.506923" lon="2.344319">
        <ele>124.370</ele>
        <time>2025-01-09T09:32:27Z</time>
      </trkpt>
      <trkpt lat="41.506953" lon="2.344274">
        <ele>124.774</ele>
        <time>2025-01-09T09:32:30Z</time>
      </trkpt>
      <trkpt lat="41.506961" lon="2.344237">
        <ele>125.072</ele>
        <time>2025-01-09T09:32:32Z</time>
      </trkpt>
      <trkpt lat="41.506973" lon="2.344204">
        <ele>125.329</ele>
        <time>2025-01-09T09:32:34Z</time>
      </trkpt>
      <trkpt lat="41.506987" lon="2.344166">
        <ele>125.652</ele>
        <time>2025-01-09T09:32:36Z</time>
      </trkpt>
      <trkpt lat="41.507005" lon="2.344137">
        <ele>126.077</ele>
        <time>2025-01-09T09:32:38Z</time>
      </trkpt>
      <trkpt lat="41.507021" lon="2.344108">
        <ele>126.361</ele>
        <time>2025-01-09T09:32:40Z</time>
      </trkpt>
      <trkpt lat="41.507033" lon="2.344073">
        <ele>126.527</ele>
        <time>2025-01-09T09:32:42Z</time>
      </trkpt>
      <trkpt lat="41.507060" lon="2.344010">
        <ele>127.009</ele>
        <time>2025-01-09T09:33:14Z</time>
      </trkpt>
      <trkpt lat="41.507078" lon="2.343975">
        <ele>127.328</ele>
        <time>2025-01-09T09:33:16Z</time>
      </trkpt>
      <trkpt lat="41.507090" lon="2.343922">
        <ele>127.566</ele>
        <time>2025-01-09T09:33:19Z</time>
      </trkpt>
      <trkpt lat="41.507097" lon="2.343879">
        <ele>127.736</ele>
        <time>2025-01-09T09:33:21Z</time>
      </trkpt>
      <trkpt lat="41.507099" lon="2.343832">
        <ele>127.862</ele>
        <time>2025-01-09T09:33:25Z</time>
      </trkpt>
      <trkpt lat="41.507107" lon="2.343767">
        <ele>127.972</ele>
        <time>2025-01-09T09:33:30Z</time>
      </trkpt>
      <trkpt lat="41.507103" lon="2.343697">
        <ele>128.036</ele>
        <time>2025-01-09T09:33:42Z</time>
      </trkpt>
      <trkpt lat="41.507102" lon="2.343627">
        <ele>128.144</ele>
        <time>2025-01-09T09:33:46Z</time>
      </trkpt>
      <trkpt lat="41.507104" lon="2.343588">
        <ele>128.181</ele>
        <time>2025-01-09T09:33:48Z</time>
      </trkpt>
      <trkpt lat="41.507110" lon="2.343523">
        <ele>128.034</ele>
        <time>2025-01-09T09:33:52Z</time>
      </trkpt>
      <trkpt lat="41.507107" lon="2.343484">
        <ele>127.969</ele>
        <time>2025-01-09T09:33:54Z</time>
      </trkpt>
      <trkpt lat="41.507105" lon="2.343446">
        <ele>127.804</ele>
        <time>2025-01-09T09:33:56Z</time>
      </trkpt>
      <trkpt lat="41.507107" lon="2.343374">
        <ele>127.724</ele>
        <time>2025-01-09T09:34:00Z</time>
      </trkpt>
      <trkpt lat="41.507106" lon="2.343330">
        <ele>127.609</ele>
        <time>2025-01-09T09:34:02Z</time>
      </trkpt>
      <trkpt lat="41.507102" lon="2.343283">
        <ele>127.767</ele>
        <time>2025-01-09T09:34:04Z</time>
      </trkpt>
      <trkpt lat="41.507096" lon="2.343206">
        <ele>128.055</ele>
        <time>2025-01-09T09:34:08Z</time>
      </trkpt>
      <trkpt lat="41.507096" lon="2.343169">
        <ele>128.175</ele>
        <time>2025-01-09T09:34:10Z</time>
      </trkpt>
      <trkpt lat="41.507099" lon="2.343127">
        <ele>128.311</ele>
        <time>2025-01-09T09:34:12Z</time>
      </trkpt>
      <trkpt lat="41.507103" lon="2.343088">
        <ele>128.571</ele>
        <time>2025-01-09T09:34:14Z</time>
      </trkpt>
      <trkpt lat="41.507105" lon="2.343017">
        <ele>129.035</ele>
        <time>2025-01-09T09:34:18Z</time>
      </trkpt>
      <trkpt lat="41.507113" lon="2.342978">
        <ele>129.463</ele>
        <time>2025-01-09T09:34:20Z</time>
      </trkpt>
      <trkpt lat="41.507112" lon="2.342934">
        <ele>129.990</ele>
        <time>2025-01-09T09:34:22Z</time>
      </trkpt>
      <trkpt lat="41.507112" lon="2.342861">
        <ele>130.713</ele>
        <time>2025-01-09T09:34:26Z</time>
      </trkpt>
      <trkpt lat="41.507118" lon="2.342819">
        <ele>131.261</ele>
        <time>2025-01-09T09:34:28Z</time>
      </trkpt>
      <trkpt lat="41.507114" lon="2.342780">
        <ele>131.621</ele>
        <time>2025-01-09T09:34:30Z</time>
      </trkpt>
      <trkpt lat="41.507111" lon="2.342741">
        <ele>132.113</ele>
        <time>2025-01-09T09:34:32Z</time>
      </trkpt>
      <trkpt lat="41.507113" lon="2.342699">
        <ele>132.709</ele>
        <time>2025-01-09T09:34:34Z</time>
      </trkpt>
      <trkpt lat="41.507119" lon="2.342662">
        <ele>133.327</ele>
        <time>2025-01-09T09:34:36Z</time>
      </trkpt>
      <trkpt lat="41.507128" lon="2.342623">
        <ele>133.915</ele>
        <time>2025-01-09T09:34:38Z</time>
      </trkpt>
      <trkpt lat="41.507133" lon="2.342586">
        <ele>134.495</ele>
        <time>2025-01-09T09:34:40Z</time>
      </trkpt>
      <trkpt lat="41.507139" lon="2.342547">
        <ele>135.011</ele>
        <time>2025-01-09T09:34:42Z</time>
      </trkpt>
      <trkpt lat="41.507142" lon="2.342502">
        <ele>135.771</ele>
        <time>2025-01-09T09:34:44Z</time>
      </trkpt>
      <trkpt lat="41.507145" lon="2.342464">
        <ele>136.345</ele>
        <time>2025-01-09T09:34:46Z</time>
      </trkpt>
      <trkpt lat="41.507148" lon="2.342420">
        <ele>137.053</ele>
        <time>2025-01-09T09:34:48Z</time>
      </trkpt>
      <trkpt lat="41.507151" lon="2.342378">
        <ele>137.640</ele>
        <time>2025-01-09T09:34:50Z</time>
      </trkpt>
      <trkpt lat="41.507167" lon="2.342330">
        <ele>138.443</ele>
        <time>2025-01-09T09:34:52Z</time>
      </trkpt>
      <trkpt lat="41.507207" lon="2.342291">
        <ele>139.077</ele>
        <time>2025-01-09T09:34:55Z</time>
      </trkpt>
      <trkpt lat="41.507233" lon="2.342267">
        <ele>139.361</ele>
        <time>2025-01-09T09:34:57Z</time>
      </trkpt>
      <trkpt lat="41.507263" lon="2.342229">
        <ele>139.827</ele>
        <time>2025-01-09T09:34:59Z</time>
      </trkpt>
      <trkpt lat="41.507304" lon="2.342185">
        <ele>139.909</ele>
        <time>2025-01-09T09:35:02Z</time>
      </trkpt>
      <trkpt lat="41.507331" lon="2.342161">
        <ele>139.998</ele>
        <time>2025-01-09T09:35:04Z</time>
      </trkpt>
      <trkpt lat="41.507365" lon="2.342119">
        <ele>140.016</ele>
        <time>2025-01-09T09:35:07Z</time>
      </trkpt>
      <trkpt lat="41.507405" lon="2.342071">
        <ele>140.226</ele>
        <time>2025-01-09T09:35:10Z</time>
      </trkpt>
      <trkpt lat="41.507436" lon="2.342050">
        <ele>140.322</ele>
        <time>2025-01-09T09:35:12Z</time>
      </trkpt>
      <trkpt lat="41.507479" lon="2.342009">
        <ele>140.612</ele>
        <time>2025-01-09T09:35:15Z</time>
      </trkpt>
      <trkpt lat="41.507500" lon="2.341995">
        <ele>140.686</ele>
        <time>2025-01-09T09:37:33Z</time>
      </trkpt>
      <trkpt lat="41.507534" lon="2.342028">
        <ele>140.454</ele>
        <time>2025-01-09T09:37:35Z</time>
      </trkpt>
      <trkpt lat="41.507568" lon="2.342069">
        <ele>140.091</ele>
        <time>2025-01-09T09:37:38Z</time>
      </trkpt>
      <trkpt lat="41.507604" lon="2.342088">
        <ele>139.824</ele>
        <time>2025-01-09T09:37:40Z</time>
      </trkpt>
      <trkpt lat="41.507633" lon="2.342062">
        <ele>140.013</ele>
        <time>2025-01-09T09:37:43Z</time>
      </trkpt>
      <trkpt lat="41.507648" lon="2.342021">
        <ele>140.343</ele>
        <time>2025-01-09T09:37:45Z</time>
      </trkpt>
      <trkpt lat="41.507671" lon="2.341974">
        <ele>140.707</ele>
        <time>2025-01-09T09:37:47Z</time>
      </trkpt>
      <trkpt lat="41.507683" lon="2.341933">
        <ele>141.009</ele>
        <time>2025-01-09T09:37:49Z</time>
      </trkpt>
      <trkpt lat="41.507700" lon="2.341888">
        <ele>141.122</ele>
        <time>2025-01-09T09:37:51Z</time>
      </trkpt>
      <trkpt lat="41.507727" lon="2.341819">
        <ele>141.470</ele>
        <time>2025-01-09T09:37:54Z</time>
      </trkpt>
      <trkpt lat="41.507754" lon="2.341750">
        <ele>141.630</ele>
        <time>2025-01-09T09:37:57Z</time>
      </trkpt>
      <trkpt lat="41.507777" lon="2.341703">
        <ele>141.966</ele>
        <time>2025-01-09T09:37:59Z</time>
      </trkpt>
      <trkpt lat="41.507809" lon="2.341691">
        <ele>142.266</ele>
        <time>2025-01-09T09:38:01Z</time>
      </trkpt>
      <trkpt lat="41.507847" lon="2.341698">
        <ele>142.690</ele>
        <time>2025-01-09T09:38:03Z</time>
      </trkpt>
      <trkpt lat="41.507894" lon="2.341722">
        <ele>142.918</ele>
        <time>2025-01-09T09:38:05Z</time>
      </trkpt>
      <trkpt lat="41.507937" lon="2.341736">
        <ele>143.235</ele>
        <time>2025-01-09T09:38:07Z</time>
      </trkpt>
      <trkpt lat="41.507969" lon="2.341750">
        <ele>143.488</ele>
        <time>2025-01-09T09:38:09Z</time>
      </trkpt>
      <trkpt lat="41.508009" lon="2.341767">
        <ele>143.534</ele>
        <time>2025-01-09T09:38:11Z</time>
      </trkpt>
      <trkpt lat="41.508037" lon="2.341776">
        <ele>143.755</ele>
        <time>2025-01-09T09:38:13Z</time>
      </trkpt>
      <trkpt lat="41.508043" lon="2.341736">
        <ele>144.110</ele>
        <time>2025-01-09T09:38:15Z</time>
      </trkpt>
      <trkpt lat="41.508054" lon="2.341700">
        <ele>144.609</ele>
        <time>2025-01-09T09:38:17Z</time>
      </trkpt>
      <trkpt lat="41.508059" lon="2.341653">
        <ele>145.274</ele>
        <time>2025-01-09T09:38:19Z</time>
      </trkpt>
      <trkpt lat="41.508064" lon="2.341610">
        <ele>145.712</ele>
        <time>2025-01-09T09:38:21Z</time>
      </trkpt>
      <trkpt lat="41.508075" lon="2.341551">
        <ele>146.432</ele>
        <time>2025-01-09T09:38:23Z</time>
      </trkpt>
      <trkpt lat="41.508063" lon="2.341500">
        <ele>146.928</ele>
        <time>2025-01-09T09:38:25Z</time>
      </trkpt>
      <trkpt lat="41.508044" lon="2.341471">
        <ele>147.078</ele>
        <time>2025-01-09T09:38:27Z</time>
      </trkpt>
      <trkpt lat="41.508013" lon="2.341441">
        <ele>147.012</ele>
        <time>2025-01-09T09:38:29Z</time>
      </trkpt>
      <trkpt lat="41.507980" lon="2.341410">
        <ele>147.010</ele>
        <time>2025-01-09T09:38:31Z</time>
      </trkpt>
      <trkpt lat="41.507933" lon="2.341370">
        <ele>146.887</ele>
        <time>2025-01-09T09:38:34Z</time>
      </trkpt>
      <trkpt lat="41.507900" lon="2.341351">
        <ele>146.790</ele>
        <time>2025-01-09T09:38:36Z</time>
      </trkpt>
      <trkpt lat="41.507875" lon="2.341300">
        <ele>146.913</ele>
        <time>2025-01-09T09:38:39Z</time>
      </trkpt>
      <trkpt lat="41.507860" lon="2.341264">
        <ele>147.143</ele>
        <time>2025-01-09T09:38:41Z</time>
      </trkpt>
      <trkpt lat="41.507849" lon="2.341228">
        <ele>147.407</ele>
        <time>2025-01-09T09:38:43Z</time>
      </trkpt>
      <trkpt lat="41.507846" lon="2.341178">
        <ele>147.809</ele>
        <time>2025-01-09T09:44:36Z</time>
      </trkpt>
      <trkpt lat="41.507848" lon="2.341111">
        <ele>148.572</ele>
        <time>2025-01-09T09:44:39Z</time>
      </trkpt>
      <trkpt lat="41.507847" lon="2.341057">
        <ele>149.180</ele>
        <time>2025-01-09T09:44:41Z</time>
      </trkpt>
      <trkpt lat="41.507857" lon="2.341023">
        <ele>149.540</ele>
        <time>2025-01-09T09:44:43Z</time>
      </trkpt>
      <trkpt lat="41.507880" lon="2.340958">
        <ele>150.436</ele>
        <time>2025-01-09T09:44:47Z</time>
      </trkpt>
      <trkpt lat="41.507894" lon="2.340927">
        <ele>150.816</ele>
        <time>2025-01-09T09:44:49Z</time>
      </trkpt>
      <trkpt lat="41.507918" lon="2.340861">
        <ele>151.760</ele>
        <time>2025-01-09T09:44:53Z</time>
      </trkpt>
      <trkpt lat="41.507931" lon="2.340829">
        <ele>152.168</ele>
        <time>2025-01-09T09:44:55Z</time>
      </trkpt>
      <trkpt lat="41.507954" lon="2.340779">
        <ele>152.665</ele>
        <time>2025-01-09T09:44:59Z</time>
      </trkpt>
      <trkpt lat="41.507969" lon="2.340742">
        <ele>152.918</ele>
        <time>2025-01-09T09:45:01Z</time>
      </trkpt>
      <trkpt lat="41.508001" lon="2.340706">
        <ele>153.419</ele>
        <time>2025-01-09T09:45:07Z</time>
      </trkpt>
      <trkpt lat="41.508026" lon="2.340679">
        <ele>153.809</ele>
        <time>2025-01-09T09:45:11Z</time>
      </trkpt>
      <trkpt lat="41.508067" lon="2.340714">
        <ele>154.019</ele>
        <time>2025-01-09T09:45:25Z</time>
      </trkpt>
      <trkpt lat="41.508093" lon="2.340738">
        <ele>154.109</ele>
        <time>2025-01-09T09:45:27Z</time>
      </trkpt>
      <trkpt lat="41.508131" lon="2.340792">
        <ele>154.022</ele>
        <time>2025-01-09T09:45:31Z</time>
      </trkpt>
      <trkpt lat="41.508150" lon="2.340822">
        <ele>153.860</ele>
        <time>2025-01-09T09:45:33Z</time>
      </trkpt>
      <trkpt lat="41.508191" lon="2.340836">
        <ele>153.970</ele>
        <time>2025-01-09T09:45:38Z</time>
      </trkpt>
      <trkpt lat="41.508200" lon="2.340799">
        <ele>154.556</ele>
        <time>2025-01-09T09:45:40Z</time>
      </trkpt>
      <trkpt lat="41.508231" lon="2.340742">
        <ele>155.526</ele>
        <time>2025-01-09T09:45:44Z</time>
      </trkpt>
      <trkpt lat="41.508250" lon="2.340715">
        <ele>156.180</ele>
        <time>2025-01-09T09:45:46Z</time>
      </trkpt>
      <trkpt lat="41.508276" lon="2.340652">
        <ele>157.498</ele>
        <time>2025-01-09T09:45:51Z</time>
      </trkpt>
      <trkpt lat="41.508293" lon="2.340597">
        <ele>158.685</ele>
        <time>2025-01-09T09:45:55Z</time>
      </trkpt>
      <trkpt lat="41.508280" lon="2.340538">
        <ele>159.448</ele>
        <time>2025-01-09T09:46:02Z</time>
      </trkpt>
      <trkpt lat="41.508262" lon="2.340496">
        <ele>159.977</ele>
        <time>2025-01-09T09:46:08Z</time>
      </trkpt>
      <trkpt lat="41.508226" lon="2.340432">
        <ele>160.461</ele>
        <time>2025-01-09T09:46:12Z</time>
      </trkpt>
      <trkpt lat="41.508209" lon="2.340399">
        <ele>160.627</ele>
        <time>2025-01-09T09:46:14Z</time>
      </trkpt>
      <trkpt lat="41.508201" lon="2.340362">
        <ele>161.109</ele>
        <time>2025-01-09T09:46:16Z</time>
      </trkpt>
      <trkpt lat="41.508197" lon="2.340322">
        <ele>161.888</ele>
        <time>2025-01-09T09:46:18Z</time>
      </trkpt>
      <trkpt lat="41.508182" lon="2.340264">
        <ele>162.426</ele>
        <time>2025-01-09T09:46:25Z</time>
      </trkpt>
      <trkpt lat="41.508174" lon="2.340211">
        <ele>163.296</ele>
        <time>2025-01-09T09:46:41Z</time>
      </trkpt>
      <trkpt lat="41.508171" lon="2.340156">
        <ele>164.262</ele>
        <time>2025-01-09T09:46:43Z</time>
      </trkpt>
      <trkpt lat="41.508162" lon="2.340098">
        <ele>165.112</ele>
        <time>2025-01-09T09:46:55Z</time>
      </trkpt>
      <trkpt lat="41.508169" lon="2.340056">
        <ele>166.016</ele>
        <time>2025-01-09T09:46:57Z</time>
      </trkpt>
      <trkpt lat="41.508196" lon="2.339998">
        <ele>167.574</ele>
        <time>2025-01-09T09:47:01Z</time>
      </trkpt>
      <trkpt lat="41.508215" lon="2.339967">
        <ele>168.141</ele>
        <time>2025-01-09T09:47:03Z</time>
      </trkpt>
      <trkpt lat="41.508240" lon="2.339944">
        <ele>168.774</ele>
        <time>2025-01-09T09:47:05Z</time>
      </trkpt>
      <trkpt lat="41.508264" lon="2.339925">
        <ele>169.246</ele>
        <time>2025-01-09T09:47:07Z</time>
      </trkpt>
      <trkpt lat="41.508305" lon="2.339881">
        <ele>170.388</ele>
        <time>2025-01-09T09:47:11Z</time>
      </trkpt>
      <trkpt lat="41.508328" lon="2.339857">
        <ele>170.916</ele>
        <time>2025-01-09T09:47:13Z</time>
      </trkpt>
      <trkpt lat="41.508365" lon="2.339814">
        <ele>171.809</ele>
        <time>2025-01-09T09:47:17Z</time>
      </trkpt>
      <trkpt lat="41.508399" lon="2.339765">
        <ele>172.665</ele>
        <time>2025-01-09T09:47:21Z</time>
      </trkpt>
      <trkpt lat="41.508432" lon="2.339708">
        <ele>173.523</ele>
        <time>2025-01-09T09:47:25Z</time>
      </trkpt>
      <trkpt lat="41.508457" lon="2.339654">
        <ele>174.263</ele>
        <time>2025-01-09T09:47:29Z</time>
      </trkpt>
      <trkpt lat="41.508472" lon="2.339623">
        <ele>174.739</ele>
        <time>2025-01-09T09:47:31Z</time>
      </trkpt>
      <trkpt lat="41.508500" lon="2.339571">
        <ele>175.679</ele>
        <time>2025-01-09T09:47:35Z</time>
      </trkpt>
      <trkpt lat="41.508515" lon="2.339536">
        <ele>176.293</ele>
        <time>2025-01-09T09:47:37Z</time>
      </trkpt>
      <trkpt lat="41.508527" lon="2.339500">
        <ele>176.741</ele>
        <time>2025-01-09T09:47:39Z</time>
      </trkpt>
      <trkpt lat="41.508541" lon="2.339467">
        <ele>177.378</ele>
        <time>2025-01-09T09:47:41Z</time>
      </trkpt>
      <trkpt lat="41.508546" lon="2.339430">
        <ele>177.861</ele>
        <time>2025-01-09T09:47:43Z</time>
      </trkpt>
      <trkpt lat="41.508552" lon="2.339388">
        <ele>178.364</ele>
        <time>2025-01-09T09:47:45Z</time>
      </trkpt>
      <trkpt lat="41.508571" lon="2.339323">
        <ele>179.406</ele>
        <time>2025-01-09T09:47:49Z</time>
      </trkpt>
      <trkpt lat="41.508603" lon="2.339261">
        <ele>180.816</ele>
        <time>2025-01-09T09:47:53Z</time>
      </trkpt>
      <trkpt lat="41.508617" lon="2.339203">
        <ele>181.809</ele>
        <time>2025-01-09T09:47:57Z</time>
      </trkpt>
      <trkpt lat="41.508632" lon="2.339140">
        <ele>182.927</ele>
        <time>2025-01-09T09:48:01Z</time>
      </trkpt>
      <trkpt lat="41.508642" lon="2.339085">
        <ele>183.965</ele>
        <time>2025-01-09T09:48:05Z</time>
      </trkpt>
      <trkpt lat="41.508660" lon="2.339023">
        <ele>185.355</ele>
        <time>2025-01-09T09:48:09Z</time>
      </trkpt>
      <trkpt lat="41.508662" lon="2.338980">
        <ele>186.041</ele>
        <time>2025-01-09T09:48:11Z</time>
      </trkpt>
      <trkpt lat="41.508660" lon="2.338941">
        <ele>186.421</ele>
        <time>2025-01-09T09:48:13Z</time>
      </trkpt>
      <trkpt lat="41.508657" lon="2.338879">
        <ele>187.275</ele>
        <time>2025-01-09T09:48:17Z</time>
      </trkpt>
      <trkpt lat="41.508645" lon="2.338841">
        <ele>187.383</ele>
        <time>2025-01-09T09:48:19Z</time>
      </trkpt>
      <trkpt lat="41.508640" lon="2.338804">
        <ele>187.790</ele>
        <time>2025-01-09T09:48:21Z</time>
      </trkpt>
      <trkpt lat="41.508631" lon="2.338730">
        <ele>188.743</ele>
        <time>2025-01-09T09:48:25Z</time>
      </trkpt>
      <trkpt lat="41.508632" lon="2.338692">
        <ele>189.491</ele>
        <time>2025-01-09T09:48:27Z</time>
      </trkpt>
      <trkpt lat="41.508639" lon="2.338656">
        <ele>190.381</ele>
        <time>2025-01-09T09:48:29Z</time>
      </trkpt>
      <trkpt lat="41.508645" lon="2.338617">
        <ele>191.219</ele>
        <time>2025-01-09T09:48:31Z</time>
      </trkpt>
      <trkpt lat="41.508645" lon="2.338548">
        <ele>191.609</ele>
        <time>2025-01-09T09:48:35Z</time>
      </trkpt>
      <trkpt lat="41.508640" lon="2.338509">
        <ele>191.590</ele>
        <time>2025-01-09T09:48:37Z</time>
      </trkpt>
      <trkpt lat="41.508631" lon="2.338472">
        <ele>191.348</ele>
        <time>2025-01-09T09:48:39Z</time>
      </trkpt>
      <trkpt lat="41.508620" lon="2.338435">
        <ele>191.078</ele>
        <time>2025-01-09T09:48:41Z</time>
      </trkpt>
      <trkpt lat="41.508610" lon="2.338399">
        <ele>190.724</ele>
        <time>2025-01-09T09:48:43Z</time>
      </trkpt>
      <trkpt lat="41.508602" lon="2.338336">
        <ele>190.874</ele>
        <time>2025-01-09T09:48:47Z</time>
      </trkpt>
      <trkpt lat="41.508591" lon="2.338279">
        <ele>190.958</ele>
        <time>2025-01-09T09:48:51Z</time>
      </trkpt>
      <trkpt lat="41.508584" lon="2.338235">
        <ele>191.186</ele>
        <time>2025-01-09T09:48:53Z</time>
      </trkpt>
      <trkpt lat="41.508576" lon="2.338197">
        <ele>191.243</ele>
        <time>2025-01-09T09:48:55Z</time>
      </trkpt>
      <trkpt lat="41.508572" lon="2.338160">
        <ele>191.366</ele>
        <time>2025-01-09T09:48:57Z</time>
      </trkpt>
      <trkpt lat="41.508567" lon="2.338120">
        <ele>191.557</ele>
        <time>2025-01-09T09:48:59Z</time>
      </trkpt>
      <trkpt lat="41.508560" lon="2.338084">
        <ele>191.500</ele>
        <time>2025-01-09T09:49:01Z</time>
      </trkpt>
      <trkpt lat="41.508558" lon="2.338043">
        <ele>191.620</ele>
        <time>2025-01-09T09:49:03Z</time>
      </trkpt>
      <trkpt lat="41.508550" lon="2.337976">
        <ele>191.309</ele>
        <time>2025-01-09T09:49:07Z</time>
      </trkpt>
      <trkpt lat="41.508551" lon="2.337934">
        <ele>191.236</ele>
        <time>2025-01-09T09:49:09Z</time>
      </trkpt>
      <trkpt lat="41.508553" lon="2.337895">
        <ele>191.274</ele>
        <time>2025-01-09T09:49:11Z</time>
      </trkpt>
      <trkpt lat="41.508559" lon="2.337853">
        <ele>191.274</ele>
        <time>2025-01-09T09:49:13Z</time>
      </trkpt>
      <trkpt lat="41.508577" lon="2.337794">
        <ele>191.430</ele>
        <time>2025-01-09T09:49:16Z</time>
      </trkpt>
      <trkpt lat="41.508594" lon="2.337764">
        <ele>191.760</ele>
        <time>2025-01-09T09:49:18Z</time>
      </trkpt>
      <trkpt lat="41.508614" lon="2.337730">
        <ele>192.374</ele>
        <time>2025-01-09T09:49:20Z</time>
      </trkpt>
      <trkpt lat="41.508660" lon="2.337701">
        <ele>193.562</ele>
        <time>2025-01-09T09:49:24Z</time>
      </trkpt>
      <trkpt lat="41.508708" lon="2.337669">
        <ele>194.869</ele>
        <time>2025-01-09T09:49:28Z</time>
      </trkpt>
      <trkpt lat="41.508756" lon="2.337637">
        <ele>195.992</ele>
        <time>2025-01-09T09:49:32Z</time>
      </trkpt>
      <trkpt lat="41.508795" lon="2.337605">
        <ele>196.781</ele>
        <time>2025-01-09T09:49:35Z</time>
      </trkpt>
      <trkpt lat="41.508821" lon="2.337588">
        <ele>197.261</ele>
        <time>2025-01-09T09:49:37Z</time>
      </trkpt>
      <trkpt lat="41.508870" lon="2.337567">
        <ele>198.117</ele>
        <time>2025-01-09T09:49:41Z</time>
      </trkpt>
      <trkpt lat="41.508897" lon="2.337550">
        <ele>198.709</ele>
        <time>2025-01-09T09:49:43Z</time>
      </trkpt>
      <trkpt lat="41.508943" lon="2.337518">
        <ele>200.519</ele>
        <time>2025-01-09T09:49:47Z</time>
      </trkpt>
      <trkpt lat="41.508994" lon="2.337490">
        <ele>202.677</ele>
        <time>2025-01-09T09:49:51Z</time>
      </trkpt>
      <trkpt lat="41.509020" lon="2.337475">
        <ele>203.797</ele>
        <time>2025-01-09T09:49:53Z</time>
      </trkpt>
      <trkpt lat="41.509045" lon="2.337460">
        <ele>204.763</ele>
        <time>2025-01-09T09:49:55Z</time>
      </trkpt>
      <trkpt lat="41.509072" lon="2.337444">
        <ele>205.873</ele>
        <time>2025-01-09T09:49:57Z</time>
      </trkpt>
      <trkpt lat="41.509115" lon="2.337416">
        <ele>207.457</ele>
        <time>2025-01-09T09:50:01Z</time>
      </trkpt>
      <trkpt lat="41.509160" lon="2.337385">
        <ele>208.975</ele>
        <time>2025-01-09T09:50:05Z</time>
      </trkpt>
      <trkpt lat="41.509204" lon="2.337353">
        <ele>210.882</ele>
        <time>2025-01-09T09:50:09Z</time>
      </trkpt>
      <trkpt lat="41.509230" lon="2.337336">
        <ele>212.095</ele>
        <time>2025-01-09T09:50:11Z</time>
      </trkpt>
      <trkpt lat="41.509268" lon="2.337319">
        <ele>213.724</ele>
        <time>2025-01-09T09:50:14Z</time>
      </trkpt>
      <trkpt lat="41.509317" lon="2.337324">
        <ele>216.204</ele>
        <time>2025-01-09T09:50:53Z</time>
      </trkpt>
      <trkpt lat="41.509342" lon="2.337305">
        <ele>217.214</ele>
        <time>2025-01-09T09:50:55Z</time>
      </trkpt>
      <trkpt lat="41.509366" lon="2.337284">
        <ele>218.109</ele>
        <time>2025-01-09T09:50:57Z</time>
      </trkpt>
      <trkpt lat="41.509385" lon="2.337258">
        <ele>218.763</ele>
        <time>2025-01-09T09:50:59Z</time>
      </trkpt>
      <trkpt lat="41.509403" lon="2.337228">
        <ele>219.161</ele>
        <time>2025-01-09T09:51:01Z</time>
      </trkpt>
      <trkpt lat="41.509426" lon="2.337201">
        <ele>219.891</ele>
        <time>2025-01-09T09:51:03Z</time>
      </trkpt>
      <trkpt lat="41.509449" lon="2.337174">
        <ele>220.397</ele>
        <time>2025-01-09T09:51:05Z</time>
      </trkpt>
      <trkpt lat="41.509465" lon="2.337145">
        <ele>220.627</ele>
        <time>2025-01-09T09:51:07Z</time>
      </trkpt>
      <trkpt lat="41.509481" lon="2.337116">
        <ele>220.791</ele>
        <time>2025-01-09T09:51:09Z</time>
      </trkpt>
      <trkpt lat="41.509499" lon="2.337084">
        <ele>221.089</ele>
        <time>2025-01-09T09:51:11Z</time>
      </trkpt>
      <trkpt lat="41.509518" lon="2.337053">
        <ele>221.256</ele>
        <time>2025-01-09T09:51:13Z</time>
      </trkpt>
      <trkpt lat="41.509539" lon="2.337023">
        <ele>221.659</ele>
        <time>2025-01-09T09:51:15Z</time>
      </trkpt>
      <trkpt lat="41.509559" lon="2.336996">
        <ele>222.057</ele>
        <time>2025-01-09T09:51:17Z</time>
      </trkpt>
      <trkpt lat="41.509595" lon="2.336945">
        <ele>222.500</ele>
        <time>2025-01-09T09:51:21Z</time>
      </trkpt>
      <trkpt lat="41.509628" lon="2.336887">
        <ele>223.020</ele>
        <time>2025-01-09T09:51:25Z</time>
      </trkpt>
      <trkpt lat="41.509650" lon="2.336861">
        <ele>223.509</ele>
        <time>2025-01-09T09:51:27Z</time>
      </trkpt>
      <trkpt lat="41.509673" lon="2.336833">
        <ele>224.086</ele>
        <time>2025-01-09T09:51:29Z</time>
      </trkpt>
      <trkpt lat="41.509695" lon="2.336809">
        <ele>224.524</ele>
        <time>2025-01-09T09:51:31Z</time>
      </trkpt>
      <trkpt lat="41.509731" lon="2.336776">
        <ele>225.314</ele>
        <time>2025-01-09T09:51:35Z</time>
      </trkpt>
      <trkpt lat="41.509769" lon="2.336739">
        <ele>225.910</ele>
        <time>2025-01-09T09:51:39Z</time>
      </trkpt>
      <trkpt lat="41.509815" lon="2.336718">
        <ele>227.030</ele>
        <time>2025-01-09T09:51:52Z</time>
      </trkpt>
      <trkpt lat="41.509838" lon="2.336696">
        <ele>227.394</ele>
        <time>2025-01-09T09:51:56Z</time>
      </trkpt>
      <trkpt lat="41.509868" lon="2.336678">
        <ele>227.962</ele>
        <time>2025-01-09T09:51:58Z</time>
      </trkpt>
      <trkpt lat="41.509916" lon="2.336641">
        <ele>228.719</ele>
        <time>2025-01-09T09:52:02Z</time>
      </trkpt>
      <trkpt lat="41.509945" lon="2.336638">
        <ele>229.522</ele>
        <time>2025-01-09T09:52:04Z</time>
      </trkpt>
      <trkpt lat="41.509966" lon="2.336663">
        <ele>230.827</ele>
        <time>2025-01-09T09:52:06Z</time>
      </trkpt>
      <trkpt lat="41.509956" lon="2.336710">
        <ele>231.568</ele>
        <time>2025-01-09T09:52:08Z</time>
      </trkpt>
      <trkpt lat="41.509928" lon="2.336734">
        <ele>231.114</ele>
        <time>2025-01-09T09:52:10Z</time>
      </trkpt>
      <trkpt lat="41.509905" lon="2.336760">
        <ele>230.809</ele>
        <time>2025-01-09T09:52:12Z</time>
      </trkpt>
      <trkpt lat="41.509878" lon="2.336786">
        <ele>230.423</ele>
        <time>2025-01-09T09:52:14Z</time>
      </trkpt>
      <trkpt lat="41.509855" lon="2.336809">
        <ele>230.121</ele>
        <time>2025-01-09T09:52:16Z</time>
      </trkpt>
      <trkpt lat="41.509832" lon="2.336833">
        <ele>229.831</ele>
        <time>2025-01-09T09:52:18Z</time>
      </trkpt>
      <trkpt lat="41.509812" lon="2.336859">
        <ele>229.667</ele>
        <time>2025-01-09T09:52:20Z</time>
      </trkpt>
      <trkpt lat="41.509791" lon="2.336893">
        <ele>229.577</ele>
        <time>2025-01-09T09:52:22Z</time>
      </trkpt>
      <trkpt lat="41.509767" lon="2.336950">
        <ele>229.791</ele>
        <time>2025-01-09T09:52:25Z</time>
      </trkpt>
      <trkpt lat="41.509755" lon="2.336983">
        <ele>230.039</ele>
        <time>2025-01-09T09:52:27Z</time>
      </trkpt>
      <trkpt lat="41.509738" lon="2.337021">
        <ele>230.296</ele>
        <time>2025-01-09T09:52:29Z</time>
      </trkpt>
      <trkpt lat="41.509726" lon="2.337058">
        <ele>230.669</ele>
        <time>2025-01-09T09:52:31Z</time>
      </trkpt>
      <trkpt lat="41.509716" lon="2.337096">
        <ele>231.096</ele>
        <time>2025-01-09T09:52:33Z</time>
      </trkpt>
      <trkpt lat="41.509713" lon="2.337133">
        <ele>231.731</ele>
        <time>2025-01-09T09:52:35Z</time>
      </trkpt>
      <trkpt lat="41.509703" lon="2.337172">
        <ele>232.024</ele>
        <time>2025-01-09T09:52:37Z</time>
      </trkpt>
      <trkpt lat="41.509700" lon="2.337216">
        <ele>232.809</ele>
        <time>2025-01-09T09:52:39Z</time>
      </trkpt>
      <trkpt lat="41.509698" lon="2.337257">
        <ele>233.560</ele>
        <time>2025-01-09T09:52:41Z</time>
      </trkpt>
      <trkpt lat="41.509687" lon="2.337293">
        <ele>233.618</ele>
        <time>2025-01-09T09:52:43Z</time>
      </trkpt>
      <trkpt lat="41.509677" lon="2.337327">
        <ele>233.728</ele>
        <time>2025-01-09T09:52:45Z</time>
      </trkpt>
      <trkpt lat="41.509669" lon="2.337371">
        <ele>234.144</ele>
        <time>2025-01-09T09:52:47Z</time>
      </trkpt>
      <trkpt lat="41.509666" lon="2.337415">
        <ele>234.774</ele>
        <time>2025-01-09T09:52:49Z</time>
      </trkpt>
      <trkpt lat="41.509658" lon="2.337454">
        <ele>235.058</ele>
        <time>2025-01-09T09:52:51Z</time>
      </trkpt>
      <trkpt lat="41.509642" lon="2.337525">
        <ele>235.226</ele>
        <time>2025-01-09T09:52:55Z</time>
      </trkpt>
      <trkpt lat="41.509633" lon="2.337565">
        <ele>235.043</ele>
        <time>2025-01-09T09:52:57Z</time>
      </trkpt>
      <trkpt lat="41.509625" lon="2.337609">
        <ele>235.076</ele>
        <time>2025-01-09T09:52:59Z</time>
      </trkpt>
      <trkpt lat="41.509612" lon="2.337648">
        <ele>234.813</ele>
        <time>2025-01-09T09:53:01Z</time>
      </trkpt>
      <trkpt lat="41.509603" lon="2.337687">
        <ele>234.843</ele>
        <time>2025-01-09T09:53:03Z</time>
      </trkpt>
      <trkpt lat="41.509594" lon="2.337726">
        <ele>234.907</ele>
        <time>2025-01-09T09:53:05Z</time>
      </trkpt>
      <trkpt lat="41.509584" lon="2.337760">
        <ele>234.809</ele>
        <time>2025-01-09T09:53:07Z</time>
      </trkpt>
      <trkpt lat="41.509572" lon="2.337801">
        <ele>234.542</ele>
        <time>2025-01-09T09:53:09Z</time>
      </trkpt>
      <trkpt lat="41.509558" lon="2.337836">
        <ele>233.940</ele>
        <time>2025-01-09T09:53:11Z</time>
      </trkpt>
      <trkpt lat="41.509546" lon="2.337912">
        <ele>233.330</ele>
        <time>2025-01-09T09:53:15Z</time>
      </trkpt>
      <trkpt lat="41.509540" lon="2.337950">
        <ele>233.066</ele>
        <time>2025-01-09T09:53:17Z</time>
      </trkpt>
      <trkpt lat="41.509544" lon="2.338001">
        <ele>233.066</ele>
        <time>2025-01-09T09:53:20Z</time>
      </trkpt>
      <trkpt lat="41.509555" lon="2.338038">
        <ele>233.250</ele>
        <time>2025-01-09T09:53:22Z</time>
      </trkpt>
      <trkpt lat="41.509574" lon="2.338067">
        <ele>233.528</ele>
        <time>2025-01-09T09:53:24Z</time>
      </trkpt>
      <trkpt lat="41.509585" lon="2.338112">
        <ele>233.015</ele>
        <time>2025-01-09T09:54:01Z</time>
      </trkpt>
      <trkpt lat="41.509552" lon="2.338129">
        <ele>231.818</ele>
        <time>2025-01-09T09:54:03Z</time>
      </trkpt>
      <trkpt lat="41.509513" lon="2.338154">
        <ele>230.495</ele>
        <time>2025-01-09T09:54:05Z</time>
      </trkpt>
      <trkpt lat="41.509470" lon="2.338180">
        <ele>228.949</ele>
        <time>2025-01-09T09:54:08Z</time>
      </trkpt>
      <trkpt lat="41.509444" lon="2.338199">
        <ele>227.923</ele>
        <time>2025-01-09T09:54:10Z</time>
      </trkpt>
      <trkpt lat="41.509416" lon="2.338214">
        <ele>226.609</ele>
        <time>2025-01-09T09:54:12Z</time>
      </trkpt>
      <trkpt lat="41.509368" lon="2.338233">
        <ele>224.420</ele>
        <time>2025-01-09T09:54:15Z</time>
      </trkpt>
      <trkpt lat="41.509342" lon="2.338242">
        <ele>223.388</ele>
        <time>2025-01-09T09:54:17Z</time>
      </trkpt>
      <trkpt lat="41.509320" lon="2.338264">
        <ele>222.268</ele>
        <time>2025-01-09T09:54:19Z</time>
      </trkpt>
      <trkpt lat="41.509281" lon="2.338289">
        <ele>220.564</ele>
        <time>2025-01-09T09:54:47Z</time>
      </trkpt>
      <trkpt lat="41.509254" lon="2.338277">
        <ele>219.584</ele>
        <time>2025-01-09T09:54:58Z</time>
      </trkpt>
      <trkpt lat="41.509234" lon="2.338248">
        <ele>219.018</ele>
        <time>2025-01-09T09:55:00Z</time>
      </trkpt>
      <trkpt lat="41.509213" lon="2.338218">
        <ele>218.316</ele>
        <time>2025-01-09T09:55:02Z</time>
      </trkpt>
      <trkpt lat="41.509227" lon="2.338164">
        <ele>219.293</ele>
        <time>2025-01-09T09:55:18Z</time>
      </trkpt>
      <trkpt lat="41.509242" lon="2.338101">
        <ele>220.216</ele>
        <time>2025-01-09T09:55:22Z</time>
      </trkpt>
      <trkpt lat="41.509241" lon="2.338052">
        <ele>220.562</ele>
        <time>2025-01-09T09:55:25Z</time>
      </trkpt>
      <trkpt lat="41.509230" lon="2.338018">
        <ele>219.883</ele>
        <time>2025-01-09T09:55:27Z</time>
      </trkpt>
      <trkpt lat="41.509205" lon="2.338003">
        <ele>218.511</ele>
        <time>2025-01-09T09:55:29Z</time>
      </trkpt>
      <trkpt lat="41.509147" lon="2.337984">
        <ele>215.409</ele>
        <time>2025-01-09T09:55:33Z</time>
      </trkpt>
      <trkpt lat="41.509121" lon="2.338001">
        <ele>214.167</ele>
        <time>2025-01-09T09:55:35Z</time>
      </trkpt>
      <trkpt lat="41.509101" lon="2.338034">
        <ele>213.335</ele>
        <time>2025-01-09T09:55:37Z</time>
      </trkpt>
      <trkpt lat="41.509079" lon="2.338086">
        <ele>212.215</ele>
        <time>2025-01-09T09:55:40Z</time>
      </trkpt>
      <trkpt lat="41.509047" lon="2.338125">
        <ele>210.411</ele>
        <time>2025-01-09T09:55:49Z</time>
      </trkpt>
      <trkpt lat="41.509072" lon="2.338081">
        <ele>211.831</ele>
        <time>2025-01-09T09:56:08Z</time>
      </trkpt>
      <trkpt lat="41.509107" lon="2.338025">
        <ele>213.625</ele>
        <time>2025-01-09T09:56:12Z</time>
      </trkpt>
      <trkpt lat="41.509149" lon="2.337995">
        <ele>215.623</ele>
        <time>2025-01-09T09:56:16Z</time>
      </trkpt>
      <trkpt lat="41.509177" lon="2.338006">
        <ele>217.170</ele>
        <time>2025-01-09T09:56:18Z</time>
      </trkpt>
      <trkpt lat="41.509209" lon="2.338015">
        <ele>218.783</ele>
        <time>2025-01-09T09:56:20Z</time>
      </trkpt>
      <trkpt lat="41.509233" lon="2.338036">
        <ele>220.035</ele>
        <time>2025-01-09T09:56:22Z</time>
      </trkpt>
      <trkpt lat="41.509226" lon="2.338107">
        <ele>219.586</ele>
        <time>2025-01-09T09:56:26Z</time>
      </trkpt>
      <trkpt lat="41.509213" lon="2.338175">
        <ele>218.514</ele>
        <time>2025-01-09T09:56:30Z</time>
      </trkpt>
      <trkpt lat="41.509211" lon="2.338215">
        <ele>218.209</ele>
        <time>2025-01-09T09:56:32Z</time>
      </trkpt>
      <trkpt lat="41.509234" lon="2.338272">
        <ele>218.814</ele>
        <time>2025-01-09T09:56:35Z</time>
      </trkpt>
      <trkpt lat="41.509261" lon="2.338285">
        <ele>219.742</ele>
        <time>2025-01-09T09:56:37Z</time>
      </trkpt>
      <trkpt lat="41.509288" lon="2.338275">
        <ele>220.972</ele>
        <time>2025-01-09T09:56:39Z</time>
      </trkpt>
      <trkpt lat="41.509314" lon="2.338260">
        <ele>222.078</ele>
        <time>2025-01-09T09:56:41Z</time>
      </trkpt>
      <trkpt lat="41.509342" lon="2.338245">
        <ele>223.218</ele>
        <time>2025-01-09T09:56:43Z</time>
      </trkpt>
      <trkpt lat="41.509369" lon="2.338231">
        <ele>224.592</ele>
        <time>2025-01-09T09:56:45Z</time>
      </trkpt>
      <trkpt lat="41.509397" lon="2.338216">
        <ele>225.880</ele>
        <time>2025-01-09T09:56:47Z</time>
      </trkpt>
      <trkpt lat="41.509423" lon="2.338207">
        <ele>226.947</ele>
        <time>2025-01-09T09:56:49Z</time>
      </trkpt>
      <trkpt lat="41.509474" lon="2.338174">
        <ele>229.110</ele>
        <time>2025-01-09T09:56:53Z</time>
      </trkpt>
      <trkpt lat="41.509502" lon="2.338157">
        <ele>230.091</ele>
        <time>2025-01-09T09:56:55Z</time>
      </trkpt>
      <trkpt lat="41.509529" lon="2.338145">
        <ele>231.081</ele>
        <time>2025-01-09T09:56:57Z</time>
      </trkpt>
      <trkpt lat="41.509570" lon="2.338105">
        <ele>232.719</ele>
        <time>2025-01-09T09:57:01Z</time>
      </trkpt>
      <trkpt lat="41.509565" lon="2.338066">
        <ele>233.309</ele>
        <time>2025-01-09T09:58:10Z</time>
      </trkpt>
      <trkpt lat="41.509542" lon="2.338022">
        <ele>232.960</ele>
        <time>2025-01-09T09:58:12Z</time>
      </trkpt>
      <trkpt lat="41.509539" lon="2.337978">
        <ele>232.918</ele>
        <time>2025-01-09T09:58:14Z</time>
      </trkpt>
      <trkpt lat="41.509537" lon="2.337936">
        <ele>233.098</ele>
        <time>2025-01-09T09:58:16Z</time>
      </trkpt>
      <trkpt lat="41.509542" lon="2.337898">
        <ele>233.264</ele>
        <time>2025-01-09T09:58:18Z</time>
      </trkpt>
      <trkpt lat="41.509549" lon="2.337859">
        <ele>233.524</ele>
        <time>2025-01-09T09:58:20Z</time>
      </trkpt>
      <trkpt lat="41.509559" lon="2.337826">
        <ele>234.048</ele>
        <time>2025-01-09T09:58:22Z</time>
      </trkpt>
      <trkpt lat="41.509566" lon="2.337791">
        <ele>234.326</ele>
        <time>2025-01-09T09:58:24Z</time>
      </trkpt>
      <trkpt lat="41.509573" lon="2.337753">
        <ele>234.363</ele>
        <time>2025-01-09T09:58:26Z</time>
      </trkpt>
      <trkpt lat="41.509580" lon="2.337716">
        <ele>234.246</ele>
        <time>2025-01-09T09:58:28Z</time>
      </trkpt>
      <trkpt lat="41.509591" lon="2.337679">
        <ele>234.272</ele>
        <time>2025-01-09T09:58:30Z</time>
      </trkpt>
      <trkpt lat="41.509604" lon="2.337643">
        <ele>234.413</ele>
        <time>2025-01-09T09:58:32Z</time>
      </trkpt>
      <trkpt lat="41.509613" lon="2.337603">
        <ele>234.414</ele>
        <time>2025-01-09T09:58:34Z</time>
      </trkpt>
      <trkpt lat="41.509620" lon="2.337559">
        <ele>234.409</ele>
        <time>2025-01-09T09:58:36Z</time>
      </trkpt>
      <trkpt lat="41.509624" lon="2.337516">
        <ele>234.298</ele>
        <time>2025-01-09T09:58:38Z</time>
      </trkpt>
      <trkpt lat="41.509627" lon="2.337475">
        <ele>233.836</ele>
        <time>2025-01-09T09:58:40Z</time>
      </trkpt>
      <trkpt lat="41.509634" lon="2.337438">
        <ele>233.586</ele>
        <time>2025-01-09T09:58:42Z</time>
      </trkpt>
      <trkpt lat="41.509653" lon="2.337367">
        <ele>233.232</ele>
        <time>2025-01-09T09:58:46Z</time>
      </trkpt>
      <trkpt lat="41.509663" lon="2.337329">
        <ele>233.142</ele>
        <time>2025-01-09T09:58:48Z</time>
      </trkpt>
      <trkpt lat="41.509673" lon="2.337273">
        <ele>232.646</ele>
        <time>2025-01-09T09:58:52Z</time>
      </trkpt>
      <trkpt lat="41.509681" lon="2.337237">
        <ele>232.344</ele>
        <time>2025-01-09T09:58:54Z</time>
      </trkpt>
      <trkpt lat="41.509690" lon="2.337199">
        <ele>232.041</ele>
        <time>2025-01-09T09:58:56Z</time>
      </trkpt>
      <trkpt lat="41.509697" lon="2.337159">
        <ele>231.594</ele>
        <time>2025-01-09T09:58:58Z</time>
      </trkpt>
      <trkpt lat="41.509707" lon="2.337120">
        <ele>231.141</ele>
        <time>2025-01-09T09:59:00Z</time>
      </trkpt>
      <trkpt lat="41.509721" lon="2.337046">
        <ele>230.181</ele>
        <time>2025-01-09T09:59:04Z</time>
      </trkpt>
      <trkpt lat="41.509731" lon="2.337003">
        <ele>229.609</ele>
        <time>2025-01-09T09:59:06Z</time>
      </trkpt>
      <trkpt lat="41.509745" lon="2.336962">
        <ele>229.209</ele>
        <time>2025-01-09T09:59:08Z</time>
      </trkpt>
      <trkpt lat="41.509758" lon="2.336924">
        <ele>228.985</ele>
        <time>2025-01-09T09:59:10Z</time>
      </trkpt>
      <trkpt lat="41.509776" lon="2.336893">
        <ele>229.073</ele>
        <time>2025-01-09T09:59:12Z</time>
      </trkpt>
      <trkpt lat="41.509794" lon="2.336863">
        <ele>229.013</ele>
        <time>2025-01-09T09:59:14Z</time>
      </trkpt>
      <trkpt lat="41.509814" lon="2.336834">
        <ele>229.219</ele>
        <time>2025-01-09T09:59:16Z</time>
      </trkpt>
      <trkpt lat="41.509835" lon="2.336806">
        <ele>229.499</ele>
        <time>2025-01-09T09:59:18Z</time>
      </trkpt>
      <trkpt lat="41.509860" lon="2.336782">
        <ele>229.763</ele>
        <time>2025-01-09T09:59:20Z</time>
      </trkpt>
      <trkpt lat="41.509906" lon="2.336750">
        <ele>230.781</ele>
        <time>2025-01-09T09:59:24Z</time>
      </trkpt>
      <trkpt lat="41.509946" lon="2.336711">
        <ele>231.298</ele>
        <time>2025-01-09T09:59:28Z</time>
      </trkpt>
      <trkpt lat="41.509970" lon="2.336686">
        <ele>231.451</ele>
        <time>2025-01-09T09:59:30Z</time>
      </trkpt>
      <trkpt lat="41.509994" lon="2.336652">
        <ele>231.438</ele>
        <time>2025-01-09T09:59:32Z</time>
      </trkpt>
      <trkpt lat="41.510022" lon="2.336630">
        <ele>231.670</ele>
        <time>2025-01-09T09:59:34Z</time>
      </trkpt>
      <trkpt lat="41.510051" lon="2.336616">
        <ele>232.017</ele>
        <time>2025-01-09T09:59:36Z</time>
      </trkpt>
      <trkpt lat="41.510080" lon="2.336604">
        <ele>232.509</ele>
        <time>2025-01-09T09:59:38Z</time>
      </trkpt>
      <trkpt lat="41.510130" lon="2.336585">
        <ele>233.444</ele>
        <time>2025-01-09T09:59:42Z</time>
      </trkpt>
      <trkpt lat="41.510184" lon="2.336569">
        <ele>234.582</ele>
        <time>2025-01-09T09:59:46Z</time>
      </trkpt>
      <trkpt lat="41.510213" lon="2.336564">
        <ele>235.252</ele>
        <time>2025-01-09T09:59:48Z</time>
      </trkpt>
      <trkpt lat="41.510241" lon="2.336561">
        <ele>235.958</ele>
        <time>2025-01-09T09:59:50Z</time>
      </trkpt>
      <trkpt lat="41.510299" lon="2.336564">
        <ele>237.678</ele>
        <time>2025-01-09T09:59:54Z</time>
      </trkpt>
      <trkpt lat="41.510330" lon="2.336554">
        <ele>238.172</ele>
        <time>2025-01-09T09:59:56Z</time>
      </trkpt>
      <trkpt lat="41.510371" lon="2.336539">
        <ele>238.850</ele>
        <time>2025-01-09T10:00:00Z</time>
      </trkpt>
      <trkpt lat="41.510398" lon="2.336527">
        <ele>239.277</ele>
        <time>2025-01-09T10:00:02Z</time>
      </trkpt>
      <trkpt lat="41.510448" lon="2.336520">
        <ele>240.450</ele>
        <time>2025-01-09T10:00:06Z</time>
      </trkpt>
      <trkpt lat="41.510493" lon="2.336502">
        <ele>241.393</ele>
        <time>2025-01-09T10:00:10Z</time>
      </trkpt>
      <trkpt lat="41.510536" lon="2.336483">
        <ele>242.165</ele>
        <time>2025-01-09T10:00:14Z</time>
      </trkpt>
      <trkpt lat="41.510562" lon="2.336474">
        <ele>242.721</ele>
        <time>2025-01-09T10:00:16Z</time>
      </trkpt>
      <trkpt lat="41.510592" lon="2.336465">
        <ele>243.409</ele>
        <time>2025-01-09T10:00:18Z</time>
      </trkpt>
      <trkpt lat="41.510620" lon="2.336449">
        <ele>243.950</ele>
        <time>2025-01-09T10:00:20Z</time>
      </trkpt>
      <trkpt lat="41.510645" lon="2.336427">
        <ele>244.278</ele>
        <time>2025-01-09T10:00:22Z</time>
      </trkpt>
      <trkpt lat="41.510685" lon="2.336413">
        <ele>245.168</ele>
        <time>2025-01-09T10:00:26Z</time>
      </trkpt>
      <trkpt lat="41.510712" lon="2.336368">
        <ele>245.244</ele>
        <time>2025-01-09T10:00:30Z</time>
      </trkpt>
      <trkpt lat="41.510728" lon="2.336336">
        <ele>245.324</ele>
        <time>2025-01-09T10:00:33Z</time>
      </trkpt>
      <trkpt lat="41.510749" lon="2.336303">
        <ele>245.418</ele>
        <time>2025-01-09T10:00:35Z</time>
      </trkpt>
      <trkpt lat="41.510781" lon="2.336246">
        <ele>245.536</ele>
        <time>2025-01-09T10:00:39Z</time>
      </trkpt>
      <trkpt lat="41.510799" lon="2.336212">
        <ele>245.593</ele>
        <time>2025-01-09T10:00:41Z</time>
      </trkpt>
      <trkpt lat="41.510815" lon="2.336181">
        <ele>245.536</ele>
        <time>2025-01-09T10:00:43Z</time>
      </trkpt>
      <trkpt lat="41.510850" lon="2.336114">
        <ele>245.783</ele>
        <time>2025-01-09T10:00:47Z</time>
      </trkpt>
      <trkpt lat="41.510870" lon="2.336083">
        <ele>246.425</ele>
        <time>2025-01-09T10:00:49Z</time>
      </trkpt>
      <trkpt lat="41.510902" lon="2.336021">
        <ele>247.317</ele>
        <time>2025-01-09T10:00:53Z</time>
      </trkpt>
      <trkpt lat="41.510930" lon="2.335971">
        <ele>248.009</ele>
        <time>2025-01-09T10:00:56Z</time>
      </trkpt>
      <trkpt lat="41.510952" lon="2.335939">
        <ele>248.439</ele>
        <time>2025-01-09T10:00:58Z</time>
      </trkpt>
      <trkpt lat="41.510971" lon="2.335906">
        <ele>248.657</ele>
        <time>2025-01-09T10:01:00Z</time>
      </trkpt>
      <trkpt lat="41.511000" lon="2.335841">
        <ele>248.727</ele>
        <time>2025-01-09T10:01:04Z</time>
      </trkpt>
      <trkpt lat="41.511019" lon="2.335810">
        <ele>248.843</ele>
        <time>2025-01-09T10:01:06Z</time>
      </trkpt>
      <trkpt lat="41.511037" lon="2.335777">
        <ele>248.993</ele>
        <time>2025-01-09T10:01:08Z</time>
      </trkpt>
      <trkpt lat="41.511065" lon="2.335715">
        <ele>248.917</ele>
        <time>2025-01-09T10:01:12Z</time>
      </trkpt>
      <trkpt lat="41.511099" lon="2.335674">
        <ele>249.155</ele>
        <time>2025-01-09T10:01:16Z</time>
      </trkpt>
      <trkpt lat="41.511143" lon="2.335645">
        <ele>249.972</ele>
        <time>2025-01-09T10:01:20Z</time>
      </trkpt>
      <trkpt lat="41.511190" lon="2.335654">
        <ele>251.425</ele>
        <time>2025-01-09T10:01:23Z</time>
      </trkpt>
      <trkpt lat="41.511217" lon="2.335687">
        <ele>252.614</ele>
        <time>2025-01-09T10:01:27Z</time>
      </trkpt>
      <trkpt lat="41.511223" lon="2.335755">
        <ele>253.854</ele>
        <time>2025-01-09T10:01:32Z</time>
      </trkpt>
      <trkpt lat="41.511207" lon="2.335810">
        <ele>254.109</ele>
        <time>2025-01-09T10:01:36Z</time>
      </trkpt>
      <trkpt lat="41.511186" lon="2.335875">
        <ele>254.409</ele>
        <time>2025-01-09T10:01:40Z</time>
      </trkpt>
      <trkpt lat="41.511174" lon="2.335908">
        <ele>254.622</ele>
        <time>2025-01-09T10:01:42Z</time>
      </trkpt>
      <trkpt lat="41.511142" lon="2.335982">
        <ele>254.820</ele>
        <time>2025-01-09T10:01:50Z</time>
      </trkpt>
      <trkpt lat="41.511120" lon="2.336030">
        <ele>254.910</ele>
        <time>2025-01-09T10:01:54Z</time>
      </trkpt>
      <trkpt lat="41.511109" lon="2.336067">
        <ele>255.176</ele>
        <time>2025-01-09T10:01:58Z</time>
      </trkpt>
      <trkpt lat="41.511078" lon="2.336112">
        <ele>254.736</ele>
        <time>2025-01-09T10:02:03Z</time>
      </trkpt>
      <trkpt lat="41.511043" lon="2.336200">
        <ele>254.690</ele>
        <time>2025-01-09T10:02:08Z</time>
      </trkpt>
      <trkpt lat="41.511030" lon="2.336240">
        <ele>254.688</ele>
        <time>2025-01-09T10:02:09Z</time>
      </trkpt>
      <trkpt lat="41.511024" lon="2.336277">
        <ele>254.965</ele>
        <time>2025-01-09T10:02:11Z</time>
      </trkpt>
      <trkpt lat="41.511012" lon="2.336316">
        <ele>255.068</ele>
        <time>2025-01-09T10:02:13Z</time>
      </trkpt>
      <trkpt lat="41.511004" lon="2.336350">
        <ele>255.275</ele>
        <time>2025-01-09T10:02:15Z</time>
      </trkpt>
      <trkpt lat="41.510994" lon="2.336413">
        <ele>255.728</ele>
        <time>2025-01-09T10:02:18Z</time>
      </trkpt>
      <trkpt lat="41.510992" lon="2.336503">
        <ele>256.720</ele>
        <time>2025-01-09T10:02:23Z</time>
      </trkpt>
      <trkpt lat="41.510991" lon="2.336553">
        <ele>257.309</ele>
        <time>2025-01-09T10:02:29Z</time>
      </trkpt>
      <trkpt lat="41.510989" lon="2.336594">
        <ele>257.768</ele>
        <time>2025-01-09T10:02:31Z</time>
      </trkpt>
      <trkpt lat="41.510990" lon="2.336631">
        <ele>258.216</ele>
        <time>2025-01-09T10:02:33Z</time>
      </trkpt>
      <trkpt lat="41.510989" lon="2.336679">
        <ele>258.876</ele>
        <time>2025-01-09T10:02:35Z</time>
      </trkpt>
      <trkpt lat="41.510976" lon="2.336718">
        <ele>259.132</ele>
        <time>2025-01-09T10:02:37Z</time>
      </trkpt>
      <trkpt lat="41.510973" lon="2.336760">
        <ele>259.772</ele>
        <time>2025-01-09T10:02:39Z</time>
      </trkpt>
      <trkpt lat="41.510970" lon="2.336812">
        <ele>260.566</ele>
        <time>2025-01-09T10:02:41Z</time>
      </trkpt>
      <trkpt lat="41.510941" lon="2.336885">
        <ele>260.874</ele>
        <time>2025-01-09T10:02:46Z</time>
      </trkpt>
      <trkpt lat="41.510931" lon="2.336920">
        <ele>261.181</ele>
        <time>2025-01-09T10:02:48Z</time>
      </trkpt>
      <trkpt lat="41.510911" lon="2.336981">
        <ele>261.294</ele>
        <time>2025-01-09T10:02:51Z</time>
      </trkpt>
      <trkpt lat="41.510883" lon="2.337034">
        <ele>260.928</ele>
        <time>2025-01-09T10:02:54Z</time>
      </trkpt>
      <trkpt lat="41.510865" lon="2.337075">
        <ele>260.989</ele>
        <time>2025-01-09T10:02:56Z</time>
      </trkpt>
      <trkpt lat="41.510849" lon="2.337116">
        <ele>260.917</ele>
        <time>2025-01-09T10:02:58Z</time>
      </trkpt>
      <trkpt lat="41.510827" lon="2.337163">
        <ele>261.109</ele>
        <time>2025-01-09T10:03:00Z</time>
      </trkpt>
      <trkpt lat="41.510830" lon="2.337218">
        <ele>261.983</ele>
        <time>2025-01-09T10:03:02Z</time>
      </trkpt>
      <trkpt lat="41.510845" lon="2.337286">
        <ele>263.061</ele>
        <time>2025-01-09T10:03:06Z</time>
      </trkpt>
      <trkpt lat="41.510820" lon="2.337334">
        <ele>263.141</ele>
        <time>2025-01-09T10:03:10Z</time>
      </trkpt>
      <trkpt lat="41.510791" lon="2.337343">
        <ele>263.157</ele>
        <time>2025-01-09T10:03:13Z</time>
      </trkpt>
      <trkpt lat="41.510750" lon="2.337381">
        <ele>263.587</ele>
        <time>2025-01-09T10:03:17Z</time>
      </trkpt>
      <trkpt lat="41.510725" lon="2.337407">
        <ele>263.921</ele>
        <time>2025-01-09T10:03:19Z</time>
      </trkpt>
      <trkpt lat="41.510694" lon="2.337448">
        <ele>264.669</ele>
        <time>2025-01-09T10:03:21Z</time>
      </trkpt>
      <trkpt lat="41.510667" lon="2.337479">
        <ele>265.246</ele>
        <time>2025-01-09T10:03:23Z</time>
      </trkpt>
      <trkpt lat="41.510638" lon="2.337512">
        <ele>265.799</ele>
        <time>2025-01-09T10:03:25Z</time>
      </trkpt>
      <trkpt lat="41.510611" lon="2.337538">
        <ele>265.877</ele>
        <time>2025-01-09T10:03:27Z</time>
      </trkpt>
      <trkpt lat="41.510588" lon="2.337559">
        <ele>265.961</ele>
        <time>2025-01-09T10:03:29Z</time>
      </trkpt>
      <trkpt lat="41.510548" lon="2.337574">
        <ele>265.827</ele>
        <time>2025-01-09T10:03:31Z</time>
      </trkpt>
      <trkpt lat="41.510516" lon="2.337583">
        <ele>264.709</ele>
        <time>2025-01-09T10:03:33Z</time>
      </trkpt>
      <trkpt lat="41.510482" lon="2.337590">
        <ele>263.688</ele>
        <time>2025-01-09T10:03:35Z</time>
      </trkpt>
      <trkpt lat="41.510439" lon="2.337586">
        <ele>262.296</ele>
        <time>2025-01-09T10:03:37Z</time>
      </trkpt>
      <trkpt lat="41.510403" lon="2.337576">
        <ele>261.116</ele>
        <time>2025-01-09T10:03:39Z</time>
      </trkpt>
      <trkpt lat="41.510360" lon="2.337559">
        <ele>259.772</ele>
        <time>2025-01-09T10:03:41Z</time>
      </trkpt>
      <trkpt lat="41.510312" lon="2.337546">
        <ele>258.122</ele>
        <time>2025-01-09T10:03:43Z</time>
      </trkpt>
      <trkpt lat="41.510283" lon="2.337567">
        <ele>257.286</ele>
        <time>2025-01-09T10:03:45Z</time>
      </trkpt>
      <trkpt lat="41.510275" lon="2.337606">
        <ele>256.934</ele>
        <time>2025-01-09T10:03:47Z</time>
      </trkpt>
      <trkpt lat="41.510288" lon="2.337671">
        <ele>257.391</ele>
        <time>2025-01-09T10:03:51Z</time>
      </trkpt>
      <trkpt lat="41.510317" lon="2.337723">
        <ele>258.354</ele>
        <time>2025-01-09T10:03:55Z</time>
      </trkpt>
      <trkpt lat="41.510331" lon="2.337778">
        <ele>258.778</ele>
        <time>2025-01-09T10:04:07Z</time>
      </trkpt>
      <trkpt lat="41.510342" lon="2.337835">
        <ele>258.233</ele>
        <time>2025-01-09T10:04:12Z</time>
      </trkpt>
      <trkpt lat="41.510348" lon="2.337895">
        <ele>257.426</ele>
        <time>2025-01-09T10:04:29Z</time>
      </trkpt>
      <trkpt lat="41.510376" lon="2.337940">
        <ele>257.409</ele>
        <time>2025-01-09T10:04:33Z</time>
      </trkpt>
      <trkpt lat="41.510403" lon="2.337948">
        <ele>258.198</ele>
        <time>2025-01-09T10:04:35Z</time>
      </trkpt>
      <trkpt lat="41.510433" lon="2.337951">
        <ele>258.816</ele>
        <time>2025-01-09T10:04:37Z</time>
      </trkpt>
      <trkpt lat="41.510460" lon="2.337951">
        <ele>259.686</ele>
        <time>2025-01-09T10:04:39Z</time>
      </trkpt>
      <trkpt lat="41.510491" lon="2.337949">
        <ele>260.532</ele>
        <time>2025-01-09T10:04:41Z</time>
      </trkpt>
      <trkpt lat="41.510522" lon="2.337954">
        <ele>261.382</ele>
        <time>2025-01-09T10:04:43Z</time>
      </trkpt>
      <trkpt lat="41.510555" lon="2.337956">
        <ele>262.156</ele>
        <time>2025-01-09T10:04:45Z</time>
      </trkpt>
      <trkpt lat="41.510597" lon="2.337929">
        <ele>263.054</ele>
        <time>2025-01-09T10:04:52Z</time>
      </trkpt>
      <trkpt lat="41.510625" lon="2.337884">
        <ele>264.061</ele>
        <time>2025-01-09T10:04:55Z</time>
      </trkpt>
      <trkpt lat="41.510637" lon="2.337836">
        <ele>264.984</ele>
        <time>2025-01-09T10:04:58Z</time>
      </trkpt>
      <trkpt lat="41.510643" lon="2.337787">
        <ele>265.869</ele>
        <time>2025-01-09T10:05:03Z</time>
      </trkpt>
      <trkpt lat="41.510660" lon="2.337716">
        <ele>265.904</ele>
        <time>2025-01-09T10:05:07Z</time>
      </trkpt>
      <trkpt lat="41.510677" lon="2.337682">
        <ele>265.824</ele>
        <time>2025-01-09T10:05:09Z</time>
      </trkpt>
      <trkpt lat="41.510698" lon="2.337650">
        <ele>265.809</ele>
        <time>2025-01-09T10:05:11Z</time>
      </trkpt>
      <trkpt lat="41.510718" lon="2.337591">
        <ele>265.637</ele>
        <time>2025-01-09T10:05:16Z</time>
      </trkpt>
      <trkpt lat="41.510733" lon="2.337554">
        <ele>265.575</ele>
        <time>2025-01-09T10:05:18Z</time>
      </trkpt>
      <trkpt lat="41.510745" lon="2.337511">
        <ele>265.365</ele>
        <time>2025-01-09T10:05:20Z</time>
      </trkpt>
      <trkpt lat="41.510757" lon="2.337476">
        <ele>264.931</ele>
        <time>2025-01-09T10:05:22Z</time>
      </trkpt>
      <trkpt lat="41.510778" lon="2.337440">
        <ele>264.441</ele>
        <time>2025-01-09T10:05:24Z</time>
      </trkpt>
      <trkpt lat="41.510811" lon="2.337394">
        <ele>263.895</ele>
        <time>2025-01-09T10:05:27Z</time>
      </trkpt>
      <trkpt lat="41.510831" lon="2.337364">
        <ele>263.523</ele>
        <time>2025-01-09T10:05:29Z</time>
      </trkpt>
      <trkpt lat="41.510861" lon="2.337352">
        <ele>264.170</ele>
        <time>2025-01-09T10:05:31Z</time>
      </trkpt>
      <trkpt lat="41.510884" lon="2.337379">
        <ele>264.913</ele>
        <time>2025-01-09T10:05:33Z</time>
      </trkpt>
      <trkpt lat="41.510908" lon="2.337404">
        <ele>265.789</ele>
        <time>2025-01-09T10:05:35Z</time>
      </trkpt>
      <trkpt lat="41.510948" lon="2.337409">
        <ele>266.606</ele>
        <time>2025-01-09T10:05:38Z</time>
      </trkpt>
      <trkpt lat="41.510983" lon="2.337385">
        <ele>267.226</ele>
        <time>2025-01-09T10:05:50Z</time>
      </trkpt>
      <trkpt lat="41.511004" lon="2.337349">
        <ele>267.409</ele>
        <time>2025-01-09T10:05:52Z</time>
      </trkpt>
      <trkpt lat="41.511028" lon="2.337304">
        <ele>267.659</ele>
        <time>2025-01-09T10:05:56Z</time>
      </trkpt>
      <trkpt lat="41.511067" lon="2.337260">
        <ele>268.227</ele>
        <time>2025-01-09T10:06:00Z</time>
      </trkpt>
      <trkpt lat="41.511105" lon="2.337219">
        <ele>268.837</ele>
        <time>2025-01-09T10:06:04Z</time>
      </trkpt>
      <trkpt lat="41.511138" lon="2.337174">
        <ele>270.023</ele>
        <time>2025-01-09T10:06:08Z</time>
      </trkpt>
      <trkpt lat="41.511173" lon="2.337140">
        <ele>271.413</ele>
        <time>2025-01-09T10:06:12Z</time>
      </trkpt>
      <trkpt lat="41.511188" lon="2.337108">
        <ele>272.027</ele>
        <time>2025-01-09T10:06:14Z</time>
      </trkpt>
      <trkpt lat="41.511206" lon="2.337047">
        <ele>272.725</ele>
        <time>2025-01-09T10:06:18Z</time>
      </trkpt>
      <trkpt lat="41.511234" lon="2.336991">
        <ele>273.852</ele>
        <time>2025-01-09T10:06:22Z</time>
      </trkpt>
      <trkpt lat="41.511259" lon="2.336938">
        <ele>274.825</ele>
        <time>2025-01-09T10:06:26Z</time>
      </trkpt>
      <trkpt lat="41.511270" lon="2.336904">
        <ele>274.972</ele>
        <time>2025-01-09T10:06:29Z</time>
      </trkpt>
      <trkpt lat="41.511290" lon="2.336850">
        <ele>275.113</ele>
        <time>2025-01-09T10:06:33Z</time>
      </trkpt>
      <trkpt lat="41.511308" lon="2.336792">
        <ele>275.214</ele>
        <time>2025-01-09T10:06:37Z</time>
      </trkpt>
      <trkpt lat="41.511325" lon="2.336764">
        <ele>275.809</ele>
        <time>2025-01-09T10:06:39Z</time>
      </trkpt>
      <trkpt lat="41.511342" lon="2.336730">
        <ele>276.298</ele>
        <time>2025-01-09T10:06:41Z</time>
      </trkpt>
      <trkpt lat="41.511377" lon="2.336677">
        <ele>277.556</ele>
        <time>2025-01-09T10:06:45Z</time>
      </trkpt>
      <trkpt lat="41.511420" lon="2.336643">
        <ele>278.626</ele>
        <time>2025-01-09T10:06:49Z</time>
      </trkpt>
      <trkpt lat="41.511470" lon="2.336638">
        <ele>280.412</ele>
        <time>2025-01-09T10:06:53Z</time>
      </trkpt>
      <trkpt lat="41.511525" lon="2.336649">
        <ele>282.982</ele>
        <time>2025-01-09T10:06:57Z</time>
      </trkpt>
      <trkpt lat="41.511553" lon="2.336654">
        <ele>284.176</ele>
        <time>2025-01-09T10:06:59Z</time>
      </trkpt>
      <trkpt lat="41.511601" lon="2.336654">
        <ele>286.084</ele>
        <time>2025-01-09T10:07:03Z</time>
      </trkpt>
      <trkpt lat="41.511640" lon="2.336631">
        <ele>286.981</ele>
        <time>2025-01-09T10:07:07Z</time>
      </trkpt>
      <trkpt lat="41.511691" lon="2.336613">
        <ele>288.214</ele>
        <time>2025-01-09T10:07:11Z</time>
      </trkpt>
      <trkpt lat="41.511714" lon="2.336595">
        <ele>288.332</ele>
        <time>2025-01-09T10:07:13Z</time>
      </trkpt>
      <trkpt lat="41.511759" lon="2.336578">
        <ele>289.192</ele>
        <time>2025-01-09T10:07:17Z</time>
      </trkpt>
      <trkpt lat="41.511805" lon="2.336586">
        <ele>290.711</ele>
        <time>2025-01-09T10:07:21Z</time>
      </trkpt>
      <trkpt lat="41.511850" lon="2.336599">
        <ele>292.509</ele>
        <time>2025-01-09T10:07:25Z</time>
      </trkpt>
      <trkpt lat="41.511905" lon="2.336590">
        <ele>293.814</ele>
        <time>2025-01-09T10:07:29Z</time>
      </trkpt>
      <trkpt lat="41.511932" lon="2.336594">
        <ele>294.832</ele>
        <time>2025-01-09T10:07:31Z</time>
      </trkpt>
      <trkpt lat="41.511982" lon="2.336574">
        <ele>296.042</ele>
        <time>2025-01-09T10:07:35Z</time>
      </trkpt>
      <trkpt lat="41.512023" lon="2.336544">
        <ele>296.848</ele>
        <time>2025-01-09T10:07:39Z</time>
      </trkpt>
      <trkpt lat="41.512044" lon="2.336519">
        <ele>296.898</ele>
        <time>2025-01-09T10:07:41Z</time>
      </trkpt>
      <trkpt lat="41.512081" lon="2.336476">
        <ele>297.082</ele>
        <time>2025-01-09T10:07:45Z</time>
      </trkpt>
      <trkpt lat="41.512109" lon="2.336423">
        <ele>296.520</ele>
        <time>2025-01-09T10:07:49Z</time>
      </trkpt>
      <trkpt lat="41.512134" lon="2.336370">
        <ele>296.137</ele>
        <time>2025-01-09T10:07:53Z</time>
      </trkpt>
      <trkpt lat="41.512165" lon="2.336310">
        <ele>296.060</ele>
        <time>2025-01-09T10:07:57Z</time>
      </trkpt>
      <trkpt lat="41.512189" lon="2.336282">
        <ele>296.386</ele>
        <time>2025-01-09T10:07:59Z</time>
      </trkpt>
      <trkpt lat="41.512233" lon="2.336247">
        <ele>297.460</ele>
        <time>2025-01-09T10:08:03Z</time>
      </trkpt>
      <trkpt lat="41.512277" lon="2.336212">
        <ele>298.526</ele>
        <time>2025-01-09T10:08:07Z</time>
      </trkpt>
      <trkpt lat="41.512299" lon="2.336186">
        <ele>298.909</ele>
        <time>2025-01-09T10:08:09Z</time>
      </trkpt>
      <trkpt lat="41.512332" lon="2.336145">
        <ele>299.469</ele>
        <time>2025-01-09T10:08:13Z</time>
      </trkpt>
      <trkpt lat="41.512360" lon="2.336089">
        <ele>299.957</ele>
        <time>2025-01-09T10:08:17Z</time>
      </trkpt>
      <trkpt lat="41.512382" lon="2.336035">
        <ele>300.897</ele>
        <time>2025-01-09T10:08:20Z</time>
      </trkpt>
      <trkpt lat="41.512390" lon="2.336000">
        <ele>301.123</ele>
        <time>2025-01-09T10:08:22Z</time>
      </trkpt>
      <trkpt lat="41.512391" lon="2.335931">
        <ele>300.923</ele>
        <time>2025-01-09T10:08:26Z</time>
      </trkpt>
      <trkpt lat="41.512388" lon="2.335890">
        <ele>300.697</ele>
        <time>2025-01-09T10:08:28Z</time>
      </trkpt>
      <trkpt lat="41.512382" lon="2.335847">
        <ele>300.135</ele>
        <time>2025-01-09T10:08:30Z</time>
      </trkpt>
      <trkpt lat="41.512395" lon="2.335781">
        <ele>300.512</ele>
        <time>2025-01-09T10:08:34Z</time>
      </trkpt>
      <trkpt lat="41.512426" lon="2.335730">
        <ele>301.925</ele>
        <time>2025-01-09T10:08:38Z</time>
      </trkpt>
      <trkpt lat="41.512476" lon="2.335725">
        <ele>304.411</ele>
        <time>2025-01-09T10:08:42Z</time>
      </trkpt>
      <trkpt lat="41.512526" lon="2.335710">
        <ele>306.821</ele>
        <time>2025-01-09T10:08:46Z</time>
      </trkpt>
      <trkpt lat="41.512566" lon="2.335691">
        <ele>308.603</ele>
        <time>2025-01-09T10:08:50Z</time>
      </trkpt>
      <trkpt lat="41.512593" lon="2.335689">
        <ele>309.809</ele>
        <time>2025-01-09T10:08:52Z</time>
      </trkpt>
      <trkpt lat="41.512630" lon="2.335655">
        <ele>311.662</ele>
        <time>2025-01-09T10:08:56Z</time>
      </trkpt>
      <trkpt lat="41.512669" lon="2.335615">
        <ele>313.510</ele>
        <time>2025-01-09T10:09:00Z</time>
      </trkpt>
      <trkpt lat="41.512683" lon="2.335556">
        <ele>314.290</ele>
        <time>2025-01-09T10:09:04Z</time>
      </trkpt>
      <trkpt lat="41.512698" lon="2.335494">
        <ele>314.676</ele>
        <time>2025-01-09T10:09:08Z</time>
      </trkpt>
      <trkpt lat="41.512722" lon="2.335439">
        <ele>315.486</ele>
        <time>2025-01-09T10:09:13Z</time>
      </trkpt>
      <trkpt lat="41.512732" lon="2.335381">
        <ele>315.520</ele>
        <time>2025-01-09T10:09:17Z</time>
      </trkpt>
      <trkpt lat="41.512739" lon="2.335320">
        <ele>315.548</ele>
        <time>2025-01-09T10:09:21Z</time>
      </trkpt>
      <trkpt lat="41.512749" lon="2.335264">
        <ele>315.655</ele>
        <time>2025-01-09T10:09:25Z</time>
      </trkpt>
      <trkpt lat="41.512765" lon="2.335212">
        <ele>315.928</ele>
        <time>2025-01-09T10:09:29Z</time>
      </trkpt>
      <trkpt lat="41.512788" lon="2.335156">
        <ele>316.639</ele>
        <time>2025-01-09T10:09:33Z</time>
      </trkpt>
      <trkpt lat="41.512815" lon="2.335109">
        <ele>317.601</ele>
        <time>2025-01-09T10:09:36Z</time>
      </trkpt>
      <trkpt lat="41.512825" lon="2.335074">
        <ele>317.821</ele>
        <time>2025-01-09T10:09:38Z</time>
      </trkpt>
      <trkpt lat="41.512842" lon="2.335013">
        <ele>318.109</ele>
        <time>2025-01-09T10:09:42Z</time>
      </trkpt>
      <trkpt lat="41.512859" lon="2.334951">
        <ele>318.914</ele>
        <time>2025-01-09T10:09:46Z</time>
      </trkpt>
      <trkpt lat="41.512874" lon="2.334891">
        <ele>319.632</ele>
        <time>2025-01-09T10:09:50Z</time>
      </trkpt>
      <trkpt lat="41.512883" lon="2.334856">
        <ele>320.162</ele>
        <time>2025-01-09T10:09:52Z</time>
      </trkpt>
      <trkpt lat="41.512911" lon="2.334800">
        <ele>321.368</ele>
        <time>2025-01-09T10:09:56Z</time>
      </trkpt>
      <trkpt lat="41.512918" lon="2.334763">
        <ele>321.698</ele>
        <time>2025-01-09T10:09:58Z</time>
      </trkpt>
      <trkpt lat="41.512916" lon="2.334726">
        <ele>321.542</ele>
        <time>2025-01-09T10:10:00Z</time>
      </trkpt>
      <trkpt lat="41.512923" lon="2.334647">
        <ele>321.960</ele>
        <time>2025-01-09T10:10:04Z</time>
      </trkpt>
      <trkpt lat="41.512927" lon="2.334609">
        <ele>322.197</ele>
        <time>2025-01-09T10:10:06Z</time>
      </trkpt>
      <trkpt lat="41.512932" lon="2.334542">
        <ele>322.480</ele>
        <time>2025-01-09T10:10:10Z</time>
      </trkpt>
      <trkpt lat="41.512935" lon="2.334504">
        <ele>322.696</ele>
        <time>2025-01-09T10:10:12Z</time>
      </trkpt>
      <trkpt lat="41.512934" lon="2.334433">
        <ele>322.731</ele>
        <time>2025-01-09T10:10:16Z</time>
      </trkpt>
      <trkpt lat="41.512937" lon="2.334390">
        <ele>323.324</ele>
        <time>2025-01-09T10:10:18Z</time>
      </trkpt>
      <trkpt lat="41.512947" lon="2.334341">
        <ele>324.109</ele>
        <time>2025-01-09T10:10:20Z</time>
      </trkpt>
      <trkpt lat="41.512965" lon="2.334281">
        <ele>325.370</ele>
        <time>2025-01-09T10:10:24Z</time>
      </trkpt>
      <trkpt lat="41.512975" lon="2.334245">
        <ele>326.098</ele>
        <time>2025-01-09T10:10:26Z</time>
      </trkpt>
      <trkpt lat="41.512990" lon="2.334211">
        <ele>326.748</ele>
        <time>2025-01-09T10:10:28Z</time>
      </trkpt>
      <trkpt lat="41.513011" lon="2.334177">
        <ele>327.694</ele>
        <time>2025-01-09T10:10:30Z</time>
      </trkpt>
      <trkpt lat="41.513029" lon="2.334143">
        <ele>328.684</ele>
        <time>2025-01-09T10:10:32Z</time>
      </trkpt>
      <trkpt lat="41.513047" lon="2.334103">
        <ele>329.788</ele>
        <time>2025-01-09T10:10:34Z</time>
      </trkpt>
      <trkpt lat="41.513092" lon="2.334064">
        <ele>331.936</ele>
        <time>2025-01-09T10:10:38Z</time>
      </trkpt>
      <trkpt lat="41.513137" lon="2.334019">
        <ele>334.093</ele>
        <time>2025-01-09T10:10:42Z</time>
      </trkpt>
      <trkpt lat="41.513161" lon="2.333996">
        <ele>335.156</ele>
        <time>2025-01-09T10:10:44Z</time>
      </trkpt>
      <trkpt lat="41.513182" lon="2.333973">
        <ele>336.076</ele>
        <time>2025-01-09T10:10:46Z</time>
      </trkpt>
      <trkpt lat="41.513204" lon="2.333950">
        <ele>336.990</ele>
        <time>2025-01-09T10:10:48Z</time>
      </trkpt>
      <trkpt lat="41.513235" lon="2.333900">
        <ele>338.119</ele>
        <time>2025-01-09T10:10:52Z</time>
      </trkpt>
      <trkpt lat="41.513275" lon="2.333855">
        <ele>339.409</ele>
        <time>2025-01-09T10:10:56Z</time>
      </trkpt>
      <trkpt lat="41.513307" lon="2.333802">
        <ele>340.438</ele>
        <time>2025-01-09T10:11:00Z</time>
      </trkpt>
      <trkpt lat="41.513348" lon="2.333774">
        <ele>341.446</ele>
        <time>2025-01-09T10:11:04Z</time>
      </trkpt>
      <trkpt lat="41.513388" lon="2.333763">
        <ele>342.436</ele>
        <time>2025-01-09T10:11:08Z</time>
      </trkpt>
      <trkpt lat="41.513430" lon="2.333748">
        <ele>343.432</ele>
        <time>2025-01-09T10:11:12Z</time>
      </trkpt>
      <trkpt lat="41.513458" lon="2.333737">
        <ele>344.192</ele>
        <time>2025-01-09T10:11:14Z</time>
      </trkpt>
      <trkpt lat="41.513488" lon="2.333749">
        <ele>344.996</ele>
        <time>2025-01-09T10:11:16Z</time>
      </trkpt>
      <trkpt lat="41.513517" lon="2.333759">
        <ele>345.794</ele>
        <time>2025-01-09T10:11:18Z</time>
      </trkpt>
      <trkpt lat="41.513555" lon="2.333723">
        <ele>346.461</ele>
        <time>2025-01-09T10:11:21Z</time>
      </trkpt>
      <trkpt lat="41.513585" lon="2.333668">
        <ele>346.894</ele>
        <time>2025-01-09T10:11:25Z</time>
      </trkpt>
      <trkpt lat="41.513597" lon="2.333634">
        <ele>346.917</ele>
        <time>2025-01-09T10:11:27Z</time>
      </trkpt>
      <trkpt lat="41.513622" lon="2.333558">
        <ele>347.587</ele>
        <time>2025-01-09T10:11:31Z</time>
      </trkpt>
      <trkpt lat="41.513638" lon="2.333510">
        <ele>348.215</ele>
        <time>2025-01-09T10:11:33Z</time>
      </trkpt>
      <trkpt lat="41.513642" lon="2.333468">
        <ele>348.509</ele>
        <time>2025-01-09T10:11:35Z</time>
      </trkpt>
      <trkpt lat="41.513647" lon="2.333424">
        <ele>348.782</ele>
        <time>2025-01-09T10:11:37Z</time>
      </trkpt>
      <trkpt lat="41.513646" lon="2.333358">
        <ele>348.920</ele>
        <time>2025-01-09T10:11:41Z</time>
      </trkpt>
      <trkpt lat="41.513643" lon="2.333318">
        <ele>349.290</ele>
        <time>2025-01-09T10:11:43Z</time>
      </trkpt>
      <trkpt lat="41.513638" lon="2.333282">
        <ele>349.786</ele>
        <time>2025-01-09T10:11:45Z</time>
      </trkpt>
      <trkpt lat="41.513624" lon="2.333215">
        <ele>350.516</ele>
        <time>2025-01-09T10:11:49Z</time>
      </trkpt>
      <trkpt lat="41.513613" lon="2.333178">
        <ele>350.890</ele>
        <time>2025-01-09T10:11:51Z</time>
      </trkpt>
      <trkpt lat="41.513591" lon="2.333145">
        <ele>351.178</ele>
        <time>2025-01-09T10:11:53Z</time>
      </trkpt>
      <trkpt lat="41.513566" lon="2.333117">
        <ele>351.455</ele>
        <time>2025-01-09T10:11:55Z</time>
      </trkpt>
      <trkpt lat="41.513521" lon="2.333087">
        <ele>351.468</ele>
        <time>2025-01-09T10:11:58Z</time>
      </trkpt>
      <trkpt lat="41.513491" lon="2.333073">
        <ele>351.422</ele>
        <time>2025-01-09T10:12:00Z</time>
      </trkpt>
      <trkpt lat="41.513459" lon="2.333075">
        <ele>351.062</ele>
        <time>2025-01-09T10:12:02Z</time>
      </trkpt>
      <trkpt lat="41.513402" lon="2.333087">
        <ele>350.108</ele>
        <time>2025-01-09T10:12:06Z</time>
      </trkpt>
      <trkpt lat="41.513374" lon="2.333099">
        <ele>349.509</ele>
        <time>2025-01-09T10:12:08Z</time>
      </trkpt>
      <trkpt lat="41.513348" lon="2.333115">
        <ele>348.933</ele>
        <time>2025-01-09T10:12:10Z</time>
      </trkpt>
      <trkpt lat="41.513301" lon="2.333133">
        <ele>348.891</ele>
        <time>2025-01-09T10:12:14Z</time>
      </trkpt>
      <trkpt lat="41.513274" lon="2.333138">
        <ele>349.141</ele>
        <time>2025-01-09T10:12:16Z</time>
      </trkpt>
      <trkpt lat="41.513226" lon="2.333144">
        <ele>349.777</ele>
        <time>2025-01-09T10:12:20Z</time>
      </trkpt>
      <trkpt lat="41.513193" lon="2.333141">
        <ele>350.237</ele>
        <time>2025-01-09T10:12:22Z</time>
      </trkpt>
      <trkpt lat="41.513136" lon="2.333139">
        <ele>351.111</ele>
        <time>2025-01-09T10:12:26Z</time>
      </trkpt>
      <trkpt lat="41.513107" lon="2.333132">
        <ele>351.829</ele>
        <time>2025-01-09T10:12:28Z</time>
      </trkpt>
      <trkpt lat="41.513055" lon="2.333135">
        <ele>352.446</ele>
        <time>2025-01-09T10:12:32Z</time>
      </trkpt>
      <trkpt lat="41.513026" lon="2.333133">
        <ele>353.039</ele>
        <time>2025-01-09T10:12:34Z</time>
      </trkpt>
      <trkpt lat="41.512997" lon="2.333140">
        <ele>353.243</ele>
        <time>2025-01-09T10:12:36Z</time>
      </trkpt>
      <trkpt lat="41.512949" lon="2.333140">
        <ele>354.064</ele>
        <time>2025-01-09T10:12:40Z</time>
      </trkpt>
      <trkpt lat="41.512921" lon="2.333133">
        <ele>354.710</ele>
        <time>2025-01-09T10:12:42Z</time>
      </trkpt>
      <trkpt lat="41.512890" lon="2.333124">
        <ele>355.609</ele>
        <time>2025-01-09T10:12:44Z</time>
      </trkpt>
      <trkpt lat="41.512862" lon="2.333110">
        <ele>356.795</ele>
        <time>2025-01-09T10:12:46Z</time>
      </trkpt>
      <trkpt lat="41.512830" lon="2.333092">
        <ele>358.273</ele>
        <time>2025-01-09T10:12:48Z</time>
      </trkpt>
      <trkpt lat="41.512804" lon="2.333076">
        <ele>359.413</ele>
        <time>2025-01-09T10:12:50Z</time>
      </trkpt>
      <trkpt lat="41.512762" lon="2.333046">
        <ele>361.119</ele>
        <time>2025-01-09T10:12:54Z</time>
      </trkpt>
      <trkpt lat="41.512734" lon="2.333033">
        <ele>361.049</ele>
        <time>2025-01-09T10:12:56Z</time>
      </trkpt>
      <trkpt lat="41.512685" lon="2.333004">
        <ele>361.213</ele>
        <time>2025-01-09T10:13:00Z</time>
      </trkpt>
      <trkpt lat="41.512658" lon="2.332987">
        <ele>361.371</ele>
        <time>2025-01-09T10:13:02Z</time>
      </trkpt>
      <trkpt lat="41.512632" lon="2.332972">
        <ele>361.458</ele>
        <time>2025-01-09T10:13:04Z</time>
      </trkpt>
      <trkpt lat="41.512602" lon="2.332955">
        <ele>361.551</ele>
        <time>2025-01-09T10:13:06Z</time>
      </trkpt>
      <trkpt lat="41.512575" lon="2.332940">
        <ele>361.544</ele>
        <time>2025-01-09T10:13:08Z</time>
      </trkpt>
      <trkpt lat="41.512549" lon="2.332923">
        <ele>361.705</ele>
        <time>2025-01-09T10:13:10Z</time>
      </trkpt>
      <trkpt lat="41.512519" lon="2.332906">
        <ele>361.715</ele>
        <time>2025-01-09T10:13:12Z</time>
      </trkpt>
      <trkpt lat="41.512492" lon="2.332893">
        <ele>361.609</ele>
        <time>2025-01-09T10:13:14Z</time>
      </trkpt>
      <trkpt lat="41.512469" lon="2.332870">
        <ele>361.655</ele>
        <time>2025-01-09T10:13:16Z</time>
      </trkpt>
      <trkpt lat="41.512441" lon="2.332846">
        <ele>361.423</ele>
        <time>2025-01-09T10:13:18Z</time>
      </trkpt>
      <trkpt lat="41.512412" lon="2.332826">
        <ele>360.933</ele>
        <time>2025-01-09T10:13:20Z</time>
      </trkpt>
      <trkpt lat="41.512386" lon="2.332805">
        <ele>360.669</ele>
        <time>2025-01-09T10:13:22Z</time>
      </trkpt>
      <trkpt lat="41.512360" lon="2.332785">
        <ele>360.229</ele>
        <time>2025-01-09T10:13:24Z</time>
      </trkpt>
      <trkpt lat="41.512336" lon="2.332766">
        <ele>359.863</ele>
        <time>2025-01-09T10:13:26Z</time>
      </trkpt>
      <trkpt lat="41.512314" lon="2.332737">
        <ele>359.831</ele>
        <time>2025-01-09T10:13:28Z</time>
      </trkpt>
      <trkpt lat="41.512290" lon="2.332716">
        <ele>359.528</ele>
        <time>2025-01-09T10:13:30Z</time>
      </trkpt>
      <trkpt lat="41.512263" lon="2.332698">
        <ele>358.951</ele>
        <time>2025-01-09T10:13:32Z</time>
      </trkpt>
      <trkpt lat="41.512240" lon="2.332663">
        <ele>359.051</ele>
        <time>2025-01-09T10:13:53Z</time>
      </trkpt>
      <trkpt lat="41.512226" lon="2.332626">
        <ele>359.501</ele>
        <time>2025-01-09T10:13:55Z</time>
      </trkpt>
      <trkpt lat="41.512207" lon="2.332587">
        <ele>359.711</ele>
        <time>2025-01-09T10:13:57Z</time>
      </trkpt>
      <trkpt lat="41.512192" lon="2.332549">
        <ele>360.109</ele>
        <time>2025-01-09T10:13:59Z</time>
      </trkpt>
      <trkpt lat="41.512172" lon="2.332516">
        <ele>360.026</ele>
        <time>2025-01-09T10:14:01Z</time>
      </trkpt>
      <trkpt lat="41.512155" lon="2.332485">
        <ele>359.954</ele>
        <time>2025-01-09T10:14:03Z</time>
      </trkpt>
      <trkpt lat="41.512138" lon="2.332457">
        <ele>359.684</ele>
        <time>2025-01-09T10:14:05Z</time>
      </trkpt>
      <trkpt lat="41.512123" lon="2.332424">
        <ele>359.540</ele>
        <time>2025-01-09T10:14:07Z</time>
      </trkpt>
      <trkpt lat="41.512105" lon="2.332390">
        <ele>359.220</ele>
        <time>2025-01-09T10:14:09Z</time>
      </trkpt>
      <trkpt lat="41.512091" lon="2.332352">
        <ele>359.374</ele>
        <time>2025-01-09T10:14:11Z</time>
      </trkpt>
      <trkpt lat="41.512075" lon="2.332315">
        <ele>359.312</ele>
        <time>2025-01-09T10:14:45Z</time>
      </trkpt>
      <trkpt lat="41.512064" lon="2.332273">
        <ele>359.629</ele>
        <time>2025-01-09T10:14:47Z</time>
      </trkpt>
      <trkpt lat="41.512050" lon="2.332237">
        <ele>359.662</ele>
        <time>2025-01-09T10:14:49Z</time>
      </trkpt>
      <trkpt lat="41.512034" lon="2.332206">
        <ele>359.515</ele>
        <time>2025-01-09T10:14:51Z</time>
      </trkpt>
      <trkpt lat="41.512009" lon="2.332181">
        <ele>358.865</ele>
        <time>2025-01-09T10:14:53Z</time>
      </trkpt>
      <trkpt lat="41.511985" lon="2.332154">
        <ele>358.311</ele>
        <time>2025-01-09T10:14:55Z</time>
      </trkpt>
      <trkpt lat="41.511974" lon="2.332113">
        <ele>358.609</ele>
        <time>2025-01-09T10:14:57Z</time>
      </trkpt>
      <trkpt lat="41.511969" lon="2.332045">
        <ele>359.832</ele>
        <time>2025-01-09T10:15:01Z</time>
      </trkpt>
      <trkpt lat="41.511978" lon="2.332009">
        <ele>360.910</ele>
        <time>2025-01-09T10:15:03Z</time>
      </trkpt>
      <trkpt lat="41.511990" lon="2.331968">
        <ele>362.220</ele>
        <time>2025-01-09T10:15:05Z</time>
      </trkpt>
      <trkpt lat="41.512001" lon="2.331926">
        <ele>363.256</ele>
        <time>2025-01-09T10:15:07Z</time>
      </trkpt>
      <trkpt lat="41.512014" lon="2.331891">
        <ele>363.926</ele>
        <time>2025-01-09T10:15:09Z</time>
      </trkpt>
      <trkpt lat="41.512039" lon="2.331831">
        <ele>365.490</ele>
        <time>2025-01-09T10:15:13Z</time>
      </trkpt>
      <trkpt lat="41.512045" lon="2.331769">
        <ele>366.178</ele>
        <time>2025-01-09T10:15:16Z</time>
      </trkpt>
      <trkpt lat="41.512055" lon="2.331729">
        <ele>366.885</ele>
        <time>2025-01-09T10:15:18Z</time>
      </trkpt>
      <trkpt lat="41.512069" lon="2.331693">
        <ele>367.788</ele>
        <time>2025-01-09T10:15:20Z</time>
      </trkpt>
      <trkpt lat="41.512102" lon="2.331645">
        <ele>369.451</ele>
        <time>2025-01-09T10:15:24Z</time>
      </trkpt>
      <trkpt lat="41.512122" lon="2.331614">
        <ele>370.501</ele>
        <time>2025-01-09T10:15:26Z</time>
      </trkpt>
      <trkpt lat="41.512156" lon="2.331565">
        <ele>372.411</ele>
        <time>2025-01-09T10:15:30Z</time>
      </trkpt>
      <trkpt lat="41.512172" lon="2.331532">
        <ele>373.409</ele>
        <time>2025-01-09T10:15:32Z</time>
      </trkpt>
      <trkpt lat="41.512187" lon="2.331501">
        <ele>374.386</ele>
        <time>2025-01-09T10:15:34Z</time>
      </trkpt>
      <trkpt lat="41.512203" lon="2.331466">
        <ele>375.494</ele>
        <time>2025-01-09T10:15:36Z</time>
      </trkpt>
      <trkpt lat="41.512216" lon="2.331429">
        <ele>376.344</ele>
        <time>2025-01-09T10:15:38Z</time>
      </trkpt>
      <trkpt lat="41.512228" lon="2.331392">
        <ele>377.260</ele>
        <time>2025-01-09T10:15:40Z</time>
      </trkpt>
      <trkpt lat="41.512237" lon="2.331358">
        <ele>377.920</ele>
        <time>2025-01-09T10:15:42Z</time>
      </trkpt>
      <trkpt lat="41.512241" lon="2.331322">
        <ele>378.534</ele>
        <time>2025-01-09T10:15:44Z</time>
      </trkpt>
      <trkpt lat="41.512244" lon="2.331280">
        <ele>379.062</ele>
        <time>2025-01-09T10:15:46Z</time>
      </trkpt>
      <trkpt lat="41.512261" lon="2.331221">
        <ele>380.389</ele>
        <time>2025-01-09T10:15:49Z</time>
      </trkpt>
      <trkpt lat="41.512256" lon="2.331180">
        <ele>380.672</ele>
        <time>2025-01-09T10:15:51Z</time>
      </trkpt>
      <trkpt lat="41.512253" lon="2.331114">
        <ele>381.281</ele>
        <time>2025-01-09T10:15:55Z</time>
      </trkpt>
      <trkpt lat="41.512249" lon="2.331072">
        <ele>381.461</ele>
        <time>2025-01-09T10:15:57Z</time>
      </trkpt>
      <trkpt lat="41.512243" lon="2.331028">
        <ele>381.417</ele>
        <time>2025-01-09T10:15:59Z</time>
      </trkpt>
      <trkpt lat="41.512231" lon="2.330964">
        <ele>381.409</ele>
        <time>2025-01-09T10:16:03Z</time>
      </trkpt>
      <trkpt lat="41.512233" lon="2.330922">
        <ele>381.869</ele>
        <time>2025-01-09T10:16:05Z</time>
      </trkpt>
      <trkpt lat="41.512230" lon="2.330850">
        <ele>382.277</ele>
        <time>2025-01-09T10:16:09Z</time>
      </trkpt>
      <trkpt lat="41.512234" lon="2.330810">
        <ele>382.777</ele>
        <time>2025-01-09T10:16:11Z</time>
      </trkpt>
      <trkpt lat="41.512242" lon="2.330751">
        <ele>383.453</ele>
        <time>2025-01-09T10:16:15Z</time>
      </trkpt>
      <trkpt lat="41.512254" lon="2.330689">
        <ele>384.413</ele>
        <time>2025-01-09T10:16:19Z</time>
      </trkpt>
      <trkpt lat="41.512256" lon="2.330649">
        <ele>384.847</ele>
        <time>2025-01-09T10:16:21Z</time>
      </trkpt>
      <trkpt lat="41.512262" lon="2.330602">
        <ele>385.435</ele>
        <time>2025-01-09T10:16:23Z</time>
      </trkpt>
      <trkpt lat="41.512263" lon="2.330558">
        <ele>385.762</ele>
        <time>2025-01-09T10:16:25Z</time>
      </trkpt>
      <trkpt lat="41.512256" lon="2.330487">
        <ele>385.965</ele>
        <time>2025-01-09T10:16:29Z</time>
      </trkpt>
      <trkpt lat="41.512254" lon="2.330413">
        <ele>386.316</ele>
        <time>2025-01-09T10:16:33Z</time>
      </trkpt>
      <trkpt lat="41.512254" lon="2.330375">
        <ele>386.676</ele>
        <time>2025-01-09T10:16:35Z</time>
      </trkpt>
      <trkpt lat="41.512248" lon="2.330336">
        <ele>386.613</ele>
        <time>2025-01-09T10:16:38Z</time>
      </trkpt>
      <trkpt lat="41.512249" lon="2.330300">
        <ele>386.909</ele>
        <time>2025-01-09T10:16:40Z</time>
      </trkpt>
      <trkpt lat="41.512255" lon="2.330223">
        <ele>387.912</ele>
        <time>2025-01-09T10:16:44Z</time>
      </trkpt>
      <trkpt lat="41.512263" lon="2.330187">
        <ele>388.660</ele>
        <time>2025-01-09T10:16:46Z</time>
      </trkpt>
      <trkpt lat="41.512272" lon="2.330148">
        <ele>389.520</ele>
        <time>2025-01-09T10:16:48Z</time>
      </trkpt>
      <trkpt lat="41.512287" lon="2.330113">
        <ele>390.596</ele>
        <time>2025-01-09T10:16:50Z</time>
      </trkpt>
      <trkpt lat="41.512307" lon="2.330075">
        <ele>391.896</ele>
        <time>2025-01-09T10:16:52Z</time>
      </trkpt>
      <trkpt lat="41.512322" lon="2.330043">
        <ele>392.860</ele>
        <time>2025-01-09T10:16:54Z</time>
      </trkpt>
      <trkpt lat="41.512338" lon="2.330009">
        <ele>393.978</ele>
        <time>2025-01-09T10:16:56Z</time>
      </trkpt>
      <trkpt lat="41.512342" lon="2.329967">
        <ele>394.675</ele>
        <time>2025-01-09T10:16:58Z</time>
      </trkpt>
      <trkpt lat="41.512342" lon="2.329922">
        <ele>395.278</ele>
        <time>2025-01-09T10:17:00Z</time>
      </trkpt>
      <trkpt lat="41.512343" lon="2.329884">
        <ele>395.792</ele>
        <time>2025-01-09T10:17:02Z</time>
      </trkpt>
      <trkpt lat="41.512348" lon="2.329845">
        <ele>396.473</ele>
        <time>2025-01-09T10:17:04Z</time>
      </trkpt>
      <trkpt lat="41.512348" lon="2.329774">
        <ele>397.320</ele>
        <time>2025-01-09T10:17:08Z</time>
      </trkpt>
      <trkpt lat="41.512350" lon="2.329734">
        <ele>397.909</ele>
        <time>2025-01-09T10:17:10Z</time>
      </trkpt>
      <trkpt lat="41.512347" lon="2.329663">
        <ele>398.750</ele>
        <time>2025-01-09T10:17:14Z</time>
      </trkpt>
      <trkpt lat="41.512339" lon="2.329627">
        <ele>398.988</ele>
        <time>2025-01-09T10:17:16Z</time>
      </trkpt>
      <trkpt lat="41.512332" lon="2.329590">
        <ele>399.188</ele>
        <time>2025-01-09T10:17:18Z</time>
      </trkpt>
      <trkpt lat="41.512327" lon="2.329551">
        <ele>399.424</ele>
        <time>2025-01-09T10:17:20Z</time>
      </trkpt>
      <trkpt lat="41.512320" lon="2.329516">
        <ele>399.694</ele>
        <time>2025-01-09T10:17:22Z</time>
      </trkpt>
      <trkpt lat="41.512319" lon="2.329480">
        <ele>400.058</ele>
        <time>2025-01-09T10:17:24Z</time>
      </trkpt>
      <trkpt lat="41.512335" lon="2.329416">
        <ele>401.466</ele>
        <time>2025-01-09T10:17:28Z</time>
      </trkpt>
      <trkpt lat="41.512341" lon="2.329379">
        <ele>402.083</ele>
        <time>2025-01-09T10:17:30Z</time>
      </trkpt>
      <trkpt lat="41.512349" lon="2.329336">
        <ele>402.836</ele>
        <time>2025-01-09T10:17:32Z</time>
      </trkpt>
      <trkpt lat="41.512358" lon="2.329297">
        <ele>403.557</ele>
        <time>2025-01-09T10:17:34Z</time>
      </trkpt>
      <trkpt lat="41.512367" lon="2.329260">
        <ele>404.200</ele>
        <time>2025-01-09T10:17:36Z</time>
      </trkpt>
      <trkpt lat="41.512374" lon="2.329217">
        <ele>404.820</ele>
        <time>2025-01-09T10:17:38Z</time>
      </trkpt>
      <trkpt lat="41.512357" lon="2.329124">
        <ele>405.609</ele>
        <time>2025-01-09T10:18:01Z</time>
      </trkpt>
      <trkpt lat="41.512339" lon="2.329097">
        <ele>405.596</ele>
        <time>2025-01-09T10:18:03Z</time>
      </trkpt>
      <trkpt lat="41.512321" lon="2.329068">
        <ele>405.514</ele>
        <time>2025-01-09T10:18:05Z</time>
      </trkpt>
      <trkpt lat="41.512282" lon="2.329017">
        <ele>405.364</ele>
        <time>2025-01-09T10:18:09Z</time>
      </trkpt>
      <trkpt lat="41.512252" lon="2.328963">
        <ele>405.430</ele>
        <time>2025-01-09T10:18:13Z</time>
      </trkpt>
      <trkpt lat="41.512228" lon="2.328915">
        <ele>405.720</ele>
        <time>2025-01-09T10:18:19Z</time>
      </trkpt>
      <trkpt lat="41.512201" lon="2.328860">
        <ele>406.624</ele>
        <time>2025-01-09T10:18:23Z</time>
      </trkpt>
      <trkpt lat="41.512155" lon="2.328815">
        <ele>407.692</ele>
        <time>2025-01-09T10:18:27Z</time>
      </trkpt>
      <trkpt lat="41.512127" lon="2.328801">
        <ele>407.959</ele>
        <time>2025-01-09T10:18:29Z</time>
      </trkpt>
      <trkpt lat="41.512095" lon="2.328792">
        <ele>408.282</ele>
        <time>2025-01-09T10:18:31Z</time>
      </trkpt>
      <trkpt lat="41.512041" lon="2.328813">
        <ele>408.089</ele>
        <time>2025-01-09T10:18:35Z</time>
      </trkpt>
      <trkpt lat="41.512015" lon="2.328826">
        <ele>407.906</ele>
        <time>2025-01-09T10:18:37Z</time>
      </trkpt>
      <trkpt lat="41.511989" lon="2.328845">
        <ele>407.626</ele>
        <time>2025-01-09T10:18:39Z</time>
      </trkpt>
      <trkpt lat="41.511960" lon="2.328852">
        <ele>407.609</ele>
        <time>2025-01-09T10:18:41Z</time>
      </trkpt>
      <trkpt lat="41.511904" lon="2.328855">
        <ele>408.639</ele>
        <time>2025-01-09T10:18:45Z</time>
      </trkpt>
      <trkpt lat="41.511858" lon="2.328872">
        <ele>409.427</ele>
        <time>2025-01-09T10:18:49Z</time>
      </trkpt>
      <trkpt lat="41.511799" lon="2.328877">
        <ele>410.847</ele>
        <time>2025-01-09T10:18:53Z</time>
      </trkpt>
      <trkpt lat="41.511769" lon="2.328892">
        <ele>411.373</ele>
        <time>2025-01-09T10:18:55Z</time>
      </trkpt>
      <trkpt lat="41.511743" lon="2.328904">
        <ele>411.733</ele>
        <time>2025-01-09T10:18:57Z</time>
      </trkpt>
      <trkpt lat="41.511714" lon="2.328921">
        <ele>412.077</ele>
        <time>2025-01-09T10:18:59Z</time>
      </trkpt>
      <trkpt lat="41.511675" lon="2.328941">
        <ele>412.555</ele>
        <time>2025-01-09T10:19:02Z</time>
      </trkpt>
      <trkpt lat="41.511635" lon="2.328980">
        <ele>412.382</ele>
        <time>2025-01-09T10:19:06Z</time>
      </trkpt>
      <trkpt lat="41.511607" lon="2.328992">
        <ele>412.685</ele>
        <time>2025-01-09T10:19:08Z</time>
      </trkpt>
      <trkpt lat="41.511579" lon="2.329003">
        <ele>413.053</ele>
        <time>2025-01-09T10:19:10Z</time>
      </trkpt>
      <trkpt lat="41.511548" lon="2.328994">
        <ele>413.804</ele>
        <time>2025-01-09T10:19:12Z</time>
      </trkpt>
      <trkpt lat="41.511520" lon="2.328981">
        <ele>414.714</ele>
        <time>2025-01-09T10:19:14Z</time>
      </trkpt>
      <trkpt lat="41.511490" lon="2.328923">
        <ele>416.509</ele>
        <time>2025-01-09T10:19:18Z</time>
      </trkpt>
      <trkpt lat="41.511482" lon="2.328886">
        <ele>417.436</ele>
        <time>2025-01-09T10:19:20Z</time>
      </trkpt>
      <trkpt lat="41.511489" lon="2.328826">
        <ele>418.024</ele>
        <time>2025-01-09T10:19:24Z</time>
      </trkpt>
      <trkpt lat="41.511490" lon="2.328786">
        <ele>418.534</ele>
        <time>2025-01-09T10:19:26Z</time>
      </trkpt>
      <trkpt lat="41.511488" lon="2.328748">
        <ele>419.120</ele>
        <time>2025-01-09T10:19:28Z</time>
      </trkpt>
      <trkpt lat="41.511484" lon="2.328673">
        <ele>420.180</ele>
        <time>2025-01-09T10:19:32Z</time>
      </trkpt>
      <trkpt lat="41.511478" lon="2.328614">
        <ele>421.034</ele>
        <time>2025-01-09T10:19:36Z</time>
      </trkpt>
      <trkpt lat="41.511476" lon="2.328551">
        <ele>421.622</ele>
        <time>2025-01-09T10:19:40Z</time>
      </trkpt>
      <trkpt lat="41.511477" lon="2.328489">
        <ele>422.169</ele>
        <time>2025-01-09T10:19:44Z</time>
      </trkpt>
      <trkpt lat="41.511470" lon="2.328420">
        <ele>422.832</ele>
        <time>2025-01-09T10:19:48Z</time>
      </trkpt>
      <trkpt lat="41.511446" lon="2.328370">
        <ele>423.752</ele>
        <time>2025-01-09T10:19:52Z</time>
      </trkpt>
      <trkpt lat="41.511406" lon="2.328361">
        <ele>424.553</ele>
        <time>2025-01-09T10:19:57Z</time>
      </trkpt>
      <trkpt lat="41.511368" lon="2.328404">
        <ele>424.908</ele>
        <time>2025-01-09T10:20:01Z</time>
      </trkpt>
      <trkpt lat="41.511350" lon="2.328431">
        <ele>425.009</ele>
        <time>2025-01-09T10:20:03Z</time>
      </trkpt>
      <trkpt lat="41.511336" lon="2.328464">
        <ele>425.176</ele>
        <time>2025-01-09T10:20:05Z</time>
      </trkpt>
      <trkpt lat="41.511304" lon="2.328524">
        <ele>425.434</ele>
        <time>2025-01-09T10:20:09Z</time>
      </trkpt>
      <trkpt lat="41.511281" lon="2.328550">
        <ele>425.714</ele>
        <time>2025-01-09T10:20:11Z</time>
      </trkpt>
      <trkpt lat="41.511250" lon="2.328542">
        <ele>426.470</ele>
        <time>2025-01-09T10:20:13Z</time>
      </trkpt>
      <trkpt lat="41.511213" lon="2.328497">
        <ele>427.430</ele>
        <time>2025-01-09T10:20:17Z</time>
      </trkpt>
      <trkpt lat="41.511203" lon="2.328460">
        <ele>427.744</ele>
        <time>2025-01-09T10:20:19Z</time>
      </trkpt>
      <trkpt lat="41.511201" lon="2.328421">
        <ele>428.022</ele>
        <time>2025-01-09T10:20:21Z</time>
      </trkpt>
      <trkpt lat="41.511208" lon="2.328366">
        <ele>428.189</ele>
        <time>2025-01-09T10:20:25Z</time>
      </trkpt>
      <trkpt lat="41.511214" lon="2.328330">
        <ele>428.112</ele>
        <time>2025-01-09T10:20:27Z</time>
      </trkpt>
      <trkpt lat="41.511205" lon="2.328294">
        <ele>428.121</ele>
        <time>2025-01-09T10:20:29Z</time>
      </trkpt>
      <trkpt lat="41.511189" lon="2.328218">
        <ele>428.041</ele>
        <time>2025-01-09T10:20:34Z</time>
      </trkpt>
      <trkpt lat="41.511177" lon="2.328152">
        <ele>427.805</ele>
        <time>2025-01-09T10:20:38Z</time>
      </trkpt>
      <trkpt lat="41.511166" lon="2.328109">
        <ele>427.709</ele>
        <time>2025-01-09T10:20:40Z</time>
      </trkpt>
      <trkpt lat="41.511156" lon="2.328047">
        <ele>427.433</ele>
        <time>2025-01-09T10:20:44Z</time>
      </trkpt>
      <trkpt lat="41.511164" lon="2.327973">
        <ele>426.481</ele>
        <time>2025-01-09T10:20:52Z</time>
      </trkpt>
      <trkpt lat="41.511180" lon="2.327915">
        <ele>425.561</ele>
        <time>2025-01-09T10:20:55Z</time>
      </trkpt>
      <trkpt lat="41.511200" lon="2.327887">
        <ele>425.047</ele>
        <time>2025-01-09T10:20:57Z</time>
      </trkpt>
      <trkpt lat="41.511222" lon="2.327861">
        <ele>424.637</ele>
        <time>2025-01-09T10:20:59Z</time>
      </trkpt>
      <trkpt lat="41.511244" lon="2.327833">
        <ele>424.151</ele>
        <time>2025-01-09T10:21:01Z</time>
      </trkpt>
      <trkpt lat="41.511270" lon="2.327814">
        <ele>423.889</ele>
        <time>2025-01-09T10:21:03Z</time>
      </trkpt>
      <trkpt lat="41.511299" lon="2.327798">
        <ele>423.546</ele>
        <time>2025-01-09T10:21:05Z</time>
      </trkpt>
      <trkpt lat="41.511324" lon="2.327781">
        <ele>423.379</ele>
        <time>2025-01-09T10:21:07Z</time>
      </trkpt>
      <trkpt lat="41.511351" lon="2.327771">
        <ele>423.185</ele>
        <time>2025-01-09T10:21:09Z</time>
      </trkpt>
      <trkpt lat="41.511398" lon="2.327741">
        <ele>422.789</ele>
        <time>2025-01-09T10:21:17Z</time>
      </trkpt>
      <trkpt lat="41.511428" lon="2.327711">
        <ele>422.417</ele>
        <time>2025-01-09T10:21:19Z</time>
      </trkpt>
      <trkpt lat="41.511449" lon="2.327685">
        <ele>422.309</ele>
        <time>2025-01-09T10:21:21Z</time>
      </trkpt>
      <trkpt lat="41.511497" lon="2.327634">
        <ele>422.049</ele>
        <time>2025-01-09T10:21:25Z</time>
      </trkpt>
      <trkpt lat="41.511542" lon="2.327600">
        <ele>421.967</ele>
        <time>2025-01-09T10:21:29Z</time>
      </trkpt>
      <trkpt lat="41.511571" lon="2.327578">
        <ele>421.867</ele>
        <time>2025-01-09T10:21:31Z</time>
      </trkpt>
      <trkpt lat="41.511598" lon="2.327555">
        <ele>421.983</ele>
        <time>2025-01-09T10:21:33Z</time>
      </trkpt>
      <trkpt lat="41.511623" lon="2.327542">
        <ele>421.973</ele>
        <time>2025-01-09T10:21:35Z</time>
      </trkpt>
      <trkpt lat="41.511660" lon="2.327506">
        <ele>422.057</ele>
        <time>2025-01-09T10:21:38Z</time>
      </trkpt>
      <trkpt lat="41.511684" lon="2.327483">
        <ele>422.135</ele>
        <time>2025-01-09T10:21:40Z</time>
      </trkpt>
      <trkpt lat="41.511707" lon="2.327459">
        <ele>422.392</ele>
        <time>2025-01-09T10:21:42Z</time>
      </trkpt>
      <trkpt lat="41.511728" lon="2.327433">
        <ele>422.685</ele>
        <time>2025-01-09T10:21:44Z</time>
      </trkpt>
      <trkpt lat="41.511757" lon="2.327408">
        <ele>422.942</ele>
        <time>2025-01-09T10:21:46Z</time>
      </trkpt>
      <trkpt lat="41.511783" lon="2.327383">
        <ele>423.222</ele>
        <time>2025-01-09T10:21:48Z</time>
      </trkpt>
      <trkpt lat="41.511805" lon="2.327357">
        <ele>423.514</ele>
        <time>2025-01-09T10:21:50Z</time>
      </trkpt>
      <trkpt lat="41.511828" lon="2.327328">
        <ele>423.909</ele>
        <time>2025-01-09T10:21:52Z</time>
      </trkpt>
      <trkpt lat="41.511853" lon="2.327298">
        <ele>424.455</ele>
        <time>2025-01-09T10:21:54Z</time>
      </trkpt>
      <trkpt lat="41.511877" lon="2.327271">
        <ele>424.833</ele>
        <time>2025-01-09T10:21:56Z</time>
      </trkpt>
      <trkpt lat="41.511893" lon="2.327240">
        <ele>425.343</ele>
        <time>2025-01-09T10:21:58Z</time>
      </trkpt>
      <trkpt lat="41.511931" lon="2.327190">
        <ele>426.259</ele>
        <time>2025-01-09T10:22:02Z</time>
      </trkpt>
      <trkpt lat="41.511953" lon="2.327161">
        <ele>426.889</ele>
        <time>2025-01-09T10:22:04Z</time>
      </trkpt>
      <trkpt lat="41.511970" lon="2.327126">
        <ele>427.393</ele>
        <time>2025-01-09T10:22:06Z</time>
      </trkpt>
      <trkpt lat="41.512006" lon="2.327067">
        <ele>428.561</ele>
        <time>2025-01-09T10:22:10Z</time>
      </trkpt>
      <trkpt lat="41.512030" lon="2.327037">
        <ele>429.138</ele>
        <time>2025-01-09T10:22:12Z</time>
      </trkpt>
      <trkpt lat="41.512053" lon="2.327013">
        <ele>429.721</ele>
        <time>2025-01-09T10:22:14Z</time>
      </trkpt>
      <trkpt lat="41.512078" lon="2.326984">
        <ele>430.436</ele>
        <time>2025-01-09T10:22:16Z</time>
      </trkpt>
      <trkpt lat="41.512099" lon="2.326959">
        <ele>431.017</ele>
        <time>2025-01-09T10:22:18Z</time>
      </trkpt>
      <trkpt lat="41.512134" lon="2.326930">
        <ele>431.918</ele>
        <time>2025-01-09T10:22:21Z</time>
      </trkpt>
      <trkpt lat="41.512158" lon="2.326912">
        <ele>432.409</ele>
        <time>2025-01-09T10:22:23Z</time>
      </trkpt>
      <trkpt lat="41.512183" lon="2.326889">
        <ele>433.084</ele>
        <time>2025-01-09T10:22:25Z</time>
      </trkpt>
      <trkpt lat="41.512212" lon="2.326865">
        <ele>433.782</ele>
        <time>2025-01-09T10:22:27Z</time>
      </trkpt>
      <trkpt lat="41.512239" lon="2.326843">
        <ele>434.212</ele>
        <time>2025-01-09T10:22:29Z</time>
      </trkpt>
      <trkpt lat="41.512262" lon="2.326819">
        <ele>434.658</ele>
        <time>2025-01-09T10:22:31Z</time>
      </trkpt>
      <trkpt lat="41.512288" lon="2.326799">
        <ele>434.918</ele>
        <time>2025-01-09T10:22:33Z</time>
      </trkpt>
      <trkpt lat="41.512316" lon="2.326781">
        <ele>435.252</ele>
        <time>2025-01-09T10:22:35Z</time>
      </trkpt>
      <trkpt lat="41.512346" lon="2.326780">
        <ele>435.420</ele>
        <time>2025-01-09T10:22:37Z</time>
      </trkpt>
      <trkpt lat="41.512374" lon="2.326782">
        <ele>435.587</ele>
        <time>2025-01-09T10:22:39Z</time>
      </trkpt>
      <trkpt lat="41.512402" lon="2.326788">
        <ele>435.650</ele>
        <time>2025-01-09T10:22:41Z</time>
      </trkpt>
      <trkpt lat="41.512434" lon="2.326797">
        <ele>435.797</ele>
        <time>2025-01-09T10:22:43Z</time>
      </trkpt>
      <trkpt lat="41.512463" lon="2.326808">
        <ele>435.823</ele>
        <time>2025-01-09T10:22:45Z</time>
      </trkpt>
      <trkpt lat="41.512497" lon="2.326820">
        <ele>435.925</ele>
        <time>2025-01-09T10:22:47Z</time>
      </trkpt>
      <trkpt lat="41.512547" lon="2.326832">
        <ele>436.109</ele>
        <time>2025-01-09T10:22:51Z</time>
      </trkpt>
      <trkpt lat="41.512600" lon="2.326841">
        <ele>436.540</ele>
        <time>2025-01-09T10:22:55Z</time>
      </trkpt>
      <trkpt lat="41.512626" lon="2.326859">
        <ele>436.538</ele>
        <time>2025-01-09T10:22:58Z</time>
      </trkpt>
      <trkpt lat="41.512655" lon="2.326880">
        <ele>436.638</ele>
        <time>2025-01-09T10:23:00Z</time>
      </trkpt>
      <trkpt lat="41.512709" lon="2.326917">
        <ele>436.784</ele>
        <time>2025-01-09T10:23:04Z</time>
      </trkpt>
      <trkpt lat="41.512737" lon="2.326931">
        <ele>436.884</ele>
        <time>2025-01-09T10:23:06Z</time>
      </trkpt>
      <trkpt lat="41.512769" lon="2.326933">
        <ele>437.098</ele>
        <time>2025-01-09T10:23:08Z</time>
      </trkpt>
      <trkpt lat="41.512799" lon="2.326937">
        <ele>437.426</ele>
        <time>2025-01-09T10:23:10Z</time>
      </trkpt>
      <trkpt lat="41.512845" lon="2.326929">
        <ele>438.163</ele>
        <time>2025-01-09T10:23:13Z</time>
      </trkpt>
      <trkpt lat="41.512873" lon="2.326920">
        <ele>438.596</ele>
        <time>2025-01-09T10:23:15Z</time>
      </trkpt>
      <trkpt lat="41.512900" lon="2.326913">
        <ele>439.097</ele>
        <time>2025-01-09T10:23:17Z</time>
      </trkpt>
      <trkpt lat="41.512926" lon="2.326902">
        <ele>439.423</ele>
        <time>2025-01-09T10:23:19Z</time>
      </trkpt>
      <trkpt lat="41.512973" lon="2.326878">
        <ele>440.325</ele>
        <time>2025-01-09T10:23:22Z</time>
      </trkpt>
      <trkpt lat="41.513003" lon="2.326865">
        <ele>440.809</ele>
        <time>2025-01-09T10:23:24Z</time>
      </trkpt>
      <trkpt lat="41.513034" lon="2.326851">
        <ele>441.480</ele>
        <time>2025-01-09T10:23:26Z</time>
      </trkpt>
      <trkpt lat="41.513058" lon="2.326831">
        <ele>441.828</ele>
        <time>2025-01-09T10:23:28Z</time>
      </trkpt>
      <trkpt lat="41.513086" lon="2.326811">
        <ele>442.358</ele>
        <time>2025-01-09T10:23:30Z</time>
      </trkpt>
      <trkpt lat="41.513112" lon="2.326785">
        <ele>442.814</ele>
        <time>2025-01-09T10:23:32Z</time>
      </trkpt>
      <trkpt lat="41.513143" lon="2.326735">
        <ele>443.564</ele>
        <time>2025-01-09T10:23:36Z</time>
      </trkpt>
      <trkpt lat="41.513161" lon="2.326708">
        <ele>443.918</ele>
        <time>2025-01-09T10:23:38Z</time>
      </trkpt>
      <trkpt lat="41.513180" lon="2.326678">
        <ele>444.366</ele>
        <time>2025-01-09T10:23:40Z</time>
      </trkpt>
      <trkpt lat="41.513202" lon="2.326615">
        <ele>444.653</ele>
        <time>2025-01-09T10:23:44Z</time>
      </trkpt>
      <trkpt lat="41.513227" lon="2.326560">
        <ele>444.926</ele>
        <time>2025-01-09T10:23:48Z</time>
      </trkpt>
      <trkpt lat="41.513251" lon="2.326502">
        <ele>445.179</ele>
        <time>2025-01-09T10:23:52Z</time>
      </trkpt>
      <trkpt lat="41.513268" lon="2.326466">
        <ele>445.305</ele>
        <time>2025-01-09T10:23:54Z</time>
      </trkpt>
      <trkpt lat="41.513287" lon="2.326399">
        <ele>445.525</ele>
        <time>2025-01-09T10:23:58Z</time>
      </trkpt>
      <trkpt lat="41.513311" lon="2.326378">
        <ele>445.709</ele>
        <time>2025-01-09T10:24:00Z</time>
      </trkpt>
      <trkpt lat="41.513357" lon="2.326375">
        <ele>446.348</ele>
        <time>2025-01-09T10:24:04Z</time>
      </trkpt>
      <trkpt lat="41.513384" lon="2.326397">
        <ele>446.746</ele>
        <time>2025-01-09T10:24:06Z</time>
      </trkpt>
      <trkpt lat="41.513435" lon="2.326436">
        <ele>447.596</ele>
        <time>2025-01-09T10:24:13Z</time>
      </trkpt>
      <trkpt lat="41.513465" lon="2.326452">
        <ele>447.932</ele>
        <time>2025-01-09T10:24:15Z</time>
      </trkpt>
      <trkpt lat="41.513496" lon="2.326454">
        <ele>448.372</ele>
        <time>2025-01-09T10:24:17Z</time>
      </trkpt>
      <trkpt lat="41.513543" lon="2.326442">
        <ele>449.076</ele>
        <time>2025-01-09T10:24:20Z</time>
      </trkpt>
      <trkpt lat="41.513569" lon="2.326433">
        <ele>449.494</ele>
        <time>2025-01-09T10:24:22Z</time>
      </trkpt>
      <trkpt lat="41.513598" lon="2.326423">
        <ele>449.891</ele>
        <time>2025-01-09T10:24:24Z</time>
      </trkpt>
      <trkpt lat="41.513623" lon="2.326405">
        <ele>450.264</ele>
        <time>2025-01-09T10:24:26Z</time>
      </trkpt>
      <trkpt lat="41.513643" lon="2.326377">
        <ele>450.493</ele>
        <time>2025-01-09T10:24:28Z</time>
      </trkpt>
      <trkpt lat="41.513657" lon="2.326346">
        <ele>450.565</ele>
        <time>2025-01-09T10:24:30Z</time>
      </trkpt>
      <trkpt lat="41.513671" lon="2.326312">
        <ele>450.621</ele>
        <time>2025-01-09T10:24:32Z</time>
      </trkpt>
      <trkpt lat="41.513687" lon="2.326245">
        <ele>450.709</ele>
        <time>2025-01-09T10:24:36Z</time>
      </trkpt>
      <trkpt lat="41.513692" lon="2.326205">
        <ele>450.740</ele>
        <time>2025-01-09T10:24:38Z</time>
      </trkpt>
      <trkpt lat="41.513700" lon="2.326169">
        <ele>450.788</ele>
        <time>2025-01-09T10:24:40Z</time>
      </trkpt>
      <trkpt lat="41.513707" lon="2.326133">
        <ele>450.858</ele>
        <time>2025-01-09T10:24:42Z</time>
      </trkpt>
      <trkpt lat="41.513722" lon="2.326098">
        <ele>451.174</ele>
        <time>2025-01-09T10:24:44Z</time>
      </trkpt>
      <trkpt lat="41.513741" lon="2.326062">
        <ele>451.664</ele>
        <time>2025-01-09T10:24:46Z</time>
      </trkpt>
      <trkpt lat="41.513776" lon="2.326009">
        <ele>452.638</ele>
        <time>2025-01-09T10:24:50Z</time>
      </trkpt>
      <trkpt lat="41.513814" lon="2.325967">
        <ele>453.686</ele>
        <time>2025-01-09T10:24:54Z</time>
      </trkpt>
      <trkpt lat="41.513859" lon="2.325937">
        <ele>454.693</ele>
        <time>2025-01-09T10:24:58Z</time>
      </trkpt>
      <trkpt lat="41.513882" lon="2.325917">
        <ele>455.386</ele>
        <time>2025-01-09T10:25:00Z</time>
      </trkpt>
      <trkpt lat="41.513917" lon="2.325874">
        <ele>456.576</ele>
        <time>2025-01-09T10:25:04Z</time>
      </trkpt>
      <trkpt lat="41.513955" lon="2.325834">
        <ele>457.990</ele>
        <time>2025-01-09T10:25:08Z</time>
      </trkpt>
      <trkpt lat="41.513990" lon="2.325787">
        <ele>459.019</ele>
        <time>2025-01-09T10:25:12Z</time>
      </trkpt>
      <trkpt lat="41.514030" lon="2.325751">
        <ele>460.209</ele>
        <time>2025-01-09T10:25:16Z</time>
      </trkpt>
      <trkpt lat="41.514067" lon="2.325711">
        <ele>461.418</ele>
        <time>2025-01-09T10:25:20Z</time>
      </trkpt>
      <trkpt lat="41.514107" lon="2.325670">
        <ele>462.776</ele>
        <time>2025-01-09T10:25:24Z</time>
      </trkpt>
      <trkpt lat="41.514146" lon="2.325639">
        <ele>464.156</ele>
        <time>2025-01-09T10:25:28Z</time>
      </trkpt>
      <trkpt lat="41.514186" lon="2.325603">
        <ele>465.352</ele>
        <time>2025-01-09T10:25:32Z</time>
      </trkpt>
      <trkpt lat="41.514230" lon="2.325569">
        <ele>466.452</ele>
        <time>2025-01-09T10:25:36Z</time>
      </trkpt>
      <trkpt lat="41.514270" lon="2.325535">
        <ele>467.146</ele>
        <time>2025-01-09T10:25:40Z</time>
      </trkpt>
      <trkpt lat="41.514310" lon="2.325509">
        <ele>467.824</ele>
        <time>2025-01-09T10:25:44Z</time>
      </trkpt>
      <trkpt lat="41.514342" lon="2.325472">
        <ele>468.291</ele>
        <time>2025-01-09T10:25:49Z</time>
      </trkpt>
      <trkpt lat="41.514368" lon="2.325416">
        <ele>468.324</ele>
        <time>2025-01-09T10:25:54Z</time>
      </trkpt>
      <trkpt lat="41.514409" lon="2.325388">
        <ele>469.061</ele>
        <time>2025-01-09T10:25:58Z</time>
      </trkpt>
      <trkpt lat="41.514437" lon="2.325373">
        <ele>469.521</ele>
        <time>2025-01-09T10:26:00Z</time>
      </trkpt>
      <trkpt lat="41.514487" lon="2.325351">
        <ele>469.613</ele>
        <time>2025-01-09T10:26:04Z</time>
      </trkpt>
      <trkpt lat="41.514540" lon="2.325337">
        <ele>469.609</ele>
        <time>2025-01-09T10:26:08Z</time>
      </trkpt>
      <trkpt lat="41.514568" lon="2.325329">
        <ele>469.517</ele>
        <time>2025-01-09T10:26:10Z</time>
      </trkpt>
      <trkpt lat="41.514594" lon="2.325314">
        <ele>469.435</ele>
        <time>2025-01-09T10:26:12Z</time>
      </trkpt>
      <trkpt lat="41.514648" lon="2.325312">
        <ele>469.425</ele>
        <time>2025-01-09T10:26:16Z</time>
      </trkpt>
      <trkpt lat="41.514682" lon="2.325328">
        <ele>469.791</ele>
        <time>2025-01-09T10:26:18Z</time>
      </trkpt>
      <trkpt lat="41.514709" lon="2.325332">
        <ele>469.841</ele>
        <time>2025-01-09T10:26:20Z</time>
      </trkpt>
      <trkpt lat="41.514737" lon="2.325341">
        <ele>469.955</ele>
        <time>2025-01-09T10:26:22Z</time>
      </trkpt>
      <trkpt lat="41.514763" lon="2.325359">
        <ele>470.013</ele>
        <time>2025-01-09T10:26:24Z</time>
      </trkpt>
      <trkpt lat="41.514791" lon="2.325383">
        <ele>470.310</ele>
        <time>2025-01-09T10:26:26Z</time>
      </trkpt>
      <trkpt lat="41.514815" lon="2.325405">
        <ele>470.563</ele>
        <time>2025-01-09T10:26:28Z</time>
      </trkpt>
      <trkpt lat="41.514855" lon="2.325448">
        <ele>471.091</ele>
        <time>2025-01-09T10:26:32Z</time>
      </trkpt>
      <trkpt lat="41.514876" lon="2.325473">
        <ele>471.381</ele>
        <time>2025-01-09T10:26:34Z</time>
      </trkpt>
      <trkpt lat="41.514925" lon="2.325514">
        <ele>471.719</ele>
        <time>2025-01-09T10:26:38Z</time>
      </trkpt>
      <trkpt lat="41.514955" lon="2.325534">
        <ele>471.909</ele>
        <time>2025-01-09T10:26:40Z</time>
      </trkpt>
      <trkpt lat="41.515003" lon="2.325567">
        <ele>472.270</ele>
        <time>2025-01-09T10:26:44Z</time>
      </trkpt>
      <trkpt lat="41.515030" lon="2.325579">
        <ele>472.258</ele>
        <time>2025-01-09T10:26:46Z</time>
      </trkpt>
      <trkpt lat="41.515057" lon="2.325592">
        <ele>472.258</ele>
        <time>2025-01-09T10:26:48Z</time>
      </trkpt>
      <trkpt lat="41.515093" lon="2.325632">
        <ele>472.574</ele>
        <time>2025-01-09T10:26:52Z</time>
      </trkpt>
      <trkpt lat="41.515116" lon="2.325653">
        <ele>472.644</ele>
        <time>2025-01-09T10:26:54Z</time>
      </trkpt>
      <trkpt lat="41.515136" lon="2.325680">
        <ele>472.828</ele>
        <time>2025-01-09T10:26:56Z</time>
      </trkpt>
      <trkpt lat="41.515165" lon="2.325703">
        <ele>472.856</ele>
        <time>2025-01-09T10:26:58Z</time>
      </trkpt>
      <trkpt lat="41.515195" lon="2.325711">
        <ele>472.693</ele>
        <time>2025-01-09T10:27:00Z</time>
      </trkpt>
      <trkpt lat="41.515227" lon="2.325721">
        <ele>472.476</ele>
        <time>2025-01-09T10:27:02Z</time>
      </trkpt>
      <trkpt lat="41.515279" lon="2.325722">
        <ele>471.857</ele>
        <time>2025-01-09T10:27:05Z</time>
      </trkpt>
      <trkpt lat="41.515309" lon="2.325714">
        <ele>472.100</ele>
        <time>2025-01-09T10:27:07Z</time>
      </trkpt>
      <trkpt lat="41.515353" lon="2.325699">
        <ele>472.520</ele>
        <time>2025-01-09T10:27:10Z</time>
      </trkpt>
      <trkpt lat="41.515381" lon="2.325693">
        <ele>472.809</ele>
        <time>2025-01-09T10:27:12Z</time>
      </trkpt>
      <trkpt lat="41.515409" lon="2.325689">
        <ele>473.186</ele>
        <time>2025-01-09T10:27:14Z</time>
      </trkpt>
      <trkpt lat="41.515438" lon="2.325690">
        <ele>473.594</ele>
        <time>2025-01-09T10:27:16Z</time>
      </trkpt>
      <trkpt lat="41.515468" lon="2.325684">
        <ele>473.974</ele>
        <time>2025-01-09T10:27:18Z</time>
      </trkpt>
      <trkpt lat="41.515496" lon="2.325685">
        <ele>474.260</ele>
        <time>2025-01-09T10:27:20Z</time>
      </trkpt>
      <trkpt lat="41.515554" lon="2.325675">
        <ele>475.030</ele>
        <time>2025-01-09T10:27:24Z</time>
      </trkpt>
      <trkpt lat="41.515585" lon="2.325663">
        <ele>475.614</ele>
        <time>2025-01-09T10:27:26Z</time>
      </trkpt>
      <trkpt lat="41.515612" lon="2.325652">
        <ele>476.212</ele>
        <time>2025-01-09T10:27:28Z</time>
      </trkpt>
      <trkpt lat="41.515669" lon="2.325648">
        <ele>477.339</ele>
        <time>2025-01-09T10:27:32Z</time>
      </trkpt>
      <trkpt lat="41.515700" lon="2.325649">
        <ele>478.052</ele>
        <time>2025-01-09T10:27:34Z</time>
      </trkpt>
      <trkpt lat="41.515731" lon="2.325647">
        <ele>478.672</ele>
        <time>2025-01-09T10:27:36Z</time>
      </trkpt>
      <trkpt lat="41.515762" lon="2.325644">
        <ele>479.213</ele>
        <time>2025-01-09T10:27:38Z</time>
      </trkpt>
      <trkpt lat="41.515793" lon="2.325644">
        <ele>479.814</ele>
        <time>2025-01-09T10:27:40Z</time>
      </trkpt>
      <trkpt lat="41.515823" lon="2.325647">
        <ele>480.409</ele>
        <time>2025-01-09T10:27:42Z</time>
      </trkpt>
      <trkpt lat="41.515855" lon="2.325649">
        <ele>481.078</ele>
        <time>2025-01-09T10:27:44Z</time>
      </trkpt>
      <trkpt lat="41.515884" lon="2.325655">
        <ele>481.676</ele>
        <time>2025-01-09T10:27:46Z</time>
      </trkpt>
      <trkpt lat="41.515913" lon="2.325671">
        <ele>482.146</ele>
        <time>2025-01-09T10:27:48Z</time>
      </trkpt>
      <trkpt lat="41.515942" lon="2.325685">
        <ele>482.762</ele>
        <time>2025-01-09T10:27:50Z</time>
      </trkpt>
      <trkpt lat="41.515965" lon="2.325707">
        <ele>483.212</ele>
        <time>2025-01-09T10:27:52Z</time>
      </trkpt>
      <trkpt lat="41.516005" lon="2.325750">
        <ele>484.156</ele>
        <time>2025-01-09T10:27:56Z</time>
      </trkpt>
      <trkpt lat="41.516028" lon="2.325784">
        <ele>484.624</ele>
        <time>2025-01-09T10:27:58Z</time>
      </trkpt>
      <trkpt lat="41.516068" lon="2.325823">
        <ele>485.371</ele>
        <time>2025-01-09T10:28:16Z</time>
      </trkpt>
      <trkpt lat="41.516111" lon="2.325865">
        <ele>486.264</ele>
        <time>2025-01-09T10:28:20Z</time>
      </trkpt>
      <trkpt lat="41.516138" lon="2.325875">
        <ele>486.354</ele>
        <time>2025-01-09T10:28:22Z</time>
      </trkpt>
      <trkpt lat="41.516165" lon="2.325883">
        <ele>486.456</ele>
        <time>2025-01-09T10:28:24Z</time>
      </trkpt>
      <trkpt lat="41.516193" lon="2.325895">
        <ele>486.511</ele>
        <time>2025-01-09T10:28:26Z</time>
      </trkpt>
      <trkpt lat="41.516216" lon="2.325916">
        <ele>486.509</ele>
        <time>2025-01-09T10:28:28Z</time>
      </trkpt>
      <trkpt lat="41.516242" lon="2.325956">
        <ele>486.526</ele>
        <time>2025-01-09T10:28:35Z</time>
      </trkpt>
      <trkpt lat="41.516219" lon="2.326018">
        <ele>486.764</ele>
        <time>2025-01-09T10:28:39Z</time>
      </trkpt>
      <trkpt lat="41.516203" lon="2.326050">
        <ele>486.964</ele>
        <time>2025-01-09T10:28:41Z</time>
      </trkpt>
      <trkpt lat="41.516189" lon="2.326087">
        <ele>487.180</ele>
        <time>2025-01-09T10:29:03Z</time>
      </trkpt>
      <trkpt lat="41.516156" lon="2.326161">
        <ele>487.790</ele>
        <time>2025-01-09T10:29:10Z</time>
      </trkpt>
      <trkpt lat="41.516140" lon="2.326193">
        <ele>488.084</ele>
        <time>2025-01-09T10:29:12Z</time>
      </trkpt>
      <trkpt lat="41.516127" lon="2.326226">
        <ele>488.282</ele>
        <time>2025-01-09T10:29:14Z</time>
      </trkpt>
      <trkpt lat="41.516105" lon="2.326284">
        <ele>488.619</ele>
        <time>2025-01-09T10:29:18Z</time>
      </trkpt>
      <trkpt lat="41.516076" lon="2.326343">
        <ele>488.942</ele>
        <time>2025-01-09T10:29:34Z</time>
      </trkpt>
      <trkpt lat="41.516042" lon="2.326401">
        <ele>489.413</ele>
        <time>2025-01-09T10:29:38Z</time>
      </trkpt>
      <trkpt lat="41.516016" lon="2.326461">
        <ele>490.143</ele>
        <time>2025-01-09T10:29:42Z</time>
      </trkpt>
      <trkpt lat="41.515988" lon="2.326520">
        <ele>491.007</ele>
        <time>2025-01-09T10:29:46Z</time>
      </trkpt>
      <trkpt lat="41.515956" lon="2.326582">
        <ele>492.109</ele>
        <time>2025-01-09T10:29:50Z</time>
      </trkpt>
      <trkpt lat="41.515941" lon="2.326616">
        <ele>492.832</ele>
        <time>2025-01-09T10:29:52Z</time>
      </trkpt>
      <trkpt lat="41.515932" lon="2.326657">
        <ele>493.420</ele>
        <time>2025-01-09T10:29:54Z</time>
      </trkpt>
      <trkpt lat="41.515920" lon="2.326693">
        <ele>493.850</ele>
        <time>2025-01-09T10:29:56Z</time>
      </trkpt>
      <trkpt lat="41.515905" lon="2.326726">
        <ele>494.076</ele>
        <time>2025-01-09T10:29:58Z</time>
      </trkpt>
      <trkpt lat="41.515874" lon="2.326727">
        <ele>494.486</ele>
        <time>2025-01-09T10:30:02Z</time>
      </trkpt>
      <trkpt lat="41.515847" lon="2.326681">
        <ele>494.880</ele>
        <time>2025-01-09T10:30:06Z</time>
      </trkpt>
      <trkpt lat="41.515850" lon="2.326618">
        <ele>493.938</ele>
        <time>2025-01-09T10:32:20Z</time>
      </trkpt>
      <trkpt lat="41.515801" lon="2.326575">
        <ele>493.455</ele>
        <time>2025-01-09T10:32:24Z</time>
      </trkpt>
      <trkpt lat="41.515743" lon="2.326574">
        <ele>493.448</ele>
        <time>2025-01-09T10:32:28Z</time>
      </trkpt>
      <trkpt lat="41.515704" lon="2.326602">
        <ele>493.934</ele>
        <time>2025-01-09T10:32:32Z</time>
      </trkpt>
      <trkpt lat="41.515689" lon="2.326635">
        <ele>494.555</ele>
        <time>2025-01-09T10:32:35Z</time>
      </trkpt>
      <trkpt lat="41.515646" lon="2.326663">
        <ele>494.910</ele>
        <time>2025-01-09T10:32:40Z</time>
      </trkpt>
      <trkpt lat="41.515596" lon="2.326647">
        <ele>494.709</ele>
        <time>2025-01-09T10:32:44Z</time>
      </trkpt>
      <trkpt lat="41.515568" lon="2.326642">
        <ele>494.664</ele>
        <time>2025-01-09T10:32:46Z</time>
      </trkpt>
      <trkpt lat="41.515539" lon="2.326639">
        <ele>494.422</ele>
        <time>2025-01-09T10:32:48Z</time>
      </trkpt>
      <trkpt lat="41.515493" lon="2.326662">
        <ele>494.082</ele>
        <time>2025-01-09T10:32:51Z</time>
      </trkpt>
      <trkpt lat="41.515482" lon="2.326716">
        <ele>493.718</ele>
        <time>2025-01-09T10:32:54Z</time>
      </trkpt>
      <trkpt lat="41.515514" lon="2.326653">
        <ele>494.298</ele>
        <time>2025-01-09T10:33:04Z</time>
      </trkpt>
      <trkpt lat="41.515540" lon="2.326642">
        <ele>494.442</ele>
        <time>2025-01-09T10:33:06Z</time>
      </trkpt>
      <trkpt lat="41.515571" lon="2.326647">
        <ele>494.740</ele>
        <time>2025-01-09T10:33:08Z</time>
      </trkpt>
      <trkpt lat="41.515599" lon="2.326667">
        <ele>495.067</ele>
        <time>2025-01-09T10:33:10Z</time>
      </trkpt>
      <trkpt lat="41.515653" lon="2.326683">
        <ele>495.010</ele>
        <time>2025-01-09T10:33:14Z</time>
      </trkpt>
      <trkpt lat="41.515688" lon="2.326645">
        <ele>494.771</ele>
        <time>2025-01-09T10:33:18Z</time>
      </trkpt>
      <trkpt lat="41.515715" lon="2.326595">
        <ele>493.841</ele>
        <time>2025-01-09T10:33:22Z</time>
      </trkpt>
      <trkpt lat="41.515760" lon="2.326581">
        <ele>493.515</ele>
        <time>2025-01-09T10:33:26Z</time>
      </trkpt>
      <trkpt lat="41.515812" lon="2.326580">
        <ele>493.509</ele>
        <time>2025-01-09T10:33:31Z</time>
      </trkpt>
      <trkpt lat="41.515840" lon="2.326638">
        <ele>494.428</ele>
        <time>2025-01-09T10:33:35Z</time>
      </trkpt>
      <trkpt lat="41.515843" lon="2.326675">
        <ele>494.986</ele>
        <time>2025-01-09T10:33:37Z</time>
      </trkpt>
      <trkpt lat="41.515856" lon="2.326714">
        <ele>494.726</ele>
        <time>2025-01-09T10:33:39Z</time>
      </trkpt>
      <trkpt lat="41.515888" lon="2.326738">
        <ele>494.332</ele>
        <time>2025-01-09T10:33:41Z</time>
      </trkpt>
      <trkpt lat="41.515908" lon="2.326778">
        <ele>494.022</ele>
        <time>2025-01-09T10:33:43Z</time>
      </trkpt>
      <trkpt lat="41.515920" lon="2.326814">
        <ele>493.996</ele>
        <time>2025-01-09T10:33:45Z</time>
      </trkpt>
      <trkpt lat="41.515933" lon="2.326850">
        <ele>493.854</ele>
        <time>2025-01-09T10:33:47Z</time>
      </trkpt>
      <trkpt lat="41.515936" lon="2.326888">
        <ele>493.881</ele>
        <time>2025-01-09T10:33:49Z</time>
      </trkpt>
      <trkpt lat="41.515947" lon="2.326967">
        <ele>493.724</ele>
        <time>2025-01-09T10:33:53Z</time>
      </trkpt>
      <trkpt lat="41.515954" lon="2.327007">
        <ele>493.477</ele>
        <time>2025-01-09T10:33:55Z</time>
      </trkpt>
      <trkpt lat="41.515957" lon="2.327049">
        <ele>493.261</ele>
        <time>2025-01-09T10:33:57Z</time>
      </trkpt>
      <trkpt lat="41.515963" lon="2.327089">
        <ele>493.027</ele>
        <time>2025-01-09T10:33:59Z</time>
      </trkpt>
      <trkpt lat="41.515973" lon="2.327128">
        <ele>492.809</ele>
        <time>2025-01-09T10:34:01Z</time>
      </trkpt>
      <trkpt lat="41.515976" lon="2.327165">
        <ele>492.778</ele>
        <time>2025-01-09T10:34:03Z</time>
      </trkpt>
      <trkpt lat="41.515979" lon="2.327207">
        <ele>492.536</ele>
        <time>2025-01-09T10:34:05Z</time>
      </trkpt>
      <trkpt lat="41.516001" lon="2.327273">
        <ele>492.446</ele>
        <time>2025-01-09T10:34:09Z</time>
      </trkpt>
      <trkpt lat="41.516010" lon="2.327311">
        <ele>492.552</ele>
        <time>2025-01-09T10:34:11Z</time>
      </trkpt>
      <trkpt lat="41.516032" lon="2.327377">
        <ele>492.582</ele>
        <time>2025-01-09T10:34:14Z</time>
      </trkpt>
      <trkpt lat="41.516047" lon="2.327421">
        <ele>492.686</ele>
        <time>2025-01-09T10:34:16Z</time>
      </trkpt>
      <trkpt lat="41.516073" lon="2.327458">
        <ele>492.824</ele>
        <time>2025-01-09T10:34:18Z</time>
      </trkpt>
      <trkpt lat="41.516095" lon="2.327492">
        <ele>492.911</ele>
        <time>2025-01-09T10:34:20Z</time>
      </trkpt>
      <trkpt lat="41.516115" lon="2.327550">
        <ele>493.074</ele>
        <time>2025-01-09T10:34:23Z</time>
      </trkpt>
      <trkpt lat="41.516133" lon="2.327586">
        <ele>492.982</ele>
        <time>2025-01-09T10:34:25Z</time>
      </trkpt>
      <trkpt lat="41.516146" lon="2.327626">
        <ele>492.943</ele>
        <time>2025-01-09T10:34:27Z</time>
      </trkpt>
      <trkpt lat="41.516162" lon="2.327664">
        <ele>492.917</ele>
        <time>2025-01-09T10:34:29Z</time>
      </trkpt>
      <trkpt lat="41.516175" lon="2.327697">
        <ele>492.909</ele>
        <time>2025-01-09T10:34:31Z</time>
      </trkpt>
      <trkpt lat="41.516196" lon="2.327733">
        <ele>492.949</ele>
        <time>2025-01-09T10:34:33Z</time>
      </trkpt>
      <trkpt lat="41.516212" lon="2.327770">
        <ele>493.097</ele>
        <time>2025-01-09T10:34:35Z</time>
      </trkpt>
      <trkpt lat="41.516236" lon="2.327826">
        <ele>493.257</ele>
        <time>2025-01-09T10:34:38Z</time>
      </trkpt>
      <trkpt lat="41.516248" lon="2.327861">
        <ele>493.383</ele>
        <time>2025-01-09T10:34:40Z</time>
      </trkpt>
      <trkpt lat="41.516265" lon="2.327897">
        <ele>493.413</ele>
        <time>2025-01-09T10:34:42Z</time>
      </trkpt>
      <trkpt lat="41.516302" lon="2.327954">
        <ele>493.687</ele>
        <time>2025-01-09T10:34:47Z</time>
      </trkpt>
      <trkpt lat="41.516319" lon="2.328014">
        <ele>493.965</ele>
        <time>2025-01-09T10:34:54Z</time>
      </trkpt>
      <trkpt lat="41.516332" lon="2.328049">
        <ele>494.052</ele>
        <time>2025-01-09T10:34:56Z</time>
      </trkpt>
      <trkpt lat="41.516344" lon="2.328082">
        <ele>494.045</ele>
        <time>2025-01-09T10:34:58Z</time>
      </trkpt>
      <trkpt lat="41.516353" lon="2.328119">
        <ele>494.141</ele>
        <time>2025-01-09T10:35:00Z</time>
      </trkpt>
      <trkpt lat="41.516376" lon="2.328179">
        <ele>494.481</ele>
        <time>2025-01-09T10:35:04Z</time>
      </trkpt>
      <trkpt lat="41.516404" lon="2.328249">
        <ele>494.609</ele>
        <time>2025-01-09T10:35:08Z</time>
      </trkpt>
      <trkpt lat="41.516422" lon="2.328281">
        <ele>494.709</ele>
        <time>2025-01-09T10:35:10Z</time>
      </trkpt>
      <trkpt lat="41.516438" lon="2.328312">
        <ele>494.925</ele>
        <time>2025-01-09T10:35:12Z</time>
      </trkpt>
      <trkpt lat="41.516451" lon="2.328355">
        <ele>494.993</ele>
        <time>2025-01-09T10:35:14Z</time>
      </trkpt>
      <trkpt lat="41.516463" lon="2.328392">
        <ele>494.833</ele>
        <time>2025-01-09T10:35:16Z</time>
      </trkpt>
      <trkpt lat="41.516486" lon="2.328460">
        <ele>494.769</ele>
        <time>2025-01-09T10:35:20Z</time>
      </trkpt>
      <trkpt lat="41.516499" lon="2.328492">
        <ele>494.739</ele>
        <time>2025-01-09T10:35:22Z</time>
      </trkpt>
      <trkpt lat="41.516526" lon="2.328557">
        <ele>494.643</ele>
        <time>2025-01-09T10:35:26Z</time>
      </trkpt>
      <trkpt lat="41.516575" lon="2.328578">
        <ele>494.751</ele>
        <time>2025-01-09T10:35:30Z</time>
      </trkpt>
      <trkpt lat="41.516603" lon="2.328579">
        <ele>494.898</ele>
        <time>2025-01-09T10:35:32Z</time>
      </trkpt>
      <trkpt lat="41.516630" lon="2.328590">
        <ele>494.981</ele>
        <time>2025-01-09T10:35:34Z</time>
      </trkpt>
      <trkpt lat="41.516672" lon="2.328583">
        <ele>495.079</ele>
        <time>2025-01-09T10:35:38Z</time>
      </trkpt>
      <trkpt lat="41.516722" lon="2.328578">
        <ele>494.505</ele>
        <time>2025-01-09T10:35:42Z</time>
      </trkpt>
      <trkpt lat="41.516777" lon="2.328575">
        <ele>494.025</ele>
        <time>2025-01-09T10:35:46Z</time>
      </trkpt>
      <trkpt lat="41.516805" lon="2.328574">
        <ele>493.709</ele>
        <time>2025-01-09T10:35:48Z</time>
      </trkpt>
      <trkpt lat="41.516825" lon="2.328620">
        <ele>493.938</ele>
        <time>2025-01-09T10:35:52Z</time>
      </trkpt>
      <trkpt lat="41.516845" lon="2.328678">
        <ele>493.966</ele>
        <time>2025-01-09T10:35:56Z</time>
      </trkpt>
      <trkpt lat="41.516818" lon="2.328634">
        <ele>494.086</ele>
        <time>2025-01-09T10:39:03Z</time>
      </trkpt>
      <trkpt lat="41.516795" lon="2.328584">
        <ele>493.982</ele>
        <time>2025-01-09T10:39:08Z</time>
      </trkpt>
      <trkpt lat="41.516768" lon="2.328587">
        <ele>494.172</ele>
        <time>2025-01-09T10:39:25Z</time>
      </trkpt>
      <trkpt lat="41.516715" lon="2.328606">
        <ele>494.626</ele>
        <time>2025-01-09T10:39:30Z</time>
      </trkpt>
      <trkpt lat="41.516692" lon="2.328630">
        <ele>494.874</ele>
        <time>2025-01-09T10:39:32Z</time>
      </trkpt>
      <trkpt lat="41.516668" lon="2.328654">
        <ele>495.041</ele>
        <time>2025-01-09T10:39:34Z</time>
      </trkpt>
      <trkpt lat="41.516644" lon="2.328670">
        <ele>494.974</ele>
        <time>2025-01-09T10:39:36Z</time>
      </trkpt>
      <trkpt lat="41.516605" lon="2.328708">
        <ele>494.599</ele>
        <time>2025-01-09T10:39:45Z</time>
      </trkpt>
      <trkpt lat="41.516576" lon="2.328778">
        <ele>494.107</ele>
        <time>2025-01-09T10:39:50Z</time>
      </trkpt>
      <trkpt lat="41.516557" lon="2.328805">
        <ele>493.827</ele>
        <time>2025-01-09T10:39:53Z</time>
      </trkpt>
      <trkpt lat="41.516532" lon="2.328847">
        <ele>493.309</ele>
        <time>2025-01-09T10:40:17Z</time>
      </trkpt>
      <trkpt lat="41.516525" lon="2.328911">
        <ele>492.770</ele>
        <time>2025-01-09T10:40:21Z</time>
      </trkpt>
      <trkpt lat="41.516513" lon="2.328975">
        <ele>491.978</ele>
        <time>2025-01-09T10:40:25Z</time>
      </trkpt>
      <trkpt lat="41.516529" lon="2.329036">
        <ele>491.438</ele>
        <time>2025-01-09T10:40:29Z</time>
      </trkpt>
      <trkpt lat="41.516519" lon="2.329071">
        <ele>490.934</ele>
        <time>2025-01-09T10:40:31Z</time>
      </trkpt>
      <trkpt lat="41.516511" lon="2.329111">
        <ele>490.494</ele>
        <time>2025-01-09T10:40:33Z</time>
      </trkpt>
      <trkpt lat="41.516520" lon="2.329174">
        <ele>489.818</ele>
        <time>2025-01-09T10:40:37Z</time>
      </trkpt>
      <trkpt lat="41.516534" lon="2.329211">
        <ele>489.456</ele>
        <time>2025-01-09T10:40:39Z</time>
      </trkpt>
      <trkpt lat="41.516568" lon="2.329259">
        <ele>489.183</ele>
        <time>2025-01-09T10:40:43Z</time>
      </trkpt>
      <trkpt lat="41.516607" lon="2.329304">
        <ele>489.176</ele>
        <time>2025-01-09T10:40:47Z</time>
      </trkpt>
      <trkpt lat="41.516632" lon="2.329360">
        <ele>488.661</ele>
        <time>2025-01-09T10:40:51Z</time>
      </trkpt>
      <trkpt lat="41.516654" lon="2.329392">
        <ele>488.521</ele>
        <time>2025-01-09T10:40:53Z</time>
      </trkpt>
      <trkpt lat="41.516684" lon="2.329420">
        <ele>488.513</ele>
        <time>2025-01-09T10:40:55Z</time>
      </trkpt>
      <trkpt lat="41.516710" lon="2.329441">
        <ele>488.509</ele>
        <time>2025-01-09T10:40:57Z</time>
      </trkpt>
      <trkpt lat="41.516749" lon="2.329476">
        <ele>488.357</ele>
        <time>2025-01-09T10:41:01Z</time>
      </trkpt>
      <trkpt lat="41.516779" lon="2.329525">
        <ele>487.575</ele>
        <time>2025-01-09T10:41:05Z</time>
      </trkpt>
      <trkpt lat="41.516800" lon="2.329550">
        <ele>487.225</ele>
        <time>2025-01-09T10:41:07Z</time>
      </trkpt>
      <trkpt lat="41.516823" lon="2.329576">
        <ele>486.871</ele>
        <time>2025-01-09T10:41:09Z</time>
      </trkpt>
      <trkpt lat="41.516843" lon="2.329601">
        <ele>486.471</ele>
        <time>2025-01-09T10:41:11Z</time>
      </trkpt>
      <trkpt lat="41.516880" lon="2.329644">
        <ele>485.685</ele>
        <time>2025-01-09T10:41:15Z</time>
      </trkpt>
      <trkpt lat="41.516899" lon="2.329673">
        <ele>485.043</ele>
        <time>2025-01-09T10:41:17Z</time>
      </trkpt>
      <trkpt lat="41.516921" lon="2.329702">
        <ele>484.410</ele>
        <time>2025-01-09T10:41:19Z</time>
      </trkpt>
      <trkpt lat="41.516940" lon="2.329729">
        <ele>483.883</ele>
        <time>2025-01-09T10:41:21Z</time>
      </trkpt>
      <trkpt lat="41.516963" lon="2.329791">
        <ele>482.396</ele>
        <time>2025-01-09T10:41:25Z</time>
      </trkpt>
      <trkpt lat="41.516978" lon="2.329854">
        <ele>480.731</ele>
        <time>2025-01-09T10:41:29Z</time>
      </trkpt>
      <trkpt lat="41.516991" lon="2.329891">
        <ele>479.924</ele>
        <time>2025-01-09T10:41:31Z</time>
      </trkpt>
      <trkpt lat="41.517014" lon="2.329950">
        <ele>478.609</ele>
        <time>2025-01-09T10:41:34Z</time>
      </trkpt>
      <trkpt lat="41.517046" lon="2.329995">
        <ele>477.840</ele>
        <time>2025-01-09T10:41:38Z</time>
      </trkpt>
      <trkpt lat="41.517080" lon="2.330042">
        <ele>477.018</ele>
        <time>2025-01-09T10:41:41Z</time>
      </trkpt>
      <trkpt lat="41.517094" lon="2.330074">
        <ele>476.458</ele>
        <time>2025-01-09T10:41:43Z</time>
      </trkpt>
      <trkpt lat="41.517111" lon="2.330102">
        <ele>475.964</ele>
        <time>2025-01-09T10:41:45Z</time>
      </trkpt>
      <trkpt lat="41.517130" lon="2.330132">
        <ele>475.564</ele>
        <time>2025-01-09T10:41:47Z</time>
      </trkpt>
      <trkpt lat="41.517150" lon="2.330159">
        <ele>475.278</ele>
        <time>2025-01-09T10:41:49Z</time>
      </trkpt>
      <trkpt lat="41.517177" lon="2.330223">
        <ele>474.326</ele>
        <time>2025-01-09T10:41:53Z</time>
      </trkpt>
      <trkpt lat="41.517194" lon="2.330279">
        <ele>473.543</ele>
        <time>2025-01-09T10:41:57Z</time>
      </trkpt>
      <trkpt lat="41.517200" lon="2.330352">
        <ele>471.736</ele>
        <time>2025-01-09T10:42:00Z</time>
      </trkpt>
      <trkpt lat="41.517206" lon="2.330397">
        <ele>470.743</ele>
        <time>2025-01-09T10:42:02Z</time>
      </trkpt>
      <trkpt lat="41.517215" lon="2.330465">
        <ele>469.164</ele>
        <time>2025-01-09T10:42:05Z</time>
      </trkpt>
      <trkpt lat="41.517224" lon="2.330499">
        <ele>468.510</ele>
        <time>2025-01-09T10:42:07Z</time>
      </trkpt>
      <trkpt lat="41.517240" lon="2.330540">
        <ele>467.909</ele>
        <time>2025-01-09T10:42:09Z</time>
      </trkpt>
      <trkpt lat="41.517277" lon="2.330599">
        <ele>467.745</ele>
        <time>2025-01-09T10:42:13Z</time>
      </trkpt>
      <trkpt lat="41.517286" lon="2.330635">
        <ele>467.273</ele>
        <time>2025-01-09T10:42:15Z</time>
      </trkpt>
      <trkpt lat="41.517295" lon="2.330671">
        <ele>466.773</ele>
        <time>2025-01-09T10:42:17Z</time>
      </trkpt>
      <trkpt lat="41.517313" lon="2.330708">
        <ele>466.529</ele>
        <time>2025-01-09T10:42:19Z</time>
      </trkpt>
      <trkpt lat="41.517336" lon="2.330738">
        <ele>466.639</ele>
        <time>2025-01-09T10:42:21Z</time>
      </trkpt>
      <trkpt lat="41.517377" lon="2.330778">
        <ele>467.153</ele>
        <time>2025-01-09T10:42:24Z</time>
      </trkpt>
      <trkpt lat="41.517411" lon="2.330823">
        <ele>467.311</ele>
        <time>2025-01-09T10:42:27Z</time>
      </trkpt>
      <trkpt lat="41.517448" lon="2.330862">
        <ele>467.748</ele>
        <time>2025-01-09T10:42:30Z</time>
      </trkpt>
      <trkpt lat="41.517484" lon="2.330912">
        <ele>467.891</ele>
        <time>2025-01-09T10:42:34Z</time>
      </trkpt>
      <trkpt lat="41.517502" lon="2.330944">
        <ele>467.668</ele>
        <time>2025-01-09T10:42:36Z</time>
      </trkpt>
      <trkpt lat="41.517521" lon="2.330977">
        <ele>467.242</ele>
        <time>2025-01-09T10:42:38Z</time>
      </trkpt>
      <trkpt lat="41.517541" lon="2.331006">
        <ele>466.926</ele>
        <time>2025-01-09T10:42:40Z</time>
      </trkpt>
      <trkpt lat="41.517574" lon="2.331067">
        <ele>466.109</ele>
        <time>2025-01-09T10:42:44Z</time>
      </trkpt>
      <trkpt lat="41.517599" lon="2.331098">
        <ele>465.747</ele>
        <time>2025-01-09T10:42:46Z</time>
      </trkpt>
      <trkpt lat="41.517620" lon="2.331135">
        <ele>465.255</ele>
        <time>2025-01-09T10:42:48Z</time>
      </trkpt>
      <trkpt lat="41.517644" lon="2.331163">
        <ele>464.885</ele>
        <time>2025-01-09T10:42:50Z</time>
      </trkpt>
      <trkpt lat="41.517669" lon="2.331182">
        <ele>464.791</ele>
        <time>2025-01-09T10:42:52Z</time>
      </trkpt>
      <trkpt lat="41.517688" lon="2.331212">
        <ele>464.241</ele>
        <time>2025-01-09T10:42:54Z</time>
      </trkpt>
      <trkpt lat="41.517704" lon="2.331249">
        <ele>463.425</ele>
        <time>2025-01-09T10:42:56Z</time>
      </trkpt>
      <trkpt lat="41.517726" lon="2.331313">
        <ele>461.863</ele>
        <time>2025-01-09T10:43:00Z</time>
      </trkpt>
      <trkpt lat="41.517758" lon="2.331366">
        <ele>460.670</ele>
        <time>2025-01-09T10:43:04Z</time>
      </trkpt>
      <trkpt lat="41.517788" lon="2.331423">
        <ele>459.443</ele>
        <time>2025-01-09T10:43:08Z</time>
      </trkpt>
      <trkpt lat="41.517810" lon="2.331454">
        <ele>458.898</ele>
        <time>2025-01-09T10:43:10Z</time>
      </trkpt>
      <trkpt lat="41.517830" lon="2.331487">
        <ele>458.215</ele>
        <time>2025-01-09T10:43:12Z</time>
      </trkpt>
      <trkpt lat="41.517846" lon="2.331521">
        <ele>457.526</ele>
        <time>2025-01-09T10:43:14Z</time>
      </trkpt>
      <trkpt lat="41.517880" lon="2.331562">
        <ele>456.709</ele>
        <time>2025-01-09T10:43:18Z</time>
      </trkpt>
      <trkpt lat="41.517901" lon="2.331596">
        <ele>455.990</ele>
        <time>2025-01-09T10:43:59Z</time>
      </trkpt>
      <trkpt lat="41.517933" lon="2.331640">
        <ele>455.098</ele>
        <time>2025-01-09T10:44:02Z</time>
      </trkpt>
      <trkpt lat="41.517960" lon="2.331653">
        <ele>454.638</ele>
        <time>2025-01-09T10:44:04Z</time>
      </trkpt>
      <trkpt lat="41.517989" lon="2.331664">
        <ele>454.364</ele>
        <time>2025-01-09T10:44:06Z</time>
      </trkpt>
      <trkpt lat="41.518032" lon="2.331679">
        <ele>453.814</ele>
        <time>2025-01-09T10:44:09Z</time>
      </trkpt>
      <trkpt lat="41.518084" lon="2.331691">
        <ele>453.618</ele>
        <time>2025-01-09T10:44:13Z</time>
      </trkpt>
      <trkpt lat="41.518110" lon="2.331717">
        <ele>453.156</ele>
        <time>2025-01-09T10:44:15Z</time>
      </trkpt>
      <trkpt lat="41.518105" lon="2.331768">
        <ele>451.933</ele>
        <time>2025-01-09T10:44:18Z</time>
      </trkpt>
      <trkpt lat="41.518078" lon="2.331783">
        <ele>451.536</ele>
        <time>2025-01-09T10:44:20Z</time>
      </trkpt>
      <trkpt lat="41.518053" lon="2.331803">
        <ele>451.164</ele>
        <time>2025-01-09T10:44:22Z</time>
      </trkpt>
      <trkpt lat="41.518027" lon="2.331821">
        <ele>450.806</ele>
        <time>2025-01-09T10:44:24Z</time>
      </trkpt>
      <trkpt lat="41.517975" lon="2.331852">
        <ele>450.316</ele>
        <time>2025-01-09T10:44:28Z</time>
      </trkpt>
      <trkpt lat="41.517947" lon="2.331869">
        <ele>450.009</ele>
        <time>2025-01-09T10:44:30Z</time>
      </trkpt>
      <trkpt lat="41.517916" lon="2.331885">
        <ele>449.867</ele>
        <time>2025-01-09T10:44:32Z</time>
      </trkpt>
      <trkpt lat="41.517890" lon="2.331905">
        <ele>449.485</ele>
        <time>2025-01-09T10:44:34Z</time>
      </trkpt>
      <trkpt lat="41.517865" lon="2.331925">
        <ele>449.145</ele>
        <time>2025-01-09T10:44:36Z</time>
      </trkpt>
      <trkpt lat="41.517839" lon="2.331950">
        <ele>448.751</ele>
        <time>2025-01-09T10:44:38Z</time>
      </trkpt>
      <trkpt lat="41.517809" lon="2.331976">
        <ele>448.361</ele>
        <time>2025-01-09T10:44:40Z</time>
      </trkpt>
      <trkpt lat="41.517785" lon="2.331996">
        <ele>448.075</ele>
        <time>2025-01-09T10:44:42Z</time>
      </trkpt>
      <trkpt lat="41.517762" lon="2.332022">
        <ele>447.623</ele>
        <time>2025-01-09T10:44:44Z</time>
      </trkpt>
      <trkpt lat="41.517740" lon="2.332054">
        <ele>447.160</ele>
        <time>2025-01-09T10:44:46Z</time>
      </trkpt>
      <trkpt lat="41.517722" lon="2.332083">
        <ele>446.563</ele>
        <time>2025-01-09T10:44:48Z</time>
      </trkpt>
      <trkpt lat="41.517694" lon="2.332134">
        <ele>445.573</ele>
        <time>2025-01-09T10:44:51Z</time>
      </trkpt>
      <trkpt lat="41.517673" lon="2.332168">
        <ele>444.785</ele>
        <time>2025-01-09T10:44:53Z</time>
      </trkpt>
      <trkpt lat="41.517659" lon="2.332200">
        <ele>444.013</ele>
        <time>2025-01-09T10:44:55Z</time>
      </trkpt>
      <trkpt lat="41.517627" lon="2.332259">
        <ele>442.709</ele>
        <time>2025-01-09T10:44:59Z</time>
      </trkpt>
      <trkpt lat="41.517610" lon="2.332300">
        <ele>441.858</ele>
        <time>2025-01-09T10:45:01Z</time>
      </trkpt>
      <trkpt lat="41.517594" lon="2.332338">
        <ele>441.056</ele>
        <time>2025-01-09T10:45:03Z</time>
      </trkpt>
      <trkpt lat="41.517582" lon="2.332373">
        <ele>440.356</ele>
        <time>2025-01-09T10:45:05Z</time>
      </trkpt>
      <trkpt lat="41.517571" lon="2.332412">
        <ele>439.562</ele>
        <time>2025-01-09T10:45:07Z</time>
      </trkpt>
      <trkpt lat="41.517553" lon="2.332445">
        <ele>438.912</ele>
        <time>2025-01-09T10:45:09Z</time>
      </trkpt>
      <trkpt lat="41.517537" lon="2.332475">
        <ele>438.376</ele>
        <time>2025-01-09T10:45:11Z</time>
      </trkpt>
      <trkpt lat="41.517521" lon="2.332512">
        <ele>437.934</ele>
        <time>2025-01-09T10:45:13Z</time>
      </trkpt>
      <trkpt lat="41.517507" lon="2.332556">
        <ele>437.891</ele>
        <time>2025-01-09T10:45:15Z</time>
      </trkpt>
      <trkpt lat="41.517490" lon="2.332595">
        <ele>437.684</ele>
        <time>2025-01-09T10:45:17Z</time>
      </trkpt>
      <trkpt lat="41.517473" lon="2.332633">
        <ele>437.574</ele>
        <time>2025-01-09T10:45:19Z</time>
      </trkpt>
      <trkpt lat="41.517459" lon="2.332669">
        <ele>437.356</ele>
        <time>2025-01-09T10:45:21Z</time>
      </trkpt>
      <trkpt lat="41.517449" lon="2.332712">
        <ele>437.121</ele>
        <time>2025-01-09T10:45:23Z</time>
      </trkpt>
      <trkpt lat="41.517436" lon="2.332751">
        <ele>436.909</ele>
        <time>2025-01-09T10:45:25Z</time>
      </trkpt>
      <trkpt lat="41.517422" lon="2.332782">
        <ele>436.778</ele>
        <time>2025-01-09T10:45:27Z</time>
      </trkpt>
      <trkpt lat="41.517413" lon="2.332822">
        <ele>436.886</ele>
        <time>2025-01-09T10:45:29Z</time>
      </trkpt>
      <trkpt lat="41.517408" lon="2.332860">
        <ele>437.056</ele>
        <time>2025-01-09T10:45:31Z</time>
      </trkpt>
      <trkpt lat="41.517404" lon="2.332905">
        <ele>437.172</ele>
        <time>2025-01-09T10:45:33Z</time>
      </trkpt>
      <trkpt lat="41.517401" lon="2.332962">
        <ele>437.312</ele>
        <time>2025-01-09T10:45:35Z</time>
      </trkpt>
      <trkpt lat="41.517381" lon="2.333019">
        <ele>437.496</ele>
        <time>2025-01-09T10:45:39Z</time>
      </trkpt>
      <trkpt lat="41.517359" lon="2.333085">
        <ele>437.714</ele>
        <time>2025-01-09T10:45:43Z</time>
      </trkpt>
      <trkpt lat="41.517351" lon="2.333125">
        <ele>437.871</ele>
        <time>2025-01-09T10:45:45Z</time>
      </trkpt>
      <trkpt lat="41.517345" lon="2.333168">
        <ele>438.174</ele>
        <time>2025-01-09T10:45:47Z</time>
      </trkpt>
      <trkpt lat="41.517344" lon="2.333211">
        <ele>438.325</ele>
        <time>2025-01-09T10:45:49Z</time>
      </trkpt>
      <trkpt lat="41.517346" lon="2.333258">
        <ele>438.626</ele>
        <time>2025-01-09T10:45:51Z</time>
      </trkpt>
      <trkpt lat="41.517348" lon="2.333305">
        <ele>438.808</ele>
        <time>2025-01-09T10:45:53Z</time>
      </trkpt>
      <trkpt lat="41.517343" lon="2.333363">
        <ele>439.009</ele>
        <time>2025-01-09T10:45:56Z</time>
      </trkpt>
      <trkpt lat="41.517354" lon="2.333401">
        <ele>439.043</ele>
        <time>2025-01-09T10:45:58Z</time>
      </trkpt>
      <trkpt lat="41.517372" lon="2.333478">
        <ele>439.071</ele>
        <time>2025-01-09T10:46:02Z</time>
      </trkpt>
      <trkpt lat="41.517383" lon="2.333519">
        <ele>439.051</ele>
        <time>2025-01-09T10:46:04Z</time>
      </trkpt>
      <trkpt lat="41.517393" lon="2.333555">
        <ele>439.057</ele>
        <time>2025-01-09T10:46:06Z</time>
      </trkpt>
      <trkpt lat="41.517406" lon="2.333595">
        <ele>439.027</ele>
        <time>2025-01-09T10:46:08Z</time>
      </trkpt>
      <trkpt lat="41.517419" lon="2.333629">
        <ele>439.011</ele>
        <time>2025-01-09T10:46:10Z</time>
      </trkpt>
      <trkpt lat="41.517431" lon="2.333672">
        <ele>439.019</ele>
        <time>2025-01-09T10:46:12Z</time>
      </trkpt>
      <trkpt lat="41.517445" lon="2.333709">
        <ele>439.086</ele>
        <time>2025-01-09T10:46:14Z</time>
      </trkpt>
      <trkpt lat="41.517459" lon="2.333743">
        <ele>439.079</ele>
        <time>2025-01-09T10:46:16Z</time>
      </trkpt>
      <trkpt lat="41.517477" lon="2.333778">
        <ele>439.055</ele>
        <time>2025-01-09T10:46:18Z</time>
      </trkpt>
      <trkpt lat="41.517493" lon="2.333812">
        <ele>439.007</ele>
        <time>2025-01-09T10:46:20Z</time>
      </trkpt>
      <trkpt lat="41.517507" lon="2.333873">
        <ele>438.917</ele>
        <time>2025-01-09T10:46:24Z</time>
      </trkpt>
      <trkpt lat="41.517520" lon="2.333913">
        <ele>438.609</ele>
        <time>2025-01-09T10:46:26Z</time>
      </trkpt>
      <trkpt lat="41.517545" lon="2.333974">
        <ele>438.286</ele>
        <time>2025-01-09T10:46:29Z</time>
      </trkpt>
      <trkpt lat="41.517558" lon="2.334016">
        <ele>438.024</ele>
        <time>2025-01-09T10:46:31Z</time>
      </trkpt>
      <trkpt lat="41.517570" lon="2.334052">
        <ele>437.754</ele>
        <time>2025-01-09T10:46:33Z</time>
      </trkpt>
      <trkpt lat="41.517590" lon="2.334119">
        <ele>437.470</ele>
        <time>2025-01-09T10:46:37Z</time>
      </trkpt>
      <trkpt lat="41.517601" lon="2.334154">
        <ele>437.270</ele>
        <time>2025-01-09T10:46:39Z</time>
      </trkpt>
      <trkpt lat="41.517616" lon="2.334189">
        <ele>436.914</ele>
        <time>2025-01-09T10:46:41Z</time>
      </trkpt>
      <trkpt lat="41.517640" lon="2.334255">
        <ele>436.342</ele>
        <time>2025-01-09T10:46:45Z</time>
      </trkpt>
      <trkpt lat="41.517662" lon="2.334314">
        <ele>435.819</ele>
        <time>2025-01-09T10:46:49Z</time>
      </trkpt>
      <trkpt lat="41.517684" lon="2.334368">
        <ele>435.252</ele>
        <time>2025-01-09T10:46:53Z</time>
      </trkpt>
      <trkpt lat="41.517714" lon="2.334421">
        <ele>434.462</ele>
        <time>2025-01-09T10:46:57Z</time>
      </trkpt>
      <trkpt lat="41.517742" lon="2.334481">
        <ele>433.883</ele>
        <time>2025-01-09T10:47:01Z</time>
      </trkpt>
      <trkpt lat="41.517755" lon="2.334518">
        <ele>433.511</ele>
        <time>2025-01-09T10:47:03Z</time>
      </trkpt>
      <trkpt lat="41.517764" lon="2.334553">
        <ele>433.309</ele>
        <time>2025-01-09T10:47:05Z</time>
      </trkpt>
      <trkpt lat="41.517778" lon="2.334616">
        <ele>433.077</ele>
        <time>2025-01-09T10:47:09Z</time>
      </trkpt>
      <trkpt lat="41.517786" lon="2.334651">
        <ele>432.865</ele>
        <time>2025-01-09T10:47:11Z</time>
      </trkpt>
      <trkpt lat="41.517793" lon="2.334687">
        <ele>432.645</ele>
        <time>2025-01-09T10:47:13Z</time>
      </trkpt>
      <trkpt lat="41.517798" lon="2.334728">
        <ele>432.441</ele>
        <time>2025-01-09T10:47:15Z</time>
      </trkpt>
      <trkpt lat="41.517804" lon="2.334795">
        <ele>432.021</ele>
        <time>2025-01-09T10:47:18Z</time>
      </trkpt>
      <trkpt lat="41.517807" lon="2.334841">
        <ele>431.815</ele>
        <time>2025-01-09T10:47:20Z</time>
      </trkpt>
      <trkpt lat="41.517806" lon="2.334883">
        <ele>431.793</ele>
        <time>2025-01-09T10:47:22Z</time>
      </trkpt>
      <trkpt lat="41.517802" lon="2.334924">
        <ele>431.760</ele>
        <time>2025-01-09T10:47:24Z</time>
      </trkpt>
      <trkpt lat="41.517800" lon="2.334964">
        <ele>431.693</ele>
        <time>2025-01-09T10:47:26Z</time>
      </trkpt>
      <trkpt lat="41.517802" lon="2.335000">
        <ele>431.547</ele>
        <time>2025-01-09T10:47:28Z</time>
      </trkpt>
      <trkpt lat="41.517798" lon="2.335037">
        <ele>431.429</ele>
        <time>2025-01-09T10:47:30Z</time>
      </trkpt>
      <trkpt lat="41.517795" lon="2.335106">
        <ele>431.321</ele>
        <time>2025-01-09T10:47:34Z</time>
      </trkpt>
      <trkpt lat="41.517791" lon="2.335145">
        <ele>431.209</ele>
        <time>2025-01-09T10:47:36Z</time>
      </trkpt>
      <trkpt lat="41.517790" lon="2.335213">
        <ele>431.085</ele>
        <time>2025-01-09T10:47:39Z</time>
      </trkpt>
      <trkpt lat="41.517795" lon="2.335251">
        <ele>430.863</ele>
        <time>2025-01-09T10:47:41Z</time>
      </trkpt>
      <trkpt lat="41.517798" lon="2.335288">
        <ele>430.643</ele>
        <time>2025-01-09T10:47:43Z</time>
      </trkpt>
      <trkpt lat="41.517802" lon="2.335335">
        <ele>430.399</ele>
        <time>2025-01-09T10:47:45Z</time>
      </trkpt>
      <trkpt lat="41.517812" lon="2.335375">
        <ele>429.979</ele>
        <time>2025-01-09T10:47:47Z</time>
      </trkpt>
      <trkpt lat="41.517819" lon="2.335415">
        <ele>429.543</ele>
        <time>2025-01-09T10:47:49Z</time>
      </trkpt>
      <trkpt lat="41.517829" lon="2.335458">
        <ele>429.141</ele>
        <time>2025-01-09T10:47:51Z</time>
      </trkpt>
      <trkpt lat="41.517843" lon="2.335504">
        <ele>428.688</ele>
        <time>2025-01-09T10:47:53Z</time>
      </trkpt>
      <trkpt lat="41.517857" lon="2.335543">
        <ele>428.221</ele>
        <time>2025-01-09T10:47:55Z</time>
      </trkpt>
      <trkpt lat="41.517870" lon="2.335579">
        <ele>427.999</ele>
        <time>2025-01-09T10:47:57Z</time>
      </trkpt>
      <trkpt lat="41.517881" lon="2.335616">
        <ele>427.707</ele>
        <time>2025-01-09T10:47:59Z</time>
      </trkpt>
      <trkpt lat="41.517893" lon="2.335654">
        <ele>427.527</ele>
        <time>2025-01-09T10:48:01Z</time>
      </trkpt>
      <trkpt lat="41.517906" lon="2.335689">
        <ele>427.309</ele>
        <time>2025-01-09T10:48:03Z</time>
      </trkpt>
      <trkpt lat="41.517911" lon="2.335726">
        <ele>427.210</ele>
        <time>2025-01-09T10:48:05Z</time>
      </trkpt>
      <trkpt lat="41.517908" lon="2.335763">
        <ele>427.258</ele>
        <time>2025-01-09T10:48:07Z</time>
      </trkpt>
      <trkpt lat="41.517910" lon="2.335807">
        <ele>427.188</ele>
        <time>2025-01-09T10:48:09Z</time>
      </trkpt>
      <trkpt lat="41.517917" lon="2.335847">
        <ele>426.984</ele>
        <time>2025-01-09T10:48:11Z</time>
      </trkpt>
      <trkpt lat="41.517923" lon="2.335888">
        <ele>426.744</ele>
        <time>2025-01-09T10:48:13Z</time>
      </trkpt>
      <trkpt lat="41.517933" lon="2.335928">
        <ele>426.518</ele>
        <time>2025-01-09T10:48:15Z</time>
      </trkpt>
      <trkpt lat="41.517943" lon="2.335969">
        <ele>426.276</ele>
        <time>2025-01-09T10:48:17Z</time>
      </trkpt>
      <trkpt lat="41.517953" lon="2.336014">
        <ele>425.913</ele>
        <time>2025-01-09T10:48:19Z</time>
      </trkpt>
      <trkpt lat="41.517961" lon="2.336058">
        <ele>425.726</ele>
        <time>2025-01-09T10:48:21Z</time>
      </trkpt>
      <trkpt lat="41.517968" lon="2.336099">
        <ele>425.446</ele>
        <time>2025-01-09T10:48:23Z</time>
      </trkpt>
      <trkpt lat="41.517970" lon="2.336137">
        <ele>425.288</ele>
        <time>2025-01-09T10:48:25Z</time>
      </trkpt>
      <trkpt lat="41.517972" lon="2.336181">
        <ele>425.016</ele>
        <time>2025-01-09T10:48:27Z</time>
      </trkpt>
      <trkpt lat="41.517976" lon="2.336222">
        <ele>424.909</ele>
        <time>2025-01-09T10:48:29Z</time>
      </trkpt>
      <trkpt lat="41.517977" lon="2.336262">
        <ele>424.745</ele>
        <time>2025-01-09T10:48:31Z</time>
      </trkpt>
      <trkpt lat="41.517980" lon="2.336334">
        <ele>424.543</ele>
        <time>2025-01-09T10:48:35Z</time>
      </trkpt>
      <trkpt lat="41.517977" lon="2.336379">
        <ele>424.313</ele>
        <time>2025-01-09T10:48:37Z</time>
      </trkpt>
      <trkpt lat="41.517979" lon="2.336418">
        <ele>424.159</ele>
        <time>2025-01-09T10:48:39Z</time>
      </trkpt>
      <trkpt lat="41.517981" lon="2.336459">
        <ele>423.849</ele>
        <time>2025-01-09T10:48:41Z</time>
      </trkpt>
      <trkpt lat="41.517978" lon="2.336522">
        <ele>423.513</ele>
        <time>2025-01-09T10:48:44Z</time>
      </trkpt>
      <trkpt lat="41.517978" lon="2.336570">
        <ele>423.231</ele>
        <time>2025-01-09T10:48:46Z</time>
      </trkpt>
      <trkpt lat="41.517978" lon="2.336614">
        <ele>422.928</ele>
        <time>2025-01-09T10:48:48Z</time>
      </trkpt>
      <trkpt lat="41.517982" lon="2.336656">
        <ele>422.651</ele>
        <time>2025-01-09T10:48:50Z</time>
      </trkpt>
      <trkpt lat="41.517977" lon="2.336691">
        <ele>422.446</ele>
        <time>2025-01-09T10:48:52Z</time>
      </trkpt>
      <trkpt lat="41.517982" lon="2.336730">
        <ele>422.188</ele>
        <time>2025-01-09T10:48:54Z</time>
      </trkpt>
      <trkpt lat="41.517990" lon="2.336774">
        <ele>421.816</ele>
        <time>2025-01-09T10:48:56Z</time>
      </trkpt>
      <trkpt lat="41.518000" lon="2.336816">
        <ele>421.409</ele>
        <time>2025-01-09T10:48:58Z</time>
      </trkpt>
      <trkpt lat="41.518009" lon="2.336862">
        <ele>421.025</ele>
        <time>2025-01-09T10:49:00Z</time>
      </trkpt>
      <trkpt lat="41.518028" lon="2.336922">
        <ele>420.543</ele>
        <time>2025-01-09T10:49:03Z</time>
      </trkpt>
      <trkpt lat="41.518043" lon="2.336959">
        <ele>420.233</ele>
        <time>2025-01-09T10:49:05Z</time>
      </trkpt>
      <trkpt lat="41.518057" lon="2.336991">
        <ele>420.159</ele>
        <time>2025-01-09T10:49:07Z</time>
      </trkpt>
      <trkpt lat="41.518072" lon="2.337027">
        <ele>420.089</ele>
        <time>2025-01-09T10:49:09Z</time>
      </trkpt>
      <trkpt lat="41.518087" lon="2.337064">
        <ele>419.993</ele>
        <time>2025-01-09T10:49:11Z</time>
      </trkpt>
      <trkpt lat="41.518104" lon="2.337106">
        <ele>419.771</ele>
        <time>2025-01-09T10:49:13Z</time>
      </trkpt>
      <trkpt lat="41.518122" lon="2.337137">
        <ele>419.478</ele>
        <time>2025-01-09T10:49:15Z</time>
      </trkpt>
      <trkpt lat="41.518139" lon="2.337172">
        <ele>419.161</ele>
        <time>2025-01-09T10:49:17Z</time>
      </trkpt>
      <trkpt lat="41.518171" lon="2.337223">
        <ele>418.516</ele>
        <time>2025-01-09T10:49:20Z</time>
      </trkpt>
      <trkpt lat="41.518188" lon="2.337258">
        <ele>418.476</ele>
        <time>2025-01-09T10:49:22Z</time>
      </trkpt>
      <trkpt lat="41.518211" lon="2.337295">
        <ele>418.213</ele>
        <time>2025-01-09T10:49:24Z</time>
      </trkpt>
      <trkpt lat="41.518230" lon="2.337329">
        <ele>418.009</ele>
        <time>2025-01-09T10:49:26Z</time>
      </trkpt>
      <trkpt lat="41.518255" lon="2.337360">
        <ele>417.782</ele>
        <time>2025-01-09T10:49:28Z</time>
      </trkpt>
      <trkpt lat="41.518278" lon="2.337387">
        <ele>417.440</ele>
        <time>2025-01-09T10:49:30Z</time>
      </trkpt>
      <trkpt lat="41.518301" lon="2.337417">
        <ele>417.110</ele>
        <time>2025-01-09T10:49:32Z</time>
      </trkpt>
      <trkpt lat="41.518327" lon="2.337446">
        <ele>416.756</ele>
        <time>2025-01-09T10:49:34Z</time>
      </trkpt>
      <trkpt lat="41.518350" lon="2.337477">
        <ele>416.686</ele>
        <time>2025-01-09T10:49:36Z</time>
      </trkpt>
      <trkpt lat="41.518374" lon="2.337496">
        <ele>416.450</ele>
        <time>2025-01-09T10:49:38Z</time>
      </trkpt>
      <trkpt lat="41.518413" lon="2.337544">
        <ele>416.078</ele>
        <time>2025-01-09T10:49:42Z</time>
      </trkpt>
      <trkpt lat="41.518442" lon="2.337572">
        <ele>415.685</ele>
        <time>2025-01-09T10:49:44Z</time>
      </trkpt>
      <trkpt lat="41.518465" lon="2.337594">
        <ele>415.318</ele>
        <time>2025-01-09T10:49:46Z</time>
      </trkpt>
      <trkpt lat="41.518492" lon="2.337618">
        <ele>414.922</ele>
        <time>2025-01-09T10:49:48Z</time>
      </trkpt>
      <trkpt lat="41.518536" lon="2.337651">
        <ele>414.262</ele>
        <time>2025-01-09T10:49:51Z</time>
      </trkpt>
      <trkpt lat="41.518566" lon="2.337672">
        <ele>413.808</ele>
        <time>2025-01-09T10:49:53Z</time>
      </trkpt>
      <trkpt lat="41.518626" lon="2.337688">
        <ele>413.009</ele>
        <time>2025-01-09T10:49:57Z</time>
      </trkpt>
      <trkpt lat="41.518660" lon="2.337692">
        <ele>412.943</ele>
        <time>2025-01-09T10:49:59Z</time>
      </trkpt>
      <trkpt lat="41.518694" lon="2.337695">
        <ele>412.871</ele>
        <time>2025-01-09T10:50:01Z</time>
      </trkpt>
      <trkpt lat="41.518729" lon="2.337693">
        <ele>412.751</ele>
        <time>2025-01-09T10:50:03Z</time>
      </trkpt>
      <trkpt lat="41.518763" lon="2.337690">
        <ele>412.747</ele>
        <time>2025-01-09T10:50:05Z</time>
      </trkpt>
      <trkpt lat="41.518793" lon="2.337696">
        <ele>412.617</ele>
        <time>2025-01-09T10:50:07Z</time>
      </trkpt>
      <trkpt lat="41.518844" lon="2.337674">
        <ele>412.421</ele>
        <time>2025-01-09T10:50:11Z</time>
      </trkpt>
      <trkpt lat="41.518872" lon="2.337664">
        <ele>412.239</ele>
        <time>2025-01-09T10:50:13Z</time>
      </trkpt>
      <trkpt lat="41.518899" lon="2.337651">
        <ele>412.176</ele>
        <time>2025-01-09T10:50:15Z</time>
      </trkpt>
      <trkpt lat="41.518930" lon="2.337643">
        <ele>412.069</ele>
        <time>2025-01-09T10:50:17Z</time>
      </trkpt>
      <trkpt lat="41.518959" lon="2.337633">
        <ele>411.845</ele>
        <time>2025-01-09T10:50:19Z</time>
      </trkpt>
      <trkpt lat="41.519004" lon="2.337627">
        <ele>411.747</ele>
        <time>2025-01-09T10:50:21Z</time>
      </trkpt>
      <trkpt lat="41.519062" lon="2.337627">
        <ele>411.611</ele>
        <time>2025-01-09T10:51:19Z</time>
      </trkpt>
      <trkpt lat="41.519090" lon="2.337635">
        <ele>411.609</ele>
        <time>2025-01-09T10:51:21Z</time>
      </trkpt>
      <trkpt lat="41.519120" lon="2.337637">
        <ele>411.655</ele>
        <time>2025-01-09T10:51:23Z</time>
      </trkpt>
      <trkpt lat="41.519147" lon="2.337652">
        <ele>411.773</ele>
        <time>2025-01-09T10:51:25Z</time>
      </trkpt>
      <trkpt lat="41.519176" lon="2.337653">
        <ele>411.633</ele>
        <time>2025-01-09T10:51:27Z</time>
      </trkpt>
      <trkpt lat="41.519208" lon="2.337668">
        <ele>411.559</ele>
        <time>2025-01-09T10:51:29Z</time>
      </trkpt>
      <trkpt lat="41.519237" lon="2.337678">
        <ele>411.459</ele>
        <time>2025-01-09T10:51:31Z</time>
      </trkpt>
      <trkpt lat="41.519267" lon="2.337679">
        <ele>411.253</ele>
        <time>2025-01-09T10:51:33Z</time>
      </trkpt>
      <trkpt lat="41.519298" lon="2.337698">
        <ele>411.281</ele>
        <time>2025-01-09T10:51:35Z</time>
      </trkpt>
      <trkpt lat="41.519345" lon="2.337723">
        <ele>411.158</ele>
        <time>2025-01-09T10:51:38Z</time>
      </trkpt>
      <trkpt lat="41.519383" lon="2.337733">
        <ele>411.021</ele>
        <time>2025-01-09T10:51:40Z</time>
      </trkpt>
      <trkpt lat="41.519410" lon="2.337735">
        <ele>410.829</ele>
        <time>2025-01-09T10:51:42Z</time>
      </trkpt>
      <trkpt lat="41.519438" lon="2.337741">
        <ele>410.600</ele>
        <time>2025-01-09T10:51:44Z</time>
      </trkpt>
      <trkpt lat="41.519468" lon="2.337746">
        <ele>410.520</ele>
        <time>2025-01-09T10:51:46Z</time>
      </trkpt>
      <trkpt lat="41.519496" lon="2.337755">
        <ele>410.409</ele>
        <time>2025-01-09T10:51:48Z</time>
      </trkpt>
      <trkpt lat="41.519546" lon="2.337762">
        <ele>410.113</ele>
        <time>2025-01-09T10:51:51Z</time>
      </trkpt>
      <trkpt lat="41.519578" lon="2.337761">
        <ele>409.911</ele>
        <time>2025-01-09T10:51:53Z</time>
      </trkpt>
      <trkpt lat="41.519611" lon="2.337756">
        <ele>409.661</ele>
        <time>2025-01-09T10:51:55Z</time>
      </trkpt>
      <trkpt lat="41.519646" lon="2.337749">
        <ele>409.377</ele>
        <time>2025-01-09T10:51:57Z</time>
      </trkpt>
      <trkpt lat="41.519681" lon="2.337757">
        <ele>409.197</ele>
        <time>2025-01-09T10:51:59Z</time>
      </trkpt>
      <trkpt lat="41.519714" lon="2.337763">
        <ele>409.071</ele>
        <time>2025-01-09T10:52:01Z</time>
      </trkpt>
      <trkpt lat="41.519761" lon="2.337776">
        <ele>409.089</ele>
        <time>2025-01-09T10:52:04Z</time>
      </trkpt>
      <trkpt lat="41.519792" lon="2.337781">
        <ele>409.076</ele>
        <time>2025-01-09T10:52:06Z</time>
      </trkpt>
      <trkpt lat="41.519825" lon="2.337780">
        <ele>409.029</ele>
        <time>2025-01-09T10:52:08Z</time>
      </trkpt>
      <trkpt lat="41.519863" lon="2.337780">
        <ele>409.062</ele>
        <time>2025-01-09T10:52:10Z</time>
      </trkpt>
      <trkpt lat="41.519896" lon="2.337781">
        <ele>409.083</ele>
        <time>2025-01-09T10:52:12Z</time>
      </trkpt>
      <trkpt lat="41.519929" lon="2.337782">
        <ele>409.011</ele>
        <time>2025-01-09T10:52:14Z</time>
      </trkpt>
      <trkpt lat="41.519961" lon="2.337782">
        <ele>409.009</ele>
        <time>2025-01-09T10:52:16Z</time>
      </trkpt>
      <trkpt lat="41.519994" lon="2.337774">
        <ele>409.037</ele>
        <time>2025-01-09T10:52:18Z</time>
      </trkpt>
      <trkpt lat="41.520025" lon="2.337771">
        <ele>408.925</ele>
        <time>2025-01-09T10:52:20Z</time>
      </trkpt>
      <trkpt lat="41.520058" lon="2.337770">
        <ele>408.935</ele>
        <time>2025-01-09T10:52:22Z</time>
      </trkpt>
      <trkpt lat="41.520108" lon="2.337754">
        <ele>408.871</ele>
        <time>2025-01-09T10:52:25Z</time>
      </trkpt>
      <trkpt lat="41.520141" lon="2.337747">
        <ele>408.741</ele>
        <time>2025-01-09T10:52:27Z</time>
      </trkpt>
      <trkpt lat="41.520178" lon="2.337737">
        <ele>408.725</ele>
        <time>2025-01-09T10:52:29Z</time>
      </trkpt>
      <trkpt lat="41.520229" lon="2.337716">
        <ele>408.573</ele>
        <time>2025-01-09T10:52:32Z</time>
      </trkpt>
      <trkpt lat="41.520266" lon="2.337703">
        <ele>408.580</ele>
        <time>2025-01-09T10:52:34Z</time>
      </trkpt>
      <trkpt lat="41.520314" lon="2.337687">
        <ele>408.343</ele>
        <time>2025-01-09T10:52:37Z</time>
      </trkpt>
      <trkpt lat="41.520365" lon="2.337678">
        <ele>408.192</ele>
        <time>2025-01-09T10:52:40Z</time>
      </trkpt>
      <trkpt lat="41.520391" lon="2.337668">
        <ele>407.973</ele>
        <time>2025-01-09T10:52:42Z</time>
      </trkpt>
      <trkpt lat="41.520418" lon="2.337655">
        <ele>407.720</ele>
        <time>2025-01-09T10:52:44Z</time>
      </trkpt>
      <trkpt lat="41.520448" lon="2.337639">
        <ele>407.409</ele>
        <time>2025-01-09T10:52:46Z</time>
      </trkpt>
      <trkpt lat="41.520499" lon="2.337617">
        <ele>406.970</ele>
        <time>2025-01-09T10:52:49Z</time>
      </trkpt>
      <trkpt lat="41.520532" lon="2.337607">
        <ele>406.688</ele>
        <time>2025-01-09T10:52:51Z</time>
      </trkpt>
      <trkpt lat="41.520564" lon="2.337594">
        <ele>406.318</ele>
        <time>2025-01-09T10:52:53Z</time>
      </trkpt>
      <trkpt lat="41.520598" lon="2.337583">
        <ele>406.024</ele>
        <time>2025-01-09T10:52:55Z</time>
      </trkpt>
      <trkpt lat="41.520625" lon="2.337578">
        <ele>405.984</ele>
        <time>2025-01-09T10:52:57Z</time>
      </trkpt>
      <trkpt lat="41.520654" lon="2.337563">
        <ele>405.688</ele>
        <time>2025-01-09T10:52:59Z</time>
      </trkpt>
      <trkpt lat="41.520703" lon="2.337545">
        <ele>405.156</ele>
        <time>2025-01-09T10:53:02Z</time>
      </trkpt>
      <trkpt lat="41.520735" lon="2.337529">
        <ele>404.863</ele>
        <time>2025-01-09T10:53:04Z</time>
      </trkpt>
      <trkpt lat="41.520765" lon="2.337518">
        <ele>404.566</ele>
        <time>2025-01-09T10:53:06Z</time>
      </trkpt>
      <trkpt lat="41.520794" lon="2.337504">
        <ele>404.225</ele>
        <time>2025-01-09T10:53:08Z</time>
      </trkpt>
      <trkpt lat="41.520826" lon="2.337491">
        <ele>403.926</ele>
        <time>2025-01-09T10:53:10Z</time>
      </trkpt>
      <trkpt lat="41.520862" lon="2.337479">
        <ele>403.908</ele>
        <time>2025-01-09T10:53:12Z</time>
      </trkpt>
      <trkpt lat="41.520895" lon="2.337463">
        <ele>403.809</ele>
        <time>2025-01-09T10:53:14Z</time>
      </trkpt>
      <trkpt lat="41.520929" lon="2.337447">
        <ele>403.713</ele>
        <time>2025-01-09T10:53:16Z</time>
      </trkpt>
      <trkpt lat="41.520959" lon="2.337432">
        <ele>403.611</ele>
        <time>2025-01-09T10:53:18Z</time>
      </trkpt>
      <trkpt lat="41.520990" lon="2.337419">
        <ele>403.551</ele>
        <time>2025-01-09T10:53:20Z</time>
      </trkpt>
      <trkpt lat="41.521024" lon="2.337412">
        <ele>403.587</ele>
        <time>2025-01-09T10:53:22Z</time>
      </trkpt>
      <trkpt lat="41.521053" lon="2.337397">
        <ele>403.277</ele>
        <time>2025-01-09T10:53:24Z</time>
      </trkpt>
      <trkpt lat="41.521084" lon="2.337385">
        <ele>403.021</ele>
        <time>2025-01-09T10:53:26Z</time>
      </trkpt>
      <trkpt lat="41.521116" lon="2.337379">
        <ele>403.099</ele>
        <time>2025-01-09T10:53:28Z</time>
      </trkpt>
      <trkpt lat="41.521150" lon="2.337365">
        <ele>402.776</ele>
        <time>2025-01-09T10:53:30Z</time>
      </trkpt>
      <trkpt lat="41.521177" lon="2.337353">
        <ele>402.589</ele>
        <time>2025-01-09T10:53:32Z</time>
      </trkpt>
      <trkpt lat="41.521208" lon="2.337340">
        <ele>402.358</ele>
        <time>2025-01-09T10:53:34Z</time>
      </trkpt>
      <trkpt lat="41.521242" lon="2.337333">
        <ele>402.352</ele>
        <time>2025-01-09T10:53:36Z</time>
      </trkpt>
      <trkpt lat="41.521276" lon="2.337325">
        <ele>402.217</ele>
        <time>2025-01-09T10:53:38Z</time>
      </trkpt>
      <trkpt lat="41.521308" lon="2.337321">
        <ele>402.209</ele>
        <time>2025-01-09T10:53:40Z</time>
      </trkpt>
      <trkpt lat="41.521340" lon="2.337309">
        <ele>402.016</ele>
        <time>2025-01-09T10:53:42Z</time>
      </trkpt>
      <trkpt lat="41.521368" lon="2.337304">
        <ele>402.054</ele>
        <time>2025-01-09T10:53:44Z</time>
      </trkpt>
      <trkpt lat="41.521398" lon="2.337296">
        <ele>401.914</ele>
        <time>2025-01-09T10:53:46Z</time>
      </trkpt>
      <trkpt lat="41.521430" lon="2.337294">
        <ele>401.890</ele>
        <time>2025-01-09T10:53:48Z</time>
      </trkpt>
      <trkpt lat="41.521475" lon="2.337287">
        <ele>401.630</ele>
        <time>2025-01-09T10:53:51Z</time>
      </trkpt>
      <trkpt lat="41.521529" lon="2.337277">
        <ele>401.434</ele>
        <time>2025-01-09T10:53:54Z</time>
      </trkpt>
      <trkpt lat="41.521565" lon="2.337269">
        <ele>401.212</ele>
        <time>2025-01-09T10:53:56Z</time>
      </trkpt>
      <trkpt lat="41.521598" lon="2.337269">
        <ele>401.269</ele>
        <time>2025-01-09T10:53:58Z</time>
      </trkpt>
      <trkpt lat="41.521661" lon="2.337266">
        <ele>401.122</ele>
        <time>2025-01-09T10:54:02Z</time>
      </trkpt>
      <trkpt lat="41.521701" lon="2.337266">
        <ele>401.077</ele>
        <time>2025-01-09T10:54:04Z</time>
      </trkpt>
      <trkpt lat="41.521733" lon="2.337254">
        <ele>400.661</ele>
        <time>2025-01-09T10:54:06Z</time>
      </trkpt>
      <trkpt lat="41.521787" lon="2.337235">
        <ele>399.927</ele>
        <time>2025-01-09T10:54:10Z</time>
      </trkpt>
      <trkpt lat="41.521821" lon="2.337223">
        <ele>399.509</ele>
        <time>2025-01-09T10:54:12Z</time>
      </trkpt>
      <trkpt lat="41.521869" lon="2.337202">
        <ele>398.958</ele>
        <time>2025-01-09T10:54:15Z</time>
      </trkpt>
      <trkpt lat="41.521900" lon="2.337190">
        <ele>398.696</ele>
        <time>2025-01-09T10:54:17Z</time>
      </trkpt>
      <trkpt lat="41.521933" lon="2.337176">
        <ele>398.296</ele>
        <time>2025-01-09T10:54:19Z</time>
      </trkpt>
      <trkpt lat="41.521965" lon="2.337165">
        <ele>398.082</ele>
        <time>2025-01-09T10:54:21Z</time>
      </trkpt>
      <trkpt lat="41.521998" lon="2.337156">
        <ele>397.852</ele>
        <time>2025-01-09T10:54:23Z</time>
      </trkpt>
      <trkpt lat="41.522032" lon="2.337141">
        <ele>397.496</ele>
        <time>2025-01-09T10:54:25Z</time>
      </trkpt>
      <trkpt lat="41.522062" lon="2.337127">
        <ele>397.184</ele>
        <time>2025-01-09T10:54:27Z</time>
      </trkpt>
      <trkpt lat="41.522093" lon="2.337119">
        <ele>396.991</ele>
        <time>2025-01-09T10:54:29Z</time>
      </trkpt>
      <trkpt lat="41.522125" lon="2.337107">
        <ele>396.794</ele>
        <time>2025-01-09T10:54:31Z</time>
      </trkpt>
      <trkpt lat="41.522157" lon="2.337095">
        <ele>396.453</ele>
        <time>2025-01-09T10:54:33Z</time>
      </trkpt>
      <trkpt lat="41.522187" lon="2.337082">
        <ele>396.004</ele>
        <time>2025-01-09T10:54:35Z</time>
      </trkpt>
      <trkpt lat="41.522214" lon="2.337075">
        <ele>395.814</ele>
        <time>2025-01-09T10:54:37Z</time>
      </trkpt>
      <trkpt lat="41.522245" lon="2.337070">
        <ele>395.509</ele>
        <time>2025-01-09T10:54:39Z</time>
      </trkpt>
      <trkpt lat="41.522278" lon="2.337057">
        <ele>395.046</ele>
        <time>2025-01-09T10:54:41Z</time>
      </trkpt>
      <trkpt lat="41.522310" lon="2.337046">
        <ele>394.574</ele>
        <time>2025-01-09T10:54:43Z</time>
      </trkpt>
      <trkpt lat="41.522341" lon="2.337038">
        <ele>394.044</ele>
        <time>2025-01-09T10:54:45Z</time>
      </trkpt>
      <trkpt lat="41.522371" lon="2.337031">
        <ele>393.610</ele>
        <time>2025-01-09T10:54:47Z</time>
      </trkpt>
      <trkpt lat="41.522404" lon="2.337024">
        <ele>393.150</ele>
        <time>2025-01-09T10:54:49Z</time>
      </trkpt>
      <trkpt lat="41.522434" lon="2.337016">
        <ele>392.774</ele>
        <time>2025-01-09T10:54:51Z</time>
      </trkpt>
      <trkpt lat="41.522464" lon="2.337017">
        <ele>392.422</ele>
        <time>2025-01-09T10:54:53Z</time>
      </trkpt>
      <trkpt lat="41.522524" lon="2.337013">
        <ele>391.929</ele>
        <time>2025-01-09T10:54:57Z</time>
      </trkpt>
      <trkpt lat="41.522559" lon="2.337018">
        <ele>391.942</ele>
        <time>2025-01-09T10:54:59Z</time>
      </trkpt>
      <trkpt lat="41.522595" lon="2.337025">
        <ele>391.972</ele>
        <time>2025-01-09T10:55:01Z</time>
      </trkpt>
      <trkpt lat="41.522627" lon="2.337020">
        <ele>391.613</ele>
        <time>2025-01-09T10:55:03Z</time>
      </trkpt>
      <trkpt lat="41.522669" lon="2.337025">
        <ele>391.514</ele>
        <time>2025-01-09T10:55:05Z</time>
      </trkpt>
      <trkpt lat="41.522717" lon="2.337020">
        <ele>391.209</ele>
        <time>2025-01-09T10:55:08Z</time>
      </trkpt>
      <trkpt lat="41.522773" lon="2.337017">
        <ele>390.968</ele>
        <time>2025-01-09T10:55:12Z</time>
      </trkpt>
      <trkpt lat="41.522803" lon="2.337016">
        <ele>390.736</ele>
        <time>2025-01-09T10:55:14Z</time>
      </trkpt>
      <trkpt lat="41.522835" lon="2.337021">
        <ele>390.776</ele>
        <time>2025-01-09T10:55:16Z</time>
      </trkpt>
      <trkpt lat="41.522873" lon="2.337022">
        <ele>390.682</ele>
        <time>2025-01-09T10:55:18Z</time>
      </trkpt>
      <trkpt lat="41.522907" lon="2.337025">
        <ele>390.552</ele>
        <time>2025-01-09T10:55:20Z</time>
      </trkpt>
      <trkpt lat="41.522945" lon="2.337026">
        <ele>390.356</ele>
        <time>2025-01-09T10:55:22Z</time>
      </trkpt>
      <trkpt lat="41.522993" lon="2.337023">
        <ele>390.144</ele>
        <time>2025-01-09T10:55:25Z</time>
      </trkpt>
      <trkpt lat="41.523028" lon="2.337022">
        <ele>389.981</ele>
        <time>2025-01-09T10:55:27Z</time>
      </trkpt>
      <trkpt lat="41.523061" lon="2.337020">
        <ele>389.724</ele>
        <time>2025-01-09T10:55:29Z</time>
      </trkpt>
      <trkpt lat="41.523092" lon="2.337025">
        <ele>389.195</ele>
        <time>2025-01-09T10:55:31Z</time>
      </trkpt>
      <trkpt lat="41.523138" lon="2.337038">
        <ele>388.349</ele>
        <time>2025-01-09T10:55:34Z</time>
      </trkpt>
      <trkpt lat="41.523167" lon="2.337042">
        <ele>387.823</ele>
        <time>2025-01-09T10:55:36Z</time>
      </trkpt>
      <trkpt lat="41.523215" lon="2.337080">
        <ele>387.309</ele>
        <time>2025-01-09T10:55:39Z</time>
      </trkpt>
      <trkpt lat="41.523239" lon="2.337114">
        <ele>387.320</ele>
        <time>2025-01-09T10:55:41Z</time>
      </trkpt>
      <trkpt lat="41.523257" lon="2.337152">
        <ele>387.438</ele>
        <time>2025-01-09T10:55:43Z</time>
      </trkpt>
      <trkpt lat="41.523264" lon="2.337192">
        <ele>387.828</ele>
        <time>2025-01-09T10:55:45Z</time>
      </trkpt>
      <trkpt lat="41.523283" lon="2.337229">
        <ele>387.974</ele>
        <time>2025-01-09T10:55:47Z</time>
      </trkpt>
      <trkpt lat="41.523301" lon="2.337275">
        <ele>387.624</ele>
        <time>2025-01-09T10:55:49Z</time>
      </trkpt>
      <trkpt lat="41.523327" lon="2.337333">
        <ele>387.158</ele>
        <time>2025-01-09T10:55:52Z</time>
      </trkpt>
      <trkpt lat="41.523339" lon="2.337369">
        <ele>386.946</ele>
        <time>2025-01-09T10:55:54Z</time>
      </trkpt>
      <trkpt lat="41.523350" lon="2.337408">
        <ele>386.633</ele>
        <time>2025-01-09T10:55:56Z</time>
      </trkpt>
      <trkpt lat="41.523362" lon="2.337449">
        <ele>386.336</ele>
        <time>2025-01-09T10:55:58Z</time>
      </trkpt>
      <trkpt lat="41.523375" lon="2.337490">
        <ele>386.073</ele>
        <time>2025-01-09T10:56:00Z</time>
      </trkpt>
      <trkpt lat="41.523386" lon="2.337533">
        <ele>385.785</ele>
        <time>2025-01-09T10:56:02Z</time>
      </trkpt>
      <trkpt lat="41.523390" lon="2.337575">
        <ele>385.613</ele>
        <time>2025-01-09T10:56:04Z</time>
      </trkpt>
      <trkpt lat="41.523391" lon="2.337617">
        <ele>385.609</ele>
        <time>2025-01-09T10:56:06Z</time>
      </trkpt>
      <trkpt lat="41.523398" lon="2.337658">
        <ele>385.538</ele>
        <time>2025-01-09T10:56:08Z</time>
      </trkpt>
      <trkpt lat="41.523405" lon="2.337702">
        <ele>385.476</ele>
        <time>2025-01-09T10:56:10Z</time>
      </trkpt>
      <trkpt lat="41.523408" lon="2.337752">
        <ele>385.486</ele>
        <time>2025-01-09T10:56:12Z</time>
      </trkpt>
      <trkpt lat="41.523410" lon="2.337796">
        <ele>385.512</ele>
        <time>2025-01-09T10:56:14Z</time>
      </trkpt>
      <trkpt lat="41.523412" lon="2.337839">
        <ele>385.982</ele>
        <time>2025-01-09T10:56:16Z</time>
      </trkpt>
      <trkpt lat="41.523410" lon="2.337883">
        <ele>386.426</ele>
        <time>2025-01-09T10:56:18Z</time>
      </trkpt>
      <trkpt lat="41.523410" lon="2.337926">
        <ele>386.854</ele>
        <time>2025-01-09T10:56:20Z</time>
      </trkpt>
      <trkpt lat="41.523423" lon="2.337971">
        <ele>386.991</ele>
        <time>2025-01-09T10:56:22Z</time>
      </trkpt>
      <trkpt lat="41.523443" lon="2.338005">
        <ele>386.814</ele>
        <time>2025-01-09T10:56:24Z</time>
      </trkpt>
      <trkpt lat="41.523480" lon="2.338055">
        <ele>386.318</ele>
        <time>2025-01-09T10:56:27Z</time>
      </trkpt>
      <trkpt lat="41.523500" lon="2.338086">
        <ele>386.198</ele>
        <time>2025-01-09T10:56:29Z</time>
      </trkpt>
      <trkpt lat="41.523528" lon="2.338114">
        <ele>385.717</ele>
        <time>2025-01-09T10:56:31Z</time>
      </trkpt>
      <trkpt lat="41.523571" lon="2.338152">
        <ele>385.109</ele>
        <time>2025-01-09T10:56:34Z</time>
      </trkpt>
      <trkpt lat="41.523617" lon="2.338183">
        <ele>384.242</ele>
        <time>2025-01-09T10:56:37Z</time>
      </trkpt>
      <trkpt lat="41.523644" lon="2.338196">
        <ele>383.620</ele>
        <time>2025-01-09T10:56:39Z</time>
      </trkpt>
      <trkpt lat="41.523691" lon="2.338233">
        <ele>382.670</ele>
        <time>2025-01-09T10:56:43Z</time>
      </trkpt>
      <trkpt lat="41.523719" lon="2.338255">
        <ele>382.026</ele>
        <time>2025-01-09T10:56:45Z</time>
      </trkpt>
      <trkpt lat="41.523749" lon="2.338281">
        <ele>381.586</ele>
        <time>2025-01-09T10:56:47Z</time>
      </trkpt>
      <trkpt lat="41.523793" lon="2.338312">
        <ele>380.520</ele>
        <time>2025-01-09T10:56:50Z</time>
      </trkpt>
      <trkpt lat="41.523820" lon="2.338333">
        <ele>380.078</ele>
        <time>2025-01-09T10:56:52Z</time>
      </trkpt>
      <trkpt lat="41.523843" lon="2.338363">
        <ele>379.675</ele>
        <time>2025-01-09T10:56:54Z</time>
      </trkpt>
      <trkpt lat="41.523867" lon="2.338393">
        <ele>379.338</ele>
        <time>2025-01-09T10:56:56Z</time>
      </trkpt>
      <trkpt lat="41.523891" lon="2.338423">
        <ele>378.971</ele>
        <time>2025-01-09T10:56:58Z</time>
      </trkpt>
      <trkpt lat="41.523912" lon="2.338451">
        <ele>378.741</ele>
        <time>2025-01-09T10:57:00Z</time>
      </trkpt>
      <trkpt lat="41.523930" lon="2.338488">
        <ele>378.615</ele>
        <time>2025-01-09T10:57:02Z</time>
      </trkpt>
      <trkpt lat="41.523950" lon="2.338516">
        <ele>378.409</ele>
        <time>2025-01-09T10:57:04Z</time>
      </trkpt>
      <trkpt lat="41.523969" lon="2.338551">
        <ele>378.328</ele>
        <time>2025-01-09T10:57:06Z</time>
      </trkpt>
      <trkpt lat="41.523992" lon="2.338617">
        <ele>378.556</ele>
        <time>2025-01-09T10:57:09Z</time>
      </trkpt>
      <trkpt lat="41.524000" lon="2.338659">
        <ele>378.616</ele>
        <time>2025-01-09T10:57:11Z</time>
      </trkpt>
      <trkpt lat="41.524013" lon="2.338701">
        <ele>378.732</ele>
        <time>2025-01-09T10:57:13Z</time>
      </trkpt>
      <trkpt lat="41.524021" lon="2.338742">
        <ele>378.972</ele>
        <time>2025-01-09T10:57:15Z</time>
      </trkpt>
      <trkpt lat="41.524030" lon="2.338784">
        <ele>379.076</ele>
        <time>2025-01-09T10:57:17Z</time>
      </trkpt>
      <trkpt lat="41.524041" lon="2.338821">
        <ele>379.024</ele>
        <time>2025-01-09T10:57:19Z</time>
      </trkpt>
      <trkpt lat="41.524060" lon="2.338866">
        <ele>378.971</ele>
        <time>2025-01-09T10:57:21Z</time>
      </trkpt>
      <trkpt lat="41.524074" lon="2.338910">
        <ele>378.844</ele>
        <time>2025-01-09T10:57:23Z</time>
      </trkpt>
      <trkpt lat="41.524087" lon="2.338941">
        <ele>378.591</ele>
        <time>2025-01-09T10:57:25Z</time>
      </trkpt>
      <trkpt lat="41.524108" lon="2.338974">
        <ele>378.181</ele>
        <time>2025-01-09T10:57:27Z</time>
      </trkpt>
      <trkpt lat="41.524135" lon="2.339006">
        <ele>377.419</ele>
        <time>2025-01-09T10:57:29Z</time>
      </trkpt>
      <trkpt lat="41.524157" lon="2.339043">
        <ele>376.909</ele>
        <time>2025-01-09T10:57:31Z</time>
      </trkpt>
      <trkpt lat="41.524189" lon="2.339078">
        <ele>376.350</ele>
        <time>2025-01-09T10:57:33Z</time>
      </trkpt>
      <trkpt lat="41.524209" lon="2.339103">
        <ele>376.198</ele>
        <time>2025-01-09T10:57:35Z</time>
      </trkpt>
      <trkpt lat="41.524243" lon="2.339144">
        <ele>375.848</ele>
        <time>2025-01-09T10:57:38Z</time>
      </trkpt>
      <trkpt lat="41.524281" lon="2.339180">
        <ele>375.584</ele>
        <time>2025-01-09T10:57:41Z</time>
      </trkpt>
      <trkpt lat="41.524315" lon="2.339203">
        <ele>375.264</ele>
        <time>2025-01-09T10:57:43Z</time>
      </trkpt>
      <trkpt lat="41.524346" lon="2.339215">
        <ele>374.838</ele>
        <time>2025-01-09T10:57:45Z</time>
      </trkpt>
      <trkpt lat="41.524372" lon="2.339232">
        <ele>374.646</ele>
        <time>2025-01-09T10:57:47Z</time>
      </trkpt>
      <trkpt lat="41.524407" lon="2.339249">
        <ele>374.273</ele>
        <time>2025-01-09T10:57:49Z</time>
      </trkpt>
      <trkpt lat="41.524449" lon="2.339272">
        <ele>373.786</ele>
        <time>2025-01-09T10:57:52Z</time>
      </trkpt>
      <trkpt lat="41.524481" lon="2.339289">
        <ele>373.416</ele>
        <time>2025-01-09T10:57:54Z</time>
      </trkpt>
      <trkpt lat="41.524511" lon="2.339300">
        <ele>373.176</ele>
        <time>2025-01-09T10:57:56Z</time>
      </trkpt>
      <trkpt lat="41.524540" lon="2.339306">
        <ele>372.813</ele>
        <time>2025-01-09T10:57:58Z</time>
      </trkpt>
      <trkpt lat="41.524569" lon="2.339315">
        <ele>372.509</ele>
        <time>2025-01-09T10:58:00Z</time>
      </trkpt>
      <trkpt lat="41.524601" lon="2.339326">
        <ele>372.272</ele>
        <time>2025-01-09T10:58:02Z</time>
      </trkpt>
      <trkpt lat="41.524634" lon="2.339336">
        <ele>371.960</ele>
        <time>2025-01-09T10:58:04Z</time>
      </trkpt>
      <trkpt lat="41.524666" lon="2.339357">
        <ele>371.760</ele>
        <time>2025-01-09T10:58:06Z</time>
      </trkpt>
      <trkpt lat="41.524712" lon="2.339375">
        <ele>371.476</ele>
        <time>2025-01-09T10:58:09Z</time>
      </trkpt>
      <trkpt lat="41.524739" lon="2.339388">
        <ele>371.246</ele>
        <time>2025-01-09T10:58:11Z</time>
      </trkpt>
      <trkpt lat="41.524769" lon="2.339408">
        <ele>371.050</ele>
        <time>2025-01-09T10:58:13Z</time>
      </trkpt>
      <trkpt lat="41.524797" lon="2.339426">
        <ele>370.718</ele>
        <time>2025-01-09T10:58:15Z</time>
      </trkpt>
      <trkpt lat="41.524830" lon="2.339446">
        <ele>370.535</ele>
        <time>2025-01-09T10:58:17Z</time>
      </trkpt>
      <trkpt lat="41.524861" lon="2.339470">
        <ele>370.138</ele>
        <time>2025-01-09T10:58:19Z</time>
      </trkpt>
      <trkpt lat="41.524905" lon="2.339510">
        <ele>369.631</ele>
        <time>2025-01-09T10:58:23Z</time>
      </trkpt>
      <trkpt lat="41.524941" lon="2.339526">
        <ele>369.161</ele>
        <time>2025-01-09T10:58:25Z</time>
      </trkpt>
      <trkpt lat="41.524970" lon="2.339548">
        <ele>368.807</ele>
        <time>2025-01-09T10:58:27Z</time>
      </trkpt>
      <trkpt lat="41.524997" lon="2.339567">
        <ele>368.509</ele>
        <time>2025-01-09T10:58:29Z</time>
      </trkpt>
      <trkpt lat="41.525025" lon="2.339578">
        <ele>368.354</ele>
        <time>2025-01-09T10:58:31Z</time>
      </trkpt>
      <trkpt lat="41.525079" lon="2.339595">
        <ele>367.882</ele>
        <time>2025-01-09T10:58:34Z</time>
      </trkpt>
      <trkpt lat="41.525123" lon="2.339622">
        <ele>367.542</ele>
        <time>2025-01-09T10:58:37Z</time>
      </trkpt>
      <trkpt lat="41.525166" lon="2.339641">
        <ele>367.168</ele>
        <time>2025-01-09T10:58:40Z</time>
      </trkpt>
      <trkpt lat="41.525197" lon="2.339669">
        <ele>366.838</ele>
        <time>2025-01-09T10:58:42Z</time>
      </trkpt>
      <trkpt lat="41.525240" lon="2.339711">
        <ele>366.492</ele>
        <time>2025-01-09T10:58:45Z</time>
      </trkpt>
      <trkpt lat="41.525282" lon="2.339753">
        <ele>366.020</ele>
        <time>2025-01-09T10:58:49Z</time>
      </trkpt>
      <trkpt lat="41.525309" lon="2.339778">
        <ele>365.877</ele>
        <time>2025-01-09T10:58:51Z</time>
      </trkpt>
      <trkpt lat="41.525338" lon="2.339810">
        <ele>365.630</ele>
        <time>2025-01-09T10:58:53Z</time>
      </trkpt>
      <trkpt lat="41.525364" lon="2.339840">
        <ele>365.464</ele>
        <time>2025-01-09T10:58:55Z</time>
      </trkpt>
      <trkpt lat="41.525406" lon="2.339884">
        <ele>365.106</ele>
        <time>2025-01-09T10:58:58Z</time>
      </trkpt>
      <trkpt lat="41.525429" lon="2.339910">
        <ele>364.916</ele>
        <time>2025-01-09T10:59:00Z</time>
      </trkpt>
      <trkpt lat="41.525449" lon="2.339944">
        <ele>364.809</ele>
        <time>2025-01-09T10:59:02Z</time>
      </trkpt>
      <trkpt lat="41.525467" lon="2.339981">
        <ele>364.687</ele>
        <time>2025-01-09T10:59:04Z</time>
      </trkpt>
      <trkpt lat="41.525502" lon="2.340038">
        <ele>364.585</ele>
        <time>2025-01-09T10:59:07Z</time>
      </trkpt>
      <trkpt lat="41.525534" lon="2.340100">
        <ele>364.555</ele>
        <time>2025-01-09T10:59:11Z</time>
      </trkpt>
      <trkpt lat="41.525557" lon="2.340123">
        <ele>364.411</ele>
        <time>2025-01-09T10:59:13Z</time>
      </trkpt>
      <trkpt lat="41.525581" lon="2.340150">
        <ele>364.531</ele>
        <time>2025-01-09T10:59:15Z</time>
      </trkpt>
      <trkpt lat="41.525600" lon="2.340183">
        <ele>364.685</ele>
        <time>2025-01-09T10:59:17Z</time>
      </trkpt>
      <trkpt lat="41.525614" lon="2.340229">
        <ele>364.783</ele>
        <time>2025-01-09T10:59:19Z</time>
      </trkpt>
      <trkpt lat="41.525627" lon="2.340269">
        <ele>364.760</ele>
        <time>2025-01-09T10:59:21Z</time>
      </trkpt>
      <trkpt lat="41.525640" lon="2.340308">
        <ele>364.743</ele>
        <time>2025-01-09T10:59:23Z</time>
      </trkpt>
      <trkpt lat="41.525652" lon="2.340346">
        <ele>364.734</ele>
        <time>2025-01-09T10:59:25Z</time>
      </trkpt>
      <trkpt lat="41.525668" lon="2.340391">
        <ele>364.655</ele>
        <time>2025-01-09T10:59:27Z</time>
      </trkpt>
      <trkpt lat="41.525698" lon="2.340378">
        <ele>364.510</ele>
        <time>2025-01-09T10:59:39Z</time>
      </trkpt>
      <trkpt lat="41.525744" lon="2.340359">
        <ele>364.309</ele>
        <time>2025-01-09T10:59:59Z</time>
      </trkpt>
      <trkpt lat="41.525776" lon="2.340330">
        <ele>364.234</ele>
        <time>2025-01-09T11:00:11Z</time>
      </trkpt>
      <trkpt lat="41.525813" lon="2.340322">
        <ele>364.122</ele>
        <time>2025-01-09T11:00:13Z</time>
      </trkpt>
      <trkpt lat="41.525832" lon="2.340293">
        <ele>364.052</ele>
        <time>2025-01-09T11:00:22Z</time>
      </trkpt>
      <trkpt lat="41.525863" lon="2.340271">
        <ele>364.048</ele>
        <time>2025-01-09T11:00:24Z</time>
      </trkpt>
      <trkpt lat="41.525899" lon="2.340233">
        <ele>364.028</ele>
        <time>2025-01-09T11:00:27Z</time>
      </trkpt>
      <trkpt lat="41.525921" lon="2.340203">
        <ele>364.182</ele>
        <time>2025-01-09T11:00:29Z</time>
      </trkpt>
      <trkpt lat="41.525942" lon="2.340170">
        <ele>364.210</ele>
        <time>2025-01-09T11:00:31Z</time>
      </trkpt>
      <trkpt lat="41.525970" lon="2.340133">
        <ele>364.377</ele>
        <time>2025-01-09T11:00:33Z</time>
      </trkpt>
      <trkpt lat="41.526008" lon="2.340089">
        <ele>364.460</ele>
        <time>2025-01-09T11:00:36Z</time>
      </trkpt>
      <trkpt lat="41.526028" lon="2.340063">
        <ele>364.584</ele>
        <time>2025-01-09T11:00:38Z</time>
      </trkpt>
      <trkpt lat="41.526051" lon="2.340042">
        <ele>364.707</ele>
        <time>2025-01-09T11:00:40Z</time>
      </trkpt>
      <trkpt lat="41.526075" lon="2.340020">
        <ele>364.817</ele>
        <time>2025-01-09T11:00:42Z</time>
      </trkpt>
      <trkpt lat="41.526100" lon="2.339998">
        <ele>364.909</ele>
        <time>2025-01-09T11:00:44Z</time>
      </trkpt>
      <trkpt lat="41.526125" lon="2.339975">
        <ele>364.859</ele>
        <time>2025-01-09T11:00:46Z</time>
      </trkpt>
      <trkpt lat="41.526173" lon="2.339940">
        <ele>364.627</ele>
        <time>2025-01-09T11:00:50Z</time>
      </trkpt>
      <trkpt lat="41.526204" lon="2.339918">
        <ele>364.597</ele>
        <time>2025-01-09T11:00:52Z</time>
      </trkpt>
      <trkpt lat="41.526229" lon="2.339900">
        <ele>364.453</ele>
        <time>2025-01-09T11:00:54Z</time>
      </trkpt>
      <trkpt lat="41.526254" lon="2.339883">
        <ele>364.493</ele>
        <time>2025-01-09T11:00:56Z</time>
      </trkpt>
      <trkpt lat="41.526279" lon="2.339867">
        <ele>364.397</ele>
        <time>2025-01-09T11:00:58Z</time>
      </trkpt>
      <trkpt lat="41.526308" lon="2.339850">
        <ele>364.395</ele>
        <time>2025-01-09T11:01:00Z</time>
      </trkpt>
      <trkpt lat="41.526335" lon="2.339835">
        <ele>364.342</ele>
        <time>2025-01-09T11:01:02Z</time>
      </trkpt>
      <trkpt lat="41.526364" lon="2.339822">
        <ele>364.365</ele>
        <time>2025-01-09T11:01:04Z</time>
      </trkpt>
      <trkpt lat="41.526393" lon="2.339806">
        <ele>364.323</ele>
        <time>2025-01-09T11:01:06Z</time>
      </trkpt>
      <trkpt lat="41.526421" lon="2.339788">
        <ele>364.683</ele>
        <time>2025-01-09T11:01:08Z</time>
      </trkpt>
      <trkpt lat="41.526446" lon="2.339772">
        <ele>364.811</ele>
        <time>2025-01-09T11:01:10Z</time>
      </trkpt>
      <trkpt lat="41.526474" lon="2.339759">
        <ele>365.109</ele>
        <time>2025-01-09T11:01:12Z</time>
      </trkpt>
      <trkpt lat="41.526505" lon="2.339756">
        <ele>365.453</ele>
        <time>2025-01-09T11:01:14Z</time>
      </trkpt>
      <trkpt lat="41.526537" lon="2.339750">
        <ele>365.741</ele>
        <time>2025-01-09T11:01:16Z</time>
      </trkpt>
      <trkpt lat="41.526566" lon="2.339739">
        <ele>366.081</ele>
        <time>2025-01-09T11:01:18Z</time>
      </trkpt>
      <trkpt lat="41.526599" lon="2.339731">
        <ele>366.327</ele>
        <time>2025-01-09T11:01:20Z</time>
      </trkpt>
      <trkpt lat="41.526629" lon="2.339726">
        <ele>366.667</ele>
        <time>2025-01-09T11:01:22Z</time>
      </trkpt>
      <trkpt lat="41.526661" lon="2.339720">
        <ele>366.911</ele>
        <time>2025-01-09T11:01:24Z</time>
      </trkpt>
      <trkpt lat="41.526690" lon="2.339712">
        <ele>367.569</ele>
        <time>2025-01-09T11:01:26Z</time>
      </trkpt>
      <trkpt lat="41.526744" lon="2.339701">
        <ele>368.826</ele>
        <time>2025-01-09T11:01:30Z</time>
      </trkpt>
      <trkpt lat="41.526776" lon="2.339693">
        <ele>369.599</ele>
        <time>2025-01-09T11:01:32Z</time>
      </trkpt>
      <trkpt lat="41.526825" lon="2.339685">
        <ele>370.638</ele>
        <time>2025-01-09T11:01:35Z</time>
      </trkpt>
      <trkpt lat="41.526877" lon="2.339678">
        <ele>371.870</ele>
        <time>2025-01-09T11:01:39Z</time>
      </trkpt>
      <trkpt lat="41.526907" lon="2.339682">
        <ele>372.517</ele>
        <time>2025-01-09T11:01:41Z</time>
      </trkpt>
      <trkpt lat="41.526937" lon="2.339684">
        <ele>373.109</ele>
        <time>2025-01-09T11:01:43Z</time>
      </trkpt>
      <trkpt lat="41.526967" lon="2.339686">
        <ele>373.714</ele>
        <time>2025-01-09T11:01:45Z</time>
      </trkpt>
      <trkpt lat="41.526995" lon="2.339694">
        <ele>374.122</ele>
        <time>2025-01-09T11:01:47Z</time>
      </trkpt>
      <trkpt lat="41.527025" lon="2.339698">
        <ele>374.692</ele>
        <time>2025-01-09T11:01:49Z</time>
      </trkpt>
      <trkpt lat="41.527074" lon="2.339710">
        <ele>375.478</ele>
        <time>2025-01-09T11:01:53Z</time>
      </trkpt>
      <trkpt lat="41.527127" lon="2.339724">
        <ele>376.348</ele>
        <time>2025-01-09T11:01:57Z</time>
      </trkpt>
      <trkpt lat="41.527157" lon="2.339730">
        <ele>376.812</ele>
        <time>2025-01-09T11:01:59Z</time>
      </trkpt>
      <trkpt lat="41.527185" lon="2.339734">
        <ele>377.310</ele>
        <time>2025-01-09T11:02:01Z</time>
      </trkpt>
      <trkpt lat="41.527212" lon="2.339740">
        <ele>377.737</ele>
        <time>2025-01-09T11:02:03Z</time>
      </trkpt>
      <trkpt lat="41.527240" lon="2.339752">
        <ele>378.120</ele>
        <time>2025-01-09T11:02:05Z</time>
      </trkpt>
      <trkpt lat="41.527272" lon="2.339766">
        <ele>378.642</ele>
        <time>2025-01-09T11:02:07Z</time>
      </trkpt>
      <trkpt lat="41.527297" lon="2.339780">
        <ele>379.022</ele>
        <time>2025-01-09T11:02:09Z</time>
      </trkpt>
      <trkpt lat="41.527348" lon="2.339795">
        <ele>379.914</ele>
        <time>2025-01-09T11:02:13Z</time>
      </trkpt>
      <trkpt lat="41.527377" lon="2.339810">
        <ele>380.309</ele>
        <time>2025-01-09T11:02:15Z</time>
      </trkpt>
      <trkpt lat="41.527425" lon="2.339826">
        <ele>381.295</ele>
        <time>2025-01-09T11:02:19Z</time>
      </trkpt>
      <trkpt lat="41.527478" lon="2.339845">
        <ele>382.113</ele>
        <time>2025-01-09T11:02:23Z</time>
      </trkpt>
      <trkpt lat="41.527509" lon="2.339861">
        <ele>382.793</ele>
        <time>2025-01-09T11:02:25Z</time>
      </trkpt>
      <trkpt lat="41.527540" lon="2.339874">
        <ele>383.529</ele>
        <time>2025-01-09T11:02:27Z</time>
      </trkpt>
      <trkpt lat="41.527582" lon="2.339906">
        <ele>384.649</ele>
        <time>2025-01-09T11:02:31Z</time>
      </trkpt>
      <trkpt lat="41.527610" lon="2.339921">
        <ele>385.343</ele>
        <time>2025-01-09T11:02:33Z</time>
      </trkpt>
      <trkpt lat="41.527640" lon="2.339937">
        <ele>386.131</ele>
        <time>2025-01-09T11:02:35Z</time>
      </trkpt>
      <trkpt lat="41.527666" lon="2.339954">
        <ele>386.868</ele>
        <time>2025-01-09T11:02:37Z</time>
      </trkpt>
      <trkpt lat="41.527691" lon="2.339970">
        <ele>387.531</ele>
        <time>2025-01-09T11:02:39Z</time>
      </trkpt>
      <trkpt lat="41.527718" lon="2.339979">
        <ele>388.391</ele>
        <time>2025-01-09T11:02:41Z</time>
      </trkpt>
      <trkpt lat="41.527761" lon="2.340017">
        <ele>389.481</ele>
        <time>2025-01-09T11:02:45Z</time>
      </trkpt>
      <trkpt lat="41.527787" lon="2.340042">
        <ele>389.919</ele>
        <time>2025-01-09T11:02:47Z</time>
      </trkpt>
      <trkpt lat="41.527817" lon="2.340058">
        <ele>390.609</ele>
        <time>2025-01-09T11:02:49Z</time>
      </trkpt>
      <trkpt lat="41.527843" lon="2.340076">
        <ele>391.230</ele>
        <time>2025-01-09T11:02:51Z</time>
      </trkpt>
      <trkpt lat="41.527867" lon="2.340095">
        <ele>391.788</ele>
        <time>2025-01-09T11:02:53Z</time>
      </trkpt>
      <trkpt lat="41.527915" lon="2.340138">
        <ele>392.738</ele>
        <time>2025-01-09T11:02:57Z</time>
      </trkpt>
      <trkpt lat="41.527958" lon="2.340148">
        <ele>393.864</ele>
        <time>2025-01-09T11:03:00Z</time>
      </trkpt>
      <trkpt lat="41.528007" lon="2.340188">
        <ele>395.024</ele>
        <time>2025-01-09T11:03:04Z</time>
      </trkpt>
      <trkpt lat="41.528049" lon="2.340217">
        <ele>396.018</ele>
        <time>2025-01-09T11:03:08Z</time>
      </trkpt>
      <trkpt lat="41.528074" lon="2.340245">
        <ele>396.586</ele>
        <time>2025-01-09T11:03:10Z</time>
      </trkpt>
      <trkpt lat="41.528100" lon="2.340271">
        <ele>396.813</ele>
        <time>2025-01-09T11:03:12Z</time>
      </trkpt>
      <trkpt lat="41.528126" lon="2.340292">
        <ele>397.196</ele>
        <time>2025-01-09T11:03:14Z</time>
      </trkpt>
      <trkpt lat="41.528154" lon="2.340310">
        <ele>397.437</ele>
        <time>2025-01-09T11:03:16Z</time>
      </trkpt>
      <trkpt lat="41.528179" lon="2.340332">
        <ele>397.649</ele>
        <time>2025-01-09T11:03:18Z</time>
      </trkpt>
      <trkpt lat="41.528226" lon="2.340360">
        <ele>398.213</ele>
        <time>2025-01-09T11:03:22Z</time>
      </trkpt>
      <trkpt lat="41.528251" lon="2.340385">
        <ele>398.509</ele>
        <time>2025-01-09T11:03:24Z</time>
      </trkpt>
      <trkpt lat="41.528278" lon="2.340406">
        <ele>398.934</ele>
        <time>2025-01-09T11:03:26Z</time>
      </trkpt>
      <trkpt lat="41.528307" lon="2.340419">
        <ele>399.492</ele>
        <time>2025-01-09T11:03:28Z</time>
      </trkpt>
      <trkpt lat="41.528332" lon="2.340433">
        <ele>399.942</ele>
        <time>2025-01-09T11:03:30Z</time>
      </trkpt>
      <trkpt lat="41.528355" lon="2.340455">
        <ele>399.928</ele>
        <time>2025-01-09T11:03:32Z</time>
      </trkpt>
      <trkpt lat="41.528379" lon="2.340480">
        <ele>400.068</ele>
        <time>2025-01-09T11:03:34Z</time>
      </trkpt>
      <trkpt lat="41.528422" lon="2.340517">
        <ele>400.032</ele>
        <time>2025-01-09T11:03:37Z</time>
      </trkpt>
      <trkpt lat="41.528449" lon="2.340534">
        <ele>400.170</ele>
        <time>2025-01-09T11:03:39Z</time>
      </trkpt>
      <trkpt lat="41.528475" lon="2.340545">
        <ele>400.187</ele>
        <time>2025-01-09T11:03:41Z</time>
      </trkpt>
      <trkpt lat="41.528515" lon="2.340573">
        <ele>400.030</ele>
        <time>2025-01-09T11:03:44Z</time>
      </trkpt>
      <trkpt lat="41.528543" lon="2.340587">
        <ele>400.012</ele>
        <time>2025-01-09T11:03:46Z</time>
      </trkpt>
      <trkpt lat="41.528571" lon="2.340607">
        <ele>399.932</ele>
        <time>2025-01-09T11:03:48Z</time>
      </trkpt>
      <trkpt lat="41.528608" lon="2.340637">
        <ele>399.805</ele>
        <time>2025-01-09T11:03:51Z</time>
      </trkpt>
      <trkpt lat="41.528658" lon="2.340680">
        <ele>400.109</ele>
        <time>2025-01-09T11:03:55Z</time>
      </trkpt>
      <trkpt lat="41.528684" lon="2.340705">
        <ele>400.372</ele>
        <time>2025-01-09T11:03:57Z</time>
      </trkpt>
      <trkpt lat="41.528709" lon="2.340724">
        <ele>400.580</ele>
        <time>2025-01-09T11:03:59Z</time>
      </trkpt>
      <trkpt lat="41.528758" lon="2.340756">
        <ele>400.980</ele>
        <time>2025-01-09T11:04:03Z</time>
      </trkpt>
      <trkpt lat="41.528783" lon="2.340774">
        <ele>401.166</ele>
        <time>2025-01-09T11:04:05Z</time>
      </trkpt>
      <trkpt lat="41.528814" lon="2.340794">
        <ele>401.336</ele>
        <time>2025-01-09T11:04:07Z</time>
      </trkpt>
      <trkpt lat="41.528869" lon="2.340829">
        <ele>401.770</ele>
        <time>2025-01-09T11:04:11Z</time>
      </trkpt>
      <trkpt lat="41.528912" lon="2.340863">
        <ele>402.128</ele>
        <time>2025-01-09T11:04:14Z</time>
      </trkpt>
      <trkpt lat="41.528950" lon="2.340895">
        <ele>402.645</ele>
        <time>2025-01-09T11:04:17Z</time>
      </trkpt>
      <trkpt lat="41.528995" lon="2.340925">
        <ele>403.218</ele>
        <time>2025-01-09T11:04:20Z</time>
      </trkpt>
      <trkpt lat="41.529022" lon="2.340943">
        <ele>403.685</ele>
        <time>2025-01-09T11:04:22Z</time>
      </trkpt>
      <trkpt lat="41.529047" lon="2.340963">
        <ele>403.989</ele>
        <time>2025-01-09T11:04:24Z</time>
      </trkpt>
      <trkpt lat="41.529075" lon="2.340982">
        <ele>404.217</ele>
        <time>2025-01-09T11:04:26Z</time>
      </trkpt>
      <trkpt lat="41.529105" lon="2.341005">
        <ele>404.509</ele>
        <time>2025-01-09T11:04:28Z</time>
      </trkpt>
      <trkpt lat="41.529154" lon="2.341042">
        <ele>405.039</ele>
        <time>2025-01-09T11:04:32Z</time>
      </trkpt>
      <trkpt lat="41.529179" lon="2.341061">
        <ele>405.187</ele>
        <time>2025-01-09T11:04:34Z</time>
      </trkpt>
      <trkpt lat="41.529204" lon="2.341082">
        <ele>405.227</ele>
        <time>2025-01-09T11:04:36Z</time>
      </trkpt>
      <trkpt lat="41.529231" lon="2.341106">
        <ele>405.323</ele>
        <time>2025-01-09T11:04:38Z</time>
      </trkpt>
      <trkpt lat="41.529262" lon="2.341124">
        <ele>405.543</ele>
        <time>2025-01-09T11:04:40Z</time>
      </trkpt>
      <trkpt lat="41.529289" lon="2.341148">
        <ele>405.787</ele>
        <time>2025-01-09T11:04:42Z</time>
      </trkpt>
      <trkpt lat="41.529316" lon="2.341168">
        <ele>405.955</ele>
        <time>2025-01-09T11:04:44Z</time>
      </trkpt>
      <trkpt lat="41.529344" lon="2.341186">
        <ele>406.042</ele>
        <time>2025-01-09T11:04:46Z</time>
      </trkpt>
      <trkpt lat="41.529371" lon="2.341206">
        <ele>406.215</ele>
        <time>2025-01-09T11:04:48Z</time>
      </trkpt>
      <trkpt lat="41.529401" lon="2.341227">
        <ele>406.371</ele>
        <time>2025-01-09T11:04:50Z</time>
      </trkpt>
      <trkpt lat="41.529429" lon="2.341246">
        <ele>406.341</ele>
        <time>2025-01-09T11:04:52Z</time>
      </trkpt>
      <trkpt lat="41.529457" lon="2.341268">
        <ele>406.315</ele>
        <time>2025-01-09T11:04:54Z</time>
      </trkpt>
      <trkpt lat="41.529513" lon="2.341301">
        <ele>406.409</ele>
        <time>2025-01-09T11:04:58Z</time>
      </trkpt>
      <trkpt lat="41.529542" lon="2.341322">
        <ele>406.328</ele>
        <time>2025-01-09T11:05:00Z</time>
      </trkpt>
      <trkpt lat="41.529568" lon="2.341340">
        <ele>406.356</ele>
        <time>2025-01-09T11:05:02Z</time>
      </trkpt>
      <trkpt lat="41.529597" lon="2.341359">
        <ele>406.246</ele>
        <time>2025-01-09T11:05:04Z</time>
      </trkpt>
      <trkpt lat="41.529644" lon="2.341400">
        <ele>406.152</ele>
        <time>2025-01-09T11:05:07Z</time>
      </trkpt>
      <trkpt lat="41.529667" lon="2.341420">
        <ele>406.232</ele>
        <time>2025-01-09T11:05:09Z</time>
      </trkpt>
      <trkpt lat="41.529692" lon="2.341438">
        <ele>406.396</ele>
        <time>2025-01-09T11:05:11Z</time>
      </trkpt>
      <trkpt lat="41.529721" lon="2.341455">
        <ele>406.574</ele>
        <time>2025-01-09T11:05:13Z</time>
      </trkpt>
      <trkpt lat="41.529772" lon="2.341487">
        <ele>407.031</ele>
        <time>2025-01-09T11:05:17Z</time>
      </trkpt>
      <trkpt lat="41.529798" lon="2.341506">
        <ele>407.224</ele>
        <time>2025-01-09T11:05:19Z</time>
      </trkpt>
      <trkpt lat="41.529827" lon="2.341522">
        <ele>407.685</ele>
        <time>2025-01-09T11:05:21Z</time>
      </trkpt>
      <trkpt lat="41.529856" lon="2.341543">
        <ele>407.889</ele>
        <time>2025-01-09T11:05:23Z</time>
      </trkpt>
      <trkpt lat="41.529885" lon="2.341564">
        <ele>408.117</ele>
        <time>2025-01-09T11:05:25Z</time>
      </trkpt>
      <trkpt lat="41.529936" lon="2.341597">
        <ele>408.609</ele>
        <time>2025-01-09T11:05:29Z</time>
      </trkpt>
      <trkpt lat="41.529962" lon="2.341613">
        <ele>408.869</ele>
        <time>2025-01-09T11:05:31Z</time>
      </trkpt>
      <trkpt lat="41.529991" lon="2.341632">
        <ele>409.197</ele>
        <time>2025-01-09T11:05:33Z</time>
      </trkpt>
      <trkpt lat="41.530015" lon="2.341653">
        <ele>409.417</ele>
        <time>2025-01-09T11:05:35Z</time>
      </trkpt>
      <trkpt lat="41.530039" lon="2.341674">
        <ele>409.763</ele>
        <time>2025-01-09T11:05:37Z</time>
      </trkpt>
      <trkpt lat="41.530069" lon="2.341692">
        <ele>410.173</ele>
        <time>2025-01-09T11:05:39Z</time>
      </trkpt>
      <trkpt lat="41.530094" lon="2.341714">
        <ele>410.547</ele>
        <time>2025-01-09T11:05:41Z</time>
      </trkpt>
      <trkpt lat="41.530121" lon="2.341738">
        <ele>410.895</ele>
        <time>2025-01-09T11:05:43Z</time>
      </trkpt>
      <trkpt lat="41.530150" lon="2.341754">
        <ele>411.282</ele>
        <time>2025-01-09T11:05:45Z</time>
      </trkpt>
      <trkpt lat="41.530178" lon="2.341774">
        <ele>411.645</ele>
        <time>2025-01-09T11:05:47Z</time>
      </trkpt>
      <trkpt lat="41.530205" lon="2.341795">
        <ele>411.983</ele>
        <time>2025-01-09T11:05:49Z</time>
      </trkpt>
      <trkpt lat="41.530233" lon="2.341809">
        <ele>412.325</ele>
        <time>2025-01-09T11:05:51Z</time>
      </trkpt>
      <trkpt lat="41.530262" lon="2.341825">
        <ele>412.617</ele>
        <time>2025-01-09T11:05:53Z</time>
      </trkpt>
      <trkpt lat="41.530289" lon="2.341847">
        <ele>412.909</ele>
        <time>2025-01-09T11:05:55Z</time>
      </trkpt>
      <trkpt lat="41.530310" lon="2.341870">
        <ele>413.159</ele>
        <time>2025-01-09T11:05:57Z</time>
      </trkpt>
      <trkpt lat="41.530336" lon="2.341887">
        <ele>413.557</ele>
        <time>2025-01-09T11:05:59Z</time>
      </trkpt>
      <trkpt lat="41.530364" lon="2.341908">
        <ele>413.967</ele>
        <time>2025-01-09T11:06:01Z</time>
      </trkpt>
      <trkpt lat="41.530387" lon="2.341933">
        <ele>414.113</ele>
        <time>2025-01-09T11:06:03Z</time>
      </trkpt>
      <trkpt lat="41.530415" lon="2.341961">
        <ele>414.323</ele>
        <time>2025-01-09T11:06:05Z</time>
      </trkpt>
      <trkpt lat="41.530453" lon="2.341987">
        <ele>414.857</ele>
        <time>2025-01-09T11:06:08Z</time>
      </trkpt>
      <trkpt lat="41.530476" lon="2.342009">
        <ele>414.925</ele>
        <time>2025-01-09T11:06:10Z</time>
      </trkpt>
      <trkpt lat="41.530500" lon="2.342029">
        <ele>415.152</ele>
        <time>2025-01-09T11:06:12Z</time>
      </trkpt>
      <trkpt lat="41.530548" lon="2.342067">
        <ele>415.635</ele>
        <time>2025-01-09T11:06:16Z</time>
      </trkpt>
      <trkpt lat="41.530576" lon="2.342093">
        <ele>415.781</ele>
        <time>2025-01-09T11:06:18Z</time>
      </trkpt>
      <trkpt lat="41.530602" lon="2.342115">
        <ele>415.861</ele>
        <time>2025-01-09T11:06:20Z</time>
      </trkpt>
      <trkpt lat="41.530624" lon="2.342137">
        <ele>415.817</ele>
        <time>2025-01-09T11:06:22Z</time>
      </trkpt>
      <trkpt lat="41.530650" lon="2.342162">
        <ele>415.909</ele>
        <time>2025-01-09T11:06:24Z</time>
      </trkpt>
      <trkpt lat="41.530676" lon="2.342187">
        <ele>416.159</ele>
        <time>2025-01-09T11:06:26Z</time>
      </trkpt>
      <trkpt lat="41.530702" lon="2.342217">
        <ele>416.267</ele>
        <time>2025-01-09T11:06:28Z</time>
      </trkpt>
      <trkpt lat="41.530727" lon="2.342236">
        <ele>416.567</ele>
        <time>2025-01-09T11:06:30Z</time>
      </trkpt>
      <trkpt lat="41.530754" lon="2.342252">
        <ele>416.933</ele>
        <time>2025-01-09T11:06:32Z</time>
      </trkpt>
      <trkpt lat="41.530804" lon="2.342287">
        <ele>417.663</ele>
        <time>2025-01-09T11:06:36Z</time>
      </trkpt>
      <trkpt lat="41.530833" lon="2.342301">
        <ele>418.037</ele>
        <time>2025-01-09T11:06:38Z</time>
      </trkpt>
      <trkpt lat="41.530863" lon="2.342318">
        <ele>418.135</ele>
        <time>2025-01-09T11:06:40Z</time>
      </trkpt>
      <trkpt lat="41.530893" lon="2.342331">
        <ele>418.382</ele>
        <time>2025-01-09T11:06:42Z</time>
      </trkpt>
      <trkpt lat="41.530921" lon="2.342340">
        <ele>418.495</ele>
        <time>2025-01-09T11:06:44Z</time>
      </trkpt>
      <trkpt lat="41.530948" lon="2.342356">
        <ele>418.665</ele>
        <time>2025-01-09T11:06:46Z</time>
      </trkpt>
      <trkpt lat="41.531005" lon="2.342362">
        <ele>418.968</ele>
        <time>2025-01-09T11:07:01Z</time>
      </trkpt>
      <trkpt lat="41.531049" lon="2.342371">
        <ele>419.214</ele>
        <time>2025-01-09T11:07:03Z</time>
      </trkpt>
      <trkpt lat="41.531101" lon="2.342381">
        <ele>419.509</ele>
        <time>2025-01-09T11:07:06Z</time>
      </trkpt>
      <trkpt lat="41.531131" lon="2.342383">
        <ele>419.547</ele>
        <time>2025-01-09T11:07:08Z</time>
      </trkpt>
      <trkpt lat="41.531164" lon="2.342384">
        <ele>419.375</ele>
        <time>2025-01-09T11:07:10Z</time>
      </trkpt>
      <trkpt lat="41.531194" lon="2.342386">
        <ele>419.175</ele>
        <time>2025-01-09T11:07:12Z</time>
      </trkpt>
      <trkpt lat="41.531224" lon="2.342384">
        <ele>418.911</ele>
        <time>2025-01-09T11:07:14Z</time>
      </trkpt>
      <trkpt lat="41.531255" lon="2.342396">
        <ele>418.781</ele>
        <time>2025-01-09T11:07:16Z</time>
      </trkpt>
      <trkpt lat="41.531286" lon="2.342404">
        <ele>418.445</ele>
        <time>2025-01-09T11:07:18Z</time>
      </trkpt>
      <trkpt lat="41.531317" lon="2.342399">
        <ele>418.273</ele>
        <time>2025-01-09T11:07:20Z</time>
      </trkpt>
      <trkpt lat="41.531346" lon="2.342395">
        <ele>418.020</ele>
        <time>2025-01-09T11:07:22Z</time>
      </trkpt>
      <trkpt lat="41.531377" lon="2.342391">
        <ele>417.993</ele>
        <time>2025-01-09T11:07:24Z</time>
      </trkpt>
      <trkpt lat="41.531407" lon="2.342382">
        <ele>417.785</ele>
        <time>2025-01-09T11:07:26Z</time>
      </trkpt>
      <trkpt lat="41.531437" lon="2.342377">
        <ele>417.689</ele>
        <time>2025-01-09T11:07:28Z</time>
      </trkpt>
      <trkpt lat="41.531466" lon="2.342374">
        <ele>417.517</ele>
        <time>2025-01-09T11:07:30Z</time>
      </trkpt>
      <trkpt lat="41.531497" lon="2.342367">
        <ele>417.409</ele>
        <time>2025-01-09T11:07:32Z</time>
      </trkpt>
      <trkpt lat="41.531525" lon="2.342364">
        <ele>417.259</ele>
        <time>2025-01-09T11:07:34Z</time>
      </trkpt>
      <trkpt lat="41.531556" lon="2.342362">
        <ele>417.117</ele>
        <time>2025-01-09T11:07:36Z</time>
      </trkpt>
      <trkpt lat="41.531589" lon="2.342353">
        <ele>417.027</ele>
        <time>2025-01-09T11:07:38Z</time>
      </trkpt>
      <trkpt lat="41.531619" lon="2.342345">
        <ele>416.913</ele>
        <time>2025-01-09T11:07:40Z</time>
      </trkpt>
      <trkpt lat="41.531666" lon="2.342344">
        <ele>416.763</ele>
        <time>2025-01-09T11:07:43Z</time>
      </trkpt>
      <trkpt lat="41.531721" lon="2.342344">
        <ele>416.957</ele>
        <time>2025-01-09T11:07:55Z</time>
      </trkpt>
      <trkpt lat="41.531749" lon="2.342338">
        <ele>417.025</ele>
        <time>2025-01-09T11:07:57Z</time>
      </trkpt>
      <trkpt lat="41.531777" lon="2.342333">
        <ele>417.122</ele>
        <time>2025-01-09T11:07:59Z</time>
      </trkpt>
      <trkpt lat="41.531806" lon="2.342327">
        <ele>417.295</ele>
        <time>2025-01-09T11:08:01Z</time>
      </trkpt>
      <trkpt lat="41.531836" lon="2.342323">
        <ele>417.431</ele>
        <time>2025-01-09T11:08:03Z</time>
      </trkpt>
      <trkpt lat="41.531865" lon="2.342321">
        <ele>417.461</ele>
        <time>2025-01-09T11:08:05Z</time>
      </trkpt>
      <trkpt lat="41.531895" lon="2.342307">
        <ele>417.607</ele>
        <time>2025-01-09T11:08:07Z</time>
      </trkpt>
      <trkpt lat="41.531920" lon="2.342293">
        <ele>417.709</ele>
        <time>2025-01-09T11:08:09Z</time>
      </trkpt>
      <trkpt lat="41.531949" lon="2.342281">
        <ele>417.964</ele>
        <time>2025-01-09T11:08:11Z</time>
      </trkpt>
      <trkpt lat="41.532004" lon="2.342265">
        <ele>418.812</ele>
        <time>2025-01-09T11:08:15Z</time>
      </trkpt>
      <trkpt lat="41.532031" lon="2.342263">
        <ele>419.242</ele>
        <time>2025-01-09T11:08:17Z</time>
      </trkpt>
      <trkpt lat="41.532061" lon="2.342249">
        <ele>419.728</ele>
        <time>2025-01-09T11:08:19Z</time>
      </trkpt>
      <trkpt lat="41.532088" lon="2.342230">
        <ele>420.128</ele>
        <time>2025-01-09T11:08:21Z</time>
      </trkpt>
      <trkpt lat="41.532118" lon="2.342168">
        <ele>420.512</ele>
        <time>2025-01-09T11:08:25Z</time>
      </trkpt>
      <trkpt lat="41.532118" lon="2.342130">
        <ele>420.570</ele>
        <time>2025-01-09T11:08:27Z</time>
      </trkpt>
      <trkpt lat="41.532113" lon="2.342093">
        <ele>420.567</ele>
        <time>2025-01-09T11:08:29Z</time>
      </trkpt>
      <trkpt lat="41.532099" lon="2.342029">
        <ele>420.580</ele>
        <time>2025-01-09T11:08:33Z</time>
      </trkpt>
      <trkpt lat="41.532080" lon="2.341998">
        <ele>420.412</ele>
        <time>2025-01-09T11:08:35Z</time>
      </trkpt>
      <trkpt lat="41.532074" lon="2.341939">
        <ele>420.532</ele>
        <time>2025-01-09T11:08:38Z</time>
      </trkpt>
      <trkpt lat="41.532063" lon="2.341872">
        <ele>420.905</ele>
        <time>2025-01-09T11:09:50Z</time>
      </trkpt>
      <trkpt lat="41.532042" lon="2.341829">
        <ele>421.209</ele>
        <time>2025-01-09T11:09:55Z</time>
      </trkpt>
      <trkpt lat="41.532008" lon="2.341791">
        <ele>421.532</ele>
        <time>2025-01-09T11:09:59Z</time>
      </trkpt>
      <trkpt lat="41.531988" lon="2.341765">
        <ele>421.820</ele>
        <time>2025-01-09T11:10:01Z</time>
      </trkpt>
      <trkpt lat="41.531945" lon="2.341721">
        <ele>422.470</ele>
        <time>2025-01-09T11:10:05Z</time>
      </trkpt>
      <trkpt lat="41.531916" lon="2.341707">
        <ele>422.876</ele>
        <time>2025-01-09T11:10:07Z</time>
      </trkpt>
      <trkpt lat="41.531882" lon="2.341700">
        <ele>423.326</ele>
        <time>2025-01-09T11:10:09Z</time>
      </trkpt>
      <trkpt lat="41.531853" lon="2.341709">
        <ele>423.460</ele>
        <time>2025-01-09T11:10:11Z</time>
      </trkpt>
      <trkpt lat="41.531813" lon="2.341715">
        <ele>423.738</ele>
        <time>2025-01-09T11:10:16Z</time>
      </trkpt>
      <trkpt lat="41.531789" lon="2.341734">
        <ele>423.795</ele>
        <time>2025-01-09T11:10:26Z</time>
      </trkpt>
      <trkpt lat="41.531758" lon="2.341744">
        <ele>423.828</ele>
        <time>2025-01-09T11:10:28Z</time>
      </trkpt>
      <trkpt lat="41.531714" lon="2.341731">
        <ele>424.429</ele>
        <time>2025-01-09T11:10:33Z</time>
      </trkpt>
      <trkpt lat="41.531689" lon="2.341690">
        <ele>425.400</ele>
        <time>2025-01-09T11:10:43Z</time>
      </trkpt>
      <trkpt lat="41.531724" lon="2.341707">
        <ele>424.720</ele>
        <time>2025-01-09T11:11:10Z</time>
      </trkpt>
      <trkpt lat="41.531787" lon="2.341731">
        <ele>423.709</ele>
        <time>2025-01-09T11:11:25Z</time>
      </trkpt>
      <trkpt lat="41.531814" lon="2.341733">
        <ele>423.513</ele>
        <time>2025-01-09T11:11:27Z</time>
      </trkpt>
      <trkpt lat="41.531841" lon="2.341730">
        <ele>423.351</ele>
        <time>2025-01-09T11:11:29Z</time>
      </trkpt>
      <trkpt lat="41.531868" lon="2.341724">
        <ele>423.191</ele>
        <time>2025-01-09T11:11:31Z</time>
      </trkpt>
      <trkpt lat="41.531896" lon="2.341720">
        <ele>422.937</ele>
        <time>2025-01-09T11:11:33Z</time>
      </trkpt>
      <trkpt lat="41.531928" lon="2.341728">
        <ele>422.587</ele>
        <time>2025-01-09T11:11:35Z</time>
      </trkpt>
      <trkpt lat="41.531974" lon="2.341756">
        <ele>421.971</ele>
        <time>2025-01-09T11:11:39Z</time>
      </trkpt>
      <trkpt lat="41.532021" lon="2.341792">
        <ele>421.569</ele>
        <time>2025-01-09T11:11:43Z</time>
      </trkpt>
      <trkpt lat="41.532046" lon="2.341812">
        <ele>421.326</ele>
        <time>2025-01-09T11:11:45Z</time>
      </trkpt>
      <trkpt lat="41.532065" lon="2.341873">
        <ele>420.969</ele>
        <time>2025-01-09T11:11:50Z</time>
      </trkpt>
      <trkpt lat="41.532062" lon="2.341928">
        <ele>420.553</ele>
        <time>2025-01-09T11:11:54Z</time>
      </trkpt>
      <trkpt lat="41.532065" lon="2.341975">
        <ele>420.404</ele>
        <time>2025-01-09T11:11:56Z</time>
      </trkpt>
      <trkpt lat="41.532087" lon="2.342040">
        <ele>420.414</ele>
        <time>2025-01-09T11:12:00Z</time>
      </trkpt>
      <trkpt lat="41.532109" lon="2.342084">
        <ele>420.509</ele>
        <time>2025-01-09T11:12:03Z</time>
      </trkpt>
      <trkpt lat="41.532124" lon="2.342115">
        <ele>420.696</ele>
        <time>2025-01-09T11:12:06Z</time>
      </trkpt>
      <trkpt lat="41.532130" lon="2.342172">
        <ele>420.744</ele>
        <time>2025-01-09T11:12:28Z</time>
      </trkpt>
      <trkpt lat="41.532136" lon="2.342220">
        <ele>420.884</ele>
        <time>2025-01-09T11:12:30Z</time>
      </trkpt>
      <trkpt lat="41.532148" lon="2.342269">
        <ele>421.040</ele>
        <time>2025-01-09T11:12:33Z</time>
      </trkpt>
      <trkpt lat="41.532193" lon="2.342305">
        <ele>421.880</ele>
        <time>2025-01-09T11:12:37Z</time>
      </trkpt>
      <trkpt lat="41.532218" lon="2.342327">
        <ele>422.394</ele>
        <time>2025-01-09T11:12:39Z</time>
      </trkpt>
      <trkpt lat="41.532260" lon="2.342348">
        <ele>422.722</ele>
        <time>2025-01-09T11:12:42Z</time>
      </trkpt>
      <trkpt lat="41.532308" lon="2.342366">
        <ele>423.119</ele>
        <time>2025-01-09T11:12:46Z</time>
      </trkpt>
      <trkpt lat="41.532337" lon="2.342378">
        <ele>423.432</ele>
        <time>2025-01-09T11:12:48Z</time>
      </trkpt>
      <trkpt lat="41.532370" lon="2.342400">
        <ele>423.969</ele>
        <time>2025-01-09T11:12:50Z</time>
      </trkpt>
      <trkpt lat="41.532396" lon="2.342418">
        <ele>424.204</ele>
        <time>2025-01-09T11:12:52Z</time>
      </trkpt>
      <trkpt lat="41.532422" lon="2.342433">
        <ele>424.624</ele>
        <time>2025-01-09T11:12:54Z</time>
      </trkpt>
      <trkpt lat="41.532446" lon="2.342449">
        <ele>424.909</ele>
        <time>2025-01-09T11:12:56Z</time>
      </trkpt>
      <trkpt lat="41.532472" lon="2.342467">
        <ele>425.467</ele>
        <time>2025-01-09T11:12:58Z</time>
      </trkpt>
      <trkpt lat="41.532513" lon="2.342489">
        <ele>426.015</ele>
        <time>2025-01-09T11:13:02Z</time>
      </trkpt>
      <trkpt lat="41.532551" lon="2.342497">
        <ele>426.525</ele>
        <time>2025-01-09T11:13:15Z</time>
      </trkpt>
      <trkpt lat="41.532594" lon="2.342538">
        <ele>427.471</ele>
        <time>2025-01-09T11:13:19Z</time>
      </trkpt>
      <trkpt lat="41.532643" lon="2.342557">
        <ele>428.121</ele>
        <time>2025-01-09T11:13:23Z</time>
      </trkpt>
      <trkpt lat="41.532668" lon="2.342572">
        <ele>428.445</ele>
        <time>2025-01-09T11:13:25Z</time>
      </trkpt>
      <trkpt lat="41.532719" lon="2.342599">
        <ele>429.293</ele>
        <time>2025-01-09T11:13:29Z</time>
      </trkpt>
      <trkpt lat="41.532750" lon="2.342614">
        <ele>429.620</ele>
        <time>2025-01-09T11:13:31Z</time>
      </trkpt>
      <trkpt lat="41.532778" lon="2.342635">
        <ele>430.093</ele>
        <time>2025-01-09T11:13:33Z</time>
      </trkpt>
      <trkpt lat="41.532803" lon="2.342658">
        <ele>430.598</ele>
        <time>2025-01-09T11:13:35Z</time>
      </trkpt>
      <trkpt lat="41.532831" lon="2.342679">
        <ele>431.015</ele>
        <time>2025-01-09T11:13:37Z</time>
      </trkpt>
      <trkpt lat="41.532884" lon="2.342713">
        <ele>432.026</ele>
        <time>2025-01-09T11:13:41Z</time>
      </trkpt>
      <trkpt lat="41.532912" lon="2.342728">
        <ele>432.509</ele>
        <time>2025-01-09T11:13:43Z</time>
      </trkpt>
      <trkpt lat="41.532956" lon="2.342741">
        <ele>433.290</ele>
        <time>2025-01-09T11:13:47Z</time>
      </trkpt>
      <trkpt lat="41.533011" lon="2.342755">
        <ele>434.148</ele>
        <time>2025-01-09T11:13:51Z</time>
      </trkpt>
      <trkpt lat="41.533041" lon="2.342763">
        <ele>434.668</ele>
        <time>2025-01-09T11:13:53Z</time>
      </trkpt>
      <trkpt lat="41.533089" lon="2.342775">
        <ele>435.154</ele>
        <time>2025-01-09T11:13:56Z</time>
      </trkpt>
      <trkpt lat="41.533117" lon="2.342770">
        <ele>435.134</ele>
        <time>2025-01-09T11:13:58Z</time>
      </trkpt>
      <trkpt lat="41.533167" lon="2.342781">
        <ele>435.418</ele>
        <time>2025-01-09T11:14:02Z</time>
      </trkpt>
      <trkpt lat="41.533198" lon="2.342792">
        <ele>435.776</ele>
        <time>2025-01-09T11:14:04Z</time>
      </trkpt>
      <trkpt lat="41.533232" lon="2.342801">
        <ele>435.913</ele>
        <time>2025-01-09T11:14:06Z</time>
      </trkpt>
      <trkpt lat="41.533264" lon="2.342805">
        <ele>436.166</ele>
        <time>2025-01-09T11:14:08Z</time>
      </trkpt>
      <trkpt lat="41.533295" lon="2.342810">
        <ele>436.379</ele>
        <time>2025-01-09T11:14:10Z</time>
      </trkpt>
      <trkpt lat="41.533325" lon="2.342816">
        <ele>436.505</ele>
        <time>2025-01-09T11:14:12Z</time>
      </trkpt>
      <trkpt lat="41.533354" lon="2.342826">
        <ele>436.825</ele>
        <time>2025-01-09T11:14:14Z</time>
      </trkpt>
      <trkpt lat="41.533385" lon="2.342821">
        <ele>437.009</ele>
        <time>2025-01-09T11:14:16Z</time>
      </trkpt>
      <trkpt lat="41.533417" lon="2.342815">
        <ele>437.148</ele>
        <time>2025-01-09T11:14:18Z</time>
      </trkpt>
      <trkpt lat="41.533451" lon="2.342819">
        <ele>437.426</ele>
        <time>2025-01-09T11:14:20Z</time>
      </trkpt>
      <trkpt lat="41.533484" lon="2.342829">
        <ele>437.796</ele>
        <time>2025-01-09T11:14:22Z</time>
      </trkpt>
      <trkpt lat="41.533516" lon="2.342833">
        <ele>438.082</ele>
        <time>2025-01-09T11:14:24Z</time>
      </trkpt>
      <trkpt lat="41.533546" lon="2.342834">
        <ele>438.212</ele>
        <time>2025-01-09T11:14:26Z</time>
      </trkpt>
      <trkpt lat="41.533578" lon="2.342835">
        <ele>438.416</ele>
        <time>2025-01-09T11:14:28Z</time>
      </trkpt>
      <trkpt lat="41.533609" lon="2.342838">
        <ele>438.674</ele>
        <time>2025-01-09T11:14:30Z</time>
      </trkpt>
      <trkpt lat="41.533638" lon="2.342838">
        <ele>438.781</ele>
        <time>2025-01-09T11:14:32Z</time>
      </trkpt>
      <trkpt lat="41.533668" lon="2.342839">
        <ele>438.864</ele>
        <time>2025-01-09T11:14:34Z</time>
      </trkpt>
      <trkpt lat="41.533700" lon="2.342842">
        <ele>438.936</ele>
        <time>2025-01-09T11:14:36Z</time>
      </trkpt>
      <trkpt lat="41.533730" lon="2.342845">
        <ele>439.117</ele>
        <time>2025-01-09T11:14:38Z</time>
      </trkpt>
      <trkpt lat="41.533761" lon="2.342849">
        <ele>439.218</ele>
        <time>2025-01-09T11:14:40Z</time>
      </trkpt>
      <trkpt lat="41.533792" lon="2.342848">
        <ele>439.209</ele>
        <time>2025-01-09T11:14:42Z</time>
      </trkpt>
      <trkpt lat="41.533824" lon="2.342851">
        <ele>439.444</ele>
        <time>2025-01-09T11:14:44Z</time>
      </trkpt>
      <trkpt lat="41.533852" lon="2.342853">
        <ele>439.472</ele>
        <time>2025-01-09T11:14:46Z</time>
      </trkpt>
      <trkpt lat="41.533882" lon="2.342859">
        <ele>439.692</ele>
        <time>2025-01-09T11:14:48Z</time>
      </trkpt>
      <trkpt lat="41.533911" lon="2.342865">
        <ele>439.828</ele>
        <time>2025-01-09T11:14:50Z</time>
      </trkpt>
      <trkpt lat="41.533945" lon="2.342869">
        <ele>440.178</ele>
        <time>2025-01-09T11:14:52Z</time>
      </trkpt>
      <trkpt lat="41.533977" lon="2.342866">
        <ele>440.332</ele>
        <time>2025-01-09T11:14:54Z</time>
      </trkpt>
      <trkpt lat="41.534008" lon="2.342865">
        <ele>440.580</ele>
        <time>2025-01-09T11:14:56Z</time>
      </trkpt>
      <trkpt lat="41.534037" lon="2.342868">
        <ele>440.797</ele>
        <time>2025-01-09T11:14:58Z</time>
      </trkpt>
      <trkpt lat="41.534067" lon="2.342876">
        <ele>441.020</ele>
        <time>2025-01-09T11:15:00Z</time>
      </trkpt>
      <trkpt lat="41.534100" lon="2.342879">
        <ele>441.211</ele>
        <time>2025-01-09T11:15:02Z</time>
      </trkpt>
      <trkpt lat="41.534131" lon="2.342882">
        <ele>441.421</ele>
        <time>2025-01-09T11:15:04Z</time>
      </trkpt>
      <trkpt lat="41.534159" lon="2.342887">
        <ele>441.603</ele>
        <time>2025-01-09T11:15:06Z</time>
      </trkpt>
      <trkpt lat="41.534187" lon="2.342893">
        <ele>441.909</ele>
        <time>2025-01-09T11:15:08Z</time>
      </trkpt>
      <trkpt lat="41.534218" lon="2.342895">
        <ele>442.462</ele>
        <time>2025-01-09T11:15:10Z</time>
      </trkpt>
      <trkpt lat="41.534266" lon="2.342893">
        <ele>443.250</ele>
        <time>2025-01-09T11:15:13Z</time>
      </trkpt>
      <trkpt lat="41.534296" lon="2.342894">
        <ele>443.780</ele>
        <time>2025-01-09T11:15:15Z</time>
      </trkpt>
      <trkpt lat="41.534326" lon="2.342895">
        <ele>444.236</ele>
        <time>2025-01-09T11:15:17Z</time>
      </trkpt>
      <trkpt lat="41.534356" lon="2.342899">
        <ele>444.776</ele>
        <time>2025-01-09T11:15:19Z</time>
      </trkpt>
      <trkpt lat="41.534385" lon="2.342899">
        <ele>445.210</ele>
        <time>2025-01-09T11:15:21Z</time>
      </trkpt>
      <trkpt lat="41.534415" lon="2.342901">
        <ele>445.698</ele>
        <time>2025-01-09T11:15:23Z</time>
      </trkpt>
      <trkpt lat="41.534445" lon="2.342908">
        <ele>446.145</ele>
        <time>2025-01-09T11:15:25Z</time>
      </trkpt>
      <trkpt lat="41.534474" lon="2.342915">
        <ele>446.318</ele>
        <time>2025-01-09T11:15:27Z</time>
      </trkpt>
      <trkpt lat="41.534504" lon="2.342924">
        <ele>446.641</ele>
        <time>2025-01-09T11:15:29Z</time>
      </trkpt>
      <trkpt lat="41.534533" lon="2.342931">
        <ele>446.981</ele>
        <time>2025-01-09T11:15:31Z</time>
      </trkpt>
      <trkpt lat="41.534562" lon="2.342931">
        <ele>447.209</ele>
        <time>2025-01-09T11:15:33Z</time>
      </trkpt>
      <trkpt lat="41.534592" lon="2.342935">
        <ele>447.509</ele>
        <time>2025-01-09T11:15:35Z</time>
      </trkpt>
      <trkpt lat="41.534622" lon="2.342934">
        <ele>447.915</ele>
        <time>2025-01-09T11:15:37Z</time>
      </trkpt>
      <trkpt lat="41.534653" lon="2.342932">
        <ele>448.223</ele>
        <time>2025-01-09T11:15:39Z</time>
      </trkpt>
      <trkpt lat="41.534684" lon="2.342934">
        <ele>448.673</ele>
        <time>2025-01-09T11:15:41Z</time>
      </trkpt>
      <trkpt lat="41.534734" lon="2.342934">
        <ele>449.089</ele>
        <time>2025-01-09T11:15:45Z</time>
      </trkpt>
      <trkpt lat="41.534764" lon="2.342929">
        <ele>448.849</ele>
        <time>2025-01-09T11:15:47Z</time>
      </trkpt>
      <trkpt lat="41.534818" lon="2.342932">
        <ele>448.663</ele>
        <time>2025-01-09T11:15:51Z</time>
      </trkpt>
      <trkpt lat="41.534845" lon="2.342940">
        <ele>448.581</ele>
        <time>2025-01-09T11:15:53Z</time>
      </trkpt>
      <trkpt lat="41.534874" lon="2.342950">
        <ele>448.558</ele>
        <time>2025-01-09T11:15:55Z</time>
      </trkpt>
      <trkpt lat="41.534930" lon="2.342961">
        <ele>448.581</ele>
        <time>2025-01-09T11:15:59Z</time>
      </trkpt>
      <trkpt lat="41.534961" lon="2.342972">
        <ele>448.663</ele>
        <time>2025-01-09T11:16:01Z</time>
      </trkpt>
      <trkpt lat="41.534990" lon="2.342984">
        <ele>448.744</ele>
        <time>2025-01-09T11:16:03Z</time>
      </trkpt>
      <trkpt lat="41.535020" lon="2.342991">
        <ele>448.518</ele>
        <time>2025-01-09T11:16:05Z</time>
      </trkpt>
      <trkpt lat="41.535050" lon="2.342998">
        <ele>448.209</ele>
        <time>2025-01-09T11:16:07Z</time>
      </trkpt>
      <trkpt lat="41.535079" lon="2.343005">
        <ele>447.867</ele>
        <time>2025-01-09T11:16:09Z</time>
      </trkpt>
      <trkpt lat="41.535127" lon="2.343010">
        <ele>447.255</ele>
        <time>2025-01-09T11:16:12Z</time>
      </trkpt>
      <trkpt lat="41.535158" lon="2.343018">
        <ele>446.965</ele>
        <time>2025-01-09T11:16:14Z</time>
      </trkpt>
      <trkpt lat="41.535187" lon="2.343027">
        <ele>446.731</ele>
        <time>2025-01-09T11:16:16Z</time>
      </trkpt>
      <trkpt lat="41.535218" lon="2.343036">
        <ele>446.451</ele>
        <time>2025-01-09T11:16:18Z</time>
      </trkpt>
      <trkpt lat="41.535248" lon="2.343042">
        <ele>446.115</ele>
        <time>2025-01-09T11:16:20Z</time>
      </trkpt>
      <trkpt lat="41.535277" lon="2.343054">
        <ele>446.053</ele>
        <time>2025-01-09T11:16:22Z</time>
      </trkpt>
      <trkpt lat="41.535309" lon="2.343063">
        <ele>445.790</ele>
        <time>2025-01-09T11:16:24Z</time>
      </trkpt>
      <trkpt lat="41.535336" lon="2.343070">
        <ele>445.423</ele>
        <time>2025-01-09T11:16:26Z</time>
      </trkpt>
      <trkpt lat="41.535366" lon="2.343074">
        <ele>445.189</ele>
        <time>2025-01-09T11:16:28Z</time>
      </trkpt>
      <trkpt lat="41.535421" lon="2.343078">
        <ele>444.406</ele>
        <time>2025-01-09T11:16:32Z</time>
      </trkpt>
      <trkpt lat="41.535448" lon="2.343090">
        <ele>444.326</ele>
        <time>2025-01-09T11:16:34Z</time>
      </trkpt>
      <trkpt lat="41.535499" lon="2.343127">
        <ele>444.509</ele>
        <time>2025-01-09T11:16:38Z</time>
      </trkpt>
      <trkpt lat="41.535523" lon="2.343146">
        <ele>444.799</ele>
        <time>2025-01-09T11:16:40Z</time>
      </trkpt>
      <trkpt lat="41.535570" lon="2.343180">
        <ele>444.827</ele>
        <time>2025-01-09T11:16:44Z</time>
      </trkpt>
      <trkpt lat="41.535598" lon="2.343203">
        <ele>444.657</ele>
        <time>2025-01-09T11:16:46Z</time>
      </trkpt>
      <trkpt lat="41.535641" lon="2.343239">
        <ele>444.463</ele>
        <time>2025-01-09T11:16:49Z</time>
      </trkpt>
      <trkpt lat="41.535663" lon="2.343261">
        <ele>444.383</ele>
        <time>2025-01-09T11:16:51Z</time>
      </trkpt>
      <trkpt lat="41.535696" lon="2.343298">
        <ele>444.247</ele>
        <time>2025-01-09T11:16:54Z</time>
      </trkpt>
      <trkpt lat="41.535719" lon="2.343324">
        <ele>444.195</ele>
        <time>2025-01-09T11:16:56Z</time>
      </trkpt>
      <trkpt lat="41.535749" lon="2.343350">
        <ele>443.792</ele>
        <time>2025-01-09T11:16:58Z</time>
      </trkpt>
      <trkpt lat="41.535772" lon="2.343373">
        <ele>443.595</ele>
        <time>2025-01-09T11:17:00Z</time>
      </trkpt>
      <trkpt lat="41.535794" lon="2.343396">
        <ele>443.482</ele>
        <time>2025-01-09T11:17:02Z</time>
      </trkpt>
      <trkpt lat="41.535823" lon="2.343420">
        <ele>443.143</ele>
        <time>2025-01-09T11:17:04Z</time>
      </trkpt>
      <trkpt lat="41.535851" lon="2.343442">
        <ele>443.117</ele>
        <time>2025-01-09T11:17:06Z</time>
      </trkpt>
      <trkpt lat="41.535875" lon="2.343464">
        <ele>443.109</ele>
        <time>2025-01-09T11:17:08Z</time>
      </trkpt>
      <trkpt lat="41.535900" lon="2.343479">
        <ele>443.199</ele>
        <time>2025-01-09T11:17:10Z</time>
      </trkpt>
      <trkpt lat="41.535929" lon="2.343509">
        <ele>443.397</ele>
        <time>2025-01-09T11:17:12Z</time>
      </trkpt>
      <trkpt lat="41.535955" lon="2.343532">
        <ele>443.417</ele>
        <time>2025-01-09T11:17:14Z</time>
      </trkpt>
      <trkpt lat="41.535995" lon="2.343570">
        <ele>443.783</ele>
        <time>2025-01-09T11:17:17Z</time>
      </trkpt>
      <trkpt lat="41.536036" lon="2.343607">
        <ele>444.013</ele>
        <time>2025-01-09T11:17:21Z</time>
      </trkpt>
      <trkpt lat="41.536079" lon="2.343648">
        <ele>444.597</ele>
        <time>2025-01-09T11:17:24Z</time>
      </trkpt>
      <trkpt lat="41.536106" lon="2.343674">
        <ele>444.945</ele>
        <time>2025-01-09T11:17:26Z</time>
      </trkpt>
      <trkpt lat="41.536153" lon="2.343711">
        <ele>445.292</ele>
        <time>2025-01-09T11:17:29Z</time>
      </trkpt>
      <trkpt lat="41.536203" lon="2.343753">
        <ele>445.645</ele>
        <time>2025-01-09T11:17:33Z</time>
      </trkpt>
      <trkpt lat="41.536245" lon="2.343787">
        <ele>445.869</ele>
        <time>2025-01-09T11:17:36Z</time>
      </trkpt>
      <trkpt lat="41.536272" lon="2.343803">
        <ele>445.804</ele>
        <time>2025-01-09T11:17:38Z</time>
      </trkpt>
      <trkpt lat="41.536313" lon="2.343835">
        <ele>446.024</ele>
        <time>2025-01-09T11:17:41Z</time>
      </trkpt>
      <trkpt lat="41.536340" lon="2.343860">
        <ele>446.109</ele>
        <time>2025-01-09T11:17:43Z</time>
      </trkpt>
      <trkpt lat="41.536379" lon="2.343887">
        <ele>446.117</ele>
        <time>2025-01-09T11:17:46Z</time>
      </trkpt>
      <trkpt lat="41.536409" lon="2.343911">
        <ele>445.925</ele>
        <time>2025-01-09T11:17:48Z</time>
      </trkpt>
      <trkpt lat="41.536460" lon="2.343947">
        <ele>445.355</ele>
        <time>2025-01-09T11:17:52Z</time>
      </trkpt>
      <trkpt lat="41.536505" lon="2.343980">
        <ele>444.861</ele>
        <time>2025-01-09T11:17:55Z</time>
      </trkpt>
      <trkpt lat="41.536530" lon="2.344001">
        <ele>444.611</ele>
        <time>2025-01-09T11:17:57Z</time>
      </trkpt>
      <trkpt lat="41.536550" lon="2.344029">
        <ele>444.715</ele>
        <time>2025-01-09T11:17:59Z</time>
      </trkpt>
      <trkpt lat="41.536575" lon="2.344061">
        <ele>444.833</ele>
        <time>2025-01-09T11:18:01Z</time>
      </trkpt>
      <trkpt lat="41.536618" lon="2.344103">
        <ele>444.720</ele>
        <time>2025-01-09T11:18:04Z</time>
      </trkpt>
      <trkpt lat="41.536645" lon="2.344128">
        <ele>444.613</ele>
        <time>2025-01-09T11:18:06Z</time>
      </trkpt>
      <trkpt lat="41.536668" lon="2.344155">
        <ele>444.721</ele>
        <time>2025-01-09T11:18:08Z</time>
      </trkpt>
      <trkpt lat="41.536691" lon="2.344175">
        <ele>444.541</ele>
        <time>2025-01-09T11:18:10Z</time>
      </trkpt>
      <trkpt lat="41.536711" lon="2.344201">
        <ele>444.505</ele>
        <time>2025-01-09T11:18:12Z</time>
      </trkpt>
      <trkpt lat="41.536746" lon="2.344250">
        <ele>444.409</ele>
        <time>2025-01-09T11:18:15Z</time>
      </trkpt>
      <trkpt lat="41.536771" lon="2.344277">
        <ele>444.293</ele>
        <time>2025-01-09T11:18:17Z</time>
      </trkpt>
      <trkpt lat="41.536803" lon="2.344303">
        <ele>443.811</ele>
        <time>2025-01-09T11:18:19Z</time>
      </trkpt>
      <trkpt lat="41.536823" lon="2.344328">
        <ele>443.691</ele>
        <time>2025-01-09T11:18:21Z</time>
      </trkpt>
      <trkpt lat="41.536847" lon="2.344352">
        <ele>443.477</ele>
        <time>2025-01-09T11:18:23Z</time>
      </trkpt>
      <trkpt lat="41.536874" lon="2.344376">
        <ele>443.017</ele>
        <time>2025-01-09T11:18:25Z</time>
      </trkpt>
      <trkpt lat="41.536900" lon="2.344400">
        <ele>442.621</ele>
        <time>2025-01-09T11:18:27Z</time>
      </trkpt>
      <trkpt lat="41.536925" lon="2.344427">
        <ele>442.369</ele>
        <time>2025-01-09T11:18:29Z</time>
      </trkpt>
      <trkpt lat="41.536951" lon="2.344449">
        <ele>442.016</ele>
        <time>2025-01-09T11:18:31Z</time>
      </trkpt>
      <trkpt lat="41.536976" lon="2.344475">
        <ele>442.399</ele>
        <time>2025-01-09T11:18:33Z</time>
      </trkpt>
      <trkpt lat="41.537004" lon="2.344499">
        <ele>442.322</ele>
        <time>2025-01-09T11:18:35Z</time>
      </trkpt>
      <trkpt lat="41.537048" lon="2.344536">
        <ele>442.362</ele>
        <time>2025-01-09T11:18:39Z</time>
      </trkpt>
      <trkpt lat="41.537076" lon="2.344561">
        <ele>442.208</ele>
        <time>2025-01-09T11:18:41Z</time>
      </trkpt>
      <trkpt lat="41.537102" lon="2.344586">
        <ele>442.109</ele>
        <time>2025-01-09T11:18:43Z</time>
      </trkpt>
      <trkpt lat="41.537126" lon="2.344611">
        <ele>442.063</ele>
        <time>2025-01-09T11:18:45Z</time>
      </trkpt>
      <trkpt lat="41.537156" lon="2.344642">
        <ele>441.871</ele>
        <time>2025-01-09T11:18:47Z</time>
      </trkpt>
      <trkpt lat="41.537177" lon="2.344665">
        <ele>441.691</ele>
        <time>2025-01-09T11:18:49Z</time>
      </trkpt>
      <trkpt lat="41.537204" lon="2.344687">
        <ele>441.197</ele>
        <time>2025-01-09T11:18:51Z</time>
      </trkpt>
      <trkpt lat="41.537227" lon="2.344712">
        <ele>440.957</ele>
        <time>2025-01-09T11:18:53Z</time>
      </trkpt>
      <trkpt lat="41.537253" lon="2.344736">
        <ele>441.211</ele>
        <time>2025-01-09T11:18:55Z</time>
      </trkpt>
      <trkpt lat="41.537280" lon="2.344762">
        <ele>441.779</ele>
        <time>2025-01-09T11:18:57Z</time>
      </trkpt>
      <trkpt lat="41.537307" lon="2.344790">
        <ele>442.156</ele>
        <time>2025-01-09T11:18:59Z</time>
      </trkpt>
      <trkpt lat="41.537330" lon="2.344816">
        <ele>442.579</ele>
        <time>2025-01-09T11:19:01Z</time>
      </trkpt>
      <trkpt lat="41.537353" lon="2.344837">
        <ele>442.621</ele>
        <time>2025-01-09T11:19:03Z</time>
      </trkpt>
      <trkpt lat="41.537377" lon="2.344864">
        <ele>442.941</ele>
        <time>2025-01-09T11:19:05Z</time>
      </trkpt>
      <trkpt lat="41.537403" lon="2.344890">
        <ele>443.005</ele>
        <time>2025-01-09T11:19:07Z</time>
      </trkpt>
      <trkpt lat="41.537426" lon="2.344919">
        <ele>443.109</ele>
        <time>2025-01-09T11:19:09Z</time>
      </trkpt>
      <trkpt lat="41.537462" lon="2.344959">
        <ele>443.253</ele>
        <time>2025-01-09T11:19:12Z</time>
      </trkpt>
      <trkpt lat="41.537484" lon="2.344984">
        <ele>443.191</ele>
        <time>2025-01-09T11:19:14Z</time>
      </trkpt>
      <trkpt lat="41.537507" lon="2.345014">
        <ele>443.091</ele>
        <time>2025-01-09T11:19:16Z</time>
      </trkpt>
      <trkpt lat="41.537532" lon="2.345040">
        <ele>442.937</ele>
        <time>2025-01-09T11:19:18Z</time>
      </trkpt>
      <trkpt lat="41.537558" lon="2.345069">
        <ele>442.897</ele>
        <time>2025-01-09T11:19:20Z</time>
      </trkpt>
      <trkpt lat="41.537581" lon="2.345095">
        <ele>442.751</ele>
        <time>2025-01-09T11:19:22Z</time>
      </trkpt>
      <trkpt lat="41.537603" lon="2.345126">
        <ele>442.559</ele>
        <time>2025-01-09T11:19:24Z</time>
      </trkpt>
      <trkpt lat="41.537620" lon="2.345167">
        <ele>442.646</ele>
        <time>2025-01-09T11:19:39Z</time>
      </trkpt>
      <trkpt lat="41.537646" lon="2.345190">
        <ele>442.279</ele>
        <time>2025-01-09T11:19:41Z</time>
      </trkpt>
      <trkpt lat="41.537669" lon="2.345217">
        <ele>442.046</ele>
        <time>2025-01-09T11:19:43Z</time>
      </trkpt>
      <trkpt lat="41.537691" lon="2.345241">
        <ele>441.788</ele>
        <time>2025-01-09T11:19:45Z</time>
      </trkpt>
      <trkpt lat="41.537730" lon="2.345283">
        <ele>441.016</ele>
        <time>2025-01-09T11:19:49Z</time>
      </trkpt>
      <trkpt lat="41.537752" lon="2.345306">
        <ele>440.509</ele>
        <time>2025-01-09T11:19:51Z</time>
      </trkpt>
      <trkpt lat="41.537795" lon="2.345347">
        <ele>439.865</ele>
        <time>2025-01-09T11:19:55Z</time>
      </trkpt>
      <trkpt lat="41.537820" lon="2.345372">
        <ele>439.473</ele>
        <time>2025-01-09T11:19:57Z</time>
      </trkpt>
      <trkpt lat="41.537846" lon="2.345396">
        <ele>439.173</ele>
        <time>2025-01-09T11:19:59Z</time>
      </trkpt>
      <trkpt lat="41.537872" lon="2.345424">
        <ele>438.859</ele>
        <time>2025-01-09T11:20:01Z</time>
      </trkpt>
      <trkpt lat="41.537896" lon="2.345455">
        <ele>438.619</ele>
        <time>2025-01-09T11:20:03Z</time>
      </trkpt>
      <trkpt lat="41.537920" lon="2.345477">
        <ele>438.393</ele>
        <time>2025-01-09T11:20:05Z</time>
      </trkpt>
      <trkpt lat="41.537946" lon="2.345499">
        <ele>438.181</ele>
        <time>2025-01-09T11:20:07Z</time>
      </trkpt>
      <trkpt lat="41.537986" lon="2.345548">
        <ele>437.738</ele>
        <time>2025-01-09T11:20:14Z</time>
      </trkpt>
      <trkpt lat="41.538029" lon="2.345587">
        <ele>437.551</ele>
        <time>2025-01-09T11:20:17Z</time>
      </trkpt>
      <trkpt lat="41.538053" lon="2.345609">
        <ele>437.463</ele>
        <time>2025-01-09T11:20:19Z</time>
      </trkpt>
      <trkpt lat="41.538078" lon="2.345628">
        <ele>437.344</ele>
        <time>2025-01-09T11:20:21Z</time>
      </trkpt>
      <trkpt lat="41.538104" lon="2.345652">
        <ele>437.418</ele>
        <time>2025-01-09T11:20:23Z</time>
      </trkpt>
      <trkpt lat="41.538134" lon="2.345680">
        <ele>437.409</ele>
        <time>2025-01-09T11:20:25Z</time>
      </trkpt>
      <trkpt lat="41.538164" lon="2.345697">
        <ele>437.437</ele>
        <time>2025-01-09T11:20:27Z</time>
      </trkpt>
      <trkpt lat="41.538194" lon="2.345712">
        <ele>437.545</ele>
        <time>2025-01-09T11:20:29Z</time>
      </trkpt>
      <trkpt lat="41.538222" lon="2.345731">
        <ele>437.625</ele>
        <time>2025-01-09T11:20:31Z</time>
      </trkpt>
      <trkpt lat="41.538249" lon="2.345747">
        <ele>437.771</ele>
        <time>2025-01-09T11:20:33Z</time>
      </trkpt>
      <trkpt lat="41.538274" lon="2.345771">
        <ele>438.091</ele>
        <time>2025-01-09T11:20:35Z</time>
      </trkpt>
      <trkpt lat="41.538321" lon="2.345803">
        <ele>438.565</ele>
        <time>2025-01-09T11:20:38Z</time>
      </trkpt>
      <trkpt lat="41.538349" lon="2.345818">
        <ele>438.793</ele>
        <time>2025-01-09T11:20:40Z</time>
      </trkpt>
      <trkpt lat="41.538378" lon="2.345839">
        <ele>439.140</ele>
        <time>2025-01-09T11:20:42Z</time>
      </trkpt>
      <trkpt lat="41.538404" lon="2.345853">
        <ele>439.463</ele>
        <time>2025-01-09T11:20:44Z</time>
      </trkpt>
      <trkpt lat="41.538433" lon="2.345873">
        <ele>439.838</ele>
        <time>2025-01-09T11:20:46Z</time>
      </trkpt>
      <trkpt lat="41.538460" lon="2.345898">
        <ele>440.370</ele>
        <time>2025-01-09T11:20:48Z</time>
      </trkpt>
      <trkpt lat="41.538486" lon="2.345916">
        <ele>440.617</ele>
        <time>2025-01-09T11:20:50Z</time>
      </trkpt>
      <trkpt lat="41.538511" lon="2.345936">
        <ele>441.009</ele>
        <time>2025-01-09T11:20:52Z</time>
      </trkpt>
      <trkpt lat="41.538539" lon="2.345957">
        <ele>441.394</ele>
        <time>2025-01-09T11:20:54Z</time>
      </trkpt>
      <trkpt lat="41.538564" lon="2.345979">
        <ele>441.762</ele>
        <time>2025-01-09T11:20:56Z</time>
      </trkpt>
      <trkpt lat="41.538589" lon="2.346004">
        <ele>442.192</ele>
        <time>2025-01-09T11:20:58Z</time>
      </trkpt>
      <trkpt lat="41.538613" lon="2.346035">
        <ele>442.668</ele>
        <time>2025-01-09T11:21:00Z</time>
      </trkpt>
      <trkpt lat="41.538635" lon="2.346060">
        <ele>442.958</ele>
        <time>2025-01-09T11:21:02Z</time>
      </trkpt>
      <trkpt lat="41.538662" lon="2.346100">
        <ele>443.382</ele>
        <time>2025-01-09T11:21:05Z</time>
      </trkpt>
      <trkpt lat="41.538686" lon="2.346130">
        <ele>443.480</ele>
        <time>2025-01-09T11:21:07Z</time>
      </trkpt>
      <trkpt lat="41.538705" lon="2.346165">
        <ele>443.647</ele>
        <time>2025-01-09T11:21:09Z</time>
      </trkpt>
      <trkpt lat="41.538727" lon="2.346190">
        <ele>443.670</ele>
        <time>2025-01-09T11:21:11Z</time>
      </trkpt>
      <trkpt lat="41.538750" lon="2.346223">
        <ele>443.774</ele>
        <time>2025-01-09T11:21:13Z</time>
      </trkpt>
      <trkpt lat="41.538771" lon="2.346252">
        <ele>443.756</ele>
        <time>2025-01-09T11:21:15Z</time>
      </trkpt>
      <trkpt lat="41.538789" lon="2.346282">
        <ele>443.821</ele>
        <time>2025-01-09T11:21:17Z</time>
      </trkpt>
      <trkpt lat="41.538811" lon="2.346313">
        <ele>443.709</ele>
        <time>2025-01-09T11:21:19Z</time>
      </trkpt>
      <trkpt lat="41.538844" lon="2.346366">
        <ele>443.638</ele>
        <time>2025-01-09T11:21:22Z</time>
      </trkpt>
      <trkpt lat="41.538878" lon="2.346427">
        <ele>443.626</ele>
        <time>2025-01-09T11:21:26Z</time>
      </trkpt>
      <trkpt lat="41.538898" lon="2.346458">
        <ele>443.566</ele>
        <time>2025-01-09T11:21:28Z</time>
      </trkpt>
      <trkpt lat="41.538912" lon="2.346489">
        <ele>443.432</ele>
        <time>2025-01-09T11:21:30Z</time>
      </trkpt>
      <trkpt lat="41.538926" lon="2.346521">
        <ele>443.382</ele>
        <time>2025-01-09T11:21:32Z</time>
      </trkpt>
      <trkpt lat="41.538957" lon="2.346582">
        <ele>443.076</ele>
        <time>2025-01-09T11:21:36Z</time>
      </trkpt>
      <trkpt lat="41.538973" lon="2.346614">
        <ele>443.014</ele>
        <time>2025-01-09T11:21:38Z</time>
      </trkpt>
      <trkpt lat="41.538991" lon="2.346645">
        <ele>442.851</ele>
        <time>2025-01-09T11:21:40Z</time>
      </trkpt>
      <trkpt lat="41.539009" lon="2.346679">
        <ele>442.724</ele>
        <time>2025-01-09T11:21:42Z</time>
      </trkpt>
      <trkpt lat="41.539026" lon="2.346712">
        <ele>442.562</ele>
        <time>2025-01-09T11:21:44Z</time>
      </trkpt>
      <trkpt lat="41.539047" lon="2.346745">
        <ele>442.383</ele>
        <time>2025-01-09T11:21:46Z</time>
      </trkpt>
      <trkpt lat="41.539062" lon="2.346781">
        <ele>442.211</ele>
        <time>2025-01-09T11:21:48Z</time>
      </trkpt>
      <trkpt lat="41.539078" lon="2.346815">
        <ele>442.209</ele>
        <time>2025-01-09T11:21:50Z</time>
      </trkpt>
      <trkpt lat="41.539094" lon="2.346846">
        <ele>442.047</ele>
        <time>2025-01-09T11:21:52Z</time>
      </trkpt>
      <trkpt lat="41.539127" lon="2.346902">
        <ele>441.765</ele>
        <time>2025-01-09T11:21:56Z</time>
      </trkpt>
      <trkpt lat="41.539140" lon="2.346935">
        <ele>441.715</ele>
        <time>2025-01-09T11:21:58Z</time>
      </trkpt>
      <trkpt lat="41.539157" lon="2.346967">
        <ele>441.521</ele>
        <time>2025-01-09T11:22:00Z</time>
      </trkpt>
      <trkpt lat="41.539173" lon="2.347001">
        <ele>441.491</ele>
        <time>2025-01-09T11:22:02Z</time>
      </trkpt>
      <trkpt lat="41.539185" lon="2.347035">
        <ele>441.355</ele>
        <time>2025-01-09T11:22:04Z</time>
      </trkpt>
      <trkpt lat="41.539193" lon="2.347077">
        <ele>441.453</ele>
        <time>2025-01-09T11:22:06Z</time>
      </trkpt>
      <trkpt lat="41.539221" lon="2.347144">
        <ele>441.090</ele>
        <time>2025-01-09T11:22:10Z</time>
      </trkpt>
      <trkpt lat="41.539248" lon="2.347181">
        <ele>440.353</ele>
        <time>2025-01-09T11:22:12Z</time>
      </trkpt>
      <trkpt lat="41.539274" lon="2.347211">
        <ele>439.692</ele>
        <time>2025-01-09T11:22:14Z</time>
      </trkpt>
      <trkpt lat="41.539295" lon="2.347237">
        <ele>439.173</ele>
        <time>2025-01-09T11:22:16Z</time>
      </trkpt>
      <trkpt lat="41.539320" lon="2.347268">
        <ele>438.620</ele>
        <time>2025-01-09T11:22:18Z</time>
      </trkpt>
      <trkpt lat="41.539368" lon="2.347308">
        <ele>437.109</ele>
        <time>2025-01-09T11:22:22Z</time>
      </trkpt>
      <trkpt lat="41.539419" lon="2.347332">
        <ele>435.330</ele>
        <time>2025-01-09T11:22:25Z</time>
      </trkpt>
      <trkpt lat="41.539450" lon="2.347344">
        <ele>434.178</ele>
        <time>2025-01-09T11:22:27Z</time>
      </trkpt>
      <trkpt lat="41.539483" lon="2.347354">
        <ele>432.918</ele>
        <time>2025-01-09T11:22:29Z</time>
      </trkpt>
      <trkpt lat="41.539515" lon="2.347365">
        <ele>431.794</ele>
        <time>2025-01-09T11:22:31Z</time>
      </trkpt>
      <trkpt lat="41.539549" lon="2.347379">
        <ele>430.614</ele>
        <time>2025-01-09T11:22:33Z</time>
      </trkpt>
      <trkpt lat="41.539578" lon="2.347394">
        <ele>429.668</ele>
        <time>2025-01-09T11:22:35Z</time>
      </trkpt>
      <trkpt lat="41.539607" lon="2.347408">
        <ele>428.676</ele>
        <time>2025-01-09T11:22:37Z</time>
      </trkpt>
      <trkpt lat="41.539639" lon="2.347421">
        <ele>427.463</ele>
        <time>2025-01-09T11:22:39Z</time>
      </trkpt>
      <trkpt lat="41.539690" lon="2.347450">
        <ele>425.716</ele>
        <time>2025-01-09T11:22:43Z</time>
      </trkpt>
      <trkpt lat="41.539715" lon="2.347467">
        <ele>424.958</ele>
        <time>2025-01-09T11:22:45Z</time>
      </trkpt>
      <trkpt lat="41.539763" lon="2.347497">
        <ele>425.052</ele>
        <time>2025-01-09T11:22:49Z</time>
      </trkpt>
      <trkpt lat="41.539790" lon="2.347519">
        <ele>425.717</ele>
        <time>2025-01-09T11:22:51Z</time>
      </trkpt>
      <trkpt lat="41.539816" lon="2.347539">
        <ele>426.409</ele>
        <time>2025-01-09T11:22:53Z</time>
      </trkpt>
      <trkpt lat="41.539850" lon="2.347557">
        <ele>427.096</ele>
        <time>2025-01-09T11:22:55Z</time>
      </trkpt>
      <trkpt lat="41.539882" lon="2.347582">
        <ele>427.874</ele>
        <time>2025-01-09T11:22:57Z</time>
      </trkpt>
      <trkpt lat="41.539925" lon="2.347602">
        <ele>428.474</ele>
        <time>2025-01-09T11:23:00Z</time>
      </trkpt>
      <trkpt lat="41.539955" lon="2.347623">
        <ele>429.190</ele>
        <time>2025-01-09T11:23:02Z</time>
      </trkpt>
      <trkpt lat="41.539983" lon="2.347640">
        <ele>429.650</ele>
        <time>2025-01-09T11:23:04Z</time>
      </trkpt>
      <trkpt lat="41.540012" lon="2.347657">
        <ele>430.084</ele>
        <time>2025-01-09T11:23:06Z</time>
      </trkpt>
      <trkpt lat="41.540042" lon="2.347674">
        <ele>430.592</ele>
        <time>2025-01-09T11:23:08Z</time>
      </trkpt>
      <trkpt lat="41.540071" lon="2.347692">
        <ele>431.189</ele>
        <time>2025-01-09T11:23:10Z</time>
      </trkpt>
      <trkpt lat="41.540098" lon="2.347710">
        <ele>431.622</ele>
        <time>2025-01-09T11:23:12Z</time>
      </trkpt>
      <trkpt lat="41.540126" lon="2.347724">
        <ele>432.146</ele>
        <time>2025-01-09T11:23:14Z</time>
      </trkpt>
      <trkpt lat="41.540160" lon="2.347735">
        <ele>432.488</ele>
        <time>2025-01-09T11:23:16Z</time>
      </trkpt>
      <trkpt lat="41.540189" lon="2.347742">
        <ele>432.716</ele>
        <time>2025-01-09T11:23:18Z</time>
      </trkpt>
      <trkpt lat="41.540235" lon="2.347763">
        <ele>433.409</ele>
        <time>2025-01-09T11:23:21Z</time>
      </trkpt>
      <trkpt lat="41.540266" lon="2.347774">
        <ele>433.975</ele>
        <time>2025-01-09T11:23:23Z</time>
      </trkpt>
      <trkpt lat="41.540295" lon="2.347788">
        <ele>434.073</ele>
        <time>2025-01-09T11:23:25Z</time>
      </trkpt>
      <trkpt lat="41.540328" lon="2.347799">
        <ele>433.933</ele>
        <time>2025-01-09T11:23:27Z</time>
      </trkpt>
      <trkpt lat="41.540355" lon="2.347801">
        <ele>433.519</ele>
        <time>2025-01-09T11:23:29Z</time>
      </trkpt>
      <trkpt lat="41.540388" lon="2.347806">
        <ele>433.179</ele>
        <time>2025-01-09T11:23:31Z</time>
      </trkpt>
      <trkpt lat="41.540428" lon="2.347805">
        <ele>432.543</ele>
        <time>2025-01-09T11:23:34Z</time>
      </trkpt>
      <trkpt lat="41.540466" lon="2.347808">
        <ele>432.011</ele>
        <time>2025-01-09T11:23:36Z</time>
      </trkpt>
      <trkpt lat="41.540518" lon="2.347809">
        <ele>431.218</ele>
        <time>2025-01-09T11:23:42Z</time>
      </trkpt>
      <trkpt lat="41.540557" lon="2.347821">
        <ele>430.941</ele>
        <time>2025-01-09T11:23:44Z</time>
      </trkpt>
      <trkpt lat="41.540588" lon="2.347829">
        <ele>430.257</ele>
        <time>2025-01-09T11:23:46Z</time>
      </trkpt>
      <trkpt lat="41.540621" lon="2.347828">
        <ele>429.300</ele>
        <time>2025-01-09T11:23:48Z</time>
      </trkpt>
      <trkpt lat="41.540649" lon="2.347833">
        <ele>428.620</ele>
        <time>2025-01-09T11:23:50Z</time>
      </trkpt>
      <trkpt lat="41.540680" lon="2.347835">
        <ele>427.809</ele>
        <time>2025-01-09T11:23:52Z</time>
      </trkpt>
      <trkpt lat="41.540711" lon="2.347845">
        <ele>427.276</ele>
        <time>2025-01-09T11:23:54Z</time>
      </trkpt>
      <trkpt lat="41.540738" lon="2.347847">
        <ele>426.634</ele>
        <time>2025-01-09T11:23:56Z</time>
      </trkpt>
      <trkpt lat="41.540769" lon="2.347851">
        <ele>425.814</ele>
        <time>2025-01-09T11:23:58Z</time>
      </trkpt>
      <trkpt lat="41.540800" lon="2.347862">
        <ele>425.330</ele>
        <time>2025-01-09T11:24:00Z</time>
      </trkpt>
      <trkpt lat="41.540831" lon="2.347869">
        <ele>424.710</ele>
        <time>2025-01-09T11:24:02Z</time>
      </trkpt>
      <trkpt lat="41.540863" lon="2.347881">
        <ele>423.714</ele>
        <time>2025-01-09T11:24:04Z</time>
      </trkpt>
      <trkpt lat="41.540908" lon="2.347905">
        <ele>422.372</ele>
        <time>2025-01-09T11:24:07Z</time>
      </trkpt>
      <trkpt lat="41.540935" lon="2.347921">
        <ele>421.529</ele>
        <time>2025-01-09T11:24:09Z</time>
      </trkpt>
      <trkpt lat="41.540961" lon="2.347941">
        <ele>420.952</ele>
        <time>2025-01-09T11:24:11Z</time>
      </trkpt>
      <trkpt lat="41.541009" lon="2.347979">
        <ele>419.793</ele>
        <time>2025-01-09T11:24:15Z</time>
      </trkpt>
      <trkpt lat="41.541033" lon="2.348003">
        <ele>419.365</ele>
        <time>2025-01-09T11:24:17Z</time>
      </trkpt>
      <trkpt lat="41.541057" lon="2.348028">
        <ele>418.821</ele>
        <time>2025-01-09T11:24:19Z</time>
      </trkpt>
      <trkpt lat="41.541093" lon="2.348077">
        <ele>418.509</ele>
        <time>2025-01-09T11:24:22Z</time>
      </trkpt>
      <trkpt lat="41.541114" lon="2.348107">
        <ele>418.330</ele>
        <time>2025-01-09T11:24:24Z</time>
      </trkpt>
      <trkpt lat="41.541134" lon="2.348144">
        <ele>418.468</ele>
        <time>2025-01-09T11:24:26Z</time>
      </trkpt>
      <trkpt lat="41.541155" lon="2.348172">
        <ele>418.128</ele>
        <time>2025-01-09T11:24:28Z</time>
      </trkpt>
      <trkpt lat="41.541182" lon="2.348197">
        <ele>417.444</ele>
        <time>2025-01-09T11:24:30Z</time>
      </trkpt>
      <trkpt lat="41.541218" lon="2.348243">
        <ele>416.694</ele>
        <time>2025-01-09T11:24:33Z</time>
      </trkpt>
      <trkpt lat="41.541238" lon="2.348272">
        <ele>416.288</ele>
        <time>2025-01-09T11:24:35Z</time>
      </trkpt>
      <trkpt lat="41.541260" lon="2.348303">
        <ele>415.756</ele>
        <time>2025-01-09T11:24:37Z</time>
      </trkpt>
      <trkpt lat="41.541278" lon="2.348331">
        <ele>415.343</ele>
        <time>2025-01-09T11:24:39Z</time>
      </trkpt>
      <trkpt lat="41.541303" lon="2.348362">
        <ele>414.786</ele>
        <time>2025-01-09T11:24:41Z</time>
      </trkpt>
      <trkpt lat="41.541346" lon="2.348396">
        <ele>413.229</ele>
        <time>2025-01-09T11:24:44Z</time>
      </trkpt>
      <trkpt lat="41.541375" lon="2.348415">
        <ele>412.100</ele>
        <time>2025-01-09T11:24:46Z</time>
      </trkpt>
      <trkpt lat="41.541421" lon="2.348445">
        <ele>411.620</ele>
        <time>2025-01-09T11:24:50Z</time>
      </trkpt>
      <trkpt lat="41.541465" lon="2.348475">
        <ele>411.409</ele>
        <time>2025-01-09T11:24:53Z</time>
      </trkpt>
      <trkpt lat="41.541499" lon="2.348502">
        <ele>411.313</ele>
        <time>2025-01-09T11:24:57Z</time>
      </trkpt>
      <trkpt lat="41.541530" lon="2.348509">
        <ele>410.791</ele>
        <time>2025-01-09T11:24:59Z</time>
      </trkpt>
      <trkpt lat="41.541562" lon="2.348492">
        <ele>409.791</ele>
        <time>2025-01-09T11:25:01Z</time>
      </trkpt>
      <trkpt lat="41.541589" lon="2.348470">
        <ele>408.657</ele>
        <time>2025-01-09T11:25:03Z</time>
      </trkpt>
      <trkpt lat="41.541617" lon="2.348457">
        <ele>407.827</ele>
        <time>2025-01-09T11:25:05Z</time>
      </trkpt>
      <trkpt lat="41.541665" lon="2.348445">
        <ele>406.661</ele>
        <time>2025-01-09T11:25:08Z</time>
      </trkpt>
      <trkpt lat="41.541692" lon="2.348425">
        <ele>406.719</ele>
        <time>2025-01-09T11:25:10Z</time>
      </trkpt>
      <trkpt lat="41.541719" lon="2.348403">
        <ele>406.856</ele>
        <time>2025-01-09T11:25:12Z</time>
      </trkpt>
      <trkpt lat="41.541746" lon="2.348380">
        <ele>407.039</ele>
        <time>2025-01-09T11:25:14Z</time>
      </trkpt>
      <trkpt lat="41.541770" lon="2.348356">
        <ele>407.162</ele>
        <time>2025-01-09T11:25:16Z</time>
      </trkpt>
      <trkpt lat="41.541793" lon="2.348322">
        <ele>407.283</ele>
        <time>2025-01-09T11:25:18Z</time>
      </trkpt>
      <trkpt lat="41.541817" lon="2.348260">
        <ele>407.111</ele>
        <time>2025-01-09T11:25:22Z</time>
      </trkpt>
      <trkpt lat="41.541833" lon="2.348221">
        <ele>407.109</ele>
        <time>2025-01-09T11:25:24Z</time>
      </trkpt>
      <trkpt lat="41.541848" lon="2.348181">
        <ele>407.177</ele>
        <time>2025-01-09T11:25:26Z</time>
      </trkpt>
      <trkpt lat="41.541860" lon="2.348135">
        <ele>407.145</ele>
        <time>2025-01-09T11:25:28Z</time>
      </trkpt>
      <trkpt lat="41.541878" lon="2.348072">
        <ele>407.215</ele>
        <time>2025-01-09T11:25:31Z</time>
      </trkpt>
      <trkpt lat="41.541884" lon="2.348036">
        <ele>407.251</ele>
        <time>2025-01-09T11:25:33Z</time>
      </trkpt>
      <trkpt lat="41.541886" lon="2.347999">
        <ele>407.211</ele>
        <time>2025-01-09T11:25:35Z</time>
      </trkpt>
      <trkpt lat="41.541891" lon="2.347962">
        <ele>407.235</ele>
        <time>2025-01-09T11:25:37Z</time>
      </trkpt>
      <trkpt lat="41.541894" lon="2.347916">
        <ele>407.183</ele>
        <time>2025-01-09T11:25:39Z</time>
      </trkpt>
      <trkpt lat="41.541901" lon="2.347846">
        <ele>407.110</ele>
        <time>2025-01-09T11:25:42Z</time>
      </trkpt>
      <trkpt lat="41.541906" lon="2.347779">
        <ele>407.093</ele>
        <time>2025-01-09T11:25:45Z</time>
      </trkpt>
      <trkpt lat="41.541909" lon="2.347734">
        <ele>406.949</ele>
        <time>2025-01-09T11:25:47Z</time>
      </trkpt>
      <trkpt lat="41.541915" lon="2.347696">
        <ele>407.002</ele>
        <time>2025-01-09T11:25:49Z</time>
      </trkpt>
      <trkpt lat="41.541915" lon="2.347658">
        <ele>406.822</ele>
        <time>2025-01-09T11:25:51Z</time>
      </trkpt>
      <trkpt lat="41.541915" lon="2.347585">
        <ele>406.609</ele>
        <time>2025-01-09T11:25:54Z</time>
      </trkpt>
      <trkpt lat="41.541925" lon="2.347543">
        <ele>406.745</ele>
        <time>2025-01-09T11:25:56Z</time>
      </trkpt>
      <trkpt lat="41.541938" lon="2.347476">
        <ele>406.693</ele>
        <time>2025-01-09T11:26:00Z</time>
      </trkpt>
      <trkpt lat="41.541951" lon="2.347434">
        <ele>406.423</ele>
        <time>2025-01-09T11:26:02Z</time>
      </trkpt>
      <trkpt lat="41.541969" lon="2.347397">
        <ele>406.229</ele>
        <time>2025-01-09T11:26:04Z</time>
      </trkpt>
      <trkpt lat="41.541980" lon="2.347352">
        <ele>405.869</ele>
        <time>2025-01-09T11:26:06Z</time>
      </trkpt>
      <trkpt lat="41.541999" lon="2.347294">
        <ele>405.373</ele>
        <time>2025-01-09T11:26:09Z</time>
      </trkpt>
      <trkpt lat="41.542014" lon="2.347257">
        <ele>404.911</ele>
        <time>2025-01-09T11:26:11Z</time>
      </trkpt>
      <trkpt lat="41.542035" lon="2.347215">
        <ele>404.698</ele>
        <time>2025-01-09T11:26:13Z</time>
      </trkpt>
      <trkpt lat="41.542058" lon="2.347156">
        <ele>404.081</ele>
        <time>2025-01-09T11:26:17Z</time>
      </trkpt>
      <trkpt lat="41.542076" lon="2.347126">
        <ele>403.731</ele>
        <time>2025-01-09T11:26:19Z</time>
      </trkpt>
      <trkpt lat="41.542107" lon="2.347074">
        <ele>403.361</ele>
        <time>2025-01-09T11:26:29Z</time>
      </trkpt>
      <trkpt lat="41.542145" lon="2.347039">
        <ele>403.007</ele>
        <time>2025-01-09T11:26:31Z</time>
      </trkpt>
      <trkpt lat="41.542170" lon="2.347019">
        <ele>402.809</ele>
        <time>2025-01-09T11:26:33Z</time>
      </trkpt>
      <trkpt lat="41.542199" lon="2.346997">
        <ele>402.774</ele>
        <time>2025-01-09T11:26:35Z</time>
      </trkpt>
      <trkpt lat="41.542216" lon="2.346966">
        <ele>402.392</ele>
        <time>2025-01-09T11:26:37Z</time>
      </trkpt>
      <trkpt lat="41.542234" lon="2.346938">
        <ele>401.892</ele>
        <time>2025-01-09T11:26:39Z</time>
      </trkpt>
      <trkpt lat="41.542232" lon="2.346887">
        <ele>401.168</ele>
        <time>2025-01-09T11:26:42Z</time>
      </trkpt>
      <trkpt lat="41.542213" lon="2.346944">
        <ele>402.058</ele>
        <time>2025-01-09T11:27:14Z</time>
      </trkpt>
      <trkpt lat="41.542185" lon="2.346997">
        <ele>402.642</ele>
        <time>2025-01-09T11:27:18Z</time>
      </trkpt>
      <trkpt lat="41.542147" lon="2.347042">
        <ele>403.070</ele>
        <time>2025-01-09T11:27:22Z</time>
      </trkpt>
      <trkpt lat="41.542126" lon="2.347070">
        <ele>403.337</ele>
        <time>2025-01-09T11:27:24Z</time>
      </trkpt>
      <trkpt lat="41.542089" lon="2.347119">
        <ele>403.730</ele>
        <time>2025-01-09T11:27:28Z</time>
      </trkpt>
      <trkpt lat="41.542063" lon="2.347147">
        <ele>403.965</ele>
        <time>2025-01-09T11:27:30Z</time>
      </trkpt>
      <trkpt lat="41.542030" lon="2.347211">
        <ele>404.568</ele>
        <time>2025-01-09T11:27:34Z</time>
      </trkpt>
      <trkpt lat="41.542016" lon="2.347247">
        <ele>404.814</ele>
        <time>2025-01-09T11:27:36Z</time>
      </trkpt>
      <trkpt lat="41.542002" lon="2.347279">
        <ele>405.109</ele>
        <time>2025-01-09T11:27:38Z</time>
      </trkpt>
      <trkpt lat="41.541973" lon="2.347349">
        <ele>405.747</ele>
        <time>2025-01-09T11:27:42Z</time>
      </trkpt>
      <trkpt lat="41.541962" lon="2.347389">
        <ele>406.035</ele>
        <time>2025-01-09T11:27:44Z</time>
      </trkpt>
      <trkpt lat="41.541950" lon="2.347426">
        <ele>406.345</ele>
        <time>2025-01-09T11:27:46Z</time>
      </trkpt>
      <trkpt lat="41.541940" lon="2.347461">
        <ele>406.541</ele>
        <time>2025-01-09T11:27:48Z</time>
      </trkpt>
      <trkpt lat="41.541925" lon="2.347522">
        <ele>406.641</ele>
        <time>2025-01-09T11:27:51Z</time>
      </trkpt>
      <trkpt lat="41.541919" lon="2.347560">
        <ele>406.625</ele>
        <time>2025-01-09T11:27:53Z</time>
      </trkpt>
      <trkpt lat="41.541915" lon="2.347612">
        <ele>406.783</ele>
        <time>2025-01-09T11:27:55Z</time>
      </trkpt>
      <trkpt lat="41.541913" lon="2.347659">
        <ele>406.840</ele>
        <time>2025-01-09T11:27:57Z</time>
      </trkpt>
      <trkpt lat="41.541908" lon="2.347734">
        <ele>406.963</ele>
        <time>2025-01-09T11:28:01Z</time>
      </trkpt>
      <trkpt lat="41.541908" lon="2.347775">
        <ele>407.172</ele>
        <time>2025-01-09T11:28:03Z</time>
      </trkpt>
      <trkpt lat="41.541907" lon="2.347824">
        <ele>407.213</ele>
        <time>2025-01-09T11:28:05Z</time>
      </trkpt>
      <trkpt lat="41.541901" lon="2.347865">
        <ele>407.214</ele>
        <time>2025-01-09T11:28:07Z</time>
      </trkpt>
      <trkpt lat="41.541894" lon="2.347905">
        <ele>407.109</ele>
        <time>2025-01-09T11:28:09Z</time>
      </trkpt>
      <trkpt lat="41.541887" lon="2.347944">
        <ele>407.098</ele>
        <time>2025-01-09T11:28:11Z</time>
      </trkpt>
      <trkpt lat="41.541884" lon="2.348006">
        <ele>407.186</ele>
        <time>2025-01-09T11:28:14Z</time>
      </trkpt>
      <trkpt lat="41.541873" lon="2.348043">
        <ele>406.996</ele>
        <time>2025-01-09T11:28:16Z</time>
      </trkpt>
      <trkpt lat="41.541865" lon="2.348082">
        <ele>406.982</ele>
        <time>2025-01-09T11:28:18Z</time>
      </trkpt>
      <trkpt lat="41.541858" lon="2.348126">
        <ele>407.092</ele>
        <time>2025-01-09T11:28:20Z</time>
      </trkpt>
      <trkpt lat="41.541844" lon="2.348171">
        <ele>407.086</ele>
        <time>2025-01-09T11:28:22Z</time>
      </trkpt>
      <trkpt lat="41.541827" lon="2.348205">
        <ele>406.814</ele>
        <time>2025-01-09T11:28:24Z</time>
      </trkpt>
      <trkpt lat="41.541814" lon="2.348244">
        <ele>406.971</ele>
        <time>2025-01-09T11:28:26Z</time>
      </trkpt>
      <trkpt lat="41.541798" lon="2.348285">
        <ele>406.924</ele>
        <time>2025-01-09T11:28:28Z</time>
      </trkpt>
      <trkpt lat="41.541779" lon="2.348319">
        <ele>406.955</ele>
        <time>2025-01-09T11:28:30Z</time>
      </trkpt>
      <trkpt lat="41.541740" lon="2.348375">
        <ele>406.807</ele>
        <time>2025-01-09T11:28:34Z</time>
      </trkpt>
      <trkpt lat="41.541697" lon="2.348411">
        <ele>406.617</ele>
        <time>2025-01-09T11:28:37Z</time>
      </trkpt>
      <trkpt lat="41.541666" lon="2.348423">
        <ele>406.309</ele>
        <time>2025-01-09T11:28:39Z</time>
      </trkpt>
      <trkpt lat="41.541637" lon="2.348445">
        <ele>407.296</ele>
        <time>2025-01-09T11:28:41Z</time>
      </trkpt>
      <trkpt lat="41.541586" lon="2.348458">
        <ele>408.574</ele>
        <time>2025-01-09T11:28:45Z</time>
      </trkpt>
      <trkpt lat="41.541532" lon="2.348483">
        <ele>410.144</ele>
        <time>2025-01-09T11:28:49Z</time>
      </trkpt>
      <trkpt lat="41.541530" lon="2.348535">
        <ele>411.340</ele>
        <time>2025-01-09T11:28:55Z</time>
      </trkpt>
      <trkpt lat="41.541549" lon="2.348601">
        <ele>412.290</ele>
        <time>2025-01-09T11:29:03Z</time>
      </trkpt>
      <trkpt lat="41.541571" lon="2.348667">
        <ele>413.124</ele>
        <time>2025-01-09T11:29:06Z</time>
      </trkpt>
      <trkpt lat="41.541587" lon="2.348704">
        <ele>413.542</ele>
        <time>2025-01-09T11:29:08Z</time>
      </trkpt>
      <trkpt lat="41.541599" lon="2.348744">
        <ele>414.159</ele>
        <time>2025-01-09T11:29:10Z</time>
      </trkpt>
      <trkpt lat="41.541610" lon="2.348780">
        <ele>414.552</ele>
        <time>2025-01-09T11:29:12Z</time>
      </trkpt>
      <trkpt lat="41.541625" lon="2.348814">
        <ele>414.837</ele>
        <time>2025-01-09T11:29:14Z</time>
      </trkpt>
      <trkpt lat="41.541631" lon="2.348855">
        <ele>415.549</ele>
        <time>2025-01-09T11:29:16Z</time>
      </trkpt>
      <trkpt lat="41.541637" lon="2.348896">
        <ele>416.113</ele>
        <time>2025-01-09T11:29:18Z</time>
      </trkpt>
      <trkpt lat="41.541640" lon="2.348954">
        <ele>416.009</ele>
        <time>2025-01-09T11:29:22Z</time>
      </trkpt>
      <trkpt lat="41.541638" lon="2.348991">
        <ele>416.154</ele>
        <time>2025-01-09T11:29:24Z</time>
      </trkpt>
      <trkpt lat="41.541626" lon="2.349035">
        <ele>416.632</ele>
        <time>2025-01-09T11:29:26Z</time>
      </trkpt>
      <trkpt lat="41.541617" lon="2.349077">
        <ele>417.042</ele>
        <time>2025-01-09T11:29:28Z</time>
      </trkpt>
      <trkpt lat="41.541610" lon="2.349118">
        <ele>417.438</ele>
        <time>2025-01-09T11:29:30Z</time>
      </trkpt>
      <trkpt lat="41.541599" lon="2.349158">
        <ele>417.948</ele>
        <time>2025-01-09T11:29:32Z</time>
      </trkpt>
      <trkpt lat="41.541585" lon="2.349193">
        <ele>418.692</ele>
        <time>2025-01-09T11:29:34Z</time>
      </trkpt>
      <trkpt lat="41.541572" lon="2.349229">
        <ele>419.220</ele>
        <time>2025-01-09T11:29:36Z</time>
      </trkpt>
      <trkpt lat="41.541561" lon="2.349266">
        <ele>419.887</ele>
        <time>2025-01-09T11:29:38Z</time>
      </trkpt>
      <trkpt lat="41.541551" lon="2.349306">
        <ele>420.470</ele>
        <time>2025-01-09T11:29:40Z</time>
      </trkpt>
      <trkpt lat="41.541540" lon="2.349347">
        <ele>421.173</ele>
        <time>2025-01-09T11:29:42Z</time>
      </trkpt>
      <trkpt lat="41.541528" lon="2.349381">
        <ele>421.885</ele>
        <time>2025-01-09T11:29:44Z</time>
      </trkpt>
      <trkpt lat="41.541521" lon="2.349420">
        <ele>422.213</ele>
        <time>2025-01-09T11:29:46Z</time>
      </trkpt>
      <trkpt lat="41.541518" lon="2.349458">
        <ele>422.609</ele>
        <time>2025-01-09T11:29:48Z</time>
      </trkpt>
      <trkpt lat="41.541518" lon="2.349500">
        <ele>422.968</ele>
        <time>2025-01-09T11:29:50Z</time>
      </trkpt>
      <trkpt lat="41.541519" lon="2.349541">
        <ele>423.236</ele>
        <time>2025-01-09T11:29:52Z</time>
      </trkpt>
      <trkpt lat="41.541524" lon="2.349579">
        <ele>423.276</ele>
        <time>2025-01-09T11:29:54Z</time>
      </trkpt>
      <trkpt lat="41.541530" lon="2.349621">
        <ele>423.192</ele>
        <time>2025-01-09T11:29:56Z</time>
      </trkpt>
      <trkpt lat="41.541552" lon="2.349688">
        <ele>422.452</ele>
        <time>2025-01-09T11:30:00Z</time>
      </trkpt>
      <trkpt lat="41.541560" lon="2.349729">
        <ele>422.246</ele>
        <time>2025-01-09T11:30:02Z</time>
      </trkpt>
      <trkpt lat="41.541565" lon="2.349770">
        <ele>422.664</ele>
        <time>2025-01-09T11:30:04Z</time>
      </trkpt>
      <trkpt lat="41.541573" lon="2.349808">
        <ele>422.721</ele>
        <time>2025-01-09T11:30:06Z</time>
      </trkpt>
      <trkpt lat="41.541580" lon="2.349847">
        <ele>423.034</ele>
        <time>2025-01-09T11:30:08Z</time>
      </trkpt>
      <trkpt lat="41.541592" lon="2.349917">
        <ele>423.445</ele>
        <time>2025-01-09T11:30:12Z</time>
      </trkpt>
      <trkpt lat="41.541603" lon="2.349957">
        <ele>423.547</ele>
        <time>2025-01-09T11:30:14Z</time>
      </trkpt>
      <trkpt lat="41.541615" lon="2.349997">
        <ele>423.611</ele>
        <time>2025-01-09T11:30:16Z</time>
      </trkpt>
      <trkpt lat="41.541631" lon="2.350060">
        <ele>423.109</ele>
        <time>2025-01-09T11:30:19Z</time>
      </trkpt>
      <trkpt lat="41.541637" lon="2.350101">
        <ele>423.055</ele>
        <time>2025-01-09T11:30:21Z</time>
      </trkpt>
      <trkpt lat="41.541643" lon="2.350137">
        <ele>422.873</ele>
        <time>2025-01-09T11:30:23Z</time>
      </trkpt>
      <trkpt lat="41.541653" lon="2.350171">
        <ele>422.493</ele>
        <time>2025-01-09T11:30:25Z</time>
      </trkpt>
      <trkpt lat="41.541671" lon="2.350238">
        <ele>421.749</ele>
        <time>2025-01-09T11:30:29Z</time>
      </trkpt>
      <trkpt lat="41.541682" lon="2.350277">
        <ele>421.369</ele>
        <time>2025-01-09T11:30:31Z</time>
      </trkpt>
      <trkpt lat="41.541690" lon="2.350314">
        <ele>421.363</ele>
        <time>2025-01-09T11:30:33Z</time>
      </trkpt>
      <trkpt lat="41.541700" lon="2.350359">
        <ele>421.121</ele>
        <time>2025-01-09T11:30:35Z</time>
      </trkpt>
      <trkpt lat="41.541705" lon="2.350396">
        <ele>421.298</ele>
        <time>2025-01-09T11:30:37Z</time>
      </trkpt>
      <trkpt lat="41.541703" lon="2.350437">
        <ele>421.641</ele>
        <time>2025-01-09T11:30:39Z</time>
      </trkpt>
      <trkpt lat="41.541698" lon="2.350476">
        <ele>422.153</ele>
        <time>2025-01-09T11:30:41Z</time>
      </trkpt>
      <trkpt lat="41.541688" lon="2.350516">
        <ele>422.804</ele>
        <time>2025-01-09T11:30:43Z</time>
      </trkpt>
      <trkpt lat="41.541675" lon="2.350551">
        <ele>423.614</ele>
        <time>2025-01-09T11:30:45Z</time>
      </trkpt>
      <trkpt lat="41.541655" lon="2.350585">
        <ele>424.209</ele>
        <time>2025-01-09T11:30:47Z</time>
      </trkpt>
      <trkpt lat="41.541634" lon="2.350614">
        <ele>424.916</ele>
        <time>2025-01-09T11:30:49Z</time>
      </trkpt>
      <trkpt lat="41.541612" lon="2.350643">
        <ele>425.694</ele>
        <time>2025-01-09T11:30:51Z</time>
      </trkpt>
      <trkpt lat="41.541587" lon="2.350673">
        <ele>426.344</ele>
        <time>2025-01-09T11:30:53Z</time>
      </trkpt>
      <trkpt lat="41.541567" lon="2.350703">
        <ele>426.970</ele>
        <time>2025-01-09T11:30:55Z</time>
      </trkpt>
      <trkpt lat="41.541531" lon="2.350761">
        <ele>427.860</ele>
        <time>2025-01-09T11:30:59Z</time>
      </trkpt>
      <trkpt lat="41.541507" lon="2.350790">
        <ele>428.594</ele>
        <time>2025-01-09T11:31:01Z</time>
      </trkpt>
      <trkpt lat="41.541481" lon="2.350817">
        <ele>429.262</ele>
        <time>2025-01-09T11:31:03Z</time>
      </trkpt>
      <trkpt lat="41.541457" lon="2.350844">
        <ele>429.899</ele>
        <time>2025-01-09T11:31:05Z</time>
      </trkpt>
      <trkpt lat="41.541412" lon="2.350879">
        <ele>430.782</ele>
        <time>2025-01-09T11:31:08Z</time>
      </trkpt>
      <trkpt lat="41.541382" lon="2.350904">
        <ele>431.162</ele>
        <time>2025-01-09T11:31:10Z</time>
      </trkpt>
      <trkpt lat="41.541347" lon="2.350957">
        <ele>430.183</ele>
        <time>2025-01-09T11:31:14Z</time>
      </trkpt>
      <trkpt lat="41.541329" lon="2.350988">
        <ele>429.511</ele>
        <time>2025-01-09T11:31:16Z</time>
      </trkpt>
      <trkpt lat="41.541308" lon="2.351025">
        <ele>428.809</ele>
        <time>2025-01-09T11:31:18Z</time>
      </trkpt>
      <trkpt lat="41.541276" lon="2.351081">
        <ele>427.957</ele>
        <time>2025-01-09T11:31:21Z</time>
      </trkpt>
      <trkpt lat="41.541263" lon="2.351113">
        <ele>427.215</ele>
        <time>2025-01-09T11:31:23Z</time>
      </trkpt>
      <trkpt lat="41.541253" lon="2.351147">
        <ele>426.965</ele>
        <time>2025-01-09T11:31:25Z</time>
      </trkpt>
      <trkpt lat="41.541241" lon="2.351186">
        <ele>426.571</ele>
        <time>2025-01-09T11:31:27Z</time>
      </trkpt>
      <trkpt lat="41.541231" lon="2.351224">
        <ele>426.121</ele>
        <time>2025-01-09T11:31:29Z</time>
      </trkpt>
      <trkpt lat="41.541219" lon="2.351273">
        <ele>425.575</ele>
        <time>2025-01-09T11:31:31Z</time>
      </trkpt>
      <trkpt lat="41.541210" lon="2.351310">
        <ele>424.913</ele>
        <time>2025-01-09T11:31:33Z</time>
      </trkpt>
      <trkpt lat="41.541203" lon="2.351350">
        <ele>424.370</ele>
        <time>2025-01-09T11:31:35Z</time>
      </trkpt>
      <trkpt lat="41.541194" lon="2.351389">
        <ele>423.743</ele>
        <time>2025-01-09T11:31:37Z</time>
      </trkpt>
      <trkpt lat="41.541181" lon="2.351428">
        <ele>423.839</ele>
        <time>2025-01-09T11:31:39Z</time>
      </trkpt>
      <trkpt lat="41.541166" lon="2.351466">
        <ele>423.901</ele>
        <time>2025-01-09T11:31:41Z</time>
      </trkpt>
      <trkpt lat="41.541148" lon="2.351508">
        <ele>423.921</ele>
        <time>2025-01-09T11:31:43Z</time>
      </trkpt>
      <trkpt lat="41.541132" lon="2.351554">
        <ele>424.009</ele>
        <time>2025-01-09T11:31:45Z</time>
      </trkpt>
      <trkpt lat="41.541116" lon="2.351589">
        <ele>424.054</ele>
        <time>2025-01-09T11:31:47Z</time>
      </trkpt>
      <trkpt lat="41.541108" lon="2.351628">
        <ele>424.052</ele>
        <time>2025-01-09T11:31:49Z</time>
      </trkpt>
      <trkpt lat="41.541095" lon="2.351662">
        <ele>423.992</ele>
        <time>2025-01-09T11:31:51Z</time>
      </trkpt>
      <trkpt lat="41.541071" lon="2.351721">
        <ele>424.298</ele>
        <time>2025-01-09T11:31:54Z</time>
      </trkpt>
      <trkpt lat="41.541049" lon="2.351753">
        <ele>424.398</ele>
        <time>2025-01-09T11:31:56Z</time>
      </trkpt>
      <trkpt lat="41.541030" lon="2.351788">
        <ele>424.362</ele>
        <time>2025-01-09T11:31:58Z</time>
      </trkpt>
      <trkpt lat="41.541016" lon="2.351824">
        <ele>424.450</ele>
        <time>2025-01-09T11:32:00Z</time>
      </trkpt>
      <trkpt lat="41.541001" lon="2.351862">
        <ele>424.587</ele>
        <time>2025-01-09T11:32:02Z</time>
      </trkpt>
      <trkpt lat="41.540989" lon="2.351896">
        <ele>424.540</ele>
        <time>2025-01-09T11:32:04Z</time>
      </trkpt>
      <trkpt lat="41.540978" lon="2.351933">
        <ele>424.574</ele>
        <time>2025-01-09T11:32:06Z</time>
      </trkpt>
      <trkpt lat="41.540968" lon="2.351967">
        <ele>424.656</ele>
        <time>2025-01-09T11:32:08Z</time>
      </trkpt>
      <trkpt lat="41.540960" lon="2.352008">
        <ele>424.721</ele>
        <time>2025-01-09T11:32:10Z</time>
      </trkpt>
      <trkpt lat="41.540948" lon="2.352051">
        <ele>424.809</ele>
        <time>2025-01-09T11:32:12Z</time>
      </trkpt>
      <trkpt lat="41.540944" lon="2.352094">
        <ele>425.058</ele>
        <time>2025-01-09T11:32:14Z</time>
      </trkpt>
      <trkpt lat="41.540950" lon="2.352135">
        <ele>425.456</ele>
        <time>2025-01-09T11:32:16Z</time>
      </trkpt>
      <trkpt lat="41.540958" lon="2.352178">
        <ele>425.886</ele>
        <time>2025-01-09T11:32:18Z</time>
      </trkpt>
      <trkpt lat="41.540971" lon="2.352221">
        <ele>426.592</ele>
        <time>2025-01-09T11:32:20Z</time>
      </trkpt>
      <trkpt lat="41.540982" lon="2.352255">
        <ele>426.722</ele>
        <time>2025-01-09T11:32:22Z</time>
      </trkpt>
      <trkpt lat="41.541000" lon="2.352312">
        <ele>427.156</ele>
        <time>2025-01-09T11:32:25Z</time>
      </trkpt>
      <trkpt lat="41.541017" lon="2.352341">
        <ele>427.654</ele>
        <time>2025-01-09T11:32:27Z</time>
      </trkpt>
      <trkpt lat="41.541031" lon="2.352377">
        <ele>428.151</ele>
        <time>2025-01-09T11:32:29Z</time>
      </trkpt>
      <trkpt lat="41.541047" lon="2.352411">
        <ele>428.624</ele>
        <time>2025-01-09T11:32:31Z</time>
      </trkpt>
      <trkpt lat="41.541067" lon="2.352447">
        <ele>429.354</ele>
        <time>2025-01-09T11:32:33Z</time>
      </trkpt>
      <trkpt lat="41.541084" lon="2.352485">
        <ele>430.056</ele>
        <time>2025-01-09T11:32:35Z</time>
      </trkpt>
      <trkpt lat="41.541099" lon="2.352523">
        <ele>430.611</ele>
        <time>2025-01-09T11:32:37Z</time>
      </trkpt>
      <trkpt lat="41.541108" lon="2.352557">
        <ele>430.909</ele>
        <time>2025-01-09T11:32:39Z</time>
      </trkpt>
      <trkpt lat="41.541118" lon="2.352594">
        <ele>431.176</ele>
        <time>2025-01-09T11:32:41Z</time>
      </trkpt>
      <trkpt lat="41.541131" lon="2.352636">
        <ele>431.464</ele>
        <time>2025-01-09T11:32:43Z</time>
      </trkpt>
      <trkpt lat="41.541143" lon="2.352670">
        <ele>431.664</ele>
        <time>2025-01-09T11:32:45Z</time>
      </trkpt>
      <trkpt lat="41.541153" lon="2.352711">
        <ele>431.880</ele>
        <time>2025-01-09T11:32:47Z</time>
      </trkpt>
      <trkpt lat="41.541165" lon="2.352749">
        <ele>432.180</ele>
        <time>2025-01-09T11:32:49Z</time>
      </trkpt>
      <trkpt lat="41.541177" lon="2.352785">
        <ele>432.434</ele>
        <time>2025-01-09T11:32:51Z</time>
      </trkpt>
      <trkpt lat="41.541187" lon="2.352824">
        <ele>432.262</ele>
        <time>2025-01-09T11:32:53Z</time>
      </trkpt>
      <trkpt lat="41.541196" lon="2.352868">
        <ele>432.139</ele>
        <time>2025-01-09T11:32:55Z</time>
      </trkpt>
      <trkpt lat="41.541205" lon="2.352904">
        <ele>432.032</ele>
        <time>2025-01-09T11:32:57Z</time>
      </trkpt>
      <trkpt lat="41.541214" lon="2.352945">
        <ele>431.956</ele>
        <time>2025-01-09T11:32:59Z</time>
      </trkpt>
      <trkpt lat="41.541222" lon="2.352984">
        <ele>431.859</ele>
        <time>2025-01-09T11:33:01Z</time>
      </trkpt>
      <trkpt lat="41.541228" lon="2.353023">
        <ele>431.614</ele>
        <time>2025-01-09T11:33:03Z</time>
      </trkpt>
      <trkpt lat="41.541228" lon="2.353062">
        <ele>431.309</ele>
        <time>2025-01-09T11:33:05Z</time>
      </trkpt>
      <trkpt lat="41.541227" lon="2.353100">
        <ele>431.096</ele>
        <time>2025-01-09T11:33:07Z</time>
      </trkpt>
      <trkpt lat="41.541229" lon="2.353143">
        <ele>430.854</ele>
        <time>2025-01-09T11:33:09Z</time>
      </trkpt>
      <trkpt lat="41.541227" lon="2.353185">
        <ele>430.494</ele>
        <time>2025-01-09T11:33:11Z</time>
      </trkpt>
      <trkpt lat="41.541228" lon="2.353228">
        <ele>430.180</ele>
        <time>2025-01-09T11:33:13Z</time>
      </trkpt>
      <trkpt lat="41.541225" lon="2.353271">
        <ele>429.780</ele>
        <time>2025-01-09T11:33:15Z</time>
      </trkpt>
      <trkpt lat="41.541224" lon="2.353307">
        <ele>429.414</ele>
        <time>2025-01-09T11:33:17Z</time>
      </trkpt>
      <trkpt lat="41.541222" lon="2.353349">
        <ele>429.182</ele>
        <time>2025-01-09T11:33:19Z</time>
      </trkpt>
      <trkpt lat="41.541222" lon="2.353387">
        <ele>429.069</ele>
        <time>2025-01-09T11:33:21Z</time>
      </trkpt>
      <trkpt lat="41.541219" lon="2.353427">
        <ele>428.782</ele>
        <time>2025-01-09T11:33:23Z</time>
      </trkpt>
      <trkpt lat="41.541222" lon="2.353467">
        <ele>428.646</ele>
        <time>2025-01-09T11:33:25Z</time>
      </trkpt>
      <trkpt lat="41.541227" lon="2.353503">
        <ele>428.688</ele>
        <time>2025-01-09T11:33:27Z</time>
      </trkpt>
      <trkpt lat="41.541231" lon="2.353546">
        <ele>428.616</ele>
        <time>2025-01-09T11:33:29Z</time>
      </trkpt>
      <trkpt lat="41.541236" lon="2.353587">
        <ele>428.609</ele>
        <time>2025-01-09T11:33:31Z</time>
      </trkpt>
      <trkpt lat="41.541247" lon="2.353626">
        <ele>428.895</ele>
        <time>2025-01-09T11:33:33Z</time>
      </trkpt>
      <trkpt lat="41.541254" lon="2.353666">
        <ele>428.983</ele>
        <time>2025-01-09T11:33:35Z</time>
      </trkpt>
      <trkpt lat="41.541257" lon="2.353704">
        <ele>428.973</ele>
        <time>2025-01-09T11:33:37Z</time>
      </trkpt>
      <trkpt lat="41.541268" lon="2.353769">
        <ele>429.159</ele>
        <time>2025-01-09T11:33:41Z</time>
      </trkpt>
      <trkpt lat="41.541279" lon="2.353818">
        <ele>429.389</ele>
        <time>2025-01-09T11:33:43Z</time>
      </trkpt>
      <trkpt lat="41.541285" lon="2.353860">
        <ele>429.473</ele>
        <time>2025-01-09T11:33:45Z</time>
      </trkpt>
      <trkpt lat="41.541289" lon="2.353897">
        <ele>429.451</ele>
        <time>2025-01-09T11:33:47Z</time>
      </trkpt>
      <trkpt lat="41.541295" lon="2.353937">
        <ele>429.558</ele>
        <time>2025-01-09T11:33:49Z</time>
      </trkpt>
      <trkpt lat="41.541303" lon="2.353973">
        <ele>429.771</ele>
        <time>2025-01-09T11:33:51Z</time>
      </trkpt>
      <trkpt lat="41.541305" lon="2.354041">
        <ele>429.681</ele>
        <time>2025-01-09T11:33:55Z</time>
      </trkpt>
      <trkpt lat="41.541306" lon="2.354083">
        <ele>429.561</ele>
        <time>2025-01-09T11:33:57Z</time>
      </trkpt>
      <trkpt lat="41.541306" lon="2.354134">
        <ele>429.417</ele>
        <time>2025-01-09T11:33:59Z</time>
      </trkpt>
      <trkpt lat="41.541308" lon="2.354174">
        <ele>429.309</ele>
        <time>2025-01-09T11:34:01Z</time>
      </trkpt>
      <trkpt lat="41.541316" lon="2.354213">
        <ele>429.349</ele>
        <time>2025-01-09T11:34:03Z</time>
      </trkpt>
      <trkpt lat="41.541323" lon="2.354261">
        <ele>429.237</ele>
        <time>2025-01-09T11:34:05Z</time>
      </trkpt>
      <trkpt lat="41.541331" lon="2.354304">
        <ele>429.147</ele>
        <time>2025-01-09T11:34:07Z</time>
      </trkpt>
      <trkpt lat="41.541336" lon="2.354341">
        <ele>429.033</ele>
        <time>2025-01-09T11:34:09Z</time>
      </trkpt>
      <trkpt lat="41.541344" lon="2.354378">
        <ele>429.073</ele>
        <time>2025-01-09T11:34:11Z</time>
      </trkpt>
      <trkpt lat="41.541356" lon="2.354413">
        <ele>429.267</ele>
        <time>2025-01-09T11:34:13Z</time>
      </trkpt>
      <trkpt lat="41.541356" lon="2.354450">
        <ele>428.835</ele>
        <time>2025-01-09T11:34:15Z</time>
      </trkpt>
      <trkpt lat="41.541363" lon="2.354489">
        <ele>428.252</ele>
        <time>2025-01-09T11:34:17Z</time>
      </trkpt>
      <trkpt lat="41.541372" lon="2.354531">
        <ele>427.675</ele>
        <time>2025-01-09T11:34:19Z</time>
      </trkpt>
      <trkpt lat="41.541377" lon="2.354569">
        <ele>426.952</ele>
        <time>2025-01-09T11:34:21Z</time>
      </trkpt>
      <trkpt lat="41.541383" lon="2.354641">
        <ele>425.653</ele>
        <time>2025-01-09T11:34:25Z</time>
      </trkpt>
      <trkpt lat="41.541388" lon="2.354680">
        <ele>424.908</ele>
        <time>2025-01-09T11:34:27Z</time>
      </trkpt>
      <trkpt lat="41.541400" lon="2.354717">
        <ele>424.409</ele>
        <time>2025-01-09T11:34:29Z</time>
      </trkpt>
      <trkpt lat="41.541404" lon="2.354772">
        <ele>423.476</ele>
        <time>2025-01-09T11:34:33Z</time>
      </trkpt>
      <trkpt lat="41.541425" lon="2.354827">
        <ele>422.974</ele>
        <time>2025-01-09T11:34:36Z</time>
      </trkpt>
      <trkpt lat="41.541459" lon="2.354877">
        <ele>423.154</ele>
        <time>2025-01-09T11:47:01Z</time>
      </trkpt>
      <trkpt lat="41.541474" lon="2.354910">
        <ele>423.070</ele>
        <time>2025-01-09T11:47:03Z</time>
      </trkpt>
      <trkpt lat="41.541487" lon="2.354972">
        <ele>422.490</ele>
        <time>2025-01-09T11:47:06Z</time>
      </trkpt>
      <trkpt lat="41.541500" lon="2.355007">
        <ele>422.294</ele>
        <time>2025-01-09T11:47:08Z</time>
      </trkpt>
      <trkpt lat="41.541510" lon="2.355045">
        <ele>421.882</ele>
        <time>2025-01-09T11:47:10Z</time>
      </trkpt>
      <trkpt lat="41.541521" lon="2.355085">
        <ele>421.489</ele>
        <time>2025-01-09T11:47:12Z</time>
      </trkpt>
      <trkpt lat="41.541536" lon="2.355119">
        <ele>421.312</ele>
        <time>2025-01-09T11:47:14Z</time>
      </trkpt>
      <trkpt lat="41.541556" lon="2.355158">
        <ele>421.388</ele>
        <time>2025-01-09T11:47:16Z</time>
      </trkpt>
      <trkpt lat="41.541583" lon="2.355231">
        <ele>421.024</ele>
        <time>2025-01-09T11:47:20Z</time>
      </trkpt>
      <trkpt lat="41.541601" lon="2.355263">
        <ele>421.226</ele>
        <time>2025-01-09T11:47:22Z</time>
      </trkpt>
      <trkpt lat="41.541616" lon="2.355294">
        <ele>421.109</ele>
        <time>2025-01-09T11:47:24Z</time>
      </trkpt>
      <trkpt lat="41.541628" lon="2.355333">
        <ele>420.449</ele>
        <time>2025-01-09T11:47:26Z</time>
      </trkpt>
      <trkpt lat="41.541653" lon="2.355402">
        <ele>419.457</ele>
        <time>2025-01-09T11:47:30Z</time>
      </trkpt>
      <trkpt lat="41.541670" lon="2.355459">
        <ele>418.327</ele>
        <time>2025-01-09T11:47:34Z</time>
      </trkpt>
      <trkpt lat="41.541685" lon="2.355493">
        <ele>418.013</ele>
        <time>2025-01-09T11:47:36Z</time>
      </trkpt>
      <trkpt lat="41.541699" lon="2.355534">
        <ele>417.453</ele>
        <time>2025-01-09T11:47:38Z</time>
      </trkpt>
      <trkpt lat="41.541712" lon="2.355596">
        <ele>416.317</ele>
        <time>2025-01-09T11:47:41Z</time>
      </trkpt>
      <trkpt lat="41.541727" lon="2.355635">
        <ele>415.945</ele>
        <time>2025-01-09T11:47:43Z</time>
      </trkpt>
      <trkpt lat="41.541738" lon="2.355672">
        <ele>415.412</ele>
        <time>2025-01-09T11:47:45Z</time>
      </trkpt>
      <trkpt lat="41.541751" lon="2.355710">
        <ele>414.935</ele>
        <time>2025-01-09T11:47:47Z</time>
      </trkpt>
      <trkpt lat="41.541767" lon="2.355752">
        <ele>414.545</ele>
        <time>2025-01-09T11:47:49Z</time>
      </trkpt>
      <trkpt lat="41.541782" lon="2.355788">
        <ele>414.247</ele>
        <time>2025-01-09T11:47:51Z</time>
      </trkpt>
      <trkpt lat="41.541794" lon="2.355824">
        <ele>413.711</ele>
        <time>2025-01-09T11:47:53Z</time>
      </trkpt>
      <trkpt lat="41.541820" lon="2.355886">
        <ele>413.209</ele>
        <time>2025-01-09T11:47:56Z</time>
      </trkpt>
      <trkpt lat="41.541832" lon="2.355926">
        <ele>412.625</ele>
        <time>2025-01-09T11:47:58Z</time>
      </trkpt>
      <trkpt lat="41.541858" lon="2.355989">
        <ele>411.913</ele>
        <time>2025-01-09T11:48:02Z</time>
      </trkpt>
      <trkpt lat="41.541886" lon="2.356034">
        <ele>411.983</ele>
        <time>2025-01-09T11:48:05Z</time>
      </trkpt>
      <trkpt lat="41.541906" lon="2.356069">
        <ele>411.759</ele>
        <time>2025-01-09T11:48:07Z</time>
      </trkpt>
      <trkpt lat="41.541923" lon="2.356106">
        <ele>411.229</ele>
        <time>2025-01-09T11:48:09Z</time>
      </trkpt>
      <trkpt lat="41.541949" lon="2.356155">
        <ele>410.843</ele>
        <time>2025-01-09T11:48:12Z</time>
      </trkpt>
      <trkpt lat="41.541972" lon="2.356181">
        <ele>411.241</ele>
        <time>2025-01-09T11:48:14Z</time>
      </trkpt>
      <trkpt lat="41.541982" lon="2.356217">
        <ele>410.578</ele>
        <time>2025-01-09T11:48:16Z</time>
      </trkpt>
      <trkpt lat="41.542005" lon="2.356248">
        <ele>410.671</ele>
        <time>2025-01-09T11:48:18Z</time>
      </trkpt>
      <trkpt lat="41.542026" lon="2.356282">
        <ele>410.535</ele>
        <time>2025-01-09T11:48:20Z</time>
      </trkpt>
      <trkpt lat="41.542051" lon="2.356316">
        <ele>410.686</ele>
        <time>2025-01-09T11:48:22Z</time>
      </trkpt>
      <trkpt lat="41.542088" lon="2.356379">
        <ele>410.114</ele>
        <time>2025-01-09T11:48:26Z</time>
      </trkpt>
      <trkpt lat="41.542106" lon="2.356412">
        <ele>410.009</ele>
        <time>2025-01-09T11:48:28Z</time>
      </trkpt>
      <trkpt lat="41.542143" lon="2.356462">
        <ele>410.564</ele>
        <time>2025-01-09T11:48:31Z</time>
      </trkpt>
      <trkpt lat="41.542163" lon="2.356527">
        <ele>409.942</ele>
        <time>2025-01-09T11:48:34Z</time>
      </trkpt>
      <trkpt lat="41.542182" lon="2.356595">
        <ele>409.062</ele>
        <time>2025-01-09T11:48:38Z</time>
      </trkpt>
      <trkpt lat="41.542200" lon="2.356633">
        <ele>408.938</ele>
        <time>2025-01-09T11:48:40Z</time>
      </trkpt>
      <trkpt lat="41.542220" lon="2.356665">
        <ele>408.958</ele>
        <time>2025-01-09T11:48:42Z</time>
      </trkpt>
      <trkpt lat="41.542239" lon="2.356700">
        <ele>408.942</ele>
        <time>2025-01-09T11:48:44Z</time>
      </trkpt>
      <trkpt lat="41.542245" lon="2.356742">
        <ele>408.020</ele>
        <time>2025-01-09T11:48:46Z</time>
      </trkpt>
      <trkpt lat="41.542274" lon="2.356809">
        <ele>407.587</ele>
        <time>2025-01-09T11:48:50Z</time>
      </trkpt>
      <trkpt lat="41.542292" lon="2.356845">
        <ele>407.260</ele>
        <time>2025-01-09T11:48:52Z</time>
      </trkpt>
      <trkpt lat="41.542311" lon="2.356876">
        <ele>407.183</ele>
        <time>2025-01-09T11:48:54Z</time>
      </trkpt>
      <trkpt lat="41.542326" lon="2.356914">
        <ele>406.625</ele>
        <time>2025-01-09T11:48:56Z</time>
      </trkpt>
      <trkpt lat="41.542345" lon="2.356945">
        <ele>406.417</ele>
        <time>2025-01-09T11:48:58Z</time>
      </trkpt>
      <trkpt lat="41.542360" lon="2.356977">
        <ele>406.309</ele>
        <time>2025-01-09T11:49:00Z</time>
      </trkpt>
      <trkpt lat="41.542381" lon="2.357006">
        <ele>406.599</ele>
        <time>2025-01-09T11:49:02Z</time>
      </trkpt>
      <trkpt lat="41.542406" lon="2.357042">
        <ele>406.627</ele>
        <time>2025-01-09T11:49:04Z</time>
      </trkpt>
      <trkpt lat="41.542429" lon="2.357104">
        <ele>406.157</ele>
        <time>2025-01-09T11:49:07Z</time>
      </trkpt>
      <trkpt lat="41.542446" lon="2.357135">
        <ele>406.173</ele>
        <time>2025-01-09T11:49:09Z</time>
      </trkpt>
      <trkpt lat="41.542462" lon="2.357170">
        <ele>405.953</ele>
        <time>2025-01-09T11:49:11Z</time>
      </trkpt>
      <trkpt lat="41.542486" lon="2.357224">
        <ele>405.577</ele>
        <time>2025-01-09T11:49:14Z</time>
      </trkpt>
      <trkpt lat="41.542492" lon="2.357262">
        <ele>405.595</ele>
        <time>2025-01-09T11:49:16Z</time>
      </trkpt>
      <trkpt lat="41.542496" lon="2.357308">
        <ele>405.332</ele>
        <time>2025-01-09T11:49:18Z</time>
      </trkpt>
      <trkpt lat="41.542498" lon="2.357350">
        <ele>405.065</ele>
        <time>2025-01-09T11:49:20Z</time>
      </trkpt>
      <trkpt lat="41.542500" lon="2.357388">
        <ele>404.881</ele>
        <time>2025-01-09T11:49:22Z</time>
      </trkpt>
      <trkpt lat="41.542503" lon="2.357459">
        <ele>404.361</ele>
        <time>2025-01-09T11:49:26Z</time>
      </trkpt>
      <trkpt lat="41.542500" lon="2.357502">
        <ele>404.017</ele>
        <time>2025-01-09T11:49:28Z</time>
      </trkpt>
      <trkpt lat="41.542496" lon="2.357543">
        <ele>404.009</ele>
        <time>2025-01-09T11:49:30Z</time>
      </trkpt>
      <trkpt lat="41.542490" lon="2.357613">
        <ele>404.159</ele>
        <time>2025-01-09T11:49:33Z</time>
      </trkpt>
      <trkpt lat="41.542484" lon="2.357652">
        <ele>404.197</ele>
        <time>2025-01-09T11:49:35Z</time>
      </trkpt>
      <trkpt lat="41.542479" lon="2.357689">
        <ele>404.157</ele>
        <time>2025-01-09T11:49:37Z</time>
      </trkpt>
      <trkpt lat="41.542470" lon="2.357727">
        <ele>404.063</ele>
        <time>2025-01-09T11:49:39Z</time>
      </trkpt>
      <trkpt lat="41.542458" lon="2.357801">
        <ele>403.883</ele>
        <time>2025-01-09T11:49:43Z</time>
      </trkpt>
      <trkpt lat="41.542451" lon="2.357842">
        <ele>403.767</ele>
        <time>2025-01-09T11:49:45Z</time>
      </trkpt>
      <trkpt lat="41.542445" lon="2.357881">
        <ele>403.615</ele>
        <time>2025-01-09T11:49:47Z</time>
      </trkpt>
      <trkpt lat="41.542435" lon="2.357921">
        <ele>403.432</ele>
        <time>2025-01-09T11:49:49Z</time>
      </trkpt>
      <trkpt lat="41.542465" lon="2.357991">
        <ele>404.285</ele>
        <time>2025-01-09T11:49:53Z</time>
      </trkpt>
      <trkpt lat="41.542486" lon="2.358019">
        <ele>404.789</ele>
        <time>2025-01-09T11:49:55Z</time>
      </trkpt>
      <trkpt lat="41.542513" lon="2.358042">
        <ele>405.106</ele>
        <time>2025-01-09T11:49:57Z</time>
      </trkpt>
      <trkpt lat="41.542543" lon="2.358061">
        <ele>405.326</ele>
        <time>2025-01-09T11:49:59Z</time>
      </trkpt>
      <trkpt lat="41.542567" lon="2.358089">
        <ele>405.709</ele>
        <time>2025-01-09T11:50:01Z</time>
      </trkpt>
      <trkpt lat="41.542596" lon="2.358105">
        <ele>405.929</ele>
        <time>2025-01-09T11:50:03Z</time>
      </trkpt>
      <trkpt lat="41.542616" lon="2.358133">
        <ele>406.297</ele>
        <time>2025-01-09T11:50:05Z</time>
      </trkpt>
      <trkpt lat="41.542646" lon="2.358195">
        <ele>406.567</ele>
        <time>2025-01-09T11:50:09Z</time>
      </trkpt>
      <trkpt lat="41.542662" lon="2.358239">
        <ele>406.763</ele>
        <time>2025-01-09T11:50:11Z</time>
      </trkpt>
      <trkpt lat="41.542675" lon="2.358275">
        <ele>406.833</ele>
        <time>2025-01-09T11:50:13Z</time>
      </trkpt>
      <trkpt lat="41.542689" lon="2.358316">
        <ele>407.067</ele>
        <time>2025-01-09T11:50:15Z</time>
      </trkpt>
      <trkpt lat="41.542702" lon="2.358356">
        <ele>407.055</ele>
        <time>2025-01-09T11:50:17Z</time>
      </trkpt>
      <trkpt lat="41.542712" lon="2.358400">
        <ele>407.162</ele>
        <time>2025-01-09T11:50:19Z</time>
      </trkpt>
      <trkpt lat="41.542734" lon="2.358463">
        <ele>407.195</ele>
        <time>2025-01-09T11:50:23Z</time>
      </trkpt>
      <trkpt lat="41.542747" lon="2.358506">
        <ele>407.132</ele>
        <time>2025-01-09T11:50:25Z</time>
      </trkpt>
      <trkpt lat="41.542764" lon="2.358571">
        <ele>407.092</ele>
        <time>2025-01-09T11:50:28Z</time>
      </trkpt>
      <trkpt lat="41.542777" lon="2.358609">
        <ele>407.011</ele>
        <time>2025-01-09T11:50:30Z</time>
      </trkpt>
      <trkpt lat="41.542785" lon="2.358677">
        <ele>406.809</ele>
        <time>2025-01-09T11:50:34Z</time>
      </trkpt>
      <trkpt lat="41.542793" lon="2.358716">
        <ele>406.624</ele>
        <time>2025-01-09T11:50:36Z</time>
      </trkpt>
      <trkpt lat="41.542793" lon="2.358753">
        <ele>406.632</ele>
        <time>2025-01-09T11:50:38Z</time>
      </trkpt>
      <trkpt lat="41.542794" lon="2.358793">
        <ele>406.682</ele>
        <time>2025-01-09T11:50:40Z</time>
      </trkpt>
      <trkpt lat="41.542789" lon="2.358833">
        <ele>406.778</ele>
        <time>2025-01-09T11:50:42Z</time>
      </trkpt>
      <trkpt lat="41.542784" lon="2.358877">
        <ele>406.918</ele>
        <time>2025-01-09T11:50:44Z</time>
      </trkpt>
      <trkpt lat="41.542779" lon="2.358920">
        <ele>407.182</ele>
        <time>2025-01-09T11:50:46Z</time>
      </trkpt>
      <trkpt lat="41.542772" lon="2.358963">
        <ele>407.340</ele>
        <time>2025-01-09T11:50:48Z</time>
      </trkpt>
      <trkpt lat="41.542781" lon="2.359007">
        <ele>407.457</ele>
        <time>2025-01-09T11:50:50Z</time>
      </trkpt>
      <trkpt lat="41.542784" lon="2.359047">
        <ele>407.470</ele>
        <time>2025-01-09T11:50:52Z</time>
      </trkpt>
      <trkpt lat="41.542788" lon="2.359089">
        <ele>407.533</ele>
        <time>2025-01-09T11:50:54Z</time>
      </trkpt>
      <trkpt lat="41.542798" lon="2.359131">
        <ele>407.423</ele>
        <time>2025-01-09T11:50:56Z</time>
      </trkpt>
      <trkpt lat="41.542816" lon="2.359201">
        <ele>407.215</ele>
        <time>2025-01-09T11:51:00Z</time>
      </trkpt>
      <trkpt lat="41.542840" lon="2.359268">
        <ele>406.909</ele>
        <time>2025-01-09T11:51:04Z</time>
      </trkpt>
      <trkpt lat="41.542852" lon="2.359304">
        <ele>406.884</ele>
        <time>2025-01-09T11:51:06Z</time>
      </trkpt>
      <trkpt lat="41.542864" lon="2.359342">
        <ele>406.762</ele>
        <time>2025-01-09T11:51:08Z</time>
      </trkpt>
      <trkpt lat="41.542877" lon="2.359379">
        <ele>406.782</ele>
        <time>2025-01-09T11:51:10Z</time>
      </trkpt>
      <trkpt lat="41.542888" lon="2.359413">
        <ele>406.748</ele>
        <time>2025-01-09T11:51:12Z</time>
      </trkpt>
      <trkpt lat="41.542914" lon="2.359475">
        <ele>406.768</ele>
        <time>2025-01-09T11:51:16Z</time>
      </trkpt>
      <trkpt lat="41.542929" lon="2.359509">
        <ele>406.732</ele>
        <time>2025-01-09T11:51:18Z</time>
      </trkpt>
      <trkpt lat="41.542946" lon="2.359546">
        <ele>406.830</ele>
        <time>2025-01-09T11:51:20Z</time>
      </trkpt>
      <trkpt lat="41.542963" lon="2.359582">
        <ele>406.877</ele>
        <time>2025-01-09T11:51:22Z</time>
      </trkpt>
      <trkpt lat="41.542981" lon="2.359617">
        <ele>406.970</ele>
        <time>2025-01-09T11:51:24Z</time>
      </trkpt>
      <trkpt lat="41.543014" lon="2.359666">
        <ele>406.988</ele>
        <time>2025-01-09T11:51:27Z</time>
      </trkpt>
      <trkpt lat="41.543049" lon="2.359726">
        <ele>407.124</ele>
        <time>2025-01-09T11:51:31Z</time>
      </trkpt>
      <trkpt lat="41.543081" lon="2.359780">
        <ele>407.426</ele>
        <time>2025-01-09T11:51:34Z</time>
      </trkpt>
      <trkpt lat="41.543105" lon="2.359807">
        <ele>407.609</ele>
        <time>2025-01-09T11:51:36Z</time>
      </trkpt>
      <trkpt lat="41.543126" lon="2.359831">
        <ele>407.859</ele>
        <time>2025-01-09T11:51:38Z</time>
      </trkpt>
      <trkpt lat="41.543163" lon="2.359888">
        <ele>408.577</ele>
        <time>2025-01-09T11:51:42Z</time>
      </trkpt>
      <trkpt lat="41.543188" lon="2.359908">
        <ele>408.887</ele>
        <time>2025-01-09T11:51:44Z</time>
      </trkpt>
      <trkpt lat="41.543210" lon="2.359932">
        <ele>409.253</ele>
        <time>2025-01-09T11:51:46Z</time>
      </trkpt>
      <trkpt lat="41.543261" lon="2.359966">
        <ele>410.073</ele>
        <time>2025-01-09T11:51:50Z</time>
      </trkpt>
      <trkpt lat="41.543305" lon="2.359984">
        <ele>410.597</ele>
        <time>2025-01-09T11:51:53Z</time>
      </trkpt>
      <trkpt lat="41.543331" lon="2.359991">
        <ele>410.875</ele>
        <time>2025-01-09T11:51:55Z</time>
      </trkpt>
      <trkpt lat="41.543359" lon="2.360005">
        <ele>411.162</ele>
        <time>2025-01-09T11:51:57Z</time>
      </trkpt>
      <trkpt lat="41.543386" lon="2.360011">
        <ele>411.245</ele>
        <time>2025-01-09T11:51:59Z</time>
      </trkpt>
      <trkpt lat="41.543415" lon="2.360020">
        <ele>411.379</ele>
        <time>2025-01-09T11:52:01Z</time>
      </trkpt>
      <trkpt lat="41.543464" lon="2.360032">
        <ele>411.605</ele>
        <time>2025-01-09T11:52:05Z</time>
      </trkpt>
      <trkpt lat="41.543515" lon="2.360038">
        <ele>411.725</ele>
        <time>2025-01-09T11:52:09Z</time>
      </trkpt>
      <trkpt lat="41.543566" lon="2.360043">
        <ele>411.909</ele>
        <time>2025-01-09T11:52:13Z</time>
      </trkpt>
      <trkpt lat="41.543594" lon="2.360056">
        <ele>412.248</ele>
        <time>2025-01-09T11:52:15Z</time>
      </trkpt>
      <trkpt lat="41.543643" lon="2.360076">
        <ele>412.316</ele>
        <time>2025-01-09T11:52:19Z</time>
      </trkpt>
      <trkpt lat="41.543670" lon="2.360086">
        <ele>412.366</ele>
        <time>2025-01-09T11:52:21Z</time>
      </trkpt>
      <trkpt lat="41.543712" lon="2.360107">
        <ele>412.482</ele>
        <time>2025-01-09T11:52:25Z</time>
      </trkpt>
      <trkpt lat="41.543755" lon="2.360137">
        <ele>412.752</ele>
        <time>2025-01-09T11:52:29Z</time>
      </trkpt>
      <trkpt lat="41.543786" lon="2.360179">
        <ele>413.456</ele>
        <time>2025-01-09T11:52:33Z</time>
      </trkpt>
      <trkpt lat="41.543802" lon="2.360211">
        <ele>414.014</ele>
        <time>2025-01-09T11:52:35Z</time>
      </trkpt>
      <trkpt lat="41.543806" lon="2.360253">
        <ele>415.071</ele>
        <time>2025-01-09T11:52:37Z</time>
      </trkpt>
      <trkpt lat="41.543808" lon="2.360292">
        <ele>415.964</ele>
        <time>2025-01-09T11:52:39Z</time>
      </trkpt>
      <trkpt lat="41.543807" lon="2.360332">
        <ele>416.656</ele>
        <time>2025-01-09T11:52:41Z</time>
      </trkpt>
      <trkpt lat="41.543800" lon="2.360371">
        <ele>417.459</ele>
        <time>2025-01-09T11:52:43Z</time>
      </trkpt>
      <trkpt lat="41.543778" lon="2.360437">
        <ele>418.814</ele>
        <time>2025-01-09T11:52:47Z</time>
      </trkpt>
      <trkpt lat="41.543766" lon="2.360473">
        <ele>419.509</ele>
        <time>2025-01-09T11:52:49Z</time>
      </trkpt>
      <trkpt lat="41.543764" lon="2.360543">
        <ele>420.896</ele>
        <time>2025-01-09T11:52:53Z</time>
      </trkpt>
      <trkpt lat="41.543762" lon="2.360589">
        <ele>421.794</ele>
        <time>2025-01-09T11:52:55Z</time>
      </trkpt>
      <trkpt lat="41.543763" lon="2.360630">
        <ele>422.534</ele>
        <time>2025-01-09T11:52:57Z</time>
      </trkpt>
      <trkpt lat="41.543767" lon="2.360668">
        <ele>423.340</ele>
        <time>2025-01-09T11:52:59Z</time>
      </trkpt>
      <trkpt lat="41.543773" lon="2.360709">
        <ele>424.110</ele>
        <time>2025-01-09T11:53:01Z</time>
      </trkpt>
      <trkpt lat="41.543776" lon="2.360749">
        <ele>424.974</ele>
        <time>2025-01-09T11:53:03Z</time>
      </trkpt>
      <trkpt lat="41.543774" lon="2.360817">
        <ele>426.392</ele>
        <time>2025-01-09T11:53:07Z</time>
      </trkpt>
      <trkpt lat="41.543775" lon="2.360882">
        <ele>427.169</ele>
        <time>2025-01-09T11:53:11Z</time>
      </trkpt>
      <trkpt lat="41.543779" lon="2.360928">
        <ele>427.662</ele>
        <time>2025-01-09T11:53:13Z</time>
      </trkpt>
      <trkpt lat="41.543790" lon="2.360962">
        <ele>427.971</ele>
        <time>2025-01-09T11:53:15Z</time>
      </trkpt>
      <trkpt lat="41.543803" lon="2.360998">
        <ele>428.241</ele>
        <time>2025-01-09T11:53:17Z</time>
      </trkpt>
      <trkpt lat="41.543825" lon="2.361025">
        <ele>428.515</ele>
        <time>2025-01-09T11:53:19Z</time>
      </trkpt>
      <trkpt lat="41.543851" lon="2.361043">
        <ele>428.609</ele>
        <time>2025-01-09T11:53:21Z</time>
      </trkpt>
      <trkpt lat="41.543875" lon="2.361060">
        <ele>428.758</ele>
        <time>2025-01-09T11:53:23Z</time>
      </trkpt>
      <trkpt lat="41.543909" lon="2.361101">
        <ele>428.626</ele>
        <time>2025-01-09T11:53:27Z</time>
      </trkpt>
      <trkpt lat="41.543930" lon="2.361129">
        <ele>428.516</ele>
        <time>2025-01-09T11:53:29Z</time>
      </trkpt>
      <trkpt lat="41.543957" lon="2.361155">
        <ele>428.492</ele>
        <time>2025-01-09T11:53:31Z</time>
      </trkpt>
      <trkpt lat="41.544002" lon="2.361191">
        <ele>428.162</ele>
        <time>2025-01-09T11:53:34Z</time>
      </trkpt>
      <trkpt lat="41.544028" lon="2.361210">
        <ele>427.956</ele>
        <time>2025-01-09T11:53:36Z</time>
      </trkpt>
      <trkpt lat="41.544054" lon="2.361231">
        <ele>427.724</ele>
        <time>2025-01-09T11:53:38Z</time>
      </trkpt>
      <trkpt lat="41.544093" lon="2.361259">
        <ele>427.561</ele>
        <time>2025-01-09T11:53:41Z</time>
      </trkpt>
      <trkpt lat="41.544118" lon="2.361276">
        <ele>427.424</ele>
        <time>2025-01-09T11:53:43Z</time>
      </trkpt>
      <trkpt lat="41.544149" lon="2.361295">
        <ele>427.248</ele>
        <time>2025-01-09T11:53:45Z</time>
      </trkpt>
      <trkpt lat="41.544195" lon="2.361338">
        <ele>426.961</ele>
        <time>2025-01-09T11:53:49Z</time>
      </trkpt>
      <trkpt lat="41.544243" lon="2.361377">
        <ele>426.517</ele>
        <time>2025-01-09T11:53:52Z</time>
      </trkpt>
      <trkpt lat="41.544272" lon="2.361397">
        <ele>426.209</ele>
        <time>2025-01-09T11:53:54Z</time>
      </trkpt>
      <trkpt lat="41.544318" lon="2.361431">
        <ele>425.895</ele>
        <time>2025-01-09T11:53:57Z</time>
      </trkpt>
      <trkpt lat="41.544348" lon="2.361450">
        <ele>425.593</ele>
        <time>2025-01-09T11:53:59Z</time>
      </trkpt>
      <trkpt lat="41.544390" lon="2.361469">
        <ele>425.173</ele>
        <time>2025-01-09T11:54:02Z</time>
      </trkpt>
      <trkpt lat="41.544426" lon="2.361486">
        <ele>424.739</ele>
        <time>2025-01-09T11:54:04Z</time>
      </trkpt>
      <trkpt lat="41.544471" lon="2.361505">
        <ele>424.679</ele>
        <time>2025-01-09T11:54:07Z</time>
      </trkpt>
      <trkpt lat="41.544515" lon="2.361525">
        <ele>424.773</ele>
        <time>2025-01-09T11:54:11Z</time>
      </trkpt>
      <trkpt lat="41.544543" lon="2.361546">
        <ele>424.931</ele>
        <time>2025-01-09T11:54:13Z</time>
      </trkpt>
      <trkpt lat="41.544593" lon="2.361576">
        <ele>425.288</ele>
        <time>2025-01-09T11:54:16Z</time>
      </trkpt>
      <trkpt lat="41.544643" lon="2.361601">
        <ele>425.381</ele>
        <time>2025-01-09T11:54:19Z</time>
      </trkpt>
      <trkpt lat="41.544668" lon="2.361616">
        <ele>425.518</ele>
        <time>2025-01-09T11:54:21Z</time>
      </trkpt>
      <trkpt lat="41.544693" lon="2.361634">
        <ele>425.698</ele>
        <time>2025-01-09T11:54:23Z</time>
      </trkpt>
      <trkpt lat="41.544715" lon="2.361659">
        <ele>425.917</ele>
        <time>2025-01-09T11:54:25Z</time>
      </trkpt>
      <trkpt lat="41.544733" lon="2.361698">
        <ele>425.909</ele>
        <time>2025-01-09T11:54:27Z</time>
      </trkpt>
      <trkpt lat="41.544751" lon="2.361732">
        <ele>425.762</ele>
        <time>2025-01-09T11:54:29Z</time>
      </trkpt>
      <trkpt lat="41.544759" lon="2.361773">
        <ele>425.650</ele>
        <time>2025-01-09T11:54:31Z</time>
      </trkpt>
      <trkpt lat="41.544764" lon="2.361815">
        <ele>425.690</ele>
        <time>2025-01-09T11:54:33Z</time>
      </trkpt>
      <trkpt lat="41.544765" lon="2.361856">
        <ele>425.746</ele>
        <time>2025-01-09T11:54:35Z</time>
      </trkpt>
      <trkpt lat="41.544760" lon="2.361899">
        <ele>425.946</ele>
        <time>2025-01-09T11:54:37Z</time>
      </trkpt>
      <trkpt lat="41.544750" lon="2.361967">
        <ele>426.240</ele>
        <time>2025-01-09T11:54:40Z</time>
      </trkpt>
      <trkpt lat="41.544735" lon="2.362009">
        <ele>426.488</ele>
        <time>2025-01-09T11:54:42Z</time>
      </trkpt>
      <trkpt lat="41.544726" lon="2.362048">
        <ele>426.575</ele>
        <time>2025-01-09T11:54:44Z</time>
      </trkpt>
      <trkpt lat="41.544702" lon="2.362109">
        <ele>426.788</ele>
        <time>2025-01-09T11:54:48Z</time>
      </trkpt>
      <trkpt lat="41.544687" lon="2.362147">
        <ele>426.848</ele>
        <time>2025-01-09T11:54:50Z</time>
      </trkpt>
      <trkpt lat="41.544658" lon="2.362203">
        <ele>427.261</ele>
        <time>2025-01-09T11:54:53Z</time>
      </trkpt>
      <trkpt lat="41.544635" lon="2.362233">
        <ele>427.517</ele>
        <time>2025-01-09T11:54:55Z</time>
      </trkpt>
      <trkpt lat="41.544610" lon="2.362263">
        <ele>427.609</ele>
        <time>2025-01-09T11:54:57Z</time>
      </trkpt>
      <trkpt lat="41.544571" lon="2.362326">
        <ele>427.845</ele>
        <time>2025-01-09T11:55:01Z</time>
      </trkpt>
      <trkpt lat="41.544551" lon="2.362366">
        <ele>427.893</ele>
        <time>2025-01-09T11:55:03Z</time>
      </trkpt>
      <trkpt lat="41.544524" lon="2.362426">
        <ele>427.943</ele>
        <time>2025-01-09T11:55:06Z</time>
      </trkpt>
      <trkpt lat="41.544494" lon="2.362485">
        <ele>428.039</ele>
        <time>2025-01-09T11:55:10Z</time>
      </trkpt>
      <trkpt lat="41.544472" lon="2.362515">
        <ele>428.379</ele>
        <time>2025-01-09T11:55:12Z</time>
      </trkpt>
      <trkpt lat="41.544428" lon="2.362560">
        <ele>428.833</ele>
        <time>2025-01-09T11:55:15Z</time>
      </trkpt>
      <trkpt lat="41.544386" lon="2.362601">
        <ele>429.161</ele>
        <time>2025-01-09T11:55:18Z</time>
      </trkpt>
      <trkpt lat="41.544359" lon="2.362625">
        <ele>429.358</ele>
        <time>2025-01-09T11:55:20Z</time>
      </trkpt>
      <trkpt lat="41.544315" lon="2.362662">
        <ele>429.871</ele>
        <time>2025-01-09T11:55:24Z</time>
      </trkpt>
      <trkpt lat="41.544281" lon="2.362724">
        <ele>430.175</ele>
        <time>2025-01-09T11:55:28Z</time>
      </trkpt>
      <trkpt lat="41.544267" lon="2.362760">
        <ele>430.228</ele>
        <time>2025-01-09T11:55:30Z</time>
      </trkpt>
      <trkpt lat="41.544247" lon="2.362801">
        <ele>430.620</ele>
        <time>2025-01-09T11:55:32Z</time>
      </trkpt>
      <trkpt lat="41.544236" lon="2.362847">
        <ele>430.809</ele>
        <time>2025-01-09T11:55:34Z</time>
      </trkpt>
      <trkpt lat="41.544228" lon="2.362909">
        <ele>431.018</ele>
        <time>2025-01-09T11:55:37Z</time>
      </trkpt>
      <trkpt lat="41.544221" lon="2.362962">
        <ele>431.296</ele>
        <time>2025-01-09T11:55:40Z</time>
      </trkpt>
      <trkpt lat="41.544216" lon="2.362998">
        <ele>431.316</ele>
        <time>2025-01-09T11:55:42Z</time>
      </trkpt>
      <trkpt lat="41.544217" lon="2.363043">
        <ele>431.312</ele>
        <time>2025-01-09T11:55:44Z</time>
      </trkpt>
      <trkpt lat="41.544222" lon="2.363100">
        <ele>431.672</ele>
        <time>2025-01-09T11:55:46Z</time>
      </trkpt>
      <trkpt lat="41.544243" lon="2.363165">
        <ele>431.836</ele>
        <time>2025-01-09T11:55:49Z</time>
      </trkpt>
      <trkpt lat="41.544254" lon="2.363203">
        <ele>432.064</ele>
        <time>2025-01-09T11:55:51Z</time>
      </trkpt>
      <trkpt lat="41.544275" lon="2.363227">
        <ele>431.921</ele>
        <time>2025-01-09T11:55:53Z</time>
      </trkpt>
      <trkpt lat="41.544320" lon="2.363270">
        <ele>431.814</ele>
        <time>2025-01-09T11:55:57Z</time>
      </trkpt>
      <trkpt lat="41.544348" lon="2.363290">
        <ele>431.678</ele>
        <time>2025-01-09T11:55:59Z</time>
      </trkpt>
      <trkpt lat="41.544375" lon="2.363300">
        <ele>431.433</ele>
        <time>2025-01-09T11:56:01Z</time>
      </trkpt>
      <trkpt lat="41.544406" lon="2.363305">
        <ele>431.126</ele>
        <time>2025-01-09T11:56:03Z</time>
      </trkpt>
      <trkpt lat="41.544458" lon="2.363324">
        <ele>430.709</ele>
        <time>2025-01-09T11:56:07Z</time>
      </trkpt>
      <trkpt lat="41.544495" lon="2.363329">
        <ele>430.278</ele>
        <time>2025-01-09T11:56:09Z</time>
      </trkpt>
      <trkpt lat="41.544529" lon="2.363328">
        <ele>429.776</ele>
        <time>2025-01-09T11:56:11Z</time>
      </trkpt>
      <trkpt lat="41.544562" lon="2.363341">
        <ele>429.456</ele>
        <time>2025-01-09T11:56:13Z</time>
      </trkpt>
      <trkpt lat="41.544594" lon="2.363351">
        <ele>429.082</ele>
        <time>2025-01-09T11:56:15Z</time>
      </trkpt>
      <trkpt lat="41.544628" lon="2.363355">
        <ele>428.632</ele>
        <time>2025-01-09T11:56:17Z</time>
      </trkpt>
      <trkpt lat="41.544661" lon="2.363362">
        <ele>428.296</ele>
        <time>2025-01-09T11:56:19Z</time>
      </trkpt>
      <trkpt lat="41.544691" lon="2.363364">
        <ele>427.894</ele>
        <time>2025-01-09T11:56:21Z</time>
      </trkpt>
      <trkpt lat="41.544725" lon="2.363365">
        <ele>427.371</ele>
        <time>2025-01-09T11:56:23Z</time>
      </trkpt>
      <trkpt lat="41.544757" lon="2.363372">
        <ele>427.174</ele>
        <time>2025-01-09T11:56:25Z</time>
      </trkpt>
      <trkpt lat="41.544785" lon="2.363375">
        <ele>426.867</ele>
        <time>2025-01-09T11:56:27Z</time>
      </trkpt>
      <trkpt lat="41.544830" lon="2.363386">
        <ele>426.581</ele>
        <time>2025-01-09T11:56:30Z</time>
      </trkpt>
      <trkpt lat="41.544861" lon="2.363386">
        <ele>426.219</ele>
        <time>2025-01-09T11:56:32Z</time>
      </trkpt>
      <trkpt lat="41.544889" lon="2.363385">
        <ele>425.909</ele>
        <time>2025-01-09T11:56:34Z</time>
      </trkpt>
      <trkpt lat="41.544924" lon="2.363387">
        <ele>425.577</ele>
        <time>2025-01-09T11:56:36Z</time>
      </trkpt>
      <trkpt lat="41.544959" lon="2.363393">
        <ele>425.335</ele>
        <time>2025-01-09T11:56:38Z</time>
      </trkpt>
      <trkpt lat="41.544994" lon="2.363396">
        <ele>425.025</ele>
        <time>2025-01-09T11:56:40Z</time>
      </trkpt>
      <trkpt lat="41.545021" lon="2.363398">
        <ele>424.681</ele>
        <time>2025-01-09T11:56:42Z</time>
      </trkpt>
      <trkpt lat="41.545050" lon="2.363406">
        <ele>424.391</ele>
        <time>2025-01-09T11:56:44Z</time>
      </trkpt>
      <trkpt lat="41.545078" lon="2.363413">
        <ele>424.065</ele>
        <time>2025-01-09T11:56:46Z</time>
      </trkpt>
      <trkpt lat="41.545127" lon="2.363423">
        <ele>423.523</ele>
        <time>2025-01-09T11:56:49Z</time>
      </trkpt>
      <trkpt lat="41.545160" lon="2.363429">
        <ele>423.140</ele>
        <time>2025-01-09T11:56:51Z</time>
      </trkpt>
      <trkpt lat="41.545194" lon="2.363448">
        <ele>422.983</ele>
        <time>2025-01-09T11:56:53Z</time>
      </trkpt>
      <trkpt lat="41.545227" lon="2.363460">
        <ele>422.687</ele>
        <time>2025-01-09T11:56:55Z</time>
      </trkpt>
      <trkpt lat="41.545256" lon="2.363478">
        <ele>422.442</ele>
        <time>2025-01-09T11:56:57Z</time>
      </trkpt>
      <trkpt lat="41.545309" lon="2.363506">
        <ele>422.126</ele>
        <time>2025-01-09T11:57:01Z</time>
      </trkpt>
      <trkpt lat="41.545355" lon="2.363544">
        <ele>421.809</ele>
        <time>2025-01-09T11:57:05Z</time>
      </trkpt>
      <trkpt lat="41.545379" lon="2.363574">
        <ele>421.879</ele>
        <time>2025-01-09T11:57:07Z</time>
      </trkpt>
      <trkpt lat="41.545401" lon="2.363612">
        <ele>421.857</ele>
        <time>2025-01-09T11:57:09Z</time>
      </trkpt>
      <trkpt lat="41.545426" lon="2.363647">
        <ele>421.787</ele>
        <time>2025-01-09T11:57:11Z</time>
      </trkpt>
      <trkpt lat="41.545455" lon="2.363702">
        <ele>421.893</ele>
        <time>2025-01-09T11:57:15Z</time>
      </trkpt>
      <trkpt lat="41.545471" lon="2.363740">
        <ele>421.943</ele>
        <time>2025-01-09T11:57:17Z</time>
      </trkpt>
      <trkpt lat="41.545491" lon="2.363782">
        <ele>422.057</ele>
        <time>2025-01-09T11:57:19Z</time>
      </trkpt>
      <trkpt lat="41.545506" lon="2.363819">
        <ele>422.145</ele>
        <time>2025-01-09T11:57:21Z</time>
      </trkpt>
      <trkpt lat="41.545517" lon="2.363856">
        <ele>422.392</ele>
        <time>2025-01-09T11:57:23Z</time>
      </trkpt>
      <trkpt lat="41.545537" lon="2.363917">
        <ele>422.365</ele>
        <time>2025-01-09T11:57:26Z</time>
      </trkpt>
      <trkpt lat="41.545548" lon="2.363963">
        <ele>422.225</ele>
        <time>2025-01-09T11:57:28Z</time>
      </trkpt>
      <trkpt lat="41.545560" lon="2.364004">
        <ele>422.026</ele>
        <time>2025-01-09T11:57:30Z</time>
      </trkpt>
      <trkpt lat="41.545569" lon="2.364041">
        <ele>421.908</ele>
        <time>2025-01-09T11:57:32Z</time>
      </trkpt>
      <trkpt lat="41.545577" lon="2.364081">
        <ele>421.909</ele>
        <time>2025-01-09T11:57:34Z</time>
      </trkpt>
      <trkpt lat="41.545586" lon="2.364119">
        <ele>421.893</ele>
        <time>2025-01-09T11:57:36Z</time>
      </trkpt>
      <trkpt lat="41.545596" lon="2.364164">
        <ele>421.791</ele>
        <time>2025-01-09T11:57:38Z</time>
      </trkpt>
      <trkpt lat="41.545601" lon="2.364200">
        <ele>421.641</ele>
        <time>2025-01-09T11:57:40Z</time>
      </trkpt>
      <trkpt lat="41.545616" lon="2.364257">
        <ele>421.487</ele>
        <time>2025-01-09T11:57:43Z</time>
      </trkpt>
      <trkpt lat="41.545623" lon="2.364295">
        <ele>421.247</ele>
        <time>2025-01-09T11:57:45Z</time>
      </trkpt>
      <trkpt lat="41.545632" lon="2.364333">
        <ele>421.081</ele>
        <time>2025-01-09T11:57:47Z</time>
      </trkpt>
      <trkpt lat="41.545638" lon="2.364375">
        <ele>420.739</ele>
        <time>2025-01-09T11:57:49Z</time>
      </trkpt>
      <trkpt lat="41.545641" lon="2.364415">
        <ele>420.656</ele>
        <time>2025-01-09T11:57:51Z</time>
      </trkpt>
      <trkpt lat="41.545646" lon="2.364451">
        <ele>420.429</ele>
        <time>2025-01-09T11:57:53Z</time>
      </trkpt>
      <trkpt lat="41.545659" lon="2.364518">
        <ele>419.993</ele>
        <time>2025-01-09T11:57:57Z</time>
      </trkpt>
      <trkpt lat="41.545668" lon="2.364559">
        <ele>419.665</ele>
        <time>2025-01-09T11:57:59Z</time>
      </trkpt>
      <trkpt lat="41.545670" lon="2.364595">
        <ele>419.521</ele>
        <time>2025-01-09T11:58:01Z</time>
      </trkpt>
      <trkpt lat="41.545678" lon="2.364664">
        <ele>419.109</ele>
        <time>2025-01-09T11:58:05Z</time>
      </trkpt>
      <trkpt lat="41.545679" lon="2.364701">
        <ele>419.020</ele>
        <time>2025-01-09T11:58:07Z</time>
      </trkpt>
      <trkpt lat="41.545675" lon="2.364769">
        <ele>418.828</ele>
        <time>2025-01-09T11:58:11Z</time>
      </trkpt>
      <trkpt lat="41.545666" lon="2.364837">
        <ele>418.768</ele>
        <time>2025-01-09T11:58:15Z</time>
      </trkpt>
      <trkpt lat="41.545669" lon="2.364876">
        <ele>418.524</ele>
        <time>2025-01-09T11:58:17Z</time>
      </trkpt>
      <trkpt lat="41.545669" lon="2.364912">
        <ele>418.324</ele>
        <time>2025-01-09T11:58:19Z</time>
      </trkpt>
      <trkpt lat="41.545667" lon="2.364949">
        <ele>418.268</ele>
        <time>2025-01-09T11:58:21Z</time>
      </trkpt>
      <trkpt lat="41.545662" lon="2.364993">
        <ele>418.216</ele>
        <time>2025-01-09T11:58:23Z</time>
      </trkpt>
      <trkpt lat="41.545654" lon="2.365029">
        <ele>418.293</ele>
        <time>2025-01-09T11:58:25Z</time>
      </trkpt>
      <trkpt lat="41.545644" lon="2.365072">
        <ele>418.396</ele>
        <time>2025-01-09T11:58:27Z</time>
      </trkpt>
      <trkpt lat="41.545645" lon="2.365113">
        <ele>418.082</ele>
        <time>2025-01-09T11:58:29Z</time>
      </trkpt>
      <trkpt lat="41.545641" lon="2.365156">
        <ele>417.843</ele>
        <time>2025-01-09T11:58:31Z</time>
      </trkpt>
      <trkpt lat="41.545634" lon="2.365192">
        <ele>417.917</ele>
        <time>2025-01-09T11:58:33Z</time>
      </trkpt>
      <trkpt lat="41.545625" lon="2.365232">
        <ele>418.009</ele>
        <time>2025-01-09T11:58:35Z</time>
      </trkpt>
      <trkpt lat="41.545617" lon="2.365269">
        <ele>418.279</ele>
        <time>2025-01-09T11:58:37Z</time>
      </trkpt>
      <trkpt lat="41.545607" lon="2.365304">
        <ele>418.277</ele>
        <time>2025-01-09T11:58:39Z</time>
      </trkpt>
      <trkpt lat="41.545590" lon="2.365338">
        <ele>418.547</ele>
        <time>2025-01-09T11:58:41Z</time>
      </trkpt>
      <trkpt lat="41.545571" lon="2.365372">
        <ele>418.953</ele>
        <time>2025-01-09T11:58:43Z</time>
      </trkpt>
      <trkpt lat="41.545547" lon="2.365410">
        <ele>419.593</ele>
        <time>2025-01-09T11:58:45Z</time>
      </trkpt>
      <trkpt lat="41.545524" lon="2.365439">
        <ele>420.087</ele>
        <time>2025-01-09T11:58:47Z</time>
      </trkpt>
      <trkpt lat="41.545503" lon="2.365467">
        <ele>420.495</ele>
        <time>2025-01-09T11:58:49Z</time>
      </trkpt>
      <trkpt lat="41.545483" lon="2.365504">
        <ele>420.522</ele>
        <time>2025-01-09T11:58:51Z</time>
      </trkpt>
      <trkpt lat="41.545466" lon="2.365538">
        <ele>420.645</ele>
        <time>2025-01-09T11:58:53Z</time>
      </trkpt>
      <trkpt lat="41.545446" lon="2.365568">
        <ele>420.537</ele>
        <time>2025-01-09T11:58:55Z</time>
      </trkpt>
      <trkpt lat="41.545425" lon="2.365597">
        <ele>420.249</ele>
        <time>2025-01-09T11:58:57Z</time>
      </trkpt>
      <trkpt lat="41.545401" lon="2.365627">
        <ele>420.013</ele>
        <time>2025-01-09T11:58:59Z</time>
      </trkpt>
      <trkpt lat="41.545367" lon="2.365680">
        <ele>419.309</ele>
        <time>2025-01-09T11:59:02Z</time>
      </trkpt>
      <trkpt lat="41.545328" lon="2.365724">
        <ele>419.174</ele>
        <time>2025-01-09T11:59:06Z</time>
      </trkpt>
      <trkpt lat="41.545299" lon="2.365745">
        <ele>419.442</ele>
        <time>2025-01-09T11:59:08Z</time>
      </trkpt>
      <trkpt lat="41.545270" lon="2.365763">
        <ele>419.642</ele>
        <time>2025-01-09T11:59:10Z</time>
      </trkpt>
      <trkpt lat="41.545217" lon="2.365790">
        <ele>419.358</ele>
        <time>2025-01-09T11:59:13Z</time>
      </trkpt>
      <trkpt lat="41.545188" lon="2.365809">
        <ele>418.998</ele>
        <time>2025-01-09T11:59:15Z</time>
      </trkpt>
      <trkpt lat="41.545151" lon="2.365822">
        <ele>418.892</ele>
        <time>2025-01-09T11:59:17Z</time>
      </trkpt>
      <trkpt lat="41.545113" lon="2.365836">
        <ele>418.730</ele>
        <time>2025-01-09T11:59:19Z</time>
      </trkpt>
      <trkpt lat="41.545067" lon="2.365853">
        <ele>418.417</ele>
        <time>2025-01-09T11:59:22Z</time>
      </trkpt>
      <trkpt lat="41.545038" lon="2.365866">
        <ele>418.110</ele>
        <time>2025-01-09T11:59:24Z</time>
      </trkpt>
      <trkpt lat="41.545009" lon="2.365875">
        <ele>418.041</ele>
        <time>2025-01-09T11:59:26Z</time>
      </trkpt>
      <trkpt lat="41.544978" lon="2.365879">
        <ele>418.081</ele>
        <time>2025-01-09T11:59:28Z</time>
      </trkpt>
      <trkpt lat="41.544944" lon="2.365885">
        <ele>418.009</ele>
        <time>2025-01-09T11:59:30Z</time>
      </trkpt>
      <trkpt lat="41.544909" lon="2.365887">
        <ele>418.209</ele>
        <time>2025-01-09T11:59:32Z</time>
      </trkpt>
      <trkpt lat="41.544876" lon="2.365891">
        <ele>418.345</ele>
        <time>2025-01-09T11:59:34Z</time>
      </trkpt>
      <trkpt lat="41.544843" lon="2.365893">
        <ele>418.593</ele>
        <time>2025-01-09T11:59:36Z</time>
      </trkpt>
      <trkpt lat="41.544812" lon="2.365894">
        <ele>418.733</ele>
        <time>2025-01-09T11:59:38Z</time>
      </trkpt>
      <trkpt lat="41.544784" lon="2.365891">
        <ele>419.089</ele>
        <time>2025-01-09T11:59:40Z</time>
      </trkpt>
      <trkpt lat="41.544730" lon="2.365884">
        <ele>419.819</ele>
        <time>2025-01-09T11:59:44Z</time>
      </trkpt>
      <trkpt lat="41.544696" lon="2.365879">
        <ele>420.213</ele>
        <time>2025-01-09T11:59:46Z</time>
      </trkpt>
      <trkpt lat="41.544647" lon="2.365875">
        <ele>420.891</ele>
        <time>2025-01-09T11:59:49Z</time>
      </trkpt>
      <trkpt lat="41.544615" lon="2.365875">
        <ele>421.128</ele>
        <time>2025-01-09T11:59:51Z</time>
      </trkpt>
      <trkpt lat="41.544587" lon="2.365874">
        <ele>421.471</ele>
        <time>2025-01-09T11:59:53Z</time>
      </trkpt>
      <trkpt lat="41.544554" lon="2.365871">
        <ele>421.783</ele>
        <time>2025-01-09T11:59:55Z</time>
      </trkpt>
      <trkpt lat="41.544526" lon="2.365865">
        <ele>422.225</ele>
        <time>2025-01-09T11:59:57Z</time>
      </trkpt>
      <trkpt lat="41.544498" lon="2.365870">
        <ele>422.217</ele>
        <time>2025-01-09T11:59:59Z</time>
      </trkpt>
      <trkpt lat="41.544466" lon="2.365881">
        <ele>422.109</ele>
        <time>2025-01-09T12:00:01Z</time>
      </trkpt>
      <trkpt lat="41.544430" lon="2.365888">
        <ele>422.549</ele>
        <time>2025-01-09T12:00:03Z</time>
      </trkpt>
      <trkpt lat="41.544400" lon="2.365901">
        <ele>423.037</ele>
        <time>2025-01-09T12:00:05Z</time>
      </trkpt>
      <trkpt lat="41.544354" lon="2.365924">
        <ele>423.617</ele>
        <time>2025-01-09T12:00:08Z</time>
      </trkpt>
      <trkpt lat="41.544332" lon="2.365947">
        <ele>423.413</ele>
        <time>2025-01-09T12:00:10Z</time>
      </trkpt>
      <trkpt lat="41.544304" lon="2.365975">
        <ele>423.233</ele>
        <time>2025-01-09T12:00:12Z</time>
      </trkpt>
      <trkpt lat="41.544279" lon="2.365997">
        <ele>423.157</ele>
        <time>2025-01-09T12:00:14Z</time>
      </trkpt>
      <trkpt lat="41.544247" lon="2.366041">
        <ele>422.435</ele>
        <time>2025-01-09T12:00:18Z</time>
      </trkpt>
      <trkpt lat="41.544227" lon="2.366068">
        <ele>421.932</ele>
        <time>2025-01-09T12:00:20Z</time>
      </trkpt>
      <trkpt lat="41.544204" lon="2.366094">
        <ele>421.635</ele>
        <time>2025-01-09T12:00:22Z</time>
      </trkpt>
      <trkpt lat="41.544173" lon="2.366151">
        <ele>420.943</ele>
        <time>2025-01-09T12:00:26Z</time>
      </trkpt>
      <trkpt lat="41.544153" lon="2.366176">
        <ele>421.064</ele>
        <time>2025-01-09T12:00:28Z</time>
      </trkpt>
      <trkpt lat="41.544120" lon="2.366216">
        <ele>421.210</ele>
        <time>2025-01-09T12:00:31Z</time>
      </trkpt>
      <trkpt lat="41.544097" lon="2.366238">
        <ele>421.509</ele>
        <time>2025-01-09T12:00:33Z</time>
      </trkpt>
      <trkpt lat="41.544066" lon="2.366262">
        <ele>422.085</ele>
        <time>2025-01-09T12:00:35Z</time>
      </trkpt>
      <trkpt lat="41.544038" lon="2.366289">
        <ele>422.373</ele>
        <time>2025-01-09T12:00:37Z</time>
      </trkpt>
      <trkpt lat="41.544006" lon="2.366306">
        <ele>423.053</ele>
        <time>2025-01-09T12:00:39Z</time>
      </trkpt>
      <trkpt lat="41.543975" lon="2.366327">
        <ele>423.519</ele>
        <time>2025-01-09T12:00:41Z</time>
      </trkpt>
      <trkpt lat="41.543950" lon="2.366350">
        <ele>423.939</ele>
        <time>2025-01-09T12:00:43Z</time>
      </trkpt>
      <trkpt lat="41.543926" lon="2.366374">
        <ele>424.153</ele>
        <time>2025-01-09T12:00:45Z</time>
      </trkpt>
      <trkpt lat="41.543899" lon="2.366395">
        <ele>424.641</ele>
        <time>2025-01-09T12:00:47Z</time>
      </trkpt>
      <trkpt lat="41.543873" lon="2.366412">
        <ele>425.068</ele>
        <time>2025-01-09T12:00:49Z</time>
      </trkpt>
      <trkpt lat="41.543845" lon="2.366430">
        <ele>425.441</ele>
        <time>2025-01-09T12:00:51Z</time>
      </trkpt>
      <trkpt lat="41.543819" lon="2.366452">
        <ele>425.783</ele>
        <time>2025-01-09T12:00:53Z</time>
      </trkpt>
      <trkpt lat="41.543793" lon="2.366468">
        <ele>426.225</ele>
        <time>2025-01-09T12:00:55Z</time>
      </trkpt>
      <trkpt lat="41.543759" lon="2.366486">
        <ele>426.917</ele>
        <time>2025-01-09T12:00:57Z</time>
      </trkpt>
      <trkpt lat="41.543735" lon="2.366513">
        <ele>427.109</ele>
        <time>2025-01-09T12:00:59Z</time>
      </trkpt>
      <trkpt lat="41.543711" lon="2.366537">
        <ele>427.549</ele>
        <time>2025-01-09T12:01:01Z</time>
      </trkpt>
      <trkpt lat="41.543673" lon="2.366592">
        <ele>427.997</ele>
        <time>2025-01-09T12:01:05Z</time>
      </trkpt>
      <trkpt lat="41.543658" lon="2.366623">
        <ele>428.027</ele>
        <time>2025-01-09T12:01:07Z</time>
      </trkpt>
      <trkpt lat="41.543642" lon="2.366656">
        <ele>428.113</ele>
        <time>2025-01-09T12:01:09Z</time>
      </trkpt>
      <trkpt lat="41.543638" lon="2.366700">
        <ele>427.513</ele>
        <time>2025-01-09T12:01:11Z</time>
      </trkpt>
      <trkpt lat="41.543637" lon="2.366745">
        <ele>426.797</ele>
        <time>2025-01-09T12:01:13Z</time>
      </trkpt>
      <trkpt lat="41.543634" lon="2.366814">
        <ele>425.565</ele>
        <time>2025-01-09T12:01:16Z</time>
      </trkpt>
      <trkpt lat="41.543634" lon="2.366854">
        <ele>424.872</ele>
        <time>2025-01-09T12:01:18Z</time>
      </trkpt>
      <trkpt lat="41.543629" lon="2.366895">
        <ele>424.285</ele>
        <time>2025-01-09T12:01:20Z</time>
      </trkpt>
      <trkpt lat="41.543619" lon="2.366930">
        <ele>424.084</ele>
        <time>2025-01-09T12:01:22Z</time>
      </trkpt>
      <trkpt lat="41.543618" lon="2.367000">
        <ele>422.107</ele>
        <time>2025-01-09T12:01:26Z</time>
      </trkpt>
      <trkpt lat="41.543615" lon="2.367040">
        <ele>421.117</ele>
        <time>2025-01-09T12:01:28Z</time>
      </trkpt>
      <trkpt lat="41.543613" lon="2.367083">
        <ele>419.909</ele>
        <time>2025-01-09T12:01:30Z</time>
      </trkpt>
      <trkpt lat="41.543608" lon="2.367131">
        <ele>418.769</ele>
        <time>2025-01-09T12:01:32Z</time>
      </trkpt>
      <trkpt lat="41.543607" lon="2.367176">
        <ele>417.497</ele>
        <time>2025-01-09T12:01:34Z</time>
      </trkpt>
      <trkpt lat="41.543609" lon="2.367217">
        <ele>416.267</ele>
        <time>2025-01-09T12:01:36Z</time>
      </trkpt>
      <trkpt lat="41.543596" lon="2.367284">
        <ele>415.033</ele>
        <time>2025-01-09T12:01:40Z</time>
      </trkpt>
      <trkpt lat="41.543589" lon="2.367329">
        <ele>414.293</ele>
        <time>2025-01-09T12:01:42Z</time>
      </trkpt>
      <trkpt lat="41.543575" lon="2.367394">
        <ele>413.087</ele>
        <time>2025-01-09T12:01:45Z</time>
      </trkpt>
      <trkpt lat="41.543574" lon="2.367433">
        <ele>412.245</ele>
        <time>2025-01-09T12:01:47Z</time>
      </trkpt>
      <trkpt lat="41.543569" lon="2.367473">
        <ele>411.472</ele>
        <time>2025-01-09T12:01:49Z</time>
      </trkpt>
      <trkpt lat="41.543562" lon="2.367514">
        <ele>410.635</ele>
        <time>2025-01-09T12:01:51Z</time>
      </trkpt>
      <trkpt lat="41.543561" lon="2.367555">
        <ele>409.933</ele>
        <time>2025-01-09T12:01:53Z</time>
      </trkpt>
      <trkpt lat="41.543557" lon="2.367633">
        <ele>408.723</ele>
        <time>2025-01-09T12:01:57Z</time>
      </trkpt>
      <trkpt lat="41.543557" lon="2.367697">
        <ele>407.615</ele>
        <time>2025-01-09T12:02:00Z</time>
      </trkpt>
      <trkpt lat="41.543551" lon="2.367741">
        <ele>406.909</ele>
        <time>2025-01-09T12:02:02Z</time>
      </trkpt>
      <trkpt lat="41.543547" lon="2.367781">
        <ele>406.464</ele>
        <time>2025-01-09T12:02:04Z</time>
      </trkpt>
      <trkpt lat="41.543543" lon="2.367824">
        <ele>406.152</ele>
        <time>2025-01-09T12:02:06Z</time>
      </trkpt>
      <trkpt lat="41.543530" lon="2.367895">
        <ele>405.982</ele>
        <time>2025-01-09T12:02:10Z</time>
      </trkpt>
      <trkpt lat="41.543525" lon="2.367936">
        <ele>405.748</ele>
        <time>2025-01-09T12:02:12Z</time>
      </trkpt>
      <trkpt lat="41.543517" lon="2.367975">
        <ele>405.698</ele>
        <time>2025-01-09T12:02:14Z</time>
      </trkpt>
      <trkpt lat="41.543507" lon="2.368016">
        <ele>405.542</ele>
        <time>2025-01-09T12:02:16Z</time>
      </trkpt>
      <trkpt lat="41.543498" lon="2.368052">
        <ele>405.530</ele>
        <time>2025-01-09T12:02:18Z</time>
      </trkpt>
      <trkpt lat="41.543493" lon="2.368093">
        <ele>405.457</ele>
        <time>2025-01-09T12:02:20Z</time>
      </trkpt>
      <trkpt lat="41.543494" lon="2.368133">
        <ele>405.250</ele>
        <time>2025-01-09T12:02:22Z</time>
      </trkpt>
      <trkpt lat="41.543495" lon="2.368174">
        <ele>405.031</ele>
        <time>2025-01-09T12:02:24Z</time>
      </trkpt>
      <trkpt lat="41.543483" lon="2.368237">
        <ele>404.961</ele>
        <time>2025-01-09T12:02:28Z</time>
      </trkpt>
      <trkpt lat="41.543472" lon="2.368280">
        <ele>404.807</ele>
        <time>2025-01-09T12:02:30Z</time>
      </trkpt>
      <trkpt lat="41.543458" lon="2.368324">
        <ele>404.709</ele>
        <time>2025-01-09T12:02:32Z</time>
      </trkpt>
      <trkpt lat="41.543442" lon="2.368360">
        <ele>404.714</ele>
        <time>2025-01-09T12:02:34Z</time>
      </trkpt>
      <trkpt lat="41.543431" lon="2.368396">
        <ele>404.552</ele>
        <time>2025-01-09T12:02:36Z</time>
      </trkpt>
      <trkpt lat="41.543414" lon="2.368436">
        <ele>404.312</ele>
        <time>2025-01-09T12:02:38Z</time>
      </trkpt>
      <trkpt lat="41.543395" lon="2.368468">
        <ele>404.238</ele>
        <time>2025-01-09T12:02:40Z</time>
      </trkpt>
      <trkpt lat="41.543368" lon="2.368527">
        <ele>403.818</ele>
        <time>2025-01-09T12:02:44Z</time>
      </trkpt>
      <trkpt lat="41.543354" lon="2.368569">
        <ele>403.472</ele>
        <time>2025-01-09T12:02:46Z</time>
      </trkpt>
      <trkpt lat="41.543342" lon="2.368608">
        <ele>403.020</ele>
        <time>2025-01-09T12:02:48Z</time>
      </trkpt>
      <trkpt lat="41.543332" lon="2.368651">
        <ele>402.817</ele>
        <time>2025-01-09T12:02:50Z</time>
      </trkpt>
      <trkpt lat="41.543325" lon="2.368690">
        <ele>402.560</ele>
        <time>2025-01-09T12:02:52Z</time>
      </trkpt>
      <trkpt lat="41.543319" lon="2.368735">
        <ele>402.254</ele>
        <time>2025-01-09T12:02:54Z</time>
      </trkpt>
      <trkpt lat="41.543320" lon="2.368773">
        <ele>402.156</ele>
        <time>2025-01-09T12:02:56Z</time>
      </trkpt>
      <trkpt lat="41.543321" lon="2.368843">
        <ele>401.811</ele>
        <time>2025-01-09T12:03:00Z</time>
      </trkpt>
      <trkpt lat="41.543322" lon="2.368889">
        <ele>401.709</ele>
        <time>2025-01-09T12:03:02Z</time>
      </trkpt>
      <trkpt lat="41.543321" lon="2.368952">
        <ele>401.296</ele>
        <time>2025-01-09T12:03:05Z</time>
      </trkpt>
      <trkpt lat="41.543323" lon="2.368989">
        <ele>401.074</ele>
        <time>2025-01-09T12:03:07Z</time>
      </trkpt>
      <trkpt lat="41.543321" lon="2.369033">
        <ele>400.714</ele>
        <time>2025-01-09T12:03:09Z</time>
      </trkpt>
      <trkpt lat="41.543326" lon="2.369075">
        <ele>400.580</ele>
        <time>2025-01-09T12:03:11Z</time>
      </trkpt>
      <trkpt lat="41.543340" lon="2.369116">
        <ele>400.420</ele>
        <time>2025-01-09T12:03:13Z</time>
      </trkpt>
      <trkpt lat="41.543346" lon="2.369151">
        <ele>400.124</ele>
        <time>2025-01-09T12:03:15Z</time>
      </trkpt>
      <trkpt lat="41.543356" lon="2.369227">
        <ele>399.782</ele>
        <time>2025-01-09T12:03:19Z</time>
      </trkpt>
      <trkpt lat="41.543354" lon="2.369265">
        <ele>399.579</ele>
        <time>2025-01-09T12:03:21Z</time>
      </trkpt>
      <trkpt lat="41.543358" lon="2.369302">
        <ele>399.382</ele>
        <time>2025-01-09T12:03:23Z</time>
      </trkpt>
      <trkpt lat="41.543363" lon="2.369343">
        <ele>399.186</ele>
        <time>2025-01-09T12:03:25Z</time>
      </trkpt>
      <trkpt lat="41.543361" lon="2.369385">
        <ele>398.960</ele>
        <time>2025-01-09T12:03:27Z</time>
      </trkpt>
      <trkpt lat="41.543353" lon="2.369452">
        <ele>398.626</ele>
        <time>2025-01-09T12:03:31Z</time>
      </trkpt>
      <trkpt lat="41.543341" lon="2.369496">
        <ele>397.809</ele>
        <time>2025-01-09T12:03:33Z</time>
      </trkpt>
      <trkpt lat="41.543330" lon="2.369538">
        <ele>397.089</ele>
        <time>2025-01-09T12:03:35Z</time>
      </trkpt>
      <trkpt lat="41.543324" lon="2.369597">
        <ele>395.727</ele>
        <time>2025-01-09T12:03:38Z</time>
      </trkpt>
      <trkpt lat="41.543319" lon="2.369633">
        <ele>394.997</ele>
        <time>2025-01-09T12:03:40Z</time>
      </trkpt>
      <trkpt lat="41.543306" lon="2.369668">
        <ele>394.393</ele>
        <time>2025-01-09T12:03:42Z</time>
      </trkpt>
      <trkpt lat="41.543289" lon="2.369730">
        <ele>393.483</ele>
        <time>2025-01-09T12:03:46Z</time>
      </trkpt>
      <trkpt lat="41.543280" lon="2.369765">
        <ele>393.027</ele>
        <time>2025-01-09T12:03:48Z</time>
      </trkpt>
      <trkpt lat="41.543264" lon="2.369799">
        <ele>392.945</ele>
        <time>2025-01-09T12:03:50Z</time>
      </trkpt>
      <trkpt lat="41.543220" lon="2.369833">
        <ele>393.172</ele>
        <time>2025-01-09T12:03:54Z</time>
      </trkpt>
      <trkpt lat="41.543188" lon="2.369835">
        <ele>393.645</ele>
        <time>2025-01-09T12:03:56Z</time>
      </trkpt>
      <trkpt lat="41.543143" lon="2.369845">
        <ele>394.278</ele>
        <time>2025-01-09T12:03:59Z</time>
      </trkpt>
      <trkpt lat="41.543119" lon="2.369866">
        <ele>394.433</ele>
        <time>2025-01-09T12:04:01Z</time>
      </trkpt>
      <trkpt lat="41.543092" lon="2.369877">
        <ele>394.826</ele>
        <time>2025-01-09T12:04:03Z</time>
      </trkpt>
      <trkpt lat="41.543068" lon="2.369899">
        <ele>395.109</ele>
        <time>2025-01-09T12:04:05Z</time>
      </trkpt>
      <trkpt lat="41.543045" lon="2.369922">
        <ele>395.358</ele>
        <time>2025-01-09T12:04:07Z</time>
      </trkpt>
      <trkpt lat="41.543020" lon="2.369941">
        <ele>395.266</ele>
        <time>2025-01-09T12:04:09Z</time>
      </trkpt>
      <trkpt lat="41.543002" lon="2.369971">
        <ele>395.266</ele>
        <time>2025-01-09T12:04:11Z</time>
      </trkpt>
      <trkpt lat="41.542972" lon="2.370023">
        <ele>395.282</ele>
        <time>2025-01-09T12:04:15Z</time>
      </trkpt>
      <trkpt lat="41.542957" lon="2.370055">
        <ele>395.242</ele>
        <time>2025-01-09T12:04:17Z</time>
      </trkpt>
      <trkpt lat="41.542936" lon="2.370085">
        <ele>395.256</ele>
        <time>2025-01-09T12:04:19Z</time>
      </trkpt>
      <trkpt lat="41.542923" lon="2.370120">
        <ele>395.284</ele>
        <time>2025-01-09T12:04:21Z</time>
      </trkpt>
      <trkpt lat="41.542908" lon="2.370158">
        <ele>395.371</ele>
        <time>2025-01-09T12:04:23Z</time>
      </trkpt>
      <trkpt lat="41.542880" lon="2.370202">
        <ele>395.684</ele>
        <time>2025-01-09T12:04:26Z</time>
      </trkpt>
      <trkpt lat="41.542840" lon="2.370240">
        <ele>396.125</ele>
        <time>2025-01-09T12:04:30Z</time>
      </trkpt>
      <trkpt lat="41.542817" lon="2.370261">
        <ele>396.426</ele>
        <time>2025-01-09T12:04:32Z</time>
      </trkpt>
      <trkpt lat="41.542787" lon="2.370275">
        <ele>396.908</ele>
        <time>2025-01-09T12:04:34Z</time>
      </trkpt>
      <trkpt lat="41.542759" lon="2.370289">
        <ele>397.009</ele>
        <time>2025-01-09T12:04:36Z</time>
      </trkpt>
      <trkpt lat="41.542731" lon="2.370302">
        <ele>397.083</ele>
        <time>2025-01-09T12:04:38Z</time>
      </trkpt>
      <trkpt lat="41.542684" lon="2.370322">
        <ele>397.121</ele>
        <time>2025-01-09T12:04:42Z</time>
      </trkpt>
      <trkpt lat="41.542633" lon="2.370351">
        <ele>397.421</ele>
        <time>2025-01-09T12:04:46Z</time>
      </trkpt>
      <trkpt lat="41.542607" lon="2.370364">
        <ele>397.617</ele>
        <time>2025-01-09T12:04:48Z</time>
      </trkpt>
      <trkpt lat="41.542580" lon="2.370380">
        <ele>397.977</ele>
        <time>2025-01-09T12:04:50Z</time>
      </trkpt>
      <trkpt lat="41.542536" lon="2.370413">
        <ele>398.621</ele>
        <time>2025-01-09T12:04:54Z</time>
      </trkpt>
      <trkpt lat="41.542495" lon="2.370447">
        <ele>399.549</ele>
        <time>2025-01-09T12:04:58Z</time>
      </trkpt>
      <trkpt lat="41.542467" lon="2.370448">
        <ele>399.866</ele>
        <time>2025-01-09T12:05:00Z</time>
      </trkpt>
      <trkpt lat="41.542425" lon="2.370471">
        <ele>400.779</ele>
        <time>2025-01-09T12:05:04Z</time>
      </trkpt>
      <trkpt lat="41.542386" lon="2.370503">
        <ele>401.915</ele>
        <time>2025-01-09T12:05:08Z</time>
      </trkpt>
      <trkpt lat="41.542340" lon="2.370542">
        <ele>403.565</ele>
        <time>2025-01-09T12:05:12Z</time>
      </trkpt>
      <trkpt lat="41.542302" lon="2.370568">
        <ele>404.711</ele>
        <time>2025-01-09T12:05:16Z</time>
      </trkpt>
      <trkpt lat="41.542283" lon="2.370593">
        <ele>405.209</ele>
        <time>2025-01-09T12:05:18Z</time>
      </trkpt>
      <trkpt lat="41.542244" lon="2.370634">
        <ele>406.412</ele>
        <time>2025-01-09T12:05:22Z</time>
      </trkpt>
      <trkpt lat="41.542201" lon="2.370681">
        <ele>407.670</ele>
        <time>2025-01-09T12:05:26Z</time>
      </trkpt>
      <trkpt lat="41.542151" lon="2.370712">
        <ele>408.580</ele>
        <time>2025-01-09T12:05:30Z</time>
      </trkpt>
      <trkpt lat="41.542130" lon="2.370737">
        <ele>409.186</ele>
        <time>2025-01-09T12:05:32Z</time>
      </trkpt>
      <trkpt lat="41.542090" lon="2.370785">
        <ele>410.236</ele>
        <time>2025-01-09T12:05:36Z</time>
      </trkpt>
      <trkpt lat="41.542064" lon="2.370811">
        <ele>410.920</ele>
        <time>2025-01-09T12:05:38Z</time>
      </trkpt>
      <trkpt lat="41.542038" lon="2.370841">
        <ele>411.728</ele>
        <time>2025-01-09T12:05:40Z</time>
      </trkpt>
      <trkpt lat="41.542016" lon="2.370862">
        <ele>412.285</ele>
        <time>2025-01-09T12:05:42Z</time>
      </trkpt>
      <trkpt lat="41.541992" lon="2.370894">
        <ele>412.948</ele>
        <time>2025-01-09T12:05:44Z</time>
      </trkpt>
      <trkpt lat="41.541959" lon="2.370948">
        <ele>414.098</ele>
        <time>2025-01-09T12:05:48Z</time>
      </trkpt>
      <trkpt lat="41.541937" lon="2.371002">
        <ele>414.815</ele>
        <time>2025-01-09T12:05:52Z</time>
      </trkpt>
      <trkpt lat="41.541913" lon="2.371058">
        <ele>415.326</ele>
        <time>2025-01-09T12:05:56Z</time>
      </trkpt>
      <trkpt lat="41.541902" lon="2.371093">
        <ele>415.709</ele>
        <time>2025-01-09T12:05:58Z</time>
      </trkpt>
      <trkpt lat="41.541887" lon="2.371127">
        <ele>415.970</ele>
        <time>2025-01-09T12:06:00Z</time>
      </trkpt>
      <trkpt lat="41.541877" lon="2.371161">
        <ele>416.048</ele>
        <time>2025-01-09T12:06:02Z</time>
      </trkpt>
      <trkpt lat="41.541863" lon="2.371226">
        <ele>416.248</ele>
        <time>2025-01-09T12:06:06Z</time>
      </trkpt>
      <trkpt lat="41.541858" lon="2.371289">
        <ele>416.584</ele>
        <time>2025-01-09T12:06:10Z</time>
      </trkpt>
      <trkpt lat="41.541857" lon="2.371349">
        <ele>416.874</ele>
        <time>2025-01-09T12:06:13Z</time>
      </trkpt>
      <trkpt lat="41.541855" lon="2.371394">
        <ele>417.078</ele>
        <time>2025-01-09T12:06:15Z</time>
      </trkpt>
      <trkpt lat="41.541854" lon="2.371432">
        <ele>417.446</ele>
        <time>2025-01-09T12:06:17Z</time>
      </trkpt>
      <trkpt lat="41.541853" lon="2.371501">
        <ele>417.943</ele>
        <time>2025-01-09T12:06:21Z</time>
      </trkpt>
      <trkpt lat="41.541855" lon="2.371538">
        <ele>418.326</ele>
        <time>2025-01-09T12:06:23Z</time>
      </trkpt>
      <trkpt lat="41.541858" lon="2.371578">
        <ele>418.639</ele>
        <time>2025-01-09T12:06:25Z</time>
      </trkpt>
      <trkpt lat="41.541859" lon="2.371621">
        <ele>419.001</ele>
        <time>2025-01-09T12:06:27Z</time>
      </trkpt>
      <trkpt lat="41.541850" lon="2.371683">
        <ele>419.621</ele>
        <time>2025-01-09T12:06:31Z</time>
      </trkpt>
      <trkpt lat="41.541827" lon="2.371739">
        <ele>420.509</ele>
        <time>2025-01-09T12:06:35Z</time>
      </trkpt>
      <trkpt lat="41.541807" lon="2.371804">
        <ele>421.584</ele>
        <time>2025-01-09T12:06:39Z</time>
      </trkpt>
      <trkpt lat="41.541767" lon="2.371846">
        <ele>421.842</ele>
        <time>2025-01-09T12:06:43Z</time>
      </trkpt>
      <trkpt lat="41.541775" lon="2.371905">
        <ele>422.922</ele>
        <time>2025-01-09T12:06:47Z</time>
      </trkpt>
      <trkpt lat="41.541793" lon="2.371962">
        <ele>424.358</ele>
        <time>2025-01-09T12:06:51Z</time>
      </trkpt>
      <trkpt lat="41.541821" lon="2.372019">
        <ele>426.178</ele>
        <time>2025-01-09T12:06:55Z</time>
      </trkpt>
      <trkpt lat="41.541834" lon="2.372078">
        <ele>427.952</ele>
        <time>2025-01-09T12:06:59Z</time>
      </trkpt>
      <trkpt lat="41.541845" lon="2.372132">
        <ele>429.550</ele>
        <time>2025-01-09T12:07:03Z</time>
      </trkpt>
      <trkpt lat="41.541860" lon="2.372182">
        <ele>431.187</ele>
        <time>2025-01-09T12:07:07Z</time>
      </trkpt>
      <trkpt lat="41.541873" lon="2.372238">
        <ele>432.870</ele>
        <time>2025-01-09T12:07:11Z</time>
      </trkpt>
      <trkpt lat="41.541884" lon="2.372299">
        <ele>434.418</ele>
        <time>2025-01-09T12:07:16Z</time>
      </trkpt>
      <trkpt lat="41.541889" lon="2.372360">
        <ele>435.998</ele>
        <time>2025-01-09T12:07:20Z</time>
      </trkpt>
      <trkpt lat="41.541892" lon="2.372427">
        <ele>437.417</ele>
        <time>2025-01-09T12:07:24Z</time>
      </trkpt>
      <trkpt lat="41.541904" lon="2.372489">
        <ele>439.009</ele>
        <time>2025-01-09T12:07:28Z</time>
      </trkpt>
      <trkpt lat="41.541920" lon="2.372552">
        <ele>440.792</ele>
        <time>2025-01-09T12:07:32Z</time>
      </trkpt>
      <trkpt lat="41.541940" lon="2.372607">
        <ele>442.250</ele>
        <time>2025-01-09T12:07:36Z</time>
      </trkpt>
      <trkpt lat="41.541962" lon="2.372663">
        <ele>443.240</ele>
        <time>2025-01-09T12:07:40Z</time>
      </trkpt>
      <trkpt lat="41.541975" lon="2.372724">
        <ele>444.286</ele>
        <time>2025-01-09T12:07:44Z</time>
      </trkpt>
      <trkpt lat="41.541992" lon="2.372780">
        <ele>445.046</ele>
        <time>2025-01-09T12:07:48Z</time>
      </trkpt>
      <trkpt lat="41.541996" lon="2.372837">
        <ele>446.210</ele>
        <time>2025-01-09T12:07:52Z</time>
      </trkpt>
      <trkpt lat="41.542008" lon="2.372897">
        <ele>447.378</ele>
        <time>2025-01-09T12:07:57Z</time>
      </trkpt>
      <trkpt lat="41.542026" lon="2.372954">
        <ele>448.295</ele>
        <time>2025-01-09T12:08:01Z</time>
      </trkpt>
      <trkpt lat="41.542033" lon="2.373013">
        <ele>449.478</ele>
        <time>2025-01-09T12:08:07Z</time>
      </trkpt>
      <trkpt lat="41.542036" lon="2.373050">
        <ele>450.292</ele>
        <time>2025-01-09T12:08:09Z</time>
      </trkpt>
      <trkpt lat="41.542047" lon="2.373119">
        <ele>451.773</ele>
        <time>2025-01-09T12:08:14Z</time>
      </trkpt>
      <trkpt lat="41.542051" lon="2.373182">
        <ele>453.220</ele>
        <time>2025-01-09T12:08:18Z</time>
      </trkpt>
      <trkpt lat="41.542049" lon="2.373220">
        <ele>454.109</ele>
        <time>2025-01-09T12:08:21Z</time>
      </trkpt>
      <trkpt lat="41.542042" lon="2.373278">
        <ele>455.670</ele>
        <time>2025-01-09T12:08:25Z</time>
      </trkpt>
      <trkpt lat="41.542028" lon="2.373344">
        <ele>457.388</ele>
        <time>2025-01-09T12:08:30Z</time>
      </trkpt>
      <trkpt lat="41.542012" lon="2.373393">
        <ele>458.328</ele>
        <time>2025-01-09T12:08:34Z</time>
      </trkpt>
      <trkpt lat="41.541976" lon="2.373445">
        <ele>459.424</ele>
        <time>2025-01-09T12:08:38Z</time>
      </trkpt>
      <trkpt lat="41.541941" lon="2.373486">
        <ele>460.134</ele>
        <time>2025-01-09T12:08:44Z</time>
      </trkpt>
      <trkpt lat="41.541921" lon="2.373538">
        <ele>460.618</ele>
        <time>2025-01-09T12:08:49Z</time>
      </trkpt>
      <trkpt lat="41.541913" lon="2.373575">
        <ele>461.066</ele>
        <time>2025-01-09T12:08:51Z</time>
      </trkpt>
      <trkpt lat="41.541895" lon="2.373639">
        <ele>461.823</ele>
        <time>2025-01-09T12:08:55Z</time>
      </trkpt>
      <trkpt lat="41.541867" lon="2.373700">
        <ele>462.516</ele>
        <time>2025-01-09T12:08:59Z</time>
      </trkpt>
      <trkpt lat="41.541869" lon="2.373737">
        <ele>463.259</ele>
        <time>2025-01-09T12:09:01Z</time>
      </trkpt>
      <trkpt lat="41.541857" lon="2.373794">
        <ele>464.003</ele>
        <time>2025-01-09T12:09:05Z</time>
      </trkpt>
      <trkpt lat="41.541847" lon="2.373860">
        <ele>465.123</ele>
        <time>2025-01-09T12:09:09Z</time>
      </trkpt>
      <trkpt lat="41.541869" lon="2.373912">
        <ele>466.209</ele>
        <time>2025-01-09T12:09:13Z</time>
      </trkpt>
      <trkpt lat="41.541895" lon="2.373935">
        <ele>466.856</ele>
        <time>2025-01-09T12:09:15Z</time>
      </trkpt>
      <trkpt lat="41.541940" lon="2.373948">
        <ele>467.644</ele>
        <time>2025-01-09T12:09:19Z</time>
      </trkpt>
      <trkpt lat="41.541971" lon="2.373953">
        <ele>467.544</ele>
        <time>2025-01-09T12:09:21Z</time>
      </trkpt>
      <trkpt lat="41.542000" lon="2.373964">
        <ele>467.410</ele>
        <time>2025-01-09T12:09:23Z</time>
      </trkpt>
      <trkpt lat="41.542026" lon="2.373981">
        <ele>467.440</ele>
        <time>2025-01-09T12:09:25Z</time>
      </trkpt>
      <trkpt lat="41.542053" lon="2.373995">
        <ele>467.434</ele>
        <time>2025-01-09T12:09:27Z</time>
      </trkpt>
      <trkpt lat="41.542098" lon="2.374041">
        <ele>467.562</ele>
        <time>2025-01-09T12:09:31Z</time>
      </trkpt>
      <trkpt lat="41.542125" lon="2.374071">
        <ele>467.759</ele>
        <time>2025-01-09T12:09:33Z</time>
      </trkpt>
      <trkpt lat="41.542143" lon="2.374100">
        <ele>467.992</ele>
        <time>2025-01-09T12:09:35Z</time>
      </trkpt>
      <trkpt lat="41.542183" lon="2.374164">
        <ele>468.335</ele>
        <time>2025-01-09T12:09:39Z</time>
      </trkpt>
      <trkpt lat="41.542198" lon="2.374205">
        <ele>468.586</ele>
        <time>2025-01-09T12:09:41Z</time>
      </trkpt>
      <trkpt lat="41.542199" lon="2.374242">
        <ele>468.714</ele>
        <time>2025-01-09T12:09:43Z</time>
      </trkpt>
      <trkpt lat="41.542203" lon="2.374279">
        <ele>469.009</ele>
        <time>2025-01-09T12:09:45Z</time>
      </trkpt>
      <trkpt lat="41.542204" lon="2.374324">
        <ele>469.324</ele>
        <time>2025-01-09T12:09:47Z</time>
      </trkpt>
      <trkpt lat="41.542203" lon="2.374370">
        <ele>469.772</ele>
        <time>2025-01-09T12:09:49Z</time>
      </trkpt>
      <trkpt lat="41.542199" lon="2.374409">
        <ele>470.032</ele>
        <time>2025-01-09T12:09:51Z</time>
      </trkpt>
      <trkpt lat="41.542200" lon="2.374448">
        <ele>470.398</ele>
        <time>2025-01-09T12:09:53Z</time>
      </trkpt>
      <trkpt lat="41.542199" lon="2.374485">
        <ele>470.538</ele>
        <time>2025-01-09T12:09:55Z</time>
      </trkpt>
      <trkpt lat="41.542195" lon="2.374522">
        <ele>470.842</ele>
        <time>2025-01-09T12:09:57Z</time>
      </trkpt>
      <trkpt lat="41.542184" lon="2.374606">
        <ele>471.570</ele>
        <time>2025-01-09T12:10:01Z</time>
      </trkpt>
      <trkpt lat="41.542180" lon="2.374648">
        <ele>471.817</ele>
        <time>2025-01-09T12:10:03Z</time>
      </trkpt>
      <trkpt lat="41.542178" lon="2.374717">
        <ele>472.340</ele>
        <time>2025-01-09T12:10:07Z</time>
      </trkpt>
      <trkpt lat="41.542173" lon="2.374758">
        <ele>472.464</ele>
        <time>2025-01-09T12:10:09Z</time>
      </trkpt>
      <trkpt lat="41.542171" lon="2.374802">
        <ele>472.506</ele>
        <time>2025-01-09T12:10:11Z</time>
      </trkpt>
      <trkpt lat="41.542146" lon="2.374828">
        <ele>472.616</ele>
        <time>2025-01-09T12:10:13Z</time>
      </trkpt>
      <trkpt lat="41.542113" lon="2.374833">
        <ele>472.709</ele>
        <time>2025-01-09T12:10:15Z</time>
      </trkpt>
      <trkpt lat="41.542080" lon="2.374837">
        <ele>472.837</ele>
        <time>2025-01-09T12:10:17Z</time>
      </trkpt>
      <trkpt lat="41.542019" lon="2.374827">
        <ele>473.055</ele>
        <time>2025-01-09T12:10:22Z</time>
      </trkpt>
      <trkpt lat="41.541989" lon="2.374823">
        <ele>473.175</ele>
        <time>2025-01-09T12:10:24Z</time>
      </trkpt>
      <trkpt lat="41.541960" lon="2.374819">
        <ele>473.341</ele>
        <time>2025-01-09T12:10:26Z</time>
      </trkpt>
      <trkpt lat="41.541927" lon="2.374813">
        <ele>473.291</ele>
        <time>2025-01-09T12:10:28Z</time>
      </trkpt>
      <trkpt lat="41.541871" lon="2.374804">
        <ele>472.925</ele>
        <time>2025-01-09T12:10:32Z</time>
      </trkpt>
      <trkpt lat="41.541842" lon="2.374801">
        <ele>472.793</ele>
        <time>2025-01-09T12:10:34Z</time>
      </trkpt>
      <trkpt lat="41.541813" lon="2.374796">
        <ele>472.570</ele>
        <time>2025-01-09T12:10:36Z</time>
      </trkpt>
      <trkpt lat="41.541781" lon="2.374793">
        <ele>472.393</ele>
        <time>2025-01-09T12:10:38Z</time>
      </trkpt>
      <trkpt lat="41.541753" lon="2.374780">
        <ele>472.226</ele>
        <time>2025-01-09T12:10:40Z</time>
      </trkpt>
      <trkpt lat="41.541710" lon="2.374769">
        <ele>472.047</ele>
        <time>2025-01-09T12:10:45Z</time>
      </trkpt>
      <trkpt lat="41.541676" lon="2.374780">
        <ele>471.711</ele>
        <time>2025-01-09T12:11:04Z</time>
      </trkpt>
      <trkpt lat="41.541657" lon="2.374807">
        <ele>471.209</ele>
        <time>2025-01-09T12:11:06Z</time>
      </trkpt>
      <trkpt lat="41.541638" lon="2.374842">
        <ele>470.583</ele>
        <time>2025-01-09T12:11:08Z</time>
      </trkpt>
      <trkpt lat="41.541625" lon="2.374877">
        <ele>470.041</ele>
        <time>2025-01-09T12:11:10Z</time>
      </trkpt>
      <trkpt lat="41.541614" lon="2.374919">
        <ele>469.481</ele>
        <time>2025-01-09T12:11:12Z</time>
      </trkpt>
      <trkpt lat="41.541614" lon="2.374957">
        <ele>469.267</ele>
        <time>2025-01-09T12:11:14Z</time>
      </trkpt>
      <trkpt lat="41.541631" lon="2.375018">
        <ele>469.197</ele>
        <time>2025-01-09T12:11:17Z</time>
      </trkpt>
      <trkpt lat="41.541634" lon="2.375060">
        <ele>468.771</ele>
        <time>2025-01-09T12:11:19Z</time>
      </trkpt>
      <trkpt lat="41.541620" lon="2.375126">
        <ele>467.859</ele>
        <time>2025-01-09T12:11:23Z</time>
      </trkpt>
      <trkpt lat="41.541588" lon="2.375164">
        <ele>466.936</ele>
        <time>2025-01-09T12:11:27Z</time>
      </trkpt>
      <trkpt lat="41.541536" lon="2.375145">
        <ele>466.189</ele>
        <time>2025-01-09T12:11:31Z</time>
      </trkpt>
      <trkpt lat="41.541504" lon="2.375132">
        <ele>465.613</ele>
        <time>2025-01-09T12:11:33Z</time>
      </trkpt>
      <trkpt lat="41.541461" lon="2.375114">
        <ele>464.943</ele>
        <time>2025-01-09T12:11:36Z</time>
      </trkpt>
      <trkpt lat="41.541427" lon="2.375092">
        <ele>464.407</ele>
        <time>2025-01-09T12:12:56Z</time>
      </trkpt>
      <trkpt lat="41.541463" lon="2.375134">
        <ele>464.909</ele>
        <time>2025-01-09T12:14:42Z</time>
      </trkpt>
      <trkpt lat="41.541504" lon="2.375145">
        <ele>465.512</ele>
        <time>2025-01-09T12:14:57Z</time>
      </trkpt>
      <trkpt lat="41.541531" lon="2.375159">
        <ele>465.920</ele>
        <time>2025-01-09T12:14:59Z</time>
      </trkpt>
      <trkpt lat="41.541558" lon="2.375171">
        <ele>466.360</ele>
        <time>2025-01-09T12:15:01Z</time>
      </trkpt>
      <trkpt lat="41.541611" lon="2.375153">
        <ele>467.446</ele>
        <time>2025-01-09T12:15:05Z</time>
      </trkpt>
      <trkpt lat="41.541632" lon="2.375087">
        <ele>468.446</ele>
        <time>2025-01-09T12:15:09Z</time>
      </trkpt>
      <trkpt lat="41.541634" lon="2.375049">
        <ele>468.880</ele>
        <time>2025-01-09T12:15:11Z</time>
      </trkpt>
      <trkpt lat="41.541624" lon="2.375015">
        <ele>468.938</ele>
        <time>2025-01-09T12:15:13Z</time>
      </trkpt>
      <trkpt lat="41.541625" lon="2.374951">
        <ele>469.525</ele>
        <time>2025-01-09T12:15:17Z</time>
      </trkpt>
      <trkpt lat="41.541626" lon="2.374909">
        <ele>469.848</ele>
        <time>2025-01-09T12:15:19Z</time>
      </trkpt>
      <trkpt lat="41.541642" lon="2.374841">
        <ele>470.627</ele>
        <time>2025-01-09T12:15:23Z</time>
      </trkpt>
      <trkpt lat="41.541663" lon="2.374808">
        <ele>471.368</ele>
        <time>2025-01-09T12:15:25Z</time>
      </trkpt>
      <trkpt lat="41.541709" lon="2.374777">
        <ele>471.914</ele>
        <time>2025-01-09T12:15:28Z</time>
      </trkpt>
      <trkpt lat="41.541762" lon="2.374777">
        <ele>472.309</ele>
        <time>2025-01-09T12:15:32Z</time>
      </trkpt>
      <trkpt lat="41.541812" lon="2.374783">
        <ele>472.673</ele>
        <time>2025-01-09T12:15:36Z</time>
      </trkpt>
      <trkpt lat="41.541841" lon="2.374784">
        <ele>472.831</ele>
        <time>2025-01-09T12:15:38Z</time>
      </trkpt>
      <trkpt lat="41.541868" lon="2.374788">
        <ele>473.041</ele>
        <time>2025-01-09T12:15:40Z</time>
      </trkpt>
      <trkpt lat="41.541896" lon="2.374791">
        <ele>473.297</ele>
        <time>2025-01-09T12:15:42Z</time>
      </trkpt>
      <trkpt lat="41.541933" lon="2.374809">
        <ele>473.377</ele>
        <time>2025-01-09T12:15:47Z</time>
      </trkpt>
      <trkpt lat="41.541978" lon="2.374821">
        <ele>473.261</ele>
        <time>2025-01-09T12:15:51Z</time>
      </trkpt>
      <trkpt lat="41.542007" lon="2.374827">
        <ele>473.199</ele>
        <time>2025-01-09T12:15:53Z</time>
      </trkpt>
      <trkpt lat="41.542033" lon="2.374837">
        <ele>472.936</ele>
        <time>2025-01-09T12:15:55Z</time>
      </trkpt>
      <trkpt lat="41.542064" lon="2.374836">
        <ele>472.879</ele>
        <time>2025-01-09T12:15:57Z</time>
      </trkpt>
      <trkpt lat="41.542104" lon="2.374833">
        <ele>472.795</ele>
        <time>2025-01-09T12:16:00Z</time>
      </trkpt>
      <trkpt lat="41.542134" lon="2.374846">
        <ele>472.749</ele>
        <time>2025-01-09T12:16:02Z</time>
      </trkpt>
      <trkpt lat="41.542167" lon="2.374898">
        <ele>472.723</ele>
        <time>2025-01-09T12:16:05Z</time>
      </trkpt>
      <trkpt lat="41.542166" lon="2.374961">
        <ele>472.709</ele>
        <time>2025-01-09T12:16:09Z</time>
      </trkpt>
      <trkpt lat="41.542157" lon="2.375002">
        <ele>472.750</ele>
        <time>2025-01-09T12:16:11Z</time>
      </trkpt>
      <trkpt lat="41.542146" lon="2.375036">
        <ele>472.088</ele>
        <time>2025-01-09T12:16:13Z</time>
      </trkpt>
      <trkpt lat="41.542126" lon="2.375101">
        <ele>470.778</ele>
        <time>2025-01-09T12:16:17Z</time>
      </trkpt>
      <trkpt lat="41.542092" lon="2.375160">
        <ele>469.674</ele>
        <time>2025-01-09T12:16:21Z</time>
      </trkpt>
      <trkpt lat="41.542059" lon="2.375222">
        <ele>468.664</ele>
        <time>2025-01-09T12:16:25Z</time>
      </trkpt>
      <trkpt lat="41.542041" lon="2.375255">
        <ele>468.078</ele>
        <time>2025-01-09T12:16:27Z</time>
      </trkpt>
      <trkpt lat="41.542018" lon="2.375281">
        <ele>467.626</ele>
        <time>2025-01-09T12:16:29Z</time>
      </trkpt>
      <trkpt lat="41.541983" lon="2.375331">
        <ele>466.543</ele>
        <time>2025-01-09T12:16:33Z</time>
      </trkpt>
      <trkpt lat="41.541952" lon="2.375367">
        <ele>465.736</ele>
        <time>2025-01-09T12:16:37Z</time>
      </trkpt>
      <trkpt lat="41.541932" lon="2.375394">
        <ele>465.135</ele>
        <time>2025-01-09T12:16:39Z</time>
      </trkpt>
      <trkpt lat="41.541906" lon="2.375444">
        <ele>463.986</ele>
        <time>2025-01-09T12:16:43Z</time>
      </trkpt>
      <trkpt lat="41.541876" lon="2.375505">
        <ele>462.614</ele>
        <time>2025-01-09T12:16:47Z</time>
      </trkpt>
      <trkpt lat="41.541859" lon="2.375537">
        <ele>462.009</ele>
        <time>2025-01-09T12:16:49Z</time>
      </trkpt>
      <trkpt lat="41.541840" lon="2.375571">
        <ele>461.594</ele>
        <time>2025-01-09T12:16:51Z</time>
      </trkpt>
      <trkpt lat="41.541822" lon="2.375601">
        <ele>461.182</ele>
        <time>2025-01-09T12:16:53Z</time>
      </trkpt>
      <trkpt lat="41.541785" lon="2.375644">
        <ele>460.762</ele>
        <time>2025-01-09T12:16:57Z</time>
      </trkpt>
      <trkpt lat="41.541747" lon="2.375685">
        <ele>460.458</ele>
        <time>2025-01-09T12:17:01Z</time>
      </trkpt>
      <trkpt lat="41.541714" lon="2.375725">
        <ele>460.158</ele>
        <time>2025-01-09T12:17:05Z</time>
      </trkpt>
      <trkpt lat="41.541683" lon="2.375779">
        <ele>459.652</ele>
        <time>2025-01-09T12:17:10Z</time>
      </trkpt>
      <trkpt lat="41.541658" lon="2.375825">
        <ele>459.140</ele>
        <time>2025-01-09T12:17:14Z</time>
      </trkpt>
      <trkpt lat="41.541639" lon="2.375868">
        <ele>458.887</ele>
        <time>2025-01-09T12:17:17Z</time>
      </trkpt>
      <trkpt lat="41.541616" lon="2.375898">
        <ele>458.660</ele>
        <time>2025-01-09T12:17:19Z</time>
      </trkpt>
      <trkpt lat="41.541602" lon="2.375938">
        <ele>458.395</ele>
        <time>2025-01-09T12:20:09Z</time>
      </trkpt>
      <trkpt lat="41.541606" lon="2.375981">
        <ele>458.149</ele>
        <time>2025-01-09T12:20:11Z</time>
      </trkpt>
      <trkpt lat="41.541636" lon="2.376016">
        <ele>457.823</ele>
        <time>2025-01-09T12:20:15Z</time>
      </trkpt>
      <trkpt lat="41.541664" lon="2.376070">
        <ele>457.309</ele>
        <time>2025-01-09T12:20:19Z</time>
      </trkpt>
      <trkpt lat="41.541668" lon="2.376126">
        <ele>457.070</ele>
        <time>2025-01-09T12:20:23Z</time>
      </trkpt>
      <trkpt lat="41.541665" lon="2.376188">
        <ele>457.068</ele>
        <time>2025-01-09T12:20:27Z</time>
      </trkpt>
      <trkpt lat="41.541680" lon="2.376220">
        <ele>456.638</ele>
        <time>2025-01-09T12:20:29Z</time>
      </trkpt>
      <trkpt lat="41.541696" lon="2.376251">
        <ele>456.254</ele>
        <time>2025-01-09T12:20:31Z</time>
      </trkpt>
      <trkpt lat="41.541727" lon="2.376310">
        <ele>455.364</ele>
        <time>2025-01-09T12:20:35Z</time>
      </trkpt>
      <trkpt lat="41.541751" lon="2.376362">
        <ele>454.628</ele>
        <time>2025-01-09T12:20:39Z</time>
      </trkpt>
      <trkpt lat="41.541770" lon="2.376432">
        <ele>454.126</ele>
        <time>2025-01-09T12:20:43Z</time>
      </trkpt>
      <trkpt lat="41.541777" lon="2.376468">
        <ele>454.043</ele>
        <time>2025-01-09T12:20:45Z</time>
      </trkpt>
      <trkpt lat="41.541785" lon="2.376508">
        <ele>453.836</ele>
        <time>2025-01-09T12:20:47Z</time>
      </trkpt>
      <trkpt lat="41.541792" lon="2.376547">
        <ele>453.639</ele>
        <time>2025-01-09T12:20:49Z</time>
      </trkpt>
      <trkpt lat="41.541796" lon="2.376587">
        <ele>453.401</ele>
        <time>2025-01-09T12:20:51Z</time>
      </trkpt>
      <trkpt lat="41.541801" lon="2.376629">
        <ele>453.221</ele>
        <time>2025-01-09T12:20:53Z</time>
      </trkpt>
      <trkpt lat="41.541809" lon="2.376673">
        <ele>452.809</ele>
        <time>2025-01-09T12:20:55Z</time>
      </trkpt>
      <trkpt lat="41.541822" lon="2.376742">
        <ele>452.184</ele>
        <time>2025-01-09T12:20:58Z</time>
      </trkpt>
      <trkpt lat="41.541828" lon="2.376782">
        <ele>451.742</ele>
        <time>2025-01-09T12:21:00Z</time>
      </trkpt>
      <trkpt lat="41.541844" lon="2.376849">
        <ele>450.832</ele>
        <time>2025-01-09T12:21:04Z</time>
      </trkpt>
      <trkpt lat="41.541860" lon="2.376915">
        <ele>450.058</ele>
        <time>2025-01-09T12:21:08Z</time>
      </trkpt>
      <trkpt lat="41.541878" lon="2.376946">
        <ele>449.188</ele>
        <time>2025-01-09T12:21:10Z</time>
      </trkpt>
      <trkpt lat="41.541903" lon="2.377000">
        <ele>448.032</ele>
        <time>2025-01-09T12:21:13Z</time>
      </trkpt>
      <trkpt lat="41.541928" lon="2.377052">
        <ele>446.840</ele>
        <time>2025-01-09T12:21:17Z</time>
      </trkpt>
      <trkpt lat="41.541945" lon="2.377091">
        <ele>446.077</ele>
        <time>2025-01-09T12:21:19Z</time>
      </trkpt>
      <trkpt lat="41.541957" lon="2.377130">
        <ele>445.380</ele>
        <time>2025-01-09T12:21:21Z</time>
      </trkpt>
      <trkpt lat="41.541973" lon="2.377170">
        <ele>444.448</ele>
        <time>2025-01-09T12:21:23Z</time>
      </trkpt>
      <trkpt lat="41.541989" lon="2.377205">
        <ele>443.661</ele>
        <time>2025-01-09T12:21:25Z</time>
      </trkpt>
      <trkpt lat="41.542006" lon="2.377233">
        <ele>442.817</ele>
        <time>2025-01-09T12:21:27Z</time>
      </trkpt>
      <trkpt lat="41.542041" lon="2.377293">
        <ele>441.409</ele>
        <time>2025-01-09T12:21:31Z</time>
      </trkpt>
      <trkpt lat="41.542063" lon="2.377325">
        <ele>440.595</ele>
        <time>2025-01-09T12:21:33Z</time>
      </trkpt>
      <trkpt lat="41.542087" lon="2.377365">
        <ele>439.633</ele>
        <time>2025-01-09T12:21:35Z</time>
      </trkpt>
      <trkpt lat="41.542112" lon="2.377389">
        <ele>438.573</ele>
        <time>2025-01-09T12:21:37Z</time>
      </trkpt>
      <trkpt lat="41.542134" lon="2.377415">
        <ele>437.639</ele>
        <time>2025-01-09T12:21:39Z</time>
      </trkpt>
      <trkpt lat="41.542149" lon="2.377446">
        <ele>437.239</ele>
        <time>2025-01-09T12:21:41Z</time>
      </trkpt>
      <trkpt lat="41.542178" lon="2.377499">
        <ele>436.283</ele>
        <time>2025-01-09T12:21:45Z</time>
      </trkpt>
      <trkpt lat="41.542199" lon="2.377549">
        <ele>435.781</ele>
        <time>2025-01-09T12:21:49Z</time>
      </trkpt>
      <trkpt lat="41.542218" lon="2.377583">
        <ele>435.138</ele>
        <time>2025-01-09T12:21:51Z</time>
      </trkpt>
      <trkpt lat="41.542234" lon="2.377613">
        <ele>434.561</ele>
        <time>2025-01-09T12:21:53Z</time>
      </trkpt>
      <trkpt lat="41.542261" lon="2.377681">
        <ele>433.621</ele>
        <time>2025-01-09T12:21:57Z</time>
      </trkpt>
      <trkpt lat="41.542273" lon="2.377717">
        <ele>433.341</ele>
        <time>2025-01-09T12:21:59Z</time>
      </trkpt>
      <trkpt lat="41.542303" lon="2.377755">
        <ele>431.805</ele>
        <time>2025-01-09T12:22:02Z</time>
      </trkpt>
      <trkpt lat="41.542336" lon="2.377806">
        <ele>430.109</ele>
        <time>2025-01-09T12:22:06Z</time>
      </trkpt>
      <trkpt lat="41.542351" lon="2.377842">
        <ele>429.133</ele>
        <time>2025-01-09T12:22:08Z</time>
      </trkpt>
      <trkpt lat="41.542367" lon="2.377875">
        <ele>428.161</ele>
        <time>2025-01-09T12:22:10Z</time>
      </trkpt>
      <trkpt lat="41.542401" lon="2.377920">
        <ele>425.941</ele>
        <time>2025-01-09T12:22:14Z</time>
      </trkpt>
      <trkpt lat="41.542422" lon="2.377970">
        <ele>424.587</ele>
        <time>2025-01-09T12:22:17Z</time>
      </trkpt>
      <trkpt lat="41.542437" lon="2.378005">
        <ele>423.477</ele>
        <time>2025-01-09T12:22:19Z</time>
      </trkpt>
      <trkpt lat="41.542450" lon="2.378047">
        <ele>422.431</ele>
        <time>2025-01-09T12:22:21Z</time>
      </trkpt>
      <trkpt lat="41.542474" lon="2.378107">
        <ele>420.729</ele>
        <time>2025-01-09T12:22:24Z</time>
      </trkpt>
      <trkpt lat="41.542488" lon="2.378142">
        <ele>419.826</ele>
        <time>2025-01-09T12:22:26Z</time>
      </trkpt>
      <trkpt lat="41.542505" lon="2.378207">
        <ele>418.769</ele>
        <time>2025-01-09T12:22:30Z</time>
      </trkpt>
      <trkpt lat="41.542512" lon="2.378273">
        <ele>418.336</ele>
        <time>2025-01-09T12:22:34Z</time>
      </trkpt>
      <trkpt lat="41.542522" lon="2.378318">
        <ele>417.717</ele>
        <time>2025-01-09T12:22:36Z</time>
      </trkpt>
      <trkpt lat="41.542532" lon="2.378359">
        <ele>416.918</ele>
        <time>2025-01-09T12:22:38Z</time>
      </trkpt>
      <trkpt lat="41.542528" lon="2.378439">
        <ele>416.609</ele>
        <time>2025-01-09T12:22:56Z</time>
      </trkpt>
      <trkpt lat="41.542515" lon="2.378496">
        <ele>416.944</ele>
        <time>2025-01-09T12:23:00Z</time>
      </trkpt>
      <trkpt lat="41.542481" lon="2.378545">
        <ele>418.252</ele>
        <time>2025-01-09T12:23:04Z</time>
      </trkpt>
      <trkpt lat="41.542467" lon="2.378598">
        <ele>418.352</ele>
        <time>2025-01-09T12:23:08Z</time>
      </trkpt>
      <trkpt lat="41.542456" lon="2.378634">
        <ele>417.788</ele>
        <time>2025-01-09T12:23:10Z</time>
      </trkpt>
      <trkpt lat="41.542441" lon="2.378688">
        <ele>416.238</ele>
        <time>2025-01-09T12:23:14Z</time>
      </trkpt>
      <trkpt lat="41.542436" lon="2.378731">
        <ele>414.742</ele>
        <time>2025-01-09T12:23:16Z</time>
      </trkpt>
      <trkpt lat="41.542433" lon="2.378771">
        <ele>413.210</ele>
        <time>2025-01-09T12:23:18Z</time>
      </trkpt>
      <trkpt lat="41.542416" lon="2.378834">
        <ele>411.337</ele>
        <time>2025-01-09T12:23:22Z</time>
      </trkpt>
      <trkpt lat="41.542398" lon="2.378897">
        <ele>409.250</ele>
        <time>2025-01-09T12:23:26Z</time>
      </trkpt>
      <trkpt lat="41.542346" lon="2.378917">
        <ele>409.636</ele>
        <time>2025-01-09T12:23:30Z</time>
      </trkpt>
      <trkpt lat="41.542319" lon="2.378918">
        <ele>410.217</ele>
        <time>2025-01-09T12:23:32Z</time>
      </trkpt>
      <trkpt lat="41.542266" lon="2.378923">
        <ele>411.318</ele>
        <time>2025-01-09T12:23:36Z</time>
      </trkpt>
      <trkpt lat="41.542218" lon="2.378927">
        <ele>412.109</ele>
        <time>2025-01-09T12:23:40Z</time>
      </trkpt>
      <trkpt lat="41.542187" lon="2.378915">
        <ele>412.734</ele>
        <time>2025-01-09T12:23:42Z</time>
      </trkpt>
      <trkpt lat="41.542147" lon="2.378888">
        <ele>414.082</ele>
        <time>2025-01-09T12:23:46Z</time>
      </trkpt>
      <trkpt lat="41.542118" lon="2.378889">
        <ele>414.012</ele>
        <time>2025-01-09T12:23:48Z</time>
      </trkpt>
      <trkpt lat="41.542087" lon="2.378887">
        <ele>414.178</ele>
        <time>2025-01-09T12:23:50Z</time>
      </trkpt>
      <trkpt lat="41.542060" lon="2.378893">
        <ele>413.898</ele>
        <time>2025-01-09T12:23:52Z</time>
      </trkpt>
      <trkpt lat="41.542010" lon="2.378898">
        <ele>413.642</ele>
        <time>2025-01-09T12:23:56Z</time>
      </trkpt>
      <trkpt lat="41.541982" lon="2.378893">
        <ele>413.870</ele>
        <time>2025-01-09T12:23:58Z</time>
      </trkpt>
      <trkpt lat="41.541955" lon="2.378900">
        <ele>413.517</ele>
        <time>2025-01-09T12:24:00Z</time>
      </trkpt>
      <trkpt lat="41.541919" lon="2.378906">
        <ele>412.920</ele>
        <time>2025-01-09T12:24:02Z</time>
      </trkpt>
      <trkpt lat="41.541889" lon="2.378908">
        <ele>412.432</ele>
        <time>2025-01-09T12:24:04Z</time>
      </trkpt>
      <trkpt lat="41.541843" lon="2.378909">
        <ele>411.792</ele>
        <time>2025-01-09T12:24:08Z</time>
      </trkpt>
      <trkpt lat="41.541788" lon="2.378913">
        <ele>410.911</ele>
        <time>2025-01-09T12:24:12Z</time>
      </trkpt>
      <trkpt lat="41.541734" lon="2.378906">
        <ele>410.409</ele>
        <time>2025-01-09T12:24:16Z</time>
      </trkpt>
      <trkpt lat="41.541705" lon="2.378905">
        <ele>410.064</ele>
        <time>2025-01-09T12:24:18Z</time>
      </trkpt>
      <trkpt lat="41.541675" lon="2.378899">
        <ele>409.842</ele>
        <time>2025-01-09T12:24:20Z</time>
      </trkpt>
      <trkpt lat="41.541646" lon="2.378888">
        <ele>410.072</ele>
        <time>2025-01-09T12:24:22Z</time>
      </trkpt>
      <trkpt lat="41.541613" lon="2.378883">
        <ele>410.278</ele>
        <time>2025-01-09T12:24:24Z</time>
      </trkpt>
      <trkpt lat="41.541584" lon="2.378881">
        <ele>410.328</ele>
        <time>2025-01-09T12:24:26Z</time>
      </trkpt>
      <trkpt lat="41.541554" lon="2.378882">
        <ele>410.352</ele>
        <time>2025-01-09T12:24:28Z</time>
      </trkpt>
      <trkpt lat="41.541525" lon="2.378879">
        <ele>410.480</ele>
        <time>2025-01-09T12:24:30Z</time>
      </trkpt>
      <trkpt lat="41.541474" lon="2.378862">
        <ele>411.077</ele>
        <time>2025-01-09T12:24:34Z</time>
      </trkpt>
      <trkpt lat="41.541448" lon="2.378853">
        <ele>411.310</ele>
        <time>2025-01-09T12:24:36Z</time>
      </trkpt>
      <trkpt lat="41.541397" lon="2.378843">
        <ele>411.787</ele>
        <time>2025-01-09T12:24:39Z</time>
      </trkpt>
      <trkpt lat="41.541347" lon="2.378817">
        <ele>412.442</ele>
        <time>2025-01-09T12:24:43Z</time>
      </trkpt>
      <trkpt lat="41.541320" lon="2.378806">
        <ele>412.726</ele>
        <time>2025-01-09T12:24:45Z</time>
      </trkpt>
      <trkpt lat="41.541269" lon="2.378796">
        <ele>412.809</ele>
        <time>2025-01-09T12:24:49Z</time>
      </trkpt>
      <trkpt lat="41.541241" lon="2.378792">
        <ele>412.819</ele>
        <time>2025-01-09T12:24:51Z</time>
      </trkpt>
      <trkpt lat="41.541214" lon="2.378787">
        <ele>412.847</ele>
        <time>2025-01-09T12:24:53Z</time>
      </trkpt>
      <trkpt lat="41.541166" lon="2.378776">
        <ele>412.927</ele>
        <time>2025-01-09T12:24:57Z</time>
      </trkpt>
      <trkpt lat="41.541139" lon="2.378768">
        <ele>413.173</ele>
        <time>2025-01-09T12:24:59Z</time>
      </trkpt>
      <trkpt lat="41.541094" lon="2.378753">
        <ele>413.513</ele>
        <time>2025-01-09T12:25:03Z</time>
      </trkpt>
      <trkpt lat="41.541048" lon="2.378728">
        <ele>414.547</ele>
        <time>2025-01-09T12:25:07Z</time>
      </trkpt>
      <trkpt lat="41.541020" lon="2.378724">
        <ele>414.845</ele>
        <time>2025-01-09T12:25:09Z</time>
      </trkpt>
      <trkpt lat="41.540989" lon="2.378713">
        <ele>415.332</ele>
        <time>2025-01-09T12:25:11Z</time>
      </trkpt>
      <trkpt lat="41.540964" lon="2.378701">
        <ele>415.855</ele>
        <time>2025-01-09T12:25:13Z</time>
      </trkpt>
      <trkpt lat="41.540933" lon="2.378688">
        <ele>416.333</ele>
        <time>2025-01-09T12:25:15Z</time>
      </trkpt>
      <trkpt lat="41.540884" lon="2.378669">
        <ele>417.123</ele>
        <time>2025-01-09T12:25:19Z</time>
      </trkpt>
      <trkpt lat="41.540836" lon="2.378634">
        <ele>418.315</ele>
        <time>2025-01-09T12:25:23Z</time>
      </trkpt>
      <trkpt lat="41.540790" lon="2.378619">
        <ele>418.209</ele>
        <time>2025-01-09T12:25:27Z</time>
      </trkpt>
      <trkpt lat="41.540738" lon="2.378600">
        <ele>417.984</ele>
        <time>2025-01-09T12:25:31Z</time>
      </trkpt>
      <trkpt lat="41.540708" lon="2.378596">
        <ele>417.642</ele>
        <time>2025-01-09T12:25:33Z</time>
      </trkpt>
      <trkpt lat="41.540681" lon="2.378602">
        <ele>417.012</ele>
        <time>2025-01-09T12:25:35Z</time>
      </trkpt>
      <trkpt lat="41.540653" lon="2.378613">
        <ele>416.468</ele>
        <time>2025-01-09T12:25:37Z</time>
      </trkpt>
      <trkpt lat="41.540626" lon="2.378626">
        <ele>415.888</ele>
        <time>2025-01-09T12:25:39Z</time>
      </trkpt>
      <trkpt lat="41.540601" lon="2.378649">
        <ele>415.112</ele>
        <time>2025-01-09T12:25:41Z</time>
      </trkpt>
      <trkpt lat="41.540573" lon="2.378710">
        <ele>414.190</ele>
        <time>2025-01-09T12:25:45Z</time>
      </trkpt>
      <trkpt lat="41.540555" lon="2.378745">
        <ele>413.597</ele>
        <time>2025-01-09T12:25:47Z</time>
      </trkpt>
      <trkpt lat="41.540546" lon="2.378781">
        <ele>413.040</ele>
        <time>2025-01-09T12:25:49Z</time>
      </trkpt>
      <trkpt lat="41.540537" lon="2.378816">
        <ele>412.534</ele>
        <time>2025-01-09T12:25:51Z</time>
      </trkpt>
      <trkpt lat="41.540529" lon="2.378854">
        <ele>412.155</ele>
        <time>2025-01-09T12:25:53Z</time>
      </trkpt>
      <trkpt lat="41.540522" lon="2.378895">
        <ele>411.610</ele>
        <time>2025-01-09T12:25:55Z</time>
      </trkpt>
      <trkpt lat="41.540512" lon="2.378939">
        <ele>411.609</ele>
        <time>2025-01-09T12:25:57Z</time>
      </trkpt>
      <trkpt lat="41.540502" lon="2.378973">
        <ele>411.524</ele>
        <time>2025-01-09T12:25:59Z</time>
      </trkpt>
      <trkpt lat="41.540476" lon="2.379033">
        <ele>411.432</ele>
        <time>2025-01-09T12:26:03Z</time>
      </trkpt>
      <trkpt lat="41.540464" lon="2.379067">
        <ele>411.462</ele>
        <time>2025-01-09T12:26:05Z</time>
      </trkpt>
      <trkpt lat="41.540453" lon="2.379106">
        <ele>411.588</ele>
        <time>2025-01-09T12:26:07Z</time>
      </trkpt>
      <trkpt lat="41.540441" lon="2.379172">
        <ele>411.678</ele>
        <time>2025-01-09T12:26:11Z</time>
      </trkpt>
      <trkpt lat="41.540431" lon="2.379242">
        <ele>411.962</ele>
        <time>2025-01-09T12:26:15Z</time>
      </trkpt>
      <trkpt lat="41.540428" lon="2.379284">
        <ele>412.230</ele>
        <time>2025-01-09T12:26:17Z</time>
      </trkpt>
      <trkpt lat="41.540419" lon="2.379337">
        <ele>412.427</ele>
        <time>2025-01-09T12:26:19Z</time>
      </trkpt>
      <trkpt lat="41.540409" lon="2.379377">
        <ele>412.630</ele>
        <time>2025-01-09T12:26:21Z</time>
      </trkpt>
      <trkpt lat="41.540396" lon="2.379414">
        <ele>412.832</ele>
        <time>2025-01-09T12:26:23Z</time>
      </trkpt>
      <trkpt lat="41.540381" lon="2.379454">
        <ele>413.092</ele>
        <time>2025-01-09T12:26:25Z</time>
      </trkpt>
      <trkpt lat="41.540372" lon="2.379489">
        <ele>412.911</ele>
        <time>2025-01-09T12:26:27Z</time>
      </trkpt>
      <trkpt lat="41.540359" lon="2.379525">
        <ele>412.809</ele>
        <time>2025-01-09T12:26:29Z</time>
      </trkpt>
      <trkpt lat="41.540346" lon="2.379563">
        <ele>412.874</ele>
        <time>2025-01-09T12:26:31Z</time>
      </trkpt>
      <trkpt lat="41.540355" lon="2.379636">
        <ele>412.632</ele>
        <time>2025-01-09T12:26:35Z</time>
      </trkpt>
      <trkpt lat="41.540368" lon="2.379672">
        <ele>412.582</ele>
        <time>2025-01-09T12:26:37Z</time>
      </trkpt>
      <trkpt lat="41.540381" lon="2.379713">
        <ele>412.338</ele>
        <time>2025-01-09T12:26:39Z</time>
      </trkpt>
      <trkpt lat="41.540391" lon="2.379757">
        <ele>411.968</ele>
        <time>2025-01-09T12:26:41Z</time>
      </trkpt>
      <trkpt lat="41.540400" lon="2.379793">
        <ele>411.662</ele>
        <time>2025-01-09T12:26:43Z</time>
      </trkpt>
      <trkpt lat="41.540383" lon="2.379843">
        <ele>411.340</ele>
        <time>2025-01-09T12:26:47Z</time>
      </trkpt>
      <trkpt lat="41.540343" lon="2.379883">
        <ele>411.137</ele>
        <time>2025-01-09T12:26:51Z</time>
      </trkpt>
      <trkpt lat="41.540315" lon="2.379933">
        <ele>410.710</ele>
        <time>2025-01-09T12:26:55Z</time>
      </trkpt>
      <trkpt lat="41.540296" lon="2.379963">
        <ele>410.485</ele>
        <time>2025-01-09T12:26:57Z</time>
      </trkpt>
      <trkpt lat="41.540274" lon="2.379988">
        <ele>410.189</ele>
        <time>2025-01-09T12:26:59Z</time>
      </trkpt>
      <trkpt lat="41.540246" lon="2.380033">
        <ele>409.817</ele>
        <time>2025-01-09T12:27:02Z</time>
      </trkpt>
      <trkpt lat="41.540222" lon="2.380094">
        <ele>409.509</ele>
        <time>2025-01-09T12:27:05Z</time>
      </trkpt>
      <trkpt lat="41.540204" lon="2.380160">
        <ele>409.119</ele>
        <time>2025-01-09T12:27:09Z</time>
      </trkpt>
      <trkpt lat="41.540191" lon="2.380196">
        <ele>408.877</ele>
        <time>2025-01-09T12:27:11Z</time>
      </trkpt>
      <trkpt lat="41.540167" lon="2.380259">
        <ele>408.167</ele>
        <time>2025-01-09T12:27:15Z</time>
      </trkpt>
      <trkpt lat="41.540147" lon="2.380326">
        <ele>407.313</ele>
        <time>2025-01-09T12:27:19Z</time>
      </trkpt>
      <trkpt lat="41.540129" lon="2.380357">
        <ele>406.793</ele>
        <time>2025-01-09T12:27:21Z</time>
      </trkpt>
      <trkpt lat="41.540114" lon="2.380391">
        <ele>406.277</ele>
        <time>2025-01-09T12:27:23Z</time>
      </trkpt>
      <trkpt lat="41.540084" lon="2.380442">
        <ele>405.125</ele>
        <time>2025-01-09T12:27:27Z</time>
      </trkpt>
      <trkpt lat="41.540065" lon="2.380489">
        <ele>404.262</ele>
        <time>2025-01-09T12:27:29Z</time>
      </trkpt>
      <trkpt lat="41.540068" lon="2.380538">
        <ele>403.995</ele>
        <time>2025-01-09T12:27:31Z</time>
      </trkpt>
      <trkpt lat="41.540087" lon="2.380577">
        <ele>403.945</ele>
        <time>2025-01-09T12:27:33Z</time>
      </trkpt>
      <trkpt lat="41.540109" lon="2.380600">
        <ele>404.247</ele>
        <time>2025-01-09T12:27:35Z</time>
      </trkpt>
      <trkpt lat="41.540098" lon="2.380636">
        <ele>403.411</ele>
        <time>2025-01-09T12:30:30Z</time>
      </trkpt>
      <trkpt lat="41.540079" lon="2.380690">
        <ele>402.209</ele>
        <time>2025-01-09T12:30:35Z</time>
      </trkpt>
      <trkpt lat="41.540082" lon="2.380759">
        <ele>401.485</ele>
        <time>2025-01-09T12:30:39Z</time>
      </trkpt>
      <trkpt lat="41.540102" lon="2.380826">
        <ele>401.043</ele>
        <time>2025-01-09T12:30:43Z</time>
      </trkpt>
      <trkpt lat="41.540105" lon="2.380894">
        <ele>400.523</ele>
        <time>2025-01-09T12:30:47Z</time>
      </trkpt>
      <trkpt lat="41.540110" lon="2.380933">
        <ele>400.459</ele>
        <time>2025-01-09T12:30:49Z</time>
      </trkpt>
      <trkpt lat="41.540126" lon="2.380969">
        <ele>400.639</ele>
        <time>2025-01-09T12:30:51Z</time>
      </trkpt>
      <trkpt lat="41.540148" lon="2.380998">
        <ele>401.143</ele>
        <time>2025-01-09T12:30:53Z</time>
      </trkpt>
      <trkpt lat="41.540174" lon="2.381026">
        <ele>401.841</ele>
        <time>2025-01-09T12:30:55Z</time>
      </trkpt>
      <trkpt lat="41.540198" lon="2.381051">
        <ele>402.528</ele>
        <time>2025-01-09T12:30:57Z</time>
      </trkpt>
      <trkpt lat="41.540216" lon="2.381083">
        <ele>402.961</ele>
        <time>2025-01-09T12:30:59Z</time>
      </trkpt>
      <trkpt lat="41.540221" lon="2.381155">
        <ele>402.487</ele>
        <time>2025-01-09T12:31:03Z</time>
      </trkpt>
      <trkpt lat="41.540254" lon="2.381211">
        <ele>402.942</ele>
        <time>2025-01-09T12:31:07Z</time>
      </trkpt>
      <trkpt lat="41.540271" lon="2.381285">
        <ele>402.826</ele>
        <time>2025-01-09T12:31:11Z</time>
      </trkpt>
      <trkpt lat="41.540287" lon="2.381322">
        <ele>402.909</ele>
        <time>2025-01-09T12:31:13Z</time>
      </trkpt>
      <trkpt lat="41.540323" lon="2.381367">
        <ele>403.219</ele>
        <time>2025-01-09T12:31:17Z</time>
      </trkpt>
      <trkpt lat="41.540337" lon="2.381400">
        <ele>403.277</ele>
        <time>2025-01-09T12:31:19Z</time>
      </trkpt>
      <trkpt lat="41.540355" lon="2.381434">
        <ele>403.437</ele>
        <time>2025-01-09T12:31:21Z</time>
      </trkpt>
      <trkpt lat="41.540372" lon="2.381466">
        <ele>403.623</ele>
        <time>2025-01-09T12:31:23Z</time>
      </trkpt>
      <trkpt lat="41.540372" lon="2.381503">
        <ele>403.463</ele>
        <time>2025-01-09T12:31:25Z</time>
      </trkpt>
      <trkpt lat="41.540395" lon="2.381561">
        <ele>403.657</ele>
        <time>2025-01-09T12:31:29Z</time>
      </trkpt>
      <trkpt lat="41.540404" lon="2.381636">
        <ele>403.425</ele>
        <time>2025-01-09T12:31:33Z</time>
      </trkpt>
      <trkpt lat="41.540414" lon="2.381673">
        <ele>403.342</ele>
        <time>2025-01-09T12:31:35Z</time>
      </trkpt>
      <trkpt lat="41.540435" lon="2.381696">
        <ele>403.435</ele>
        <time>2025-01-09T12:31:37Z</time>
      </trkpt>
      <trkpt lat="41.540458" lon="2.381720">
        <ele>403.627</ele>
        <time>2025-01-09T12:31:39Z</time>
      </trkpt>
      <trkpt lat="41.540475" lon="2.381755">
        <ele>403.568</ele>
        <time>2025-01-09T12:31:41Z</time>
      </trkpt>
      <trkpt lat="41.540501" lon="2.381820">
        <ele>403.314</ele>
        <time>2025-01-09T12:31:45Z</time>
      </trkpt>
      <trkpt lat="41.540522" lon="2.381849">
        <ele>403.709</ele>
        <time>2025-01-09T12:31:47Z</time>
      </trkpt>
      <trkpt lat="41.540540" lon="2.381880">
        <ele>404.033</ele>
        <time>2025-01-09T12:31:49Z</time>
      </trkpt>
      <trkpt lat="41.540566" lon="2.381903">
        <ele>404.641</ele>
        <time>2025-01-09T12:31:51Z</time>
      </trkpt>
      <trkpt lat="41.540573" lon="2.381972">
        <ele>404.021</ele>
        <time>2025-01-09T12:31:55Z</time>
      </trkpt>
      <trkpt lat="41.540582" lon="2.382012">
        <ele>403.747</ele>
        <time>2025-01-09T12:31:57Z</time>
      </trkpt>
      <trkpt lat="41.540622" lon="2.382059">
        <ele>403.927</ele>
        <time>2025-01-09T12:32:02Z</time>
      </trkpt>
      <trkpt lat="41.540647" lon="2.382083">
        <ele>404.171</ele>
        <time>2025-01-09T12:32:04Z</time>
      </trkpt>
      <trkpt lat="41.540664" lon="2.382136">
        <ele>404.019</ele>
        <time>2025-01-09T12:32:07Z</time>
      </trkpt>
      <trkpt lat="41.540655" lon="2.382173">
        <ele>403.676</ele>
        <time>2025-01-09T12:32:10Z</time>
      </trkpt>
      <trkpt lat="41.540672" lon="2.382203">
        <ele>403.729</ele>
        <time>2025-01-09T12:32:21Z</time>
      </trkpt>
      <trkpt lat="41.540694" lon="2.382230">
        <ele>403.929</ele>
        <time>2025-01-09T12:32:23Z</time>
      </trkpt>
      <trkpt lat="41.540699" lon="2.382281">
        <ele>403.300</ele>
        <time>2025-01-09T12:32:26Z</time>
      </trkpt>
      <trkpt lat="41.540723" lon="2.382310">
        <ele>403.520</ele>
        <time>2025-01-09T12:32:29Z</time>
      </trkpt>
      <trkpt lat="41.540750" lon="2.382343">
        <ele>403.809</ele>
        <time>2025-01-09T12:32:32Z</time>
      </trkpt>
      <trkpt lat="41.540768" lon="2.382392">
        <ele>403.843</ele>
        <time>2025-01-09T12:33:11Z</time>
      </trkpt>
      <trkpt lat="41.540791" lon="2.382450">
        <ele>403.911</ele>
        <time>2025-01-09T12:33:15Z</time>
      </trkpt>
      <trkpt lat="41.540827" lon="2.382489">
        <ele>404.911</ele>
        <time>2025-01-09T12:33:19Z</time>
      </trkpt>
      <trkpt lat="41.540816" lon="2.382557">
        <ele>403.277</ele>
        <time>2025-01-09T12:33:23Z</time>
      </trkpt>
      <trkpt lat="41.540814" lon="2.382597">
        <ele>402.237</ele>
        <time>2025-01-09T12:33:25Z</time>
      </trkpt>
      <trkpt lat="41.540847" lon="2.382632">
        <ele>402.121</ele>
        <time>2025-01-09T12:33:29Z</time>
      </trkpt>
      <trkpt lat="41.540850" lon="2.382701">
        <ele>400.719</ele>
        <time>2025-01-09T12:33:33Z</time>
      </trkpt>
      <trkpt lat="41.540876" lon="2.382725">
        <ele>400.276</ele>
        <time>2025-01-09T12:33:35Z</time>
      </trkpt>
      <trkpt lat="41.540902" lon="2.382743">
        <ele>399.979</ele>
        <time>2025-01-09T12:33:37Z</time>
      </trkpt>
      <trkpt lat="41.540926" lon="2.382771">
        <ele>399.529</ele>
        <time>2025-01-09T12:33:39Z</time>
      </trkpt>
      <trkpt lat="41.540931" lon="2.382808">
        <ele>398.700</ele>
        <time>2025-01-09T12:33:41Z</time>
      </trkpt>
      <trkpt lat="41.540967" lon="2.382825">
        <ele>398.520</ele>
        <time>2025-01-09T12:33:44Z</time>
      </trkpt>
      <trkpt lat="41.541009" lon="2.382879">
        <ele>397.909</ele>
        <time>2025-01-09T12:33:48Z</time>
      </trkpt>
      <trkpt lat="41.541045" lon="2.382911">
        <ele>397.843</ele>
        <time>2025-01-09T12:33:51Z</time>
      </trkpt>
      <trkpt lat="41.541069" lon="2.382965">
        <ele>397.381</ele>
        <time>2025-01-09T12:34:00Z</time>
      </trkpt>
      <trkpt lat="41.541100" lon="2.382965">
        <ele>397.841</ele>
        <time>2025-01-09T12:38:08Z</time>
      </trkpt>
      <trkpt lat="41.541110" lon="2.383007">
        <ele>397.517</ele>
        <time>2025-01-09T12:39:39Z</time>
      </trkpt>
      <trkpt lat="41.541145" lon="2.383039">
        <ele>397.257</ele>
        <time>2025-01-09T12:39:43Z</time>
      </trkpt>
      <trkpt lat="41.541172" lon="2.383053">
        <ele>397.051</ele>
        <time>2025-01-09T12:39:45Z</time>
      </trkpt>
      <trkpt lat="41.541192" lon="2.383081">
        <ele>396.449</ele>
        <time>2025-01-09T12:39:47Z</time>
      </trkpt>
      <trkpt lat="41.541199" lon="2.383133">
        <ele>395.386</ele>
        <time>2025-01-09T12:39:52Z</time>
      </trkpt>
      <trkpt lat="41.541232" lon="2.383174">
        <ele>394.619</ele>
        <time>2025-01-09T12:39:56Z</time>
      </trkpt>
      <trkpt lat="41.541270" lon="2.383215">
        <ele>394.037</ele>
        <time>2025-01-09T12:40:01Z</time>
      </trkpt>
      <trkpt lat="41.541311" lon="2.383223">
        <ele>394.149</ele>
        <time>2025-01-09T12:40:06Z</time>
      </trkpt>
      <trkpt lat="41.541336" lon="2.383244">
        <ele>393.913</ele>
        <time>2025-01-09T12:40:08Z</time>
      </trkpt>
      <trkpt lat="41.541364" lon="2.383263">
        <ele>393.809</ele>
        <time>2025-01-09T12:40:10Z</time>
      </trkpt>
      <trkpt lat="41.541403" lon="2.383256">
        <ele>393.954</ele>
        <time>2025-01-09T12:40:14Z</time>
      </trkpt>
      <trkpt lat="41.541445" lon="2.383283">
        <ele>392.982</ele>
        <time>2025-01-09T12:40:18Z</time>
      </trkpt>
      <trkpt lat="41.541470" lon="2.383328">
        <ele>391.932</ele>
        <time>2025-01-09T12:40:22Z</time>
      </trkpt>
      <trkpt lat="41.541481" lon="2.383364">
        <ele>390.718</ele>
        <time>2025-01-09T12:40:25Z</time>
      </trkpt>
      <trkpt lat="41.541525" lon="2.383388">
        <ele>389.578</ele>
        <time>2025-01-09T12:40:29Z</time>
      </trkpt>
      <trkpt lat="41.541558" lon="2.383377">
        <ele>389.492</ele>
        <time>2025-01-09T12:40:33Z</time>
      </trkpt>
      <trkpt lat="41.541602" lon="2.383396">
        <ele>388.530</ele>
        <time>2025-01-09T12:40:37Z</time>
      </trkpt>
      <trkpt lat="41.541613" lon="2.383459">
        <ele>387.037</ele>
        <time>2025-01-09T12:40:41Z</time>
      </trkpt>
      <trkpt lat="41.541646" lon="2.383520">
        <ele>385.640</ele>
        <time>2025-01-09T12:40:45Z</time>
      </trkpt>
      <trkpt lat="41.541679" lon="2.383572">
        <ele>384.678</ele>
        <time>2025-01-09T12:40:49Z</time>
      </trkpt>
      <trkpt lat="41.541717" lon="2.383571">
        <ele>384.333</ele>
        <time>2025-01-09T12:40:53Z</time>
      </trkpt>
      <trkpt lat="41.541761" lon="2.383566">
        <ele>384.026</ele>
        <time>2025-01-09T12:41:01Z</time>
      </trkpt>
      <trkpt lat="41.541824" lon="2.383587">
        <ele>383.209</ele>
        <time>2025-01-09T12:41:07Z</time>
      </trkpt>
      <trkpt lat="41.541854" lon="2.383572">
        <ele>383.278</ele>
        <time>2025-01-09T12:41:09Z</time>
      </trkpt>
      <trkpt lat="41.541889" lon="2.383592">
        <ele>382.656</ele>
        <time>2025-01-09T12:41:13Z</time>
      </trkpt>
      <trkpt lat="41.541914" lon="2.383607">
        <ele>382.376</ele>
        <time>2025-01-09T12:41:15Z</time>
      </trkpt>
      <trkpt lat="41.541931" lon="2.383640">
        <ele>381.312</ele>
        <time>2025-01-09T12:41:17Z</time>
      </trkpt>
      <trkpt lat="41.541957" lon="2.383655">
        <ele>380.472</ele>
        <time>2025-01-09T12:41:19Z</time>
      </trkpt>
      <trkpt lat="41.541976" lon="2.383709">
        <ele>378.536</ele>
        <time>2025-01-09T12:41:23Z</time>
      </trkpt>
      <trkpt lat="41.542028" lon="2.383724">
        <ele>377.094</ele>
        <time>2025-01-09T12:41:27Z</time>
      </trkpt>
      <trkpt lat="41.542064" lon="2.383751">
        <ele>375.611</ele>
        <time>2025-01-09T12:41:31Z</time>
      </trkpt>
      <trkpt lat="41.542087" lon="2.383777">
        <ele>374.694</ele>
        <time>2025-01-09T12:41:33Z</time>
      </trkpt>
      <trkpt lat="41.542131" lon="2.383806">
        <ele>373.434</ele>
        <time>2025-01-09T12:41:37Z</time>
      </trkpt>
      <trkpt lat="41.542153" lon="2.383861">
        <ele>372.255</ele>
        <time>2025-01-09T12:41:41Z</time>
      </trkpt>
      <trkpt lat="41.542162" lon="2.383898">
        <ele>371.510</ele>
        <time>2025-01-09T12:41:43Z</time>
      </trkpt>
      <trkpt lat="41.542165" lon="2.383937">
        <ele>370.809</ele>
        <time>2025-01-09T12:41:45Z</time>
      </trkpt>
      <trkpt lat="41.542154" lon="2.383975">
        <ele>370.344</ele>
        <time>2025-01-09T12:41:47Z</time>
      </trkpt>
      <trkpt lat="41.542178" lon="2.383993">
        <ele>369.862</ele>
        <time>2025-01-09T12:41:49Z</time>
      </trkpt>
      <trkpt lat="41.542228" lon="2.384009">
        <ele>369.222</ele>
        <time>2025-01-09T12:41:54Z</time>
      </trkpt>
      <trkpt lat="41.542274" lon="2.384018">
        <ele>368.148</ele>
        <time>2025-01-09T12:41:58Z</time>
      </trkpt>
      <trkpt lat="41.542301" lon="2.384040">
        <ele>367.328</ele>
        <time>2025-01-09T12:42:00Z</time>
      </trkpt>
      <trkpt lat="41.542333" lon="2.384078">
        <ele>366.322</ele>
        <time>2025-01-09T12:42:04Z</time>
      </trkpt>
      <trkpt lat="41.542370" lon="2.384117">
        <ele>365.360</ele>
        <time>2025-01-09T12:42:08Z</time>
      </trkpt>
      <trkpt lat="41.542390" lon="2.384144">
        <ele>364.827</ele>
        <time>2025-01-09T12:42:10Z</time>
      </trkpt>
      <trkpt lat="41.542399" lon="2.384225">
        <ele>363.940</ele>
        <time>2025-01-09T12:42:16Z</time>
      </trkpt>
      <trkpt lat="41.542420" lon="2.384253">
        <ele>363.475</ele>
        <time>2025-01-09T12:42:18Z</time>
      </trkpt>
      <trkpt lat="41.542442" lon="2.384318">
        <ele>362.728</ele>
        <time>2025-01-09T12:42:23Z</time>
      </trkpt>
      <trkpt lat="41.542443" lon="2.384375">
        <ele>362.320</ele>
        <time>2025-01-09T12:42:27Z</time>
      </trkpt>
      <trkpt lat="41.542460" lon="2.384433">
        <ele>361.909</ele>
        <time>2025-01-09T12:42:31Z</time>
      </trkpt>
      <trkpt lat="41.542469" lon="2.384488">
        <ele>360.928</ele>
        <time>2025-01-09T12:42:35Z</time>
      </trkpt>
      <trkpt lat="41.542467" lon="2.384543">
        <ele>359.636</ele>
        <time>2025-01-09T12:42:39Z</time>
      </trkpt>
      <trkpt lat="41.542478" lon="2.384604">
        <ele>358.366</ele>
        <time>2025-01-09T12:42:46Z</time>
      </trkpt>
      <trkpt lat="41.542501" lon="2.384644">
        <ele>357.782</ele>
        <time>2025-01-09T12:42:51Z</time>
      </trkpt>
      <trkpt lat="41.542509" lon="2.384695">
        <ele>356.422</ele>
        <time>2025-01-09T12:43:47Z</time>
      </trkpt>
      <trkpt lat="41.542544" lon="2.384742">
        <ele>354.556</ele>
        <time>2025-01-09T12:44:17Z</time>
      </trkpt>
      <trkpt lat="41.542572" lon="2.384815">
        <ele>352.254</ele>
        <time>2025-01-09T12:44:30Z</time>
      </trkpt>
      <trkpt lat="41.542557" lon="2.384853">
        <ele>351.571</ele>
        <time>2025-01-09T12:46:39Z</time>
      </trkpt>
      <trkpt lat="41.542514" lon="2.384845">
        <ele>352.384</ele>
        <time>2025-01-09T12:46:47Z</time>
      </trkpt>
      <trkpt lat="41.542524" lon="2.384899">
        <ele>350.736</ele>
        <time>2025-01-09T12:46:53Z</time>
      </trkpt>
      <trkpt lat="41.542542" lon="2.384951">
        <ele>349.117</ele>
        <time>2025-01-09T12:46:57Z</time>
      </trkpt>
      <trkpt lat="41.542555" lon="2.385006">
        <ele>347.618</ele>
        <time>2025-01-09T12:47:02Z</time>
      </trkpt>
      <trkpt lat="41.542584" lon="2.385053">
        <ele>346.009</ele>
        <time>2025-01-09T12:47:06Z</time>
      </trkpt>
      <trkpt lat="41.542615" lon="2.385096">
        <ele>344.634</ele>
        <time>2025-01-09T12:47:10Z</time>
      </trkpt>
      <trkpt lat="41.542623" lon="2.385158">
        <ele>342.662</ele>
        <time>2025-01-09T12:47:14Z</time>
      </trkpt>
      <trkpt lat="41.542576" lon="2.385129">
        <ele>343.552</ele>
        <time>2025-01-09T12:47:43Z</time>
      </trkpt>
      <trkpt lat="41.542534" lon="2.385101">
        <ele>344.438</ele>
        <time>2025-01-09T12:47:47Z</time>
      </trkpt>
      <trkpt lat="41.542488" lon="2.385097">
        <ele>344.258</ele>
        <time>2025-01-09T12:47:51Z</time>
      </trkpt>
      <trkpt lat="41.542450" lon="2.385080">
        <ele>343.872</ele>
        <time>2025-01-09T12:47:55Z</time>
      </trkpt>
      <trkpt lat="41.542401" lon="2.385063">
        <ele>343.280</ele>
        <time>2025-01-09T12:47:59Z</time>
      </trkpt>
      <trkpt lat="41.542359" lon="2.385036">
        <ele>343.197</ele>
        <time>2025-01-09T12:48:03Z</time>
      </trkpt>
      <trkpt lat="41.542306" lon="2.385005">
        <ele>342.930</ele>
        <time>2025-01-09T12:48:07Z</time>
      </trkpt>
      <trkpt lat="41.542278" lon="2.384968">
        <ele>343.527</ele>
        <time>2025-01-09T12:48:11Z</time>
      </trkpt>
      <trkpt lat="41.542242" lon="2.384936">
        <ele>343.868</ele>
        <time>2025-01-09T12:48:17Z</time>
      </trkpt>
      <trkpt lat="41.542224" lon="2.384907">
        <ele>344.414</ele>
        <time>2025-01-09T12:48:20Z</time>
      </trkpt>
      <trkpt lat="41.542186" lon="2.384899">
        <ele>343.009</ele>
        <time>2025-01-09T12:48:22Z</time>
      </trkpt>
      <trkpt lat="41.542155" lon="2.384871">
        <ele>342.763</ele>
        <time>2025-01-09T12:48:24Z</time>
      </trkpt>
      <trkpt lat="41.542130" lon="2.384847">
        <ele>342.681</ele>
        <time>2025-01-09T12:48:26Z</time>
      </trkpt>
      <trkpt lat="41.542072" lon="2.384839">
        <ele>340.411</ele>
        <time>2025-01-09T12:48:30Z</time>
      </trkpt>
      <trkpt lat="41.542050" lon="2.384819">
        <ele>340.317</ele>
        <time>2025-01-09T12:48:32Z</time>
      </trkpt>
      <trkpt lat="41.542011" lon="2.384785">
        <ele>340.067</ele>
        <time>2025-01-09T12:48:36Z</time>
      </trkpt>
      <trkpt lat="41.541965" lon="2.384754">
        <ele>339.591</ele>
        <time>2025-01-09T12:48:40Z</time>
      </trkpt>
      <trkpt lat="41.541931" lon="2.384731">
        <ele>338.929</ele>
        <time>2025-01-09T12:48:43Z</time>
      </trkpt>
      <trkpt lat="41.541891" lon="2.384714">
        <ele>337.586</ele>
        <time>2025-01-09T12:48:46Z</time>
      </trkpt>
      <trkpt lat="41.541853" lon="2.384676">
        <ele>337.689</ele>
        <time>2025-01-09T12:48:50Z</time>
      </trkpt>
      <trkpt lat="41.541804" lon="2.384648">
        <ele>336.785</ele>
        <time>2025-01-09T12:48:54Z</time>
      </trkpt>
      <trkpt lat="41.541766" lon="2.384600">
        <ele>337.889</ele>
        <time>2025-01-09T12:48:58Z</time>
      </trkpt>
      <trkpt lat="41.541743" lon="2.384579">
        <ele>338.117</ele>
        <time>2025-01-09T12:49:00Z</time>
      </trkpt>
      <trkpt lat="41.541709" lon="2.384567">
        <ele>337.409</ele>
        <time>2025-01-09T12:49:02Z</time>
      </trkpt>
      <trkpt lat="41.541671" lon="2.384561">
        <ele>336.219</ele>
        <time>2025-01-09T12:49:06Z</time>
      </trkpt>
      <trkpt lat="41.541640" lon="2.384557">
        <ele>335.247</ele>
        <time>2025-01-09T12:49:08Z</time>
      </trkpt>
      <trkpt lat="41.541610" lon="2.384538">
        <ele>335.347</ele>
        <time>2025-01-09T12:49:10Z</time>
      </trkpt>
      <trkpt lat="41.541581" lon="2.384514">
        <ele>335.793</ele>
        <time>2025-01-09T12:49:12Z</time>
      </trkpt>
      <trkpt lat="41.541538" lon="2.384502">
        <ele>334.793</ele>
        <time>2025-01-09T12:49:16Z</time>
      </trkpt>
      <trkpt lat="41.541488" lon="2.384514">
        <ele>331.877</ele>
        <time>2025-01-09T12:49:20Z</time>
      </trkpt>
      <trkpt lat="41.541448" lon="2.384536">
        <ele>328.855</ele>
        <time>2025-01-09T12:49:23Z</time>
      </trkpt>
      <trkpt lat="41.541419" lon="2.384536">
        <ele>327.612</ele>
        <time>2025-01-09T12:49:25Z</time>
      </trkpt>
      <trkpt lat="41.541373" lon="2.384527">
        <ele>326.845</ele>
        <time>2025-01-09T12:49:28Z</time>
      </trkpt>
      <trkpt lat="41.541347" lon="2.384538">
        <ele>325.969</ele>
        <time>2025-01-09T12:49:30Z</time>
      </trkpt>
      <trkpt lat="41.541301" lon="2.384543">
        <ele>325.104</ele>
        <time>2025-01-09T12:49:34Z</time>
      </trkpt>
      <trkpt lat="41.541258" lon="2.384544">
        <ele>324.724</ele>
        <time>2025-01-09T12:49:37Z</time>
      </trkpt>
      <trkpt lat="41.541231" lon="2.384555">
        <ele>323.809</ele>
        <time>2025-01-09T12:49:39Z</time>
      </trkpt>
      <trkpt lat="41.541201" lon="2.384546">
        <ele>324.027</ele>
        <time>2025-01-09T12:49:41Z</time>
      </trkpt>
      <trkpt lat="41.541172" lon="2.384537">
        <ele>324.315</ele>
        <time>2025-01-09T12:49:43Z</time>
      </trkpt>
      <trkpt lat="41.541114" lon="2.384530">
        <ele>324.115</ele>
        <time>2025-01-09T12:49:47Z</time>
      </trkpt>
      <trkpt lat="41.541064" lon="2.384530">
        <ele>324.961</ele>
        <time>2025-01-09T12:49:50Z</time>
      </trkpt>
      <trkpt lat="41.541035" lon="2.384530">
        <ele>325.331</ele>
        <time>2025-01-09T12:49:52Z</time>
      </trkpt>
      <trkpt lat="41.541007" lon="2.384526">
        <ele>326.015</ele>
        <time>2025-01-09T12:49:54Z</time>
      </trkpt>
      <trkpt lat="41.540976" lon="2.384525">
        <ele>326.683</ele>
        <time>2025-01-09T12:49:56Z</time>
      </trkpt>
      <trkpt lat="41.540934" lon="2.384536">
        <ele>326.740</ele>
        <time>2025-01-09T12:50:00Z</time>
      </trkpt>
      <trkpt lat="41.540904" lon="2.384543">
        <ele>326.893</ele>
        <time>2025-01-09T12:50:02Z</time>
      </trkpt>
      <trkpt lat="41.540878" lon="2.384549">
        <ele>327.072</ele>
        <time>2025-01-09T12:50:04Z</time>
      </trkpt>
      <trkpt lat="41.540855" lon="2.384575">
        <ele>326.013</ele>
        <time>2025-01-09T12:50:06Z</time>
      </trkpt>
      <trkpt lat="41.540828" lon="2.384591">
        <ele>325.614</ele>
        <time>2025-01-09T12:50:08Z</time>
      </trkpt>
      <trkpt lat="41.540798" lon="2.384591">
        <ele>325.209</ele>
        <time>2025-01-09T12:50:10Z</time>
      </trkpt>
      <trkpt lat="41.540765" lon="2.384596">
        <ele>324.658</ele>
        <time>2025-01-09T12:50:12Z</time>
      </trkpt>
      <trkpt lat="41.540734" lon="2.384612">
        <ele>323.446</ele>
        <time>2025-01-09T12:50:14Z</time>
      </trkpt>
      <trkpt lat="41.540711" lon="2.384638">
        <ele>321.856</ele>
        <time>2025-01-09T12:50:16Z</time>
      </trkpt>
      <trkpt lat="41.540683" lon="2.384646">
        <ele>321.092</ele>
        <time>2025-01-09T12:50:18Z</time>
      </trkpt>
      <trkpt lat="41.540654" lon="2.384644">
        <ele>320.722</ele>
        <time>2025-01-09T12:50:20Z</time>
      </trkpt>
      <trkpt lat="41.540608" lon="2.384673">
        <ele>318.576</ele>
        <time>2025-01-09T12:50:24Z</time>
      </trkpt>
      <trkpt lat="41.540582" lon="2.384694">
        <ele>317.094</ele>
        <time>2025-01-09T12:50:26Z</time>
      </trkpt>
      <trkpt lat="41.540555" lon="2.384700">
        <ele>316.361</ele>
        <time>2025-01-09T12:50:28Z</time>
      </trkpt>
      <trkpt lat="41.540508" lon="2.384712">
        <ele>315.234</ele>
        <time>2025-01-09T12:50:32Z</time>
      </trkpt>
      <trkpt lat="41.540458" lon="2.384721">
        <ele>314.433</ele>
        <time>2025-01-09T12:50:36Z</time>
      </trkpt>
      <trkpt lat="41.540402" lon="2.384727">
        <ele>313.723</ele>
        <time>2025-01-09T12:50:40Z</time>
      </trkpt>
      <trkpt lat="41.540373" lon="2.384727">
        <ele>313.515</ele>
        <time>2025-01-09T12:50:42Z</time>
      </trkpt>
      <trkpt lat="41.540326" lon="2.384741">
        <ele>312.809</ele>
        <time>2025-01-09T12:50:46Z</time>
      </trkpt>
      <trkpt lat="41.540272" lon="2.384752">
        <ele>312.114</ele>
        <time>2025-01-09T12:50:50Z</time>
      </trkpt>
      <trkpt lat="41.540232" lon="2.384786">
        <ele>311.282</ele>
        <time>2025-01-09T12:50:54Z</time>
      </trkpt>
      <trkpt lat="41.540195" lon="2.384818">
        <ele>310.332</ele>
        <time>2025-01-09T12:50:58Z</time>
      </trkpt>
      <trkpt lat="41.540147" lon="2.384854">
        <ele>309.488</ele>
        <time>2025-01-09T12:51:02Z</time>
      </trkpt>
      <trkpt lat="41.540110" lon="2.384875">
        <ele>308.938</ele>
        <time>2025-01-09T12:51:04Z</time>
      </trkpt>
      <trkpt lat="41.540081" lon="2.384881">
        <ele>308.812</ele>
        <time>2025-01-09T12:51:06Z</time>
      </trkpt>
      <trkpt lat="41.540048" lon="2.384887">
        <ele>308.780</ele>
        <time>2025-01-09T12:51:08Z</time>
      </trkpt>
      <trkpt lat="41.540024" lon="2.384904">
        <ele>308.477</ele>
        <time>2025-01-09T12:51:10Z</time>
      </trkpt>
      <trkpt lat="41.539978" lon="2.384944">
        <ele>307.990</ele>
        <time>2025-01-09T12:51:14Z</time>
      </trkpt>
      <trkpt lat="41.539938" lon="2.384992">
        <ele>307.732</ele>
        <time>2025-01-09T12:51:17Z</time>
      </trkpt>
      <trkpt lat="41.539917" lon="2.385021">
        <ele>307.892</ele>
        <time>2025-01-09T12:51:19Z</time>
      </trkpt>
      <trkpt lat="41.539890" lon="2.385046">
        <ele>308.211</ele>
        <time>2025-01-09T12:51:22Z</time>
      </trkpt>
      <trkpt lat="41.539865" lon="2.385070">
        <ele>308.509</ele>
        <time>2025-01-09T12:51:25Z</time>
      </trkpt>
      <trkpt lat="41.539826" lon="2.385101">
        <ele>309.234</ele>
        <time>2025-01-09T12:52:08Z</time>
      </trkpt>
      <trkpt lat="41.539777" lon="2.385081">
        <ele>310.772</ele>
        <time>2025-01-09T12:52:26Z</time>
      </trkpt>
      <trkpt lat="41.539747" lon="2.385047">
        <ele>311.912</ele>
        <time>2025-01-09T12:52:31Z</time>
      </trkpt>
      <trkpt lat="41.539706" lon="2.385023">
        <ele>313.188</ele>
        <time>2025-01-09T12:52:36Z</time>
      </trkpt>
      <trkpt lat="41.539661" lon="2.384986">
        <ele>314.298</ele>
        <time>2025-01-09T12:52:41Z</time>
      </trkpt>
      <trkpt lat="41.539619" lon="2.384961">
        <ele>314.982</ele>
        <time>2025-01-09T12:52:46Z</time>
      </trkpt>
      <trkpt lat="41.539582" lon="2.384952">
        <ele>315.560</ele>
        <time>2025-01-09T12:52:50Z</time>
      </trkpt>
      <trkpt lat="41.539555" lon="2.384924">
        <ele>315.967</ele>
        <time>2025-01-09T12:52:54Z</time>
      </trkpt>
      <trkpt lat="41.539520" lon="2.384910">
        <ele>316.330</ele>
        <time>2025-01-09T12:52:56Z</time>
      </trkpt>
      <trkpt lat="41.539501" lon="2.384899">
        <ele>316.627</ele>
        <time>2025-01-09T12:52:59Z</time>
      </trkpt>
      <trkpt lat="41.539468" lon="2.384920">
        <ele>317.168</ele>
        <time>2025-01-09T12:53:05Z</time>
      </trkpt>
      <trkpt lat="41.539463" lon="2.384982">
        <ele>317.614</ele>
        <time>2025-01-09T12:53:27Z</time>
      </trkpt>
      <trkpt lat="41.539461" lon="2.385029">
        <ele>318.009</ele>
        <time>2025-01-09T12:54:11Z</time>
      </trkpt>
      <trkpt lat="41.539464" lon="2.385075">
        <ele>318.373</ele>
        <time>2025-01-09T12:54:13Z</time>
      </trkpt>
      <trkpt lat="41.539470" lon="2.385125">
        <ele>318.691</ele>
        <time>2025-01-09T12:54:15Z</time>
      </trkpt>
      <trkpt lat="41.539471" lon="2.385168">
        <ele>319.011</ele>
        <time>2025-01-09T12:54:17Z</time>
      </trkpt>
      <trkpt lat="41.539471" lon="2.385221">
        <ele>319.577</ele>
        <time>2025-01-09T12:54:19Z</time>
      </trkpt>
      <trkpt lat="41.539459" lon="2.385272">
        <ele>320.417</ele>
        <time>2025-01-09T12:54:23Z</time>
      </trkpt>
      <trkpt lat="41.539456" lon="2.385332">
        <ele>320.781</ele>
        <time>2025-01-09T12:54:27Z</time>
      </trkpt>
      <trkpt lat="41.539448" lon="2.385396">
        <ele>321.359</ele>
        <time>2025-01-09T12:54:31Z</time>
      </trkpt>
      <trkpt lat="41.539434" lon="2.385485">
        <ele>322.026</ele>
        <time>2025-01-09T12:54:37Z</time>
      </trkpt>
      <trkpt lat="41.539422" lon="2.385547">
        <ele>322.699</ele>
        <time>2025-01-09T12:54:41Z</time>
      </trkpt>
      <trkpt lat="41.539417" lon="2.385587">
        <ele>322.776</ele>
        <time>2025-01-09T12:54:43Z</time>
      </trkpt>
      <trkpt lat="41.539408" lon="2.385623">
        <ele>322.990</ele>
        <time>2025-01-09T12:54:45Z</time>
      </trkpt>
      <trkpt lat="41.539389" lon="2.385692">
        <ele>323.319</ele>
        <time>2025-01-09T12:54:49Z</time>
      </trkpt>
      <trkpt lat="41.539371" lon="2.385735">
        <ele>323.809</ele>
        <time>2025-01-09T12:54:51Z</time>
      </trkpt>
      <trkpt lat="41.539349" lon="2.385800">
        <ele>324.588</ele>
        <time>2025-01-09T12:54:54Z</time>
      </trkpt>
      <trkpt lat="41.539321" lon="2.385867">
        <ele>325.076</ele>
        <time>2025-01-09T12:54:58Z</time>
      </trkpt>
      <trkpt lat="41.539294" lon="2.385922">
        <ele>325.196</ele>
        <time>2025-01-09T12:55:02Z</time>
      </trkpt>
      <trkpt lat="41.539259" lon="2.385961">
        <ele>325.882</ele>
        <time>2025-01-09T12:55:08Z</time>
      </trkpt>
      <trkpt lat="41.539223" lon="2.385987">
        <ele>326.862</ele>
        <time>2025-01-09T12:55:12Z</time>
      </trkpt>
      <trkpt lat="41.539202" lon="2.386016">
        <ele>327.136</ele>
        <time>2025-01-09T12:55:14Z</time>
      </trkpt>
      <trkpt lat="41.539177" lon="2.386043">
        <ele>327.664</ele>
        <time>2025-01-09T12:55:16Z</time>
      </trkpt>
      <trkpt lat="41.539141" lon="2.386103">
        <ele>327.651</ele>
        <time>2025-01-09T12:55:20Z</time>
      </trkpt>
      <trkpt lat="41.539113" lon="2.386141">
        <ele>327.614</ele>
        <time>2025-01-09T12:55:24Z</time>
      </trkpt>
      <trkpt lat="41.539083" lon="2.386192">
        <ele>327.677</ele>
        <time>2025-01-09T12:55:25Z</time>
      </trkpt>
      <trkpt lat="41.539062" lon="2.386223">
        <ele>327.761</ele>
        <time>2025-01-09T12:55:27Z</time>
      </trkpt>
      <trkpt lat="41.539035" lon="2.386257">
        <ele>328.027</ele>
        <time>2025-01-09T12:55:29Z</time>
      </trkpt>
      <trkpt lat="41.539012" lon="2.386288">
        <ele>328.309</ele>
        <time>2025-01-09T12:55:31Z</time>
      </trkpt>
      <trkpt lat="41.538984" lon="2.386355">
        <ele>328.588</ele>
        <time>2025-01-09T12:55:35Z</time>
      </trkpt>
      <trkpt lat="41.538959" lon="2.386377">
        <ele>329.196</ele>
        <time>2025-01-09T12:55:37Z</time>
      </trkpt>
      <trkpt lat="41.538940" lon="2.386415">
        <ele>329.586</ele>
        <time>2025-01-09T12:55:38Z</time>
      </trkpt>
      <trkpt lat="41.538924" lon="2.386449">
        <ele>329.982</ele>
        <time>2025-01-09T12:55:40Z</time>
      </trkpt>
      <trkpt lat="41.538906" lon="2.386478">
        <ele>330.482</ele>
        <time>2025-01-09T12:55:42Z</time>
      </trkpt>
      <trkpt lat="41.538892" lon="2.386509">
        <ele>330.936</ele>
        <time>2025-01-09T12:55:44Z</time>
      </trkpt>
      <trkpt lat="41.538873" lon="2.386535">
        <ele>331.434</ele>
        <time>2025-01-09T12:55:46Z</time>
      </trkpt>
      <trkpt lat="41.538857" lon="2.386569">
        <ele>331.931</ele>
        <time>2025-01-09T12:55:48Z</time>
      </trkpt>
      <trkpt lat="41.538823" lon="2.386600">
        <ele>332.844</ele>
        <time>2025-01-09T12:55:52Z</time>
      </trkpt>
      <trkpt lat="41.538778" lon="2.386644">
        <ele>334.267</ele>
        <time>2025-01-09T12:55:55Z</time>
      </trkpt>
      <trkpt lat="41.538761" lon="2.386673">
        <ele>334.681</ele>
        <time>2025-01-09T12:55:57Z</time>
      </trkpt>
      <trkpt lat="41.538736" lon="2.386704">
        <ele>335.219</ele>
        <time>2025-01-09T12:55:59Z</time>
      </trkpt>
      <trkpt lat="41.538709" lon="2.386733">
        <ele>336.009</ele>
        <time>2025-01-09T12:56:01Z</time>
      </trkpt>
      <trkpt lat="41.538690" lon="2.386766">
        <ele>336.637</ele>
        <time>2025-01-09T12:56:08Z</time>
      </trkpt>
      <trkpt lat="41.538690" lon="2.386825">
        <ele>336.535</ele>
        <time>2025-01-09T12:56:12Z</time>
      </trkpt>
      <trkpt lat="41.538692" lon="2.386891">
        <ele>336.385</ele>
        <time>2025-01-09T12:56:16Z</time>
      </trkpt>
      <trkpt lat="41.538672" lon="2.386922">
        <ele>337.281</ele>
        <time>2025-01-09T12:56:22Z</time>
      </trkpt>
      <trkpt lat="41.538642" lon="2.386963">
        <ele>338.541</ele>
        <time>2025-01-09T12:56:29Z</time>
      </trkpt>
      <trkpt lat="41.538621" lon="2.387011">
        <ele>339.345</ele>
        <time>2025-01-09T12:56:37Z</time>
      </trkpt>
      <trkpt lat="41.538617" lon="2.387030">
        <ele>339.473</ele>
        <time>2025-01-09T12:56:54Z</time>
      </trkpt>
      <trkpt lat="41.538603" lon="2.387056">
        <ele>340.070</ele>
        <time>2025-01-09T12:56:58Z</time>
      </trkpt>
      <trkpt lat="41.538587" lon="2.387073">
        <ele>340.783</ele>
        <time>2025-01-09T12:57:00Z</time>
      </trkpt>
      <trkpt lat="41.538568" lon="2.387095">
        <ele>341.714</ele>
        <time>2025-01-09T12:57:03Z</time>
      </trkpt>
      <trkpt lat="41.538548" lon="2.387120">
        <ele>342.754</ele>
        <time>2025-01-09T12:57:06Z</time>
      </trkpt>
      <trkpt lat="41.538526" lon="2.387143">
        <ele>344.009</ele>
        <time>2025-01-09T12:57:10Z</time>
      </trkpt>
      <trkpt lat="41.538501" lon="2.387163">
        <ele>345.409</ele>
        <time>2025-01-09T12:57:13Z</time>
      </trkpt>
      <trkpt lat="41.538481" lon="2.387177">
        <ele>346.722</ele>
        <time>2025-01-09T12:57:15Z</time>
      </trkpt>
      <trkpt lat="41.538468" lon="2.387205">
        <ele>347.660</ele>
        <time>2025-01-09T12:57:17Z</time>
      </trkpt>
      <trkpt lat="41.538456" lon="2.387238">
        <ele>348.340</ele>
        <time>2025-01-09T12:57:23Z</time>
      </trkpt>
      <trkpt lat="41.538451" lon="2.387269">
        <ele>348.496</ele>
        <time>2025-01-09T12:57:32Z</time>
      </trkpt>
      <trkpt lat="41.538436" lon="2.387301">
        <ele>349.066</ele>
        <time>2025-01-09T12:57:38Z</time>
      </trkpt>
      <trkpt lat="41.538423" lon="2.387333">
        <ele>349.490</ele>
        <time>2025-01-09T12:57:44Z</time>
      </trkpt>
      <trkpt lat="41.538413" lon="2.387369">
        <ele>349.758</ele>
        <time>2025-01-09T12:57:48Z</time>
      </trkpt>
      <trkpt lat="41.538406" lon="2.387402">
        <ele>349.815</ele>
        <time>2025-01-09T12:57:52Z</time>
      </trkpt>
      <trkpt lat="41.538409" lon="2.387442">
        <ele>349.278</ele>
        <time>2025-01-09T12:57:56Z</time>
      </trkpt>
      <trkpt lat="41.538407" lon="2.387476">
        <ele>349.088</ele>
        <time>2025-01-09T12:57:59Z</time>
      </trkpt>
      <trkpt lat="41.538392" lon="2.387512">
        <ele>349.324</ele>
        <time>2025-01-09T12:58:03Z</time>
      </trkpt>
      <trkpt lat="41.538381" lon="2.387549">
        <ele>349.126</ele>
        <time>2025-01-09T12:58:06Z</time>
      </trkpt>
      <trkpt lat="41.538376" lon="2.387576">
        <ele>348.709</ele>
        <time>2025-01-09T12:58:08Z</time>
      </trkpt>
      <trkpt lat="41.538364" lon="2.387618">
        <ele>348.399</ele>
        <time>2025-01-09T12:58:11Z</time>
      </trkpt>
      <trkpt lat="41.538351" lon="2.387649">
        <ele>348.377</ele>
        <time>2025-01-09T12:58:14Z</time>
      </trkpt>
      <trkpt lat="41.538339" lon="2.387687">
        <ele>348.097</ele>
        <time>2025-01-09T12:58:18Z</time>
      </trkpt>
      <trkpt lat="41.538331" lon="2.387726">
        <ele>347.483</ele>
        <time>2025-01-09T12:58:21Z</time>
      </trkpt>
      <trkpt lat="41.538315" lon="2.387759">
        <ele>347.263</ele>
        <time>2025-01-09T12:58:24Z</time>
      </trkpt>
      <trkpt lat="41.538296" lon="2.387797">
        <ele>346.687</ele>
        <time>2025-01-09T12:58:27Z</time>
      </trkpt>
      <trkpt lat="41.538285" lon="2.387819">
        <ele>346.195</ele>
        <time>2025-01-09T12:58:29Z</time>
      </trkpt>
      <trkpt lat="41.538273" lon="2.387839">
        <ele>345.692</ele>
        <time>2025-01-09T12:58:31Z</time>
      </trkpt>
      <trkpt lat="41.538264" lon="2.387863">
        <ele>344.875</ele>
        <time>2025-01-09T12:58:33Z</time>
      </trkpt>
      <trkpt lat="41.538251" lon="2.387882">
        <ele>344.472</ele>
        <time>2025-01-09T12:58:34Z</time>
      </trkpt>
      <trkpt lat="41.538231" lon="2.387909">
        <ele>343.913</ele>
        <time>2025-01-09T12:58:38Z</time>
      </trkpt>
      <trkpt lat="41.538206" lon="2.387935">
        <ele>343.514</ele>
        <time>2025-01-09T12:58:43Z</time>
      </trkpt>
      <trkpt lat="41.538185" lon="2.387962">
        <ele>342.909</ele>
        <time>2025-01-09T12:58:46Z</time>
      </trkpt>
      <trkpt lat="41.538162" lon="2.387997">
        <ele>341.968</ele>
        <time>2025-01-09T12:58:49Z</time>
      </trkpt>
      <trkpt lat="41.538146" lon="2.388011">
        <ele>341.616</ele>
        <time>2025-01-09T12:58:52Z</time>
      </trkpt>
      <trkpt lat="41.538129" lon="2.388025">
        <ele>341.476</ele>
        <time>2025-01-09T12:58:54Z</time>
      </trkpt>
      <trkpt lat="41.538111" lon="2.388039">
        <ele>341.352</ele>
        <time>2025-01-09T12:58:57Z</time>
      </trkpt>
      <trkpt lat="41.538091" lon="2.388052">
        <ele>341.282</ele>
        <time>2025-01-09T12:59:01Z</time>
      </trkpt>
      <trkpt lat="41.538058" lon="2.388066">
        <ele>341.486</ele>
        <time>2025-01-09T12:59:07Z</time>
      </trkpt>
      <trkpt lat="41.538025" lon="2.388064">
        <ele>341.914</ele>
        <time>2025-01-09T12:59:16Z</time>
      </trkpt>
      <trkpt lat="41.538007" lon="2.388057">
        <ele>342.441</ele>
        <time>2025-01-09T12:59:20Z</time>
      </trkpt>
      <trkpt lat="41.537988" lon="2.388054">
        <ele>342.894</ele>
        <time>2025-01-09T12:59:23Z</time>
      </trkpt>
      <trkpt lat="41.537958" lon="2.388046">
        <ele>343.647</ele>
        <time>2025-01-09T12:59:29Z</time>
      </trkpt>
      <trkpt lat="41.537930" lon="2.388042">
        <ele>344.229</ele>
        <time>2025-01-09T12:59:35Z</time>
      </trkpt>
      <trkpt lat="41.537905" lon="2.388028">
        <ele>345.321</ele>
        <time>2025-01-09T12:59:42Z</time>
      </trkpt>
      <trkpt lat="41.537881" lon="2.387996">
        <ele>347.509</ele>
        <time>2025-01-09T12:59:48Z</time>
      </trkpt>
      <trkpt lat="41.537867" lon="2.387978">
        <ele>348.835</ele>
        <time>2025-01-09T12:59:51Z</time>
      </trkpt>
      <trkpt lat="41.537841" lon="2.387955">
        <ele>350.613</ele>
        <time>2025-01-09T13:00:05Z</time>
      </trkpt>
      <trkpt lat="41.537815" lon="2.387937">
        <ele>352.173</ele>
        <time>2025-01-09T13:00:12Z</time>
      </trkpt>
      <trkpt lat="41.537788" lon="2.387920">
        <ele>353.679</ele>
        <time>2025-01-09T13:00:19Z</time>
      </trkpt>
      <trkpt lat="41.537765" lon="2.387904">
        <ele>354.859</ele>
        <time>2025-01-09T13:00:25Z</time>
      </trkpt>
      <trkpt lat="41.537735" lon="2.387893">
        <ele>355.673</ele>
        <time>2025-01-09T13:00:30Z</time>
      </trkpt>
      <trkpt lat="41.537710" lon="2.387882">
        <ele>356.351</ele>
        <time>2025-01-09T13:00:38Z</time>
      </trkpt>
      <trkpt lat="41.537687" lon="2.387876">
        <ele>356.798</ele>
        <time>2025-01-09T13:00:42Z</time>
      </trkpt>
      <trkpt lat="41.537670" lon="2.387861">
        <ele>357.841</ele>
        <time>2025-01-09T13:00:47Z</time>
      </trkpt>
      <trkpt lat="41.537651" lon="2.387852">
        <ele>358.411</ele>
        <time>2025-01-09T13:00:53Z</time>
      </trkpt>
      <trkpt lat="41.537630" lon="2.387842">
        <ele>359.121</ele>
        <time>2025-01-09T13:01:00Z</time>
      </trkpt>
      <trkpt lat="41.537612" lon="2.387835">
        <ele>359.603</ele>
        <time>2025-01-09T13:01:05Z</time>
      </trkpt>
      <trkpt lat="41.537589" lon="2.387822">
        <ele>360.609</ele>
        <time>2025-01-09T13:01:11Z</time>
      </trkpt>
      <trkpt lat="41.537570" lon="2.387800">
        <ele>362.282</ele>
        <time>2025-01-09T13:01:14Z</time>
      </trkpt>
      <trkpt lat="41.537546" lon="2.387792">
        <ele>362.860</ele>
        <time>2025-01-09T13:01:19Z</time>
      </trkpt>
      <trkpt lat="41.537517" lon="2.387778">
        <ele>363.960</ele>
        <time>2025-01-09T13:01:29Z</time>
      </trkpt>
      <trkpt lat="41.537500" lon="2.387767">
        <ele>364.346</ele>
        <time>2025-01-09T13:01:31Z</time>
      </trkpt>
      <trkpt lat="41.537467" lon="2.387749">
        <ele>364.436</ele>
        <time>2025-01-09T13:01:37Z</time>
      </trkpt>
      <trkpt lat="41.537438" lon="2.387728">
        <ele>364.590</ele>
        <time>2025-01-09T13:01:42Z</time>
      </trkpt>
      <trkpt lat="41.537416" lon="2.387716">
        <ele>364.688</ele>
        <time>2025-01-09T13:01:46Z</time>
      </trkpt>
      <trkpt lat="41.537390" lon="2.387713">
        <ele>364.295</ele>
        <time>2025-01-09T13:01:49Z</time>
      </trkpt>
      <trkpt lat="41.537365" lon="2.387711">
        <ele>363.998</ele>
        <time>2025-01-09T13:01:53Z</time>
      </trkpt>
      <trkpt lat="41.537341" lon="2.387699">
        <ele>363.973</ele>
        <time>2025-01-09T13:01:56Z</time>
      </trkpt>
      <trkpt lat="41.537309" lon="2.387676">
        <ele>364.185</ele>
        <time>2025-01-09T13:01:59Z</time>
      </trkpt>
      <trkpt lat="41.537290" lon="2.387670">
        <ele>364.013</ele>
        <time>2025-01-09T13:02:02Z</time>
      </trkpt>
      <trkpt lat="41.537265" lon="2.387663">
        <ele>363.809</ele>
        <time>2025-01-09T13:02:06Z</time>
      </trkpt>
      <trkpt lat="41.537246" lon="2.387646">
        <ele>364.148</ele>
        <time>2025-01-09T13:02:09Z</time>
      </trkpt>
      <trkpt lat="41.537221" lon="2.387634">
        <ele>364.146</ele>
        <time>2025-01-09T13:02:15Z</time>
      </trkpt>
      <trkpt lat="41.537197" lon="2.387622">
        <ele>363.256</ele>
        <time>2025-01-09T13:02:19Z</time>
      </trkpt>
      <trkpt lat="41.537170" lon="2.387604">
        <ele>362.222</ele>
        <time>2025-01-09T13:02:22Z</time>
      </trkpt>
      <trkpt lat="41.537147" lon="2.387589">
        <ele>361.532</ele>
        <time>2025-01-09T13:02:26Z</time>
      </trkpt>
      <trkpt lat="41.537131" lon="2.387577">
        <ele>361.016</ele>
        <time>2025-01-09T13:02:30Z</time>
      </trkpt>
      <trkpt lat="41.537113" lon="2.387547">
        <ele>361.094</ele>
        <time>2025-01-09T13:02:34Z</time>
      </trkpt>
      <trkpt lat="41.537094" lon="2.387522">
        <ele>360.881</ele>
        <time>2025-01-09T13:02:43Z</time>
      </trkpt>
      <trkpt lat="41.537078" lon="2.387487">
        <ele>360.724</ele>
        <time>2025-01-09T13:02:49Z</time>
      </trkpt>
      <trkpt lat="41.537064" lon="2.387453">
        <ele>360.165</ele>
        <time>2025-01-09T13:02:52Z</time>
      </trkpt>
      <trkpt lat="41.537060" lon="2.387401">
        <ele>360.068</ele>
        <time>2025-01-09T13:03:09Z</time>
      </trkpt>
      <trkpt lat="41.537063" lon="2.387372">
        <ele>360.314</ele>
        <time>2025-01-09T13:03:12Z</time>
      </trkpt>
      <trkpt lat="41.537064" lon="2.387337">
        <ele>360.509</ele>
        <time>2025-01-09T13:03:15Z</time>
      </trkpt>
      <trkpt lat="41.537073" lon="2.387296">
        <ele>361.137</ele>
        <time>2025-01-09T13:03:21Z</time>
      </trkpt>
      <trkpt lat="41.537089" lon="2.387263">
        <ele>362.225</ele>
        <time>2025-01-09T13:03:25Z</time>
      </trkpt>
      <trkpt lat="41.537104" lon="2.387234">
        <ele>363.135</ele>
        <time>2025-01-09T13:03:33Z</time>
      </trkpt>
      <trkpt lat="41.537117" lon="2.387196">
        <ele>363.371</ele>
        <time>2025-01-09T13:03:36Z</time>
      </trkpt>
      <trkpt lat="41.537136" lon="2.387170">
        <ele>363.781</ele>
        <time>2025-01-09T13:03:40Z</time>
      </trkpt>
      <trkpt lat="41.537154" lon="2.387142">
        <ele>364.055</ele>
        <time>2025-01-09T13:03:47Z</time>
      </trkpt>
      <trkpt lat="41.537175" lon="2.387116">
        <ele>364.693</ele>
        <time>2025-01-09T13:03:55Z</time>
      </trkpt>
      <trkpt lat="41.537195" lon="2.387096">
        <ele>365.370</ele>
        <time>2025-01-09T13:04:02Z</time>
      </trkpt>
      <trkpt lat="41.537218" lon="2.387074">
        <ele>366.033</ele>
        <time>2025-01-09T13:04:05Z</time>
      </trkpt>
      <trkpt lat="41.537242" lon="2.387044">
        <ele>365.768</ele>
        <time>2025-01-09T13:04:17Z</time>
      </trkpt>
      <trkpt lat="41.537261" lon="2.387012">
        <ele>365.042</ele>
        <time>2025-01-09T13:04:24Z</time>
      </trkpt>
      <trkpt lat="41.537285" lon="2.386988">
        <ele>364.626</ele>
        <time>2025-01-09T13:04:33Z</time>
      </trkpt>
      <trkpt lat="41.537303" lon="2.386969">
        <ele>364.209</ele>
        <time>2025-01-09T13:04:36Z</time>
      </trkpt>
      <trkpt lat="41.537315" lon="2.386951">
        <ele>363.817</ele>
        <time>2025-01-09T13:04:46Z</time>
      </trkpt>
      <trkpt lat="41.537339" lon="2.386932">
        <ele>363.355</ele>
        <time>2025-01-09T13:04:52Z</time>
      </trkpt>
      <trkpt lat="41.537362" lon="2.386902">
        <ele>362.055</ele>
        <time>2025-01-09T13:05:12Z</time>
      </trkpt>
      <trkpt lat="41.537388" lon="2.386888">
        <ele>361.621</ele>
        <time>2025-01-09T13:05:25Z</time>
      </trkpt>
      <trkpt lat="41.537423" lon="2.386876">
        <ele>361.411</ele>
        <time>2025-01-09T13:05:41Z</time>
      </trkpt>
      <trkpt lat="41.537450" lon="2.386884">
        <ele>362.015</ele>
        <time>2025-01-09T13:05:53Z</time>
      </trkpt>
      <trkpt lat="41.537473" lon="2.386885">
        <ele>362.213</ele>
        <time>2025-01-09T13:06:00Z</time>
      </trkpt>
      <trkpt lat="41.537491" lon="2.386888">
        <ele>362.570</ele>
        <time>2025-01-09T13:06:04Z</time>
      </trkpt>
      <trkpt lat="41.537505" lon="2.386910">
        <ele>363.563</ele>
        <time>2025-01-09T13:06:11Z</time>
      </trkpt>
      <trkpt lat="41.537504" lon="2.386948">
        <ele>365.158</ele>
        <time>2025-01-09T13:06:24Z</time>
      </trkpt>
      <trkpt lat="41.537501" lon="2.386977">
        <ele>365.952</ele>
        <time>2025-01-09T13:06:34Z</time>
      </trkpt>
      <trkpt lat="41.537533" lon="2.386988">
        <ele>365.917</ele>
        <time>2025-01-09T13:06:39Z</time>
      </trkpt>
      <trkpt lat="41.537559" lon="2.386992">
        <ele>365.809</ele>
        <time>2025-01-09T13:06:45Z</time>
      </trkpt>
      <trkpt lat="41.537578" lon="2.387015">
        <ele>366.316</ele>
        <time>2025-01-09T13:06:48Z</time>
      </trkpt>
      <trkpt lat="41.537590" lon="2.387039">
        <ele>366.924</ele>
        <time>2025-01-09T13:06:50Z</time>
      </trkpt>
      <trkpt lat="41.537607" lon="2.387060">
        <ele>367.314</ele>
        <time>2025-01-09T13:06:53Z</time>
      </trkpt>
      <trkpt lat="41.537623" lon="2.387088">
        <ele>368.070</ele>
        <time>2025-01-09T13:06:56Z</time>
      </trkpt>
      <trkpt lat="41.537643" lon="2.387113">
        <ele>368.690</ele>
        <time>2025-01-09T13:07:00Z</time>
      </trkpt>
      <trkpt lat="41.537669" lon="2.387132">
        <ele>369.044</ele>
        <time>2025-01-09T13:07:03Z</time>
      </trkpt>
      <trkpt lat="41.537701" lon="2.387145">
        <ele>369.122</ele>
        <time>2025-01-09T13:07:06Z</time>
      </trkpt>
      <trkpt lat="41.537733" lon="2.387151">
        <ele>369.159</ele>
        <time>2025-01-09T13:07:09Z</time>
      </trkpt>
      <trkpt lat="41.537748" lon="2.387183">
        <ele>370.092</ele>
        <time>2025-01-09T13:07:14Z</time>
      </trkpt>
      <trkpt lat="41.537763" lon="2.387200">
        <ele>370.448</ele>
        <time>2025-01-09T13:07:18Z</time>
      </trkpt>
      <trkpt lat="41.537773" lon="2.387232">
        <ele>371.161</ele>
        <time>2025-01-09T13:07:20Z</time>
      </trkpt>
      <trkpt lat="41.537781" lon="2.387276">
        <ele>371.317</ele>
        <time>2025-01-09T13:07:24Z</time>
      </trkpt>
      <trkpt lat="41.537786" lon="2.387310">
        <ele>371.509</ele>
        <time>2025-01-09T13:07:26Z</time>
      </trkpt>
      <trkpt lat="41.537768" lon="2.387327">
        <ele>371.825</ele>
        <time>2025-01-09T13:07:28Z</time>
      </trkpt>
      <trkpt lat="41.537743" lon="2.387338">
        <ele>372.063</ele>
        <time>2025-01-09T13:07:30Z</time>
      </trkpt>
      <trkpt lat="41.537715" lon="2.387339">
        <ele>372.133</ele>
        <time>2025-01-09T13:07:33Z</time>
      </trkpt>
      <trkpt lat="41.537689" lon="2.387357">
        <ele>372.359</ele>
        <time>2025-01-09T13:07:36Z</time>
      </trkpt>
      <trkpt lat="41.537668" lon="2.387370">
        <ele>372.429</ele>
        <time>2025-01-09T13:07:40Z</time>
      </trkpt>
      <trkpt lat="41.537648" lon="2.387395">
        <ele>372.613</ele>
        <time>2025-01-09T13:07:48Z</time>
      </trkpt>
      <trkpt lat="41.537626" lon="2.387407">
        <ele>372.791</ele>
        <time>2025-01-09T13:07:57Z</time>
      </trkpt>
      <trkpt lat="41.537616" lon="2.387380">
        <ele>372.648</ele>
        <time>2025-01-09T13:08:01Z</time>
      </trkpt>
      <trkpt lat="41.537588" lon="2.387370">
        <ele>372.711</ele>
        <time>2025-01-09T13:08:06Z</time>
      </trkpt>
      <trkpt lat="41.537567" lon="2.387360">
        <ele>372.821</ele>
        <time>2025-01-09T13:08:16Z</time>
      </trkpt>
      <trkpt lat="41.537541" lon="2.387349">
        <ele>372.841</ele>
        <time>2025-01-09T13:08:28Z</time>
      </trkpt>
      <trkpt lat="41.537522" lon="2.387335">
        <ele>372.905</ele>
        <time>2025-01-09T13:08:33Z</time>
      </trkpt>
      <trkpt lat="41.537496" lon="2.387325">
        <ele>373.009</ele>
        <time>2025-01-09T13:08:37Z</time>
      </trkpt>
      <trkpt lat="41.537476" lon="2.387294">
        <ele>372.793</ele>
        <time>2025-01-09T13:08:40Z</time>
      </trkpt>
      <trkpt lat="41.537450" lon="2.387285">
        <ele>372.421</ele>
        <time>2025-01-09T13:08:44Z</time>
      </trkpt>
      <trkpt lat="41.537428" lon="2.387271">
        <ele>372.241</ele>
        <time>2025-01-09T13:08:55Z</time>
      </trkpt>
      <trkpt lat="41.537399" lon="2.387282">
        <ele>371.827</ele>
        <time>2025-01-09T13:08:58Z</time>
      </trkpt>
      <trkpt lat="41.537374" lon="2.387267">
        <ele>371.657</ele>
        <time>2025-01-09T13:09:05Z</time>
      </trkpt>
      <trkpt lat="41.537358" lon="2.387238">
        <ele>371.461</ele>
        <time>2025-01-09T13:09:07Z</time>
      </trkpt>
      <trkpt lat="41.537335" lon="2.387237">
        <ele>371.219</ele>
        <time>2025-01-09T13:09:12Z</time>
      </trkpt>
      <trkpt lat="41.537315" lon="2.387246">
        <ele>370.926</ele>
        <time>2025-01-09T13:09:15Z</time>
      </trkpt>
      <trkpt lat="41.537293" lon="2.387236">
        <ele>370.749</ele>
        <time>2025-01-09T13:09:18Z</time>
      </trkpt>
      <trkpt lat="41.537311" lon="2.387252">
        <ele>370.983</ele>
        <time>2025-01-09T13:09:24Z</time>
      </trkpt>
      <trkpt lat="41.537337" lon="2.387242">
        <ele>371.225</ele>
        <time>2025-01-09T13:09:28Z</time>
      </trkpt>
      <trkpt lat="41.537374" lon="2.387236">
        <ele>371.617</ele>
        <time>2025-01-09T13:09:40Z</time>
      </trkpt>
      <trkpt lat="41.537383" lon="2.387263">
        <ele>371.709</ele>
        <time>2025-01-09T13:09:51Z</time>
      </trkpt>
      <trkpt lat="41.537403" lon="2.387273">
        <ele>371.969</ele>
        <time>2025-01-09T13:10:01Z</time>
      </trkpt>
      <trkpt lat="41.537429" lon="2.387267">
        <ele>372.287</ele>
        <time>2025-01-09T13:10:05Z</time>
      </trkpt>
      <trkpt lat="41.537463" lon="2.387280">
        <ele>372.657</ele>
        <time>2025-01-09T13:11:00Z</time>
      </trkpt>
      <trkpt lat="41.537484" lon="2.387242">
        <ele>372.813</ele>
        <time>2025-01-09T13:11:04Z</time>
      </trkpt>
      <trkpt lat="41.537501" lon="2.387226">
        <ele>373.093</ele>
        <time>2025-01-09T13:11:10Z</time>
      </trkpt>
      <trkpt lat="41.537495" lon="2.387192">
        <ele>372.187</ele>
        <time>2025-01-09T13:11:14Z</time>
      </trkpt>
      <trkpt lat="41.537480" lon="2.387149">
        <ele>370.745</ele>
        <time>2025-01-09T13:11:19Z</time>
      </trkpt>
      <trkpt lat="41.537491" lon="2.387175">
        <ele>371.542</ele>
        <time>2025-01-09T13:11:22Z</time>
      </trkpt>
      <trkpt lat="41.537494" lon="2.387208">
        <ele>372.525</ele>
        <time>2025-01-09T13:11:28Z</time>
      </trkpt>
      <trkpt lat="41.537488" lon="2.387268">
        <ele>372.936</ele>
        <time>2025-01-09T13:11:34Z</time>
      </trkpt>
      <trkpt lat="41.537492" lon="2.387317">
        <ele>372.917</ele>
        <time>2025-01-09T13:11:37Z</time>
      </trkpt>
      <trkpt lat="41.537518" lon="2.387345">
        <ele>372.918</ele>
        <time>2025-01-09T13:11:42Z</time>
      </trkpt>
      <trkpt lat="41.537539" lon="2.387343">
        <ele>372.809</ele>
        <time>2025-01-09T13:11:48Z</time>
      </trkpt>
      <trkpt lat="41.537559" lon="2.387353">
        <ele>372.864</ele>
        <time>2025-01-09T13:11:54Z</time>
      </trkpt>
      <trkpt lat="41.537578" lon="2.387363">
        <ele>372.762</ele>
        <time>2025-01-09T13:11:55Z</time>
      </trkpt>
      <trkpt lat="41.537598" lon="2.387369">
        <ele>372.762</ele>
        <time>2025-01-09T13:12:00Z</time>
      </trkpt>
      <trkpt lat="41.537620" lon="2.387373">
        <ele>372.618</ele>
        <time>2025-01-09T13:12:06Z</time>
      </trkpt>
      <trkpt lat="41.537631" lon="2.387396">
        <ele>372.668</ele>
        <time>2025-01-09T13:12:11Z</time>
      </trkpt>
      <trkpt lat="41.537650" lon="2.387396">
        <ele>372.632</ele>
        <time>2025-01-09T13:12:13Z</time>
      </trkpt>
      <trkpt lat="41.537666" lon="2.387382">
        <ele>372.510</ele>
        <time>2025-01-09T13:12:15Z</time>
      </trkpt>
      <trkpt lat="41.537682" lon="2.387361">
        <ele>372.377</ele>
        <time>2025-01-09T13:12:19Z</time>
      </trkpt>
      <trkpt lat="41.537708" lon="2.387343">
        <ele>372.250</ele>
        <time>2025-01-09T13:12:23Z</time>
      </trkpt>
      <trkpt lat="41.537728" lon="2.387333">
        <ele>372.054</ele>
        <time>2025-01-09T13:12:25Z</time>
      </trkpt>
      <trkpt lat="41.537755" lon="2.387317">
        <ele>371.856</ele>
        <time>2025-01-09T13:12:29Z</time>
      </trkpt>
      <trkpt lat="41.537775" lon="2.387293">
        <ele>371.511</ele>
        <time>2025-01-09T13:12:34Z</time>
      </trkpt>
      <trkpt lat="41.537764" lon="2.387223">
        <ele>371.109</ele>
        <time>2025-01-09T13:12:41Z</time>
      </trkpt>
      <trkpt lat="41.537764" lon="2.387197">
        <ele>370.396</ele>
        <time>2025-01-09T13:12:42Z</time>
      </trkpt>
      <trkpt lat="41.537739" lon="2.387166">
        <ele>369.524</ele>
        <time>2025-01-09T13:12:45Z</time>
      </trkpt>
      <trkpt lat="41.537716" lon="2.387159">
        <ele>369.414</ele>
        <time>2025-01-09T13:12:51Z</time>
      </trkpt>
      <trkpt lat="41.537720" lon="2.387135">
        <ele>368.780</ele>
        <time>2025-01-09T13:12:54Z</time>
      </trkpt>
      <trkpt lat="41.537736" lon="2.387120">
        <ele>368.090</ele>
        <time>2025-01-09T13:12:58Z</time>
      </trkpt>
      <trkpt lat="41.537750" lon="2.387098">
        <ele>367.224</ele>
        <time>2025-01-09T13:13:03Z</time>
      </trkpt>
      <trkpt lat="41.537769" lon="2.387036">
        <ele>365.192</ele>
        <time>2025-01-09T13:13:16Z</time>
      </trkpt>
      <trkpt lat="41.537773" lon="2.386994">
        <ele>363.779</ele>
        <time>2025-01-09T13:13:25Z</time>
      </trkpt>
      <trkpt lat="41.537792" lon="2.386976">
        <ele>363.092</ele>
        <time>2025-01-09T13:13:30Z</time>
      </trkpt>
      <trkpt lat="41.537768" lon="2.386942">
        <ele>362.097</ele>
        <time>2025-01-09T13:13:41Z</time>
      </trkpt>
      <trkpt lat="41.537758" lon="2.386921">
        <ele>361.123</ele>
        <time>2025-01-09T13:13:47Z</time>
      </trkpt>
      <trkpt lat="41.537772" lon="2.386894">
        <ele>359.725</ele>
        <time>2025-01-09T13:13:52Z</time>
      </trkpt>
      <trkpt lat="41.537815" lon="2.386856">
        <ele>357.809</ele>
        <time>2025-01-09T13:14:06Z</time>
      </trkpt>
      <trkpt lat="41.537844" lon="2.386843">
        <ele>357.250</ele>
        <time>2025-01-09T13:14:11Z</time>
      </trkpt>
      <trkpt lat="41.537865" lon="2.386826">
        <ele>356.438</ele>
        <time>2025-01-09T13:14:14Z</time>
      </trkpt>
      <trkpt lat="41.537886" lon="2.386812">
        <ele>355.818</ele>
        <time>2025-01-09T13:14:19Z</time>
      </trkpt>
      <trkpt lat="41.537899" lon="2.386791">
        <ele>354.944</ele>
        <time>2025-01-09T13:14:23Z</time>
      </trkpt>
      <trkpt lat="41.537889" lon="2.386768">
        <ele>353.924</ele>
        <time>2025-01-09T13:14:29Z</time>
      </trkpt>
      <trkpt lat="41.537873" lon="2.386744">
        <ele>352.868</ele>
        <time>2025-01-09T13:14:35Z</time>
      </trkpt>
      <trkpt lat="41.537874" lon="2.386718">
        <ele>351.686</ele>
        <time>2025-01-09T13:14:42Z</time>
      </trkpt>
      <trkpt lat="41.537865" lon="2.386686">
        <ele>350.273</ele>
        <time>2025-01-09T13:14:48Z</time>
      </trkpt>
      <trkpt lat="41.537870" lon="2.386648">
        <ele>348.476</ele>
        <time>2025-01-09T13:14:54Z</time>
      </trkpt>
      <trkpt lat="41.537884" lon="2.386625">
        <ele>347.464</ele>
        <time>2025-01-09T13:14:59Z</time>
      </trkpt>
      <trkpt lat="41.537905" lon="2.386615">
        <ele>347.006</ele>
        <time>2025-01-09T13:15:05Z</time>
      </trkpt>
      <trkpt lat="41.537900" lon="2.386590">
        <ele>345.716</ele>
        <time>2025-01-09T13:15:11Z</time>
      </trkpt>
      <trkpt lat="41.537877" lon="2.386587">
        <ele>345.509</ele>
        <time>2025-01-09T13:15:18Z</time>
      </trkpt>
      <trkpt lat="41.537860" lon="2.386566">
        <ele>344.527</ele>
        <time>2025-01-09T13:15:24Z</time>
      </trkpt>
      <trkpt lat="41.537864" lon="2.386540">
        <ele>343.275</ele>
        <time>2025-01-09T13:15:27Z</time>
      </trkpt>
      <trkpt lat="41.537879" lon="2.386510">
        <ele>341.845</ele>
        <time>2025-01-09T13:15:29Z</time>
      </trkpt>
      <trkpt lat="41.537901" lon="2.386500">
        <ele>341.411</ele>
        <time>2025-01-09T13:15:33Z</time>
      </trkpt>
      <trkpt lat="41.537923" lon="2.386483">
        <ele>340.631</ele>
        <time>2025-01-09T13:15:36Z</time>
      </trkpt>
      <trkpt lat="41.537934" lon="2.386453">
        <ele>339.175</ele>
        <time>2025-01-09T13:15:38Z</time>
      </trkpt>
      <trkpt lat="41.537954" lon="2.386436">
        <ele>338.353</ele>
        <time>2025-01-09T13:15:40Z</time>
      </trkpt>
      <trkpt lat="41.537974" lon="2.386412">
        <ele>337.140</ele>
        <time>2025-01-09T13:15:44Z</time>
      </trkpt>
      <trkpt lat="41.538000" lon="2.386410">
        <ele>337.083</ele>
        <time>2025-01-09T13:15:46Z</time>
      </trkpt>
      <trkpt lat="41.538025" lon="2.386407">
        <ele>336.942</ele>
        <time>2025-01-09T13:15:48Z</time>
      </trkpt>
      <trkpt lat="41.538051" lon="2.386406">
        <ele>336.922</ele>
        <time>2025-01-09T13:15:51Z</time>
      </trkpt>
      <trkpt lat="41.538074" lon="2.386404">
        <ele>336.914</ele>
        <time>2025-01-09T13:15:53Z</time>
      </trkpt>
      <trkpt lat="41.538095" lon="2.386408">
        <ele>337.309</ele>
        <time>2025-01-09T13:15:56Z</time>
      </trkpt>
      <trkpt lat="41.538118" lon="2.386410">
        <ele>337.645</ele>
        <time>2025-01-09T13:16:00Z</time>
      </trkpt>
      <trkpt lat="41.538135" lon="2.386391">
        <ele>336.953</ele>
        <time>2025-01-09T13:16:02Z</time>
      </trkpt>
      <trkpt lat="41.538157" lon="2.386380">
        <ele>336.863</ele>
        <time>2025-01-09T13:16:05Z</time>
      </trkpt>
      <trkpt lat="41.538179" lon="2.386390">
        <ele>337.419</ele>
        <time>2025-01-09T13:16:08Z</time>
      </trkpt>
      <trkpt lat="41.538205" lon="2.386412">
        <ele>338.529</ele>
        <time>2025-01-09T13:16:13Z</time>
      </trkpt>
      <trkpt lat="41.538229" lon="2.386425">
        <ele>339.163</ele>
        <time>2025-01-09T13:16:20Z</time>
      </trkpt>
      <trkpt lat="41.538246" lon="2.386417">
        <ele>339.031</ele>
        <time>2025-01-09T13:16:24Z</time>
      </trkpt>
      <trkpt lat="41.538268" lon="2.386394">
        <ele>338.548</ele>
        <time>2025-01-09T13:16:31Z</time>
      </trkpt>
      <trkpt lat="41.538296" lon="2.386384">
        <ele>338.471</ele>
        <time>2025-01-09T13:16:38Z</time>
      </trkpt>
      <trkpt lat="41.538317" lon="2.386380">
        <ele>338.658</ele>
        <time>2025-01-09T13:16:40Z</time>
      </trkpt>
      <trkpt lat="41.538338" lon="2.386382">
        <ele>338.852</ele>
        <time>2025-01-09T13:16:42Z</time>
      </trkpt>
      <trkpt lat="41.538360" lon="2.386393">
        <ele>339.017</ele>
        <time>2025-01-09T13:16:47Z</time>
      </trkpt>
      <trkpt lat="41.538380" lon="2.386412">
        <ele>339.309</ele>
        <time>2025-01-09T13:16:51Z</time>
      </trkpt>
      <trkpt lat="41.538398" lon="2.386419">
        <ele>339.466</ele>
        <time>2025-01-09T13:16:55Z</time>
      </trkpt>
      <trkpt lat="41.538422" lon="2.386424">
        <ele>339.314</ele>
        <time>2025-01-09T13:16:59Z</time>
      </trkpt>
      <trkpt lat="41.538442" lon="2.386420">
        <ele>339.154</ele>
        <time>2025-01-09T13:17:01Z</time>
      </trkpt>
      <trkpt lat="41.538472" lon="2.386421">
        <ele>339.060</ele>
        <time>2025-01-09T13:17:04Z</time>
      </trkpt>
      <trkpt lat="41.538501" lon="2.386430">
        <ele>338.930</ele>
        <time>2025-01-09T13:17:08Z</time>
      </trkpt>
      <trkpt lat="41.538528" lon="2.386448">
        <ele>338.924</ele>
        <time>2025-01-09T13:17:10Z</time>
      </trkpt>
      <trkpt lat="41.538552" lon="2.386471">
        <ele>338.992</ele>
        <time>2025-01-09T13:17:13Z</time>
      </trkpt>
      <trkpt lat="41.538573" lon="2.386477">
        <ele>338.729</ele>
        <time>2025-01-09T13:17:19Z</time>
      </trkpt>
      <trkpt lat="41.538601" lon="2.386483">
        <ele>338.412</ele>
        <time>2025-01-09T13:17:22Z</time>
      </trkpt>
      <trkpt lat="41.538625" lon="2.386492">
        <ele>338.014</ele>
        <time>2025-01-09T13:17:24Z</time>
      </trkpt>
      <trkpt lat="41.538651" lon="2.386503">
        <ele>337.354</ele>
        <time>2025-01-09T13:17:26Z</time>
      </trkpt>
      <trkpt lat="41.538667" lon="2.386515">
        <ele>337.009</ele>
        <time>2025-01-09T13:17:28Z</time>
      </trkpt>
      <trkpt lat="41.538679" lon="2.386485">
        <ele>336.609</ele>
        <time>2025-01-09T13:17:31Z</time>
      </trkpt>
      <trkpt lat="41.538691" lon="2.386451">
        <ele>336.122</ele>
        <time>2025-01-09T13:17:35Z</time>
      </trkpt>
      <trkpt lat="41.538705" lon="2.386417">
        <ele>335.780</ele>
        <time>2025-01-09T13:17:40Z</time>
      </trkpt>
      <trkpt lat="41.538714" lon="2.386377">
        <ele>335.310</ele>
        <time>2025-01-09T13:17:45Z</time>
      </trkpt>
      <trkpt lat="41.538721" lon="2.386349">
        <ele>334.996</ele>
        <time>2025-01-09T13:17:48Z</time>
      </trkpt>
      <trkpt lat="41.538734" lon="2.386307">
        <ele>334.286</ele>
        <time>2025-01-09T13:17:53Z</time>
      </trkpt>
      <trkpt lat="41.538742" lon="2.386265">
        <ele>333.770</ele>
        <time>2025-01-09T13:17:56Z</time>
      </trkpt>
      <trkpt lat="41.538745" lon="2.386233">
        <ele>333.448</ele>
        <time>2025-01-09T13:17:59Z</time>
      </trkpt>
      <trkpt lat="41.538748" lon="2.386197">
        <ele>333.165</ele>
        <time>2025-01-09T13:18:01Z</time>
      </trkpt>
      <trkpt lat="41.538745" lon="2.386154">
        <ele>332.848</ele>
        <time>2025-01-09T13:18:05Z</time>
      </trkpt>
      <trkpt lat="41.538745" lon="2.386128">
        <ele>332.677</ele>
        <time>2025-01-09T13:18:06Z</time>
      </trkpt>
      <trkpt lat="41.538749" lon="2.386082">
        <ele>332.261</ele>
        <time>2025-01-09T13:18:10Z</time>
      </trkpt>
      <trkpt lat="41.538754" lon="2.386040">
        <ele>331.727</ele>
        <time>2025-01-09T13:18:13Z</time>
      </trkpt>
      <trkpt lat="41.538756" lon="2.386014">
        <ele>331.509</ele>
        <time>2025-01-09T13:18:15Z</time>
      </trkpt>
      <trkpt lat="41.538758" lon="2.385982">
        <ele>331.128</ele>
        <time>2025-01-09T13:18:17Z</time>
      </trkpt>
      <trkpt lat="41.538760" lon="2.385942">
        <ele>330.716</ele>
        <time>2025-01-09T13:18:20Z</time>
      </trkpt>
      <trkpt lat="41.538754" lon="2.385900">
        <ele>330.256</ele>
        <time>2025-01-09T13:18:22Z</time>
      </trkpt>
      <trkpt lat="41.538756" lon="2.385864">
        <ele>329.932</ele>
        <time>2025-01-09T13:18:26Z</time>
      </trkpt>
      <trkpt lat="41.538756" lon="2.385820">
        <ele>329.472</ele>
        <time>2025-01-09T13:18:29Z</time>
      </trkpt>
      <trkpt lat="41.538755" lon="2.385778">
        <ele>329.156</ele>
        <time>2025-01-09T13:18:32Z</time>
      </trkpt>
      <trkpt lat="41.538752" lon="2.385740">
        <ele>328.764</ele>
        <time>2025-01-09T13:18:35Z</time>
      </trkpt>
      <trkpt lat="41.538746" lon="2.385701">
        <ele>328.241</ele>
        <time>2025-01-09T13:18:38Z</time>
      </trkpt>
      <trkpt lat="41.538747" lon="2.385667">
        <ele>328.034</ele>
        <time>2025-01-09T13:18:42Z</time>
      </trkpt>
      <trkpt lat="41.538747" lon="2.385631">
        <ele>327.672</ele>
        <time>2025-01-09T13:18:44Z</time>
      </trkpt>
      <trkpt lat="41.538744" lon="2.385586">
        <ele>327.213</ele>
        <time>2025-01-09T13:18:47Z</time>
      </trkpt>
      <trkpt lat="41.538742" lon="2.385542">
        <ele>326.614</ele>
        <time>2025-01-09T13:18:51Z</time>
      </trkpt>
      <trkpt lat="41.538739" lon="2.385502">
        <ele>325.909</ele>
        <time>2025-01-09T13:18:54Z</time>
      </trkpt>
      <trkpt lat="41.538739" lon="2.385457">
        <ele>325.298</ele>
        <time>2025-01-09T13:18:58Z</time>
      </trkpt>
      <trkpt lat="41.538741" lon="2.385414">
        <ele>324.596</ele>
        <time>2025-01-09T13:19:01Z</time>
      </trkpt>
      <trkpt lat="41.538743" lon="2.385388">
        <ele>324.246</ele>
        <time>2025-01-09T13:19:03Z</time>
      </trkpt>
      <trkpt lat="41.538751" lon="2.385354">
        <ele>323.882</ele>
        <time>2025-01-09T13:19:06Z</time>
      </trkpt>
      <trkpt lat="41.538764" lon="2.385317">
        <ele>323.412</ele>
        <time>2025-01-09T13:19:10Z</time>
      </trkpt>
      <trkpt lat="41.538777" lon="2.385287">
        <ele>323.146</ele>
        <time>2025-01-09T13:19:13Z</time>
      </trkpt>
      <trkpt lat="41.538788" lon="2.385254">
        <ele>322.634</ele>
        <time>2025-01-09T13:19:17Z</time>
      </trkpt>
      <trkpt lat="41.538790" lon="2.385212">
        <ele>321.571</ele>
        <time>2025-01-09T13:19:19Z</time>
      </trkpt>
      <trkpt lat="41.538795" lon="2.385177">
        <ele>320.674</ele>
        <time>2025-01-09T13:19:23Z</time>
      </trkpt>
      <trkpt lat="41.538802" lon="2.385142">
        <ele>319.979</ele>
        <time>2025-01-09T13:19:25Z</time>
      </trkpt>
      <trkpt lat="41.538806" lon="2.385102">
        <ele>318.905</ele>
        <time>2025-01-09T13:19:28Z</time>
      </trkpt>
      <trkpt lat="41.538823" lon="2.385065">
        <ele>318.325</ele>
        <time>2025-01-09T13:19:31Z</time>
      </trkpt>
      <trkpt lat="41.538833" lon="2.385032">
        <ele>317.609</ele>
        <time>2025-01-09T13:19:34Z</time>
      </trkpt>
      <trkpt lat="41.538854" lon="2.385001">
        <ele>317.378</ele>
        <time>2025-01-09T13:19:36Z</time>
      </trkpt>
      <trkpt lat="41.538866" lon="2.384983">
        <ele>317.056</ele>
        <time>2025-01-09T13:19:38Z</time>
      </trkpt>
      <trkpt lat="41.538884" lon="2.384948">
        <ele>316.496</ele>
        <time>2025-01-09T13:19:41Z</time>
      </trkpt>
      <trkpt lat="41.538906" lon="2.384919">
        <ele>315.732</ele>
        <time>2025-01-09T13:19:44Z</time>
      </trkpt>
      <trkpt lat="41.538934" lon="2.384892">
        <ele>315.172</ele>
        <time>2025-01-09T13:19:47Z</time>
      </trkpt>
      <trkpt lat="41.538962" lon="2.384867">
        <ele>314.536</ele>
        <time>2025-01-09T13:19:51Z</time>
      </trkpt>
      <trkpt lat="41.538987" lon="2.384847">
        <ele>314.284</ele>
        <time>2025-01-09T13:19:53Z</time>
      </trkpt>
      <trkpt lat="41.539012" lon="2.384831">
        <ele>313.981</ele>
        <time>2025-01-09T13:19:57Z</time>
      </trkpt>
      <trkpt lat="41.539037" lon="2.384821">
        <ele>313.984</ele>
        <time>2025-01-09T13:19:59Z</time>
      </trkpt>
      <trkpt lat="41.539063" lon="2.384816">
        <ele>313.975</ele>
        <time>2025-01-09T13:20:02Z</time>
      </trkpt>
      <trkpt lat="41.539092" lon="2.384820">
        <ele>314.228</ele>
        <time>2025-01-09T13:20:05Z</time>
      </trkpt>
      <trkpt lat="41.539122" lon="2.384822">
        <ele>314.520</ele>
        <time>2025-01-09T13:20:08Z</time>
      </trkpt>
      <trkpt lat="41.539153" lon="2.384819">
        <ele>314.609</ele>
        <time>2025-01-09T13:20:14Z</time>
      </trkpt>
      <trkpt lat="41.539178" lon="2.384814">
        <ele>314.728</ele>
        <time>2025-01-09T13:20:19Z</time>
      </trkpt>
      <trkpt lat="41.539202" lon="2.384816">
        <ele>314.986</ele>
        <time>2025-01-09T13:20:23Z</time>
      </trkpt>
      <trkpt lat="41.539223" lon="2.384821">
        <ele>315.276</ele>
        <time>2025-01-09T13:20:25Z</time>
      </trkpt>
      <trkpt lat="41.539245" lon="2.384831">
        <ele>315.552</ele>
        <time>2025-01-09T13:20:28Z</time>
      </trkpt>
      <trkpt lat="41.539272" lon="2.384837">
        <ele>315.762</ele>
        <time>2025-01-09T13:20:33Z</time>
      </trkpt>
      <trkpt lat="41.539300" lon="2.384847">
        <ele>316.036</ele>
        <time>2025-01-09T13:20:37Z</time>
      </trkpt>
      <trkpt lat="41.539331" lon="2.384853">
        <ele>316.364</ele>
        <time>2025-01-09T13:20:42Z</time>
      </trkpt>
      <trkpt lat="41.539365" lon="2.384851">
        <ele>316.571</ele>
        <time>2025-01-09T13:20:45Z</time>
      </trkpt>
      <trkpt lat="41.539383" lon="2.384847">
        <ele>316.584</ele>
        <time>2025-01-09T13:20:49Z</time>
      </trkpt>
      <trkpt lat="41.539410" lon="2.384822">
        <ele>316.592</ele>
        <time>2025-01-09T13:20:57Z</time>
      </trkpt>
      <trkpt lat="41.539431" lon="2.384797">
        <ele>316.473</ele>
        <time>2025-01-09T13:21:00Z</time>
      </trkpt>
      <trkpt lat="41.539451" lon="2.384770">
        <ele>316.320</ele>
        <time>2025-01-09T13:21:04Z</time>
      </trkpt>
      <trkpt lat="41.539476" lon="2.384749">
        <ele>316.009</ele>
        <time>2025-01-09T13:21:06Z</time>
      </trkpt>
      <trkpt lat="41.539491" lon="2.384728">
        <ele>315.960</ele>
        <time>2025-01-09T13:21:08Z</time>
      </trkpt>
      <trkpt lat="41.539504" lon="2.384699">
        <ele>315.738</ele>
        <time>2025-01-09T13:21:11Z</time>
      </trkpt>
      <trkpt lat="41.539524" lon="2.384665">
        <ele>315.548</ele>
        <time>2025-01-09T13:21:14Z</time>
      </trkpt>
      <trkpt lat="41.539539" lon="2.384627">
        <ele>315.414</ele>
        <time>2025-01-09T13:21:17Z</time>
      </trkpt>
      <trkpt lat="41.539549" lon="2.384588">
        <ele>315.464</ele>
        <time>2025-01-09T13:21:20Z</time>
      </trkpt>
      <trkpt lat="41.539555" lon="2.384552">
        <ele>315.458</ele>
        <time>2025-01-09T13:21:22Z</time>
      </trkpt>
      <trkpt lat="41.539561" lon="2.384515">
        <ele>315.356</ele>
        <time>2025-01-09T13:21:25Z</time>
      </trkpt>
      <trkpt lat="41.539567" lon="2.384469">
        <ele>315.313</ele>
        <time>2025-01-09T13:21:28Z</time>
      </trkpt>
      <trkpt lat="41.539573" lon="2.384436">
        <ele>315.496</ele>
        <time>2025-01-09T13:21:30Z</time>
      </trkpt>
      <trkpt lat="41.539558" lon="2.384396">
        <ele>315.169</ele>
        <time>2025-01-09T13:21:35Z</time>
      </trkpt>
      <trkpt lat="41.539548" lon="2.384374">
        <ele>314.804</ele>
        <time>2025-01-09T13:21:38Z</time>
      </trkpt>
      <trkpt lat="41.539529" lon="2.384349">
        <ele>314.424</ele>
        <time>2025-01-09T13:21:41Z</time>
      </trkpt>
      <trkpt lat="41.539504" lon="2.384335">
        <ele>313.909</ele>
        <time>2025-01-09T13:21:47Z</time>
      </trkpt>
      <trkpt lat="41.539481" lon="2.384329">
        <ele>313.497</ele>
        <time>2025-01-09T13:21:51Z</time>
      </trkpt>
      <trkpt lat="41.539458" lon="2.384324">
        <ele>313.085</ele>
        <time>2025-01-09T13:21:55Z</time>
      </trkpt>
      <trkpt lat="41.539436" lon="2.384314">
        <ele>312.595</ele>
        <time>2025-01-09T13:22:01Z</time>
      </trkpt>
      <trkpt lat="41.539413" lon="2.384306">
        <ele>312.051</ele>
        <time>2025-01-09T13:22:05Z</time>
      </trkpt>
      <trkpt lat="41.539386" lon="2.384296">
        <ele>311.511</ele>
        <time>2025-01-09T13:22:09Z</time>
      </trkpt>
      <trkpt lat="41.539370" lon="2.384285">
        <ele>311.125</ele>
        <time>2025-01-09T13:22:12Z</time>
      </trkpt>
      <trkpt lat="41.539349" lon="2.384274">
        <ele>310.723</ele>
        <time>2025-01-09T13:22:17Z</time>
      </trkpt>
      <trkpt lat="41.539326" lon="2.384259">
        <ele>310.260</ele>
        <time>2025-01-09T13:22:22Z</time>
      </trkpt>
      <trkpt lat="41.539301" lon="2.384241">
        <ele>309.643</ele>
        <time>2025-01-09T13:22:25Z</time>
      </trkpt>
      <trkpt lat="41.539279" lon="2.384220">
        <ele>309.185</ele>
        <time>2025-01-09T13:22:30Z</time>
      </trkpt>
      <trkpt lat="41.539262" lon="2.384205">
        <ele>308.789</ele>
        <time>2025-01-09T13:22:33Z</time>
      </trkpt>
      <trkpt lat="41.539248" lon="2.384175">
        <ele>308.217</ele>
        <time>2025-01-09T13:22:36Z</time>
      </trkpt>
      <trkpt lat="41.539222" lon="2.384163">
        <ele>307.809</ele>
        <time>2025-01-09T13:22:42Z</time>
      </trkpt>
      <trkpt lat="41.539194" lon="2.384136">
        <ele>307.299</ele>
        <time>2025-01-09T13:22:47Z</time>
      </trkpt>
      <trkpt lat="41.539182" lon="2.384105">
        <ele>306.877</ele>
        <time>2025-01-09T13:22:53Z</time>
      </trkpt>
      <trkpt lat="41.539173" lon="2.384072">
        <ele>306.437</ele>
        <time>2025-01-09T13:22:57Z</time>
      </trkpt>
      <trkpt lat="41.539164" lon="2.384044">
        <ele>306.143</ele>
        <time>2025-01-09T13:23:02Z</time>
      </trkpt>
      <trkpt lat="41.539159" lon="2.384017">
        <ele>305.883</ele>
        <time>2025-01-09T13:23:06Z</time>
      </trkpt>
      <trkpt lat="41.539153" lon="2.383975">
        <ele>305.477</ele>
        <time>2025-01-09T13:23:10Z</time>
      </trkpt>
      <trkpt lat="41.539148" lon="2.383944">
        <ele>305.015</ele>
        <time>2025-01-09T13:23:15Z</time>
      </trkpt>
      <trkpt lat="41.539138" lon="2.383914">
        <ele>304.612</ele>
        <time>2025-01-09T13:23:19Z</time>
      </trkpt>
      <trkpt lat="41.539133" lon="2.383885">
        <ele>304.375</ele>
        <time>2025-01-09T13:23:22Z</time>
      </trkpt>
      <trkpt lat="41.539123" lon="2.383859">
        <ele>303.952</ele>
        <time>2025-01-09T13:23:26Z</time>
      </trkpt>
      <trkpt lat="41.539114" lon="2.383831">
        <ele>303.553</ele>
        <time>2025-01-09T13:23:30Z</time>
      </trkpt>
      <trkpt lat="41.539097" lon="2.383805">
        <ele>302.908</ele>
        <time>2025-01-09T13:23:33Z</time>
      </trkpt>
      <trkpt lat="41.539090" lon="2.383773">
        <ele>302.509</ele>
        <time>2025-01-09T13:23:37Z</time>
      </trkpt>
      <trkpt lat="41.539077" lon="2.383735">
        <ele>301.846</ele>
        <time>2025-01-09T13:23:40Z</time>
      </trkpt>
      <trkpt lat="41.539062" lon="2.383702">
        <ele>301.134</ele>
        <time>2025-01-09T13:23:43Z</time>
      </trkpt>
      <trkpt lat="41.539048" lon="2.383674">
        <ele>300.334</ele>
        <time>2025-01-09T13:23:47Z</time>
      </trkpt>
      <trkpt lat="41.539035" lon="2.383655">
        <ele>299.740</ele>
        <time>2025-01-09T13:23:50Z</time>
      </trkpt>
      <trkpt lat="41.539018" lon="2.383630">
        <ele>298.910</ele>
        <time>2025-01-09T13:23:54Z</time>
      </trkpt>
      <trkpt lat="41.538996" lon="2.383604">
        <ele>297.974</ele>
        <time>2025-01-09T13:23:58Z</time>
      </trkpt>
      <trkpt lat="41.538973" lon="2.383575">
        <ele>297.222</ele>
        <time>2025-01-09T13:24:01Z</time>
      </trkpt>
      <trkpt lat="41.538958" lon="2.383541">
        <ele>296.729</ele>
        <time>2025-01-09T13:24:04Z</time>
      </trkpt>
      <trkpt lat="41.538945" lon="2.383517">
        <ele>296.432</ele>
        <time>2025-01-09T13:24:08Z</time>
      </trkpt>
      <trkpt lat="41.538927" lon="2.383483">
        <ele>295.884</ele>
        <time>2025-01-09T13:24:12Z</time>
      </trkpt>
      <trkpt lat="41.538915" lon="2.383445">
        <ele>295.507</ele>
        <time>2025-01-09T13:24:16Z</time>
      </trkpt>
      <trkpt lat="41.538906" lon="2.383411">
        <ele>295.317</ele>
        <time>2025-01-09T13:24:19Z</time>
      </trkpt>
      <trkpt lat="41.538897" lon="2.383370">
        <ele>295.209</ele>
        <time>2025-01-09T13:24:24Z</time>
      </trkpt>
      <trkpt lat="41.538882" lon="2.383343">
        <ele>294.749</ele>
        <time>2025-01-09T13:24:27Z</time>
      </trkpt>
      <trkpt lat="41.538862" lon="2.383313">
        <ele>294.227</ele>
        <time>2025-01-09T13:24:32Z</time>
      </trkpt>
      <trkpt lat="41.538840" lon="2.383290">
        <ele>293.667</ele>
        <time>2025-01-09T13:24:35Z</time>
      </trkpt>
      <trkpt lat="41.538823" lon="2.383262">
        <ele>293.123</ele>
        <time>2025-01-09T13:24:38Z</time>
      </trkpt>
      <trkpt lat="41.538814" lon="2.383226">
        <ele>293.163</ele>
        <time>2025-01-09T13:24:43Z</time>
      </trkpt>
      <trkpt lat="41.538807" lon="2.383202">
        <ele>293.057</ele>
        <time>2025-01-09T13:24:45Z</time>
      </trkpt>
      <trkpt lat="41.538796" lon="2.383168">
        <ele>292.845</ele>
        <time>2025-01-09T13:24:48Z</time>
      </trkpt>
      <trkpt lat="41.538783" lon="2.383143">
        <ele>292.632</ele>
        <time>2025-01-09T13:24:52Z</time>
      </trkpt>
      <trkpt lat="41.538767" lon="2.383106">
        <ele>292.215</ele>
        <time>2025-01-09T13:24:56Z</time>
      </trkpt>
      <trkpt lat="41.538758" lon="2.383070">
        <ele>292.233</ele>
        <time>2025-01-09T13:24:59Z</time>
      </trkpt>
      <trkpt lat="41.538747" lon="2.383034">
        <ele>292.023</ele>
        <time>2025-01-09T13:25:03Z</time>
      </trkpt>
      <trkpt lat="41.538737" lon="2.383008">
        <ele>291.815</ele>
        <time>2025-01-09T13:25:06Z</time>
      </trkpt>
      <trkpt lat="41.538723" lon="2.382975">
        <ele>291.409</ele>
        <time>2025-01-09T13:25:09Z</time>
      </trkpt>
      <trkpt lat="41.538702" lon="2.382940">
        <ele>290.874</ele>
        <time>2025-01-09T13:25:12Z</time>
      </trkpt>
      <trkpt lat="41.538677" lon="2.382908">
        <ele>290.092</ele>
        <time>2025-01-09T13:25:16Z</time>
      </trkpt>
      <trkpt lat="41.538660" lon="2.382884">
        <ele>289.522</ele>
        <time>2025-01-09T13:25:19Z</time>
      </trkpt>
      <trkpt lat="41.538641" lon="2.382860">
        <ele>288.978</ele>
        <time>2025-01-09T13:25:22Z</time>
      </trkpt>
      <trkpt lat="41.538619" lon="2.382832">
        <ele>288.148</ele>
        <time>2025-01-09T13:25:26Z</time>
      </trkpt>
      <trkpt lat="41.538599" lon="2.382813">
        <ele>287.472</ele>
        <time>2025-01-09T13:25:30Z</time>
      </trkpt>
      <trkpt lat="41.538581" lon="2.382790">
        <ele>286.930</ele>
        <time>2025-01-09T13:25:32Z</time>
      </trkpt>
      <trkpt lat="41.538557" lon="2.382765">
        <ele>286.267</ele>
        <time>2025-01-09T13:25:36Z</time>
      </trkpt>
      <trkpt lat="41.538537" lon="2.382734">
        <ele>285.820</ele>
        <time>2025-01-09T13:25:42Z</time>
      </trkpt>
      <trkpt lat="41.538517" lon="2.382713">
        <ele>285.399</ele>
        <time>2025-01-09T13:25:46Z</time>
      </trkpt>
      <trkpt lat="41.538499" lon="2.382689">
        <ele>284.907</ele>
        <time>2025-01-09T13:25:49Z</time>
      </trkpt>
      <trkpt lat="41.538478" lon="2.382662">
        <ele>284.327</ele>
        <time>2025-01-09T13:25:54Z</time>
      </trkpt>
      <trkpt lat="41.538467" lon="2.382641">
        <ele>284.009</ele>
        <time>2025-01-09T13:25:56Z</time>
      </trkpt>
      <trkpt lat="41.538456" lon="2.382620">
        <ele>283.750</ele>
        <time>2025-01-09T13:25:57Z</time>
      </trkpt>
      <trkpt lat="41.538439" lon="2.382585">
        <ele>283.378</ele>
        <time>2025-01-09T13:26:00Z</time>
      </trkpt>
      <trkpt lat="41.538422" lon="2.382559">
        <ele>282.748</ele>
        <time>2025-01-09T13:26:05Z</time>
      </trkpt>
      <trkpt lat="41.538401" lon="2.382526">
        <ele>282.064</ele>
        <time>2025-01-09T13:26:08Z</time>
      </trkpt>
      <trkpt lat="41.538378" lon="2.382515">
        <ele>281.044</ele>
        <time>2025-01-09T13:26:10Z</time>
      </trkpt>
      <trkpt lat="41.538355" lon="2.382486">
        <ele>280.298</ele>
        <time>2025-01-09T13:26:14Z</time>
      </trkpt>
      <trkpt lat="41.538334" lon="2.382455">
        <ele>279.766</ele>
        <time>2025-01-09T13:26:18Z</time>
      </trkpt>
      <trkpt lat="41.538312" lon="2.382433">
        <ele>279.383</ele>
        <time>2025-01-09T13:26:22Z</time>
      </trkpt>
      <trkpt lat="41.538284" lon="2.382417">
        <ele>278.736</ele>
        <time>2025-01-09T13:26:25Z</time>
      </trkpt>
      <trkpt lat="41.538258" lon="2.382396">
        <ele>278.266</ele>
        <time>2025-01-09T13:26:29Z</time>
      </trkpt>
      <trkpt lat="41.538232" lon="2.382372">
        <ele>277.729</ele>
        <time>2025-01-09T13:26:32Z</time>
      </trkpt>
      <trkpt lat="41.538205" lon="2.382349">
        <ele>277.321</ele>
        <time>2025-01-09T13:26:36Z</time>
      </trkpt>
      <trkpt lat="41.538177" lon="2.382333">
        <ele>276.709</ele>
        <time>2025-01-09T13:26:39Z</time>
      </trkpt>
      <trkpt lat="41.538148" lon="2.382313">
        <ele>276.127</ele>
        <time>2025-01-09T13:26:43Z</time>
      </trkpt>
      <trkpt lat="41.538122" lon="2.382296">
        <ele>275.615</ele>
        <time>2025-01-09T13:26:46Z</time>
      </trkpt>
      <trkpt lat="41.538094" lon="2.382274">
        <ele>275.235</ele>
        <time>2025-01-09T13:26:49Z</time>
      </trkpt>
      <trkpt lat="41.538074" lon="2.382262">
        <ele>274.881</ele>
        <time>2025-01-09T13:26:52Z</time>
      </trkpt>
      <trkpt lat="41.538054" lon="2.382238">
        <ele>274.741</ele>
        <time>2025-01-09T13:26:54Z</time>
      </trkpt>
      <trkpt lat="41.538030" lon="2.382213">
        <ele>274.535</ele>
        <time>2025-01-09T13:26:57Z</time>
      </trkpt>
      <trkpt lat="41.538008" lon="2.382192">
        <ele>274.383</ele>
        <time>2025-01-09T13:27:00Z</time>
      </trkpt>
      <trkpt lat="41.537983" lon="2.382172">
        <ele>273.990</ele>
        <time>2025-01-09T13:27:03Z</time>
      </trkpt>
      <trkpt lat="41.537955" lon="2.382148">
        <ele>273.663</ele>
        <time>2025-01-09T13:27:06Z</time>
      </trkpt>
      <trkpt lat="41.537924" lon="2.382127">
        <ele>273.115</ele>
        <time>2025-01-09T13:27:09Z</time>
      </trkpt>
      <trkpt lat="41.537909" lon="2.382113">
        <ele>272.965</ele>
        <time>2025-01-09T13:27:11Z</time>
      </trkpt>
      <trkpt lat="41.537882" lon="2.382091">
        <ele>272.511</ele>
        <time>2025-01-09T13:27:14Z</time>
      </trkpt>
      <trkpt lat="41.537862" lon="2.382076">
        <ele>272.209</ele>
        <time>2025-01-09T13:27:16Z</time>
      </trkpt>
      <trkpt lat="41.537839" lon="2.382055">
        <ele>271.972</ele>
        <time>2025-01-09T13:27:18Z</time>
      </trkpt>
      <trkpt lat="41.537810" lon="2.382027">
        <ele>271.520</ele>
        <time>2025-01-09T13:27:22Z</time>
      </trkpt>
      <trkpt lat="41.537784" lon="2.382005">
        <ele>271.140</ele>
        <time>2025-01-09T13:27:24Z</time>
      </trkpt>
      <trkpt lat="41.537738" lon="2.381964">
        <ele>270.726</ele>
        <time>2025-01-09T13:27:30Z</time>
      </trkpt>
      <trkpt lat="41.537712" lon="2.381941">
        <ele>270.466</ele>
        <time>2025-01-09T13:27:33Z</time>
      </trkpt>
      <trkpt lat="41.537689" lon="2.381924">
        <ele>270.140</ele>
        <time>2025-01-09T13:27:35Z</time>
      </trkpt>
      <trkpt lat="41.537665" lon="2.381903">
        <ele>269.868</ele>
        <time>2025-01-09T13:27:38Z</time>
      </trkpt>
      <trkpt lat="41.537642" lon="2.381879">
        <ele>269.585</ele>
        <time>2025-01-09T13:27:41Z</time>
      </trkpt>
      <trkpt lat="41.537620" lon="2.381856">
        <ele>269.398</ele>
        <time>2025-01-09T13:27:44Z</time>
      </trkpt>
      <trkpt lat="41.537592" lon="2.381835">
        <ele>268.879</ele>
        <time>2025-01-09T13:27:48Z</time>
      </trkpt>
      <trkpt lat="41.537568" lon="2.381813">
        <ele>268.405</ele>
        <time>2025-01-09T13:27:52Z</time>
      </trkpt>
      <trkpt lat="41.537546" lon="2.381789">
        <ele>268.025</ele>
        <time>2025-01-09T13:27:56Z</time>
      </trkpt>
      <trkpt lat="41.537525" lon="2.381766">
        <ele>267.709</ele>
        <time>2025-01-09T13:27:59Z</time>
      </trkpt>
      <trkpt lat="41.537502" lon="2.381736">
        <ele>267.318</ele>
        <time>2025-01-09T13:28:03Z</time>
      </trkpt>
      <trkpt lat="41.537488" lon="2.381713">
        <ele>267.236</ele>
        <time>2025-01-09T13:28:06Z</time>
      </trkpt>
      <trkpt lat="41.537476" lon="2.381675">
        <ele>267.426</ele>
        <time>2025-01-09T13:28:09Z</time>
      </trkpt>
      <trkpt lat="41.537469" lon="2.381636">
        <ele>267.972</ele>
        <time>2025-01-09T13:28:13Z</time>
      </trkpt>
      <trkpt lat="41.537461" lon="2.381594">
        <ele>268.462</ele>
        <time>2025-01-09T13:28:16Z</time>
      </trkpt>
      <trkpt lat="41.537449" lon="2.381561">
        <ele>268.716</ele>
        <time>2025-01-09T13:28:19Z</time>
      </trkpt>
      <trkpt lat="41.537433" lon="2.381519">
        <ele>269.094</ele>
        <time>2025-01-09T13:28:22Z</time>
      </trkpt>
      <trkpt lat="41.537424" lon="2.381479">
        <ele>269.481</ele>
        <time>2025-01-09T13:28:25Z</time>
      </trkpt>
      <trkpt lat="41.537413" lon="2.381458">
        <ele>269.464</ele>
        <time>2025-01-09T13:28:27Z</time>
      </trkpt>
      <trkpt lat="41.537401" lon="2.381423">
        <ele>269.669</ele>
        <time>2025-01-09T13:28:30Z</time>
      </trkpt>
      <trkpt lat="41.537391" lon="2.381390">
        <ele>269.804</ele>
        <time>2025-01-09T13:28:32Z</time>
      </trkpt>
      <trkpt lat="41.537387" lon="2.381365">
        <ele>270.024</ele>
        <time>2025-01-09T13:28:34Z</time>
      </trkpt>
      <trkpt lat="41.537380" lon="2.381326">
        <ele>270.109</ele>
        <time>2025-01-09T13:28:37Z</time>
      </trkpt>
      <trkpt lat="41.537373" lon="2.381300">
        <ele>270.217</ele>
        <time>2025-01-09T13:28:46Z</time>
      </trkpt>
      <trkpt lat="41.537386" lon="2.381259">
        <ele>270.935</ele>
        <time>2025-01-09T13:28:50Z</time>
      </trkpt>
      <trkpt lat="41.537389" lon="2.381228">
        <ele>271.375</ele>
        <time>2025-01-09T13:28:54Z</time>
      </trkpt>
      <trkpt lat="41.537387" lon="2.381193">
        <ele>271.681</ele>
        <time>2025-01-09T13:28:58Z</time>
      </trkpt>
      <trkpt lat="41.537387" lon="2.381149">
        <ele>272.021</ele>
        <time>2025-01-09T13:29:02Z</time>
      </trkpt>
      <trkpt lat="41.537390" lon="2.381104">
        <ele>272.485</ele>
        <time>2025-01-09T13:29:06Z</time>
      </trkpt>
      <trkpt lat="41.537392" lon="2.381068">
        <ele>272.653</ele>
        <time>2025-01-09T13:29:09Z</time>
      </trkpt>
      <trkpt lat="41.537391" lon="2.381034">
        <ele>272.630</ele>
        <time>2025-01-09T13:29:13Z</time>
      </trkpt>
      <trkpt lat="41.537386" lon="2.380995">
        <ele>272.543</ele>
        <time>2025-01-09T13:29:17Z</time>
      </trkpt>
      <trkpt lat="41.537386" lon="2.380949">
        <ele>272.567</ele>
        <time>2025-01-09T13:29:21Z</time>
      </trkpt>
      <trkpt lat="41.537394" lon="2.380906">
        <ele>272.881</ele>
        <time>2025-01-09T13:29:25Z</time>
      </trkpt>
      <trkpt lat="41.537396" lon="2.380866">
        <ele>273.019</ele>
        <time>2025-01-09T13:29:29Z</time>
      </trkpt>
      <trkpt lat="41.537394" lon="2.380826">
        <ele>273.009</ele>
        <time>2025-01-09T13:29:33Z</time>
      </trkpt>
      <trkpt lat="41.537397" lon="2.380789">
        <ele>273.177</ele>
        <time>2025-01-09T13:29:37Z</time>
      </trkpt>
      <trkpt lat="41.537399" lon="2.380758">
        <ele>273.245</ele>
        <time>2025-01-09T13:29:42Z</time>
      </trkpt>
      <trkpt lat="41.537407" lon="2.380727">
        <ele>273.485</ele>
        <time>2025-01-09T13:29:45Z</time>
      </trkpt>
      <trkpt lat="41.537423" lon="2.380691">
        <ele>274.061</ele>
        <time>2025-01-09T13:29:49Z</time>
      </trkpt>
      <trkpt lat="41.537437" lon="2.380650">
        <ele>274.581</ele>
        <time>2025-01-09T13:29:53Z</time>
      </trkpt>
      <trkpt lat="41.537441" lon="2.380617">
        <ele>274.785</ele>
        <time>2025-01-09T13:29:56Z</time>
      </trkpt>
      <trkpt lat="41.537444" lon="2.380576">
        <ele>274.913</ele>
        <time>2025-01-09T13:30:00Z</time>
      </trkpt>
      <trkpt lat="41.537449" lon="2.380532">
        <ele>275.240</ele>
        <time>2025-01-09T13:30:06Z</time>
      </trkpt>
      <trkpt lat="41.537450" lon="2.380484">
        <ele>275.513</ele>
        <time>2025-01-09T13:30:11Z</time>
      </trkpt>
      <trkpt lat="41.537448" lon="2.380442">
        <ele>275.542</ele>
        <time>2025-01-09T13:30:16Z</time>
      </trkpt>
      <trkpt lat="41.537440" lon="2.380404">
        <ele>275.422</ele>
        <time>2025-01-09T13:30:22Z</time>
      </trkpt>
      <trkpt lat="41.537440" lon="2.380372">
        <ele>275.514</ele>
        <time>2025-01-09T13:30:25Z</time>
      </trkpt>
      <trkpt lat="41.537441" lon="2.380329">
        <ele>275.709</ele>
        <time>2025-01-09T13:30:29Z</time>
      </trkpt>
      <trkpt lat="41.537437" lon="2.380296">
        <ele>275.765</ele>
        <time>2025-01-09T13:30:32Z</time>
      </trkpt>
      <trkpt lat="41.537436" lon="2.380260">
        <ele>275.893</ele>
        <time>2025-01-09T13:30:35Z</time>
      </trkpt>
      <trkpt lat="41.537430" lon="2.380222">
        <ele>275.993</ele>
        <time>2025-01-09T13:30:39Z</time>
      </trkpt>
      <trkpt lat="41.537420" lon="2.380183">
        <ele>275.989</ele>
        <time>2025-01-09T13:30:41Z</time>
      </trkpt>
      <trkpt lat="41.537410" lon="2.380149">
        <ele>275.829</ele>
        <time>2025-01-09T13:30:44Z</time>
      </trkpt>
      <trkpt lat="41.537405" lon="2.380114">
        <ele>276.063</ele>
        <time>2025-01-09T13:30:48Z</time>
      </trkpt>
      <trkpt lat="41.537395" lon="2.380081">
        <ele>275.961</ele>
        <time>2025-01-09T13:30:51Z</time>
      </trkpt>
      <trkpt lat="41.537388" lon="2.380049">
        <ele>275.988</ele>
        <time>2025-01-09T13:30:55Z</time>
      </trkpt>
      <trkpt lat="41.537377" lon="2.380017">
        <ele>275.961</ele>
        <time>2025-01-09T13:30:59Z</time>
      </trkpt>
      <trkpt lat="41.537359" lon="2.379981">
        <ele>275.853</ele>
        <time>2025-01-09T13:31:02Z</time>
      </trkpt>
      <trkpt lat="41.537345" lon="2.379942">
        <ele>276.204</ele>
        <time>2025-01-09T13:31:06Z</time>
      </trkpt>
      <trkpt lat="41.537330" lon="2.379909">
        <ele>276.414</ele>
        <time>2025-01-09T13:31:10Z</time>
      </trkpt>
      <trkpt lat="41.537322" lon="2.379876">
        <ele>276.809</ele>
        <time>2025-01-09T13:31:14Z</time>
      </trkpt>
      <trkpt lat="41.537310" lon="2.379844">
        <ele>277.076</ele>
        <time>2025-01-09T13:31:20Z</time>
      </trkpt>
      <trkpt lat="41.537298" lon="2.379813">
        <ele>277.214</ele>
        <time>2025-01-09T13:31:23Z</time>
      </trkpt>
      <trkpt lat="41.537295" lon="2.379769">
        <ele>278.044</ele>
        <time>2025-01-09T13:31:27Z</time>
      </trkpt>
      <trkpt lat="41.537293" lon="2.379742">
        <ele>278.460</ele>
        <time>2025-01-09T13:31:34Z</time>
      </trkpt>
      <trkpt lat="41.537291" lon="2.379703">
        <ele>279.160</ele>
        <time>2025-01-09T13:31:37Z</time>
      </trkpt>
      <trkpt lat="41.537285" lon="2.379664">
        <ele>279.784</ele>
        <time>2025-01-09T13:31:39Z</time>
      </trkpt>
      <trkpt lat="41.537286" lon="2.379617">
        <ele>280.742</ele>
        <time>2025-01-09T13:31:44Z</time>
      </trkpt>
      <trkpt lat="41.537284" lon="2.379576">
        <ele>281.589</ele>
        <time>2025-01-09T13:31:50Z</time>
      </trkpt>
      <trkpt lat="41.537281" lon="2.379531">
        <ele>282.382</ele>
        <time>2025-01-09T13:31:56Z</time>
      </trkpt>
      <trkpt lat="41.537282" lon="2.379492">
        <ele>283.237</ele>
        <time>2025-01-09T13:31:59Z</time>
      </trkpt>
      <trkpt lat="41.537279" lon="2.379453">
        <ele>283.949</ele>
        <time>2025-01-09T13:32:03Z</time>
      </trkpt>
      <trkpt lat="41.537276" lon="2.379412">
        <ele>284.713</ele>
        <time>2025-01-09T13:32:09Z</time>
      </trkpt>
      <trkpt lat="41.537270" lon="2.379369">
        <ele>285.409</ele>
        <time>2025-01-09T13:32:14Z</time>
      </trkpt>
      <trkpt lat="41.537265" lon="2.379329">
        <ele>286.124</ele>
        <time>2025-01-09T13:32:18Z</time>
      </trkpt>
      <trkpt lat="41.537270" lon="2.379289">
        <ele>287.272</ele>
        <time>2025-01-09T13:32:22Z</time>
      </trkpt>
      <trkpt lat="41.537269" lon="2.379252">
        <ele>288.082</ele>
        <time>2025-01-09T13:32:25Z</time>
      </trkpt>
      <trkpt lat="41.537265" lon="2.379205">
        <ele>288.848</ele>
        <time>2025-01-09T13:32:31Z</time>
      </trkpt>
      <trkpt lat="41.537258" lon="2.379182">
        <ele>289.128</ele>
        <time>2025-01-09T13:32:32Z</time>
      </trkpt>
      <trkpt lat="41.537275" lon="2.379140">
        <ele>291.162</ele>
        <time>2025-01-09T13:32:36Z</time>
      </trkpt>
      <trkpt lat="41.537274" lon="2.379102">
        <ele>292.430</ele>
        <time>2025-01-09T13:32:41Z</time>
      </trkpt>
      <trkpt lat="41.537266" lon="2.379067">
        <ele>293.327</ele>
        <time>2025-01-09T13:32:43Z</time>
      </trkpt>
      <trkpt lat="41.537253" lon="2.379046">
        <ele>293.620</ele>
        <time>2025-01-09T13:32:45Z</time>
      </trkpt>
      <trkpt lat="41.537225" lon="2.379027">
        <ele>293.121</ele>
        <time>2025-01-09T13:32:48Z</time>
      </trkpt>
      <trkpt lat="41.537195" lon="2.379015">
        <ele>292.741</ele>
        <time>2025-01-09T13:32:52Z</time>
      </trkpt>
      <trkpt lat="41.537164" lon="2.379022">
        <ele>291.505</ele>
        <time>2025-01-09T13:32:55Z</time>
      </trkpt>
      <trkpt lat="41.537135" lon="2.379029">
        <ele>290.409</ele>
        <time>2025-01-09T13:32:59Z</time>
      </trkpt>
      <trkpt lat="41.537105" lon="2.379037">
        <ele>289.333</ele>
        <time>2025-01-09T13:33:02Z</time>
      </trkpt>
      <trkpt lat="41.537071" lon="2.379033">
        <ele>288.571</ele>
        <time>2025-01-09T13:33:06Z</time>
      </trkpt>
      <trkpt lat="41.537036" lon="2.379035">
        <ele>287.491</ele>
        <time>2025-01-09T13:33:10Z</time>
      </trkpt>
      <trkpt lat="41.537004" lon="2.379031">
        <ele>286.687</ele>
        <time>2025-01-09T13:33:13Z</time>
      </trkpt>
      <trkpt lat="41.536976" lon="2.379023">
        <ele>286.117</ele>
        <time>2025-01-09T13:33:17Z</time>
      </trkpt>
      <trkpt lat="41.536950" lon="2.379029">
        <ele>285.171</ele>
        <time>2025-01-09T13:33:21Z</time>
      </trkpt>
      <trkpt lat="41.536920" lon="2.379037">
        <ele>284.679</ele>
        <time>2025-01-09T13:33:24Z</time>
      </trkpt>
      <trkpt lat="41.536889" lon="2.379031">
        <ele>284.626</ele>
        <time>2025-01-09T13:33:28Z</time>
      </trkpt>
      <trkpt lat="41.536871" lon="2.379022">
        <ele>284.839</ele>
        <time>2025-01-09T13:33:31Z</time>
      </trkpt>
      <trkpt lat="41.536851" lon="2.379014">
        <ele>284.926</ele>
        <time>2025-01-09T13:33:35Z</time>
      </trkpt>
      <trkpt lat="41.536820" lon="2.379000">
        <ele>285.347</ele>
        <time>2025-01-09T13:33:40Z</time>
      </trkpt>
      <trkpt lat="41.536799" lon="2.378998">
        <ele>285.211</ele>
        <time>2025-01-09T13:33:44Z</time>
      </trkpt>
      <trkpt lat="41.536771" lon="2.378983">
        <ele>285.709</ele>
        <time>2025-01-09T13:33:50Z</time>
      </trkpt>
      <trkpt lat="41.536742" lon="2.378970">
        <ele>286.053</ele>
        <time>2025-01-09T13:33:54Z</time>
      </trkpt>
      <trkpt lat="41.536720" lon="2.378953">
        <ele>286.621</ele>
        <time>2025-01-09T13:34:00Z</time>
      </trkpt>
      <trkpt lat="41.536692" lon="2.378935">
        <ele>287.271</ele>
        <time>2025-01-09T13:34:03Z</time>
      </trkpt>
      <trkpt lat="41.536667" lon="2.378929">
        <ele>287.427</ele>
        <time>2025-01-09T13:34:06Z</time>
      </trkpt>
      <trkpt lat="41.536634" lon="2.378920">
        <ele>287.827</ele>
        <time>2025-01-09T13:34:09Z</time>
      </trkpt>
      <trkpt lat="41.536605" lon="2.378910">
        <ele>288.221</ele>
        <time>2025-01-09T13:34:12Z</time>
      </trkpt>
      <trkpt lat="41.536586" lon="2.378904">
        <ele>288.489</ele>
        <time>2025-01-09T13:34:15Z</time>
      </trkpt>
      <trkpt lat="41.536562" lon="2.378899">
        <ele>288.616</ele>
        <time>2025-01-09T13:34:19Z</time>
      </trkpt>
      <trkpt lat="41.536540" lon="2.378879">
        <ele>289.289</ele>
        <time>2025-01-09T13:34:24Z</time>
      </trkpt>
      <trkpt lat="41.536519" lon="2.378847">
        <ele>290.054</ele>
        <time>2025-01-09T13:34:28Z</time>
      </trkpt>
      <trkpt lat="41.536504" lon="2.378832">
        <ele>290.356</ele>
        <time>2025-01-09T13:34:32Z</time>
      </trkpt>
      <trkpt lat="41.536480" lon="2.378805">
        <ele>290.811</ele>
        <time>2025-01-09T13:34:36Z</time>
      </trkpt>
      <trkpt lat="41.536456" lon="2.378778">
        <ele>291.309</ele>
        <time>2025-01-09T13:34:42Z</time>
      </trkpt>
      <trkpt lat="41.536441" lon="2.378746">
        <ele>291.966</ele>
        <time>2025-01-09T13:34:46Z</time>
      </trkpt>
      <trkpt lat="41.536422" lon="2.378720">
        <ele>292.364</ele>
        <time>2025-01-09T13:34:51Z</time>
      </trkpt>
      <trkpt lat="41.536397" lon="2.378699">
        <ele>292.514</ele>
        <time>2025-01-09T13:34:56Z</time>
      </trkpt>
      <trkpt lat="41.536369" lon="2.378674">
        <ele>292.980</ele>
        <time>2025-01-09T13:35:01Z</time>
      </trkpt>
      <trkpt lat="41.536358" lon="2.378638">
        <ele>293.560</ele>
        <time>2025-01-09T13:35:05Z</time>
      </trkpt>
      <trkpt lat="41.536339" lon="2.378607">
        <ele>294.154</ele>
        <time>2025-01-09T13:35:08Z</time>
      </trkpt>
      <trkpt lat="41.536316" lon="2.378581">
        <ele>294.892</ele>
        <time>2025-01-09T13:35:13Z</time>
      </trkpt>
      <trkpt lat="41.536293" lon="2.378562">
        <ele>295.449</ele>
        <time>2025-01-09T13:35:18Z</time>
      </trkpt>
      <trkpt lat="41.536273" lon="2.378540">
        <ele>295.982</ele>
        <time>2025-01-09T13:35:24Z</time>
      </trkpt>
      <trkpt lat="41.536249" lon="2.378511">
        <ele>296.793</ele>
        <time>2025-01-09T13:35:28Z</time>
      </trkpt>
      <trkpt lat="41.536226" lon="2.378475">
        <ele>297.665</ele>
        <time>2025-01-09T13:35:33Z</time>
      </trkpt>
      <trkpt lat="41.536208" lon="2.378438">
        <ele>298.621</ele>
        <time>2025-01-09T13:35:40Z</time>
      </trkpt>
      <trkpt lat="41.536190" lon="2.378408">
        <ele>299.309</ele>
        <time>2025-01-09T13:35:45Z</time>
      </trkpt>
      <trkpt lat="41.536172" lon="2.378378">
        <ele>300.150</ele>
        <time>2025-01-09T13:35:49Z</time>
      </trkpt>
      <trkpt lat="41.536149" lon="2.378352">
        <ele>300.758</ele>
        <time>2025-01-09T13:35:52Z</time>
      </trkpt>
      <trkpt lat="41.536133" lon="2.378335">
        <ele>301.048</ele>
        <time>2025-01-09T13:35:54Z</time>
      </trkpt>
      <trkpt lat="41.536115" lon="2.378318">
        <ele>301.224</ele>
        <time>2025-01-09T13:35:56Z</time>
      </trkpt>
      <trkpt lat="41.536091" lon="2.378301">
        <ele>301.524</ele>
        <time>2025-01-09T13:35:59Z</time>
      </trkpt>
      <trkpt lat="41.536066" lon="2.378282">
        <ele>301.788</ele>
        <time>2025-01-09T13:36:01Z</time>
      </trkpt>
      <trkpt lat="41.536045" lon="2.378264">
        <ele>301.936</ele>
        <time>2025-01-09T13:36:04Z</time>
      </trkpt>
      <trkpt lat="41.536026" lon="2.378238">
        <ele>302.363</ele>
        <time>2025-01-09T13:36:06Z</time>
      </trkpt>
      <trkpt lat="41.536003" lon="2.378221">
        <ele>302.596</ele>
        <time>2025-01-09T13:36:09Z</time>
      </trkpt>
      <trkpt lat="41.535985" lon="2.378193">
        <ele>302.899</ele>
        <time>2025-01-09T13:36:11Z</time>
      </trkpt>
      <trkpt lat="41.535968" lon="2.378167">
        <ele>303.107</ele>
        <time>2025-01-09T13:36:17Z</time>
      </trkpt>
      <trkpt lat="41.535951" lon="2.378148">
        <ele>303.327</ele>
        <time>2025-01-09T13:36:20Z</time>
      </trkpt>
      <trkpt lat="41.535928" lon="2.378139">
        <ele>303.309</ele>
        <time>2025-01-09T13:36:22Z</time>
      </trkpt>
      <trkpt lat="41.535889" lon="2.378152">
        <ele>303.110</ele>
        <time>2025-01-09T13:36:28Z</time>
      </trkpt>
      <trkpt lat="41.535870" lon="2.378167">
        <ele>302.998</ele>
        <time>2025-01-09T13:36:31Z</time>
      </trkpt>
      <trkpt lat="41.535839" lon="2.378185">
        <ele>302.658</ele>
        <time>2025-01-09T13:36:35Z</time>
      </trkpt>
      <trkpt lat="41.535823" lon="2.378201">
        <ele>302.594</ele>
        <time>2025-01-09T13:36:38Z</time>
      </trkpt>
      <trkpt lat="41.535795" lon="2.378212">
        <ele>302.574</ele>
        <time>2025-01-09T13:36:40Z</time>
      </trkpt>
      <trkpt lat="41.535768" lon="2.378229">
        <ele>302.518</ele>
        <time>2025-01-09T13:36:44Z</time>
      </trkpt>
      <trkpt lat="41.535742" lon="2.378234">
        <ele>302.666</ele>
        <time>2025-01-09T13:36:46Z</time>
      </trkpt>
      <trkpt lat="41.535723" lon="2.378239">
        <ele>302.753</ele>
        <time>2025-01-09T13:36:48Z</time>
      </trkpt>
      <trkpt lat="41.535690" lon="2.378246">
        <ele>302.866</ele>
        <time>2025-01-09T13:36:52Z</time>
      </trkpt>
      <trkpt lat="41.535666" lon="2.378254">
        <ele>303.064</ele>
        <time>2025-01-09T13:36:56Z</time>
      </trkpt>
      <trkpt lat="41.535641" lon="2.378276">
        <ele>303.106</ele>
        <time>2025-01-09T13:36:59Z</time>
      </trkpt>
      <trkpt lat="41.535619" lon="2.378300">
        <ele>303.316</ele>
        <time>2025-01-09T13:37:03Z</time>
      </trkpt>
      <trkpt lat="41.535596" lon="2.378324">
        <ele>303.509</ele>
        <time>2025-01-09T13:37:09Z</time>
      </trkpt>
      <trkpt lat="41.535571" lon="2.378341">
        <ele>303.857</ele>
        <time>2025-01-09T13:37:13Z</time>
      </trkpt>
      <trkpt lat="41.535541" lon="2.378356">
        <ele>304.085</ele>
        <time>2025-01-09T13:37:18Z</time>
      </trkpt>
      <trkpt lat="41.535523" lon="2.378376">
        <ele>304.125</ele>
        <time>2025-01-09T13:37:23Z</time>
      </trkpt>
      <trkpt lat="41.535505" lon="2.378398">
        <ele>304.291</ele>
        <time>2025-01-09T13:37:26Z</time>
      </trkpt>
      <trkpt lat="41.535485" lon="2.378424">
        <ele>304.321</ele>
        <time>2025-01-09T13:37:30Z</time>
      </trkpt>
      <trkpt lat="41.535458" lon="2.378443">
        <ele>304.525</ele>
        <time>2025-01-09T13:37:35Z</time>
      </trkpt>
      <trkpt lat="41.535427" lon="2.378449">
        <ele>304.983</ele>
        <time>2025-01-09T13:37:40Z</time>
      </trkpt>
      <trkpt lat="41.535396" lon="2.378438">
        <ele>305.410</ele>
        <time>2025-01-09T13:37:48Z</time>
      </trkpt>
      <trkpt lat="41.535372" lon="2.378417">
        <ele>305.873</ele>
        <time>2025-01-09T13:37:57Z</time>
      </trkpt>
      <trkpt lat="41.535353" lon="2.378407">
        <ele>306.028</ele>
        <time>2025-01-09T13:38:04Z</time>
      </trkpt>
      <trkpt lat="41.535329" lon="2.378403">
        <ele>306.489</ele>
        <time>2025-01-09T13:38:09Z</time>
      </trkpt>
      <trkpt lat="41.535297" lon="2.378401">
        <ele>306.817</ele>
        <time>2025-01-09T13:38:15Z</time>
      </trkpt>
      <trkpt lat="41.535271" lon="2.378405">
        <ele>307.009</ele>
        <time>2025-01-09T13:38:21Z</time>
      </trkpt>
      <trkpt lat="41.535250" lon="2.378392">
        <ele>307.043</ele>
        <time>2025-01-09T13:38:28Z</time>
      </trkpt>
      <trkpt lat="41.535225" lon="2.378384">
        <ele>307.031</ele>
        <time>2025-01-09T13:38:31Z</time>
      </trkpt>
      <trkpt lat="41.535199" lon="2.378383">
        <ele>307.071</ele>
        <time>2025-01-09T13:38:33Z</time>
      </trkpt>
      <trkpt lat="41.535168" lon="2.378396">
        <ele>307.037</ele>
        <time>2025-01-09T13:38:36Z</time>
      </trkpt>
      <trkpt lat="41.535140" lon="2.378413">
        <ele>307.037</ele>
        <time>2025-01-09T13:38:39Z</time>
      </trkpt>
      <trkpt lat="41.535115" lon="2.378434">
        <ele>307.041</ele>
        <time>2025-01-09T13:38:42Z</time>
      </trkpt>
      <trkpt lat="41.535095" lon="2.378458">
        <ele>307.019</ele>
        <time>2025-01-09T13:38:44Z</time>
      </trkpt>
      <trkpt lat="41.535078" lon="2.378484">
        <ele>307.046</ele>
        <time>2025-01-09T13:38:47Z</time>
      </trkpt>
      <trkpt lat="41.535070" lon="2.378506">
        <ele>307.049</ele>
        <time>2025-01-09T13:38:48Z</time>
      </trkpt>
      <trkpt lat="41.535055" lon="2.378539">
        <ele>307.088</ele>
        <time>2025-01-09T13:38:51Z</time>
      </trkpt>
      <trkpt lat="41.535041" lon="2.378570">
        <ele>307.024</ele>
        <time>2025-01-09T13:38:53Z</time>
      </trkpt>
      <trkpt lat="41.535025" lon="2.378602">
        <ele>307.026</ele>
        <time>2025-01-09T13:38:56Z</time>
      </trkpt>
      <trkpt lat="41.535009" lon="2.378637">
        <ele>307.109</ele>
        <time>2025-01-09T13:38:59Z</time>
      </trkpt>
      <trkpt lat="41.534991" lon="2.378670">
        <ele>307.199</ele>
        <time>2025-01-09T13:39:02Z</time>
      </trkpt>
      <trkpt lat="41.534971" lon="2.378698">
        <ele>307.047</ele>
        <time>2025-01-09T13:39:04Z</time>
      </trkpt>
      <trkpt lat="41.534957" lon="2.378728">
        <ele>306.917</ele>
        <time>2025-01-09T13:39:08Z</time>
      </trkpt>
      <trkpt lat="41.534943" lon="2.378763">
        <ele>306.873</ele>
        <time>2025-01-09T13:39:11Z</time>
      </trkpt>
      <trkpt lat="41.534928" lon="2.378799">
        <ele>306.793</ele>
        <time>2025-01-09T13:39:14Z</time>
      </trkpt>
      <trkpt lat="41.534919" lon="2.378840">
        <ele>306.767</ele>
        <time>2025-01-09T13:39:17Z</time>
      </trkpt>
      <trkpt lat="41.534911" lon="2.378884">
        <ele>306.775</ele>
        <time>2025-01-09T13:39:20Z</time>
      </trkpt>
      <trkpt lat="41.534902" lon="2.378905">
        <ele>306.562</ele>
        <time>2025-01-09T13:39:22Z</time>
      </trkpt>
      <trkpt lat="41.534893" lon="2.378929">
        <ele>306.335</ele>
        <time>2025-01-09T13:39:25Z</time>
      </trkpt>
      <trkpt lat="41.534881" lon="2.378953">
        <ele>306.048</ele>
        <time>2025-01-09T13:39:27Z</time>
      </trkpt>
      <trkpt lat="41.534900" lon="2.378976">
        <ele>306.261</ele>
        <time>2025-01-09T13:39:29Z</time>
      </trkpt>
      <trkpt lat="41.534914" lon="2.379000">
        <ele>306.217</ele>
        <time>2025-01-09T13:39:35Z</time>
      </trkpt>
      <trkpt lat="41.534907" lon="2.379023">
        <ele>306.009</ele>
        <time>2025-01-09T13:39:39Z</time>
      </trkpt>
      <trkpt lat="41.534882" lon="2.379049">
        <ele>305.655</ele>
        <time>2025-01-09T13:39:44Z</time>
      </trkpt>
      <trkpt lat="41.534858" lon="2.379067">
        <ele>305.393</ele>
        <time>2025-01-09T13:39:47Z</time>
      </trkpt>
      <trkpt lat="41.534837" lon="2.379086">
        <ele>305.183</ele>
        <time>2025-01-09T13:39:50Z</time>
      </trkpt>
      <trkpt lat="41.534821" lon="2.379102">
        <ele>304.989</ele>
        <time>2025-01-09T13:39:54Z</time>
      </trkpt>
      <trkpt lat="41.534801" lon="2.379111">
        <ele>304.739</ele>
        <time>2025-01-09T13:39:57Z</time>
      </trkpt>
      <trkpt lat="41.534781" lon="2.379120">
        <ele>304.583</ele>
        <time>2025-01-09T13:40:02Z</time>
      </trkpt>
      <trkpt lat="41.534761" lon="2.379129">
        <ele>304.361</ele>
        <time>2025-01-09T13:40:05Z</time>
      </trkpt>
      <trkpt lat="41.534744" lon="2.379145">
        <ele>304.268</ele>
        <time>2025-01-09T13:40:09Z</time>
      </trkpt>
      <trkpt lat="41.534731" lon="2.379167">
        <ele>304.181</ele>
        <time>2025-01-09T13:40:12Z</time>
      </trkpt>
      <trkpt lat="41.534714" lon="2.379186">
        <ele>303.463</ele>
        <time>2025-01-09T13:40:15Z</time>
      </trkpt>
      <trkpt lat="41.534696" lon="2.379192">
        <ele>302.644</ele>
        <time>2025-01-09T13:40:19Z</time>
      </trkpt>
      <trkpt lat="41.534667" lon="2.379197">
        <ele>301.518</ele>
        <time>2025-01-09T13:40:24Z</time>
      </trkpt>
      <trkpt lat="41.534631" lon="2.379190">
        <ele>300.409</ele>
        <time>2025-01-09T13:40:28Z</time>
      </trkpt>
      <trkpt lat="41.534600" lon="2.379185">
        <ele>299.427</ele>
        <time>2025-01-09T13:40:33Z</time>
      </trkpt>
      <trkpt lat="41.534580" lon="2.379162">
        <ele>298.935</ele>
        <time>2025-01-09T13:40:40Z</time>
      </trkpt>
      <trkpt lat="41.534548" lon="2.379131">
        <ele>297.665</ele>
        <time>2025-01-09T13:40:45Z</time>
      </trkpt>
      <trkpt lat="41.534528" lon="2.379110">
        <ele>296.911</ele>
        <time>2025-01-09T13:40:49Z</time>
      </trkpt>
      <trkpt lat="41.534512" lon="2.379091">
        <ele>296.241</ele>
        <time>2025-01-09T13:40:51Z</time>
      </trkpt>
      <trkpt lat="41.534494" lon="2.379054">
        <ele>295.565</ele>
        <time>2025-01-09T13:40:57Z</time>
      </trkpt>
      <trkpt lat="41.534474" lon="2.379007">
        <ele>294.633</ele>
        <time>2025-01-09T13:41:04Z</time>
      </trkpt>
      <trkpt lat="41.534447" lon="2.378970">
        <ele>293.480</ele>
        <time>2025-01-09T13:41:12Z</time>
      </trkpt>
      <trkpt lat="41.534433" lon="2.378953">
        <ele>292.963</ele>
        <time>2025-01-09T13:41:16Z</time>
      </trkpt>
      <trkpt lat="41.534415" lon="2.378949">
        <ele>292.311</ele>
        <time>2025-01-09T13:41:20Z</time>
      </trkpt>
      <trkpt lat="41.534397" lon="2.378942">
        <ele>291.721</ele>
        <time>2025-01-09T13:41:23Z</time>
      </trkpt>
      <trkpt lat="41.534371" lon="2.378947">
        <ele>290.803</ele>
        <time>2025-01-09T13:41:30Z</time>
      </trkpt>
      <trkpt lat="41.534347" lon="2.378943">
        <ele>290.009</ele>
        <time>2025-01-09T13:41:32Z</time>
      </trkpt>
      <trkpt lat="41.534314" lon="2.378960">
        <ele>289.022</ele>
        <time>2025-01-09T13:41:36Z</time>
      </trkpt>
      <trkpt lat="41.534295" lon="2.378965">
        <ele>288.470</ele>
        <time>2025-01-09T13:41:38Z</time>
      </trkpt>
      <trkpt lat="41.534275" lon="2.378979">
        <ele>287.890</ele>
        <time>2025-01-09T13:41:41Z</time>
      </trkpt>
      <trkpt lat="41.534244" lon="2.379000">
        <ele>286.996</ele>
        <time>2025-01-09T13:41:47Z</time>
      </trkpt>
      <trkpt lat="41.534210" lon="2.379012">
        <ele>285.856</ele>
        <time>2025-01-09T13:41:51Z</time>
      </trkpt>
      <trkpt lat="41.534180" lon="2.379021">
        <ele>284.980</ele>
        <time>2025-01-09T13:41:57Z</time>
      </trkpt>
      <trkpt lat="41.534158" lon="2.379052">
        <ele>284.428</ele>
        <time>2025-01-09T13:42:06Z</time>
      </trkpt>
      <trkpt lat="41.534133" lon="2.379073">
        <ele>283.925</ele>
        <time>2025-01-09T13:42:13Z</time>
      </trkpt>
      <trkpt lat="41.534126" lon="2.379096">
        <ele>283.858</ele>
        <time>2025-01-09T13:42:17Z</time>
      </trkpt>
      <trkpt lat="41.534115" lon="2.379134">
        <ele>283.611</ele>
        <time>2025-01-09T13:42:22Z</time>
      </trkpt>
      <trkpt lat="41.534099" lon="2.379176">
        <ele>283.321</ele>
        <time>2025-01-09T13:42:30Z</time>
      </trkpt>
      <trkpt lat="41.534101" lon="2.379216">
        <ele>283.503</ele>
        <time>2025-01-09T13:42:36Z</time>
      </trkpt>
      <trkpt lat="41.534091" lon="2.379241">
        <ele>283.309</ele>
        <time>2025-01-09T13:42:38Z</time>
      </trkpt>
      <trkpt lat="41.534072" lon="2.379253">
        <ele>282.842</ele>
        <time>2025-01-09T13:42:42Z</time>
      </trkpt>
      <trkpt lat="41.534050" lon="2.379268">
        <ele>282.370</ele>
        <time>2025-01-09T13:42:46Z</time>
      </trkpt>
      <trkpt lat="41.534034" lon="2.379284">
        <ele>281.980</ele>
        <time>2025-01-09T13:42:50Z</time>
      </trkpt>
      <trkpt lat="41.534019" lon="2.379309">
        <ele>281.556</ele>
        <time>2025-01-09T13:42:53Z</time>
      </trkpt>
      <trkpt lat="41.533994" lon="2.379321">
        <ele>280.996</ele>
        <time>2025-01-09T13:42:59Z</time>
      </trkpt>
      <trkpt lat="41.533976" lon="2.379330">
        <ele>280.440</ele>
        <time>2025-01-09T13:43:03Z</time>
      </trkpt>
      <trkpt lat="41.533947" lon="2.379331">
        <ele>279.688</ele>
        <time>2025-01-09T13:43:06Z</time>
      </trkpt>
      <trkpt lat="41.533924" lon="2.379341">
        <ele>279.085</ele>
        <time>2025-01-09T13:43:11Z</time>
      </trkpt>
      <trkpt lat="41.533896" lon="2.379341">
        <ele>278.268</ele>
        <time>2025-01-09T13:43:14Z</time>
      </trkpt>
      <trkpt lat="41.533867" lon="2.379349">
        <ele>277.428</ele>
        <time>2025-01-09T13:43:17Z</time>
      </trkpt>
      <trkpt lat="41.533837" lon="2.379350">
        <ele>276.689</ele>
        <time>2025-01-09T13:43:22Z</time>
      </trkpt>
      <trkpt lat="41.533815" lon="2.379355">
        <ele>276.017</ele>
        <time>2025-01-09T13:43:26Z</time>
      </trkpt>
      <trkpt lat="41.533795" lon="2.379373">
        <ele>275.509</ele>
        <time>2025-01-09T13:43:32Z</time>
      </trkpt>
      <trkpt lat="41.533775" lon="2.379387">
        <ele>275.063</ele>
        <time>2025-01-09T13:43:35Z</time>
      </trkpt>
      <trkpt lat="41.533751" lon="2.379405">
        <ele>274.481</ele>
        <time>2025-01-09T13:43:40Z</time>
      </trkpt>
      <trkpt lat="41.533726" lon="2.379432">
        <ele>273.841</ele>
        <time>2025-01-09T13:43:45Z</time>
      </trkpt>
      <trkpt lat="41.533704" lon="2.379449">
        <ele>273.337</ele>
        <time>2025-01-09T13:43:49Z</time>
      </trkpt>
      <trkpt lat="41.533679" lon="2.379463">
        <ele>272.427</ele>
        <time>2025-01-09T13:43:51Z</time>
      </trkpt>
      <trkpt lat="41.533651" lon="2.379481">
        <ele>271.421</ele>
        <time>2025-01-09T13:43:55Z</time>
      </trkpt>
      <trkpt lat="41.533628" lon="2.379498">
        <ele>270.529</ele>
        <time>2025-01-09T13:43:59Z</time>
      </trkpt>
      <trkpt lat="41.533603" lon="2.379502">
        <ele>269.836</ele>
        <time>2025-01-09T13:44:01Z</time>
      </trkpt>
      <trkpt lat="41.533576" lon="2.379515">
        <ele>269.049</ele>
        <time>2025-01-09T13:44:04Z</time>
      </trkpt>
      <trkpt lat="41.533549" lon="2.379531">
        <ele>268.239</ele>
        <time>2025-01-09T13:44:07Z</time>
      </trkpt>
      <trkpt lat="41.533516" lon="2.379535">
        <ele>267.501</ele>
        <time>2025-01-09T13:44:11Z</time>
      </trkpt>
      <trkpt lat="41.533489" lon="2.379549">
        <ele>266.821</ele>
        <time>2025-01-09T13:44:13Z</time>
      </trkpt>
      <trkpt lat="41.533460" lon="2.379568">
        <ele>266.009</ele>
        <time>2025-01-09T13:44:16Z</time>
      </trkpt>
      <trkpt lat="41.533445" lon="2.379587">
        <ele>265.564</ele>
        <time>2025-01-09T13:44:18Z</time>
      </trkpt>
      <trkpt lat="41.533418" lon="2.379619">
        <ele>264.612</ele>
        <time>2025-01-09T13:44:22Z</time>
      </trkpt>
      <trkpt lat="41.533397" lon="2.379632">
        <ele>264.032</ele>
        <time>2025-01-09T13:44:24Z</time>
      </trkpt>
      <trkpt lat="41.533377" lon="2.379647">
        <ele>263.578</ele>
        <time>2025-01-09T13:44:27Z</time>
      </trkpt>
      <trkpt lat="41.533351" lon="2.379666">
        <ele>262.928</ele>
        <time>2025-01-09T13:44:30Z</time>
      </trkpt>
      <trkpt lat="41.533321" lon="2.379681">
        <ele>262.692</ele>
        <time>2025-01-09T13:44:33Z</time>
      </trkpt>
      <trkpt lat="41.533293" lon="2.379704">
        <ele>262.650</ele>
        <time>2025-01-09T13:44:36Z</time>
      </trkpt>
      <trkpt lat="41.533277" lon="2.379718">
        <ele>262.697</ele>
        <time>2025-01-09T13:44:38Z</time>
      </trkpt>
      <trkpt lat="41.533248" lon="2.379745">
        <ele>262.570</ele>
        <time>2025-01-09T13:44:41Z</time>
      </trkpt>
      <trkpt lat="41.533223" lon="2.379764">
        <ele>262.496</ele>
        <time>2025-01-09T13:44:44Z</time>
      </trkpt>
      <trkpt lat="41.533198" lon="2.379781">
        <ele>262.431</ele>
        <time>2025-01-09T13:44:47Z</time>
      </trkpt>
      <trkpt lat="41.533176" lon="2.379798">
        <ele>262.324</ele>
        <time>2025-01-09T13:44:49Z</time>
      </trkpt>
      <trkpt lat="41.533148" lon="2.379824">
        <ele>262.209</ele>
        <time>2025-01-09T13:44:52Z</time>
      </trkpt>
      <trkpt lat="41.533127" lon="2.379853">
        <ele>261.910</ele>
        <time>2025-01-09T13:44:55Z</time>
      </trkpt>
      <trkpt lat="41.533102" lon="2.379865">
        <ele>261.998</ele>
        <time>2025-01-09T13:44:58Z</time>
      </trkpt>
      <trkpt lat="41.533075" lon="2.379877">
        <ele>262.088</ele>
        <time>2025-01-09T13:45:00Z</time>
      </trkpt>
      <trkpt lat="41.533047" lon="2.379885">
        <ele>262.134</ele>
        <time>2025-01-09T13:45:03Z</time>
      </trkpt>
      <trkpt lat="41.533023" lon="2.379896">
        <ele>262.114</ele>
        <time>2025-01-09T13:45:05Z</time>
      </trkpt>
      <trkpt lat="41.532998" lon="2.379912">
        <ele>261.978</ele>
        <time>2025-01-09T13:45:08Z</time>
      </trkpt>
      <trkpt lat="41.532970" lon="2.379928">
        <ele>261.886</ele>
        <time>2025-01-09T13:45:11Z</time>
      </trkpt>
      <trkpt lat="41.532946" lon="2.379946">
        <ele>261.723</ele>
        <time>2025-01-09T13:45:14Z</time>
      </trkpt>
      <trkpt lat="41.532921" lon="2.379966">
        <ele>261.516</ele>
        <time>2025-01-09T13:45:18Z</time>
      </trkpt>
      <trkpt lat="41.532901" lon="2.379988">
        <ele>261.377</ele>
        <time>2025-01-09T13:45:21Z</time>
      </trkpt>
      <trkpt lat="41.532884" lon="2.380012">
        <ele>261.161</ele>
        <time>2025-01-09T13:45:25Z</time>
      </trkpt>
      <trkpt lat="41.532865" lon="2.380034">
        <ele>261.027</ele>
        <time>2025-01-09T13:45:29Z</time>
      </trkpt>
      <trkpt lat="41.532839" lon="2.380054">
        <ele>261.009</ele>
        <time>2025-01-09T13:45:32Z</time>
      </trkpt>
      <trkpt lat="41.532813" lon="2.380074">
        <ele>260.968</ele>
        <time>2025-01-09T13:45:35Z</time>
      </trkpt>
      <trkpt lat="41.532792" lon="2.380103">
        <ele>260.836</ele>
        <time>2025-01-09T13:45:38Z</time>
      </trkpt>
      <trkpt lat="41.532770" lon="2.380120">
        <ele>260.726</ele>
        <time>2025-01-09T13:45:40Z</time>
      </trkpt>
      <trkpt lat="41.532741" lon="2.380113">
        <ele>260.532</ele>
        <time>2025-01-09T13:45:43Z</time>
      </trkpt>
      <trkpt lat="41.532715" lon="2.380099">
        <ele>260.582</ele>
        <time>2025-01-09T13:45:45Z</time>
      </trkpt>
      <trkpt lat="41.532691" lon="2.380083">
        <ele>260.656</ele>
        <time>2025-01-09T13:45:48Z</time>
      </trkpt>
      <trkpt lat="41.532667" lon="2.380066">
        <ele>260.764</ele>
        <time>2025-01-09T13:45:51Z</time>
      </trkpt>
      <trkpt lat="41.532643" lon="2.380038">
        <ele>261.021</ele>
        <time>2025-01-09T13:45:54Z</time>
      </trkpt>
      <trkpt lat="41.532622" lon="2.380013">
        <ele>261.214</ele>
        <time>2025-01-09T13:45:57Z</time>
      </trkpt>
      <trkpt lat="41.532596" lon="2.379995">
        <ele>261.495</ele>
        <time>2025-01-09T13:46:00Z</time>
      </trkpt>
      <trkpt lat="41.532567" lon="2.379973">
        <ele>261.649</ele>
        <time>2025-01-09T13:46:03Z</time>
      </trkpt>
      <trkpt lat="41.532540" lon="2.379951">
        <ele>261.723</ele>
        <time>2025-01-09T13:46:06Z</time>
      </trkpt>
      <trkpt lat="41.532515" lon="2.379936">
        <ele>261.809</ele>
        <time>2025-01-09T13:46:09Z</time>
      </trkpt>
      <trkpt lat="41.532491" lon="2.379909">
        <ele>261.990</ele>
        <time>2025-01-09T13:46:12Z</time>
      </trkpt>
      <trkpt lat="41.532472" lon="2.379881">
        <ele>262.198</ele>
        <time>2025-01-09T13:46:15Z</time>
      </trkpt>
      <trkpt lat="41.532446" lon="2.379858">
        <ele>262.258</ele>
        <time>2025-01-09T13:46:18Z</time>
      </trkpt>
      <trkpt lat="41.532423" lon="2.379834">
        <ele>262.474</ele>
        <time>2025-01-09T13:46:21Z</time>
      </trkpt>
      <trkpt lat="41.532401" lon="2.379816">
        <ele>262.464</ele>
        <time>2025-01-09T13:46:24Z</time>
      </trkpt>
      <trkpt lat="41.532374" lon="2.379797">
        <ele>262.478</ele>
        <time>2025-01-09T13:46:27Z</time>
      </trkpt>
      <trkpt lat="41.532348" lon="2.379776">
        <ele>262.496</ele>
        <time>2025-01-09T13:46:31Z</time>
      </trkpt>
      <trkpt lat="41.532324" lon="2.379758">
        <ele>262.493</ele>
        <time>2025-01-09T13:46:33Z</time>
      </trkpt>
      <trkpt lat="41.532304" lon="2.379741">
        <ele>262.466</ele>
        <time>2025-01-09T13:46:35Z</time>
      </trkpt>
      <trkpt lat="41.532286" lon="2.379720">
        <ele>262.516</ele>
        <time>2025-01-09T13:46:38Z</time>
      </trkpt>
      <trkpt lat="41.532261" lon="2.379700">
        <ele>262.376</ele>
        <time>2025-01-09T13:46:40Z</time>
      </trkpt>
      <trkpt lat="41.532238" lon="2.379687">
        <ele>262.113</ele>
        <time>2025-01-09T13:46:43Z</time>
      </trkpt>
      <trkpt lat="41.532210" lon="2.379673">
        <ele>262.009</ele>
        <time>2025-01-09T13:46:46Z</time>
      </trkpt>
      <trkpt lat="41.532191" lon="2.379647">
        <ele>262.152</ele>
        <time>2025-01-09T13:46:48Z</time>
      </trkpt>
      <trkpt lat="41.532177" lon="2.379623">
        <ele>262.130</ele>
        <time>2025-01-09T13:46:50Z</time>
      </trkpt>
      <trkpt lat="41.532158" lon="2.379609">
        <ele>262.120</ele>
        <time>2025-01-09T13:46:52Z</time>
      </trkpt>
      <trkpt lat="41.532141" lon="2.379582">
        <ele>262.196</ele>
        <time>2025-01-09T13:46:55Z</time>
      </trkpt>
      <trkpt lat="41.532115" lon="2.379571">
        <ele>262.236</ele>
        <time>2025-01-09T13:46:58Z</time>
      </trkpt>
      <trkpt lat="41.532085" lon="2.379550">
        <ele>262.240</ele>
        <time>2025-01-09T13:47:00Z</time>
      </trkpt>
      <trkpt lat="41.532059" lon="2.379521">
        <ele>262.258</ele>
        <time>2025-01-09T13:47:03Z</time>
      </trkpt>
      <trkpt lat="41.532042" lon="2.379487">
        <ele>262.185</ele>
        <time>2025-01-09T13:47:07Z</time>
      </trkpt>
      <trkpt lat="41.532026" lon="2.379454">
        <ele>262.068</ele>
        <time>2025-01-09T13:47:10Z</time>
      </trkpt>
      <trkpt lat="41.532020" lon="2.379420">
        <ele>261.841</ele>
        <time>2025-01-09T13:47:14Z</time>
      </trkpt>
      <trkpt lat="41.532013" lon="2.379381">
        <ele>261.681</ele>
        <time>2025-01-09T13:47:17Z</time>
      </trkpt>
      <trkpt lat="41.532003" lon="2.379342">
        <ele>261.309</ele>
        <time>2025-01-09T13:47:20Z</time>
      </trkpt>
      <trkpt lat="41.531993" lon="2.379305">
        <ele>261.109</ele>
        <time>2025-01-09T13:47:23Z</time>
      </trkpt>
      <trkpt lat="41.531977" lon="2.379270">
        <ele>260.815</ele>
        <time>2025-01-09T13:47:26Z</time>
      </trkpt>
      <trkpt lat="41.531996" lon="2.379283">
        <ele>260.963</ele>
        <time>2025-01-09T13:47:36Z</time>
      </trkpt>
      <trkpt lat="41.532000" lon="2.379321">
        <ele>261.213</ele>
        <time>2025-01-09T13:47:40Z</time>
      </trkpt>
      <trkpt lat="41.532004" lon="2.379354">
        <ele>261.429</ele>
        <time>2025-01-09T13:47:44Z</time>
      </trkpt>
      <trkpt lat="41.532013" lon="2.379387">
        <ele>261.699</ele>
        <time>2025-01-09T13:47:49Z</time>
      </trkpt>
      <trkpt lat="41.532019" lon="2.379417">
        <ele>261.853</ele>
        <time>2025-01-09T13:47:52Z</time>
      </trkpt>
      <trkpt lat="41.532030" lon="2.379454">
        <ele>262.041</ele>
        <time>2025-01-09T13:47:56Z</time>
      </trkpt>
      <trkpt lat="41.532044" lon="2.379488">
        <ele>262.168</ele>
        <time>2025-01-09T13:47:59Z</time>
      </trkpt>
      <trkpt lat="41.532059" lon="2.379525">
        <ele>262.221</ele>
        <time>2025-01-09T13:48:02Z</time>
      </trkpt>
      <trkpt lat="41.532077" lon="2.379563">
        <ele>262.285</ele>
        <time>2025-01-09T13:48:05Z</time>
      </trkpt>
      <trkpt lat="41.532088" lon="2.379585">
        <ele>262.289</ele>
        <time>2025-01-09T13:48:07Z</time>
      </trkpt>
      <trkpt lat="41.532098" lon="2.379616">
        <ele>262.317</ele>
        <time>2025-01-09T13:48:10Z</time>
      </trkpt>
      <trkpt lat="41.532091" lon="2.379655">
        <ele>262.409</ele>
        <time>2025-01-09T13:48:13Z</time>
      </trkpt>
      <trkpt lat="41.532078" lon="2.379673">
        <ele>262.449</ele>
        <time>2025-01-09T13:48:15Z</time>
      </trkpt>
      <trkpt lat="41.532057" lon="2.379673">
        <ele>262.597</ele>
        <time>2025-01-09T13:48:17Z</time>
      </trkpt>
      <trkpt lat="41.532029" lon="2.379680">
        <ele>262.657</ele>
        <time>2025-01-09T13:48:20Z</time>
      </trkpt>
      <trkpt lat="41.531998" lon="2.379694">
        <ele>262.763</ele>
        <time>2025-01-09T13:48:23Z</time>
      </trkpt>
      <trkpt lat="41.531976" lon="2.379706">
        <ele>262.843</ele>
        <time>2025-01-09T13:48:26Z</time>
      </trkpt>
      <trkpt lat="41.531947" lon="2.379711">
        <ele>263.057</ele>
        <time>2025-01-09T13:48:28Z</time>
      </trkpt>
      <trkpt lat="41.531919" lon="2.379715">
        <ele>263.365</ele>
        <time>2025-01-09T13:48:32Z</time>
      </trkpt>
      <trkpt lat="41.531888" lon="2.379718">
        <ele>263.622</ele>
        <time>2025-01-09T13:48:35Z</time>
      </trkpt>
      <trkpt lat="41.531861" lon="2.379718">
        <ele>263.935</ele>
        <time>2025-01-09T13:48:38Z</time>
      </trkpt>
      <trkpt lat="41.531836" lon="2.379720">
        <ele>264.263</ele>
        <time>2025-01-09T13:48:42Z</time>
      </trkpt>
      <trkpt lat="41.531806" lon="2.379727">
        <ele>264.544</ele>
        <time>2025-01-09T13:48:45Z</time>
      </trkpt>
      <trkpt lat="41.531779" lon="2.379744">
        <ele>264.718</ele>
        <time>2025-01-09T13:48:48Z</time>
      </trkpt>
      <trkpt lat="41.531751" lon="2.379759">
        <ele>264.909</ele>
        <time>2025-01-09T13:48:52Z</time>
      </trkpt>
      <trkpt lat="41.531717" lon="2.379767">
        <ele>265.287</ele>
        <time>2025-01-09T13:48:55Z</time>
      </trkpt>
      <trkpt lat="41.531688" lon="2.379769">
        <ele>265.595</ele>
        <time>2025-01-09T13:48:58Z</time>
      </trkpt>
      <trkpt lat="41.531660" lon="2.379779">
        <ele>265.615</ele>
        <time>2025-01-09T13:49:01Z</time>
      </trkpt>
      <trkpt lat="41.531628" lon="2.379789">
        <ele>265.711</ele>
        <time>2025-01-09T13:49:05Z</time>
      </trkpt>
      <trkpt lat="41.531606" lon="2.379809">
        <ele>265.771</ele>
        <time>2025-01-09T13:49:08Z</time>
      </trkpt>
      <trkpt lat="41.531581" lon="2.379822">
        <ele>265.735</ele>
        <time>2025-01-09T13:49:10Z</time>
      </trkpt>
      <trkpt lat="41.531549" lon="2.379839">
        <ele>265.883</ele>
        <time>2025-01-09T13:49:13Z</time>
      </trkpt>
      <trkpt lat="41.531522" lon="2.379851">
        <ele>265.820</ele>
        <time>2025-01-09T13:49:16Z</time>
      </trkpt>
      <trkpt lat="41.531497" lon="2.379878">
        <ele>265.873</ele>
        <time>2025-01-09T13:49:19Z</time>
      </trkpt>
      <trkpt lat="41.531478" lon="2.379894">
        <ele>265.929</ele>
        <time>2025-01-09T13:49:21Z</time>
      </trkpt>
      <trkpt lat="41.531457" lon="2.379909">
        <ele>265.900</ele>
        <time>2025-01-09T13:49:24Z</time>
      </trkpt>
      <trkpt lat="41.531429" lon="2.379927">
        <ele>266.020</ele>
        <time>2025-01-09T13:49:27Z</time>
      </trkpt>
      <trkpt lat="41.531403" lon="2.379953">
        <ele>266.109</ele>
        <time>2025-01-09T13:49:30Z</time>
      </trkpt>
      <trkpt lat="41.531384" lon="2.379978">
        <ele>266.253</ele>
        <time>2025-01-09T13:49:32Z</time>
      </trkpt>
      <trkpt lat="41.531364" lon="2.380002">
        <ele>266.441</ele>
        <time>2025-01-09T13:49:35Z</time>
      </trkpt>
      <trkpt lat="41.531340" lon="2.380028">
        <ele>266.661</ele>
        <time>2025-01-09T13:49:38Z</time>
      </trkpt>
      <trkpt lat="41.531317" lon="2.380058">
        <ele>266.727</ele>
        <time>2025-01-09T13:49:41Z</time>
      </trkpt>
      <trkpt lat="41.531300" lon="2.380084">
        <ele>266.827</ele>
        <time>2025-01-09T13:49:43Z</time>
      </trkpt>
      <trkpt lat="41.531281" lon="2.380114">
        <ele>266.861</ele>
        <time>2025-01-09T13:49:46Z</time>
      </trkpt>
      <trkpt lat="41.531257" lon="2.380146">
        <ele>266.949</ele>
        <time>2025-01-09T13:49:50Z</time>
      </trkpt>
      <trkpt lat="41.531229" lon="2.380172">
        <ele>267.076</ele>
        <time>2025-01-09T13:49:53Z</time>
      </trkpt>
      <trkpt lat="41.531202" lon="2.380200">
        <ele>267.079</ele>
        <time>2025-01-09T13:49:58Z</time>
      </trkpt>
      <trkpt lat="41.531175" lon="2.380224">
        <ele>267.052</ele>
        <time>2025-01-09T13:50:01Z</time>
      </trkpt>
      <trkpt lat="41.531144" lon="2.380240">
        <ele>267.153</ele>
        <time>2025-01-09T13:50:05Z</time>
      </trkpt>
      <trkpt lat="41.531116" lon="2.380238">
        <ele>267.408</ele>
        <time>2025-01-09T13:50:09Z</time>
      </trkpt>
      <trkpt lat="41.531085" lon="2.380251">
        <ele>267.709</ele>
        <time>2025-01-09T13:50:12Z</time>
      </trkpt>
      <trkpt lat="41.531054" lon="2.380268">
        <ele>267.956</ele>
        <time>2025-01-09T13:50:16Z</time>
      </trkpt>
      <trkpt lat="41.531029" lon="2.380281">
        <ele>268.184</ele>
        <time>2025-01-09T13:50:19Z</time>
      </trkpt>
      <trkpt lat="41.531003" lon="2.380289">
        <ele>268.484</ele>
        <time>2025-01-09T13:50:22Z</time>
      </trkpt>
      <trkpt lat="41.530976" lon="2.380304">
        <ele>268.530</ele>
        <time>2025-01-09T13:50:25Z</time>
      </trkpt>
      <trkpt lat="41.530952" lon="2.380323">
        <ele>268.540</ele>
        <time>2025-01-09T13:50:28Z</time>
      </trkpt>
      <trkpt lat="41.530920" lon="2.380321">
        <ele>269.054</ele>
        <time>2025-01-09T13:50:33Z</time>
      </trkpt>
      <trkpt lat="41.530898" lon="2.380292">
        <ele>269.842</ele>
        <time>2025-01-09T13:50:36Z</time>
      </trkpt>
      <trkpt lat="41.530878" lon="2.380277">
        <ele>270.469</ele>
        <time>2025-01-09T13:50:40Z</time>
      </trkpt>
      <trkpt lat="41.530850" lon="2.380274">
        <ele>270.822</ele>
        <time>2025-01-09T13:50:43Z</time>
      </trkpt>
      <trkpt lat="41.530822" lon="2.380261">
        <ele>271.394</ele>
        <time>2025-01-09T13:50:47Z</time>
      </trkpt>
      <trkpt lat="41.530802" lon="2.380236">
        <ele>271.857</ele>
        <time>2025-01-09T13:50:51Z</time>
      </trkpt>
      <trkpt lat="41.530780" lon="2.380205">
        <ele>272.422</ele>
        <time>2025-01-09T13:50:56Z</time>
      </trkpt>
      <trkpt lat="41.530761" lon="2.380181">
        <ele>272.809</ele>
        <time>2025-01-09T13:51:00Z</time>
      </trkpt>
      <trkpt lat="41.530734" lon="2.380162">
        <ele>273.390</ele>
        <time>2025-01-09T13:51:04Z</time>
      </trkpt>
      <trkpt lat="41.530713" lon="2.380141">
        <ele>273.828</ele>
        <time>2025-01-09T13:51:08Z</time>
      </trkpt>
      <trkpt lat="41.530689" lon="2.380119">
        <ele>274.358</ele>
        <time>2025-01-09T13:51:13Z</time>
      </trkpt>
      <trkpt lat="41.530671" lon="2.380101">
        <ele>274.794</ele>
        <time>2025-01-09T13:51:15Z</time>
      </trkpt>
      <trkpt lat="41.530641" lon="2.380081">
        <ele>275.244</ele>
        <time>2025-01-09T13:51:21Z</time>
      </trkpt>
      <trkpt lat="41.530619" lon="2.380062">
        <ele>275.628</ele>
        <time>2025-01-09T13:51:24Z</time>
      </trkpt>
      <trkpt lat="41.530597" lon="2.380049">
        <ele>276.046</ele>
        <time>2025-01-09T13:51:27Z</time>
      </trkpt>
      <trkpt lat="41.530575" lon="2.380037">
        <ele>276.483</ele>
        <time>2025-01-09T13:51:31Z</time>
      </trkpt>
      <trkpt lat="41.530553" lon="2.380029">
        <ele>276.716</ele>
        <time>2025-01-09T13:51:35Z</time>
      </trkpt>
      <trkpt lat="41.530529" lon="2.380012">
        <ele>277.461</ele>
        <time>2025-01-09T13:51:40Z</time>
      </trkpt>
      <trkpt lat="41.530490" lon="2.379988">
        <ele>278.521</ele>
        <time>2025-01-09T13:51:48Z</time>
      </trkpt>
      <trkpt lat="41.530467" lon="2.379989">
        <ele>279.013</ele>
        <time>2025-01-09T13:51:52Z</time>
      </trkpt>
      <trkpt lat="41.530440" lon="2.379997">
        <ele>279.509</ele>
        <time>2025-01-09T13:51:56Z</time>
      </trkpt>
      <trkpt lat="41.530420" lon="2.379994">
        <ele>280.037</ele>
        <time>2025-01-09T13:52:02Z</time>
      </trkpt>
      <trkpt lat="41.530398" lon="2.379985">
        <ele>280.515</ele>
        <time>2025-01-09T13:52:05Z</time>
      </trkpt>
      <trkpt lat="41.530376" lon="2.379978">
        <ele>281.185</ele>
        <time>2025-01-09T13:52:08Z</time>
      </trkpt>
      <trkpt lat="41.530354" lon="2.379981">
        <ele>281.581</ele>
        <time>2025-01-09T13:52:12Z</time>
      </trkpt>
      <trkpt lat="41.530335" lon="2.379986">
        <ele>281.961</ele>
        <time>2025-01-09T13:52:18Z</time>
      </trkpt>
      <trkpt lat="41.530296" lon="2.379992">
        <ele>282.745</ele>
        <time>2025-01-09T13:52:25Z</time>
      </trkpt>
      <trkpt lat="41.530274" lon="2.379979">
        <ele>283.253</ele>
        <time>2025-01-09T13:52:31Z</time>
      </trkpt>
      <trkpt lat="41.530253" lon="2.379972">
        <ele>283.440</ele>
        <time>2025-01-09T13:52:36Z</time>
      </trkpt>
      <trkpt lat="41.530233" lon="2.379976">
        <ele>283.623</ele>
        <time>2025-01-09T13:52:40Z</time>
      </trkpt>
      <trkpt lat="41.530207" lon="2.379990">
        <ele>283.829</ele>
        <time>2025-01-09T13:52:47Z</time>
      </trkpt>
      <trkpt lat="41.530188" lon="2.380002">
        <ele>283.900</ele>
        <time>2025-01-09T13:52:51Z</time>
      </trkpt>
      <trkpt lat="41.530166" lon="2.380011">
        <ele>284.120</ele>
        <time>2025-01-09T13:52:54Z</time>
      </trkpt>
      <trkpt lat="41.530145" lon="2.380037">
        <ele>284.009</ele>
        <time>2025-01-09T13:52:58Z</time>
      </trkpt>
      <trkpt lat="41.530124" lon="2.380063">
        <ele>283.953</ele>
        <time>2025-01-09T13:53:01Z</time>
      </trkpt>
      <trkpt lat="41.530103" lon="2.380086">
        <ele>283.851</ele>
        <time>2025-01-09T13:53:03Z</time>
      </trkpt>
      <trkpt lat="41.530082" lon="2.380103">
        <ele>283.941</ele>
        <time>2025-01-09T13:53:06Z</time>
      </trkpt>
      <trkpt lat="41.530063" lon="2.380119">
        <ele>283.957</ele>
        <time>2025-01-09T13:53:09Z</time>
      </trkpt>
      <trkpt lat="41.530042" lon="2.380136">
        <ele>284.037</ele>
        <time>2025-01-09T13:53:11Z</time>
      </trkpt>
      <trkpt lat="41.530021" lon="2.380160">
        <ele>284.071</ele>
        <time>2025-01-09T13:53:13Z</time>
      </trkpt>
      <trkpt lat="41.529995" lon="2.380185">
        <ele>284.169</ele>
        <time>2025-01-09T13:53:16Z</time>
      </trkpt>
      <trkpt lat="41.529972" lon="2.380200">
        <ele>284.396</ele>
        <time>2025-01-09T13:53:19Z</time>
      </trkpt>
      <trkpt lat="41.529950" lon="2.380213">
        <ele>284.539</ele>
        <time>2025-01-09T13:53:21Z</time>
      </trkpt>
      <trkpt lat="41.529924" lon="2.380229">
        <ele>284.837</ele>
        <time>2025-01-09T13:53:24Z</time>
      </trkpt>
      <trkpt lat="41.529895" lon="2.380247">
        <ele>285.149</ele>
        <time>2025-01-09T13:53:27Z</time>
      </trkpt>
      <trkpt lat="41.529866" lon="2.380267">
        <ele>285.513</ele>
        <time>2025-01-09T13:53:30Z</time>
      </trkpt>
      <trkpt lat="41.529839" lon="2.380287">
        <ele>285.809</ele>
        <time>2025-01-09T13:53:35Z</time>
      </trkpt>
      <trkpt lat="41.529813" lon="2.380306">
        <ele>286.214</ele>
        <time>2025-01-09T13:53:38Z</time>
      </trkpt>
      <trkpt lat="41.529787" lon="2.380322">
        <ele>286.642</ele>
        <time>2025-01-09T13:53:41Z</time>
      </trkpt>
      <trkpt lat="41.529765" lon="2.380332">
        <ele>287.062</ele>
        <time>2025-01-09T13:53:44Z</time>
      </trkpt>
      <trkpt lat="41.529740" lon="2.380345">
        <ele>287.478</ele>
        <time>2025-01-09T13:53:47Z</time>
      </trkpt>
      <trkpt lat="41.529714" lon="2.380358">
        <ele>287.898</ele>
        <time>2025-01-09T13:53:49Z</time>
      </trkpt>
      <trkpt lat="41.529682" lon="2.380369">
        <ele>288.332</ele>
        <time>2025-01-09T13:53:54Z</time>
      </trkpt>
      <trkpt lat="41.529654" lon="2.380391">
        <ele>288.720</ele>
        <time>2025-01-09T13:53:57Z</time>
      </trkpt>
      <trkpt lat="41.529625" lon="2.380418">
        <ele>289.177</ele>
        <time>2025-01-09T13:54:01Z</time>
      </trkpt>
      <trkpt lat="41.529608" lon="2.380433">
        <ele>289.340</ele>
        <time>2025-01-09T13:54:03Z</time>
      </trkpt>
      <trkpt lat="41.529591" lon="2.380449">
        <ele>289.644</ele>
        <time>2025-01-09T13:54:07Z</time>
      </trkpt>
      <trkpt lat="41.529568" lon="2.380469">
        <ele>289.905</ele>
        <time>2025-01-09T13:54:10Z</time>
      </trkpt>
      <trkpt lat="41.529544" lon="2.380495">
        <ele>290.315</ele>
        <time>2025-01-09T13:54:16Z</time>
      </trkpt>
      <trkpt lat="41.529520" lon="2.380515">
        <ele>290.709</ele>
        <time>2025-01-09T13:54:20Z</time>
      </trkpt>
      <trkpt lat="41.529493" lon="2.380535">
        <ele>291.185</ele>
        <time>2025-01-09T13:54:26Z</time>
      </trkpt>
      <trkpt lat="41.529472" lon="2.380563">
        <ele>291.523</ele>
        <time>2025-01-09T13:54:32Z</time>
      </trkpt>
      <trkpt lat="41.529454" lon="2.380592">
        <ele>292.033</ele>
        <time>2025-01-09T13:54:36Z</time>
      </trkpt>
      <trkpt lat="41.529434" lon="2.380625">
        <ele>292.539</ele>
        <time>2025-01-09T13:54:41Z</time>
      </trkpt>
      <trkpt lat="41.529405" lon="2.380624">
        <ele>293.169</ele>
        <time>2025-01-09T13:54:47Z</time>
      </trkpt>
      <trkpt lat="41.529379" lon="2.380632">
        <ele>293.763</ele>
        <time>2025-01-09T13:54:51Z</time>
      </trkpt>
      <trkpt lat="41.529359" lon="2.380659">
        <ele>294.221</ele>
        <time>2025-01-09T13:54:55Z</time>
      </trkpt>
      <trkpt lat="41.529348" lon="2.380689">
        <ele>294.498</ele>
        <time>2025-01-09T13:55:03Z</time>
      </trkpt>
      <trkpt lat="41.529338" lon="2.380721">
        <ele>294.691</ele>
        <time>2025-01-09T13:55:07Z</time>
      </trkpt>
      <trkpt lat="41.529341" lon="2.380746">
        <ele>294.556</ele>
        <time>2025-01-09T13:55:10Z</time>
      </trkpt>
      <trkpt lat="41.529316" lon="2.380758">
        <ele>295.059</ele>
        <time>2025-01-09T13:55:16Z</time>
      </trkpt>
      <trkpt lat="41.529290" lon="2.380759">
        <ele>295.414</ele>
        <time>2025-01-09T13:55:23Z</time>
      </trkpt>
      <trkpt lat="41.529268" lon="2.380770">
        <ele>295.709</ele>
        <time>2025-01-09T13:55:30Z</time>
      </trkpt>
      <trkpt lat="41.529243" lon="2.380786">
        <ele>296.156</ele>
        <time>2025-01-09T13:55:38Z</time>
      </trkpt>
      <trkpt lat="41.529220" lon="2.380799">
        <ele>296.434</ele>
        <time>2025-01-09T13:55:49Z</time>
      </trkpt>
      <trkpt lat="41.529206" lon="2.380818">
        <ele>296.564</ele>
        <time>2025-01-09T13:55:53Z</time>
      </trkpt>
      <trkpt lat="41.529189" lon="2.380808">
        <ele>296.880</ele>
        <time>2025-01-09T13:55:56Z</time>
      </trkpt>
      <trkpt lat="41.529157" lon="2.380798">
        <ele>297.380</ele>
        <time>2025-01-09T13:56:11Z</time>
      </trkpt>
      <trkpt lat="41.529127" lon="2.380791">
        <ele>297.634</ele>
        <time>2025-01-09T13:56:20Z</time>
      </trkpt>
      <trkpt lat="41.529106" lon="2.380787">
        <ele>297.892</ele>
        <time>2025-01-09T13:56:27Z</time>
      </trkpt>
      <trkpt lat="41.529077" lon="2.380776">
        <ele>298.129</ele>
        <time>2025-01-09T13:56:38Z</time>
      </trkpt>
      <trkpt lat="41.529057" lon="2.380760">
        <ele>298.412</ele>
        <time>2025-01-09T13:56:42Z</time>
      </trkpt>
      <trkpt lat="41.529030" lon="2.380775">
        <ele>298.592</ele>
        <time>2025-01-09T13:56:46Z</time>
      </trkpt>
      <trkpt lat="41.529019" lon="2.380794">
        <ele>298.473</ele>
        <time>2025-01-09T13:56:48Z</time>
      </trkpt>
      <trkpt lat="41.528991" lon="2.380804">
        <ele>298.520</ele>
        <time>2025-01-09T13:56:50Z</time>
      </trkpt>
      <trkpt lat="41.528966" lon="2.380809">
        <ele>298.709</ele>
        <time>2025-01-09T13:56:53Z</time>
      </trkpt>
      <trkpt lat="41.528936" lon="2.380805">
        <ele>299.020</ele>
        <time>2025-01-09T13:56:56Z</time>
      </trkpt>
      <trkpt lat="41.528906" lon="2.380801">
        <ele>299.288</ele>
        <time>2025-01-09T13:56:59Z</time>
      </trkpt>
      <trkpt lat="41.528881" lon="2.380791">
        <ele>299.548</ele>
        <time>2025-01-09T13:57:02Z</time>
      </trkpt>
      <trkpt lat="41.528852" lon="2.380785">
        <ele>299.824</ele>
        <time>2025-01-09T13:57:06Z</time>
      </trkpt>
      <trkpt lat="41.528834" lon="2.380778">
        <ele>300.064</ele>
        <time>2025-01-09T13:57:07Z</time>
      </trkpt>
      <trkpt lat="41.528804" lon="2.380765">
        <ele>300.338</ele>
        <time>2025-01-09T13:57:11Z</time>
      </trkpt>
      <trkpt lat="41.528776" lon="2.380758">
        <ele>300.676</ele>
        <time>2025-01-09T13:57:13Z</time>
      </trkpt>
      <trkpt lat="41.528743" lon="2.380752">
        <ele>300.953</ele>
        <time>2025-01-09T13:57:16Z</time>
      </trkpt>
      <trkpt lat="41.528718" lon="2.380754">
        <ele>301.146</ele>
        <time>2025-01-09T13:57:20Z</time>
      </trkpt>
      <trkpt lat="41.528699" lon="2.380756">
        <ele>301.236</ele>
        <time>2025-01-09T13:57:23Z</time>
      </trkpt>
      <trkpt lat="41.528679" lon="2.380762">
        <ele>301.317</ele>
        <time>2025-01-09T13:57:25Z</time>
      </trkpt>
      <trkpt lat="41.528655" lon="2.380770">
        <ele>301.418</ele>
        <time>2025-01-09T13:57:27Z</time>
      </trkpt>
      <trkpt lat="41.528632" lon="2.380778">
        <ele>301.409</ele>
        <time>2025-01-09T13:57:29Z</time>
      </trkpt>
      <trkpt lat="41.528604" lon="2.380775">
        <ele>301.634</ele>
        <time>2025-01-09T13:57:32Z</time>
      </trkpt>
      <trkpt lat="41.528580" lon="2.380771">
        <ele>301.742</ele>
        <time>2025-01-09T13:57:34Z</time>
      </trkpt>
      <trkpt lat="41.528552" lon="2.380766">
        <ele>301.822</ele>
        <time>2025-01-09T13:57:37Z</time>
      </trkpt>
      <trkpt lat="41.528524" lon="2.380782">
        <ele>301.788</ele>
        <time>2025-01-09T13:57:40Z</time>
      </trkpt>
      <trkpt lat="41.528497" lon="2.380811">
        <ele>301.318</ele>
        <time>2025-01-09T13:57:45Z</time>
      </trkpt>
      <trkpt lat="41.528484" lon="2.380843">
        <ele>300.982</ele>
        <time>2025-01-09T13:57:47Z</time>
      </trkpt>
      <trkpt lat="41.528468" lon="2.380864">
        <ele>300.840</ele>
        <time>2025-01-09T13:57:50Z</time>
      </trkpt>
      <trkpt lat="41.528451" lon="2.380873">
        <ele>300.857</ele>
        <time>2025-01-09T13:57:51Z</time>
      </trkpt>
      <trkpt lat="41.528434" lon="2.380905">
        <ele>300.840</ele>
        <time>2025-01-09T13:57:54Z</time>
      </trkpt>
      <trkpt lat="41.528415" lon="2.380923">
        <ele>300.867</ele>
        <time>2025-01-09T13:57:57Z</time>
      </trkpt>
      <trkpt lat="41.528387" lon="2.380935">
        <ele>301.081</ele>
        <time>2025-01-09T13:58:00Z</time>
      </trkpt>
      <trkpt lat="41.528363" lon="2.380951">
        <ele>301.219</ele>
        <time>2025-01-09T13:58:03Z</time>
      </trkpt>
      <trkpt lat="41.528337" lon="2.380963">
        <ele>301.409</ele>
        <time>2025-01-09T13:58:07Z</time>
      </trkpt>
      <trkpt lat="41.528312" lon="2.380980">
        <ele>301.987</ele>
        <time>2025-01-09T13:58:13Z</time>
      </trkpt>
      <trkpt lat="41.528284" lon="2.380995">
        <ele>302.515</ele>
        <time>2025-01-09T13:58:20Z</time>
      </trkpt>
      <trkpt lat="41.528258" lon="2.381011">
        <ele>303.075</ele>
        <time>2025-01-09T13:58:26Z</time>
      </trkpt>
      <trkpt lat="41.528224" lon="2.381016">
        <ele>303.671</ele>
        <time>2025-01-09T13:58:30Z</time>
      </trkpt>
      <trkpt lat="41.528199" lon="2.381029">
        <ele>304.141</ele>
        <time>2025-01-09T13:58:38Z</time>
      </trkpt>
      <trkpt lat="41.528177" lon="2.381031">
        <ele>304.585</ele>
        <time>2025-01-09T13:58:45Z</time>
      </trkpt>
      <trkpt lat="41.528151" lon="2.381031">
        <ele>305.063</ele>
        <time>2025-01-09T13:58:50Z</time>
      </trkpt>
      <trkpt lat="41.528127" lon="2.381038">
        <ele>305.520</ele>
        <time>2025-01-09T13:58:54Z</time>
      </trkpt>
      <trkpt lat="41.528104" lon="2.381045">
        <ele>305.983</ele>
        <time>2025-01-09T13:59:00Z</time>
      </trkpt>
      <trkpt lat="41.528079" lon="2.381056">
        <ele>306.446</ele>
        <time>2025-01-09T13:59:05Z</time>
      </trkpt>
      <trkpt lat="41.528050" lon="2.381075">
        <ele>307.088</ele>
        <time>2025-01-09T13:59:11Z</time>
      </trkpt>
      <trkpt lat="41.528027" lon="2.381086">
        <ele>307.316</ele>
        <time>2025-01-09T13:59:15Z</time>
      </trkpt>
      <trkpt lat="41.528006" lon="2.381089">
        <ele>307.609</ele>
        <time>2025-01-09T13:59:22Z</time>
      </trkpt>
      <trkpt lat="41.527985" lon="2.381105">
        <ele>308.065</ele>
        <time>2025-01-09T13:59:28Z</time>
      </trkpt>
      <trkpt lat="41.527962" lon="2.381127">
        <ele>308.543</ele>
        <time>2025-01-09T13:59:32Z</time>
      </trkpt>
      <trkpt lat="41.527938" lon="2.381142">
        <ele>308.933</ele>
        <time>2025-01-09T13:59:36Z</time>
      </trkpt>
      <trkpt lat="41.527912" lon="2.381148">
        <ele>309.329</ele>
        <time>2025-01-09T13:59:40Z</time>
      </trkpt>
      <trkpt lat="41.527889" lon="2.381146">
        <ele>309.619</ele>
        <time>2025-01-09T13:59:42Z</time>
      </trkpt>
      <trkpt lat="41.527867" lon="2.381159">
        <ele>310.023</ele>
        <time>2025-01-09T13:59:44Z</time>
      </trkpt>
      <trkpt lat="41.527881" lon="2.381180">
        <ele>309.951</ele>
        <time>2025-01-09T13:59:54Z</time>
      </trkpt>
      <trkpt lat="41.527884" lon="2.381219">
        <ele>310.258</ele>
        <time>2025-01-09T14:00:02Z</time>
      </trkpt>
      <trkpt lat="41.527888" lon="2.381252">
        <ele>310.361</ele>
        <time>2025-01-09T14:00:13Z</time>
      </trkpt>
      <trkpt lat="41.527891" lon="2.381286">
        <ele>310.588</ele>
        <time>2025-01-09T14:00:20Z</time>
      </trkpt>
      <trkpt lat="41.527893" lon="2.381321">
        <ele>310.724</ele>
        <time>2025-01-09T14:00:27Z</time>
      </trkpt>
      <trkpt lat="41.527904" lon="2.381364">
        <ele>310.926</ele>
        <time>2025-01-09T14:00:38Z</time>
      </trkpt>
      <trkpt lat="41.527912" lon="2.381401">
        <ele>311.009</ele>
        <time>2025-01-09T14:00:51Z</time>
      </trkpt>
      <trkpt lat="41.527903" lon="2.381438">
        <ele>311.029</ele>
        <time>2025-01-09T14:01:03Z</time>
      </trkpt>
      <trkpt lat="41.527883" lon="2.381451">
        <ele>311.017</ele>
        <time>2025-01-09T14:01:09Z</time>
      </trkpt>
      <trkpt lat="41.527874" lon="2.381493">
        <ele>310.977</ele>
        <time>2025-01-09T14:01:18Z</time>
      </trkpt>
      <trkpt lat="41.527869" lon="2.381533">
        <ele>310.863</ele>
        <time>2025-01-09T14:01:24Z</time>
      </trkpt>
      <trkpt lat="41.527864" lon="2.381563">
        <ele>310.723</ele>
        <time>2025-01-09T14:01:27Z</time>
      </trkpt>
      <trkpt lat="41.527837" lon="2.381562">
        <ele>310.767</ele>
        <time>2025-01-09T14:01:31Z</time>
      </trkpt>
      <trkpt lat="41.527816" lon="2.381559">
        <ele>310.895</ele>
        <time>2025-01-09T14:01:33Z</time>
      </trkpt>
      <trkpt lat="41.527794" lon="2.381560">
        <ele>310.872</ele>
        <time>2025-01-09T14:01:39Z</time>
      </trkpt>
      <trkpt lat="41.527769" lon="2.381557">
        <ele>310.765</ele>
        <time>2025-01-09T14:01:45Z</time>
      </trkpt>
      <trkpt lat="41.527750" lon="2.381569">
        <ele>310.393</ele>
        <time>2025-01-09T14:01:50Z</time>
      </trkpt>
      <trkpt lat="41.527737" lon="2.381596">
        <ele>310.065</ele>
        <time>2025-01-09T14:01:55Z</time>
      </trkpt>
      <trkpt lat="41.527720" lon="2.381621">
        <ele>309.521</ele>
        <time>2025-01-09T14:02:01Z</time>
      </trkpt>
      <trkpt lat="41.527700" lon="2.381635">
        <ele>309.109</ele>
        <time>2025-01-09T14:02:07Z</time>
      </trkpt>
      <trkpt lat="41.527675" lon="2.381651">
        <ele>308.780</ele>
        <time>2025-01-09T14:02:11Z</time>
      </trkpt>
      <trkpt lat="41.527656" lon="2.381666">
        <ele>308.368</ele>
        <time>2025-01-09T14:02:16Z</time>
      </trkpt>
      <trkpt lat="41.527634" lon="2.381673">
        <ele>307.748</ele>
        <time>2025-01-09T14:02:22Z</time>
      </trkpt>
      <trkpt lat="41.527612" lon="2.381673">
        <ele>307.454</ele>
        <time>2025-01-09T14:02:25Z</time>
      </trkpt>
      <trkpt lat="41.527586" lon="2.381684">
        <ele>306.754</ele>
        <time>2025-01-09T14:02:30Z</time>
      </trkpt>
      <trkpt lat="41.527567" lon="2.381692">
        <ele>306.248</ele>
        <time>2025-01-09T14:02:33Z</time>
      </trkpt>
      <trkpt lat="41.527545" lon="2.381706">
        <ele>305.596</ele>
        <time>2025-01-09T14:02:40Z</time>
      </trkpt>
      <trkpt lat="41.527525" lon="2.381713">
        <ele>305.093</ele>
        <time>2025-01-09T14:02:45Z</time>
      </trkpt>
      <trkpt lat="41.527510" lon="2.381738">
        <ele>304.136</ele>
        <time>2025-01-09T14:02:49Z</time>
      </trkpt>
      <trkpt lat="41.527489" lon="2.381746">
        <ele>303.578</ele>
        <time>2025-01-09T14:02:55Z</time>
      </trkpt>
      <trkpt lat="41.527470" lon="2.381751">
        <ele>303.033</ele>
        <time>2025-01-09T14:02:59Z</time>
      </trkpt>
      <trkpt lat="41.527454" lon="2.381769">
        <ele>302.226</ele>
        <time>2025-01-09T14:03:04Z</time>
      </trkpt>
      <trkpt lat="41.527435" lon="2.381796">
        <ele>301.309</ele>
        <time>2025-01-09T14:03:06Z</time>
      </trkpt>
      <trkpt lat="41.527416" lon="2.381811">
        <ele>300.738</ele>
        <time>2025-01-09T14:03:09Z</time>
      </trkpt>
      <trkpt lat="41.527391" lon="2.381811">
        <ele>300.386</ele>
        <time>2025-01-09T14:03:11Z</time>
      </trkpt>
      <trkpt lat="41.527358" lon="2.381807">
        <ele>299.986</ele>
        <time>2025-01-09T14:03:14Z</time>
      </trkpt>
      <trkpt lat="41.527338" lon="2.381808">
        <ele>299.642</ele>
        <time>2025-01-09T14:03:18Z</time>
      </trkpt>
      <trkpt lat="41.527308" lon="2.381813">
        <ele>299.292</ele>
        <time>2025-01-09T14:03:27Z</time>
      </trkpt>
      <trkpt lat="41.527281" lon="2.381811">
        <ele>298.896</ele>
        <time>2025-01-09T14:03:29Z</time>
      </trkpt>
      <trkpt lat="41.527263" lon="2.381806">
        <ele>298.664</ele>
        <time>2025-01-09T14:03:32Z</time>
      </trkpt>
      <trkpt lat="41.527233" lon="2.381800">
        <ele>298.241</ele>
        <time>2025-01-09T14:03:35Z</time>
      </trkpt>
      <trkpt lat="41.527209" lon="2.381806">
        <ele>297.874</ele>
        <time>2025-01-09T14:03:37Z</time>
      </trkpt>
      <trkpt lat="41.527188" lon="2.381824">
        <ele>297.582</ele>
        <time>2025-01-09T14:03:39Z</time>
      </trkpt>
      <trkpt lat="41.527159" lon="2.381838">
        <ele>297.143</ele>
        <time>2025-01-09T14:03:42Z</time>
      </trkpt>
      <trkpt lat="41.527131" lon="2.381846">
        <ele>296.817</ele>
        <time>2025-01-09T14:03:45Z</time>
      </trkpt>
      <trkpt lat="41.527107" lon="2.381849">
        <ele>296.509</ele>
        <time>2025-01-09T14:03:47Z</time>
      </trkpt>
      <trkpt lat="41.527076" lon="2.381857">
        <ele>296.169</ele>
        <time>2025-01-09T14:03:50Z</time>
      </trkpt>
      <trkpt lat="41.527047" lon="2.381865">
        <ele>295.787</ele>
        <time>2025-01-09T14:03:53Z</time>
      </trkpt>
      <trkpt lat="41.527023" lon="2.381877">
        <ele>295.547</ele>
        <time>2025-01-09T14:03:55Z</time>
      </trkpt>
      <trkpt lat="41.527000" lon="2.381889">
        <ele>295.393</ele>
        <time>2025-01-09T14:04:00Z</time>
      </trkpt>
      <trkpt lat="41.526976" lon="2.381897">
        <ele>295.083</ele>
        <time>2025-01-09T14:04:02Z</time>
      </trkpt>
      <trkpt lat="41.526951" lon="2.381922">
        <ele>294.977</ele>
        <time>2025-01-09T14:04:07Z</time>
      </trkpt>
      <trkpt lat="41.526925" lon="2.381945">
        <ele>294.675</ele>
        <time>2025-01-09T14:04:10Z</time>
      </trkpt>
      <trkpt lat="41.526907" lon="2.381973">
        <ele>294.342</ele>
        <time>2025-01-09T14:04:13Z</time>
      </trkpt>
      <trkpt lat="41.526890" lon="2.382005">
        <ele>293.935</ele>
        <time>2025-01-09T14:04:16Z</time>
      </trkpt>
      <trkpt lat="41.526876" lon="2.382038">
        <ele>293.612</ele>
        <time>2025-01-09T14:04:19Z</time>
      </trkpt>
      <trkpt lat="41.526863" lon="2.382076">
        <ele>293.332</ele>
        <time>2025-01-09T14:04:21Z</time>
      </trkpt>
      <trkpt lat="41.526847" lon="2.382105">
        <ele>293.105</ele>
        <time>2025-01-09T14:04:24Z</time>
      </trkpt>
      <trkpt lat="41.526834" lon="2.382135">
        <ele>292.909</ele>
        <time>2025-01-09T14:04:26Z</time>
      </trkpt>
      <trkpt lat="41.526827" lon="2.382163">
        <ele>292.812</ele>
        <time>2025-01-09T14:04:29Z</time>
      </trkpt>
      <trkpt lat="41.526816" lon="2.382198">
        <ele>292.690</ele>
        <time>2025-01-09T14:04:33Z</time>
      </trkpt>
      <trkpt lat="41.526802" lon="2.382234">
        <ele>292.320</ele>
        <time>2025-01-09T14:04:37Z</time>
      </trkpt>
      <trkpt lat="41.526790" lon="2.382268">
        <ele>291.856</ele>
        <time>2025-01-09T14:04:40Z</time>
      </trkpt>
      <trkpt lat="41.526768" lon="2.382289">
        <ele>291.496</ele>
        <time>2025-01-09T14:04:42Z</time>
      </trkpt>
      <trkpt lat="41.526743" lon="2.382310">
        <ele>290.990</ele>
        <time>2025-01-09T14:04:45Z</time>
      </trkpt>
      <trkpt lat="41.526726" lon="2.382345">
        <ele>290.518</ele>
        <time>2025-01-09T14:04:48Z</time>
      </trkpt>
      <trkpt lat="41.526698" lon="2.382358">
        <ele>290.235</ele>
        <time>2025-01-09T14:04:52Z</time>
      </trkpt>
      <trkpt lat="41.526675" lon="2.382382">
        <ele>289.998</ele>
        <time>2025-01-09T14:04:55Z</time>
      </trkpt>
      <trkpt lat="41.526656" lon="2.382406">
        <ele>289.694</ele>
        <time>2025-01-09T14:04:58Z</time>
      </trkpt>
      <trkpt lat="41.526634" lon="2.382430">
        <ele>289.457</ele>
        <time>2025-01-09T14:05:01Z</time>
      </trkpt>
      <trkpt lat="41.526612" lon="2.382458">
        <ele>289.222</ele>
        <time>2025-01-09T14:05:04Z</time>
      </trkpt>
      <trkpt lat="41.526589" lon="2.382488">
        <ele>289.009</ele>
        <time>2025-01-09T14:05:07Z</time>
      </trkpt>
      <trkpt lat="41.526568" lon="2.382518">
        <ele>288.920</ele>
        <time>2025-01-09T14:05:10Z</time>
      </trkpt>
      <trkpt lat="41.526555" lon="2.382551">
        <ele>288.878</ele>
        <time>2025-01-09T14:05:14Z</time>
      </trkpt>
      <trkpt lat="41.526534" lon="2.382577">
        <ele>288.888</ele>
        <time>2025-01-09T14:05:17Z</time>
      </trkpt>
      <trkpt lat="41.526512" lon="2.382598">
        <ele>288.934</ele>
        <time>2025-01-09T14:05:19Z</time>
      </trkpt>
      <trkpt lat="41.526486" lon="2.382617">
        <ele>289.194</ele>
        <time>2025-01-09T14:05:22Z</time>
      </trkpt>
      <trkpt lat="41.526465" lon="2.382642">
        <ele>289.398</ele>
        <time>2025-01-09T14:05:25Z</time>
      </trkpt>
      <trkpt lat="41.526443" lon="2.382667">
        <ele>289.616</ele>
        <time>2025-01-09T14:05:29Z</time>
      </trkpt>
      <trkpt lat="41.526418" lon="2.382694">
        <ele>290.023</ele>
        <time>2025-01-09T14:05:32Z</time>
      </trkpt>
      <trkpt lat="41.526390" lon="2.382715">
        <ele>290.576</ele>
        <time>2025-01-09T14:05:36Z</time>
      </trkpt>
      <trkpt lat="41.526363" lon="2.382739">
        <ele>291.165</ele>
        <time>2025-01-09T14:05:40Z</time>
      </trkpt>
      <trkpt lat="41.526340" lon="2.382760">
        <ele>291.768</ele>
        <time>2025-01-09T14:05:44Z</time>
      </trkpt>
      <trkpt lat="41.526320" lon="2.382786">
        <ele>292.414</ele>
        <time>2025-01-09T14:05:48Z</time>
      </trkpt>
      <trkpt lat="41.526296" lon="2.382805">
        <ele>293.309</ele>
        <time>2025-01-09T14:05:52Z</time>
      </trkpt>
      <trkpt lat="41.526270" lon="2.382815">
        <ele>294.017</ele>
        <time>2025-01-09T14:05:56Z</time>
      </trkpt>
      <trkpt lat="41.526252" lon="2.382822">
        <ele>294.525</ele>
        <time>2025-01-09T14:05:59Z</time>
      </trkpt>
      <trkpt lat="41.526225" lon="2.382832">
        <ele>295.295</ele>
        <time>2025-01-09T14:06:04Z</time>
      </trkpt>
      <trkpt lat="41.526206" lon="2.382847">
        <ele>296.061</ele>
        <time>2025-01-09T14:06:08Z</time>
      </trkpt>
      <trkpt lat="41.526184" lon="2.382855">
        <ele>296.691</ele>
        <time>2025-01-09T14:06:14Z</time>
      </trkpt>
      <trkpt lat="41.526157" lon="2.382860">
        <ele>297.295</ele>
        <time>2025-01-09T14:06:19Z</time>
      </trkpt>
      <trkpt lat="41.526132" lon="2.382865">
        <ele>297.863</ele>
        <time>2025-01-09T14:06:25Z</time>
      </trkpt>
      <trkpt lat="41.526106" lon="2.382881">
        <ele>298.610</ele>
        <time>2025-01-09T14:06:32Z</time>
      </trkpt>
      <trkpt lat="41.526083" lon="2.382899">
        <ele>299.143</ele>
        <time>2025-01-09T14:06:36Z</time>
      </trkpt>
      <trkpt lat="41.526059" lon="2.382912">
        <ele>299.538</ele>
        <time>2025-01-09T14:06:40Z</time>
      </trkpt>
      <trkpt lat="41.526042" lon="2.382934">
        <ele>300.170</ele>
        <time>2025-01-09T14:06:44Z</time>
      </trkpt>
      <trkpt lat="41.526022" lon="2.382956">
        <ele>300.717</ele>
        <time>2025-01-09T14:06:46Z</time>
      </trkpt>
      <trkpt lat="41.526000" lon="2.382981">
        <ele>301.409</ele>
        <time>2025-01-09T14:06:51Z</time>
      </trkpt>
      <trkpt lat="41.525975" lon="2.383006">
        <ele>302.284</ele>
        <time>2025-01-09T14:06:55Z</time>
      </trkpt>
      <trkpt lat="41.525963" lon="2.383037">
        <ele>303.042</ele>
        <time>2025-01-09T14:07:01Z</time>
      </trkpt>
      <trkpt lat="41.525939" lon="2.383061">
        <ele>303.732</ele>
        <time>2025-01-09T14:07:08Z</time>
      </trkpt>
      <trkpt lat="41.525916" lon="2.383084">
        <ele>304.438</ele>
        <time>2025-01-09T14:07:12Z</time>
      </trkpt>
      <trkpt lat="41.525905" lon="2.383123">
        <ele>305.488</ele>
        <time>2025-01-09T14:07:18Z</time>
      </trkpt>
      <trkpt lat="41.525888" lon="2.383159">
        <ele>306.352</ele>
        <time>2025-01-09T14:07:21Z</time>
      </trkpt>
      <trkpt lat="41.525881" lon="2.383184">
        <ele>307.090</ele>
        <time>2025-01-09T14:07:23Z</time>
      </trkpt>
      <trkpt lat="41.525873" lon="2.383212">
        <ele>307.797</ele>
        <time>2025-01-09T14:07:29Z</time>
      </trkpt>
      <trkpt lat="41.525855" lon="2.383249">
        <ele>308.760</ele>
        <time>2025-01-09T14:07:36Z</time>
      </trkpt>
      <trkpt lat="41.525835" lon="2.383281">
        <ele>309.771</ele>
        <time>2025-01-09T14:07:42Z</time>
      </trkpt>
      <trkpt lat="41.525823" lon="2.383300">
        <ele>310.041</ele>
        <time>2025-01-09T14:07:44Z</time>
      </trkpt>
      <trkpt lat="41.525805" lon="2.383333">
        <ele>310.515</ele>
        <time>2025-01-09T14:07:50Z</time>
      </trkpt>
      <trkpt lat="41.525799" lon="2.383375">
        <ele>311.009</ele>
        <time>2025-01-09T14:07:54Z</time>
      </trkpt>
      <trkpt lat="41.525794" lon="2.383408">
        <ele>311.398</ele>
        <time>2025-01-09T14:07:59Z</time>
      </trkpt>
      <trkpt lat="41.525782" lon="2.383446">
        <ele>311.696</ele>
        <time>2025-01-09T14:08:06Z</time>
      </trkpt>
      <trkpt lat="41.525763" lon="2.383478">
        <ele>311.756</ele>
        <time>2025-01-09T14:08:11Z</time>
      </trkpt>
      <trkpt lat="41.525752" lon="2.383518">
        <ele>312.032</ele>
        <time>2025-01-09T14:08:14Z</time>
      </trkpt>
      <trkpt lat="41.525743" lon="2.383548">
        <ele>312.272</ele>
        <time>2025-01-09T14:08:17Z</time>
      </trkpt>
      <trkpt lat="41.525767" lon="2.383574">
        <ele>313.196</ele>
        <time>2025-01-09T14:08:26Z</time>
      </trkpt>
      <trkpt lat="41.525787" lon="2.383569">
        <ele>313.494</ele>
        <time>2025-01-09T14:08:29Z</time>
      </trkpt>
      <trkpt lat="41.525813" lon="2.383560">
        <ele>313.861</ele>
        <time>2025-01-09T14:08:32Z</time>
      </trkpt>
      <trkpt lat="41.525835" lon="2.383548">
        <ele>314.184</ele>
        <time>2025-01-09T14:08:34Z</time>
      </trkpt>
      <trkpt lat="41.525854" lon="2.383534">
        <ele>313.621</ele>
        <time>2025-01-09T14:08:36Z</time>
      </trkpt>
      <trkpt lat="41.525874" lon="2.383524">
        <ele>313.341</ele>
        <time>2025-01-09T14:08:38Z</time>
      </trkpt>
      <trkpt lat="41.525899" lon="2.383533">
        <ele>313.105</ele>
        <time>2025-01-09T14:08:41Z</time>
      </trkpt>
      <trkpt lat="41.525939" lon="2.383529">
        <ele>312.509</ele>
        <time>2025-01-09T14:08:45Z</time>
      </trkpt>
      <trkpt lat="41.525954" lon="2.383546">
        <ele>312.513</ele>
        <time>2025-01-09T14:08:46Z</time>
      </trkpt>
      <trkpt lat="41.525969" lon="2.383569">
        <ele>312.671</ele>
        <time>2025-01-09T14:08:50Z</time>
      </trkpt>
      <trkpt lat="41.525984" lon="2.383595">
        <ele>312.721</ele>
        <time>2025-01-09T14:08:52Z</time>
      </trkpt>
      <trkpt lat="41.525998" lon="2.383622">
        <ele>312.537</ele>
        <time>2025-01-09T14:08:54Z</time>
      </trkpt>
      <trkpt lat="41.526020" lon="2.383657">
        <ele>311.947</ele>
        <time>2025-01-09T14:08:58Z</time>
      </trkpt>
      <trkpt lat="41.526015" lon="2.383632">
        <ele>312.231</ele>
        <time>2025-01-09T14:09:02Z</time>
      </trkpt>
      <trkpt lat="41.525995" lon="2.383606">
        <ele>312.699</ele>
        <time>2025-01-09T14:09:06Z</time>
      </trkpt>
      <trkpt lat="41.525982" lon="2.383579">
        <ele>312.516</ele>
        <time>2025-01-09T14:09:09Z</time>
      </trkpt>
      <trkpt lat="41.525965" lon="2.383559">
        <ele>312.599</ele>
        <time>2025-01-09T14:09:12Z</time>
      </trkpt>
      <trkpt lat="41.525937" lon="2.383548">
        <ele>312.864</ele>
        <time>2025-01-09T14:09:16Z</time>
      </trkpt>
      <trkpt lat="41.525911" lon="2.383548">
        <ele>313.106</ele>
        <time>2025-01-09T14:09:20Z</time>
      </trkpt>
      <trkpt lat="41.525891" lon="2.383548">
        <ele>313.416</ele>
        <time>2025-01-09T14:09:22Z</time>
      </trkpt>
      <trkpt lat="41.525869" lon="2.383553">
        <ele>313.709</ele>
        <time>2025-01-09T14:09:24Z</time>
      </trkpt>
      <trkpt lat="41.525840" lon="2.383567">
        <ele>314.387</ele>
        <time>2025-01-09T14:09:27Z</time>
      </trkpt>
      <trkpt lat="41.525810" lon="2.383583">
        <ele>314.115</ele>
        <time>2025-01-09T14:09:31Z</time>
      </trkpt>
      <trkpt lat="41.525785" lon="2.383590">
        <ele>313.715</ele>
        <time>2025-01-09T14:09:35Z</time>
      </trkpt>
      <trkpt lat="41.525758" lon="2.383588">
        <ele>313.181</ele>
        <time>2025-01-09T14:09:42Z</time>
      </trkpt>
      <trkpt lat="41.525733" lon="2.383567">
        <ele>312.321</ele>
        <time>2025-01-09T14:09:45Z</time>
      </trkpt>
      <trkpt lat="41.525713" lon="2.383590">
        <ele>312.145</ele>
        <time>2025-01-09T14:09:49Z</time>
      </trkpt>
      <trkpt lat="41.525699" lon="2.383618">
        <ele>312.163</ele>
        <time>2025-01-09T14:09:52Z</time>
      </trkpt>
      <trkpt lat="41.525689" lon="2.383643">
        <ele>312.040</ele>
        <time>2025-01-09T14:09:55Z</time>
      </trkpt>
      <trkpt lat="41.525678" lon="2.383673">
        <ele>311.973</ele>
        <time>2025-01-09T14:09:58Z</time>
      </trkpt>
      <trkpt lat="41.525660" lon="2.383699">
        <ele>311.767</ele>
        <time>2025-01-09T14:10:02Z</time>
      </trkpt>
      <trkpt lat="41.525647" lon="2.383730">
        <ele>311.781</ele>
        <time>2025-01-09T14:10:06Z</time>
      </trkpt>
      <trkpt lat="41.525634" lon="2.383760">
        <ele>311.719</ele>
        <time>2025-01-09T14:10:08Z</time>
      </trkpt>
      <trkpt lat="41.525615" lon="2.383789">
        <ele>311.709</ele>
        <time>2025-01-09T14:10:11Z</time>
      </trkpt>
      <trkpt lat="41.525597" lon="2.383818">
        <ele>311.737</ele>
        <time>2025-01-09T14:10:14Z</time>
      </trkpt>
      <trkpt lat="41.525581" lon="2.383845">
        <ele>311.865</ele>
        <time>2025-01-09T14:10:16Z</time>
      </trkpt>
      <trkpt lat="41.525568" lon="2.383862">
        <ele>311.855</ele>
        <time>2025-01-09T14:10:18Z</time>
      </trkpt>
      <trkpt lat="41.525555" lon="2.383883">
        <ele>311.921</ele>
        <time>2025-01-09T14:10:20Z</time>
      </trkpt>
      <trkpt lat="41.525533" lon="2.383923">
        <ele>311.031</ele>
        <time>2025-01-09T14:10:23Z</time>
      </trkpt>
      <trkpt lat="41.525516" lon="2.383963">
        <ele>310.155</ele>
        <time>2025-01-09T14:10:27Z</time>
      </trkpt>
      <trkpt lat="41.525496" lon="2.383987">
        <ele>309.423</ele>
        <time>2025-01-09T14:10:29Z</time>
      </trkpt>
      <trkpt lat="41.525458" lon="2.384013">
        <ele>308.350</ele>
        <time>2025-01-09T14:10:33Z</time>
      </trkpt>
      <trkpt lat="41.525440" lon="2.384035">
        <ele>307.813</ele>
        <time>2025-01-09T14:10:35Z</time>
      </trkpt>
      <trkpt lat="41.525415" lon="2.384060">
        <ele>307.253</ele>
        <time>2025-01-09T14:10:38Z</time>
      </trkpt>
      <trkpt lat="41.525396" lon="2.384085">
        <ele>306.704</ele>
        <time>2025-01-09T14:10:41Z</time>
      </trkpt>
      <trkpt lat="41.525370" lon="2.384110">
        <ele>306.314</ele>
        <time>2025-01-09T14:10:44Z</time>
      </trkpt>
      <trkpt lat="41.525350" lon="2.384141">
        <ele>306.009</ele>
        <time>2025-01-09T14:10:47Z</time>
      </trkpt>
      <trkpt lat="41.525336" lon="2.384178">
        <ele>305.776</ele>
        <time>2025-01-09T14:10:49Z</time>
      </trkpt>
      <trkpt lat="41.525330" lon="2.384214">
        <ele>305.074</ele>
        <time>2025-01-09T14:10:54Z</time>
      </trkpt>
      <trkpt lat="41.525311" lon="2.384241">
        <ele>304.354</ele>
        <time>2025-01-09T14:10:58Z</time>
      </trkpt>
      <trkpt lat="41.525298" lon="2.384267">
        <ele>303.820</ele>
        <time>2025-01-09T14:11:02Z</time>
      </trkpt>
      <trkpt lat="41.525301" lon="2.384294">
        <ele>303.410</ele>
        <time>2025-01-09T14:11:07Z</time>
      </trkpt>
      <trkpt lat="41.525281" lon="2.384322">
        <ele>302.874</ele>
        <time>2025-01-09T14:11:13Z</time>
      </trkpt>
      <trkpt lat="41.525264" lon="2.384333">
        <ele>302.442</ele>
        <time>2025-01-09T14:11:18Z</time>
      </trkpt>
      <trkpt lat="41.525246" lon="2.384344">
        <ele>302.019</ele>
        <time>2025-01-09T14:11:22Z</time>
      </trkpt>
      <trkpt lat="41.525220" lon="2.384340">
        <ele>301.722</ele>
        <time>2025-01-09T14:11:26Z</time>
      </trkpt>
      <trkpt lat="41.525191" lon="2.384349">
        <ele>301.369</ele>
        <time>2025-01-09T14:11:29Z</time>
      </trkpt>
      <trkpt lat="41.525173" lon="2.384357">
        <ele>301.104</ele>
        <time>2025-01-09T14:11:33Z</time>
      </trkpt>
      <trkpt lat="41.525122" lon="2.384367">
        <ele>300.524</ele>
        <time>2025-01-09T14:11:41Z</time>
      </trkpt>
      <trkpt lat="41.525094" lon="2.384398">
        <ele>300.209</ele>
        <time>2025-01-09T14:11:54Z</time>
      </trkpt>
      <trkpt lat="41.525077" lon="2.384432">
        <ele>300.257</ele>
        <time>2025-01-09T14:11:57Z</time>
      </trkpt>
      <trkpt lat="41.525070" lon="2.384483">
        <ele>299.335</ele>
        <time>2025-01-09T14:12:02Z</time>
      </trkpt>
      <trkpt lat="41.525051" lon="2.384495">
        <ele>299.035</ele>
        <time>2025-01-09T14:12:04Z</time>
      </trkpt>
      <trkpt lat="41.525033" lon="2.384510">
        <ele>298.711</ele>
        <time>2025-01-09T14:12:06Z</time>
      </trkpt>
      <trkpt lat="41.525004" lon="2.384531">
        <ele>298.481</ele>
        <time>2025-01-09T14:12:09Z</time>
      </trkpt>
      <trkpt lat="41.524983" lon="2.384557">
        <ele>298.085</ele>
        <time>2025-01-09T14:12:12Z</time>
      </trkpt>
      <trkpt lat="41.524959" lon="2.384575">
        <ele>297.813</ele>
        <time>2025-01-09T14:12:15Z</time>
      </trkpt>
      <trkpt lat="41.524932" lon="2.384594">
        <ele>297.880</ele>
        <time>2025-01-09T14:12:18Z</time>
      </trkpt>
      <trkpt lat="41.524908" lon="2.384619">
        <ele>297.783</ele>
        <time>2025-01-09T14:12:21Z</time>
      </trkpt>
      <trkpt lat="41.524888" lon="2.384639">
        <ele>297.884</ele>
        <time>2025-01-09T14:12:23Z</time>
      </trkpt>
      <trkpt lat="41.524861" lon="2.384662">
        <ele>298.107</ele>
        <time>2025-01-09T14:12:27Z</time>
      </trkpt>
      <trkpt lat="41.524848" lon="2.384680">
        <ele>298.317</ele>
        <time>2025-01-09T14:12:29Z</time>
      </trkpt>
      <trkpt lat="41.524833" lon="2.384709">
        <ele>298.609</ele>
        <time>2025-01-09T14:12:32Z</time>
      </trkpt>
      <trkpt lat="41.524811" lon="2.384720">
        <ele>299.119</ele>
        <time>2025-01-09T14:12:34Z</time>
      </trkpt>
      <trkpt lat="41.524793" lon="2.384731">
        <ele>299.337</ele>
        <time>2025-01-09T14:12:36Z</time>
      </trkpt>
      <trkpt lat="41.524770" lon="2.384747">
        <ele>299.647</ele>
        <time>2025-01-09T14:12:38Z</time>
      </trkpt>
      <trkpt lat="41.524745" lon="2.384758">
        <ele>300.113</ele>
        <time>2025-01-09T14:12:41Z</time>
      </trkpt>
      <trkpt lat="41.524719" lon="2.384771">
        <ele>300.563</ele>
        <time>2025-01-09T14:12:45Z</time>
      </trkpt>
      <trkpt lat="41.524693" lon="2.384793">
        <ele>300.147</ele>
        <time>2025-01-09T14:12:47Z</time>
      </trkpt>
      <trkpt lat="41.524672" lon="2.384819">
        <ele>299.955</ele>
        <time>2025-01-09T14:12:51Z</time>
      </trkpt>
      <trkpt lat="41.524649" lon="2.384845">
        <ele>299.832</ele>
        <time>2025-01-09T14:12:54Z</time>
      </trkpt>
      <trkpt lat="41.524626" lon="2.384856">
        <ele>299.985</ele>
        <time>2025-01-09T14:12:56Z</time>
      </trkpt>
      <trkpt lat="41.524601" lon="2.384872">
        <ele>300.042</ele>
        <time>2025-01-09T14:12:59Z</time>
      </trkpt>
      <trkpt lat="41.524581" lon="2.384887">
        <ele>300.122</ele>
        <time>2025-01-09T14:13:01Z</time>
      </trkpt>
      <trkpt lat="41.524561" lon="2.384898">
        <ele>300.314</ele>
        <time>2025-01-09T14:13:03Z</time>
      </trkpt>
      <trkpt lat="41.524544" lon="2.384912">
        <ele>300.509</ele>
        <time>2025-01-09T14:13:05Z</time>
      </trkpt>
      <trkpt lat="41.524530" lon="2.384929">
        <ele>300.825</ele>
        <time>2025-01-09T14:13:09Z</time>
      </trkpt>
      <trkpt lat="41.524508" lon="2.384954">
        <ele>301.333</ele>
        <time>2025-01-09T14:13:12Z</time>
      </trkpt>
      <trkpt lat="41.524494" lon="2.384981">
        <ele>301.953</ele>
        <time>2025-01-09T14:13:18Z</time>
      </trkpt>
      <trkpt lat="41.524481" lon="2.385009">
        <ele>302.219</ele>
        <time>2025-01-09T14:13:21Z</time>
      </trkpt>
      <trkpt lat="41.524472" lon="2.385038">
        <ele>302.169</ele>
        <time>2025-01-09T14:13:24Z</time>
      </trkpt>
      <trkpt lat="41.524469" lon="2.385068">
        <ele>301.873</ele>
        <time>2025-01-09T14:13:26Z</time>
      </trkpt>
      <trkpt lat="41.524458" lon="2.385094">
        <ele>301.731</ele>
        <time>2025-01-09T14:13:28Z</time>
      </trkpt>
      <trkpt lat="41.524453" lon="2.385127">
        <ele>301.538</ele>
        <time>2025-01-09T14:13:30Z</time>
      </trkpt>
      <trkpt lat="41.524440" lon="2.385152">
        <ele>301.231</ele>
        <time>2025-01-09T14:13:33Z</time>
      </trkpt>
      <trkpt lat="41.524415" lon="2.385180">
        <ele>300.059</ele>
        <time>2025-01-09T14:13:37Z</time>
      </trkpt>
      <trkpt lat="41.524399" lon="2.385198">
        <ele>299.203</ele>
        <time>2025-01-09T14:13:39Z</time>
      </trkpt>
      <trkpt lat="41.524386" lon="2.385251">
        <ele>298.323</ele>
        <time>2025-01-09T14:13:47Z</time>
      </trkpt>
      <trkpt lat="41.524368" lon="2.385270">
        <ele>297.609</ele>
        <time>2025-01-09T14:13:51Z</time>
      </trkpt>
      <trkpt lat="41.524355" lon="2.385294">
        <ele>296.836</ele>
        <time>2025-01-09T14:14:04Z</time>
      </trkpt>
      <trkpt lat="41.524335" lon="2.385320">
        <ele>295.774</ele>
        <time>2025-01-09T14:14:10Z</time>
      </trkpt>
      <trkpt lat="41.524312" lon="2.385317">
        <ele>295.144</ele>
        <time>2025-01-09T14:14:15Z</time>
      </trkpt>
      <trkpt lat="41.524296" lon="2.385286">
        <ele>295.120</ele>
        <time>2025-01-09T14:14:22Z</time>
      </trkpt>
      <trkpt lat="41.524287" lon="2.385251">
        <ele>295.090</ele>
        <time>2025-01-09T14:14:30Z</time>
      </trkpt>
      <trkpt lat="41.524274" lon="2.385220">
        <ele>294.754</ele>
        <time>2025-01-09T14:14:33Z</time>
      </trkpt>
      <trkpt lat="41.524275" lon="2.385189">
        <ele>294.942</ele>
        <time>2025-01-09T14:14:39Z</time>
      </trkpt>
      <trkpt lat="41.524259" lon="2.385165">
        <ele>294.459</ele>
        <time>2025-01-09T14:14:45Z</time>
      </trkpt>
      <trkpt lat="41.524251" lon="2.385135">
        <ele>294.222</ele>
        <time>2025-01-09T14:14:51Z</time>
      </trkpt>
      <trkpt lat="41.524260" lon="2.385112">
        <ele>294.626</ele>
        <time>2025-01-09T14:14:57Z</time>
      </trkpt>
      <trkpt lat="41.524260" lon="2.385082">
        <ele>294.747</ele>
        <time>2025-01-09T14:15:02Z</time>
      </trkpt>
      <trkpt lat="41.524245" lon="2.385061">
        <ele>294.211</ele>
        <time>2025-01-09T14:15:08Z</time>
      </trkpt>
      <trkpt lat="41.524222" lon="2.385059">
        <ele>293.309</ele>
        <time>2025-01-09T14:15:13Z</time>
      </trkpt>
      <trkpt lat="41.524231" lon="2.385036">
        <ele>293.783</ele>
        <time>2025-01-09T14:15:17Z</time>
      </trkpt>
      <trkpt lat="41.524235" lon="2.385012">
        <ele>293.981</ele>
        <time>2025-01-09T14:15:19Z</time>
      </trkpt>
      <trkpt lat="41.524218" lon="2.384998">
        <ele>293.281</ele>
        <time>2025-01-09T14:15:22Z</time>
      </trkpt>
      <trkpt lat="41.524200" lon="2.384996">
        <ele>292.487</ele>
        <time>2025-01-09T14:15:25Z</time>
      </trkpt>
      <trkpt lat="41.524175" lon="2.384995">
        <ele>291.317</ele>
        <time>2025-01-09T14:15:32Z</time>
      </trkpt>
      <trkpt lat="41.524153" lon="2.385025">
        <ele>290.381</ele>
        <time>2025-01-09T14:15:38Z</time>
      </trkpt>
      <trkpt lat="41.524137" lon="2.385041">
        <ele>289.419</ele>
        <time>2025-01-09T14:15:41Z</time>
      </trkpt>
      <trkpt lat="41.524112" lon="2.385068">
        <ele>288.226</ele>
        <time>2025-01-09T14:15:48Z</time>
      </trkpt>
      <trkpt lat="41.524088" lon="2.385084">
        <ele>287.089</ele>
        <time>2025-01-09T14:15:55Z</time>
      </trkpt>
      <trkpt lat="41.524063" lon="2.385072">
        <ele>285.724</ele>
        <time>2025-01-09T14:16:03Z</time>
      </trkpt>
      <trkpt lat="41.524058" lon="2.385042">
        <ele>285.304</ele>
        <time>2025-01-09T14:16:08Z</time>
      </trkpt>
      <trkpt lat="41.524034" lon="2.385054">
        <ele>284.114</ele>
        <time>2025-01-09T14:16:12Z</time>
      </trkpt>
      <trkpt lat="41.524013" lon="2.385087">
        <ele>283.209</ele>
        <time>2025-01-09T14:16:21Z</time>
      </trkpt>
      <trkpt lat="41.524020" lon="2.385119">
        <ele>283.863</ele>
        <time>2025-01-09T14:16:25Z</time>
      </trkpt>
      <trkpt lat="41.524018" lon="2.385151">
        <ele>283.861</ele>
        <time>2025-01-09T14:16:30Z</time>
      </trkpt>
      <trkpt lat="41.524016" lon="2.385179">
        <ele>283.981</ele>
        <time>2025-01-09T14:16:36Z</time>
      </trkpt>
      <trkpt lat="41.524002" lon="2.385203">
        <ele>283.437</ele>
        <time>2025-01-09T14:16:39Z</time>
      </trkpt>
      <trkpt lat="41.523989" lon="2.385246">
        <ele>283.187</ele>
        <time>2025-01-09T14:16:48Z</time>
      </trkpt>
      <trkpt lat="41.523967" lon="2.385279">
        <ele>282.431</ele>
        <time>2025-01-09T14:16:55Z</time>
      </trkpt>
      <trkpt lat="41.523944" lon="2.385292">
        <ele>281.249</ele>
        <time>2025-01-09T14:17:01Z</time>
      </trkpt>
      <trkpt lat="41.523926" lon="2.385324">
        <ele>279.846</ele>
        <time>2025-01-09T14:17:10Z</time>
      </trkpt>
      <trkpt lat="41.523908" lon="2.385344">
        <ele>278.749</ele>
        <time>2025-01-09T14:17:16Z</time>
      </trkpt>
      <trkpt lat="41.523882" lon="2.385363">
        <ele>277.077</ele>
        <time>2025-01-09T14:17:24Z</time>
      </trkpt>
      <trkpt lat="41.523854" lon="2.385360">
        <ele>275.261</ele>
        <time>2025-01-09T14:17:31Z</time>
      </trkpt>
      <trkpt lat="41.523842" lon="2.385383">
        <ele>274.027</ele>
        <time>2025-01-09T14:17:33Z</time>
      </trkpt>
      <trkpt lat="41.523828" lon="2.385412">
        <ele>272.609</ele>
        <time>2025-01-09T14:17:41Z</time>
      </trkpt>
      <trkpt lat="41.523834" lon="2.385447">
        <ele>272.518</ele>
        <time>2025-01-09T14:17:45Z</time>
      </trkpt>
      <trkpt lat="41.523837" lon="2.385477">
        <ele>272.216</ele>
        <time>2025-01-09T14:17:47Z</time>
      </trkpt>
      <trkpt lat="41.523859" lon="2.385475">
        <ele>273.696</ele>
        <time>2025-01-09T14:17:51Z</time>
      </trkpt>
      <trkpt lat="41.523834" lon="2.385495">
        <ele>271.842</ele>
        <time>2025-01-09T14:17:58Z</time>
      </trkpt>
      <trkpt lat="41.523832" lon="2.385455">
        <ele>272.222</ele>
        <time>2025-01-09T14:18:02Z</time>
      </trkpt>
      <trkpt lat="41.523831" lon="2.385416">
        <ele>272.896</ele>
        <time>2025-01-09T14:18:09Z</time>
      </trkpt>
      <trkpt lat="41.523821" lon="2.385392">
        <ele>272.594</ele>
        <time>2025-01-09T14:18:11Z</time>
      </trkpt>
      <trkpt lat="41.523802" lon="2.385405">
        <ele>271.051</ele>
        <time>2025-01-09T14:18:18Z</time>
      </trkpt>
      <trkpt lat="41.523786" lon="2.385430">
        <ele>269.764</ele>
        <time>2025-01-09T14:18:22Z</time>
      </trkpt>
      <trkpt lat="41.523765" lon="2.385447">
        <ele>268.147</ele>
        <time>2025-01-09T14:18:29Z</time>
      </trkpt>
      <trkpt lat="41.523746" lon="2.385424">
        <ele>267.229</ele>
        <time>2025-01-09T14:18:33Z</time>
      </trkpt>
      <trkpt lat="41.523735" lon="2.385386">
        <ele>266.821</ele>
        <time>2025-01-09T14:18:42Z</time>
      </trkpt>
      <trkpt lat="41.523716" lon="2.385381">
        <ele>265.609</ele>
        <time>2025-01-09T14:18:48Z</time>
      </trkpt>
      <trkpt lat="41.523678" lon="2.385414">
        <ele>262.955</ele>
        <time>2025-01-09T14:18:59Z</time>
      </trkpt>
      <trkpt lat="41.523644" lon="2.385435">
        <ele>260.593</ele>
        <time>2025-01-09T14:19:08Z</time>
      </trkpt>
      <trkpt lat="41.523617" lon="2.385430">
        <ele>258.863</ele>
        <time>2025-01-09T14:19:17Z</time>
      </trkpt>
      <trkpt lat="41.523599" lon="2.385421">
        <ele>257.729</ele>
        <time>2025-01-09T14:19:30Z</time>
      </trkpt>
      <trkpt lat="41.523578" lon="2.385439">
        <ele>256.469</ele>
        <time>2025-01-09T14:19:37Z</time>
      </trkpt>
      <trkpt lat="41.523559" lon="2.385428">
        <ele>255.223</ele>
        <time>2025-01-09T14:19:43Z</time>
      </trkpt>
      <trkpt lat="41.523542" lon="2.385448">
        <ele>254.291</ele>
        <time>2025-01-09T14:19:49Z</time>
      </trkpt>
      <trkpt lat="41.523531" lon="2.385469">
        <ele>253.518</ele>
        <time>2025-01-09T14:19:54Z</time>
      </trkpt>
      <trkpt lat="41.523512" lon="2.385483">
        <ele>252.481</ele>
        <time>2025-01-09T14:19:58Z</time>
      </trkpt>
      <trkpt lat="41.523496" lon="2.385498">
        <ele>251.626</ele>
        <time>2025-01-09T14:20:03Z</time>
      </trkpt>
      <trkpt lat="41.523483" lon="2.385520">
        <ele>250.947</ele>
        <time>2025-01-09T14:20:05Z</time>
      </trkpt>
      <trkpt lat="41.523459" lon="2.385515">
        <ele>249.511</ele>
        <time>2025-01-09T14:20:12Z</time>
      </trkpt>
      <trkpt lat="41.523437" lon="2.385535">
        <ele>248.409</ele>
        <time>2025-01-09T14:20:17Z</time>
      </trkpt>
      <trkpt lat="41.523415" lon="2.385550">
        <ele>247.493</ele>
        <time>2025-01-09T14:20:20Z</time>
      </trkpt>
      <trkpt lat="41.523414" lon="2.385577">
        <ele>247.371</ele>
        <time>2025-01-09T14:20:25Z</time>
      </trkpt>
      <trkpt lat="41.523422" lon="2.385602">
        <ele>247.621</ele>
        <time>2025-01-09T14:20:27Z</time>
      </trkpt>
      <trkpt lat="41.523418" lon="2.385628">
        <ele>247.357</ele>
        <time>2025-01-09T14:20:32Z</time>
      </trkpt>
      <trkpt lat="41.523404" lon="2.385663">
        <ele>246.577</ele>
        <time>2025-01-09T14:20:37Z</time>
      </trkpt>
      <trkpt lat="41.523394" lon="2.385701">
        <ele>245.981</ele>
        <time>2025-01-09T14:20:44Z</time>
      </trkpt>
      <trkpt lat="41.523388" lon="2.385742">
        <ele>245.659</ele>
        <time>2025-01-09T14:20:51Z</time>
      </trkpt>
      <trkpt lat="41.523386" lon="2.385773">
        <ele>245.446</ele>
        <time>2025-01-09T14:20:57Z</time>
      </trkpt>
      <trkpt lat="41.523372" lon="2.385790">
        <ele>244.739</ele>
        <time>2025-01-09T14:21:01Z</time>
      </trkpt>
      <trkpt lat="41.523356" lon="2.385813">
        <ele>244.086</ele>
        <time>2025-01-09T14:21:04Z</time>
      </trkpt>
      <trkpt lat="41.523375" lon="2.385839">
        <ele>244.760</ele>
        <time>2025-01-09T14:21:11Z</time>
      </trkpt>
      <trkpt lat="41.523390" lon="2.385870">
        <ele>244.726</ele>
        <time>2025-01-09T14:21:15Z</time>
      </trkpt>
      <trkpt lat="41.523411" lon="2.385890">
        <ele>245.209</ele>
        <time>2025-01-09T14:21:18Z</time>
      </trkpt>
      <trkpt lat="41.523433" lon="2.385903">
        <ele>245.939</ele>
        <time>2025-01-09T14:21:21Z</time>
      </trkpt>
      <trkpt lat="41.523443" lon="2.385927">
        <ele>245.847</ele>
        <time>2025-01-09T14:21:23Z</time>
      </trkpt>
      <trkpt lat="41.523462" lon="2.385963">
        <ele>246.047</ele>
        <time>2025-01-09T14:21:28Z</time>
      </trkpt>
      <trkpt lat="41.523457" lon="2.385987">
        <ele>245.313</ele>
        <time>2025-01-09T14:21:31Z</time>
      </trkpt>
      <trkpt lat="41.523448" lon="2.386014">
        <ele>244.393</ele>
        <time>2025-01-09T14:21:33Z</time>
      </trkpt>
      <trkpt lat="41.523462" lon="2.386034">
        <ele>244.647</ele>
        <time>2025-01-09T14:21:39Z</time>
      </trkpt>
      <trkpt lat="41.523481" lon="2.386024">
        <ele>245.645</ele>
        <time>2025-01-09T14:21:58Z</time>
      </trkpt>
      <trkpt lat="41.523457" lon="2.385995">
        <ele>245.182</ele>
        <time>2025-01-09T14:22:01Z</time>
      </trkpt>
      <trkpt lat="41.523452" lon="2.385967">
        <ele>245.455</ele>
        <time>2025-01-09T14:22:03Z</time>
      </trkpt>
      <trkpt lat="41.523439" lon="2.385943">
        <ele>245.393</ele>
        <time>2025-01-09T14:22:08Z</time>
      </trkpt>
      <trkpt lat="41.523426" lon="2.385911">
        <ele>245.465</ele>
        <time>2025-01-09T14:22:13Z</time>
      </trkpt>
      <trkpt lat="41.523408" lon="2.385889">
        <ele>245.121</ele>
        <time>2025-01-09T14:22:18Z</time>
      </trkpt>
      <trkpt lat="41.523390" lon="2.385884">
        <ele>244.409</ele>
        <time>2025-01-09T14:22:23Z</time>
      </trkpt>
      <trkpt lat="41.523369" lon="2.385882">
        <ele>243.550</ele>
        <time>2025-01-09T14:22:29Z</time>
      </trkpt>
      <trkpt lat="41.523348" lon="2.385883">
        <ele>242.658</ele>
        <time>2025-01-09T14:22:34Z</time>
      </trkpt>
      <trkpt lat="41.523327" lon="2.385877">
        <ele>241.638</ele>
        <time>2025-01-09T14:22:38Z</time>
      </trkpt>
      <trkpt lat="41.523315" lon="2.385852">
        <ele>241.384</ele>
        <time>2025-01-09T14:22:42Z</time>
      </trkpt>
      <trkpt lat="41.523302" lon="2.385829">
        <ele>240.774</ele>
        <time>2025-01-09T14:22:48Z</time>
      </trkpt>
      <trkpt lat="41.523280" lon="2.385830">
        <ele>239.248</ele>
        <time>2025-01-09T14:22:50Z</time>
      </trkpt>
      <trkpt lat="41.523263" lon="2.385810">
        <ele>238.016</ele>
        <time>2025-01-09T14:22:55Z</time>
      </trkpt>
      <trkpt lat="41.523243" lon="2.385791">
        <ele>236.573</ele>
        <time>2025-01-09T14:23:01Z</time>
      </trkpt>
      <trkpt lat="41.523223" lon="2.385773">
        <ele>235.116</ele>
        <time>2025-01-09T14:23:07Z</time>
      </trkpt>
      <trkpt lat="41.523210" lon="2.385752">
        <ele>234.375</ele>
        <time>2025-01-09T14:23:10Z</time>
      </trkpt>
      <trkpt lat="41.523188" lon="2.385740">
        <ele>232.728</ele>
        <time>2025-01-09T14:23:14Z</time>
      </trkpt>
      <trkpt lat="41.523175" lon="2.385718">
        <ele>231.820</ele>
        <time>2025-01-09T14:23:19Z</time>
      </trkpt>
      <trkpt lat="41.523162" lon="2.385701">
        <ele>231.009</ele>
        <time>2025-01-09T14:23:21Z</time>
      </trkpt>
      <trkpt lat="41.523142" lon="2.385688">
        <ele>229.688</ele>
        <time>2025-01-09T14:23:27Z</time>
      </trkpt>
      <trkpt lat="41.523125" lon="2.385674">
        <ele>228.436</ele>
        <time>2025-01-09T14:23:32Z</time>
      </trkpt>
      <trkpt lat="41.523109" lon="2.385696">
        <ele>227.276</ele>
        <time>2025-01-09T14:23:37Z</time>
      </trkpt>
      <trkpt lat="41.523090" lon="2.385704">
        <ele>225.912</ele>
        <time>2025-01-09T14:23:42Z</time>
      </trkpt>
      <trkpt lat="41.523076" lon="2.385680">
        <ele>225.022</ele>
        <time>2025-01-09T14:23:45Z</time>
      </trkpt>
      <trkpt lat="41.523056" lon="2.385669">
        <ele>223.656</ele>
        <time>2025-01-09T14:23:49Z</time>
      </trkpt>
      <trkpt lat="41.523026" lon="2.385657">
        <ele>221.784</ele>
        <time>2025-01-09T14:23:56Z</time>
      </trkpt>
      <trkpt lat="41.523008" lon="2.385643">
        <ele>220.611</ele>
        <time>2025-01-09T14:24:01Z</time>
      </trkpt>
      <trkpt lat="41.522978" lon="2.385649">
        <ele>218.644</ele>
        <time>2025-01-09T14:24:08Z</time>
      </trkpt>
      <trkpt lat="41.522941" lon="2.385639">
        <ele>216.357</ele>
        <time>2025-01-09T14:24:14Z</time>
      </trkpt>
      <trkpt lat="41.522922" lon="2.385610">
        <ele>215.200</ele>
        <time>2025-01-09T14:24:21Z</time>
      </trkpt>
      <trkpt lat="41.522895" lon="2.385606">
        <ele>213.420</ele>
        <time>2025-01-09T14:24:28Z</time>
      </trkpt>
      <trkpt lat="41.522869" lon="2.385605">
        <ele>211.709</ele>
        <time>2025-01-09T14:24:35Z</time>
      </trkpt>
      <trkpt lat="41.522847" lon="2.385612">
        <ele>210.326</ele>
        <time>2025-01-09T14:24:40Z</time>
      </trkpt>
      <trkpt lat="41.522821" lon="2.385625">
        <ele>208.654</ele>
        <time>2025-01-09T14:24:46Z</time>
      </trkpt>
      <trkpt lat="41.522794" lon="2.385633">
        <ele>206.884</ele>
        <time>2025-01-09T14:24:53Z</time>
      </trkpt>
      <trkpt lat="41.522767" lon="2.385635">
        <ele>205.160</ele>
        <time>2025-01-09T14:24:57Z</time>
      </trkpt>
      <trkpt lat="41.522745" lon="2.385622">
        <ele>203.820</ele>
        <time>2025-01-09T14:25:03Z</time>
      </trkpt>
      <trkpt lat="41.522743" lon="2.385659">
        <ele>203.544</ele>
        <time>2025-01-09T14:25:09Z</time>
      </trkpt>
      <trkpt lat="41.522726" lon="2.385693">
        <ele>202.412</ele>
        <time>2025-01-09T14:25:16Z</time>
      </trkpt>
      <trkpt lat="41.522707" lon="2.385722">
        <ele>201.239</ele>
        <time>2025-01-09T14:25:24Z</time>
      </trkpt>
      <trkpt lat="41.522688" lon="2.385742">
        <ele>200.122</ele>
        <time>2025-01-09T14:25:30Z</time>
      </trkpt>
      <trkpt lat="41.522665" lon="2.385744">
        <ele>198.793</ele>
        <time>2025-01-09T14:25:34Z</time>
      </trkpt>
      <trkpt lat="41.522636" lon="2.385707">
        <ele>197.165</ele>
        <time>2025-01-09T14:25:38Z</time>
      </trkpt>
      <trkpt lat="41.522617" lon="2.385691">
        <ele>196.021</ele>
        <time>2025-01-09T14:25:43Z</time>
      </trkpt>
      <trkpt lat="41.522602" lon="2.385710">
        <ele>195.009</ele>
        <time>2025-01-09T14:25:49Z</time>
      </trkpt>
      <trkpt lat="41.522578" lon="2.385710">
        <ele>193.660</ele>
        <time>2025-01-09T14:25:55Z</time>
      </trkpt>
      <trkpt lat="41.522567" lon="2.385683">
        <ele>193.058</ele>
        <time>2025-01-09T14:26:01Z</time>
      </trkpt>
      <trkpt lat="41.522548" lon="2.385700">
        <ele>191.898</ele>
        <time>2025-01-09T14:26:07Z</time>
      </trkpt>
      <trkpt lat="41.522552" lon="2.385735">
        <ele>192.184</ele>
        <time>2025-01-09T14:26:09Z</time>
      </trkpt>
      <trkpt lat="41.522538" lon="2.385763">
        <ele>191.244</ele>
        <time>2025-01-09T14:26:16Z</time>
      </trkpt>
      <trkpt lat="41.522536" lon="2.385787">
        <ele>191.128</ele>
        <time>2025-01-09T14:26:21Z</time>
      </trkpt>
      <trkpt lat="41.522525" lon="2.385811">
        <ele>190.496</ele>
        <time>2025-01-09T14:26:26Z</time>
      </trkpt>
      <trkpt lat="41.522521" lon="2.385845">
        <ele>190.113</ele>
        <time>2025-01-09T14:26:29Z</time>
      </trkpt>
      <trkpt lat="41.522513" lon="2.385890">
        <ele>189.146</ele>
        <time>2025-01-09T14:26:37Z</time>
      </trkpt>
      <trkpt lat="41.522508" lon="2.385925">
        <ele>188.577</ele>
        <time>2025-01-09T14:26:44Z</time>
      </trkpt>
      <trkpt lat="41.522498" lon="2.385954">
        <ele>187.661</ele>
        <time>2025-01-09T14:26:51Z</time>
      </trkpt>
      <trkpt lat="41.522486" lon="2.385985">
        <ele>186.727</ele>
        <time>2025-01-09T14:26:57Z</time>
      </trkpt>
      <trkpt lat="41.522480" lon="2.386024">
        <ele>186.009</ele>
        <time>2025-01-09T14:27:03Z</time>
      </trkpt>
      <trkpt lat="41.522452" lon="2.386025">
        <ele>184.658</ele>
        <time>2025-01-09T14:27:11Z</time>
      </trkpt>
      <trkpt lat="41.522431" lon="2.386039">
        <ele>183.576</ele>
        <time>2025-01-09T14:27:16Z</time>
      </trkpt>
      <trkpt lat="41.522406" lon="2.386059">
        <ele>182.296</ele>
        <time>2025-01-09T14:27:22Z</time>
      </trkpt>
      <trkpt lat="41.522389" lon="2.386051">
        <ele>181.542</ele>
        <time>2025-01-09T14:27:27Z</time>
      </trkpt>
      <trkpt lat="41.522363" lon="2.386040">
        <ele>180.322</ele>
        <time>2025-01-09T14:27:33Z</time>
      </trkpt>
      <trkpt lat="41.522344" lon="2.386023">
        <ele>179.546</ele>
        <time>2025-01-09T14:27:35Z</time>
      </trkpt>
      <trkpt lat="41.522317" lon="2.386013">
        <ele>178.254</ele>
        <time>2025-01-09T14:27:42Z</time>
      </trkpt>
      <trkpt lat="41.522289" lon="2.386017">
        <ele>176.911</ele>
        <time>2025-01-09T14:27:46Z</time>
      </trkpt>
      <trkpt lat="41.522267" lon="2.386007">
        <ele>175.854</ele>
        <time>2025-01-09T14:27:54Z</time>
      </trkpt>
      <trkpt lat="41.522252" lon="2.385992">
        <ele>175.011</ele>
        <time>2025-01-09T14:27:59Z</time>
      </trkpt>
      <trkpt lat="41.522243" lon="2.386021">
        <ele>174.721</ele>
        <time>2025-01-09T14:28:05Z</time>
      </trkpt>
      <trkpt lat="41.522226" lon="2.386038">
        <ele>173.903</ele>
        <time>2025-01-09T14:28:08Z</time>
      </trkpt>
      <trkpt lat="41.522217" lon="2.386061">
        <ele>173.609</ele>
        <time>2025-01-09T14:28:13Z</time>
      </trkpt>
      <trkpt lat="41.522185" lon="2.386060">
        <ele>172.122</ele>
        <time>2025-01-09T14:28:21Z</time>
      </trkpt>
      <trkpt lat="41.522169" lon="2.386047">
        <ele>171.360</ele>
        <time>2025-01-09T14:28:23Z</time>
      </trkpt>
      <trkpt lat="41.522144" lon="2.386022">
        <ele>170.180</ele>
        <time>2025-01-09T14:28:30Z</time>
      </trkpt>
      <trkpt lat="41.522132" lon="2.385988">
        <ele>169.596</ele>
        <time>2025-01-09T14:28:36Z</time>
      </trkpt>
      <trkpt lat="41.522118" lon="2.385961">
        <ele>168.816</ele>
        <time>2025-01-09T14:28:43Z</time>
      </trkpt>
      <trkpt lat="41.522099" lon="2.385953">
        <ele>167.910</ele>
        <time>2025-01-09T14:28:47Z</time>
      </trkpt>
      <trkpt lat="41.522076" lon="2.385939">
        <ele>166.998</ele>
        <time>2025-01-09T14:28:53Z</time>
      </trkpt>
      <trkpt lat="41.522059" lon="2.385913">
        <ele>166.165</ele>
        <time>2025-01-09T14:29:00Z</time>
      </trkpt>
      <trkpt lat="41.522044" lon="2.385886">
        <ele>165.488</ele>
        <time>2025-01-09T14:29:06Z</time>
      </trkpt>
      <trkpt lat="41.522032" lon="2.385864">
        <ele>164.846</ele>
        <time>2025-01-09T14:29:10Z</time>
      </trkpt>
      <trkpt lat="41.522019" lon="2.385842">
        <ele>164.288</ele>
        <time>2025-01-09T14:29:12Z</time>
      </trkpt>
      <trkpt lat="41.522001" lon="2.385822">
        <ele>163.316</ele>
        <time>2025-01-09T14:29:14Z</time>
      </trkpt>
      <trkpt lat="41.521990" lon="2.385774">
        <ele>162.409</ele>
        <time>2025-01-09T14:29:24Z</time>
      </trkpt>
      <trkpt lat="41.521971" lon="2.385740">
        <ele>161.285</ele>
        <time>2025-01-09T14:29:32Z</time>
      </trkpt>
      <trkpt lat="41.521953" lon="2.385720">
        <ele>160.293</ele>
        <time>2025-01-09T14:29:38Z</time>
      </trkpt>
      <trkpt lat="41.521935" lon="2.385711">
        <ele>159.323</ele>
        <time>2025-01-09T14:29:41Z</time>
      </trkpt>
      <trkpt lat="41.521919" lon="2.385697">
        <ele>158.579</ele>
        <time>2025-01-09T14:29:46Z</time>
      </trkpt>
      <trkpt lat="41.521917" lon="2.385667">
        <ele>158.199</ele>
        <time>2025-01-09T14:29:50Z</time>
      </trkpt>
      <trkpt lat="41.521920" lon="2.385636">
        <ele>157.923</ele>
        <time>2025-01-09T14:29:53Z</time>
      </trkpt>
      <trkpt lat="41.521912" lon="2.385606">
        <ele>157.221</ele>
        <time>2025-01-09T14:29:56Z</time>
      </trkpt>
      <trkpt lat="41.521912" lon="2.385577">
        <ele>156.998</ele>
        <time>2025-01-09T14:30:00Z</time>
      </trkpt>
      <trkpt lat="41.521902" lon="2.385551">
        <ele>156.391</ele>
        <time>2025-01-09T14:30:04Z</time>
      </trkpt>
      <trkpt lat="41.521899" lon="2.385525">
        <ele>156.062</ele>
        <time>2025-01-09T14:30:07Z</time>
      </trkpt>
      <trkpt lat="41.521895" lon="2.385495">
        <ele>155.683</ele>
        <time>2025-01-09T14:30:10Z</time>
      </trkpt>
      <trkpt lat="41.521889" lon="2.385471">
        <ele>155.311</ele>
        <time>2025-01-09T14:30:13Z</time>
      </trkpt>
      <trkpt lat="41.521886" lon="2.385444">
        <ele>155.009</ele>
        <time>2025-01-09T14:30:16Z</time>
      </trkpt>
      <trkpt lat="41.521883" lon="2.385417">
        <ele>154.767</ele>
        <time>2025-01-09T14:30:19Z</time>
      </trkpt>
      <trkpt lat="41.521880" lon="2.385384">
        <ele>154.485</ele>
        <time>2025-01-09T14:30:23Z</time>
      </trkpt>
      <trkpt lat="41.521878" lon="2.385354">
        <ele>154.135</ele>
        <time>2025-01-09T14:30:27Z</time>
      </trkpt>
      <trkpt lat="41.521889" lon="2.385332">
        <ele>154.441</ele>
        <time>2025-01-09T14:30:28Z</time>
      </trkpt>
      <trkpt lat="41.521893" lon="2.385297">
        <ele>154.391</ele>
        <time>2025-01-09T14:30:33Z</time>
      </trkpt>
      <trkpt lat="41.521901" lon="2.385269">
        <ele>154.545</ele>
        <time>2025-01-09T14:30:37Z</time>
      </trkpt>
      <trkpt lat="41.521913" lon="2.385240">
        <ele>155.033</ele>
        <time>2025-01-09T14:30:41Z</time>
      </trkpt>
      <trkpt lat="41.521898" lon="2.385224">
        <ele>154.520</ele>
        <time>2025-01-09T14:30:47Z</time>
      </trkpt>
      <trkpt lat="41.521873" lon="2.385217">
        <ele>153.673</ele>
        <time>2025-01-09T14:30:53Z</time>
      </trkpt>
      <trkpt lat="41.521848" lon="2.385207">
        <ele>152.713</ele>
        <time>2025-01-09T14:30:59Z</time>
      </trkpt>
      <trkpt lat="41.521827" lon="2.385216">
        <ele>151.943</ele>
        <time>2025-01-09T14:31:05Z</time>
      </trkpt>
      <trkpt lat="41.521805" lon="2.385212">
        <ele>151.107</ele>
        <time>2025-01-09T14:31:11Z</time>
      </trkpt>
      <trkpt lat="41.521784" lon="2.385206">
        <ele>150.309</ele>
        <time>2025-01-09T14:31:16Z</time>
      </trkpt>
      <trkpt lat="41.521771" lon="2.385174">
        <ele>149.982</ele>
        <time>2025-01-09T14:31:20Z</time>
      </trkpt>
      <trkpt lat="41.521778" lon="2.385131">
        <ele>150.290</ele>
        <time>2025-01-09T14:31:29Z</time>
      </trkpt>
      <trkpt lat="41.521762" lon="2.385116">
        <ele>149.650</ele>
        <time>2025-01-09T14:31:33Z</time>
      </trkpt>
      <trkpt lat="41.521746" lon="2.385142">
        <ele>149.086</ele>
        <time>2025-01-09T14:31:38Z</time>
      </trkpt>
      <trkpt lat="41.521727" lon="2.385169">
        <ele>148.316</ele>
        <time>2025-01-09T14:31:42Z</time>
      </trkpt>
      <trkpt lat="41.521716" lon="2.385193">
        <ele>147.890</ele>
        <time>2025-01-09T14:31:44Z</time>
      </trkpt>
      <trkpt lat="41.521698" lon="2.385214">
        <ele>147.268</ele>
        <time>2025-01-09T14:31:46Z</time>
      </trkpt>
      <trkpt lat="41.521680" lon="2.385223">
        <ele>146.515</ele>
        <time>2025-01-09T14:31:48Z</time>
      </trkpt>
      <trkpt lat="41.521666" lon="2.385204">
        <ele>146.038</ele>
        <time>2025-01-09T14:31:50Z</time>
      </trkpt>
      <trkpt lat="41.521659" lon="2.385161">
        <ele>145.773</ele>
        <time>2025-01-09T14:31:54Z</time>
      </trkpt>
      <trkpt lat="41.521665" lon="2.385128">
        <ele>145.985</ele>
        <time>2025-01-09T14:31:58Z</time>
      </trkpt>
      <trkpt lat="41.521656" lon="2.385097">
        <ele>145.613</ele>
        <time>2025-01-09T14:32:00Z</time>
      </trkpt>
      <trkpt lat="41.521651" lon="2.385072">
        <ele>145.409</ele>
        <time>2025-01-09T14:32:03Z</time>
      </trkpt>
      <trkpt lat="41.521649" lon="2.385044">
        <ele>145.378</ele>
        <time>2025-01-09T14:32:05Z</time>
      </trkpt>
      <trkpt lat="41.521632" lon="2.385017">
        <ele>144.676</ele>
        <time>2025-01-09T14:32:09Z</time>
      </trkpt>
      <trkpt lat="41.521608" lon="2.385003">
        <ele>143.766</ele>
        <time>2025-01-09T14:32:13Z</time>
      </trkpt>
      <trkpt lat="41.521580" lon="2.384991">
        <ele>142.682</ele>
        <time>2025-01-09T14:32:19Z</time>
      </trkpt>
      <trkpt lat="41.521551" lon="2.384989">
        <ele>141.582</ele>
        <time>2025-01-09T14:32:21Z</time>
      </trkpt>
      <trkpt lat="41.521520" lon="2.384987">
        <ele>140.326</ele>
        <time>2025-01-09T14:32:24Z</time>
      </trkpt>
      <trkpt lat="41.521491" lon="2.384983">
        <ele>139.374</ele>
        <time>2025-01-09T14:32:27Z</time>
      </trkpt>
      <trkpt lat="41.521460" lon="2.384986">
        <ele>138.031</ele>
        <time>2025-01-09T14:32:31Z</time>
      </trkpt>
      <trkpt lat="41.521434" lon="2.384989">
        <ele>137.064</ele>
        <time>2025-01-09T14:32:35Z</time>
      </trkpt>
      <trkpt lat="41.521410" lon="2.384995">
        <ele>135.965</ele>
        <time>2025-01-09T14:32:39Z</time>
      </trkpt>
      <trkpt lat="41.521389" lon="2.384999">
        <ele>135.068</ele>
        <time>2025-01-09T14:32:44Z</time>
      </trkpt>
      <trkpt lat="41.521357" lon="2.385005">
        <ele>134.614</ele>
        <time>2025-01-09T14:32:49Z</time>
      </trkpt>
      <trkpt lat="41.521324" lon="2.385012">
        <ele>134.209</ele>
        <time>2025-01-09T14:32:53Z</time>
      </trkpt>
      <trkpt lat="41.521293" lon="2.385020">
        <ele>133.867</ele>
        <time>2025-01-09T14:32:56Z</time>
      </trkpt>
      <trkpt lat="41.521267" lon="2.385029">
        <ele>133.485</ele>
        <time>2025-01-09T14:32:58Z</time>
      </trkpt>
      <trkpt lat="41.521245" lon="2.385036">
        <ele>133.135</ele>
        <time>2025-01-09T14:33:02Z</time>
      </trkpt>
      <trkpt lat="41.521224" lon="2.385048">
        <ele>132.751</ele>
        <time>2025-01-09T14:33:06Z</time>
      </trkpt>
      <trkpt lat="41.521198" lon="2.385063">
        <ele>132.221</ele>
        <time>2025-01-09T14:33:10Z</time>
      </trkpt>
      <trkpt lat="41.521172" lon="2.385076">
        <ele>131.745</ele>
        <time>2025-01-09T14:33:14Z</time>
      </trkpt>
      <trkpt lat="41.521145" lon="2.385092">
        <ele>131.263</ele>
        <time>2025-01-09T14:33:17Z</time>
      </trkpt>
      <trkpt lat="41.521117" lon="2.385107">
        <ele>130.580</ele>
        <time>2025-01-09T14:33:21Z</time>
      </trkpt>
      <trkpt lat="41.521092" lon="2.385122">
        <ele>130.343</ele>
        <time>2025-01-09T14:33:25Z</time>
      </trkpt>
      <trkpt lat="41.521068" lon="2.385138">
        <ele>130.165</ele>
        <time>2025-01-09T14:33:28Z</time>
      </trkpt>
      <trkpt lat="41.521044" lon="2.385157">
        <ele>129.868</ele>
        <time>2025-01-09T14:33:32Z</time>
      </trkpt>
      <trkpt lat="41.521022" lon="2.385176">
        <ele>129.414</ele>
        <time>2025-01-09T14:33:36Z</time>
      </trkpt>
      <trkpt lat="41.520994" lon="2.385184">
        <ele>129.209</ele>
        <time>2025-01-09T14:33:39Z</time>
      </trkpt>
      <trkpt lat="41.520965" lon="2.385196">
        <ele>128.957</ele>
        <time>2025-01-09T14:33:44Z</time>
      </trkpt>
      <trkpt lat="41.520937" lon="2.385203">
        <ele>128.775</ele>
        <time>2025-01-09T14:33:48Z</time>
      </trkpt>
      <trkpt lat="41.520911" lon="2.385217">
        <ele>128.235</ele>
        <time>2025-01-09T14:33:53Z</time>
      </trkpt>
      <trkpt lat="41.520888" lon="2.385234">
        <ele>127.711</ele>
        <time>2025-01-09T14:33:56Z</time>
      </trkpt>
      <trkpt lat="41.520861" lon="2.385252">
        <ele>127.031</ele>
        <time>2025-01-09T14:34:00Z</time>
      </trkpt>
      <trkpt lat="41.520838" lon="2.385266">
        <ele>126.445</ele>
        <time>2025-01-09T14:34:03Z</time>
      </trkpt>
      <trkpt lat="41.520812" lon="2.385288">
        <ele>125.713</ele>
        <time>2025-01-09T14:34:08Z</time>
      </trkpt>
      <trkpt lat="41.520791" lon="2.385303">
        <ele>125.340</ele>
        <time>2025-01-09T14:34:12Z</time>
      </trkpt>
      <trkpt lat="41.520762" lon="2.385318">
        <ele>125.063</ele>
        <time>2025-01-09T14:34:15Z</time>
      </trkpt>
      <trkpt lat="41.520734" lon="2.385332">
        <ele>124.732</ele>
        <time>2025-01-09T14:34:19Z</time>
      </trkpt>
      <trkpt lat="41.520709" lon="2.385352">
        <ele>124.292</ele>
        <time>2025-01-09T14:34:21Z</time>
      </trkpt>
      <trkpt lat="41.520695" lon="2.385367">
        <ele>123.811</ele>
        <time>2025-01-09T14:34:25Z</time>
      </trkpt>
      <trkpt lat="41.520669" lon="2.385391">
        <ele>123.209</ele>
        <time>2025-01-09T14:34:29Z</time>
      </trkpt>
      <trkpt lat="41.520658" lon="2.385421">
        <ele>122.334</ele>
        <time>2025-01-09T14:34:33Z</time>
      </trkpt>
      <trkpt lat="41.520687" lon="2.385434">
        <ele>121.842</ele>
        <time>2025-01-09T14:34:36Z</time>
      </trkpt>
      <trkpt lat="41.520720" lon="2.385428">
        <ele>121.832</ele>
        <time>2025-01-09T14:34:39Z</time>
      </trkpt>
      <trkpt lat="41.520754" lon="2.385421">
        <ele>121.818</ele>
        <time>2025-01-09T14:34:42Z</time>
      </trkpt>
      <trkpt lat="41.520789" lon="2.385413">
        <ele>121.988</ele>
        <time>2025-01-09T14:34:45Z</time>
      </trkpt>
      <trkpt lat="41.520820" lon="2.385408">
        <ele>121.922</ele>
        <time>2025-01-09T14:34:48Z</time>
      </trkpt>
      <trkpt lat="41.520848" lon="2.385405">
        <ele>122.160</ele>
        <time>2025-01-09T14:34:51Z</time>
      </trkpt>
      <trkpt lat="41.520880" lon="2.385395">
        <ele>122.877</ele>
        <time>2025-01-09T14:34:54Z</time>
      </trkpt>
      <trkpt lat="41.520910" lon="2.385389">
        <ele>123.440</ele>
        <time>2025-01-09T14:34:57Z</time>
      </trkpt>
      <trkpt lat="41.520941" lon="2.385385">
        <ele>123.929</ele>
        <time>2025-01-09T14:34:59Z</time>
      </trkpt>
      <trkpt lat="41.520969" lon="2.385385">
        <ele>124.300</ele>
        <time>2025-01-09T14:35:02Z</time>
      </trkpt>
      <trkpt lat="41.520996" lon="2.385386">
        <ele>124.620</ele>
        <time>2025-01-09T14:35:05Z</time>
      </trkpt>
      <trkpt lat="41.521026" lon="2.385397">
        <ele>124.709</ele>
        <time>2025-01-09T14:35:08Z</time>
      </trkpt>
      <trkpt lat="41.521055" lon="2.385416">
        <ele>124.713</ele>
        <time>2025-01-09T14:35:11Z</time>
      </trkpt>
      <trkpt lat="41.521081" lon="2.385446">
        <ele>124.511</ele>
        <time>2025-01-09T14:35:14Z</time>
      </trkpt>
      <trkpt lat="41.521093" lon="2.385466">
        <ele>124.371</ele>
        <time>2025-01-09T14:35:16Z</time>
      </trkpt>
      <trkpt lat="41.521117" lon="2.385521">
        <ele>123.917</ele>
        <time>2025-01-09T14:35:21Z</time>
      </trkpt>
      <trkpt lat="41.521129" lon="2.385563">
        <ele>123.777</ele>
        <time>2025-01-09T14:35:25Z</time>
      </trkpt>
      <trkpt lat="41.521136" lon="2.385607">
        <ele>123.521</ele>
        <time>2025-01-09T14:35:28Z</time>
      </trkpt>
      <trkpt lat="41.521139" lon="2.385655">
        <ele>123.229</ele>
        <time>2025-01-09T14:35:32Z</time>
      </trkpt>
      <trkpt lat="41.521141" lon="2.385700">
        <ele>122.816</ele>
        <time>2025-01-09T14:35:36Z</time>
      </trkpt>
      <trkpt lat="41.521142" lon="2.385741">
        <ele>122.439</ele>
        <time>2025-01-09T14:35:39Z</time>
      </trkpt>
      <trkpt lat="41.521139" lon="2.385778">
        <ele>121.943</ele>
        <time>2025-01-09T14:35:42Z</time>
      </trkpt>
      <trkpt lat="41.521141" lon="2.385817">
        <ele>121.664</ele>
        <time>2025-01-09T14:35:44Z</time>
      </trkpt>
      <trkpt lat="41.521141" lon="2.385858">
        <ele>121.510</ele>
        <time>2025-01-09T14:35:48Z</time>
      </trkpt>
      <trkpt lat="41.521142" lon="2.385899">
        <ele>121.609</ele>
        <time>2025-01-09T14:35:51Z</time>
      </trkpt>
      <trkpt lat="41.521143" lon="2.385924">
        <ele>121.785</ele>
        <time>2025-01-09T14:35:53Z</time>
      </trkpt>
      <trkpt lat="41.521142" lon="2.385949">
        <ele>121.843</ele>
        <time>2025-01-09T14:35:55Z</time>
      </trkpt>
      <trkpt lat="41.521140" lon="2.385992">
        <ele>121.813</ele>
        <time>2025-01-09T14:35:58Z</time>
      </trkpt>
      <trkpt lat="41.521132" lon="2.386037">
        <ele>121.619</ele>
        <time>2025-01-09T14:36:02Z</time>
      </trkpt>
      <trkpt lat="41.521124" lon="2.386074">
        <ele>121.499</ele>
        <time>2025-01-09T14:36:05Z</time>
      </trkpt>
      <trkpt lat="41.521118" lon="2.386105">
        <ele>121.323</ele>
        <time>2025-01-09T14:36:08Z</time>
      </trkpt>
      <trkpt lat="41.521100" lon="2.386140">
        <ele>120.711</ele>
        <time>2025-01-09T14:36:11Z</time>
      </trkpt>
      <trkpt lat="41.521087" lon="2.386177">
        <ele>120.488</ele>
        <time>2025-01-09T14:36:14Z</time>
      </trkpt>
      <trkpt lat="41.521078" lon="2.386216">
        <ele>120.371</ele>
        <time>2025-01-09T14:36:17Z</time>
      </trkpt>
      <trkpt lat="41.521071" lon="2.386253">
        <ele>120.211</ele>
        <time>2025-01-09T14:36:19Z</time>
      </trkpt>
      <trkpt lat="41.521060" lon="2.386290">
        <ele>120.021</ele>
        <time>2025-01-09T14:36:22Z</time>
      </trkpt>
      <trkpt lat="41.521053" lon="2.386325">
        <ele>120.003</ele>
        <time>2025-01-09T14:36:25Z</time>
      </trkpt>
      <trkpt lat="41.521042" lon="2.386370">
        <ele>119.909</ele>
        <time>2025-01-09T14:36:28Z</time>
      </trkpt>
      <trkpt lat="41.521040" lon="2.386396">
        <ele>120.022</ele>
        <time>2025-01-09T14:36:30Z</time>
      </trkpt>
      <trkpt lat="41.521037" lon="2.386439">
        <ele>119.940</ele>
        <time>2025-01-09T14:36:33Z</time>
      </trkpt>
      <trkpt lat="41.521032" lon="2.386480">
        <ele>119.880</ele>
        <time>2025-01-09T14:36:36Z</time>
      </trkpt>
      <trkpt lat="41.521027" lon="2.386523">
        <ele>119.726</ele>
        <time>2025-01-09T14:36:39Z</time>
      </trkpt>
      <trkpt lat="41.521025" lon="2.386565">
        <ele>119.746</ele>
        <time>2025-01-09T14:36:41Z</time>
      </trkpt>
      <trkpt lat="41.521017" lon="2.386603">
        <ele>119.670</ele>
        <time>2025-01-09T14:36:44Z</time>
      </trkpt>
      <trkpt lat="41.521007" lon="2.386637">
        <ele>119.348</ele>
        <time>2025-01-09T14:36:46Z</time>
      </trkpt>
      <trkpt lat="41.520992" lon="2.386668">
        <ele>119.065</ele>
        <time>2025-01-09T14:36:50Z</time>
      </trkpt>
      <trkpt lat="41.520975" lon="2.386707">
        <ele>118.268</ele>
        <time>2025-01-09T14:36:55Z</time>
      </trkpt>
      <trkpt lat="41.520958" lon="2.386738">
        <ele>117.595</ele>
        <time>2025-01-09T14:36:58Z</time>
      </trkpt>
      <trkpt lat="41.520947" lon="2.386772">
        <ele>117.049</ele>
        <time>2025-01-09T14:37:01Z</time>
      </trkpt>
      <trkpt lat="41.520939" lon="2.386815">
        <ele>116.423</ele>
        <time>2025-01-09T14:37:04Z</time>
      </trkpt>
      <trkpt lat="41.520946" lon="2.386849">
        <ele>116.309</ele>
        <time>2025-01-09T14:37:06Z</time>
      </trkpt>
      <trkpt lat="41.520958" lon="2.386883">
        <ele>116.220</ele>
        <time>2025-01-09T14:37:09Z</time>
      </trkpt>
      <trkpt lat="41.520975" lon="2.386918">
        <ele>116.388</ele>
        <time>2025-01-09T14:37:12Z</time>
      </trkpt>
      <trkpt lat="41.520992" lon="2.386948">
        <ele>116.418</ele>
        <time>2025-01-09T14:37:15Z</time>
      </trkpt>
      <trkpt lat="41.521002" lon="2.386984">
        <ele>116.254</ele>
        <time>2025-01-09T14:37:19Z</time>
      </trkpt>
      <trkpt lat="41.521014" lon="2.387025">
        <ele>116.084</ele>
        <time>2025-01-09T14:37:23Z</time>
      </trkpt>
      <trkpt lat="41.521025" lon="2.387060">
        <ele>115.968</ele>
        <time>2025-01-09T14:37:27Z</time>
      </trkpt>
      <trkpt lat="41.521030" lon="2.387097">
        <ele>115.656</ele>
        <time>2025-01-09T14:37:31Z</time>
      </trkpt>
      <trkpt lat="41.521023" lon="2.387130">
        <ele>115.143</ele>
        <time>2025-01-09T14:37:35Z</time>
      </trkpt>
      <trkpt lat="41.521012" lon="2.387159">
        <ele>114.516</ele>
        <time>2025-01-09T14:37:40Z</time>
      </trkpt>
      <trkpt lat="41.520994" lon="2.387182">
        <ele>113.914</ele>
        <time>2025-01-09T14:37:44Z</time>
      </trkpt>
      <trkpt lat="41.520975" lon="2.387206">
        <ele>113.254</ele>
        <time>2025-01-09T14:37:48Z</time>
      </trkpt>
      <trkpt lat="41.520953" lon="2.387226">
        <ele>112.509</ele>
        <time>2025-01-09T14:37:53Z</time>
      </trkpt>
      <trkpt lat="41.520929" lon="2.387246">
        <ele>111.809</ele>
        <time>2025-01-09T14:37:57Z</time>
      </trkpt>
      <trkpt lat="41.520906" lon="2.387266">
        <ele>111.222</ele>
        <time>2025-01-09T14:38:01Z</time>
      </trkpt>
      <trkpt lat="41.520885" lon="2.387285">
        <ele>110.670</ele>
        <time>2025-01-09T14:38:06Z</time>
      </trkpt>
      <trkpt lat="41.520865" lon="2.387304">
        <ele>110.050</ele>
        <time>2025-01-09T14:38:08Z</time>
      </trkpt>
      <trkpt lat="41.520844" lon="2.387323">
        <ele>109.516</ele>
        <time>2025-01-09T14:38:12Z</time>
      </trkpt>
      <trkpt lat="41.520821" lon="2.387347">
        <ele>108.866</ele>
        <time>2025-01-09T14:38:16Z</time>
      </trkpt>
      <trkpt lat="41.520800" lon="2.387368">
        <ele>108.240</ele>
        <time>2025-01-09T14:38:19Z</time>
      </trkpt>
      <trkpt lat="41.520779" lon="2.387387">
        <ele>107.648</ele>
        <time>2025-01-09T14:38:23Z</time>
      </trkpt>
      <trkpt lat="41.520756" lon="2.387412">
        <ele>106.985</ele>
        <time>2025-01-09T14:38:28Z</time>
      </trkpt>
      <trkpt lat="41.520739" lon="2.387436">
        <ele>106.358</ele>
        <time>2025-01-09T14:38:32Z</time>
      </trkpt>
      <trkpt lat="41.520713" lon="2.387459">
        <ele>105.613</ele>
        <time>2025-01-09T14:38:35Z</time>
      </trkpt>
      <trkpt lat="41.520695" lon="2.387473">
        <ele>105.243</ele>
        <time>2025-01-09T14:38:37Z</time>
      </trkpt>
      <trkpt lat="41.520689" lon="2.387501">
        <ele>104.907</ele>
        <time>2025-01-09T14:38:39Z</time>
      </trkpt>
      <trkpt lat="41.520664" lon="2.387516">
        <ele>104.309</ele>
        <time>2025-01-09T14:38:46Z</time>
      </trkpt>
      <trkpt lat="41.520665" lon="2.387546">
        <ele>104.322</ele>
        <time>2025-01-09T14:38:49Z</time>
      </trkpt>
      <trkpt lat="41.520644" lon="2.387557">
        <ele>103.890</ele>
        <time>2025-01-09T14:38:51Z</time>
      </trkpt>
      <trkpt lat="41.520614" lon="2.387570">
        <ele>103.280</ele>
        <time>2025-01-09T14:38:59Z</time>
      </trkpt>
      <trkpt lat="41.520586" lon="2.387570">
        <ele>102.676</ele>
        <time>2025-01-09T14:39:02Z</time>
      </trkpt>
      <trkpt lat="41.520578" lon="2.387601">
        <ele>102.546</ele>
        <time>2025-01-09T14:39:07Z</time>
      </trkpt>
      <trkpt lat="41.520561" lon="2.387620">
        <ele>102.150</ele>
        <time>2025-01-09T14:39:12Z</time>
      </trkpt>
      <trkpt lat="41.520538" lon="2.387631">
        <ele>101.718</ele>
        <time>2025-01-09T14:39:16Z</time>
      </trkpt>
      <trkpt lat="41.520514" lon="2.387642">
        <ele>101.315</ele>
        <time>2025-01-09T14:39:20Z</time>
      </trkpt>
      <trkpt lat="41.520495" lon="2.387664">
        <ele>101.038</ele>
        <time>2025-01-09T14:39:23Z</time>
      </trkpt>
      <trkpt lat="41.520473" lon="2.387690">
        <ele>100.621</ele>
        <time>2025-01-09T14:39:27Z</time>
      </trkpt>
      <trkpt lat="41.520457" lon="2.387706">
        <ele>100.341</ele>
        <time>2025-01-09T14:39:30Z</time>
      </trkpt>
      <trkpt lat="41.520434" lon="2.387728">
        <ele>99.905</ele>
        <time>2025-01-09T14:39:33Z</time>
      </trkpt>
      <trkpt lat="41.520406" lon="2.387745">
        <ele>99.409</ele>
        <time>2025-01-09T14:39:37Z</time>
      </trkpt>
      <trkpt lat="41.520382" lon="2.387763">
        <ele>98.963</ele>
        <time>2025-01-09T14:39:42Z</time>
      </trkpt>
      <trkpt lat="41.520357" lon="2.387784">
        <ele>98.471</ele>
        <time>2025-01-09T14:39:44Z</time>
      </trkpt>
      <trkpt lat="41.520326" lon="2.387799">
        <ele>97.761</ele>
        <time>2025-01-09T14:39:47Z</time>
      </trkpt>
      <trkpt lat="41.520301" lon="2.387816">
        <ele>97.247</ele>
        <time>2025-01-09T14:39:51Z</time>
      </trkpt>
      <trkpt lat="41.520277" lon="2.387823">
        <ele>96.737</ele>
        <time>2025-01-09T14:39:54Z</time>
      </trkpt>
      <trkpt lat="41.520250" lon="2.387832">
        <ele>96.191</ele>
        <time>2025-01-09T14:39:57Z</time>
      </trkpt>
      <trkpt lat="41.520230" lon="2.387859">
        <ele>95.629</ele>
        <time>2025-01-09T14:40:00Z</time>
      </trkpt>
      <trkpt lat="41.520209" lon="2.387880">
        <ele>95.056</ele>
        <time>2025-01-09T14:40:03Z</time>
      </trkpt>
      <trkpt lat="41.520192" lon="2.387910">
        <ele>94.539</ele>
        <time>2025-01-09T14:40:08Z</time>
      </trkpt>
      <trkpt lat="41.520168" lon="2.387928">
        <ele>93.948</ele>
        <time>2025-01-09T14:40:11Z</time>
      </trkpt>
      <trkpt lat="41.520145" lon="2.387947">
        <ele>93.461</ele>
        <time>2025-01-09T14:40:15Z</time>
      </trkpt>
      <trkpt lat="41.520124" lon="2.387970">
        <ele>92.817</ele>
        <time>2025-01-09T14:40:17Z</time>
      </trkpt>
      <trkpt lat="41.520102" lon="2.387990">
        <ele>92.309</ele>
        <time>2025-01-09T14:40:21Z</time>
      </trkpt>
      <trkpt lat="41.520079" lon="2.388014">
        <ele>91.725</ele>
        <time>2025-01-09T14:40:24Z</time>
      </trkpt>
      <trkpt lat="41.520054" lon="2.388034">
        <ele>91.163</ele>
        <time>2025-01-09T14:40:28Z</time>
      </trkpt>
      <trkpt lat="41.520032" lon="2.388059">
        <ele>90.673</ele>
        <time>2025-01-09T14:40:33Z</time>
      </trkpt>
      <trkpt lat="41.520008" lon="2.388084">
        <ele>90.039</ele>
        <time>2025-01-09T14:40:36Z</time>
      </trkpt>
      <trkpt lat="41.519967" lon="2.388103">
        <ele>89.569</ele>
        <time>2025-01-09T14:40:41Z</time>
      </trkpt>
      <trkpt lat="41.519945" lon="2.388126">
        <ele>89.353</ele>
        <time>2025-01-09T14:40:46Z</time>
      </trkpt>
      <trkpt lat="41.519922" lon="2.388148">
        <ele>89.081</ele>
        <time>2025-01-09T14:40:50Z</time>
      </trkpt>
      <trkpt lat="41.519899" lon="2.388173">
        <ele>88.888</ele>
        <time>2025-01-09T14:40:53Z</time>
      </trkpt>
      <trkpt lat="41.519875" lon="2.388195">
        <ele>88.681</ele>
        <time>2025-01-09T14:40:55Z</time>
      </trkpt>
      <trkpt lat="41.519849" lon="2.388216">
        <ele>88.469</ele>
        <time>2025-01-09T14:40:58Z</time>
      </trkpt>
      <trkpt lat="41.519823" lon="2.388236">
        <ele>88.304</ele>
        <time>2025-01-09T14:41:03Z</time>
      </trkpt>
      <trkpt lat="41.519803" lon="2.388257">
        <ele>88.224</ele>
        <time>2025-01-09T14:41:08Z</time>
      </trkpt>
      <trkpt lat="41.519782" lon="2.388283">
        <ele>88.109</ele>
        <time>2025-01-09T14:41:11Z</time>
      </trkpt>
      <trkpt lat="41.519763" lon="2.388313">
        <ele>88.177</ele>
        <time>2025-01-09T14:41:14Z</time>
      </trkpt>
      <trkpt lat="41.519737" lon="2.388331">
        <ele>88.065</ele>
        <time>2025-01-09T14:41:17Z</time>
      </trkpt>
      <trkpt lat="41.519715" lon="2.388353">
        <ele>87.865</ele>
        <time>2025-01-09T14:41:19Z</time>
      </trkpt>
      <trkpt lat="41.519685" lon="2.388368">
        <ele>87.361</ele>
        <time>2025-01-09T14:41:23Z</time>
      </trkpt>
      <trkpt lat="41.519658" lon="2.388383">
        <ele>86.861</ele>
        <time>2025-01-09T14:41:26Z</time>
      </trkpt>
      <trkpt lat="41.519632" lon="2.388406">
        <ele>86.485</ele>
        <time>2025-01-09T14:41:29Z</time>
      </trkpt>
      <trkpt lat="41.519605" lon="2.388426">
        <ele>86.113</ele>
        <time>2025-01-09T14:41:32Z</time>
      </trkpt>
      <trkpt lat="41.519582" lon="2.388452">
        <ele>85.820</ele>
        <time>2025-01-09T14:41:35Z</time>
      </trkpt>
      <trkpt lat="41.519564" lon="2.388488">
        <ele>85.623</ele>
        <time>2025-01-09T14:41:38Z</time>
      </trkpt>
      <trkpt lat="41.519545" lon="2.388516">
        <ele>85.475</ele>
        <time>2025-01-09T14:41:42Z</time>
      </trkpt>
      <trkpt lat="41.519528" lon="2.388547">
        <ele>85.328</ele>
        <time>2025-01-09T14:41:45Z</time>
      </trkpt>
      <trkpt lat="41.519505" lon="2.388580">
        <ele>85.220</ele>
        <time>2025-01-09T14:41:48Z</time>
      </trkpt>
      <trkpt lat="41.519488" lon="2.388613">
        <ele>85.109</ele>
        <time>2025-01-09T14:41:51Z</time>
      </trkpt>
      <trkpt lat="41.519468" lon="2.388641">
        <ele>84.968</ele>
        <time>2025-01-09T14:41:54Z</time>
      </trkpt>
      <trkpt lat="41.519446" lon="2.388668">
        <ele>84.616</ele>
        <time>2025-01-09T14:41:58Z</time>
      </trkpt>
      <trkpt lat="41.519425" lon="2.388692">
        <ele>84.256</ele>
        <time>2025-01-09T14:42:01Z</time>
      </trkpt>
      <trkpt lat="41.519408" lon="2.388710">
        <ele>83.932</ele>
        <time>2025-01-09T14:42:04Z</time>
      </trkpt>
      <trkpt lat="41.519391" lon="2.388730">
        <ele>83.612</ele>
        <time>2025-01-09T14:42:07Z</time>
      </trkpt>
      <trkpt lat="41.519366" lon="2.388752">
        <ele>83.346</ele>
        <time>2025-01-09T14:42:09Z</time>
      </trkpt>
      <trkpt lat="41.519342" lon="2.388779">
        <ele>82.964</ele>
        <time>2025-01-09T14:42:12Z</time>
      </trkpt>
      <trkpt lat="41.519329" lon="2.388812">
        <ele>82.621</ele>
        <time>2025-01-09T14:42:18Z</time>
      </trkpt>
      <trkpt lat="41.519300" lon="2.388827">
        <ele>82.354</ele>
        <time>2025-01-09T14:42:21Z</time>
      </trkpt>
      <trkpt lat="41.519277" lon="2.388855">
        <ele>82.054</ele>
        <time>2025-01-09T14:42:24Z</time>
      </trkpt>
      <trkpt lat="41.519258" lon="2.388869">
        <ele>81.856</ele>
        <time>2025-01-09T14:42:27Z</time>
      </trkpt>
      <trkpt lat="41.519239" lon="2.388894">
        <ele>81.511</ele>
        <time>2025-01-09T14:42:31Z</time>
      </trkpt>
      <trkpt lat="41.519216" lon="2.388921">
        <ele>81.109</ele>
        <time>2025-01-09T14:42:34Z</time>
      </trkpt>
      <trkpt lat="41.519189" lon="2.388947">
        <ele>80.786</ele>
        <time>2025-01-09T14:42:38Z</time>
      </trkpt>
      <trkpt lat="41.519167" lon="2.388969">
        <ele>80.424</ele>
        <time>2025-01-09T14:42:40Z</time>
      </trkpt>
      <trkpt lat="41.519149" lon="2.389003">
        <ele>80.034</ele>
        <time>2025-01-09T14:42:45Z</time>
      </trkpt>
      <trkpt lat="41.519130" lon="2.389038">
        <ele>79.590</ele>
        <time>2025-01-09T14:42:48Z</time>
      </trkpt>
      <trkpt lat="41.519111" lon="2.389075">
        <ele>79.060</ele>
        <time>2025-01-09T14:42:51Z</time>
      </trkpt>
      <trkpt lat="41.519096" lon="2.389107">
        <ele>78.694</ele>
        <time>2025-01-09T14:42:53Z</time>
      </trkpt>
      <trkpt lat="41.519080" lon="2.389136">
        <ele>78.312</ele>
        <time>2025-01-09T14:42:56Z</time>
      </trkpt>
      <trkpt lat="41.519063" lon="2.389167">
        <ele>77.989</ele>
        <time>2025-01-09T14:42:59Z</time>
      </trkpt>
      <trkpt lat="41.519045" lon="2.389202">
        <ele>77.382</ele>
        <time>2025-01-09T14:43:03Z</time>
      </trkpt>
      <trkpt lat="41.519030" lon="2.389239">
        <ele>76.743</ele>
        <time>2025-01-09T14:43:06Z</time>
      </trkpt>
      <trkpt lat="41.519013" lon="2.389273">
        <ele>76.264</ele>
        <time>2025-01-09T14:43:09Z</time>
      </trkpt>
      <trkpt lat="41.518996" lon="2.389310">
        <ele>75.610</ele>
        <time>2025-01-09T14:43:11Z</time>
      </trkpt>
      <trkpt lat="41.518986" lon="2.389355">
        <ele>75.009</ele>
        <time>2025-01-09T14:43:15Z</time>
      </trkpt>
      <trkpt lat="41.518979" lon="2.389390">
        <ele>74.695</ele>
        <time>2025-01-09T14:43:18Z</time>
      </trkpt>
      <trkpt lat="41.518963" lon="2.389415">
        <ele>74.123</ele>
        <time>2025-01-09T14:43:21Z</time>
      </trkpt>
      <trkpt lat="41.518946" lon="2.389447">
        <ele>73.683</ele>
        <time>2025-01-09T14:43:24Z</time>
      </trkpt>
      <trkpt lat="41.518928" lon="2.389478">
        <ele>73.089</ele>
        <time>2025-01-09T14:43:27Z</time>
      </trkpt>
      <trkpt lat="41.518908" lon="2.389509">
        <ele>72.549</ele>
        <time>2025-01-09T14:43:30Z</time>
      </trkpt>
      <trkpt lat="41.518885" lon="2.389537">
        <ele>72.073</ele>
        <time>2025-01-09T14:43:32Z</time>
      </trkpt>
      <trkpt lat="41.518865" lon="2.389568">
        <ele>71.711</ele>
        <time>2025-01-09T14:43:35Z</time>
      </trkpt>
      <trkpt lat="41.518844" lon="2.389594">
        <ele>71.468</ele>
        <time>2025-01-09T14:43:40Z</time>
      </trkpt>
      <trkpt lat="41.518823" lon="2.389623">
        <ele>71.161</ele>
        <time>2025-01-09T14:43:42Z</time>
      </trkpt>
      <trkpt lat="41.518802" lon="2.389647">
        <ele>70.824</ele>
        <time>2025-01-09T14:43:45Z</time>
      </trkpt>
      <trkpt lat="41.518780" lon="2.389673">
        <ele>70.504</ele>
        <time>2025-01-09T14:43:48Z</time>
      </trkpt>
      <trkpt lat="41.518760" lon="2.389704">
        <ele>70.214</ele>
        <time>2025-01-09T14:43:51Z</time>
      </trkpt>
      <trkpt lat="41.518740" lon="2.389733">
        <ele>69.909</ele>
        <time>2025-01-09T14:43:54Z</time>
      </trkpt>
      <trkpt lat="41.518720" lon="2.389759">
        <ele>69.793</ele>
        <time>2025-01-09T14:43:57Z</time>
      </trkpt>
      <trkpt lat="41.518697" lon="2.389788">
        <ele>69.461</ele>
        <time>2025-01-09T14:44:00Z</time>
      </trkpt>
      <trkpt lat="41.518673" lon="2.389821">
        <ele>69.061</ele>
        <time>2025-01-09T14:44:03Z</time>
      </trkpt>
      <trkpt lat="41.518651" lon="2.389852">
        <ele>68.757</ele>
        <time>2025-01-09T14:44:05Z</time>
      </trkpt>
      <trkpt lat="41.518627" lon="2.389884">
        <ele>68.397</ele>
        <time>2025-01-09T14:44:08Z</time>
      </trkpt>
      <trkpt lat="41.518612" lon="2.389920">
        <ele>67.921</ele>
        <time>2025-01-09T14:44:11Z</time>
      </trkpt>
      <trkpt lat="41.518602" lon="2.389959">
        <ele>67.599</ele>
        <time>2025-01-09T14:44:14Z</time>
      </trkpt>
      <trkpt lat="41.518600" lon="2.390002">
        <ele>67.016</ele>
        <time>2025-01-09T14:44:17Z</time>
      </trkpt>
      <trkpt lat="41.518604" lon="2.390042">
        <ele>67.089</ele>
        <time>2025-01-09T14:44:20Z</time>
      </trkpt>
      <trkpt lat="41.518607" lon="2.390082">
        <ele>67.021</ele>
        <time>2025-01-09T14:44:22Z</time>
      </trkpt>
      <trkpt lat="41.518610" lon="2.390122">
        <ele>67.041</ele>
        <time>2025-01-09T14:44:26Z</time>
      </trkpt>
      <trkpt lat="41.518616" lon="2.390161">
        <ele>67.005</ele>
        <time>2025-01-09T14:44:28Z</time>
      </trkpt>
      <trkpt lat="41.518619" lon="2.390200">
        <ele>67.009</ele>
        <time>2025-01-09T14:44:31Z</time>
      </trkpt>
      <trkpt lat="41.518620" lon="2.390242">
        <ele>67.043</ele>
        <time>2025-01-09T14:44:35Z</time>
      </trkpt>
      <trkpt lat="41.518617" lon="2.390280">
        <ele>67.041</ele>
        <time>2025-01-09T14:44:38Z</time>
      </trkpt>
      <trkpt lat="41.518611" lon="2.390316">
        <ele>67.181</ele>
        <time>2025-01-09T14:44:42Z</time>
      </trkpt>
      <trkpt lat="41.518604" lon="2.390354">
        <ele>67.347</ele>
        <time>2025-01-09T14:44:44Z</time>
      </trkpt>
      <trkpt lat="41.518595" lon="2.390392">
        <ele>67.427</ele>
        <time>2025-01-09T14:44:48Z</time>
      </trkpt>
      <trkpt lat="41.518581" lon="2.390428">
        <ele>67.551</ele>
        <time>2025-01-09T14:44:50Z</time>
      </trkpt>
      <trkpt lat="41.518566" lon="2.390464">
        <ele>67.679</ele>
        <time>2025-01-09T14:44:53Z</time>
      </trkpt>
      <trkpt lat="41.518550" lon="2.390493">
        <ele>67.676</ele>
        <time>2025-01-09T14:44:57Z</time>
      </trkpt>
      <trkpt lat="41.518538" lon="2.390512">
        <ele>67.659</ele>
        <time>2025-01-09T14:44:58Z</time>
      </trkpt>
      <trkpt lat="41.518520" lon="2.390543">
        <ele>67.634</ele>
        <time>2025-01-09T14:45:02Z</time>
      </trkpt>
      <trkpt lat="41.518501" lon="2.390570">
        <ele>67.555</ele>
        <time>2025-01-09T14:45:04Z</time>
      </trkpt>
      <trkpt lat="41.518482" lon="2.390599">
        <ele>67.210</ele>
        <time>2025-01-09T14:45:07Z</time>
      </trkpt>
      <trkpt lat="41.518462" lon="2.390629">
        <ele>66.909</ele>
        <time>2025-01-09T14:45:13Z</time>
      </trkpt>
      <trkpt lat="41.518441" lon="2.390652">
        <ele>66.734</ele>
        <time>2025-01-09T14:45:16Z</time>
      </trkpt>
      <trkpt lat="41.518418" lon="2.390681">
        <ele>66.442</ele>
        <time>2025-01-09T14:45:20Z</time>
      </trkpt>
      <trkpt lat="41.518398" lon="2.390706">
        <ele>66.252</ele>
        <time>2025-01-09T14:45:22Z</time>
      </trkpt>
      <trkpt lat="41.518379" lon="2.390729">
        <ele>65.958</ele>
        <time>2025-01-09T14:45:26Z</time>
      </trkpt>
      <trkpt lat="41.518358" lon="2.390751">
        <ele>65.778</ele>
        <time>2025-01-09T14:45:29Z</time>
      </trkpt>
      <trkpt lat="41.518335" lon="2.390778">
        <ele>65.482</ele>
        <time>2025-01-09T14:45:32Z</time>
      </trkpt>
      <trkpt lat="41.518312" lon="2.390801">
        <ele>65.170</ele>
        <time>2025-01-09T14:45:36Z</time>
      </trkpt>
      <trkpt lat="41.518288" lon="2.390820">
        <ele>64.857</ele>
        <time>2025-01-09T14:45:38Z</time>
      </trkpt>
      <trkpt lat="41.518263" lon="2.390840">
        <ele>64.430</ele>
        <time>2025-01-09T14:45:42Z</time>
      </trkpt>
      <trkpt lat="41.518234" lon="2.390858">
        <ele>64.156</ele>
        <time>2025-01-09T14:45:44Z</time>
      </trkpt>
      <trkpt lat="41.518208" lon="2.390874">
        <ele>63.759</ele>
        <time>2025-01-09T14:45:48Z</time>
      </trkpt>
      <trkpt lat="41.518181" lon="2.390891">
        <ele>63.414</ele>
        <time>2025-01-09T14:45:50Z</time>
      </trkpt>
      <trkpt lat="41.518153" lon="2.390905">
        <ele>63.109</ele>
        <time>2025-01-09T14:45:54Z</time>
      </trkpt>
      <trkpt lat="41.518128" lon="2.390921">
        <ele>62.886</ele>
        <time>2025-01-09T14:45:57Z</time>
      </trkpt>
      <trkpt lat="41.518101" lon="2.390936">
        <ele>62.584</ele>
        <time>2025-01-09T14:46:00Z</time>
      </trkpt>
      <trkpt lat="41.518074" lon="2.390950">
        <ele>62.384</ele>
        <time>2025-01-09T14:46:03Z</time>
      </trkpt>
      <trkpt lat="41.518047" lon="2.390961">
        <ele>62.090</ele>
        <time>2025-01-09T14:46:07Z</time>
      </trkpt>
      <trkpt lat="41.518018" lon="2.390976">
        <ele>61.570</ele>
        <time>2025-01-09T14:46:09Z</time>
      </trkpt>
      <trkpt lat="41.517990" lon="2.390987">
        <ele>61.124</ele>
        <time>2025-01-09T14:46:12Z</time>
      </trkpt>
      <trkpt lat="41.517959" lon="2.391003">
        <ele>60.572</ele>
        <time>2025-01-09T14:46:16Z</time>
      </trkpt>
      <trkpt lat="41.517931" lon="2.391016">
        <ele>60.039</ele>
        <time>2025-01-09T14:46:18Z</time>
      </trkpt>
      <trkpt lat="41.517903" lon="2.391025">
        <ele>59.672</ele>
        <time>2025-01-09T14:46:22Z</time>
      </trkpt>
      <trkpt lat="41.517876" lon="2.391035">
        <ele>59.149</ele>
        <time>2025-01-09T14:46:25Z</time>
      </trkpt>
      <trkpt lat="41.517846" lon="2.391050">
        <ele>58.602</ele>
        <time>2025-01-09T14:46:28Z</time>
      </trkpt>
      <trkpt lat="41.517820" lon="2.391068">
        <ele>58.122</ele>
        <time>2025-01-09T14:46:33Z</time>
      </trkpt>
      <trkpt lat="41.517796" lon="2.391088">
        <ele>57.509</ele>
        <time>2025-01-09T14:46:35Z</time>
      </trkpt>
      <trkpt lat="41.517766" lon="2.391104">
        <ele>56.985</ele>
        <time>2025-01-09T14:46:38Z</time>
      </trkpt>
      <trkpt lat="41.517735" lon="2.391120">
        <ele>56.583</ele>
        <time>2025-01-09T14:46:43Z</time>
      </trkpt>
      <trkpt lat="41.517705" lon="2.391135">
        <ele>56.053</ele>
        <time>2025-01-09T14:46:46Z</time>
      </trkpt>
      <trkpt lat="41.517679" lon="2.391147">
        <ele>55.629</ele>
        <time>2025-01-09T14:46:48Z</time>
      </trkpt>
      <trkpt lat="41.517653" lon="2.391160">
        <ele>55.289</ele>
        <time>2025-01-09T14:46:51Z</time>
      </trkpt>
      <trkpt lat="41.517628" lon="2.391170">
        <ele>54.843</ele>
        <time>2025-01-09T14:46:55Z</time>
      </trkpt>
      <trkpt lat="41.517601" lon="2.391184">
        <ele>54.461</ele>
        <time>2025-01-09T14:46:58Z</time>
      </trkpt>
      <trkpt lat="41.517573" lon="2.391198">
        <ele>53.968</ele>
        <time>2025-01-09T14:47:01Z</time>
      </trkpt>
      <trkpt lat="41.517546" lon="2.391212">
        <ele>53.521</ele>
        <time>2025-01-09T14:47:04Z</time>
      </trkpt>
      <trkpt lat="41.517517" lon="2.391226">
        <ele>53.097</ele>
        <time>2025-01-09T14:47:07Z</time>
      </trkpt>
      <trkpt lat="41.517487" lon="2.391236">
        <ele>52.423</ele>
        <time>2025-01-09T14:47:11Z</time>
      </trkpt>
      <trkpt lat="41.517457" lon="2.391234">
        <ele>51.825</ele>
        <time>2025-01-09T14:47:14Z</time>
      </trkpt>
      <trkpt lat="41.517430" lon="2.391247">
        <ele>51.109</ele>
        <time>2025-01-09T14:47:18Z</time>
      </trkpt>
      <trkpt lat="41.517405" lon="2.391266">
        <ele>50.560</ele>
        <time>2025-01-09T14:47:22Z</time>
      </trkpt>
      <trkpt lat="41.517381" lon="2.391291">
        <ele>49.888</ele>
        <time>2025-01-09T14:47:25Z</time>
      </trkpt>
      <trkpt lat="41.517370" lon="2.391322">
        <ele>49.358</ele>
        <time>2025-01-09T14:47:27Z</time>
      </trkpt>
      <trkpt lat="41.517353" lon="2.391307">
        <ele>49.154</ele>
        <time>2025-01-09T14:47:31Z</time>
      </trkpt>
      <trkpt lat="41.517327" lon="2.391295">
        <ele>48.744</ele>
        <time>2025-01-09T14:47:35Z</time>
      </trkpt>
      <trkpt lat="41.517306" lon="2.391316">
        <ele>48.198</ele>
        <time>2025-01-09T14:47:38Z</time>
      </trkpt>
      <trkpt lat="41.517283" lon="2.391338">
        <ele>47.526</ele>
        <time>2025-01-09T14:47:41Z</time>
      </trkpt>
      <trkpt lat="41.517257" lon="2.391355">
        <ele>46.943</ele>
        <time>2025-01-09T14:47:43Z</time>
      </trkpt>
      <trkpt lat="41.517232" lon="2.391372">
        <ele>46.376</ele>
        <time>2025-01-09T14:47:47Z</time>
      </trkpt>
      <trkpt lat="41.517204" lon="2.391384">
        <ele>45.775</ele>
        <time>2025-01-09T14:47:50Z</time>
      </trkpt>
      <trkpt lat="41.517181" lon="2.391399">
        <ele>45.228</ele>
        <time>2025-01-09T14:47:54Z</time>
      </trkpt>
      <trkpt lat="41.517150" lon="2.391414">
        <ele>44.620</ele>
        <time>2025-01-09T14:47:57Z</time>
      </trkpt>
      <trkpt lat="41.517121" lon="2.391427">
        <ele>44.109</ele>
        <time>2025-01-09T14:48:01Z</time>
      </trkpt>
      <trkpt lat="41.517096" lon="2.391439">
        <ele>43.698</ele>
        <time>2025-01-09T14:48:03Z</time>
      </trkpt>
      <trkpt lat="41.517070" lon="2.391451">
        <ele>43.256</ele>
        <time>2025-01-09T14:48:09Z</time>
      </trkpt>
      <trkpt lat="41.517046" lon="2.391463">
        <ele>42.736</ele>
        <time>2025-01-09T14:48:13Z</time>
      </trkpt>
      <trkpt lat="41.517020" lon="2.391473">
        <ele>42.372</ele>
        <time>2025-01-09T14:48:16Z</time>
      </trkpt>
      <trkpt lat="41.516992" lon="2.391486">
        <ele>41.822</ele>
        <time>2025-01-09T14:48:19Z</time>
      </trkpt>
      <trkpt lat="41.516965" lon="2.391498">
        <ele>41.366</ele>
        <time>2025-01-09T14:48:23Z</time>
      </trkpt>
      <trkpt lat="41.516939" lon="2.391509">
        <ele>41.014</ele>
        <time>2025-01-09T14:48:26Z</time>
      </trkpt>
      <trkpt lat="41.516912" lon="2.391519">
        <ele>40.871</ele>
        <time>2025-01-09T14:48:29Z</time>
      </trkpt>
      <trkpt lat="41.516887" lon="2.391531">
        <ele>40.774</ele>
        <time>2025-01-09T14:48:33Z</time>
      </trkpt>
      <trkpt lat="41.516860" lon="2.391538">
        <ele>40.666</ele>
        <time>2025-01-09T14:48:35Z</time>
      </trkpt>
      <trkpt lat="41.516833" lon="2.391546">
        <ele>40.429</ele>
        <time>2025-01-09T14:48:40Z</time>
      </trkpt>
      <trkpt lat="41.516808" lon="2.391555">
        <ele>40.321</ele>
        <time>2025-01-09T14:48:44Z</time>
      </trkpt>
      <trkpt lat="41.516783" lon="2.391567">
        <ele>40.209</ele>
        <time>2025-01-09T14:48:47Z</time>
      </trkpt>
      <trkpt lat="41.516755" lon="2.391575">
        <ele>40.177</ele>
        <time>2025-01-09T14:48:51Z</time>
      </trkpt>
      <trkpt lat="41.516727" lon="2.391587">
        <ele>40.035</ele>
        <time>2025-01-09T14:48:53Z</time>
      </trkpt>
      <trkpt lat="41.516697" lon="2.391597">
        <ele>39.915</ele>
        <time>2025-01-09T14:48:58Z</time>
      </trkpt>
      <trkpt lat="41.516671" lon="2.391606">
        <ele>39.811</ele>
        <time>2025-01-09T14:49:00Z</time>
      </trkpt>
      <trkpt lat="41.516643" lon="2.391616">
        <ele>39.831</ele>
        <time>2025-01-09T14:49:03Z</time>
      </trkpt>
      <trkpt lat="41.516608" lon="2.391627">
        <ele>39.845</ele>
        <time>2025-01-09T14:49:07Z</time>
      </trkpt>
      <trkpt lat="41.516580" lon="2.391638">
        <ele>39.953</ele>
        <time>2025-01-09T14:49:09Z</time>
      </trkpt>
      <trkpt lat="41.516551" lon="2.391648">
        <ele>39.930</ele>
        <time>2025-01-09T14:49:12Z</time>
      </trkpt>
      <trkpt lat="41.516522" lon="2.391665">
        <ele>40.033</ele>
        <time>2025-01-09T14:49:15Z</time>
      </trkpt>
      <trkpt lat="41.516498" lon="2.391680">
        <ele>40.148</ele>
        <time>2025-01-09T14:49:19Z</time>
      </trkpt>
      <trkpt lat="41.516468" lon="2.391699">
        <ele>40.261</ele>
        <time>2025-01-09T14:49:22Z</time>
      </trkpt>
      <trkpt lat="41.516452" lon="2.391711">
        <ele>40.317</ele>
        <time>2025-01-09T14:49:24Z</time>
      </trkpt>
      <trkpt lat="41.516427" lon="2.391725">
        <ele>40.409</ele>
        <time>2025-01-09T14:49:26Z</time>
      </trkpt>
      <trkpt lat="41.516407" lon="2.391745">
        <ele>40.675</ele>
        <time>2025-01-09T14:49:29Z</time>
      </trkpt>
      <trkpt lat="41.516401" lon="2.391768">
        <ele>40.793</ele>
        <time>2025-01-09T14:49:30Z</time>
      </trkpt>
      <trkpt lat="41.516399" lon="2.391801">
        <ele>41.043</ele>
        <time>2025-01-09T14:49:33Z</time>
      </trkpt>
      <trkpt lat="41.516403" lon="2.391834">
        <ele>41.239</ele>
        <time>2025-01-09T14:49:36Z</time>
      </trkpt>
      <trkpt lat="41.516407" lon="2.391870">
        <ele>41.519</ele>
        <time>2025-01-09T14:49:40Z</time>
      </trkpt>
      <trkpt lat="41.516408" lon="2.391909">
        <ele>41.713</ele>
        <time>2025-01-09T14:49:43Z</time>
      </trkpt>
      <trkpt lat="41.516424" lon="2.391942">
        <ele>42.031</ele>
        <time>2025-01-09T14:49:46Z</time>
      </trkpt>
      <trkpt lat="41.516437" lon="2.391970">
        <ele>42.078</ele>
        <time>2025-01-09T14:49:48Z</time>
      </trkpt>
      <trkpt lat="41.516412" lon="2.391989">
        <ele>42.061</ele>
        <time>2025-01-09T14:49:51Z</time>
      </trkpt>
      <trkpt lat="41.516385" lon="2.391996">
        <ele>42.051</ele>
        <time>2025-01-09T14:49:54Z</time>
      </trkpt>
      <trkpt lat="41.516362" lon="2.391998">
        <ele>41.701</ele>
        <time>2025-01-09T14:49:56Z</time>
      </trkpt>
      <trkpt lat="41.516347" lon="2.392025">
        <ele>41.511</ele>
        <time>2025-01-09T14:49:58Z</time>
      </trkpt>
      <trkpt lat="41.516354" lon="2.392072">
        <ele>41.609</ele>
        <time>2025-01-09T14:50:02Z</time>
      </trkpt>
      <trkpt lat="41.516356" lon="2.392113">
        <ele>41.616</ele>
        <time>2025-01-09T14:50:05Z</time>
      </trkpt>
      <trkpt lat="41.516359" lon="2.392149">
        <ele>41.784</ele>
        <time>2025-01-09T14:50:08Z</time>
      </trkpt>
      <trkpt lat="41.516363" lon="2.392186">
        <ele>41.764</ele>
        <time>2025-01-09T14:50:10Z</time>
      </trkpt>
      <trkpt lat="41.516365" lon="2.392228">
        <ele>41.760</ele>
        <time>2025-01-09T14:50:13Z</time>
      </trkpt>
      <trkpt lat="41.516371" lon="2.392264">
        <ele>41.720</ele>
        <time>2025-01-09T14:50:16Z</time>
      </trkpt>
      <trkpt lat="41.516377" lon="2.392298">
        <ele>41.654</ele>
        <time>2025-01-09T14:50:18Z</time>
      </trkpt>
      <trkpt lat="41.516378" lon="2.392364">
        <ele>41.462</ele>
        <time>2025-01-09T14:50:23Z</time>
      </trkpt>
      <trkpt lat="41.516381" lon="2.392406">
        <ele>41.399</ele>
        <time>2025-01-09T14:50:26Z</time>
      </trkpt>
      <trkpt lat="41.516384" lon="2.392448">
        <ele>41.182</ele>
        <time>2025-01-09T14:50:29Z</time>
      </trkpt>
      <trkpt lat="41.516389" lon="2.392488">
        <ele>41.078</ele>
        <time>2025-01-09T14:50:35Z</time>
      </trkpt>
      <trkpt lat="41.516390" lon="2.392534">
        <ele>40.933</ele>
        <time>2025-01-09T14:50:39Z</time>
      </trkpt>
      <trkpt lat="41.516393" lon="2.392585">
        <ele>40.726</ele>
        <time>2025-01-09T14:50:42Z</time>
      </trkpt>
      <trkpt lat="41.516401" lon="2.392623">
        <ele>40.609</ele>
        <time>2025-01-09T14:50:46Z</time>
      </trkpt>
      <trkpt lat="41.516409" lon="2.392654">
        <ele>40.678</ele>
        <time>2025-01-09T14:50:49Z</time>
      </trkpt>
      <trkpt lat="41.516411" lon="2.392685">
        <ele>40.556</ele>
        <time>2025-01-09T14:50:51Z</time>
      </trkpt>
      <trkpt lat="41.516420" lon="2.392720">
        <ele>40.436</ele>
        <time>2025-01-09T14:50:54Z</time>
      </trkpt>
      <trkpt lat="41.516426" lon="2.392757">
        <ele>40.352</ele>
        <time>2025-01-09T14:50:57Z</time>
      </trkpt>
      <trkpt lat="41.516433" lon="2.392790">
        <ele>40.352</ele>
        <time>2025-01-09T14:51:00Z</time>
      </trkpt>
      <trkpt lat="41.516437" lon="2.392828">
        <ele>40.246</ele>
        <time>2025-01-09T14:51:03Z</time>
      </trkpt>
      <trkpt lat="41.516440" lon="2.392864">
        <ele>40.134</ele>
        <time>2025-01-09T14:51:07Z</time>
      </trkpt>
      <trkpt lat="41.516449" lon="2.392902">
        <ele>40.071</ele>
        <time>2025-01-09T14:51:10Z</time>
      </trkpt>
      <trkpt lat="41.516453" lon="2.392928">
        <ele>39.964</ele>
        <time>2025-01-09T14:51:12Z</time>
      </trkpt>
      <trkpt lat="41.516457" lon="2.392953">
        <ele>39.984</ele>
        <time>2025-01-09T14:51:13Z</time>
      </trkpt>
      <trkpt lat="41.516465" lon="2.392996">
        <ele>39.807</ele>
        <time>2025-01-09T14:51:17Z</time>
      </trkpt>
      <trkpt lat="41.516472" lon="2.393030">
        <ele>39.717</ele>
        <time>2025-01-09T14:51:19Z</time>
      </trkpt>
      <trkpt lat="41.516477" lon="2.393061">
        <ele>39.609</ele>
        <time>2025-01-09T14:51:23Z</time>
      </trkpt>
      <trkpt lat="41.516490" lon="2.393103">
        <ele>39.779</ele>
        <time>2025-01-09T14:51:27Z</time>
      </trkpt>
      <trkpt lat="41.516501" lon="2.393146">
        <ele>39.877</ele>
        <time>2025-01-09T14:51:30Z</time>
      </trkpt>
      <trkpt lat="41.516513" lon="2.393187">
        <ele>39.937</ele>
        <time>2025-01-09T14:51:34Z</time>
      </trkpt>
      <trkpt lat="41.516525" lon="2.393231">
        <ele>40.023</ele>
        <time>2025-01-09T14:51:38Z</time>
      </trkpt>
      <trkpt lat="41.516532" lon="2.393271">
        <ele>40.063</ele>
        <time>2025-01-09T14:51:41Z</time>
      </trkpt>
      <trkpt lat="41.516542" lon="2.393313">
        <ele>40.197</ele>
        <time>2025-01-09T14:51:44Z</time>
      </trkpt>
      <trkpt lat="41.516553" lon="2.393357">
        <ele>40.115</ele>
        <time>2025-01-09T14:51:48Z</time>
      </trkpt>
      <trkpt lat="41.516563" lon="2.393398">
        <ele>40.172</ele>
        <time>2025-01-09T14:51:51Z</time>
      </trkpt>
      <trkpt lat="41.516573" lon="2.393437">
        <ele>40.185</ele>
        <time>2025-01-09T14:51:54Z</time>
      </trkpt>
      <trkpt lat="41.516581" lon="2.393476">
        <ele>40.098</ele>
        <time>2025-01-09T14:51:57Z</time>
      </trkpt>
      <trkpt lat="41.516588" lon="2.393513">
        <ele>40.015</ele>
        <time>2025-01-09T14:52:00Z</time>
      </trkpt>
      <trkpt lat="41.516595" lon="2.393542">
        <ele>39.926</ele>
        <time>2025-01-09T14:52:02Z</time>
      </trkpt>
      <trkpt lat="41.516606" lon="2.393580">
        <ele>39.909</ele>
        <time>2025-01-09T14:52:05Z</time>
      </trkpt>
      <trkpt lat="41.516615" lon="2.393625">
        <ele>39.810</ele>
        <time>2025-01-09T14:52:10Z</time>
      </trkpt>
      <trkpt lat="41.516623" lon="2.393647">
        <ele>39.798</ele>
        <time>2025-01-09T14:52:12Z</time>
      </trkpt>
      <trkpt lat="41.516635" lon="2.393689">
        <ele>39.628</ele>
        <time>2025-01-09T14:52:15Z</time>
      </trkpt>
      <trkpt lat="41.516642" lon="2.393729">
        <ele>39.584</ele>
        <time>2025-01-09T14:52:19Z</time>
      </trkpt>
      <trkpt lat="41.516652" lon="2.393766">
        <ele>39.484</ele>
        <time>2025-01-09T14:52:31Z</time>
      </trkpt>
      <trkpt lat="41.516663" lon="2.393800">
        <ele>39.368</ele>
        <time>2025-01-09T14:52:34Z</time>
      </trkpt>
      <trkpt lat="41.516675" lon="2.393837">
        <ele>39.286</ele>
        <time>2025-01-09T14:52:37Z</time>
      </trkpt>
      <trkpt lat="41.516683" lon="2.393869">
        <ele>39.173</ele>
        <time>2025-01-09T14:52:41Z</time>
      </trkpt>
      <trkpt lat="41.516692" lon="2.393904">
        <ele>39.176</ele>
        <time>2025-01-09T14:52:44Z</time>
      </trkpt>
      <trkpt lat="41.516701" lon="2.393946">
        <ele>39.195</ele>
        <time>2025-01-09T14:52:47Z</time>
      </trkpt>
      <trkpt lat="41.516704" lon="2.393970">
        <ele>39.149</ele>
        <time>2025-01-09T14:52:48Z</time>
      </trkpt>
      <trkpt lat="41.516711" lon="2.394006">
        <ele>39.223</ele>
        <time>2025-01-09T14:52:51Z</time>
      </trkpt>
      <trkpt lat="41.516718" lon="2.394037">
        <ele>39.209</ele>
        <time>2025-01-09T14:52:53Z</time>
      </trkpt>
      <trkpt lat="41.516729" lon="2.394074">
        <ele>39.290</ele>
        <time>2025-01-09T14:52:56Z</time>
      </trkpt>
      <trkpt lat="41.516739" lon="2.394116">
        <ele>39.378</ele>
        <time>2025-01-09T14:52:59Z</time>
      </trkpt>
      <trkpt lat="41.516749" lon="2.394157">
        <ele>39.398</ele>
        <time>2025-01-09T14:53:02Z</time>
      </trkpt>
      <trkpt lat="41.516760" lon="2.394196">
        <ele>39.354</ele>
        <time>2025-01-09T14:53:05Z</time>
      </trkpt>
      <trkpt lat="41.516765" lon="2.394220">
        <ele>39.474</ele>
        <time>2025-01-09T14:53:07Z</time>
      </trkpt>
      <trkpt lat="41.516777" lon="2.394263">
        <ele>39.458</ele>
        <time>2025-01-09T14:53:10Z</time>
      </trkpt>
      <trkpt lat="41.516788" lon="2.394298">
        <ele>39.416</ele>
        <time>2025-01-09T14:53:13Z</time>
      </trkpt>
      <trkpt lat="41.516800" lon="2.394333">
        <ele>39.513</ele>
        <time>2025-01-09T14:53:16Z</time>
      </trkpt>
      <trkpt lat="41.516815" lon="2.394368">
        <ele>39.566</ele>
        <time>2025-01-09T14:53:19Z</time>
      </trkpt>
      <trkpt lat="41.516832" lon="2.394409">
        <ele>39.653</ele>
        <time>2025-01-09T14:53:22Z</time>
      </trkpt>
      <trkpt lat="41.516846" lon="2.394449">
        <ele>39.604</ele>
        <time>2025-01-09T14:53:25Z</time>
      </trkpt>
      <trkpt lat="41.516847" lon="2.394480">
        <ele>39.414</ele>
        <time>2025-01-09T14:53:29Z</time>
      </trkpt>
      <trkpt lat="41.516842" lon="2.394518">
        <ele>39.109</ele>
        <time>2025-01-09T14:53:32Z</time>
      </trkpt>
      <trkpt lat="41.516829" lon="2.394543">
        <ele>38.916</ele>
        <time>2025-01-09T14:53:36Z</time>
      </trkpt>
      <trkpt lat="41.516805" lon="2.394549">
        <ele>38.794</ele>
        <time>2025-01-09T14:53:43Z</time>
      </trkpt>
      <trkpt lat="41.516781" lon="2.394567">
        <ele>38.534</ele>
        <time>2025-01-09T14:53:46Z</time>
      </trkpt>
      <trkpt lat="41.516753" lon="2.394581">
        <ele>38.370</ele>
        <time>2025-01-09T14:53:49Z</time>
      </trkpt>
      <trkpt lat="41.516726" lon="2.394596">
        <ele>38.180</ele>
        <time>2025-01-09T14:53:51Z</time>
      </trkpt>
      <trkpt lat="41.516699" lon="2.394612">
        <ele>37.964</ele>
        <time>2025-01-09T14:53:54Z</time>
      </trkpt>
      <trkpt lat="41.516667" lon="2.394630">
        <ele>37.772</ele>
        <time>2025-01-09T14:53:57Z</time>
      </trkpt>
      <trkpt lat="41.516633" lon="2.394641">
        <ele>37.449</ele>
        <time>2025-01-09T14:54:01Z</time>
      </trkpt>
      <trkpt lat="41.516605" lon="2.394654">
        <ele>37.252</ele>
        <time>2025-01-09T14:54:03Z</time>
      </trkpt>
      <trkpt lat="41.516575" lon="2.394668">
        <ele>37.084</ele>
        <time>2025-01-09T14:54:07Z</time>
      </trkpt>
      <trkpt lat="41.516558" lon="2.394680">
        <ele>36.907</ele>
        <time>2025-01-09T14:54:08Z</time>
      </trkpt>
      <trkpt lat="41.516528" lon="2.394694">
        <ele>36.717</ele>
        <time>2025-01-09T14:54:11Z</time>
      </trkpt>
      <trkpt lat="41.516496" lon="2.394706">
        <ele>36.509</ele>
        <time>2025-01-09T14:54:14Z</time>
      </trkpt>
      <trkpt lat="41.516467" lon="2.394715">
        <ele>36.399</ele>
        <time>2025-01-09T14:54:17Z</time>
      </trkpt>
      <trkpt lat="41.516441" lon="2.394730">
        <ele>36.247</ele>
        <time>2025-01-09T14:54:20Z</time>
      </trkpt>
      <trkpt lat="41.516414" lon="2.394742">
        <ele>36.077</ele>
        <time>2025-01-09T14:54:23Z</time>
      </trkpt>
      <trkpt lat="41.516383" lon="2.394752">
        <ele>35.933</ele>
        <time>2025-01-09T14:54:26Z</time>
      </trkpt>
      <trkpt lat="41.516353" lon="2.394760">
        <ele>35.763</ele>
        <time>2025-01-09T14:54:29Z</time>
      </trkpt>
      <trkpt lat="41.516323" lon="2.394773">
        <ele>35.697</ele>
        <time>2025-01-09T14:54:32Z</time>
      </trkpt>
      <trkpt lat="41.516292" lon="2.394788">
        <ele>35.415</ele>
        <time>2025-01-09T14:54:35Z</time>
      </trkpt>
      <trkpt lat="41.516263" lon="2.394802">
        <ele>35.352</ele>
        <time>2025-01-09T14:54:38Z</time>
      </trkpt>
      <trkpt lat="41.516235" lon="2.394817">
        <ele>35.195</ele>
        <time>2025-01-09T14:54:41Z</time>
      </trkpt>
      <trkpt lat="41.516207" lon="2.394832">
        <ele>35.066</ele>
        <time>2025-01-09T14:54:43Z</time>
      </trkpt>
      <trkpt lat="41.516179" lon="2.394840">
        <ele>34.829</ele>
        <time>2025-01-09T14:54:46Z</time>
      </trkpt>
      <trkpt lat="41.516152" lon="2.394854">
        <ele>34.721</ele>
        <time>2025-01-09T14:54:49Z</time>
      </trkpt>
      <trkpt lat="41.516123" lon="2.394879">
        <ele>34.509</ele>
        <time>2025-01-09T14:54:52Z</time>
      </trkpt>
      <trkpt lat="41.516095" lon="2.394895">
        <ele>34.397</ele>
        <time>2025-01-09T14:54:55Z</time>
      </trkpt>
      <trkpt lat="41.516063" lon="2.394907">
        <ele>34.115</ele>
        <time>2025-01-09T14:54:58Z</time>
      </trkpt>
      <trkpt lat="41.516029" lon="2.394919">
        <ele>33.985</ele>
        <time>2025-01-09T14:55:01Z</time>
      </trkpt>
      <trkpt lat="41.515998" lon="2.394924">
        <ele>33.881</ele>
        <time>2025-01-09T14:55:04Z</time>
      </trkpt>
      <trkpt lat="41.515973" lon="2.394943">
        <ele>33.671</ele>
        <time>2025-01-09T14:55:07Z</time>
      </trkpt>
      <trkpt lat="41.515947" lon="2.394965">
        <ele>33.595</ele>
        <time>2025-01-09T14:55:10Z</time>
      </trkpt>
      <trkpt lat="41.515918" lon="2.394979">
        <ele>33.363</ele>
        <time>2025-01-09T14:55:13Z</time>
      </trkpt>
      <trkpt lat="41.515887" lon="2.394982">
        <ele>33.260</ele>
        <time>2025-01-09T14:55:16Z</time>
      </trkpt>
      <trkpt lat="41.515857" lon="2.394991">
        <ele>33.123</ele>
        <time>2025-01-09T14:55:19Z</time>
      </trkpt>
      <trkpt lat="41.515824" lon="2.395003">
        <ele>33.052</ele>
        <time>2025-01-09T14:55:23Z</time>
      </trkpt>
      <trkpt lat="41.515793" lon="2.395015">
        <ele>33.053</ele>
        <time>2025-01-09T14:55:26Z</time>
      </trkpt>
      <trkpt lat="41.515766" lon="2.395030">
        <ele>33.008</ele>
        <time>2025-01-09T14:55:28Z</time>
      </trkpt>
      <trkpt lat="41.515736" lon="2.395047">
        <ele>33.009</ele>
        <time>2025-01-09T14:55:32Z</time>
      </trkpt>
      <trkpt lat="41.515718" lon="2.395053">
        <ele>33.086</ele>
        <time>2025-01-09T14:55:33Z</time>
      </trkpt>
      <trkpt lat="41.515702" lon="2.395064">
        <ele>33.024</ele>
        <time>2025-01-09T14:55:35Z</time>
      </trkpt>
      <trkpt lat="41.515673" lon="2.395083">
        <ele>33.074</ele>
        <time>2025-01-09T14:55:38Z</time>
      </trkpt>
      <trkpt lat="41.515652" lon="2.395103">
        <ele>33.050</ele>
        <time>2025-01-09T14:55:42Z</time>
      </trkpt>
      <trkpt lat="41.515628" lon="2.395124">
        <ele>33.040</ele>
        <time>2025-01-09T14:55:44Z</time>
      </trkpt>
      <trkpt lat="41.515605" lon="2.395151">
        <ele>33.034</ele>
        <time>2025-01-09T14:55:47Z</time>
      </trkpt>
      <trkpt lat="41.515583" lon="2.395178">
        <ele>33.052</ele>
        <time>2025-01-09T14:55:50Z</time>
      </trkpt>
      <trkpt lat="41.515562" lon="2.395214">
        <ele>33.039</ele>
        <time>2025-01-09T14:55:54Z</time>
      </trkpt>
      <trkpt lat="41.515550" lon="2.395233">
        <ele>33.032</ele>
        <time>2025-01-09T14:55:57Z</time>
      </trkpt>
      <trkpt lat="41.515529" lon="2.395259">
        <ele>32.898</ele>
        <time>2025-01-09T14:56:00Z</time>
      </trkpt>
      <trkpt lat="41.515505" lon="2.395289">
        <ele>32.615</ele>
        <time>2025-01-09T14:56:03Z</time>
      </trkpt>
      <trkpt lat="41.515481" lon="2.395311">
        <ele>32.326</ele>
        <time>2025-01-09T14:56:06Z</time>
      </trkpt>
      <trkpt lat="41.515461" lon="2.395331">
        <ele>32.109</ele>
        <time>2025-01-09T14:56:08Z</time>
      </trkpt>
      <trkpt lat="41.515436" lon="2.395351">
        <ele>31.950</ele>
        <time>2025-01-09T14:56:11Z</time>
      </trkpt>
      <trkpt lat="41.515417" lon="2.395381">
        <ele>31.678</ele>
        <time>2025-01-09T14:56:14Z</time>
      </trkpt>
      <trkpt lat="41.515399" lon="2.395415">
        <ele>31.468</ele>
        <time>2025-01-09T14:56:17Z</time>
      </trkpt>
      <trkpt lat="41.515388" lon="2.395434">
        <ele>31.244</ele>
        <time>2025-01-09T14:56:18Z</time>
      </trkpt>
      <trkpt lat="41.515369" lon="2.395476">
        <ele>30.954</ele>
        <time>2025-01-09T14:56:22Z</time>
      </trkpt>
      <trkpt lat="41.515372" lon="2.395502">
        <ele>30.948</ele>
        <time>2025-01-09T14:56:24Z</time>
      </trkpt>
      <trkpt lat="41.515356" lon="2.395539">
        <ele>30.696</ele>
        <time>2025-01-09T14:56:27Z</time>
      </trkpt>
      <trkpt lat="41.515339" lon="2.395567">
        <ele>30.483</ele>
        <time>2025-01-09T14:56:30Z</time>
      </trkpt>
      <trkpt lat="41.515313" lon="2.395587">
        <ele>30.146</ele>
        <time>2025-01-09T14:56:32Z</time>
      </trkpt>
      <trkpt lat="41.515286" lon="2.395609">
        <ele>29.947</ele>
        <time>2025-01-09T14:56:35Z</time>
      </trkpt>
      <trkpt lat="41.515270" lon="2.395639">
        <ele>29.729</ele>
        <time>2025-01-09T14:56:39Z</time>
      </trkpt>
      <trkpt lat="41.515244" lon="2.395668">
        <ele>29.521</ele>
        <time>2025-01-09T14:56:42Z</time>
      </trkpt>
      <trkpt lat="41.515218" lon="2.395686">
        <ele>29.309</ele>
        <time>2025-01-09T14:56:44Z</time>
      </trkpt>
      <trkpt lat="41.515193" lon="2.395706">
        <ele>29.275</ele>
        <time>2025-01-09T14:56:47Z</time>
      </trkpt>
      <trkpt lat="41.515166" lon="2.395727">
        <ele>29.053</ele>
        <time>2025-01-09T14:56:50Z</time>
      </trkpt>
      <trkpt lat="41.515139" lon="2.395753">
        <ele>28.813</ele>
        <time>2025-01-09T14:56:53Z</time>
      </trkpt>
      <trkpt lat="41.515117" lon="2.395779">
        <ele>28.619</ele>
        <time>2025-01-09T14:56:56Z</time>
      </trkpt>
      <trkpt lat="41.515093" lon="2.395801">
        <ele>28.559</ele>
        <time>2025-01-09T14:56:58Z</time>
      </trkpt>
      <trkpt lat="41.515072" lon="2.395821">
        <ele>28.373</ele>
        <time>2025-01-09T14:57:01Z</time>
      </trkpt>
      <trkpt lat="41.515046" lon="2.395844">
        <ele>28.181</ele>
        <time>2025-01-09T14:57:04Z</time>
      </trkpt>
      <trkpt lat="41.515024" lon="2.395879">
        <ele>27.918</ele>
        <time>2025-01-09T14:57:07Z</time>
      </trkpt>
      <trkpt lat="41.514997" lon="2.395895">
        <ele>27.831</ele>
        <time>2025-01-09T14:57:09Z</time>
      </trkpt>
      <trkpt lat="41.514969" lon="2.395921">
        <ele>27.889</ele>
        <time>2025-01-09T14:57:12Z</time>
      </trkpt>
      <trkpt lat="41.514944" lon="2.395941">
        <ele>27.706</ele>
        <time>2025-01-09T14:57:15Z</time>
      </trkpt>
      <trkpt lat="41.514919" lon="2.395962">
        <ele>27.726</ele>
        <time>2025-01-09T14:57:18Z</time>
      </trkpt>
      <trkpt lat="41.514892" lon="2.395981">
        <ele>27.709</ele>
        <time>2025-01-09T14:57:20Z</time>
      </trkpt>
      <trkpt lat="41.514867" lon="2.396001">
        <ele>27.699</ele>
        <time>2025-01-09T14:57:23Z</time>
      </trkpt>
      <trkpt lat="41.514843" lon="2.396021">
        <ele>27.577</ele>
        <time>2025-01-09T14:57:26Z</time>
      </trkpt>
      <trkpt lat="41.514820" lon="2.396042">
        <ele>27.467</ele>
        <time>2025-01-09T14:57:29Z</time>
      </trkpt>
      <trkpt lat="41.514792" lon="2.396066">
        <ele>27.323</ele>
        <time>2025-01-09T14:57:32Z</time>
      </trkpt>
      <trkpt lat="41.514765" lon="2.396087">
        <ele>27.293</ele>
        <time>2025-01-09T14:57:36Z</time>
      </trkpt>
      <trkpt lat="41.514737" lon="2.396110">
        <ele>27.057</ele>
        <time>2025-01-09T14:57:38Z</time>
      </trkpt>
      <trkpt lat="41.514707" lon="2.396126">
        <ele>26.835</ele>
        <time>2025-01-09T14:57:41Z</time>
      </trkpt>
      <trkpt lat="41.514680" lon="2.396145">
        <ele>26.632</ele>
        <time>2025-01-09T14:57:44Z</time>
      </trkpt>
      <trkpt lat="41.514657" lon="2.396164">
        <ele>26.385</ele>
        <time>2025-01-09T14:57:46Z</time>
      </trkpt>
      <trkpt lat="41.514633" lon="2.396187">
        <ele>26.066</ele>
        <time>2025-01-09T14:57:49Z</time>
      </trkpt>
      <trkpt lat="41.514605" lon="2.396209">
        <ele>25.729</ele>
        <time>2025-01-09T14:57:52Z</time>
      </trkpt>
      <trkpt lat="41.514578" lon="2.396238">
        <ele>25.321</ele>
        <time>2025-01-09T14:57:55Z</time>
      </trkpt>
      <trkpt lat="41.514554" lon="2.396262">
        <ele>24.909</ele>
        <time>2025-01-09T14:57:58Z</time>
      </trkpt>
      <trkpt lat="41.514526" lon="2.396287">
        <ele>24.527</ele>
        <time>2025-01-09T14:58:01Z</time>
      </trkpt>
      <trkpt lat="41.514501" lon="2.396307">
        <ele>24.165</ele>
        <time>2025-01-09T14:58:04Z</time>
      </trkpt>
      <trkpt lat="41.514478" lon="2.396324">
        <ele>23.865</ele>
        <time>2025-01-09T14:58:06Z</time>
      </trkpt>
      <trkpt lat="41.514456" lon="2.396343">
        <ele>23.441</ele>
        <time>2025-01-09T14:58:09Z</time>
      </trkpt>
      <trkpt lat="41.514430" lon="2.396367">
        <ele>23.031</ele>
        <time>2025-01-09T14:58:12Z</time>
      </trkpt>
      <trkpt lat="41.514406" lon="2.396391">
        <ele>22.695</ele>
        <time>2025-01-09T14:58:14Z</time>
      </trkpt>
      <trkpt lat="41.514376" lon="2.396408">
        <ele>22.293</ele>
        <time>2025-01-09T14:58:18Z</time>
      </trkpt>
      <trkpt lat="41.514350" lon="2.396427">
        <ele>21.820</ele>
        <time>2025-01-09T14:58:21Z</time>
      </trkpt>
      <trkpt lat="41.514325" lon="2.396448">
        <ele>21.553</ele>
        <time>2025-01-09T14:58:23Z</time>
      </trkpt>
      <trkpt lat="41.514299" lon="2.396470">
        <ele>21.184</ele>
        <time>2025-01-09T14:58:26Z</time>
      </trkpt>
      <trkpt lat="41.514274" lon="2.396490">
        <ele>20.807</ele>
        <time>2025-01-09T14:58:29Z</time>
      </trkpt>
      <trkpt lat="41.514248" lon="2.396512">
        <ele>20.417</ele>
        <time>2025-01-09T14:58:31Z</time>
      </trkpt>
      <trkpt lat="41.514224" lon="2.396533">
        <ele>20.109</ele>
        <time>2025-01-09T14:58:34Z</time>
      </trkpt>
      <trkpt lat="41.514198" lon="2.396553">
        <ele>19.749</ele>
        <time>2025-01-09T14:58:37Z</time>
      </trkpt>
      <trkpt lat="41.514173" lon="2.396568">
        <ele>19.417</ele>
        <time>2025-01-09T14:58:39Z</time>
      </trkpt>
      <trkpt lat="41.514145" lon="2.396585">
        <ele>19.227</ele>
        <time>2025-01-09T14:58:42Z</time>
      </trkpt>
      <trkpt lat="41.514117" lon="2.396606">
        <ele>18.943</ele>
        <time>2025-01-09T14:58:45Z</time>
      </trkpt>
      <trkpt lat="41.514089" lon="2.396635">
        <ele>18.643</ele>
        <time>2025-01-09T14:58:48Z</time>
      </trkpt>
      <trkpt lat="41.514075" lon="2.396652">
        <ele>18.487</ele>
        <time>2025-01-09T14:58:50Z</time>
      </trkpt>
      <trkpt lat="41.514053" lon="2.396683">
        <ele>18.285</ele>
        <time>2025-01-09T14:58:53Z</time>
      </trkpt>
      <trkpt lat="41.514033" lon="2.396706">
        <ele>18.092</ele>
        <time>2025-01-09T14:58:55Z</time>
      </trkpt>
      <trkpt lat="41.514009" lon="2.396726">
        <ele>17.985</ele>
        <time>2025-01-09T14:58:58Z</time>
      </trkpt>
      <trkpt lat="41.513985" lon="2.396745">
        <ele>17.778</ele>
        <time>2025-01-09T14:59:00Z</time>
      </trkpt>
      <trkpt lat="41.513961" lon="2.396768">
        <ele>17.533</ele>
        <time>2025-01-09T14:59:03Z</time>
      </trkpt>
      <trkpt lat="41.513938" lon="2.396784">
        <ele>17.426</ele>
        <time>2025-01-09T14:59:05Z</time>
      </trkpt>
      <trkpt lat="41.513915" lon="2.396803">
        <ele>17.209</ele>
        <time>2025-01-09T14:59:08Z</time>
      </trkpt>
      <trkpt lat="41.513890" lon="2.396821">
        <ele>17.078</ele>
        <time>2025-01-09T14:59:10Z</time>
      </trkpt>
      <trkpt lat="41.513860" lon="2.396845">
        <ele>17.016</ele>
        <time>2025-01-09T14:59:14Z</time>
      </trkpt>
      <trkpt lat="41.513832" lon="2.396872">
        <ele>17.126</ele>
        <time>2025-01-09T14:59:17Z</time>
      </trkpt>
      <trkpt lat="41.513803" lon="2.396893">
        <ele>17.122</ele>
        <time>2025-01-09T14:59:20Z</time>
      </trkpt>
      <trkpt lat="41.513776" lon="2.396914">
        <ele>17.092</ele>
        <time>2025-01-09T14:59:23Z</time>
      </trkpt>
      <trkpt lat="41.513751" lon="2.396937">
        <ele>17.046</ele>
        <time>2025-01-09T14:59:26Z</time>
      </trkpt>
      <trkpt lat="41.513723" lon="2.396955">
        <ele>17.034</ele>
        <time>2025-01-09T14:59:28Z</time>
      </trkpt>
      <trkpt lat="41.513697" lon="2.396977">
        <ele>17.051</ele>
        <time>2025-01-09T14:59:31Z</time>
      </trkpt>
      <trkpt lat="41.513674" lon="2.397002">
        <ele>17.024</ele>
        <time>2025-01-09T14:59:34Z</time>
      </trkpt>
      <trkpt lat="41.513653" lon="2.397033">
        <ele>17.081</ele>
        <time>2025-01-09T14:59:37Z</time>
      </trkpt>
      <trkpt lat="41.513627" lon="2.397058">
        <ele>17.061</ele>
        <time>2025-01-09T14:59:41Z</time>
      </trkpt>
      <trkpt lat="41.513604" lon="2.397082">
        <ele>17.017</ele>
        <time>2025-01-09T14:59:43Z</time>
      </trkpt>
      <trkpt lat="41.513575" lon="2.397094">
        <ele>17.109</ele>
        <time>2025-01-09T14:59:46Z</time>
      </trkpt>
      <trkpt lat="41.513546" lon="2.397116">
        <ele>17.289</ele>
        <time>2025-01-09T14:59:49Z</time>
      </trkpt>
      <trkpt lat="41.513524" lon="2.397133">
        <ele>17.377</ele>
        <time>2025-01-09T14:59:52Z</time>
      </trkpt>
      <trkpt lat="41.513496" lon="2.397153">
        <ele>17.467</ele>
        <time>2025-01-09T14:59:54Z</time>
      </trkpt>
      <trkpt lat="41.513465" lon="2.397174">
        <ele>17.593</ele>
        <time>2025-01-09T14:59:58Z</time>
      </trkpt>
      <trkpt lat="41.513449" lon="2.397186">
        <ele>17.663</ele>
        <time>2025-01-09T14:59:59Z</time>
      </trkpt>
      <trkpt lat="41.513421" lon="2.397207">
        <ele>17.797</ele>
        <time>2025-01-09T15:00:02Z</time>
      </trkpt>
      <trkpt lat="41.513395" lon="2.397226">
        <ele>17.855</ele>
        <time>2025-01-09T15:00:05Z</time>
      </trkpt>
      <trkpt lat="41.513371" lon="2.397248">
        <ele>17.972</ele>
        <time>2025-01-09T15:00:08Z</time>
      </trkpt>
      <trkpt lat="41.513347" lon="2.397270">
        <ele>18.075</ele>
        <time>2025-01-09T15:00:11Z</time>
      </trkpt>
      <trkpt lat="41.513321" lon="2.397293">
        <ele>18.055</ele>
        <time>2025-01-09T15:00:13Z</time>
      </trkpt>
      <trkpt lat="41.513296" lon="2.397309">
        <ele>18.007</ele>
        <time>2025-01-09T15:00:16Z</time>
      </trkpt>
      <trkpt lat="41.513271" lon="2.397322">
        <ele>18.017</ele>
        <time>2025-01-09T15:00:18Z</time>
      </trkpt>
      <trkpt lat="41.513250" lon="2.397342">
        <ele>18.009</ele>
        <time>2025-01-09T15:00:21Z</time>
      </trkpt>
      <trkpt lat="41.513222" lon="2.397365">
        <ele>18.066</ele>
        <time>2025-01-09T15:00:24Z</time>
      </trkpt>
      <trkpt lat="41.513198" lon="2.397389">
        <ele>18.074</ele>
        <time>2025-01-09T15:00:27Z</time>
      </trkpt>
      <trkpt lat="41.513171" lon="2.397415">
        <ele>18.064</ele>
        <time>2025-01-09T15:00:30Z</time>
      </trkpt>
      <trkpt lat="41.513150" lon="2.397440">
        <ele>18.090</ele>
        <time>2025-01-09T15:00:32Z</time>
      </trkpt>
      <trkpt lat="41.513126" lon="2.397467">
        <ele>18.030</ele>
        <time>2025-01-09T15:00:35Z</time>
      </trkpt>
      <trkpt lat="41.513100" lon="2.397485">
        <ele>18.044</ele>
        <time>2025-01-09T15:00:38Z</time>
      </trkpt>
      <trkpt lat="41.513075" lon="2.397506">
        <ele>18.042</ele>
        <time>2025-01-09T15:00:40Z</time>
      </trkpt>
      <trkpt lat="41.513048" lon="2.397523">
        <ele>17.989</ele>
        <time>2025-01-09T15:00:43Z</time>
      </trkpt>
      <trkpt lat="41.513023" lon="2.397541">
        <ele>17.732</ele>
        <time>2025-01-09T15:00:46Z</time>
      </trkpt>
      <trkpt lat="41.512997" lon="2.397562">
        <ele>17.667</ele>
        <time>2025-01-09T15:00:49Z</time>
      </trkpt>
      <trkpt lat="41.512970" lon="2.397584">
        <ele>17.481</ele>
        <time>2025-01-09T15:00:52Z</time>
      </trkpt>
      <trkpt lat="41.512945" lon="2.397606">
        <ele>17.219</ele>
        <time>2025-01-09T15:00:54Z</time>
      </trkpt>
      <trkpt lat="41.512919" lon="2.397627">
        <ele>17.109</ele>
        <time>2025-01-09T15:00:57Z</time>
      </trkpt>
      <trkpt lat="41.512894" lon="2.397649">
        <ele>16.977</ele>
        <time>2025-01-09T15:01:00Z</time>
      </trkpt>
      <trkpt lat="41.512871" lon="2.397672">
        <ele>16.775</ele>
        <time>2025-01-09T15:01:03Z</time>
      </trkpt>
      <trkpt lat="41.512845" lon="2.397694">
        <ele>16.535</ele>
        <time>2025-01-09T15:01:06Z</time>
      </trkpt>
      <trkpt lat="41.512819" lon="2.397719">
        <ele>16.451</ele>
        <time>2025-01-09T15:01:09Z</time>
      </trkpt>
      <trkpt lat="41.512793" lon="2.397741">
        <ele>16.291</ele>
        <time>2025-01-09T15:01:11Z</time>
      </trkpt>
      <trkpt lat="41.512767" lon="2.397766">
        <ele>16.095</ele>
        <time>2025-01-09T15:01:14Z</time>
      </trkpt>
      <trkpt lat="41.512742" lon="2.397792">
        <ele>15.913</ele>
        <time>2025-01-09T15:01:17Z</time>
      </trkpt>
      <trkpt lat="41.512718" lon="2.397813">
        <ele>15.980</ele>
        <time>2025-01-09T15:01:20Z</time>
      </trkpt>
      <trkpt lat="41.512689" lon="2.397832">
        <ele>15.863</ele>
        <time>2025-01-09T15:01:23Z</time>
      </trkpt>
      <trkpt lat="41.512665" lon="2.397855">
        <ele>15.751</ele>
        <time>2025-01-09T15:01:26Z</time>
      </trkpt>
      <trkpt lat="41.512635" lon="2.397875">
        <ele>15.701</ele>
        <time>2025-01-09T15:01:29Z</time>
      </trkpt>
      <trkpt lat="41.512604" lon="2.397886">
        <ele>15.611</ele>
        <time>2025-01-09T15:01:32Z</time>
      </trkpt>
      <trkpt lat="41.512569" lon="2.397907">
        <ele>15.509</ele>
        <time>2025-01-09T15:01:35Z</time>
      </trkpt>
      <trkpt lat="41.512542" lon="2.397926">
        <ele>15.546</ele>
        <time>2025-01-09T15:01:38Z</time>
      </trkpt>
      <trkpt lat="41.512510" lon="2.397946">
        <ele>15.494</ele>
        <time>2025-01-09T15:01:42Z</time>
      </trkpt>
      <trkpt lat="41.512480" lon="2.397972">
        <ele>15.424</ele>
        <time>2025-01-09T15:01:45Z</time>
      </trkpt>
      <trkpt lat="41.512464" lon="2.397985">
        <ele>15.470</ele>
        <time>2025-01-09T15:01:47Z</time>
      </trkpt>
      <trkpt lat="41.512449" lon="2.397999">
        <ele>15.450</ele>
        <time>2025-01-09T15:01:48Z</time>
      </trkpt>
      <trkpt lat="41.512421" lon="2.398022">
        <ele>15.434</ele>
        <time>2025-01-09T15:01:51Z</time>
      </trkpt>
      <trkpt lat="41.512398" lon="2.398040">
        <ele>15.492</ele>
        <time>2025-01-09T15:01:54Z</time>
      </trkpt>
      <trkpt lat="41.512375" lon="2.398056">
        <ele>15.489</ele>
        <time>2025-01-09T15:01:56Z</time>
      </trkpt>
      <trkpt lat="41.512356" lon="2.398072">
        <ele>15.512</ele>
        <time>2025-01-09T15:01:58Z</time>
      </trkpt>
      <trkpt lat="41.512333" lon="2.398093">
        <ele>15.516</ele>
        <time>2025-01-09T15:02:01Z</time>
      </trkpt>
      <trkpt lat="41.512305" lon="2.398123">
        <ele>15.576</ele>
        <time>2025-01-09T15:02:04Z</time>
      </trkpt>
      <trkpt lat="41.512277" lon="2.398151">
        <ele>15.513</ele>
        <time>2025-01-09T15:02:08Z</time>
      </trkpt>
      <trkpt lat="41.512251" lon="2.398177">
        <ele>15.509</ele>
        <time>2025-01-09T15:02:11Z</time>
      </trkpt>
      <trkpt lat="41.512227" lon="2.398203">
        <ele>15.592</ele>
        <time>2025-01-09T15:02:14Z</time>
      </trkpt>
      <trkpt lat="41.512200" lon="2.398225">
        <ele>15.490</ele>
        <time>2025-01-09T15:02:17Z</time>
      </trkpt>
      <trkpt lat="41.512175" lon="2.398251">
        <ele>15.310</ele>
        <time>2025-01-09T15:02:20Z</time>
      </trkpt>
      <trkpt lat="41.512149" lon="2.398279">
        <ele>15.276</ele>
        <time>2025-01-09T15:02:24Z</time>
      </trkpt>
      <trkpt lat="41.512121" lon="2.398304">
        <ele>15.126</ele>
        <time>2025-01-09T15:02:27Z</time>
      </trkpt>
      <trkpt lat="41.512094" lon="2.398324">
        <ele>15.030</ele>
        <time>2025-01-09T15:02:30Z</time>
      </trkpt>
      <trkpt lat="41.512068" lon="2.398343">
        <ele>15.098</ele>
        <time>2025-01-09T15:02:33Z</time>
      </trkpt>
      <trkpt lat="41.512040" lon="2.398358">
        <ele>14.965</ele>
        <time>2025-01-09T15:02:35Z</time>
      </trkpt>
      <trkpt lat="41.512017" lon="2.398379">
        <ele>14.858</ele>
        <time>2025-01-09T15:02:38Z</time>
      </trkpt>
      <trkpt lat="41.511992" lon="2.398405">
        <ele>14.737</ele>
        <time>2025-01-09T15:02:41Z</time>
      </trkpt>
      <trkpt lat="41.511965" lon="2.398424">
        <ele>14.749</ele>
        <time>2025-01-09T15:02:44Z</time>
      </trkpt>
      <trkpt lat="41.511939" lon="2.398441">
        <ele>14.613</ele>
        <time>2025-01-09T15:02:47Z</time>
      </trkpt>
      <trkpt lat="41.511908" lon="2.398459">
        <ele>14.409</ele>
        <time>2025-01-09T15:02:50Z</time>
      </trkpt>
      <trkpt lat="41.511881" lon="2.398476">
        <ele>14.334</ele>
        <time>2025-01-09T15:02:53Z</time>
      </trkpt>
      <trkpt lat="41.511853" lon="2.398493">
        <ele>14.182</ele>
        <time>2025-01-09T15:02:55Z</time>
      </trkpt>
      <trkpt lat="41.511823" lon="2.398512">
        <ele>13.932</ele>
        <time>2025-01-09T15:02:58Z</time>
      </trkpt>
      <trkpt lat="41.511797" lon="2.398535">
        <ele>13.778</ele>
        <time>2025-01-09T15:03:01Z</time>
      </trkpt>
      <trkpt lat="41.511769" lon="2.398558">
        <ele>13.668</ele>
        <time>2025-01-09T15:03:05Z</time>
      </trkpt>
      <trkpt lat="41.511747" lon="2.398578">
        <ele>13.432</ele>
        <time>2025-01-09T15:03:08Z</time>
      </trkpt>
      <trkpt lat="41.511721" lon="2.398600">
        <ele>13.280</ele>
        <time>2025-01-09T15:03:12Z</time>
      </trkpt>
      <trkpt lat="41.511696" lon="2.398616">
        <ele>13.147</ele>
        <time>2025-01-09T15:03:15Z</time>
      </trkpt>
      <trkpt lat="41.511675" lon="2.398637">
        <ele>12.920</ele>
        <time>2025-01-09T15:03:17Z</time>
      </trkpt>
      <trkpt lat="41.511667" lon="2.398676">
        <ele>12.836</ele>
        <time>2025-01-09T15:03:20Z</time>
      </trkpt>
      <trkpt lat="41.511662" lon="2.398717">
        <ele>12.617</ele>
        <time>2025-01-09T15:03:23Z</time>
      </trkpt>
      <trkpt lat="41.511650" lon="2.398750">
        <ele>12.518</ele>
        <time>2025-01-09T15:03:25Z</time>
      </trkpt>
      <trkpt lat="41.511625" lon="2.398776">
        <ele>12.509</ele>
        <time>2025-01-09T15:03:28Z</time>
      </trkpt>
      <trkpt lat="41.511602" lon="2.398804">
        <ele>12.544</ele>
        <time>2025-01-09T15:03:31Z</time>
      </trkpt>
      <trkpt lat="41.511579" lon="2.398828">
        <ele>12.532</ele>
        <time>2025-01-09T15:03:34Z</time>
      </trkpt>
      <trkpt lat="41.511556" lon="2.398852">
        <ele>12.512</ele>
        <time>2025-01-09T15:03:37Z</time>
      </trkpt>
      <trkpt lat="41.511533" lon="2.398876">
        <ele>12.588</ele>
        <time>2025-01-09T15:03:39Z</time>
      </trkpt>
      <trkpt lat="41.511507" lon="2.398900">
        <ele>12.688</ele>
        <time>2025-01-09T15:03:42Z</time>
      </trkpt>
      <trkpt lat="41.511483" lon="2.398926">
        <ele>12.642</ele>
        <time>2025-01-09T15:03:45Z</time>
      </trkpt>
      <trkpt lat="41.511460" lon="2.398949">
        <ele>12.630</ele>
        <time>2025-01-09T15:03:48Z</time>
      </trkpt>
      <trkpt lat="41.511434" lon="2.398977">
        <ele>12.697</ele>
        <time>2025-01-09T15:03:51Z</time>
      </trkpt>
      <trkpt lat="41.511409" lon="2.399004">
        <ele>12.590</ele>
        <time>2025-01-09T15:03:54Z</time>
      </trkpt>
      <trkpt lat="41.511385" lon="2.399031">
        <ele>12.562</ele>
        <time>2025-01-09T15:03:57Z</time>
      </trkpt>
      <trkpt lat="41.511360" lon="2.399055">
        <ele>12.483</ele>
        <time>2025-01-09T15:04:00Z</time>
      </trkpt>
      <trkpt lat="41.511337" lon="2.399069">
        <ele>12.411</ele>
        <time>2025-01-09T15:04:02Z</time>
      </trkpt>
      <trkpt lat="41.511314" lon="2.399092">
        <ele>12.309</ele>
        <time>2025-01-09T15:04:05Z</time>
      </trkpt>
      <trkpt lat="41.511289" lon="2.399115">
        <ele>12.297</ele>
        <time>2025-01-09T15:04:08Z</time>
      </trkpt>
      <trkpt lat="41.511265" lon="2.399140">
        <ele>12.155</ele>
        <time>2025-01-09T15:04:10Z</time>
      </trkpt>
      <trkpt lat="41.511240" lon="2.399169">
        <ele>12.025</ele>
        <time>2025-01-09T15:04:13Z</time>
      </trkpt>
      <trkpt lat="41.511213" lon="2.399192">
        <ele>12.081</ele>
        <time>2025-01-09T15:04:16Z</time>
      </trkpt>
      <trkpt lat="41.511187" lon="2.399215">
        <ele>12.051</ele>
        <time>2025-01-09T15:04:19Z</time>
      </trkpt>
      <trkpt lat="41.511162" lon="2.399237">
        <ele>12.025</ele>
        <time>2025-01-09T15:04:22Z</time>
      </trkpt>
      <trkpt lat="41.511136" lon="2.399259">
        <ele>12.093</ele>
        <time>2025-01-09T15:04:25Z</time>
      </trkpt>
      <trkpt lat="41.511121" lon="2.399273">
        <ele>12.070</ele>
        <time>2025-01-09T15:04:27Z</time>
      </trkpt>
      <trkpt lat="41.511098" lon="2.399290">
        <ele>12.023</ele>
        <time>2025-01-09T15:04:29Z</time>
      </trkpt>
      <trkpt lat="41.511069" lon="2.399306">
        <ele>12.137</ele>
        <time>2025-01-09T15:04:32Z</time>
      </trkpt>
      <trkpt lat="41.511040" lon="2.399322">
        <ele>12.149</ele>
        <time>2025-01-09T15:04:35Z</time>
      </trkpt>
      <trkpt lat="41.511011" lon="2.399339">
        <ele>12.113</ele>
        <time>2025-01-09T15:04:38Z</time>
      </trkpt>
      <trkpt lat="41.510984" lon="2.399360">
        <ele>12.109</ele>
        <time>2025-01-09T15:04:40Z</time>
      </trkpt>
      <trkpt lat="41.510958" lon="2.399383">
        <ele>12.174</ele>
        <time>2025-01-09T15:04:44Z</time>
      </trkpt>
      <trkpt lat="41.510932" lon="2.399404">
        <ele>12.142</ele>
        <time>2025-01-09T15:04:46Z</time>
      </trkpt>
      <trkpt lat="41.510908" lon="2.399427">
        <ele>12.062</ele>
        <time>2025-01-09T15:04:50Z</time>
      </trkpt>
      <trkpt lat="41.510879" lon="2.399449">
        <ele>12.058</ele>
        <time>2025-01-09T15:04:53Z</time>
      </trkpt>
      <trkpt lat="41.510850" lon="2.399471">
        <ele>11.828</ele>
        <time>2025-01-09T15:04:56Z</time>
      </trkpt>
      <trkpt lat="41.510823" lon="2.399498">
        <ele>11.692</ele>
        <time>2025-01-09T15:04:59Z</time>
      </trkpt>
      <trkpt lat="41.510798" lon="2.399523">
        <ele>11.410</ele>
        <time>2025-01-09T15:05:02Z</time>
      </trkpt>
      <trkpt lat="41.510777" lon="2.399546">
        <ele>11.357</ele>
        <time>2025-01-09T15:05:05Z</time>
      </trkpt>
      <trkpt lat="41.510752" lon="2.399571">
        <ele>11.190</ele>
        <time>2025-01-09T15:05:07Z</time>
      </trkpt>
      <trkpt lat="41.510730" lon="2.399592">
        <ele>10.935</ele>
        <time>2025-01-09T15:05:10Z</time>
      </trkpt>
      <trkpt lat="41.510703" lon="2.399619">
        <ele>10.786</ele>
        <time>2025-01-09T15:05:13Z</time>
      </trkpt>
      <trkpt lat="41.510675" lon="2.399643">
        <ele>10.614</ele>
        <time>2025-01-09T15:05:16Z</time>
      </trkpt>
      <trkpt lat="41.510647" lon="2.399670">
        <ele>10.409</ele>
        <time>2025-01-09T15:05:19Z</time>
      </trkpt>
      <trkpt lat="41.510624" lon="2.399693">
        <ele>10.254</ele>
        <time>2025-01-09T15:05:22Z</time>
      </trkpt>
      <trkpt lat="41.510603" lon="2.399715">
        <ele>10.192</ele>
        <time>2025-01-09T15:05:25Z</time>
      </trkpt>
      <trkpt lat="41.510581" lon="2.399737">
        <ele>10.052</ele>
        <time>2025-01-09T15:05:27Z</time>
      </trkpt>
      <trkpt lat="41.510556" lon="2.399759">
        <ele>10.058</ele>
        <time>2025-01-09T15:05:30Z</time>
      </trkpt>
      <trkpt lat="41.510531" lon="2.399785">
        <ele>10.188</ele>
        <time>2025-01-09T15:05:33Z</time>
      </trkpt>
      <trkpt lat="41.510508" lon="2.399810">
        <ele>10.122</ele>
        <time>2025-01-09T15:05:36Z</time>
      </trkpt>
      <trkpt lat="41.510483" lon="2.399834">
        <ele>10.270</ele>
        <time>2025-01-09T15:05:38Z</time>
      </trkpt>
      <trkpt lat="41.510459" lon="2.399864">
        <ele>10.257</ele>
        <time>2025-01-09T15:05:42Z</time>
      </trkpt>
      <trkpt lat="41.510436" lon="2.399896">
        <ele>10.240</ele>
        <time>2025-01-09T15:05:45Z</time>
      </trkpt>
      <trkpt lat="41.510413" lon="2.399915">
        <ele>10.241</ele>
        <time>2025-01-09T15:05:47Z</time>
      </trkpt>
      <trkpt lat="41.510390" lon="2.399938">
        <ele>10.181</ele>
        <time>2025-01-09T15:05:50Z</time>
      </trkpt>
      <trkpt lat="41.510370" lon="2.399962">
        <ele>10.109</ele>
        <time>2025-01-09T15:05:53Z</time>
      </trkpt>
      <trkpt lat="41.510345" lon="2.399989">
        <ele>10.009</ele>
        <time>2025-01-09T15:05:56Z</time>
      </trkpt>
      <trkpt lat="41.510317" lon="2.400020">
        <ele>10.135</ele>
        <time>2025-01-09T15:05:59Z</time>
      </trkpt>
      <trkpt lat="41.510289" lon="2.400047">
        <ele>10.243</ele>
        <time>2025-01-09T15:06:02Z</time>
      </trkpt>
      <trkpt lat="41.510270" lon="2.400068">
        <ele>10.273</ele>
        <time>2025-01-09T15:06:05Z</time>
      </trkpt>
      <trkpt lat="41.510247" lon="2.400089">
        <ele>10.369</ele>
        <time>2025-01-09T15:06:07Z</time>
      </trkpt>
      <trkpt lat="41.510223" lon="2.400109">
        <ele>10.349</ele>
        <time>2025-01-09T15:06:10Z</time>
      </trkpt>
      <trkpt lat="41.510201" lon="2.400131">
        <ele>10.393</ele>
        <time>2025-01-09T15:06:12Z</time>
      </trkpt>
      <trkpt lat="41.510177" lon="2.400154">
        <ele>10.481</ele>
        <time>2025-01-09T15:06:15Z</time>
      </trkpt>
      <trkpt lat="41.510151" lon="2.400180">
        <ele>10.428</ele>
        <time>2025-01-09T15:06:18Z</time>
      </trkpt>
      <trkpt lat="41.510122" lon="2.400207">
        <ele>10.361</ele>
        <time>2025-01-09T15:06:22Z</time>
      </trkpt>
      <trkpt lat="41.510094" lon="2.400234">
        <ele>10.384</ele>
        <time>2025-01-09T15:06:25Z</time>
      </trkpt>
      <trkpt lat="41.510066" lon="2.400262">
        <ele>10.207</ele>
        <time>2025-01-09T15:06:28Z</time>
      </trkpt>
      <trkpt lat="41.510037" lon="2.400289">
        <ele>10.117</ele>
        <time>2025-01-09T15:06:31Z</time>
      </trkpt>
      <trkpt lat="41.510011" lon="2.400314">
        <ele>10.009</ele>
        <time>2025-01-09T15:06:34Z</time>
      </trkpt>
      <trkpt lat="41.509984" lon="2.400343">
        <ele>10.099</ele>
        <time>2025-01-09T15:06:37Z</time>
      </trkpt>
      <trkpt lat="41.509959" lon="2.400366">
        <ele>10.067</ele>
        <time>2025-01-09T15:06:40Z</time>
      </trkpt>
      <trkpt lat="41.509934" lon="2.400389">
        <ele>9.977</ele>
        <time>2025-01-09T15:06:43Z</time>
      </trkpt>
      <trkpt lat="41.509910" lon="2.400411">
        <ele>9.843</ele>
        <time>2025-01-09T15:06:46Z</time>
      </trkpt>
      <trkpt lat="41.509884" lon="2.400432">
        <ele>9.813</ele>
        <time>2025-01-09T15:06:49Z</time>
      </trkpt>
      <trkpt lat="41.509859" lon="2.400455">
        <ele>9.777</ele>
        <time>2025-01-09T15:06:51Z</time>
      </trkpt>
      <trkpt lat="41.509835" lon="2.400478">
        <ele>9.675</ele>
        <time>2025-01-09T15:06:54Z</time>
      </trkpt>
      <trkpt lat="41.509810" lon="2.400503">
        <ele>9.472</ele>
        <time>2025-01-09T15:06:57Z</time>
      </trkpt>
      <trkpt lat="41.509795" lon="2.400518">
        <ele>9.445</ele>
        <time>2025-01-09T15:06:59Z</time>
      </trkpt>
      <trkpt lat="41.509766" lon="2.400539">
        <ele>9.227</ele>
        <time>2025-01-09T15:07:02Z</time>
      </trkpt>
      <trkpt lat="41.509742" lon="2.400559">
        <ele>9.168</ele>
        <time>2025-01-09T15:07:05Z</time>
      </trkpt>
      <trkpt lat="41.509720" lon="2.400580">
        <ele>9.114</ele>
        <time>2025-01-09T15:07:07Z</time>
      </trkpt>
      <trkpt lat="41.509695" lon="2.400609">
        <ele>9.209</ele>
        <time>2025-01-09T15:07:10Z</time>
      </trkpt>
      <trkpt lat="41.509669" lon="2.400639">
        <ele>9.213</ele>
        <time>2025-01-09T15:07:14Z</time>
      </trkpt>
      <trkpt lat="41.509643" lon="2.400669">
        <ele>9.271</ele>
        <time>2025-01-09T15:07:17Z</time>
      </trkpt>
      <trkpt lat="41.509621" lon="2.400699">
        <ele>9.121</ele>
        <time>2025-01-09T15:07:20Z</time>
      </trkpt>
      <trkpt lat="41.509596" lon="2.400722">
        <ele>9.177</ele>
        <time>2025-01-09T15:07:23Z</time>
      </trkpt>
      <trkpt lat="41.509572" lon="2.400744">
        <ele>8.987</ele>
        <time>2025-01-09T15:07:25Z</time>
      </trkpt>
      <trkpt lat="41.509548" lon="2.400768">
        <ele>8.841</ele>
        <time>2025-01-09T15:07:28Z</time>
      </trkpt>
      <trkpt lat="41.509521" lon="2.400789">
        <ele>8.649</ele>
        <time>2025-01-09T15:07:31Z</time>
      </trkpt>
      <trkpt lat="41.509499" lon="2.400811">
        <ele>8.486</ele>
        <time>2025-01-09T15:07:34Z</time>
      </trkpt>
      <trkpt lat="41.509474" lon="2.400836">
        <ele>8.269</ele>
        <time>2025-01-09T15:07:37Z</time>
      </trkpt>
      <trkpt lat="41.509451" lon="2.400863">
        <ele>8.386</ele>
        <time>2025-01-09T15:07:40Z</time>
      </trkpt>
      <trkpt lat="41.509429" lon="2.400889">
        <ele>8.460</ele>
        <time>2025-01-09T15:07:42Z</time>
      </trkpt>
      <trkpt lat="41.509403" lon="2.400912">
        <ele>8.526</ele>
        <time>2025-01-09T15:07:45Z</time>
      </trkpt>
      <trkpt lat="41.509380" lon="2.400934">
        <ele>8.609</ele>
        <time>2025-01-09T15:07:48Z</time>
      </trkpt>
      <trkpt lat="41.509357" lon="2.400950">
        <ele>8.659</ele>
        <time>2025-01-09T15:07:50Z</time>
      </trkpt>
      <trkpt lat="41.509328" lon="2.400974">
        <ele>8.647</ele>
        <time>2025-01-09T15:07:53Z</time>
      </trkpt>
      <trkpt lat="41.509286" lon="2.401013">
        <ele>8.647</ele>
        <time>2025-01-09T15:07:58Z</time>
      </trkpt>
      <trkpt lat="41.509262" lon="2.401039">
        <ele>8.563</ele>
        <time>2025-01-09T15:08:01Z</time>
      </trkpt>
      <trkpt lat="41.509238" lon="2.401061">
        <ele>8.453</ele>
        <time>2025-01-09T15:08:04Z</time>
      </trkpt>
      <trkpt lat="41.509213" lon="2.401082">
        <ele>8.397</ele>
        <time>2025-01-09T15:08:06Z</time>
      </trkpt>
      <trkpt lat="41.509189" lon="2.401105">
        <ele>8.255</ele>
        <time>2025-01-09T15:08:10Z</time>
      </trkpt>
      <trkpt lat="41.509163" lon="2.401124">
        <ele>8.142</ele>
        <time>2025-01-09T15:08:13Z</time>
      </trkpt>
      <trkpt lat="41.509137" lon="2.401152">
        <ele>8.255</ele>
        <time>2025-01-09T15:08:16Z</time>
      </trkpt>
      <trkpt lat="41.509121" lon="2.401168">
        <ele>8.288</ele>
        <time>2025-01-09T15:08:18Z</time>
      </trkpt>
      <trkpt lat="41.509098" lon="2.401195">
        <ele>8.324</ele>
        <time>2025-01-09T15:08:21Z</time>
      </trkpt>
      <trkpt lat="41.509074" lon="2.401221">
        <ele>8.326</ele>
        <time>2025-01-09T15:08:23Z</time>
      </trkpt>
      <trkpt lat="41.509053" lon="2.401242">
        <ele>8.309</ele>
        <time>2025-01-09T15:08:26Z</time>
      </trkpt>
      <trkpt lat="41.509030" lon="2.401265">
        <ele>8.379</ele>
        <time>2025-01-09T15:08:29Z</time>
      </trkpt>
      <trkpt lat="41.509005" lon="2.401290">
        <ele>8.387</ele>
        <time>2025-01-09T15:08:32Z</time>
      </trkpt>
      <trkpt lat="41.508981" lon="2.401315">
        <ele>8.347</ele>
        <time>2025-01-09T15:08:34Z</time>
      </trkpt>
      <trkpt lat="41.508959" lon="2.401341">
        <ele>8.353</ele>
        <time>2025-01-09T15:08:37Z</time>
      </trkpt>
      <trkpt lat="41.508932" lon="2.401373">
        <ele>8.223</ele>
        <time>2025-01-09T15:08:41Z</time>
      </trkpt>
      <trkpt lat="41.508918" lon="2.401390">
        <ele>8.217</ele>
        <time>2025-01-09T15:08:43Z</time>
      </trkpt>
      <trkpt lat="41.508895" lon="2.401419">
        <ele>8.315</ele>
        <time>2025-01-09T15:08:46Z</time>
      </trkpt>
      <trkpt lat="41.508874" lon="2.401444">
        <ele>8.362</ele>
        <time>2025-01-09T15:08:48Z</time>
      </trkpt>
      <trkpt lat="41.508853" lon="2.401472">
        <ele>8.445</ele>
        <time>2025-01-09T15:08:51Z</time>
      </trkpt>
      <trkpt lat="41.508831" lon="2.401494">
        <ele>8.534</ele>
        <time>2025-01-09T15:08:54Z</time>
      </trkpt>
      <trkpt lat="41.508809" lon="2.401519">
        <ele>8.555</ele>
        <time>2025-01-09T15:08:56Z</time>
      </trkpt>
      <trkpt lat="41.508784" lon="2.401546">
        <ele>8.510</ele>
        <time>2025-01-09T15:08:59Z</time>
      </trkpt>
      <trkpt lat="41.508749" lon="2.401589">
        <ele>8.609</ele>
        <time>2025-01-09T15:09:04Z</time>
      </trkpt>
      <trkpt lat="41.508724" lon="2.401617">
        <ele>8.694</ele>
        <time>2025-01-09T15:09:07Z</time>
      </trkpt>
      <trkpt lat="41.508702" lon="2.401642">
        <ele>8.552</ele>
        <time>2025-01-09T15:09:09Z</time>
      </trkpt>
      <trkpt lat="41.508681" lon="2.401670">
        <ele>8.532</ele>
        <time>2025-01-09T15:09:12Z</time>
      </trkpt>
      <trkpt lat="41.508661" lon="2.401697">
        <ele>8.428</ele>
        <time>2025-01-09T15:09:15Z</time>
      </trkpt>
      <trkpt lat="41.508643" lon="2.401721">
        <ele>8.428</ele>
        <time>2025-01-09T15:09:17Z</time>
      </trkpt>
      <trkpt lat="41.508619" lon="2.401750">
        <ele>8.382</ele>
        <time>2025-01-09T15:09:20Z</time>
      </trkpt>
      <trkpt lat="41.508596" lon="2.401779">
        <ele>8.370</ele>
        <time>2025-01-09T15:09:23Z</time>
      </trkpt>
      <trkpt lat="41.508573" lon="2.401811">
        <ele>8.327</ele>
        <time>2025-01-09T15:09:26Z</time>
      </trkpt>
      <trkpt lat="41.508559" lon="2.401827">
        <ele>8.390</ele>
        <time>2025-01-09T15:09:28Z</time>
      </trkpt>
      <trkpt lat="41.508536" lon="2.401855">
        <ele>8.212</ele>
        <time>2025-01-09T15:09:31Z</time>
      </trkpt>
      <trkpt lat="41.508513" lon="2.401880">
        <ele>8.132</ele>
        <time>2025-01-09T15:09:34Z</time>
      </trkpt>
      <trkpt lat="41.508493" lon="2.401905">
        <ele>8.105</ele>
        <time>2025-01-09T15:09:36Z</time>
      </trkpt>
      <trkpt lat="41.508471" lon="2.401934">
        <ele>8.009</ele>
        <time>2025-01-09T15:09:39Z</time>
      </trkpt>
      <trkpt lat="41.508447" lon="2.401966">
        <ele>7.872</ele>
        <time>2025-01-09T15:09:42Z</time>
      </trkpt>
      <trkpt lat="41.508422" lon="2.401995">
        <ele>7.610</ele>
        <time>2025-01-09T15:09:46Z</time>
      </trkpt>
      <trkpt lat="41.508401" lon="2.402023">
        <ele>7.570</ele>
        <time>2025-01-09T15:09:48Z</time>
      </trkpt>
      <trkpt lat="41.508378" lon="2.402050">
        <ele>7.326</ele>
        <time>2025-01-09T15:09:51Z</time>
      </trkpt>
      <trkpt lat="41.508356" lon="2.402081">
        <ele>7.226</ele>
        <time>2025-01-09T15:09:54Z</time>
      </trkpt>
      <trkpt lat="41.508336" lon="2.402111">
        <ele>7.090</ele>
        <time>2025-01-09T15:09:57Z</time>
      </trkpt>
      <trkpt lat="41.508314" lon="2.402140">
        <ele>6.988</ele>
        <time>2025-01-09T15:10:00Z</time>
      </trkpt>
      <trkpt lat="41.508289" lon="2.402171">
        <ele>6.825</ele>
        <time>2025-01-09T15:10:03Z</time>
      </trkpt>
      <trkpt lat="41.508269" lon="2.402196">
        <ele>6.838</ele>
        <time>2025-01-09T15:10:06Z</time>
      </trkpt>
      <trkpt lat="41.508251" lon="2.402225">
        <ele>6.737</ele>
        <time>2025-01-09T15:10:08Z</time>
      </trkpt>
      <trkpt lat="41.508226" lon="2.402251">
        <ele>6.749</ele>
        <time>2025-01-09T15:10:12Z</time>
      </trkpt>
      <trkpt lat="41.508213" lon="2.402268">
        <ele>6.713</ele>
        <time>2025-01-09T15:10:13Z</time>
      </trkpt>
      <trkpt lat="41.508200" lon="2.402286">
        <ele>6.609</ele>
        <time>2025-01-09T15:10:15Z</time>
      </trkpt>
      <trkpt lat="41.508179" lon="2.402310">
        <ele>6.684</ele>
        <time>2025-01-09T15:10:18Z</time>
      </trkpt>
      <trkpt lat="41.508158" lon="2.402339">
        <ele>6.592</ele>
        <time>2025-01-09T15:10:21Z</time>
      </trkpt>
      <trkpt lat="41.508139" lon="2.402368">
        <ele>6.562</ele>
        <time>2025-01-09T15:10:23Z</time>
      </trkpt>
      <trkpt lat="41.508116" lon="2.402393">
        <ele>6.468</ele>
        <time>2025-01-09T15:10:26Z</time>
      </trkpt>
      <trkpt lat="41.508097" lon="2.402420">
        <ele>6.338</ele>
        <time>2025-01-09T15:10:29Z</time>
      </trkpt>
      <trkpt lat="41.508074" lon="2.402447">
        <ele>6.172</ele>
        <time>2025-01-09T15:10:32Z</time>
      </trkpt>
      <trkpt lat="41.508054" lon="2.402471">
        <ele>6.080</ele>
        <time>2025-01-09T15:10:35Z</time>
      </trkpt>
      <trkpt lat="41.508031" lon="2.402499">
        <ele>5.827</ele>
        <time>2025-01-09T15:10:38Z</time>
      </trkpt>
      <trkpt lat="41.508018" lon="2.402527">
        <ele>5.720</ele>
        <time>2025-01-09T15:10:41Z</time>
      </trkpt>
      <trkpt lat="41.508001" lon="2.402548">
        <ele>5.697</ele>
        <time>2025-01-09T15:10:43Z</time>
      </trkpt>
      <trkpt lat="41.507968" lon="2.402592">
        <ele>5.523</ele>
        <time>2025-01-09T15:10:49Z</time>
      </trkpt>
      <trkpt lat="41.507946" lon="2.402614">
        <ele>5.425</ele>
        <time>2025-01-09T15:10:52Z</time>
      </trkpt>
      <trkpt lat="41.507924" lon="2.402633">
        <ele>5.309</ele>
        <time>2025-01-09T15:10:54Z</time>
      </trkpt>
      <trkpt lat="41.507902" lon="2.402654">
        <ele>5.230</ele>
        <time>2025-01-09T15:10:57Z</time>
      </trkpt>
      <trkpt lat="41.507877" lon="2.402665">
        <ele>5.198</ele>
        <time>2025-01-09T15:10:59Z</time>
      </trkpt>
      <trkpt lat="41.507863" lon="2.402648">
        <ele>5.048</ele>
        <time>2025-01-09T15:11:01Z</time>
      </trkpt>
      <trkpt lat="41.507840" lon="2.402614">
        <ele>4.894</ele>
        <time>2025-01-09T15:11:05Z</time>
      </trkpt>
      <trkpt lat="41.507819" lon="2.402587">
        <ele>4.624</ele>
        <time>2025-01-09T15:11:07Z</time>
      </trkpt>
      <trkpt lat="41.507806" lon="2.402569">
        <ele>4.488</ele>
        <time>2025-01-09T15:11:09Z</time>
      </trkpt>
      <trkpt lat="41.507793" lon="2.402540">
        <ele>4.296</ele>
        <time>2025-01-09T15:11:11Z</time>
      </trkpt>
      <trkpt lat="41.507770" lon="2.402520">
        <ele>4.173</ele>
        <time>2025-01-09T15:11:14Z</time>
      </trkpt>
      <trkpt lat="41.507750" lon="2.402491">
        <ele>4.286</ele>
        <time>2025-01-09T15:11:17Z</time>
      </trkpt>
      <trkpt lat="41.507731" lon="2.402457">
        <ele>4.545</ele>
        <time>2025-01-09T15:11:20Z</time>
      </trkpt>
      <trkpt lat="41.507711" lon="2.402429">
        <ele>4.847</ele>
        <time>2025-01-09T15:11:23Z</time>
      </trkpt>
      <trkpt lat="41.507694" lon="2.402398">
        <ele>5.011</ele>
        <time>2025-01-09T15:11:25Z</time>
      </trkpt>
      <trkpt lat="41.507677" lon="2.402365">
        <ele>5.309</ele>
        <time>2025-01-09T15:11:28Z</time>
      </trkpt>
      <trkpt lat="41.507656" lon="2.402333">
        <ele>5.675</ele>
        <time>2025-01-09T15:11:31Z</time>
      </trkpt>
      <trkpt lat="41.507639" lon="2.402307">
        <ele>5.933</ele>
        <time>2025-01-09T15:11:34Z</time>
      </trkpt>
      <trkpt lat="41.507614" lon="2.402275">
        <ele>6.293</ele>
        <time>2025-01-09T15:11:37Z</time>
      </trkpt>
      <trkpt lat="41.507601" lon="2.402245">
        <ele>6.549</ele>
        <time>2025-01-09T15:11:39Z</time>
      </trkpt>
      <trkpt lat="41.507583" lon="2.402223">
        <ele>6.799</ele>
        <time>2025-01-09T15:11:42Z</time>
      </trkpt>
      <trkpt lat="41.507563" lon="2.402197">
        <ele>6.943</ele>
        <time>2025-01-09T15:11:44Z</time>
      </trkpt>
      <trkpt lat="41.507553" lon="2.402175">
        <ele>7.151</ele>
        <time>2025-01-09T15:11:46Z</time>
      </trkpt>
      <trkpt lat="41.507541" lon="2.402155">
        <ele>7.378</ele>
        <time>2025-01-09T15:11:48Z</time>
      </trkpt>
      <trkpt lat="41.507524" lon="2.402118">
        <ele>7.611</ele>
        <time>2025-01-09T15:11:52Z</time>
      </trkpt>
      <trkpt lat="41.507503" lon="2.402082">
        <ele>8.082</ele>
        <time>2025-01-09T15:11:55Z</time>
      </trkpt>
      <trkpt lat="41.507491" lon="2.402055">
        <ele>8.243</ele>
        <time>2025-01-09T15:11:57Z</time>
      </trkpt>
      <trkpt lat="41.507467" lon="2.402029">
        <ele>8.317</ele>
        <time>2025-01-09T15:12:00Z</time>
      </trkpt>
      <trkpt lat="41.507449" lon="2.402001">
        <ele>8.409</ele>
        <time>2025-01-09T15:12:03Z</time>
      </trkpt>
      <trkpt lat="41.507429" lon="2.401968">
        <ele>8.639</ele>
        <time>2025-01-09T15:12:06Z</time>
      </trkpt>
      <trkpt lat="41.507397" lon="2.401920">
        <ele>8.697</ele>
        <time>2025-01-09T15:12:10Z</time>
      </trkpt>
      <trkpt lat="41.507384" lon="2.401896">
        <ele>8.667</ele>
        <time>2025-01-09T15:12:12Z</time>
      </trkpt>
      <trkpt lat="41.507368" lon="2.401874">
        <ele>8.573</ele>
        <time>2025-01-09T15:12:15Z</time>
      </trkpt>
      <trkpt lat="41.507348" lon="2.401843">
        <ele>8.573</ele>
        <time>2025-01-09T15:12:17Z</time>
      </trkpt>
      <trkpt lat="41.507328" lon="2.401817">
        <ele>8.437</ele>
        <time>2025-01-09T15:12:20Z</time>
      </trkpt>
      <trkpt lat="41.507306" lon="2.401789">
        <ele>8.355</ele>
        <time>2025-01-09T15:12:23Z</time>
      </trkpt>
      <trkpt lat="41.507282" lon="2.401762">
        <ele>8.222</ele>
        <time>2025-01-09T15:12:26Z</time>
      </trkpt>
      <trkpt lat="41.507257" lon="2.401731">
        <ele>8.165</ele>
        <time>2025-01-09T15:12:29Z</time>
      </trkpt>
      <trkpt lat="41.507232" lon="2.401698">
        <ele>8.078</ele>
        <time>2025-01-09T15:12:33Z</time>
      </trkpt>
      <trkpt lat="41.507214" lon="2.401676">
        <ele>7.933</ele>
        <time>2025-01-09T15:12:35Z</time>
      </trkpt>
      <trkpt lat="41.507195" lon="2.401649">
        <ele>7.826</ele>
        <time>2025-01-09T15:12:38Z</time>
      </trkpt>
      <trkpt lat="41.507172" lon="2.401618">
        <ele>7.609</ele>
        <time>2025-01-09T15:12:41Z</time>
      </trkpt>
      <trkpt lat="41.507153" lon="2.401591">
        <ele>7.578</ele>
        <time>2025-01-09T15:12:44Z</time>
      </trkpt>
      <trkpt lat="41.507131" lon="2.401558">
        <ele>7.386</ele>
        <time>2025-01-09T15:12:47Z</time>
      </trkpt>
      <trkpt lat="41.507119" lon="2.401539">
        <ele>7.386</ele>
        <time>2025-01-09T15:12:49Z</time>
      </trkpt>
      <trkpt lat="41.507101" lon="2.401511">
        <ele>7.152</ele>
        <time>2025-01-09T15:12:51Z</time>
      </trkpt>
      <trkpt lat="41.507079" lon="2.401487">
        <ele>7.012</ele>
        <time>2025-01-09T15:12:54Z</time>
      </trkpt>
      <trkpt lat="41.507057" lon="2.401456">
        <ele>6.866</ele>
        <time>2025-01-09T15:12:57Z</time>
      </trkpt>
      <trkpt lat="41.507043" lon="2.401430">
        <ele>6.724</ele>
        <time>2025-01-09T15:12:59Z</time>
      </trkpt>
      <trkpt lat="41.507019" lon="2.401396">
        <ele>6.521</ele>
        <time>2025-01-09T15:13:03Z</time>
      </trkpt>
      <trkpt lat="41.507002" lon="2.401370">
        <ele>6.434</ele>
        <time>2025-01-09T15:13:05Z</time>
      </trkpt>
      <trkpt lat="41.506981" lon="2.401343">
        <ele>6.219</ele>
        <time>2025-01-09T15:13:08Z</time>
      </trkpt>
      <trkpt lat="41.506954" lon="2.401313">
        <ele>6.109</ele>
        <time>2025-01-09T15:13:11Z</time>
      </trkpt>
      <trkpt lat="41.506930" lon="2.401286">
        <ele>5.919</ele>
        <time>2025-01-09T15:13:14Z</time>
      </trkpt>
      <trkpt lat="41.506904" lon="2.401250">
        <ele>5.909</ele>
        <time>2025-01-09T15:13:18Z</time>
      </trkpt>
      <trkpt lat="41.506871" lon="2.401202">
        <ele>5.722</ele>
        <time>2025-01-09T15:13:22Z</time>
      </trkpt>
      <trkpt lat="41.506847" lon="2.401170">
        <ele>5.690</ele>
        <time>2025-01-09T15:13:26Z</time>
      </trkpt>
      <trkpt lat="41.506834" lon="2.401153">
        <ele>5.670</ele>
        <time>2025-01-09T15:13:27Z</time>
      </trkpt>
      <trkpt lat="41.506809" lon="2.401129">
        <ele>5.556</ele>
        <time>2025-01-09T15:13:30Z</time>
      </trkpt>
      <trkpt lat="41.506798" lon="2.401109">
        <ele>5.596</ele>
        <time>2025-01-09T15:13:32Z</time>
      </trkpt>
      <trkpt lat="41.506778" lon="2.401080">
        <ele>5.430</ele>
        <time>2025-01-09T15:13:35Z</time>
      </trkpt>
      <trkpt lat="41.506759" lon="2.401060">
        <ele>5.318</ele>
        <time>2025-01-09T15:13:38Z</time>
      </trkpt>
      <trkpt lat="41.506738" lon="2.401033">
        <ele>5.335</ele>
        <time>2025-01-09T15:13:43Z</time>
      </trkpt>
      <trkpt lat="41.506718" lon="2.401018">
        <ele>5.298</ele>
        <time>2025-01-09T15:13:46Z</time>
      </trkpt>
    </trkseg>
  </trk></gpx>