<?xml version="1.0" encoding="UTF-8"?>
<gpx creator="Wikiloc - https://www.wikiloc.com" version="1.1" xmlns="http://www.topografix.com/GPX/1/1" xmlns:xsi="http://www.w3.org/2001/XMLSchema-instance" xsi:schemaLocation="http://www.topografix.com/GPX/1/1 http://www.topografix.com/GPX/1/1/gpx.xsd">
  <metadata>
    <name>Wikiloc - 289. Senderisme en tren. De Tordera a Malgrat pel castell de Palafolls i Sant Genís de P.</name>
    <author>
      <name>Senderisme en tren</name>
      <link href="https://www.wikiloc.com/wikiloc/user.do?id=438461">
        <text>Senderisme en tren on Wikiloc</text>
      </link>
    </author>
    <link href="https://www.wikiloc.com/hiking-trails/289-senderisme-en-tren-de-tordera-a-malgrat-passant-pel-castell-de-palafolls-i-sant-genis-198074525">
      <text>289. Senderisme en tren. De Tordera a Malgrat pel castell de Palafolls i Sant Genís de P. on Wikiloc</text>
    </link>
    <time>2024-12-31T13:34:20Z</time>
  </metadata>
  <wpt lat="41.666997" lon="2.749357">
    <ele>22.4</ele>
    <time>2024-12-31T07:44:17Z</time>
    <name>Ajuntament de Palafolls</name>
    <cmt></cmt>
    <desc></desc>
  </wpt>
  <wpt lat="41.670813" lon="2.752554">
    <ele>12.2</ele>
    <time>2024-12-31T07:52:54Z</time>
    <name>Biblioteca (Enric Miralles i Benedetta Tagliabue)</name>
    <cmt></cmt>
    <desc></desc>
  </wpt>
  <wpt lat="41.646792" lon="2.740435">
    <ele>13.3</ele>
    <time>2024-12-24T18:07:39Z</time>
    <name>Ca l'Arnau</name>
    <cmt></cmt>
    <desc></desc>
  </wpt>
  <wpt lat="41.678717" lon="2.735660">
    <ele>132.4</ele>
    <time>2024-12-31T10:56:58Z</time>
    <name>Capella del castell</name>
    <cmt></cmt>
    <desc></desc>
  </wpt>
  <wpt lat="41.678540" lon="2.736067">
    <ele>125.5</ele>
    <time>2024-12-31T10:53:36Z</time>
    <name>Castell de Palafolls</name>
    <cmt></cmt>
    <desc></desc>
  </wpt>
  <wpt lat="41.659727" lon="2.726347">
    <ele>33.7</ele>
    <time>2024-12-24T17:54:10Z</time>
    <name>Deixem PR C-146</name>
    <cmt></cmt>
    <desc></desc>
  </wpt>
  <wpt lat="41.669869" lon="2.750583">
    <ele>15.2</ele>
    <time>2024-12-31T07:50:10Z</time>
    <name>El Palauet (Arata Isozaki)</name>
    <cmt></cmt>
    <desc></desc>
  </wpt>
  <wpt lat="41.687300" lon="2.729094">
    <ele>24.6</ele>
    <time>2024-12-31T08:20:11Z</time>
    <name>Entrada espai agrícola</name>
    <cmt></cmt>
    <desc></desc>
  </wpt>
  <wpt lat="41.641771" lon="2.741479">
    <ele>6.3</ele>
    <time>2024-12-24T17:34:04Z</time>
    <name>Estació de Malgrat de Mar (R)</name>
    <cmt></cmt>
    <desc></desc>
  </wpt>
  <wpt lat="41.707176" lon="2.719697">
    <ele>28.5</ele>
    <time>2024-12-31T08:02:38Z</time>
    <name>Estació de Tordera (R)</name>
    <cmt></cmt>
    <desc></desc>
  </wpt>
  <wpt lat="41.678997" lon="2.734954">
    <ele>133.3</ele>
    <time>2024-12-31T10:58:40Z</time>
    <name>Mirador jussà</name>
    <cmt></cmt>
    <desc></desc>
  </wpt>
  <wpt lat="41.678715" lon="2.735806">
    <ele>132.0</ele>
    <time>2024-12-31T10:58:50Z</time>
    <name>Mirador sobirà</name>
    <cmt></cmt>
    <desc></desc>
  </wpt>
  <wpt lat="41.643728" lon="2.743681">
    <ele>8.5</ele>
    <time>2024-12-24T17:32:57Z</time>
    <name>Parc de Can Campasol</name>
    <cmt></cmt>
    <desc></desc>
  </wpt>
  <wpt lat="41.658844" lon="2.733128">
    <ele>24.4</ele>
    <time>2024-12-31T11:02:48Z</time>
    <name>Pas inferior per riera Sant Genís</name>
    <cmt></cmt>
    <desc></desc>
  </wpt>
  <wpt lat="41.650312" lon="2.735067">
    <ele>15.5</ele>
    <time>2024-12-24T17:30:05Z</time>
    <name>Pas inferior</name>
    <cmt></cmt>
    <desc></desc>
  </wpt>
  <wpt lat="41.703651" lon="2.718194">
    <ele>25.1</ele>
    <time>2024-12-31T08:03:06Z</time>
    <name>Passarel·la vianants</name>
    <cmt></cmt>
    <desc></desc>
  </wpt>
  <wpt lat="41.659014" lon="2.731727">
    <ele>24.3</ele>
    <time>2024-12-30T15:21:48Z</time>
    <name>Perill carretera durant 1,5km</name>
    <cmt></cmt>
    <desc></desc>
  </wpt>
  <wpt lat="41.645757" lon="2.741291">
    <ele>10.2</ele>
    <time>2024-12-24T18:06:48Z</time>
    <name>Rentadors Vells</name>
    <cmt></cmt>
    <desc></desc>
  </wpt>
  <wpt lat="41.660173" lon="2.722189">
    <ele>42.1</ele>
    <time>2024-12-31T11:04:25Z</time>
    <name>Sant Genís de Palafolls</name>
    <cmt></cmt>
    <desc></desc>
  </wpt>
  <wpt lat="41.646293" lon="2.742168">
    <ele>8.8</ele>
    <time>2024-12-24T17:32:27Z</time>
    <name>Sant Nicolau de Malgrat</name>
    <cmt></cmt>
    <desc></desc>
  </wpt>
  <wpt lat="41.701560" lon="2.719026">
    <ele>36.5</ele>
    <time>2025-01-01T07:24:07Z</time>
    <name>St. Esteve de Tordera</name>
    <cmt></cmt>
    <desc></desc>
  </wpt>
  <wpt lat="41.668209" lon="2.749004">
    <ele>18.9</ele>
    <time>2024-12-31T07:44:32Z</time>
    <name>Sta. Maria de Palafolls</name>
    <cmt></cmt>
    <desc></desc>
  </wpt>
  <wpt lat="41.669489" lon="2.752060">
    <ele>13.3</ele>
    <time>2024-12-31T07:46:36Z</time>
    <name>Torre de guaita</name>
    <cmt></cmt>
    <desc></desc>
  </wpt>
  <wpt lat="41.644495" lon="2.743014">
    <ele>8.3</ele>
    <time>2024-12-24T18:07:20Z</time>
    <name>Torre de la Vídua</name>
    <cmt></cmt>
    <desc></desc>
  </wpt>
  <wpt lat="41.648098" lon="2.740251">
    <ele>22.6</ele>
    <time>2024-12-24T17:31:07Z</time>
    <name>Torre del Castell Malgrat</name>
    <cmt></cmt>
    <desc></desc>
  </wpt>
  <wpt lat="41.702406" lon="2.719674">
    <ele>27.5</ele>
    <time>2025-01-01T17:25:34Z</time>
    <name>Tourdera</name>
    <cmt></cmt>
    <desc></desc>
  </wpt>
  <wpt lat="41.679661" lon="2.729845">
    <ele>108.0</ele>
    <time>2025-01-01T07:28:18Z</time>
    <name>Urb. el Mas Carbó</name>
    <cmt></cmt>
    <desc></desc>
  </wpt>
  <trk>
    <name>289. Senderisme en tren. De Tordera a Malgrat pel castell de Palafolls i Sant Genís de P. - Wikiloc</name>
    <cmt>&lt;strong&gt;LA TRAVESSA&lt;/strong&gt; &lt;b&gt;&lt;/b&gt; 
 
Ruta lineal que uneix les poblacions de &lt;b&gt;Tordera&lt;/b&gt;, &lt;b&gt;Palafolls&lt;/b&gt; i &lt;b&gt;Malgrat&lt;/b&gt; tot resseguint en bona part el PR C-146, un sender de petit recorregut que dona molt de joc a l'hora de realitzar diferents rutes en aquesta part de l'Alt Maresme. 
 
El principal atractiu de la ruta és el &lt;b&gt;castell de Palafolls&lt;/b&gt;, un edifici militar medieval que s'aixeca sobre la població homònima. També interessant és el nucli de Palafolls, on visitarem un edifici d'Enric Miralles, un palau d'esports d'Arata Isozaki. No podem deixar de costat els mateixos nuclis urbans de Tordera (només en visitarem la seva església) i de Malgrat, població que sí que travessarem de nord a sud i, per tant, ens donarà la possibilitat de conèixer alguns dels seus punts turístics més rellevants. 
 
L'excursió produeix sentiments contraposats. Per un costat visitarem indrets encantadors i interessants, com els esmentats més amunt. I per l'altre, les pistes asfaltades, les zones industrials, especialment al sud-est de Tordera, i un tram de camí en què haurem de fer per carretera, ens enterboliran el bon discórrer de la jornada i ens crearan dubtes sobre la idoneïtat de la travessa. 
 
Així i tot, és una bona oportunitat per conèixer dues poblacions molt menys freqüentades que les seves veïnes costaneres i que ben be mereixen una visita. 
 
 
 &lt;strong&gt;PUNTS D'INTERÈS&lt;/strong&gt; &lt;b&gt;&lt;/b&gt; &lt;u&gt;&lt;/u&gt; 
 
La travessa té força elements d'interès escampats durant el seu recorregut, especialment concentrats als mateixos nuclis de les localitats. 
 
Així, per ordre de visita, trobarem: 
 
- &lt;b&gt;Tordera&lt;/b&gt;: municipi del Maresme de 84 km2 de superfície i 18.000 hab. En superfície, el més gran de la comarca. És travessat pel Tordera, riu que desemboca al mar entre els municipis de Malgrat i Blanes. 
 
- &lt;b&gt;Sant Esteve de Tordera&lt;/b&gt;: església parroquial d'estil barroc i neoclàssic construïda entre finals del s. XVIII i principis del XIX. La base del campanar conserva encara part de l'edifici romànic original. 
 
- &lt;b&gt;Castell de Palafolls&lt;/b&gt;: el castell de Palafolls és una fortalesa del segle X, d'important defensa estratègica durant l'edat mitjana. La seva estructura inclou una torre de l'homenatge, muralles i diverses dependències. Al llarg dels segles, el castell ha patit diverses modificacions i restauracions. Durant diversos mesos de 2024 es van fer obres de millora i d'estudi arqueològic. Quan el vam visitar a principis de 2025 ja estava obert. Es pot visitar tant les parts jussanes com sobiranes del castell, l'antiga ermita (tancada) i dos miradors a sengles extrems de l'estructura. 
 
- &lt;b&gt;Palafolls. Biblioteca d'Enric Miralles&lt;/b&gt;: Construïda enfonsada en part sota terra, la biblioteca de Palafolls constitueix el darrer llegat de l'arquitecte Enric Miralles. Resultant del concurs convocat l'any 1997 pel consistori palafollenc, es tracta d'un edifici suggeridor en el qual els cossos ondulants predominen per damunt de les formes geomètriques rectes. (Font: web Ajuntament de Palafolls) 
 
- &lt;b&gt;Palauet&lt;/b&gt;: palau d'esports dissenyat per Arata Isozaki, el mateix arquitecte japonès que va idear el Palau Sant Jordi de Barcelona. Sabent aquesta dada, els dos recintes tenen certa semblança. Inaugurat l'any 1996, està preparat per poder practicar els esports de patinatge, voleibol, bàsquet, handbol i futbol-sala. 
 
- &lt;b&gt;Santa Maria de Palafolls&lt;/b&gt;: l'església de Santa Maria es va construir en dos fases, essent la primera del 1865 al 1875 aproximadament i la resta entre 1896-1908. De la construcció d'ambdós dates en resultà l'església de grans dimensions que avui presideix la cruïlla de la zona de vianants del centre de la vila. De façana de pedra irregular sobresurt l'absis semicircular i un estret campanar de torre. (Font: web Ajuntament de Palafolls) 
 
- &lt;b&gt;Sant Genís de Palafolls&lt;/b&gt;: església d'origen romànic, citada per primera vegada l'any 947 quan depenia del monestir de Sant Pere de Rodes. L'interior conserva, d'estil romànic, la volta de canó de la nau central amb els seus arc torals. Al segle XIII s'hi afegeixen dues capelles laterals donant al temple la forma de creu llatina. Posteriorment també s'hi afegeixen vàries naus gòtiques i un nou presbiteri. El campanar, la torre de defensa o comunidor i la porta són del segle XV. 
Exteriorment, a la paret de migdia, destaquen unes arcuacions llombardes i s'insinua la porta romànica tapiada. A la paret nord hi veiem una ossera amb inscripcions del segle XVII i un cimbori del segle XVIII. (Font: web Ajuntament de Palafolls) 
 
- &lt;b&gt;Torre del Castell de Malgrat&lt;/b&gt;: situada dins del parc del Castell de Malgrat, en un punt elevat sobre la població. Hi ha un ascensor inclinat que supera 25 m de desnivell que hi dona accés. Era una torre de guaita del s. XIV, lligada al castell de Palafolls. 
 
- &lt;b&gt;Rentadors Vells. Malgrat&lt;/b&gt;: situats prop del mercat i de l'ajuntament. 
 
 
&lt;strong&gt;DIFICULTAT&lt;/strong&gt; &lt;b&gt;&lt;/b&gt; 
 
Caminada de distància mitjana/llarga però sense gaires desnivells. Els camins son còmodes i sempre per pistes, algunes asfaltades. 
 
Per arribar a Sant Genís de Palafolls cal seguir un tram de carretera de més d'1 quilòmetre que resulta perillós. Aneu en compte! 
 
Evitar l'estiu o, si més no, els dies més calorosos de l'estiu. La travessa és llarga i l'exposició al sol i la color pot tenir efectes negatius en el nostre cos. 
 
 
&lt;strong&gt;ELS SENDERS&lt;/strong&gt; 
 
La ruta està ben senyalitzada amb indicadors verticals. Seguirem en bona part el SL C-101 i el PR C-146, tot i que aquests senders no sempre estan ben senyalitzats. 
 
Així, durant la ruta seguirem en diferents moments: 
 
- &lt;b&gt;PR C-146 Sender de Calella a Tordera&lt;/b&gt;: com era d'esperar, també seguirem aquest sender de 34 km totals que uneix les poblacions de Calella i Tordera per l'interior. El seguirem des dels afores de Tordera fins a prop de Sant Genís. És un tram força urbà, amb trams de pistes asfaltades i també de terra. 
 
- &lt;b&gt;Eix Central del Maresme&lt;/b&gt;: camí no homologat ideat pel Consorci de Promoció Turística Costa del Maresme. Està format per 7 etapes i té 140 km de llargària. Té el seu inici a l'estació de Rodalies de Montgat i acaba a la de Malgrat, recorrent tota la comarca per l'interior. 
 
 
&lt;b&gt;ELS TRENS&lt;/b&gt; 
 
Ambdues estacions formen part de la línia de Rodalies de Catalunya que uneix Barcelona i Maçanet-Massanes per la costa. Circulen nombrosos trens per direcció. 
 
- &lt;u&gt;ESTACIÓ DE SORTIDA&lt;/u&gt;: &lt;b&gt;Tordera (Rodalies)&lt;/b&gt;. L'estació està situada al nord de la població, a l'altra banda del riu, allunyada del nucli urbà uns 850 metres. Un camí i un pont de ferro per a vianants la comuniquem amb el poble. És l'última estació abans de Maçanet-Massanes, que tanca pel nord el vuit ferroviari català. 
 
- &lt;u&gt;ESTACIÓ D'ARRIBADA&lt;/u&gt;: &lt;b&gt;Malgrat de Mar (Rodalies)&lt;/b&gt;. Com totes les estacions al Maresme, prop del centre urbà i a tocar de la Platja. És la última estació a tocar de mar abans la línia no es dirigeixi cap a l'interior en direcció a Maçanet-Massanes. 
 
Podeu consultar tots els &lt;b&gt;horaris&lt;/b&gt; a: 
 
&lt;b&gt;- &lt;a href="https://rodalies.gencat.cat/ca/inici" target="_blank" rel="nofollow noopener"&gt;Rodalies de Catalunya&lt;/a&gt;&lt;/b&gt;</cmt>
    <desc>&lt;strong&gt;LA TRAVESSA&lt;/strong&gt; &lt;b&gt;&lt;/b&gt; 
 
Ruta lineal que uneix les poblacions de &lt;b&gt;Tordera&lt;/b&gt;, &lt;b&gt;Palafolls&lt;/b&gt; i &lt;b&gt;Malgrat&lt;/b&gt; tot resseguint en bona part el PR C-146, un sender de petit recorregut que dona molt de joc a l'hora de realitzar diferents rutes en aquesta part de l'Alt Maresme. 
 
El principal atractiu de la ruta és el &lt;b&gt;castell de Palafolls&lt;/b&gt;, un edifici militar medieval que s'aixeca sobre la població homònima. També interessant és el nucli de Palafolls, on visitarem un edifici d'Enric Miralles, un palau d'esports d'Arata Isozaki. No podem deixar de costat els mateixos nuclis urbans de Tordera (només en visitarem la seva església) i de Malgrat, població que sí que travessarem de nord a sud i, per tant, ens donarà la possibilitat de conèixer alguns dels seus punts turístics més rellevants. 
 
L'excursió produeix sentiments contraposats. Per un costat visitarem indrets encantadors i interessants, com els esmentats més amunt. I per l'altre, les pistes asfaltades, les zones industrials, especialment al sud-est de Tordera, i un tram de camí en què haurem de fer per carretera, ens enterboliran el bon discórrer de la jornada i ens crearan dubtes sobre la idoneïtat de la travessa. 
 
Així i tot, és una bona oportunitat per conèixer dues poblacions molt menys freqüentades que les seves veïnes costaneres i que ben be mereixen una visita. 
 
 
 &lt;strong&gt;PUNTS D'INTERÈS&lt;/strong&gt; &lt;b&gt;&lt;/b&gt; &lt;u&gt;&lt;/u&gt; 
 
La travessa té força elements d'interès escampats durant el seu recorregut, especialment concentrats als mateixos nuclis de les localitats. 
 
Així, per ordre de visita, trobarem: 
 
- &lt;b&gt;Tordera&lt;/b&gt;: municipi del Maresme de 84 km2 de superfície i 18.000 hab. En superfície, el més gran de la comarca. És travessat pel Tordera, riu que desemboca al mar entre els municipis de Malgrat i Blanes. 
 
- &lt;b&gt;Sant Esteve de Tordera&lt;/b&gt;: església parroquial d'estil barroc i neoclàssic construïda entre finals del s. XVIII i principis del XIX. La base del campanar conserva encara part de l'edifici romànic original. 
 
- &lt;b&gt;Castell de Palafolls&lt;/b&gt;: el castell de Palafolls és una fortalesa del segle X, d'important defensa estratègica durant l'edat mitjana. La seva estructura inclou una torre de l'homenatge, muralles i diverses dependències. Al llarg dels segles, el castell ha patit diverses modificacions i restauracions. Durant diversos mesos de 2024 es van fer obres de millora i d'estudi arqueològic. Quan el vam visitar a principis de 2025 ja estava obert. Es pot visitar tant les parts jussanes com sobiranes del castell, l'antiga ermita (tancada) i dos miradors a sengles extrems de l'estructura. 
 
- &lt;b&gt;Palafolls. Biblioteca d'Enric Miralles&lt;/b&gt;: Construïda enfonsada en part sota terra, la biblioteca de Palafolls constitueix el darrer llegat de l'arquitecte Enric Miralles. Resultant del concurs convocat l'any 1997 pel consistori palafollenc, es tracta d'un edifici suggeridor en el qual els cossos ondulants predominen per damunt de les formes geomètriques rectes. (Font: web Ajuntament de Palafolls) 
 
- &lt;b&gt;Palauet&lt;/b&gt;: palau d'esports dissenyat per Arata Isozaki, el mateix arquitecte japonès que va idear el Palau Sant Jordi de Barcelona. Sabent aquesta dada, els dos recintes tenen certa semblança. Inaugurat l'any 1996, està preparat per poder practicar els esports de patinatge, voleibol, bàsquet, handbol i futbol-sala. 
 
- &lt;b&gt;Santa Maria de Palafolls&lt;/b&gt;: l'església de Santa Maria es va construir en dos fases, essent la primera del 1865 al 1875 aproximadament i la resta entre 1896-1908. De la construcció d'ambdós dates en resultà l'església de grans dimensions que avui presideix la cruïlla de la zona de vianants del centre de la vila. De façana de pedra irregular sobresurt l'absis semicircular i un estret campanar de torre. (Font: web Ajuntament de Palafolls) 
 
- &lt;b&gt;Sant Genís de Palafolls&lt;/b&gt;: església d'origen romànic, citada per primera vegada l'any 947 quan depenia del monestir de Sant Pere de Rodes. L'interior conserva, d'estil romànic, la volta de canó de la nau central amb els seus arc torals. Al segle XIII s'hi afegeixen dues capelles laterals donant al temple la forma de creu llatina. Posteriorment també s'hi afegeixen vàries naus gòtiques i un nou presbiteri. El campanar, la torre de defensa o comunidor i la porta són del segle XV. 
Exteriorment, a la paret de migdia, destaquen unes arcuacions llombardes i s'insinua la porta romànica tapiada. A la paret nord hi veiem una ossera amb inscripcions del segle XVII i un cimbori del segle XVIII. (Font: web Ajuntament de Palafolls) 
 
- &lt;b&gt;Torre del Castell de Malgrat&lt;/b&gt;: situada dins del parc del Castell de Malgrat, en un punt elevat sobre la població. Hi ha un ascensor inclinat que supera 25 m de desnivell que hi dona accés. Era una torre de guaita del s. XIV, lligada al castell de Palafolls. 
 
- &lt;b&gt;Rentadors Vells. Malgrat&lt;/b&gt;: situats prop del mercat i de l'ajuntament. 
 
 
&lt;strong&gt;DIFICULTAT&lt;/strong&gt; &lt;b&gt;&lt;/b&gt; 
 
Caminada de distància mitjana/llarga però sense gaires desnivells. Els camins son còmodes i sempre per pistes, algunes asfaltades. 
 
Per arribar a Sant Genís de Palafolls cal seguir un tram de carretera de més d'1 quilòmetre que resulta perillós. Aneu en compte! 
 
Evitar l'estiu o, si més no, els dies més calorosos de l'estiu. La travessa és llarga i l'exposició al sol i la color pot tenir efectes negatius en el nostre cos. 
 
 
&lt;strong&gt;ELS SENDERS&lt;/strong&gt; 
 
La ruta està ben senyalitzada amb indicadors verticals. Seguirem en bona part el SL C-101 i el PR C-146, tot i que aquests senders no sempre estan ben senyalitzats. 
 
Així, durant la ruta seguirem en diferents moments: 
 
- &lt;b&gt;PR C-146 Sender de Calella a Tordera&lt;/b&gt;: com era d'esperar, també seguirem aquest sender de 34 km totals que uneix les poblacions de Calella i Tordera per l'interior. El seguirem des dels afores de Tordera fins a prop de Sant Genís. És un tram força urbà, amb trams de pistes asfaltades i també de terra. 
 
- &lt;b&gt;Eix Central del Maresme&lt;/b&gt;: camí no homologat ideat pel Consorci de Promoció Turística Costa del Maresme. Està format per 7 etapes i té 140 km de llargària. Té el seu inici a l'estació de Rodalies de Montgat i acaba a la de Malgrat, recorrent tota la comarca per l'interior. 
 
 
&lt;b&gt;ELS TRENS&lt;/b&gt; 
 
Ambdues estacions formen part de la línia de Rodalies de Catalunya que uneix Barcelona i Maçanet-Massanes per la costa. Circulen nombrosos trens per direcció. 
 
- &lt;u&gt;ESTACIÓ DE SORTIDA&lt;/u&gt;: &lt;b&gt;Tordera (Rodalies)&lt;/b&gt;. L'estació està situada al nord de la població, a l'altra banda del riu, allunyada del nucli urbà uns 850 metres. Un camí i un pont de ferro per a vianants la comuniquem amb el poble. És l'última estació abans de Maçanet-Massanes, que tanca pel nord el vuit ferroviari català. 
 
- &lt;u&gt;ESTACIÓ D'ARRIBADA&lt;/u&gt;: &lt;b&gt;Malgrat de Mar (Rodalies)&lt;/b&gt;. Com totes les estacions al Maresme, prop del centre urbà i a tocar de la Platja. És la última estació a tocar de mar abans la línia no es dirigeixi cap a l'interior en direcció a Maçanet-Massanes. 
 
Podeu consultar tots els &lt;b&gt;horaris&lt;/b&gt; a: 
 
&lt;b&gt;- &lt;a href="https://rodalies.gencat.cat/ca/inici" target="_blank" rel="nofollow noopener"&gt;Rodalies de Catalunya&lt;/a&gt;&lt;/b&gt;</desc>
    <trkseg>
      <trkpt lat="41.707173" lon="2.719680">
        <ele>28.265</ele>
        <time>2024-12-31T09:20:48Z</time>
      </trkpt>
      <trkpt lat="41.707188" lon="2.719714">
        <ele>28.268</ele>
        <time>2024-12-31T09:20:50Z</time>
      </trkpt>
      <trkpt lat="41.707234" lon="2.719739">
        <ele>28.114</ele>
        <time>2024-12-31T09:20:55Z</time>
      </trkpt>
      <trkpt lat="41.707278" lon="2.719754">
        <ele>28.209</ele>
        <time>2024-12-31T09:20:59Z</time>
      </trkpt>
      <trkpt lat="41.707307" lon="2.719761">
        <ele>28.297</ele>
        <time>2024-12-31T09:21:02Z</time>
      </trkpt>
      <trkpt lat="41.707364" lon="2.719777">
        <ele>28.315</ele>
        <time>2024-12-31T09:21:08Z</time>
      </trkpt>
      <trkpt lat="41.707390" lon="2.719795">
        <ele>28.414</ele>
        <time>2024-12-31T09:21:11Z</time>
      </trkpt>
      <trkpt lat="41.707412" lon="2.719817">
        <ele>28.416</ele>
        <time>2024-12-31T09:21:14Z</time>
      </trkpt>
      <trkpt lat="41.707437" lon="2.719881">
        <ele>28.713</ele>
        <time>2024-12-31T09:21:19Z</time>
      </trkpt>
      <trkpt lat="41.707434" lon="2.719923">
        <ele>28.920</ele>
        <time>2024-12-31T09:21:23Z</time>
      </trkpt>
      <trkpt lat="41.707425" lon="2.719960">
        <ele>29.171</ele>
        <time>2024-12-31T09:21:26Z</time>
      </trkpt>
      <trkpt lat="41.707407" lon="2.720026">
        <ele>29.478</ele>
        <time>2024-12-31T09:21:33Z</time>
      </trkpt>
      <trkpt lat="41.707388" lon="2.720091">
        <ele>29.621</ele>
        <time>2024-12-31T09:21:38Z</time>
      </trkpt>
      <trkpt lat="41.707381" lon="2.720132">
        <ele>29.783</ele>
        <time>2024-12-31T09:21:41Z</time>
      </trkpt>
      <trkpt lat="41.707372" lon="2.720182">
        <ele>29.825</ele>
        <time>2024-12-31T09:21:46Z</time>
      </trkpt>
      <trkpt lat="41.707353" lon="2.720252">
        <ele>30.017</ele>
        <time>2024-12-31T09:21:52Z</time>
      </trkpt>
      <trkpt lat="41.707341" lon="2.720329">
        <ele>30.009</ele>
        <time>2024-12-31T09:21:59Z</time>
      </trkpt>
      <trkpt lat="41.707332" lon="2.720375">
        <ele>30.029</ele>
        <time>2024-12-31T09:22:03Z</time>
      </trkpt>
      <trkpt lat="41.707322" lon="2.720443">
        <ele>30.067</ele>
        <time>2024-12-31T09:22:09Z</time>
      </trkpt>
      <trkpt lat="41.707313" lon="2.720478">
        <ele>30.056</ele>
        <time>2024-12-31T09:22:13Z</time>
      </trkpt>
      <trkpt lat="41.707297" lon="2.720551">
        <ele>30.078</ele>
        <time>2024-12-31T09:22:19Z</time>
      </trkpt>
      <trkpt lat="41.707277" lon="2.720617">
        <ele>30.075</ele>
        <time>2024-12-31T09:22:24Z</time>
      </trkpt>
      <trkpt lat="41.707264" lon="2.720682">
        <ele>30.012</ele>
        <time>2024-12-31T09:22:30Z</time>
      </trkpt>
      <trkpt lat="41.707251" lon="2.720717">
        <ele>30.043</ele>
        <time>2024-12-31T09:22:34Z</time>
      </trkpt>
      <trkpt lat="41.707242" lon="2.720752">
        <ele>30.030</ele>
        <time>2024-12-31T09:22:37Z</time>
      </trkpt>
      <trkpt lat="41.707223" lon="2.720778">
        <ele>30.013</ele>
        <time>2024-12-31T09:22:40Z</time>
      </trkpt>
      <trkpt lat="41.707201" lon="2.720799">
        <ele>30.174</ele>
        <time>2024-12-31T09:22:44Z</time>
      </trkpt>
      <trkpt lat="41.707156" lon="2.720829">
        <ele>30.256</ele>
        <time>2024-12-31T09:22:50Z</time>
      </trkpt>
      <trkpt lat="41.707131" lon="2.720845">
        <ele>30.321</ele>
        <time>2024-12-31T09:22:53Z</time>
      </trkpt>
      <trkpt lat="41.707104" lon="2.720852">
        <ele>30.409</ele>
        <time>2024-12-31T09:22:56Z</time>
      </trkpt>
      <trkpt lat="41.707075" lon="2.720858">
        <ele>30.598</ele>
        <time>2024-12-31T09:23:00Z</time>
      </trkpt>
      <trkpt lat="41.707040" lon="2.720851">
        <ele>30.666</ele>
        <time>2024-12-31T09:23:03Z</time>
      </trkpt>
      <trkpt lat="41.707011" lon="2.720850">
        <ele>30.715</ele>
        <time>2024-12-31T09:23:06Z</time>
      </trkpt>
      <trkpt lat="41.706960" lon="2.720839">
        <ele>30.957</ele>
        <time>2024-12-31T09:23:11Z</time>
      </trkpt>
      <trkpt lat="41.706935" lon="2.720895">
        <ele>30.844</ele>
        <time>2024-12-31T09:23:16Z</time>
      </trkpt>
      <trkpt lat="41.706910" lon="2.720933">
        <ele>30.791</ele>
        <time>2024-12-31T09:23:21Z</time>
      </trkpt>
      <trkpt lat="41.706863" lon="2.720907">
        <ele>30.812</ele>
        <time>2024-12-31T09:23:27Z</time>
      </trkpt>
      <trkpt lat="41.706838" lon="2.720891">
        <ele>30.949</ele>
        <time>2024-12-31T09:23:29Z</time>
      </trkpt>
      <trkpt lat="41.706790" lon="2.720861">
        <ele>31.082</ele>
        <time>2024-12-31T09:23:34Z</time>
      </trkpt>
      <trkpt lat="41.706763" lon="2.720851">
        <ele>31.026</ele>
        <time>2024-12-31T09:23:37Z</time>
      </trkpt>
      <trkpt lat="41.706711" lon="2.720828">
        <ele>31.047</ele>
        <time>2024-12-31T09:23:42Z</time>
      </trkpt>
      <trkpt lat="41.706664" lon="2.720806">
        <ele>31.011</ele>
        <time>2024-12-31T09:23:47Z</time>
      </trkpt>
      <trkpt lat="41.706639" lon="2.720791">
        <ele>30.909</ele>
        <time>2024-12-31T09:23:49Z</time>
      </trkpt>
      <trkpt lat="41.706613" lon="2.720774">
        <ele>30.893</ele>
        <time>2024-12-31T09:23:52Z</time>
      </trkpt>
      <trkpt lat="41.706567" lon="2.720749">
        <ele>30.821</ele>
        <time>2024-12-31T09:23:57Z</time>
      </trkpt>
      <trkpt lat="41.706538" lon="2.720728">
        <ele>30.710</ele>
        <time>2024-12-31T09:24:00Z</time>
      </trkpt>
      <trkpt lat="41.706482" lon="2.720704">
        <ele>30.672</ele>
        <time>2024-12-31T09:24:07Z</time>
      </trkpt>
      <trkpt lat="41.706434" lon="2.720677">
        <ele>30.629</ele>
        <time>2024-12-31T09:24:12Z</time>
      </trkpt>
      <trkpt lat="41.706406" lon="2.720659">
        <ele>30.736</ele>
        <time>2024-12-31T09:24:15Z</time>
      </trkpt>
      <trkpt lat="41.706378" lon="2.720643">
        <ele>30.657</ele>
        <time>2024-12-31T09:24:18Z</time>
      </trkpt>
      <trkpt lat="41.706351" lon="2.720626">
        <ele>30.444</ele>
        <time>2024-12-31T09:24:20Z</time>
      </trkpt>
      <trkpt lat="41.706321" lon="2.720612">
        <ele>30.177</ele>
        <time>2024-12-31T09:24:23Z</time>
      </trkpt>
      <trkpt lat="41.706278" lon="2.720572">
        <ele>29.859</ele>
        <time>2024-12-31T09:24:28Z</time>
      </trkpt>
      <trkpt lat="41.706232" lon="2.720538">
        <ele>29.403</ele>
        <time>2024-12-31T09:24:33Z</time>
      </trkpt>
      <trkpt lat="41.706206" lon="2.720525">
        <ele>29.223</ele>
        <time>2024-12-31T09:24:36Z</time>
      </trkpt>
      <trkpt lat="41.706165" lon="2.720496">
        <ele>28.909</ele>
        <time>2024-12-31T09:24:41Z</time>
      </trkpt>
      <trkpt lat="41.706139" lon="2.720476">
        <ele>28.856</ele>
        <time>2024-12-31T09:24:43Z</time>
      </trkpt>
      <trkpt lat="41.706096" lon="2.720443">
        <ele>28.774</ele>
        <time>2024-12-31T09:24:48Z</time>
      </trkpt>
      <trkpt lat="41.706055" lon="2.720412">
        <ele>28.433</ele>
        <time>2024-12-31T09:24:52Z</time>
      </trkpt>
      <trkpt lat="41.706029" lon="2.720390">
        <ele>28.295</ele>
        <time>2024-12-31T09:24:55Z</time>
      </trkpt>
      <trkpt lat="41.706004" lon="2.720362">
        <ele>28.152</ele>
        <time>2024-12-31T09:24:58Z</time>
      </trkpt>
      <trkpt lat="41.705983" lon="2.720331">
        <ele>27.979</ele>
        <time>2024-12-31T09:25:01Z</time>
      </trkpt>
      <trkpt lat="41.705958" lon="2.720304">
        <ele>27.740</ele>
        <time>2024-12-31T09:25:04Z</time>
      </trkpt>
      <trkpt lat="41.705934" lon="2.720280">
        <ele>27.447</ele>
        <time>2024-12-31T09:25:07Z</time>
      </trkpt>
      <trkpt lat="41.705913" lon="2.720255">
        <ele>27.140</ele>
        <time>2024-12-31T09:25:10Z</time>
      </trkpt>
      <trkpt lat="41.705890" lon="2.720227">
        <ele>26.895</ele>
        <time>2024-12-31T09:25:13Z</time>
      </trkpt>
      <trkpt lat="41.705856" lon="2.720184">
        <ele>26.349</ele>
        <time>2024-12-31T09:25:17Z</time>
      </trkpt>
      <trkpt lat="41.705812" lon="2.720135">
        <ele>25.923</ele>
        <time>2024-12-31T09:25:23Z</time>
      </trkpt>
      <trkpt lat="41.705788" lon="2.720106">
        <ele>25.809</ele>
        <time>2024-12-31T09:25:26Z</time>
      </trkpt>
      <trkpt lat="41.705764" lon="2.720081">
        <ele>25.840</ele>
        <time>2024-12-31T09:25:29Z</time>
      </trkpt>
      <trkpt lat="41.705742" lon="2.720057">
        <ele>25.728</ele>
        <time>2024-12-31T09:25:32Z</time>
      </trkpt>
      <trkpt lat="41.705717" lon="2.720034">
        <ele>25.647</ele>
        <time>2024-12-31T09:25:35Z</time>
      </trkpt>
      <trkpt lat="41.705693" lon="2.720009">
        <ele>25.549</ele>
        <time>2024-12-31T09:25:38Z</time>
      </trkpt>
      <trkpt lat="41.705670" lon="2.719982">
        <ele>25.476</ele>
        <time>2024-12-31T09:25:41Z</time>
      </trkpt>
      <trkpt lat="41.705647" lon="2.719956">
        <ele>25.393</ele>
        <time>2024-12-31T09:25:44Z</time>
      </trkpt>
      <trkpt lat="41.705622" lon="2.719930">
        <ele>25.214</ele>
        <time>2024-12-31T09:25:47Z</time>
      </trkpt>
      <trkpt lat="41.705599" lon="2.719906">
        <ele>25.221</ele>
        <time>2024-12-31T09:25:50Z</time>
      </trkpt>
      <trkpt lat="41.705578" lon="2.719881">
        <ele>25.164</ele>
        <time>2024-12-31T09:25:52Z</time>
      </trkpt>
      <trkpt lat="41.705538" lon="2.719830">
        <ele>25.062</ele>
        <time>2024-12-31T09:25:58Z</time>
      </trkpt>
      <trkpt lat="41.705515" lon="2.719800">
        <ele>25.083</ele>
        <time>2024-12-31T09:26:01Z</time>
      </trkpt>
      <trkpt lat="41.705476" lon="2.719749">
        <ele>25.011</ele>
        <time>2024-12-31T09:26:06Z</time>
      </trkpt>
      <trkpt lat="41.705452" lon="2.719721">
        <ele>25.009</ele>
        <time>2024-12-31T09:26:09Z</time>
      </trkpt>
      <trkpt lat="41.705428" lon="2.719693">
        <ele>25.047</ele>
        <time>2024-12-31T09:26:12Z</time>
      </trkpt>
      <trkpt lat="41.705407" lon="2.719669">
        <ele>25.165</ele>
        <time>2024-12-31T09:26:15Z</time>
      </trkpt>
      <trkpt lat="41.705386" lon="2.719643">
        <ele>25.264</ele>
        <time>2024-12-31T09:26:17Z</time>
      </trkpt>
      <trkpt lat="41.705363" lon="2.719617">
        <ele>25.376</ele>
        <time>2024-12-31T09:26:20Z</time>
      </trkpt>
      <trkpt lat="41.705341" lon="2.719592">
        <ele>25.483</ele>
        <time>2024-12-31T09:26:23Z</time>
      </trkpt>
      <trkpt lat="41.705300" lon="2.719553">
        <ele>25.620</ele>
        <time>2024-12-31T09:26:28Z</time>
      </trkpt>
      <trkpt lat="41.705278" lon="2.719529">
        <ele>25.751</ele>
        <time>2024-12-31T09:26:31Z</time>
      </trkpt>
      <trkpt lat="41.705252" lon="2.719504">
        <ele>25.878</ele>
        <time>2024-12-31T09:26:34Z</time>
      </trkpt>
      <trkpt lat="41.705208" lon="2.719455">
        <ele>26.071</ele>
        <time>2024-12-31T09:26:39Z</time>
      </trkpt>
      <trkpt lat="41.705187" lon="2.719423">
        <ele>26.174</ele>
        <time>2024-12-31T09:26:42Z</time>
      </trkpt>
      <trkpt lat="41.705149" lon="2.719370">
        <ele>26.456</ele>
        <time>2024-12-31T09:26:47Z</time>
      </trkpt>
      <trkpt lat="41.705128" lon="2.719346">
        <ele>26.521</ele>
        <time>2024-12-31T09:26:50Z</time>
      </trkpt>
      <trkpt lat="41.705106" lon="2.719323">
        <ele>26.709</ele>
        <time>2024-12-31T09:26:53Z</time>
      </trkpt>
      <trkpt lat="41.705064" lon="2.719273">
        <ele>27.168</ele>
        <time>2024-12-31T09:26:58Z</time>
      </trkpt>
      <trkpt lat="41.705044" lon="2.719247">
        <ele>27.336</ele>
        <time>2024-12-31T09:27:00Z</time>
      </trkpt>
      <trkpt lat="41.705021" lon="2.719224">
        <ele>27.515</ele>
        <time>2024-12-31T09:27:03Z</time>
      </trkpt>
      <trkpt lat="41.704981" lon="2.719176">
        <ele>27.977</ele>
        <time>2024-12-31T09:27:08Z</time>
      </trkpt>
      <trkpt lat="41.704956" lon="2.719150">
        <ele>27.954</ele>
        <time>2024-12-31T09:27:11Z</time>
      </trkpt>
      <trkpt lat="41.704932" lon="2.719120">
        <ele>27.971</ele>
        <time>2024-12-31T09:27:14Z</time>
      </trkpt>
      <trkpt lat="41.704911" lon="2.719096">
        <ele>27.942</ele>
        <time>2024-12-31T09:27:17Z</time>
      </trkpt>
      <trkpt lat="41.704871" lon="2.719055">
        <ele>27.999</ele>
        <time>2024-12-31T09:27:22Z</time>
      </trkpt>
      <trkpt lat="41.704850" lon="2.719026">
        <ele>28.042</ele>
        <time>2024-12-31T09:27:24Z</time>
      </trkpt>
      <trkpt lat="41.704825" lon="2.718998">
        <ele>28.064</ele>
        <time>2024-12-31T09:27:28Z</time>
      </trkpt>
      <trkpt lat="41.704802" lon="2.718972">
        <ele>28.006</ele>
        <time>2024-12-31T09:27:30Z</time>
      </trkpt>
      <trkpt lat="41.704765" lon="2.718918">
        <ele>28.016</ele>
        <time>2024-12-31T09:27:36Z</time>
      </trkpt>
      <trkpt lat="41.704744" lon="2.718890">
        <ele>28.109</ele>
        <time>2024-12-31T09:27:39Z</time>
      </trkpt>
      <trkpt lat="41.704683" lon="2.718826">
        <ele>28.357</ele>
        <time>2024-12-31T09:27:44Z</time>
      </trkpt>
      <trkpt lat="41.704654" lon="2.718783">
        <ele>28.415</ele>
        <time>2024-12-31T09:27:47Z</time>
      </trkpt>
      <trkpt lat="41.704617" lon="2.718745">
        <ele>28.574</ele>
        <time>2024-12-31T09:27:49Z</time>
      </trkpt>
      <trkpt lat="41.704590" lon="2.718707">
        <ele>28.546</ele>
        <time>2024-12-31T09:27:52Z</time>
      </trkpt>
      <trkpt lat="41.704556" lon="2.718664">
        <ele>28.583</ele>
        <time>2024-12-31T09:27:54Z</time>
      </trkpt>
      <trkpt lat="41.704523" lon="2.718638">
        <ele>28.430</ele>
        <time>2024-12-31T09:27:57Z</time>
      </trkpt>
      <trkpt lat="41.704502" lon="2.718605">
        <ele>28.441</ele>
        <time>2024-12-31T09:28:00Z</time>
      </trkpt>
      <trkpt lat="41.704463" lon="2.718567">
        <ele>28.388</ele>
        <time>2024-12-31T09:28:03Z</time>
      </trkpt>
      <trkpt lat="41.704431" lon="2.718529">
        <ele>28.251</ele>
        <time>2024-12-31T09:28:06Z</time>
      </trkpt>
      <trkpt lat="41.704404" lon="2.718498">
        <ele>28.397</ele>
        <time>2024-12-31T09:28:09Z</time>
      </trkpt>
      <trkpt lat="41.704371" lon="2.718465">
        <ele>28.323</ele>
        <time>2024-12-31T09:28:11Z</time>
      </trkpt>
      <trkpt lat="41.704336" lon="2.718422">
        <ele>28.325</ele>
        <time>2024-12-31T09:28:13Z</time>
      </trkpt>
      <trkpt lat="41.704294" lon="2.718387">
        <ele>28.309</ele>
        <time>2024-12-31T09:28:16Z</time>
      </trkpt>
      <trkpt lat="41.704253" lon="2.718339">
        <ele>28.350</ele>
        <time>2024-12-31T09:28:20Z</time>
      </trkpt>
      <trkpt lat="41.704213" lon="2.718296">
        <ele>28.248</ele>
        <time>2024-12-31T09:28:22Z</time>
      </trkpt>
      <trkpt lat="41.704179" lon="2.718258">
        <ele>28.137</ele>
        <time>2024-12-31T09:28:25Z</time>
      </trkpt>
      <trkpt lat="41.704154" lon="2.718230">
        <ele>27.929</ele>
        <time>2024-12-31T09:28:28Z</time>
      </trkpt>
      <trkpt lat="41.704121" lon="2.718192">
        <ele>27.866</ele>
        <time>2024-12-31T09:28:29Z</time>
      </trkpt>
      <trkpt lat="41.704094" lon="2.718157">
        <ele>27.693</ele>
        <time>2024-12-31T09:28:32Z</time>
      </trkpt>
      <trkpt lat="41.704059" lon="2.718116">
        <ele>27.544</ele>
        <time>2024-12-31T09:28:35Z</time>
      </trkpt>
      <trkpt lat="41.704026" lon="2.718081">
        <ele>27.441</ele>
        <time>2024-12-31T09:28:37Z</time>
      </trkpt>
      <trkpt lat="41.703987" lon="2.718040">
        <ele>27.574</ele>
        <time>2024-12-31T09:28:40Z</time>
      </trkpt>
      <trkpt lat="41.703952" lon="2.718000">
        <ele>27.666</ele>
        <time>2024-12-31T09:28:43Z</time>
      </trkpt>
      <trkpt lat="41.703925" lon="2.718000">
        <ele>27.529</ele>
        <time>2024-12-31T09:28:45Z</time>
      </trkpt>
      <trkpt lat="41.703894" lon="2.718003">
        <ele>27.421</ele>
        <time>2024-12-31T09:28:48Z</time>
      </trkpt>
      <trkpt lat="41.703868" lon="2.718037">
        <ele>27.109</ele>
        <time>2024-12-31T09:28:50Z</time>
      </trkpt>
      <trkpt lat="41.703829" lon="2.718061">
        <ele>26.867</ele>
        <time>2024-12-31T09:28:53Z</time>
      </trkpt>
      <trkpt lat="41.703792" lon="2.718092">
        <ele>26.525</ele>
        <time>2024-12-31T09:28:56Z</time>
      </trkpt>
      <trkpt lat="41.703750" lon="2.718120">
        <ele>26.254</ele>
        <time>2024-12-31T09:28:59Z</time>
      </trkpt>
      <trkpt lat="41.703709" lon="2.718140">
        <ele>25.966</ele>
        <time>2024-12-31T09:29:02Z</time>
      </trkpt>
      <trkpt lat="41.703665" lon="2.718166">
        <ele>25.563</ele>
        <time>2024-12-31T09:29:04Z</time>
      </trkpt>
      <trkpt lat="41.703596" lon="2.718212">
        <ele>24.840</ele>
        <time>2024-12-31T09:29:10Z</time>
      </trkpt>
      <trkpt lat="41.703540" lon="2.718221">
        <ele>24.381</ele>
        <time>2024-12-31T09:29:12Z</time>
      </trkpt>
      <trkpt lat="41.703475" lon="2.718235">
        <ele>23.738</ele>
        <time>2024-12-31T09:29:14Z</time>
      </trkpt>
      <trkpt lat="41.703401" lon="2.718247">
        <ele>23.131</ele>
        <time>2024-12-31T09:29:16Z</time>
      </trkpt>
      <trkpt lat="41.703343" lon="2.718272">
        <ele>22.577</ele>
        <time>2024-12-31T09:29:19Z</time>
      </trkpt>
      <trkpt lat="41.703264" lon="2.718295">
        <ele>22.061</ele>
        <time>2024-12-31T09:29:22Z</time>
      </trkpt>
      <trkpt lat="41.703205" lon="2.718307">
        <ele>21.727</ele>
        <time>2024-12-31T09:29:26Z</time>
      </trkpt>
      <trkpt lat="41.703146" lon="2.718327">
        <ele>21.409</ele>
        <time>2024-12-31T09:29:29Z</time>
      </trkpt>
      <trkpt lat="41.703089" lon="2.718339">
        <ele>21.138</ele>
        <time>2024-12-31T09:29:33Z</time>
      </trkpt>
      <trkpt lat="41.703029" lon="2.718353">
        <ele>20.746</ele>
        <time>2024-12-31T09:29:36Z</time>
      </trkpt>
      <trkpt lat="41.702976" lon="2.718366">
        <ele>20.445</ele>
        <time>2024-12-31T09:29:40Z</time>
      </trkpt>
      <trkpt lat="41.702929" lon="2.718381">
        <ele>20.267</ele>
        <time>2024-12-31T09:29:42Z</time>
      </trkpt>
      <trkpt lat="41.702880" lon="2.718388">
        <ele>20.014</ele>
        <time>2024-12-31T09:29:46Z</time>
      </trkpt>
      <trkpt lat="41.702836" lon="2.718397">
        <ele>19.931</ele>
        <time>2024-12-31T09:29:48Z</time>
      </trkpt>
      <trkpt lat="41.702786" lon="2.718408">
        <ele>19.772</ele>
        <time>2024-12-31T09:29:51Z</time>
      </trkpt>
      <trkpt lat="41.702736" lon="2.718418">
        <ele>20.329</ele>
        <time>2024-12-31T09:29:54Z</time>
      </trkpt>
      <trkpt lat="41.702670" lon="2.718433">
        <ele>21.242</ele>
        <time>2024-12-31T09:29:56Z</time>
      </trkpt>
      <trkpt lat="41.702630" lon="2.718445">
        <ele>21.883</ele>
        <time>2024-12-31T09:29:59Z</time>
      </trkpt>
      <trkpt lat="41.702580" lon="2.718456">
        <ele>22.625</ele>
        <time>2024-12-31T09:30:00Z</time>
      </trkpt>
      <trkpt lat="41.702532" lon="2.718468">
        <ele>23.517</ele>
        <time>2024-12-31T09:30:04Z</time>
      </trkpt>
      <trkpt lat="41.702478" lon="2.718482">
        <ele>24.409</ele>
        <time>2024-12-31T09:30:06Z</time>
      </trkpt>
      <trkpt lat="41.702426" lon="2.718492">
        <ele>25.259</ele>
        <time>2024-12-31T09:30:09Z</time>
      </trkpt>
      <trkpt lat="41.702387" lon="2.718499">
        <ele>25.887</ele>
        <time>2024-12-31T09:30:13Z</time>
      </trkpt>
      <trkpt lat="41.702342" lon="2.718509">
        <ele>26.536</ele>
        <time>2024-12-31T09:30:16Z</time>
      </trkpt>
      <trkpt lat="41.702342" lon="2.718558">
        <ele>26.958</ele>
        <time>2024-12-31T09:30:22Z</time>
      </trkpt>
      <trkpt lat="41.702333" lon="2.718594">
        <ele>27.335</ele>
        <time>2024-12-31T09:30:25Z</time>
      </trkpt>
      <trkpt lat="41.702305" lon="2.718606">
        <ele>27.832</ele>
        <time>2024-12-31T09:30:28Z</time>
      </trkpt>
      <trkpt lat="41.702265" lon="2.718620">
        <ele>28.443</ele>
        <time>2024-12-31T09:30:31Z</time>
      </trkpt>
      <trkpt lat="41.702219" lon="2.718637">
        <ele>29.270</ele>
        <time>2024-12-31T09:30:33Z</time>
      </trkpt>
      <trkpt lat="41.702177" lon="2.718658">
        <ele>30.073</ele>
        <time>2024-12-31T09:30:35Z</time>
      </trkpt>
      <trkpt lat="41.702138" lon="2.718673">
        <ele>30.796</ele>
        <time>2024-12-31T09:30:38Z</time>
      </trkpt>
      <trkpt lat="41.702077" lon="2.718630">
        <ele>31.731</ele>
        <time>2024-12-31T09:30:44Z</time>
      </trkpt>
      <trkpt lat="41.702050" lon="2.718604">
        <ele>32.024</ele>
        <time>2024-12-31T09:30:47Z</time>
      </trkpt>
      <trkpt lat="41.702011" lon="2.718585">
        <ele>32.509</ele>
        <time>2024-12-31T09:30:51Z</time>
      </trkpt>
      <trkpt lat="41.701979" lon="2.718573">
        <ele>33.090</ele>
        <time>2024-12-31T09:30:54Z</time>
      </trkpt>
      <trkpt lat="41.701934" lon="2.718568">
        <ele>33.678</ele>
        <time>2024-12-31T09:30:57Z</time>
      </trkpt>
      <trkpt lat="41.701887" lon="2.718547">
        <ele>33.947</ele>
        <time>2024-12-31T09:30:59Z</time>
      </trkpt>
      <trkpt lat="41.701850" lon="2.718509">
        <ele>33.969</ele>
        <time>2024-12-31T09:31:03Z</time>
      </trkpt>
      <trkpt lat="41.701805" lon="2.718482">
        <ele>34.146</ele>
        <time>2024-12-31T09:31:06Z</time>
      </trkpt>
      <trkpt lat="41.701758" lon="2.718463">
        <ele>34.453</ele>
        <time>2024-12-31T09:31:09Z</time>
      </trkpt>
      <trkpt lat="41.701719" lon="2.718449">
        <ele>34.724</ele>
        <time>2024-12-31T09:31:12Z</time>
      </trkpt>
      <trkpt lat="41.701673" lon="2.718440">
        <ele>35.111</ele>
        <time>2024-12-31T09:31:15Z</time>
      </trkpt>
      <trkpt lat="41.701646" lon="2.718466">
        <ele>35.334</ele>
        <time>2024-12-31T09:31:17Z</time>
      </trkpt>
      <trkpt lat="41.701626" lon="2.718494">
        <ele>35.537</ele>
        <time>2024-12-31T09:31:20Z</time>
      </trkpt>
      <trkpt lat="41.701617" lon="2.718537">
        <ele>36.049</ele>
        <time>2024-12-31T09:31:24Z</time>
      </trkpt>
      <trkpt lat="41.701604" lon="2.718589">
        <ele>36.513</ele>
        <time>2024-12-31T09:31:26Z</time>
      </trkpt>
      <trkpt lat="41.701586" lon="2.718668">
        <ele>37.209</ele>
        <time>2024-12-31T09:31:33Z</time>
      </trkpt>
      <trkpt lat="41.701574" lon="2.718732">
        <ele>37.724</ele>
        <time>2024-12-31T09:31:39Z</time>
      </trkpt>
      <trkpt lat="41.701567" lon="2.718775">
        <ele>38.082</ele>
        <time>2024-12-31T09:31:42Z</time>
      </trkpt>
      <trkpt lat="41.701554" lon="2.718810">
        <ele>38.311</ele>
        <time>2024-12-31T09:31:46Z</time>
      </trkpt>
      <trkpt lat="41.701550" lon="2.718853">
        <ele>38.753</ele>
        <time>2024-12-31T09:31:48Z</time>
      </trkpt>
      <trkpt lat="41.701554" lon="2.718896">
        <ele>39.010</ele>
        <time>2024-12-31T09:31:52Z</time>
      </trkpt>
      <trkpt lat="41.701552" lon="2.718943">
        <ele>39.167</ele>
        <time>2024-12-31T09:31:54Z</time>
      </trkpt>
      <trkpt lat="41.701554" lon="2.718986">
        <ele>39.178</ele>
        <time>2024-12-31T09:31:57Z</time>
      </trkpt>
      <trkpt lat="41.701568" lon="2.719027">
        <ele>39.215</ele>
        <time>2024-12-31T09:31:59Z</time>
      </trkpt>
      <trkpt lat="41.701570" lon="2.719065">
        <ele>39.288</ele>
        <time>2024-12-31T09:32:02Z</time>
      </trkpt>
      <trkpt lat="41.701590" lon="2.719119">
        <ele>39.239</ele>
        <time>2024-12-31T09:32:08Z</time>
      </trkpt>
      <trkpt lat="41.701628" lon="2.719145">
        <ele>39.101</ele>
        <time>2024-12-31T09:32:13Z</time>
      </trkpt>
      <trkpt lat="41.701660" lon="2.719142">
        <ele>39.021</ele>
        <time>2024-12-31T09:32:16Z</time>
      </trkpt>
      <trkpt lat="41.701698" lon="2.719145">
        <ele>38.509</ele>
        <time>2024-12-31T09:32:18Z</time>
      </trkpt>
      <trkpt lat="41.701738" lon="2.719138">
        <ele>38.054</ele>
        <time>2024-12-31T09:32:20Z</time>
      </trkpt>
      <trkpt lat="41.701779" lon="2.719117">
        <ele>37.492</ele>
        <time>2024-12-31T09:32:22Z</time>
      </trkpt>
      <trkpt lat="41.701806" lon="2.719110">
        <ele>37.031</ele>
        <time>2024-12-31T09:32:24Z</time>
      </trkpt>
      <trkpt lat="41.701846" lon="2.719099">
        <ele>36.463</ele>
        <time>2024-12-31T09:32:26Z</time>
      </trkpt>
      <trkpt lat="41.701881" lon="2.719092">
        <ele>35.950</ele>
        <time>2024-12-31T09:32:29Z</time>
      </trkpt>
      <trkpt lat="41.701916" lon="2.719085">
        <ele>35.457</ele>
        <time>2024-12-31T09:32:32Z</time>
      </trkpt>
      <trkpt lat="41.701959" lon="2.719063">
        <ele>34.718</ele>
        <time>2024-12-31T09:32:36Z</time>
      </trkpt>
      <trkpt lat="41.701989" lon="2.719053">
        <ele>34.155</ele>
        <time>2024-12-31T09:32:40Z</time>
      </trkpt>
      <trkpt lat="41.702032" lon="2.719028">
        <ele>33.388</ele>
        <time>2024-12-31T09:32:44Z</time>
      </trkpt>
      <trkpt lat="41.702072" lon="2.719021">
        <ele>32.513</ele>
        <time>2024-12-31T09:32:46Z</time>
      </trkpt>
      <trkpt lat="41.702110" lon="2.718999">
        <ele>31.843</ele>
        <time>2024-12-31T09:32:47Z</time>
      </trkpt>
      <trkpt lat="41.702151" lon="2.718992">
        <ele>31.007</ele>
        <time>2024-12-31T09:32:50Z</time>
      </trkpt>
      <trkpt lat="41.702183" lon="2.719042">
        <ele>30.209</ele>
        <time>2024-12-31T09:32:55Z</time>
      </trkpt>
      <trkpt lat="41.702192" lon="2.719082">
        <ele>29.932</ele>
        <time>2024-12-31T09:32:58Z</time>
      </trkpt>
      <trkpt lat="41.702211" lon="2.719161">
        <ele>29.380</ele>
        <time>2024-12-31T09:33:05Z</time>
      </trkpt>
      <trkpt lat="41.702215" lon="2.719201">
        <ele>29.049</ele>
        <time>2024-12-31T09:33:07Z</time>
      </trkpt>
      <trkpt lat="41.702217" lon="2.719244">
        <ele>28.851</ele>
        <time>2024-12-31T09:33:09Z</time>
      </trkpt>
      <trkpt lat="41.702228" lon="2.719287">
        <ele>28.598</ele>
        <time>2024-12-31T09:33:12Z</time>
      </trkpt>
      <trkpt lat="41.702251" lon="2.719356">
        <ele>28.055</ele>
        <time>2024-12-31T09:33:19Z</time>
      </trkpt>
      <trkpt lat="41.702260" lon="2.719391">
        <ele>27.826</ele>
        <time>2024-12-31T09:33:22Z</time>
      </trkpt>
      <trkpt lat="41.702270" lon="2.719429">
        <ele>27.573</ele>
        <time>2024-12-31T09:33:24Z</time>
      </trkpt>
      <trkpt lat="41.702279" lon="2.719467">
        <ele>27.586</ele>
        <time>2024-12-31T09:33:26Z</time>
      </trkpt>
      <trkpt lat="41.702292" lon="2.719529">
        <ele>27.673</ele>
        <time>2024-12-31T09:33:30Z</time>
      </trkpt>
      <trkpt lat="41.702315" lon="2.719602">
        <ele>27.685</ele>
        <time>2024-12-31T09:34:33Z</time>
      </trkpt>
      <trkpt lat="41.702342" lon="2.719647">
        <ele>27.413</ele>
        <time>2024-12-31T09:34:40Z</time>
      </trkpt>
      <trkpt lat="41.702394" lon="2.719673">
        <ele>27.009</ele>
        <time>2024-12-31T09:34:46Z</time>
      </trkpt>
      <trkpt lat="41.702414" lon="2.719700">
        <ele>26.838</ele>
        <time>2024-12-31T09:34:49Z</time>
      </trkpt>
      <trkpt lat="41.702410" lon="2.719764">
        <ele>27.096</ele>
        <time>2024-12-31T09:34:50Z</time>
      </trkpt>
      <trkpt lat="41.702409" lon="2.719804">
        <ele>27.035</ele>
        <time>2024-12-31T09:34:53Z</time>
      </trkpt>
      <trkpt lat="41.702409" lon="2.719873">
        <ele>27.017</ele>
        <time>2024-12-31T09:34:58Z</time>
      </trkpt>
      <trkpt lat="41.702416" lon="2.719933">
        <ele>26.944</ele>
        <time>2024-12-31T09:35:03Z</time>
      </trkpt>
      <trkpt lat="41.702410" lon="2.719973">
        <ele>27.091</ele>
        <time>2024-12-31T09:35:05Z</time>
      </trkpt>
      <trkpt lat="41.702414" lon="2.720035">
        <ele>26.962</ele>
        <time>2024-12-31T09:35:12Z</time>
      </trkpt>
      <trkpt lat="41.702414" lon="2.720088">
        <ele>26.919</ele>
        <time>2024-12-31T09:35:15Z</time>
      </trkpt>
      <trkpt lat="41.702414" lon="2.720161">
        <ele>26.942</ele>
        <time>2024-12-31T09:35:20Z</time>
      </trkpt>
      <trkpt lat="41.702414" lon="2.720226">
        <ele>26.975</ele>
        <time>2024-12-31T09:35:23Z</time>
      </trkpt>
      <trkpt lat="41.702414" lon="2.720278">
        <ele>26.928</ele>
        <time>2024-12-31T09:35:25Z</time>
      </trkpt>
      <trkpt lat="41.702411" lon="2.720330">
        <ele>26.920</ele>
        <time>2024-12-31T09:35:29Z</time>
      </trkpt>
      <trkpt lat="41.702411" lon="2.720387">
        <ele>26.809</ele>
        <time>2024-12-31T09:35:34Z</time>
      </trkpt>
      <trkpt lat="41.702411" lon="2.720449">
        <ele>26.778</ele>
        <time>2024-12-31T09:35:36Z</time>
      </trkpt>
      <trkpt lat="41.702409" lon="2.720497">
        <ele>26.766</ele>
        <time>2024-12-31T09:35:39Z</time>
      </trkpt>
      <trkpt lat="41.702405" lon="2.720554">
        <ele>26.785</ele>
        <time>2024-12-31T09:35:42Z</time>
      </trkpt>
      <trkpt lat="41.702409" lon="2.720603">
        <ele>26.617</ele>
        <time>2024-12-31T09:35:44Z</time>
      </trkpt>
      <trkpt lat="41.702402" lon="2.720660">
        <ele>26.864</ele>
        <time>2024-12-31T09:35:47Z</time>
      </trkpt>
      <trkpt lat="41.702406" lon="2.720730">
        <ele>26.731</ele>
        <time>2024-12-31T09:35:50Z</time>
      </trkpt>
      <trkpt lat="41.702406" lon="2.720773">
        <ele>26.792</ele>
        <time>2024-12-31T09:35:53Z</time>
      </trkpt>
      <trkpt lat="41.702410" lon="2.720814">
        <ele>26.619</ele>
        <time>2024-12-31T09:35:56Z</time>
      </trkpt>
      <trkpt lat="41.702412" lon="2.720854">
        <ele>26.692</ele>
        <time>2024-12-31T09:35:59Z</time>
      </trkpt>
      <trkpt lat="41.702415" lon="2.720964">
        <ele>26.934</ele>
        <time>2024-12-31T09:36:06Z</time>
      </trkpt>
      <trkpt lat="41.702413" lon="2.721008">
        <ele>27.055</ele>
        <time>2024-12-31T09:36:10Z</time>
      </trkpt>
      <trkpt lat="41.702416" lon="2.721045">
        <ele>27.010</ele>
        <time>2024-12-31T09:36:13Z</time>
      </trkpt>
      <trkpt lat="41.702413" lon="2.721092">
        <ele>27.209</ele>
        <time>2024-12-31T09:36:16Z</time>
      </trkpt>
      <trkpt lat="41.702409" lon="2.721131">
        <ele>27.344</ele>
        <time>2024-12-31T09:36:19Z</time>
      </trkpt>
      <trkpt lat="41.702412" lon="2.721227">
        <ele>27.382</ele>
        <time>2024-12-31T09:36:26Z</time>
      </trkpt>
      <trkpt lat="41.702414" lon="2.721273">
        <ele>27.211</ele>
        <time>2024-12-31T09:36:29Z</time>
      </trkpt>
      <trkpt lat="41.702414" lon="2.721334">
        <ele>27.263</ele>
        <time>2024-12-31T09:36:33Z</time>
      </trkpt>
      <trkpt lat="41.702414" lon="2.721371">
        <ele>27.210</ele>
        <time>2024-12-31T09:36:36Z</time>
      </trkpt>
      <trkpt lat="41.702412" lon="2.721410">
        <ele>27.137</ele>
        <time>2024-12-31T09:36:39Z</time>
      </trkpt>
      <trkpt lat="41.702411" lon="2.721447">
        <ele>26.838</ele>
        <time>2024-12-31T09:36:41Z</time>
      </trkpt>
      <trkpt lat="41.702411" lon="2.721490">
        <ele>26.455</ele>
        <time>2024-12-31T09:36:45Z</time>
      </trkpt>
      <trkpt lat="41.702408" lon="2.721534">
        <ele>26.138</ele>
        <time>2024-12-31T09:36:48Z</time>
      </trkpt>
      <trkpt lat="41.702407" lon="2.721609">
        <ele>25.515</ele>
        <time>2024-12-31T09:36:53Z</time>
      </trkpt>
      <trkpt lat="41.702408" lon="2.721648">
        <ele>25.265</ele>
        <time>2024-12-31T09:36:56Z</time>
      </trkpt>
      <trkpt lat="41.702410" lon="2.721690">
        <ele>24.911</ele>
        <time>2024-12-31T09:36:59Z</time>
      </trkpt>
      <trkpt lat="41.702411" lon="2.721731">
        <ele>24.809</ele>
        <time>2024-12-31T09:37:02Z</time>
      </trkpt>
      <trkpt lat="41.702411" lon="2.721769">
        <ele>24.732</ele>
        <time>2024-12-31T09:37:05Z</time>
      </trkpt>
      <trkpt lat="41.702412" lon="2.721807">
        <ele>24.620</ele>
        <time>2024-12-31T09:37:07Z</time>
      </trkpt>
      <trkpt lat="41.702412" lon="2.721848">
        <ele>24.589</ele>
        <time>2024-12-31T09:37:10Z</time>
      </trkpt>
      <trkpt lat="41.702410" lon="2.721888">
        <ele>24.431</ele>
        <time>2024-12-31T09:37:13Z</time>
      </trkpt>
      <trkpt lat="41.702412" lon="2.721927">
        <ele>24.348</ele>
        <time>2024-12-31T09:37:16Z</time>
      </trkpt>
      <trkpt lat="41.702414" lon="2.721970">
        <ele>24.275</ele>
        <time>2024-12-31T09:37:19Z</time>
      </trkpt>
      <trkpt lat="41.702415" lon="2.722013">
        <ele>24.136</ele>
        <time>2024-12-31T09:37:22Z</time>
      </trkpt>
      <trkpt lat="41.702413" lon="2.722053">
        <ele>24.013</ele>
        <time>2024-12-31T09:37:25Z</time>
      </trkpt>
      <trkpt lat="41.702413" lon="2.722125">
        <ele>23.816</ele>
        <time>2024-12-31T09:37:30Z</time>
      </trkpt>
      <trkpt lat="41.702414" lon="2.722164">
        <ele>23.749</ele>
        <time>2024-12-31T09:37:33Z</time>
      </trkpt>
      <trkpt lat="41.702416" lon="2.722239">
        <ele>23.602</ele>
        <time>2024-12-31T09:37:38Z</time>
      </trkpt>
      <trkpt lat="41.702414" lon="2.722281">
        <ele>23.722</ele>
        <time>2024-12-31T09:37:41Z</time>
      </trkpt>
      <trkpt lat="41.702415" lon="2.722358">
        <ele>23.809</ele>
        <time>2024-12-31T09:37:46Z</time>
      </trkpt>
      <trkpt lat="41.702416" lon="2.722399">
        <ele>23.855</ele>
        <time>2024-12-31T09:37:49Z</time>
      </trkpt>
      <trkpt lat="41.702419" lon="2.722468">
        <ele>23.893</ele>
        <time>2024-12-31T09:37:54Z</time>
      </trkpt>
      <trkpt lat="41.702416" lon="2.722507">
        <ele>23.962</ele>
        <time>2024-12-31T09:37:57Z</time>
      </trkpt>
      <trkpt lat="41.702409" lon="2.722545">
        <ele>23.854</ele>
        <time>2024-12-31T09:38:00Z</time>
      </trkpt>
      <trkpt lat="41.702390" lon="2.722591">
        <ele>23.981</ele>
        <time>2024-12-31T09:38:03Z</time>
      </trkpt>
      <trkpt lat="41.702371" lon="2.722654">
        <ele>23.828</ele>
        <time>2024-12-31T09:38:08Z</time>
      </trkpt>
      <trkpt lat="41.702371" lon="2.722696">
        <ele>23.799</ele>
        <time>2024-12-31T09:38:11Z</time>
      </trkpt>
      <trkpt lat="41.702362" lon="2.722767">
        <ele>23.526</ele>
        <time>2024-12-31T09:38:17Z</time>
      </trkpt>
      <trkpt lat="41.702355" lon="2.722839">
        <ele>23.649</ele>
        <time>2024-12-31T09:38:23Z</time>
      </trkpt>
      <trkpt lat="41.702359" lon="2.722882">
        <ele>23.577</ele>
        <time>2024-12-31T09:38:25Z</time>
      </trkpt>
      <trkpt lat="41.702357" lon="2.722934">
        <ele>23.561</ele>
        <time>2024-12-31T09:38:29Z</time>
      </trkpt>
      <trkpt lat="41.702355" lon="2.722973">
        <ele>23.627</ele>
        <time>2024-12-31T09:38:32Z</time>
      </trkpt>
      <trkpt lat="41.702353" lon="2.723012">
        <ele>23.609</ele>
        <time>2024-12-31T09:38:34Z</time>
      </trkpt>
      <trkpt lat="41.702354" lon="2.723085">
        <ele>23.518</ele>
        <time>2024-12-31T09:38:40Z</time>
      </trkpt>
      <trkpt lat="41.702354" lon="2.723155">
        <ele>23.276</ele>
        <time>2024-12-31T09:38:45Z</time>
      </trkpt>
      <trkpt lat="41.702356" lon="2.723196">
        <ele>23.195</ele>
        <time>2024-12-31T09:38:48Z</time>
      </trkpt>
      <trkpt lat="41.702354" lon="2.723236">
        <ele>22.927</ele>
        <time>2024-12-31T09:38:51Z</time>
      </trkpt>
      <trkpt lat="41.702352" lon="2.723273">
        <ele>22.814</ele>
        <time>2024-12-31T09:38:54Z</time>
      </trkpt>
      <trkpt lat="41.702348" lon="2.723310">
        <ele>22.721</ele>
        <time>2024-12-31T09:38:56Z</time>
      </trkpt>
      <trkpt lat="41.702346" lon="2.723352">
        <ele>22.682</ele>
        <time>2024-12-31T09:38:59Z</time>
      </trkpt>
      <trkpt lat="41.702340" lon="2.723406">
        <ele>22.659</ele>
        <time>2024-12-31T09:39:03Z</time>
      </trkpt>
      <trkpt lat="41.702329" lon="2.723459">
        <ele>22.692</ele>
        <time>2024-12-31T09:39:07Z</time>
      </trkpt>
      <trkpt lat="41.702323" lon="2.723496">
        <ele>22.517</ele>
        <time>2024-12-31T09:39:10Z</time>
      </trkpt>
      <trkpt lat="41.702316" lon="2.723534">
        <ele>22.587</ele>
        <time>2024-12-31T09:39:12Z</time>
      </trkpt>
      <trkpt lat="41.702310" lon="2.723573">
        <ele>22.515</ele>
        <time>2024-12-31T09:39:15Z</time>
      </trkpt>
      <trkpt lat="41.702307" lon="2.723610">
        <ele>22.409</ele>
        <time>2024-12-31T09:39:18Z</time>
      </trkpt>
      <trkpt lat="41.702298" lon="2.723649">
        <ele>22.642</ele>
        <time>2024-12-31T09:39:21Z</time>
      </trkpt>
      <trkpt lat="41.702289" lon="2.723689">
        <ele>22.820</ele>
        <time>2024-12-31T09:39:24Z</time>
      </trkpt>
      <trkpt lat="41.702284" lon="2.723731">
        <ele>23.099</ele>
        <time>2024-12-31T09:39:27Z</time>
      </trkpt>
      <trkpt lat="41.702271" lon="2.723803">
        <ele>23.321</ele>
        <time>2024-12-31T09:39:32Z</time>
      </trkpt>
      <trkpt lat="41.702262" lon="2.723838">
        <ele>23.598</ele>
        <time>2024-12-31T09:39:35Z</time>
      </trkpt>
      <trkpt lat="41.702252" lon="2.723876">
        <ele>23.765</ele>
        <time>2024-12-31T09:39:38Z</time>
      </trkpt>
      <trkpt lat="41.702242" lon="2.723911">
        <ele>23.976</ele>
        <time>2024-12-31T09:39:40Z</time>
      </trkpt>
      <trkpt lat="41.702226" lon="2.723981">
        <ele>24.043</ele>
        <time>2024-12-31T09:39:46Z</time>
      </trkpt>
      <trkpt lat="41.702219" lon="2.724018">
        <ele>24.016</ele>
        <time>2024-12-31T09:39:48Z</time>
      </trkpt>
      <trkpt lat="41.702210" lon="2.724073">
        <ele>24.016</ele>
        <time>2024-12-31T09:39:52Z</time>
      </trkpt>
      <trkpt lat="41.702203" lon="2.724114">
        <ele>24.176</ele>
        <time>2024-12-31T09:39:55Z</time>
      </trkpt>
      <trkpt lat="41.702195" lon="2.724154">
        <ele>24.113</ele>
        <time>2024-12-31T09:39:58Z</time>
      </trkpt>
      <trkpt lat="41.702178" lon="2.724246">
        <ele>24.209</ele>
        <time>2024-12-31T09:40:05Z</time>
      </trkpt>
      <trkpt lat="41.702166" lon="2.724301">
        <ele>24.342</ele>
        <time>2024-12-31T09:40:09Z</time>
      </trkpt>
      <trkpt lat="41.702157" lon="2.724335">
        <ele>24.450</ele>
        <time>2024-12-31T09:40:12Z</time>
      </trkpt>
      <trkpt lat="41.702147" lon="2.724373">
        <ele>24.579</ele>
        <time>2024-12-31T09:40:14Z</time>
      </trkpt>
      <trkpt lat="41.702138" lon="2.724412">
        <ele>24.691</ele>
        <time>2024-12-31T09:40:17Z</time>
      </trkpt>
      <trkpt lat="41.702129" lon="2.724450">
        <ele>24.768</ele>
        <time>2024-12-31T09:40:20Z</time>
      </trkpt>
      <trkpt lat="41.702121" lon="2.724489">
        <ele>24.635</ele>
        <time>2024-12-31T09:40:23Z</time>
      </trkpt>
      <trkpt lat="41.702113" lon="2.724526">
        <ele>24.626</ele>
        <time>2024-12-31T09:40:26Z</time>
      </trkpt>
      <trkpt lat="41.702104" lon="2.724567">
        <ele>24.613</ele>
        <time>2024-12-31T09:40:29Z</time>
      </trkpt>
      <trkpt lat="41.702091" lon="2.724606">
        <ele>24.686</ele>
        <time>2024-12-31T09:40:32Z</time>
      </trkpt>
      <trkpt lat="41.702081" lon="2.724643">
        <ele>24.788</ele>
        <time>2024-12-31T09:40:35Z</time>
      </trkpt>
      <trkpt lat="41.702067" lon="2.724680">
        <ele>24.724</ele>
        <time>2024-12-31T09:40:38Z</time>
      </trkpt>
      <trkpt lat="41.702048" lon="2.724748">
        <ele>24.826</ele>
        <time>2024-12-31T09:40:43Z</time>
      </trkpt>
      <trkpt lat="41.702039" lon="2.724785">
        <ele>24.809</ele>
        <time>2024-12-31T09:40:46Z</time>
      </trkpt>
      <trkpt lat="41.702026" lon="2.724854">
        <ele>24.869</ele>
        <time>2024-12-31T09:40:51Z</time>
      </trkpt>
      <trkpt lat="41.702022" lon="2.724891">
        <ele>24.727</ele>
        <time>2024-12-31T09:40:53Z</time>
      </trkpt>
      <trkpt lat="41.702013" lon="2.724930">
        <ele>24.786</ele>
        <time>2024-12-31T09:40:56Z</time>
      </trkpt>
      <trkpt lat="41.702004" lon="2.724968">
        <ele>24.738</ele>
        <time>2024-12-31T09:40:59Z</time>
      </trkpt>
      <trkpt lat="41.701993" lon="2.725005">
        <ele>24.795</ele>
        <time>2024-12-31T09:41:02Z</time>
      </trkpt>
      <trkpt lat="41.701979" lon="2.725057">
        <ele>24.942</ele>
        <time>2024-12-31T09:41:06Z</time>
      </trkpt>
      <trkpt lat="41.701966" lon="2.725091">
        <ele>25.123</ele>
        <time>2024-12-31T09:41:08Z</time>
      </trkpt>
      <trkpt lat="41.701952" lon="2.725126">
        <ele>25.450</ele>
        <time>2024-12-31T09:41:11Z</time>
      </trkpt>
      <trkpt lat="41.701939" lon="2.725163">
        <ele>25.653</ele>
        <time>2024-12-31T09:41:14Z</time>
      </trkpt>
      <trkpt lat="41.701924" lon="2.725201">
        <ele>25.732</ele>
        <time>2024-12-31T09:41:17Z</time>
      </trkpt>
      <trkpt lat="41.701910" lon="2.725234">
        <ele>25.792</ele>
        <time>2024-12-31T09:41:20Z</time>
      </trkpt>
      <trkpt lat="41.701896" lon="2.725265">
        <ele>25.811</ele>
        <time>2024-12-31T09:41:22Z</time>
      </trkpt>
      <trkpt lat="41.701865" lon="2.725327">
        <ele>25.609</ele>
        <time>2024-12-31T09:41:28Z</time>
      </trkpt>
      <trkpt lat="41.701848" lon="2.725357">
        <ele>25.684</ele>
        <time>2024-12-31T09:41:30Z</time>
      </trkpt>
      <trkpt lat="41.701832" lon="2.725390">
        <ele>25.572</ele>
        <time>2024-12-31T09:41:33Z</time>
      </trkpt>
      <trkpt lat="41.701815" lon="2.725423">
        <ele>25.551</ele>
        <time>2024-12-31T09:41:36Z</time>
      </trkpt>
      <trkpt lat="41.701788" lon="2.725468">
        <ele>25.513</ele>
        <time>2024-12-31T09:41:40Z</time>
      </trkpt>
      <trkpt lat="41.701764" lon="2.725515">
        <ele>25.690</ele>
        <time>2024-12-31T09:41:44Z</time>
      </trkpt>
      <trkpt lat="41.701746" lon="2.725546">
        <ele>25.757</ele>
        <time>2024-12-31T09:41:47Z</time>
      </trkpt>
      <trkpt lat="41.701729" lon="2.725578">
        <ele>25.748</ele>
        <time>2024-12-31T09:41:50Z</time>
      </trkpt>
      <trkpt lat="41.701713" lon="2.725611">
        <ele>25.755</ele>
        <time>2024-12-31T09:41:52Z</time>
      </trkpt>
      <trkpt lat="41.701696" lon="2.725642">
        <ele>25.628</ele>
        <time>2024-12-31T09:41:55Z</time>
      </trkpt>
      <trkpt lat="41.701672" lon="2.725662">
        <ele>25.621</ele>
        <time>2024-12-31T09:41:58Z</time>
      </trkpt>
      <trkpt lat="41.701650" lon="2.725706">
        <ele>25.441</ele>
        <time>2024-12-31T09:42:02Z</time>
      </trkpt>
      <trkpt lat="41.701612" lon="2.725764">
        <ele>25.005</ele>
        <time>2024-12-31T09:42:08Z</time>
      </trkpt>
      <trkpt lat="41.701579" lon="2.725822">
        <ele>24.709</ele>
        <time>2024-12-31T09:42:13Z</time>
      </trkpt>
      <trkpt lat="41.701564" lon="2.725854">
        <ele>24.673</ele>
        <time>2024-12-31T09:42:16Z</time>
      </trkpt>
      <trkpt lat="41.701548" lon="2.725888">
        <ele>24.571</ele>
        <time>2024-12-31T09:42:18Z</time>
      </trkpt>
      <trkpt lat="41.701516" lon="2.725950">
        <ele>24.320</ele>
        <time>2024-12-31T09:42:24Z</time>
      </trkpt>
      <trkpt lat="41.701504" lon="2.725986">
        <ele>24.212</ele>
        <time>2024-12-31T09:42:27Z</time>
      </trkpt>
      <trkpt lat="41.701479" lon="2.726065">
        <ele>24.189</ele>
        <time>2024-12-31T09:42:32Z</time>
      </trkpt>
      <trkpt lat="41.701460" lon="2.726127">
        <ele>23.946</ele>
        <time>2024-12-31T09:42:37Z</time>
      </trkpt>
      <trkpt lat="41.701448" lon="2.726161">
        <ele>23.817</ele>
        <time>2024-12-31T09:42:40Z</time>
      </trkpt>
      <trkpt lat="41.701438" lon="2.726196">
        <ele>23.714</ele>
        <time>2024-12-31T09:42:42Z</time>
      </trkpt>
      <trkpt lat="41.701428" lon="2.726234">
        <ele>23.687</ele>
        <time>2024-12-31T09:42:45Z</time>
      </trkpt>
      <trkpt lat="41.701420" lon="2.726269">
        <ele>23.491</ele>
        <time>2024-12-31T09:42:48Z</time>
      </trkpt>
      <trkpt lat="41.701411" lon="2.726305">
        <ele>23.381</ele>
        <time>2024-12-31T09:42:50Z</time>
      </trkpt>
      <trkpt lat="41.701400" lon="2.726340">
        <ele>23.219</ele>
        <time>2024-12-31T09:42:53Z</time>
      </trkpt>
      <trkpt lat="41.701390" lon="2.726375">
        <ele>23.109</ele>
        <time>2024-12-31T09:42:56Z</time>
      </trkpt>
      <trkpt lat="41.701382" lon="2.726411">
        <ele>23.080</ele>
        <time>2024-12-31T09:42:59Z</time>
      </trkpt>
      <trkpt lat="41.701356" lon="2.726475">
        <ele>22.938</ele>
        <time>2024-12-31T09:43:04Z</time>
      </trkpt>
      <trkpt lat="41.701343" lon="2.726514">
        <ele>22.877</ele>
        <time>2024-12-31T09:43:07Z</time>
      </trkpt>
      <trkpt lat="41.701328" lon="2.726548">
        <ele>22.889</ele>
        <time>2024-12-31T09:43:09Z</time>
      </trkpt>
      <trkpt lat="41.701307" lon="2.726618">
        <ele>22.796</ele>
        <time>2024-12-31T09:43:15Z</time>
      </trkpt>
      <trkpt lat="41.701288" lon="2.726651">
        <ele>22.693</ele>
        <time>2024-12-31T09:43:18Z</time>
      </trkpt>
      <trkpt lat="41.701273" lon="2.726683">
        <ele>22.634</ele>
        <time>2024-12-31T09:43:20Z</time>
      </trkpt>
      <trkpt lat="41.701261" lon="2.726718">
        <ele>22.551</ele>
        <time>2024-12-31T09:43:23Z</time>
      </trkpt>
      <trkpt lat="41.701248" lon="2.726751">
        <ele>22.594</ele>
        <time>2024-12-31T09:43:26Z</time>
      </trkpt>
      <trkpt lat="41.701236" lon="2.726784">
        <ele>22.586</ele>
        <time>2024-12-31T09:43:28Z</time>
      </trkpt>
      <trkpt lat="41.701223" lon="2.726820">
        <ele>22.460</ele>
        <time>2024-12-31T09:43:31Z</time>
      </trkpt>
      <trkpt lat="41.701211" lon="2.726858">
        <ele>22.426</ele>
        <time>2024-12-31T09:43:34Z</time>
      </trkpt>
      <trkpt lat="41.701199" lon="2.726897">
        <ele>22.309</ele>
        <time>2024-12-31T09:43:37Z</time>
      </trkpt>
      <trkpt lat="41.701180" lon="2.726947">
        <ele>22.369</ele>
        <time>2024-12-31T09:43:41Z</time>
      </trkpt>
      <trkpt lat="41.701156" lon="2.727011">
        <ele>22.477</ele>
        <time>2024-12-31T09:43:46Z</time>
      </trkpt>
      <trkpt lat="41.701144" lon="2.727050">
        <ele>22.596</ele>
        <time>2024-12-31T09:43:49Z</time>
      </trkpt>
      <trkpt lat="41.701133" lon="2.727085">
        <ele>22.528</ele>
        <time>2024-12-31T09:43:52Z</time>
      </trkpt>
      <trkpt lat="41.701113" lon="2.727142">
        <ele>22.775</ele>
        <time>2024-12-31T09:43:57Z</time>
      </trkpt>
      <trkpt lat="41.701105" lon="2.727177">
        <ele>22.832</ele>
        <time>2024-12-31T09:43:59Z</time>
      </trkpt>
      <trkpt lat="41.701087" lon="2.727205">
        <ele>22.913</ele>
        <time>2024-12-31T09:44:02Z</time>
      </trkpt>
      <trkpt lat="41.701074" lon="2.727274">
        <ele>23.040</ele>
        <time>2024-12-31T09:44:07Z</time>
      </trkpt>
      <trkpt lat="41.701059" lon="2.727305">
        <ele>23.023</ele>
        <time>2024-12-31T09:44:09Z</time>
      </trkpt>
      <trkpt lat="41.701036" lon="2.727338">
        <ele>23.099</ele>
        <time>2024-12-31T09:44:12Z</time>
      </trkpt>
      <trkpt lat="41.701021" lon="2.727370">
        <ele>23.007</ele>
        <time>2024-12-31T09:44:15Z</time>
      </trkpt>
      <trkpt lat="41.701005" lon="2.727408">
        <ele>23.027</ele>
        <time>2024-12-31T09:44:18Z</time>
      </trkpt>
      <trkpt lat="41.700992" lon="2.727444">
        <ele>23.009</ele>
        <time>2024-12-31T09:44:21Z</time>
      </trkpt>
      <trkpt lat="41.700980" lon="2.727477">
        <ele>23.070</ele>
        <time>2024-12-31T09:44:24Z</time>
      </trkpt>
      <trkpt lat="41.700967" lon="2.727515">
        <ele>22.988</ele>
        <time>2024-12-31T09:44:27Z</time>
      </trkpt>
      <trkpt lat="41.700957" lon="2.727552">
        <ele>22.837</ele>
        <time>2024-12-31T09:44:29Z</time>
      </trkpt>
      <trkpt lat="41.700946" lon="2.727589">
        <ele>22.799</ele>
        <time>2024-12-31T09:44:32Z</time>
      </trkpt>
      <trkpt lat="41.700930" lon="2.727627">
        <ele>22.536</ele>
        <time>2024-12-31T09:44:35Z</time>
      </trkpt>
      <trkpt lat="41.700903" lon="2.727688">
        <ele>22.373</ele>
        <time>2024-12-31T09:44:41Z</time>
      </trkpt>
      <trkpt lat="41.700884" lon="2.727738">
        <ele>22.184</ele>
        <time>2024-12-31T09:44:44Z</time>
      </trkpt>
      <trkpt lat="41.700857" lon="2.727802">
        <ele>21.861</ele>
        <time>2024-12-31T09:44:50Z</time>
      </trkpt>
      <trkpt lat="41.700843" lon="2.727842">
        <ele>21.564</ele>
        <time>2024-12-31T09:44:53Z</time>
      </trkpt>
      <trkpt lat="41.700828" lon="2.727880">
        <ele>21.328</ele>
        <time>2024-12-31T09:44:56Z</time>
      </trkpt>
      <trkpt lat="41.700811" lon="2.727909">
        <ele>21.089</ele>
        <time>2024-12-31T09:44:58Z</time>
      </trkpt>
      <trkpt lat="41.700780" lon="2.727973">
        <ele>20.517</ele>
        <time>2024-12-31T09:45:04Z</time>
      </trkpt>
      <trkpt lat="41.700762" lon="2.728009">
        <ele>20.309</ele>
        <time>2024-12-31T09:45:07Z</time>
      </trkpt>
      <trkpt lat="41.700730" lon="2.728062">
        <ele>20.053</ele>
        <time>2024-12-31T09:45:12Z</time>
      </trkpt>
      <trkpt lat="41.700713" lon="2.728094">
        <ele>19.961</ele>
        <time>2024-12-31T09:45:14Z</time>
      </trkpt>
      <trkpt lat="41.700694" lon="2.728128">
        <ele>19.950</ele>
        <time>2024-12-31T09:45:17Z</time>
      </trkpt>
      <trkpt lat="41.700670" lon="2.728181">
        <ele>19.812</ele>
        <time>2024-12-31T09:45:22Z</time>
      </trkpt>
      <trkpt lat="41.700650" lon="2.728213">
        <ele>19.869</ele>
        <time>2024-12-31T09:45:25Z</time>
      </trkpt>
      <trkpt lat="41.700624" lon="2.728253">
        <ele>19.816</ele>
        <time>2024-12-31T09:45:29Z</time>
      </trkpt>
      <trkpt lat="41.700607" lon="2.728283">
        <ele>19.847</ele>
        <time>2024-12-31T09:45:31Z</time>
      </trkpt>
      <trkpt lat="41.700590" lon="2.728314">
        <ele>19.954</ele>
        <time>2024-12-31T09:45:34Z</time>
      </trkpt>
      <trkpt lat="41.700572" lon="2.728348">
        <ele>19.947</ele>
        <time>2024-12-31T09:45:37Z</time>
      </trkpt>
      <trkpt lat="41.700554" lon="2.728376">
        <ele>20.098</ele>
        <time>2024-12-31T09:45:40Z</time>
      </trkpt>
      <trkpt lat="41.700528" lon="2.728422">
        <ele>20.115</ele>
        <time>2024-12-31T09:45:44Z</time>
      </trkpt>
      <trkpt lat="41.700508" lon="2.728452">
        <ele>20.226</ele>
        <time>2024-12-31T09:45:46Z</time>
      </trkpt>
      <trkpt lat="41.700490" lon="2.728485">
        <ele>20.409</ele>
        <time>2024-12-31T09:45:49Z</time>
      </trkpt>
      <trkpt lat="41.700471" lon="2.728520">
        <ele>20.530</ele>
        <time>2024-12-31T09:45:52Z</time>
      </trkpt>
      <trkpt lat="41.700453" lon="2.728551">
        <ele>20.718</ele>
        <time>2024-12-31T09:45:55Z</time>
      </trkpt>
      <trkpt lat="41.700435" lon="2.728580">
        <ele>20.827</ele>
        <time>2024-12-31T09:45:58Z</time>
      </trkpt>
      <trkpt lat="41.700416" lon="2.728608">
        <ele>21.069</ele>
        <time>2024-12-31T09:46:01Z</time>
      </trkpt>
      <trkpt lat="41.700398" lon="2.728635">
        <ele>21.216</ele>
        <time>2024-12-31T09:46:03Z</time>
      </trkpt>
      <trkpt lat="41.700379" lon="2.728666">
        <ele>21.323</ele>
        <time>2024-12-31T09:46:06Z</time>
      </trkpt>
      <trkpt lat="41.700359" lon="2.728695">
        <ele>21.534</ele>
        <time>2024-12-31T09:46:09Z</time>
      </trkpt>
      <trkpt lat="41.700339" lon="2.728723">
        <ele>21.631</ele>
        <time>2024-12-31T09:46:12Z</time>
      </trkpt>
      <trkpt lat="41.700304" lon="2.728768">
        <ele>21.984</ele>
        <time>2024-12-31T09:46:17Z</time>
      </trkpt>
      <trkpt lat="41.700279" lon="2.728787">
        <ele>22.069</ele>
        <time>2024-12-31T09:46:19Z</time>
      </trkpt>
      <trkpt lat="41.700249" lon="2.728804">
        <ele>22.104</ele>
        <time>2024-12-31T09:46:23Z</time>
      </trkpt>
      <trkpt lat="41.700234" lon="2.728860">
        <ele>22.124</ele>
        <time>2024-12-31T09:46:29Z</time>
      </trkpt>
      <trkpt lat="41.700222" lon="2.728905">
        <ele>22.309</ele>
        <time>2024-12-31T09:46:32Z</time>
      </trkpt>
      <trkpt lat="41.700199" lon="2.728974">
        <ele>22.687</ele>
        <time>2024-12-31T09:46:38Z</time>
      </trkpt>
      <trkpt lat="41.700174" lon="2.729012">
        <ele>22.885</ele>
        <time>2024-12-31T09:46:42Z</time>
      </trkpt>
      <trkpt lat="41.700156" lon="2.729071">
        <ele>23.154</ele>
        <time>2024-12-31T09:46:46Z</time>
      </trkpt>
      <trkpt lat="41.700126" lon="2.729120">
        <ele>23.486</ele>
        <time>2024-12-31T09:46:51Z</time>
      </trkpt>
      <trkpt lat="41.700091" lon="2.729158">
        <ele>23.673</ele>
        <time>2024-12-31T09:46:55Z</time>
      </trkpt>
      <trkpt lat="41.700053" lon="2.729199">
        <ele>23.750</ele>
        <time>2024-12-31T09:47:00Z</time>
      </trkpt>
      <trkpt lat="41.700021" lon="2.729242">
        <ele>23.711</ele>
        <time>2024-12-31T09:47:04Z</time>
      </trkpt>
      <trkpt lat="41.699991" lon="2.729290">
        <ele>23.538</ele>
        <time>2024-12-31T09:47:08Z</time>
      </trkpt>
      <trkpt lat="41.699959" lon="2.729333">
        <ele>23.361</ele>
        <time>2024-12-31T09:47:13Z</time>
      </trkpt>
      <trkpt lat="41.699944" lon="2.729411">
        <ele>23.183</ele>
        <time>2024-12-31T09:47:18Z</time>
      </trkpt>
      <trkpt lat="41.699942" lon="2.729470">
        <ele>22.925</ele>
        <time>2024-12-31T09:47:22Z</time>
      </trkpt>
      <trkpt lat="41.699940" lon="2.729530">
        <ele>22.717</ele>
        <time>2024-12-31T09:47:27Z</time>
      </trkpt>
      <trkpt lat="41.699944" lon="2.729591">
        <ele>22.509</ele>
        <time>2024-12-31T09:47:31Z</time>
      </trkpt>
      <trkpt lat="41.699948" lon="2.729652">
        <ele>22.389</ele>
        <time>2024-12-31T09:47:35Z</time>
      </trkpt>
      <trkpt lat="41.699913" lon="2.729690">
        <ele>22.147</ele>
        <time>2024-12-31T09:47:39Z</time>
      </trkpt>
      <trkpt lat="41.699872" lon="2.729726">
        <ele>22.096</ele>
        <time>2024-12-31T09:47:44Z</time>
      </trkpt>
      <trkpt lat="41.699835" lon="2.729760">
        <ele>21.888</ele>
        <time>2024-12-31T09:47:48Z</time>
      </trkpt>
      <trkpt lat="41.699803" lon="2.729803">
        <ele>21.695</ele>
        <time>2024-12-31T09:47:52Z</time>
      </trkpt>
      <trkpt lat="41.699768" lon="2.729841">
        <ele>21.522</ele>
        <time>2024-12-31T09:47:56Z</time>
      </trkpt>
      <trkpt lat="41.699727" lon="2.729877">
        <ele>21.443</ele>
        <time>2024-12-31T09:48:01Z</time>
      </trkpt>
      <trkpt lat="41.699692" lon="2.729916">
        <ele>21.590</ele>
        <time>2024-12-31T09:48:05Z</time>
      </trkpt>
      <trkpt lat="41.699658" lon="2.729954">
        <ele>21.663</ele>
        <time>2024-12-31T09:48:09Z</time>
      </trkpt>
      <trkpt lat="41.699623" lon="2.729992">
        <ele>21.756</ele>
        <time>2024-12-31T09:48:13Z</time>
      </trkpt>
      <trkpt lat="41.699582" lon="2.730028">
        <ele>22.059</ele>
        <time>2024-12-31T09:48:18Z</time>
      </trkpt>
      <trkpt lat="41.699543" lon="2.730070">
        <ele>22.114</ele>
        <time>2024-12-31T09:48:23Z</time>
      </trkpt>
      <trkpt lat="41.699509" lon="2.730108">
        <ele>22.209</ele>
        <time>2024-12-31T09:48:27Z</time>
      </trkpt>
      <trkpt lat="41.699474" lon="2.730146">
        <ele>22.316</ele>
        <time>2024-12-31T09:48:32Z</time>
      </trkpt>
      <trkpt lat="41.699437" lon="2.730180">
        <ele>22.364</ele>
        <time>2024-12-31T09:48:36Z</time>
      </trkpt>
      <trkpt lat="41.699400" lon="2.730213">
        <ele>22.143</ele>
        <time>2024-12-31T09:48:40Z</time>
      </trkpt>
      <trkpt lat="41.699359" lon="2.730249">
        <ele>21.855</ele>
        <time>2024-12-31T09:48:45Z</time>
      </trkpt>
      <trkpt lat="41.699318" lon="2.730286">
        <ele>21.562</ele>
        <time>2024-12-31T09:48:50Z</time>
      </trkpt>
      <trkpt lat="41.699280" lon="2.730319">
        <ele>21.169</ele>
        <time>2024-12-31T09:48:54Z</time>
      </trkpt>
      <trkpt lat="41.699239" lon="2.730360">
        <ele>20.720</ele>
        <time>2024-12-31T09:48:59Z</time>
      </trkpt>
      <trkpt lat="41.699215" lon="2.730382">
        <ele>20.457</ele>
        <time>2024-12-31T09:49:02Z</time>
      </trkpt>
      <trkpt lat="41.699194" lon="2.730405">
        <ele>20.240</ele>
        <time>2024-12-31T09:49:05Z</time>
      </trkpt>
      <trkpt lat="41.699147" lon="2.730447">
        <ele>19.988</ele>
        <time>2024-12-31T09:49:10Z</time>
      </trkpt>
      <trkpt lat="41.699103" lon="2.730487">
        <ele>19.824</ele>
        <time>2024-12-31T09:49:15Z</time>
      </trkpt>
      <trkpt lat="41.699082" lon="2.730510">
        <ele>19.826</ele>
        <time>2024-12-31T09:49:18Z</time>
      </trkpt>
      <trkpt lat="41.699062" lon="2.730535">
        <ele>19.809</ele>
        <time>2024-12-31T09:49:21Z</time>
      </trkpt>
      <trkpt lat="41.699038" lon="2.730557">
        <ele>19.949</ele>
        <time>2024-12-31T09:49:23Z</time>
      </trkpt>
      <trkpt lat="41.699013" lon="2.730579">
        <ele>20.197</ele>
        <time>2024-12-31T09:49:26Z</time>
      </trkpt>
      <trkpt lat="41.698989" lon="2.730601">
        <ele>20.216</ele>
        <time>2024-12-31T09:49:29Z</time>
      </trkpt>
      <trkpt lat="41.698968" lon="2.730624">
        <ele>20.478</ele>
        <time>2024-12-31T09:49:32Z</time>
      </trkpt>
      <trkpt lat="41.698943" lon="2.730646">
        <ele>20.525</ele>
        <time>2024-12-31T09:49:35Z</time>
      </trkpt>
      <trkpt lat="41.698919" lon="2.730668">
        <ele>20.742</ele>
        <time>2024-12-31T09:49:38Z</time>
      </trkpt>
      <trkpt lat="41.698892" lon="2.730679">
        <ele>21.063</ele>
        <time>2024-12-31T09:49:40Z</time>
      </trkpt>
      <trkpt lat="41.698866" lon="2.730693">
        <ele>21.260</ele>
        <time>2024-12-31T09:49:43Z</time>
      </trkpt>
      <trkpt lat="41.698842" lon="2.730715">
        <ele>21.463</ele>
        <time>2024-12-31T09:49:46Z</time>
      </trkpt>
      <trkpt lat="41.698821" lon="2.730738">
        <ele>21.664</ele>
        <time>2024-12-31T09:49:49Z</time>
      </trkpt>
      <trkpt lat="41.698803" lon="2.730767">
        <ele>21.906</ele>
        <time>2024-12-31T09:49:51Z</time>
      </trkpt>
      <trkpt lat="41.698782" lon="2.730790">
        <ele>22.116</ele>
        <time>2024-12-31T09:49:54Z</time>
      </trkpt>
      <trkpt lat="41.698736" lon="2.730832">
        <ele>22.609</ele>
        <time>2024-12-31T09:50:00Z</time>
      </trkpt>
      <trkpt lat="41.698745" lon="2.730870">
        <ele>22.637</ele>
        <time>2024-12-31T09:50:02Z</time>
      </trkpt>
      <trkpt lat="41.698704" lon="2.730872">
        <ele>23.155</ele>
        <time>2024-12-31T09:50:08Z</time>
      </trkpt>
      <trkpt lat="41.698659" lon="2.730917">
        <ele>23.734</ele>
        <time>2024-12-31T09:50:14Z</time>
      </trkpt>
      <trkpt lat="41.698610" lon="2.730956">
        <ele>24.486</ele>
        <time>2024-12-31T09:50:20Z</time>
      </trkpt>
      <trkpt lat="41.698586" lon="2.730978">
        <ele>24.633</ele>
        <time>2024-12-31T09:50:23Z</time>
      </trkpt>
      <trkpt lat="41.698561" lon="2.731000">
        <ele>24.870</ele>
        <time>2024-12-31T09:50:26Z</time>
      </trkpt>
      <trkpt lat="41.698537" lon="2.731022">
        <ele>24.951</ele>
        <time>2024-12-31T09:50:29Z</time>
      </trkpt>
      <trkpt lat="41.698513" lon="2.731039">
        <ele>25.168</ele>
        <time>2024-12-31T09:50:31Z</time>
      </trkpt>
      <trkpt lat="41.698466" lon="2.731081">
        <ele>25.481</ele>
        <time>2024-12-31T09:50:37Z</time>
      </trkpt>
      <trkpt lat="41.698442" lon="2.731103">
        <ele>25.676</ele>
        <time>2024-12-31T09:50:40Z</time>
      </trkpt>
      <trkpt lat="41.698417" lon="2.731125">
        <ele>25.690</ele>
        <time>2024-12-31T09:50:43Z</time>
      </trkpt>
      <trkpt lat="41.698370" lon="2.731167">
        <ele>25.719</ele>
        <time>2024-12-31T09:50:49Z</time>
      </trkpt>
      <trkpt lat="41.698349" lon="2.731190">
        <ele>25.709</ele>
        <time>2024-12-31T09:50:51Z</time>
      </trkpt>
      <trkpt lat="41.698302" lon="2.731231">
        <ele>25.528</ele>
        <time>2024-12-31T09:50:57Z</time>
      </trkpt>
      <trkpt lat="41.698278" lon="2.731249">
        <ele>25.336</ele>
        <time>2024-12-31T09:51:00Z</time>
      </trkpt>
      <trkpt lat="41.698232" lon="2.731285">
        <ele>25.025</ele>
        <time>2024-12-31T09:51:05Z</time>
      </trkpt>
      <trkpt lat="41.698182" lon="2.731321">
        <ele>24.767</ele>
        <time>2024-12-31T09:51:11Z</time>
      </trkpt>
      <trkpt lat="41.698150" lon="2.731341">
        <ele>24.544</ele>
        <time>2024-12-31T09:51:14Z</time>
      </trkpt>
      <trkpt lat="41.698103" lon="2.731383">
        <ele>24.211</ele>
        <time>2024-12-31T09:51:20Z</time>
      </trkpt>
      <trkpt lat="41.698079" lon="2.731405">
        <ele>24.162</ele>
        <time>2024-12-31T09:51:23Z</time>
      </trkpt>
      <trkpt lat="41.698034" lon="2.731445">
        <ele>24.139</ele>
        <time>2024-12-31T09:51:28Z</time>
      </trkpt>
      <trkpt lat="41.697993" lon="2.731476">
        <ele>24.292</ele>
        <time>2024-12-31T09:51:33Z</time>
      </trkpt>
      <trkpt lat="41.697972" lon="2.731499">
        <ele>24.392</ele>
        <time>2024-12-31T09:51:36Z</time>
      </trkpt>
      <trkpt lat="41.697952" lon="2.731524">
        <ele>24.473</ele>
        <time>2024-12-31T09:51:38Z</time>
      </trkpt>
      <trkpt lat="41.697909" lon="2.731567">
        <ele>24.520</ele>
        <time>2024-12-31T09:51:43Z</time>
      </trkpt>
      <trkpt lat="41.697885" lon="2.731589">
        <ele>24.609</ele>
        <time>2024-12-31T09:51:46Z</time>
      </trkpt>
      <trkpt lat="41.697856" lon="2.731615">
        <ele>24.740</ele>
        <time>2024-12-31T09:51:49Z</time>
      </trkpt>
      <trkpt lat="41.697833" lon="2.731635">
        <ele>24.878</ele>
        <time>2024-12-31T09:51:52Z</time>
      </trkpt>
      <trkpt lat="41.697786" lon="2.731669">
        <ele>25.067</ele>
        <time>2024-12-31T09:51:56Z</time>
      </trkpt>
      <trkpt lat="41.697762" lon="2.731686">
        <ele>24.939</ele>
        <time>2024-12-31T09:51:59Z</time>
      </trkpt>
      <trkpt lat="41.697739" lon="2.731706">
        <ele>24.766</ele>
        <time>2024-12-31T09:52:01Z</time>
      </trkpt>
      <trkpt lat="41.697720" lon="2.731732">
        <ele>24.673</ele>
        <time>2024-12-31T09:52:04Z</time>
      </trkpt>
      <trkpt lat="41.697673" lon="2.731774">
        <ele>24.244</ele>
        <time>2024-12-31T09:52:09Z</time>
      </trkpt>
      <trkpt lat="41.697649" lon="2.731796">
        <ele>24.111</ele>
        <time>2024-12-31T09:52:11Z</time>
      </trkpt>
      <trkpt lat="41.697623" lon="2.731810">
        <ele>23.914</ele>
        <time>2024-12-31T09:52:14Z</time>
      </trkpt>
      <trkpt lat="41.697598" lon="2.731824">
        <ele>23.835</ele>
        <time>2024-12-31T09:52:16Z</time>
      </trkpt>
      <trkpt lat="41.697573" lon="2.731846">
        <ele>23.686</ele>
        <time>2024-12-31T09:52:19Z</time>
      </trkpt>
      <trkpt lat="41.697527" lon="2.731883">
        <ele>23.314</ele>
        <time>2024-12-31T09:52:24Z</time>
      </trkpt>
      <trkpt lat="41.697503" lon="2.731905">
        <ele>23.209</ele>
        <time>2024-12-31T09:52:26Z</time>
      </trkpt>
      <trkpt lat="41.697477" lon="2.731924">
        <ele>23.084</ele>
        <time>2024-12-31T09:52:29Z</time>
      </trkpt>
      <trkpt lat="41.697454" lon="2.731944">
        <ele>22.812</ele>
        <time>2024-12-31T09:52:31Z</time>
      </trkpt>
      <trkpt lat="41.697430" lon="2.731966">
        <ele>22.751</ele>
        <time>2024-12-31T09:52:34Z</time>
      </trkpt>
      <trkpt lat="41.697405" lon="2.731987">
        <ele>22.513</ele>
        <time>2024-12-31T09:52:37Z</time>
      </trkpt>
      <trkpt lat="41.697381" lon="2.732009">
        <ele>22.340</ele>
        <time>2024-12-31T09:52:39Z</time>
      </trkpt>
      <trkpt lat="41.697355" lon="2.732023">
        <ele>22.277</ele>
        <time>2024-12-31T09:52:42Z</time>
      </trkpt>
      <trkpt lat="41.697296" lon="2.732080">
        <ele>21.828</ele>
        <time>2024-12-31T09:52:48Z</time>
      </trkpt>
      <trkpt lat="41.697272" lon="2.732102">
        <ele>21.685</ele>
        <time>2024-12-31T09:52:51Z</time>
      </trkpt>
      <trkpt lat="41.697247" lon="2.732124">
        <ele>21.458</ele>
        <time>2024-12-31T09:52:54Z</time>
      </trkpt>
      <trkpt lat="41.697223" lon="2.732146">
        <ele>21.325</ele>
        <time>2024-12-31T09:52:56Z</time>
      </trkpt>
      <trkpt lat="41.697200" lon="2.732166">
        <ele>21.226</ele>
        <time>2024-12-31T09:52:59Z</time>
      </trkpt>
      <trkpt lat="41.697176" lon="2.732188">
        <ele>21.108</ele>
        <time>2024-12-31T09:53:02Z</time>
      </trkpt>
      <trkpt lat="41.697151" lon="2.732210">
        <ele>21.009</ele>
        <time>2024-12-31T09:53:04Z</time>
      </trkpt>
      <trkpt lat="41.697127" lon="2.732232">
        <ele>21.073</ele>
        <time>2024-12-31T09:53:07Z</time>
      </trkpt>
      <trkpt lat="41.697102" lon="2.732254">
        <ele>21.131</ele>
        <time>2024-12-31T09:53:10Z</time>
      </trkpt>
      <trkpt lat="41.697078" lon="2.732276">
        <ele>21.170</ele>
        <time>2024-12-31T09:53:13Z</time>
      </trkpt>
      <trkpt lat="41.697056" lon="2.732302">
        <ele>21.252</ele>
        <time>2024-12-31T09:53:15Z</time>
      </trkpt>
      <trkpt lat="41.697032" lon="2.732324">
        <ele>21.329</ele>
        <time>2024-12-31T09:53:18Z</time>
      </trkpt>
      <trkpt lat="41.697007" lon="2.732346">
        <ele>21.316</ele>
        <time>2024-12-31T09:53:21Z</time>
      </trkpt>
      <trkpt lat="41.696983" lon="2.732368">
        <ele>21.557</ele>
        <time>2024-12-31T09:53:23Z</time>
      </trkpt>
      <trkpt lat="41.696962" lon="2.732391">
        <ele>21.634</ele>
        <time>2024-12-31T09:53:26Z</time>
      </trkpt>
      <trkpt lat="41.696941" lon="2.732414">
        <ele>21.767</ele>
        <time>2024-12-31T09:53:28Z</time>
      </trkpt>
      <trkpt lat="41.696922" lon="2.732440">
        <ele>21.767</ele>
        <time>2024-12-31T09:53:31Z</time>
      </trkpt>
      <trkpt lat="41.696901" lon="2.732463">
        <ele>21.781</ele>
        <time>2024-12-31T09:53:33Z</time>
      </trkpt>
      <trkpt lat="41.696876" lon="2.732485">
        <ele>21.719</ele>
        <time>2024-12-31T09:53:36Z</time>
      </trkpt>
      <trkpt lat="41.696852" lon="2.732506">
        <ele>21.609</ele>
        <time>2024-12-31T09:53:39Z</time>
      </trkpt>
      <trkpt lat="41.696829" lon="2.732526">
        <ele>21.537</ele>
        <time>2024-12-31T09:53:41Z</time>
      </trkpt>
      <trkpt lat="41.696805" lon="2.732548">
        <ele>21.325</ele>
        <time>2024-12-31T09:53:44Z</time>
      </trkpt>
      <trkpt lat="41.696780" lon="2.732570">
        <ele>21.264</ele>
        <time>2024-12-31T09:53:47Z</time>
      </trkpt>
      <trkpt lat="41.696756" lon="2.732592">
        <ele>21.046</ele>
        <time>2024-12-31T09:53:49Z</time>
      </trkpt>
      <trkpt lat="41.696731" lon="2.732614">
        <ele>20.813</ele>
        <time>2024-12-31T09:53:52Z</time>
      </trkpt>
      <trkpt lat="41.696710" lon="2.732637">
        <ele>20.740</ele>
        <time>2024-12-31T09:53:54Z</time>
      </trkpt>
      <trkpt lat="41.696689" lon="2.732660">
        <ele>20.581</ele>
        <time>2024-12-31T09:53:57Z</time>
      </trkpt>
      <trkpt lat="41.696665" lon="2.732682">
        <ele>20.318</ele>
        <time>2024-12-31T09:54:00Z</time>
      </trkpt>
      <trkpt lat="41.696640" lon="2.732704">
        <ele>20.331</ele>
        <time>2024-12-31T09:54:02Z</time>
      </trkpt>
      <trkpt lat="41.696616" lon="2.732726">
        <ele>20.229</ele>
        <time>2024-12-31T09:54:05Z</time>
      </trkpt>
      <trkpt lat="41.696593" lon="2.732746">
        <ele>20.100</ele>
        <time>2024-12-31T09:54:07Z</time>
      </trkpt>
      <trkpt lat="41.696569" lon="2.732768">
        <ele>20.020</ele>
        <time>2024-12-31T09:54:10Z</time>
      </trkpt>
      <trkpt lat="41.696548" lon="2.732791">
        <ele>19.909</ele>
        <time>2024-12-31T09:54:13Z</time>
      </trkpt>
      <trkpt lat="41.696527" lon="2.732814">
        <ele>19.943</ele>
        <time>2024-12-31T09:54:15Z</time>
      </trkpt>
      <trkpt lat="41.696487" lon="2.732862">
        <ele>19.861</ele>
        <time>2024-12-31T09:54:20Z</time>
      </trkpt>
      <trkpt lat="41.696442" lon="2.732902">
        <ele>19.850</ele>
        <time>2024-12-31T09:54:25Z</time>
      </trkpt>
      <trkpt lat="41.696418" lon="2.732924">
        <ele>19.952</ele>
        <time>2024-12-31T09:54:28Z</time>
      </trkpt>
      <trkpt lat="41.696397" lon="2.732947">
        <ele>20.019</ele>
        <time>2024-12-31T09:54:30Z</time>
      </trkpt>
      <trkpt lat="41.696352" lon="2.732987">
        <ele>20.046</ele>
        <time>2024-12-31T09:54:35Z</time>
      </trkpt>
      <trkpt lat="41.696334" lon="2.733016">
        <ele>20.047</ele>
        <time>2024-12-31T09:54:38Z</time>
      </trkpt>
      <trkpt lat="41.696293" lon="2.733062">
        <ele>20.094</ele>
        <time>2024-12-31T09:54:43Z</time>
      </trkpt>
      <trkpt lat="41.696251" lon="2.733107">
        <ele>19.887</ele>
        <time>2024-12-31T09:54:48Z</time>
      </trkpt>
      <trkpt lat="41.696230" lon="2.733130">
        <ele>19.845</ele>
        <time>2024-12-31T09:54:50Z</time>
      </trkpt>
      <trkpt lat="41.696190" lon="2.733168">
        <ele>19.847</ele>
        <time>2024-12-31T09:54:55Z</time>
      </trkpt>
      <trkpt lat="41.696173" lon="2.733197">
        <ele>19.811</ele>
        <time>2024-12-31T09:54:57Z</time>
      </trkpt>
      <trkpt lat="41.696153" lon="2.733223">
        <ele>19.809</ele>
        <time>2024-12-31T09:55:00Z</time>
      </trkpt>
      <trkpt lat="41.696134" lon="2.733249">
        <ele>19.945</ele>
        <time>2024-12-31T09:55:02Z</time>
      </trkpt>
      <trkpt lat="41.696091" lon="2.733291">
        <ele>20.093</ele>
        <time>2024-12-31T09:55:07Z</time>
      </trkpt>
      <trkpt lat="41.696048" lon="2.733334">
        <ele>20.082</ele>
        <time>2024-12-31T09:55:12Z</time>
      </trkpt>
      <trkpt lat="41.696021" lon="2.733358">
        <ele>19.984</ele>
        <time>2024-12-31T09:55:16Z</time>
      </trkpt>
      <trkpt lat="41.695996" lon="2.733380">
        <ele>19.881</ele>
        <time>2024-12-31T09:55:18Z</time>
      </trkpt>
      <trkpt lat="41.695975" lon="2.733403">
        <ele>19.768</ele>
        <time>2024-12-31T09:55:21Z</time>
      </trkpt>
      <trkpt lat="41.695932" lon="2.733451">
        <ele>19.659</ele>
        <time>2024-12-31T09:55:26Z</time>
      </trkpt>
      <trkpt lat="41.695907" lon="2.733473">
        <ele>19.526</ele>
        <time>2024-12-31T09:55:29Z</time>
      </trkpt>
      <trkpt lat="41.695864" lon="2.733516">
        <ele>19.339</ele>
        <time>2024-12-31T09:55:34Z</time>
      </trkpt>
      <trkpt lat="41.695839" lon="2.733538">
        <ele>19.338</ele>
        <time>2024-12-31T09:55:37Z</time>
      </trkpt>
      <trkpt lat="41.695795" lon="2.733577">
        <ele>19.270</ele>
        <time>2024-12-31T09:55:42Z</time>
      </trkpt>
      <trkpt lat="41.695774" lon="2.733600">
        <ele>19.217</ele>
        <time>2024-12-31T09:55:45Z</time>
      </trkpt>
      <trkpt lat="41.695751" lon="2.733620">
        <ele>19.309</ele>
        <time>2024-12-31T09:55:48Z</time>
      </trkpt>
      <trkpt lat="41.695727" lon="2.733642">
        <ele>19.424</ele>
        <time>2024-12-31T09:55:50Z</time>
      </trkpt>
      <trkpt lat="41.695682" lon="2.733682">
        <ele>19.552</ele>
        <time>2024-12-31T09:55:56Z</time>
      </trkpt>
      <trkpt lat="41.695658" lon="2.733699">
        <ele>19.661</ele>
        <time>2024-12-31T09:55:58Z</time>
      </trkpt>
      <trkpt lat="41.695634" lon="2.733716">
        <ele>19.793</ele>
        <time>2024-12-31T09:56:01Z</time>
      </trkpt>
      <trkpt lat="41.695610" lon="2.733738">
        <ele>19.890</ele>
        <time>2024-12-31T09:56:04Z</time>
      </trkpt>
      <trkpt lat="41.695585" lon="2.733760">
        <ele>19.987</ele>
        <time>2024-12-31T09:56:07Z</time>
      </trkpt>
      <trkpt lat="41.695538" lon="2.733802">
        <ele>20.138</ele>
        <time>2024-12-31T09:56:12Z</time>
      </trkpt>
      <trkpt lat="41.695513" lon="2.733816">
        <ele>20.325</ele>
        <time>2024-12-31T09:56:15Z</time>
      </trkpt>
      <trkpt lat="41.695489" lon="2.733838">
        <ele>20.428</ele>
        <time>2024-12-31T09:56:18Z</time>
      </trkpt>
      <trkpt lat="41.695464" lon="2.733860">
        <ele>20.645</ele>
        <time>2024-12-31T09:56:21Z</time>
      </trkpt>
      <trkpt lat="41.695417" lon="2.733902">
        <ele>21.047</ele>
        <time>2024-12-31T09:56:27Z</time>
      </trkpt>
      <trkpt lat="41.695373" lon="2.733928">
        <ele>21.211</ele>
        <time>2024-12-31T09:56:32Z</time>
      </trkpt>
      <trkpt lat="41.695349" lon="2.733945">
        <ele>21.309</ele>
        <time>2024-12-31T09:56:35Z</time>
      </trkpt>
      <trkpt lat="41.695325" lon="2.733962">
        <ele>21.495</ele>
        <time>2024-12-31T09:56:37Z</time>
      </trkpt>
      <trkpt lat="41.695278" lon="2.734004">
        <ele>21.633</ele>
        <time>2024-12-31T09:56:43Z</time>
      </trkpt>
      <trkpt lat="41.695234" lon="2.734044">
        <ele>21.812</ele>
        <time>2024-12-31T09:56:49Z</time>
      </trkpt>
      <trkpt lat="41.695211" lon="2.734064">
        <ele>21.984</ele>
        <time>2024-12-31T09:56:52Z</time>
      </trkpt>
      <trkpt lat="41.695164" lon="2.734098">
        <ele>22.361</ele>
        <time>2024-12-31T09:56:58Z</time>
      </trkpt>
      <trkpt lat="41.695141" lon="2.734118">
        <ele>22.558</ele>
        <time>2024-12-31T09:57:01Z</time>
      </trkpt>
      <trkpt lat="41.695117" lon="2.734140">
        <ele>22.729</ele>
        <time>2024-12-31T09:57:04Z</time>
      </trkpt>
      <trkpt lat="41.695092" lon="2.734162">
        <ele>23.026</ele>
        <time>2024-12-31T09:57:07Z</time>
      </trkpt>
      <trkpt lat="41.695045" lon="2.734196">
        <ele>23.379</ele>
        <time>2024-12-31T09:57:12Z</time>
      </trkpt>
      <trkpt lat="41.695020" lon="2.734218">
        <ele>23.441</ele>
        <time>2024-12-31T09:57:15Z</time>
      </trkpt>
      <trkpt lat="41.694995" lon="2.734240">
        <ele>23.581</ele>
        <time>2024-12-31T09:57:18Z</time>
      </trkpt>
      <trkpt lat="41.694949" lon="2.734282">
        <ele>23.409</ele>
        <time>2024-12-31T09:57:23Z</time>
      </trkpt>
      <trkpt lat="41.694928" lon="2.734305">
        <ele>23.309</ele>
        <time>2024-12-31T09:57:25Z</time>
      </trkpt>
      <trkpt lat="41.694907" lon="2.734328">
        <ele>23.255</ele>
        <time>2024-12-31T09:57:28Z</time>
      </trkpt>
      <trkpt lat="41.694865" lon="2.734373">
        <ele>23.063</ele>
        <time>2024-12-31T09:57:33Z</time>
      </trkpt>
      <trkpt lat="41.694841" lon="2.734395">
        <ele>22.952</ele>
        <time>2024-12-31T09:57:36Z</time>
      </trkpt>
      <trkpt lat="41.694816" lon="2.734417">
        <ele>22.944</ele>
        <time>2024-12-31T09:57:38Z</time>
      </trkpt>
      <trkpt lat="41.694797" lon="2.734443">
        <ele>22.791</ele>
        <time>2024-12-31T09:57:41Z</time>
      </trkpt>
      <trkpt lat="41.694774" lon="2.734463">
        <ele>22.688</ele>
        <time>2024-12-31T09:57:43Z</time>
      </trkpt>
      <trkpt lat="41.694731" lon="2.734506">
        <ele>22.399</ele>
        <time>2024-12-31T09:57:48Z</time>
      </trkpt>
      <trkpt lat="41.694707" lon="2.734528">
        <ele>22.166</ele>
        <time>2024-12-31T09:57:51Z</time>
      </trkpt>
      <trkpt lat="41.694687" lon="2.734554">
        <ele>21.829</ele>
        <time>2024-12-31T09:57:53Z</time>
      </trkpt>
      <trkpt lat="41.694642" lon="2.734599">
        <ele>21.497</ele>
        <time>2024-12-31T09:57:58Z</time>
      </trkpt>
      <trkpt lat="41.694617" lon="2.734621">
        <ele>21.223</ele>
        <time>2024-12-31T09:58:01Z</time>
      </trkpt>
      <trkpt lat="41.694593" lon="2.734642">
        <ele>21.125</ele>
        <time>2024-12-31T09:58:04Z</time>
      </trkpt>
      <trkpt lat="41.694568" lon="2.734664">
        <ele>21.009</ele>
        <time>2024-12-31T09:58:06Z</time>
      </trkpt>
      <trkpt lat="41.694547" lon="2.734687">
        <ele>20.960</ele>
        <time>2024-12-31T09:58:09Z</time>
      </trkpt>
      <trkpt lat="41.694528" lon="2.734713">
        <ele>20.848</ele>
        <time>2024-12-31T09:58:11Z</time>
      </trkpt>
      <trkpt lat="41.694507" lon="2.734736">
        <ele>20.717</ele>
        <time>2024-12-31T09:58:14Z</time>
      </trkpt>
      <trkpt lat="41.694466" lon="2.734782">
        <ele>20.519</ele>
        <time>2024-12-31T09:58:18Z</time>
      </trkpt>
      <trkpt lat="41.694443" lon="2.734815">
        <ele>20.326</ele>
        <time>2024-12-31T09:58:21Z</time>
      </trkpt>
      <trkpt lat="41.694396" lon="2.734849">
        <ele>20.213</ele>
        <time>2024-12-31T09:58:26Z</time>
      </trkpt>
      <trkpt lat="41.694376" lon="2.734875">
        <ele>20.044</ele>
        <time>2024-12-31T09:58:29Z</time>
      </trkpt>
      <trkpt lat="41.694339" lon="2.734929">
        <ele>19.841</ele>
        <time>2024-12-31T09:58:34Z</time>
      </trkpt>
      <trkpt lat="41.694320" lon="2.734955">
        <ele>19.734</ele>
        <time>2024-12-31T09:58:36Z</time>
      </trkpt>
      <trkpt lat="41.694299" lon="2.734978">
        <ele>19.652</ele>
        <time>2024-12-31T09:58:38Z</time>
      </trkpt>
      <trkpt lat="41.694278" lon="2.735001">
        <ele>19.653</ele>
        <time>2024-12-31T09:58:41Z</time>
      </trkpt>
      <trkpt lat="41.694235" lon="2.735044">
        <ele>19.608</ele>
        <time>2024-12-31T09:58:46Z</time>
      </trkpt>
      <trkpt lat="41.694214" lon="2.735067">
        <ele>19.609</ele>
        <time>2024-12-31T09:58:49Z</time>
      </trkpt>
      <trkpt lat="41.694193" lon="2.735090">
        <ele>19.616</ele>
        <time>2024-12-31T09:58:52Z</time>
      </trkpt>
      <trkpt lat="41.694150" lon="2.735132">
        <ele>19.624</ele>
        <time>2024-12-31T09:58:57Z</time>
      </trkpt>
      <trkpt lat="41.694103" lon="2.735174">
        <ele>19.763</ele>
        <time>2024-12-31T09:59:03Z</time>
      </trkpt>
      <trkpt lat="41.694084" lon="2.735200">
        <ele>19.885</ele>
        <time>2024-12-31T09:59:06Z</time>
      </trkpt>
      <trkpt lat="41.694066" lon="2.735229">
        <ele>19.872</ele>
        <time>2024-12-31T09:59:09Z</time>
      </trkpt>
      <trkpt lat="41.694045" lon="2.735252">
        <ele>19.949</ele>
        <time>2024-12-31T09:59:11Z</time>
      </trkpt>
      <trkpt lat="41.694025" lon="2.735283">
        <ele>20.080</ele>
        <time>2024-12-31T09:59:15Z</time>
      </trkpt>
      <trkpt lat="41.693984" lon="2.735328">
        <ele>20.427</ele>
        <time>2024-12-31T09:59:20Z</time>
      </trkpt>
      <trkpt lat="41.693963" lon="2.735351">
        <ele>20.530</ele>
        <time>2024-12-31T09:59:23Z</time>
      </trkpt>
      <trkpt lat="41.693938" lon="2.735373">
        <ele>20.723</ele>
        <time>2024-12-31T09:59:26Z</time>
      </trkpt>
      <trkpt lat="41.693895" lon="2.735416">
        <ele>21.083</ele>
        <time>2024-12-31T09:59:31Z</time>
      </trkpt>
      <trkpt lat="41.693876" lon="2.735442">
        <ele>21.011</ele>
        <time>2024-12-31T09:59:34Z</time>
      </trkpt>
      <trkpt lat="41.693855" lon="2.735465">
        <ele>21.009</ele>
        <time>2024-12-31T09:59:37Z</time>
      </trkpt>
      <trkpt lat="41.693836" lon="2.735491">
        <ele>21.033</ele>
        <time>2024-12-31T09:59:39Z</time>
      </trkpt>
      <trkpt lat="41.693805" lon="2.735518">
        <ele>21.061</ele>
        <time>2024-12-31T09:59:43Z</time>
      </trkpt>
      <trkpt lat="41.693784" lon="2.735541">
        <ele>21.070</ele>
        <time>2024-12-31T09:59:46Z</time>
      </trkpt>
      <trkpt lat="41.693759" lon="2.735563">
        <ele>21.082</ele>
        <time>2024-12-31T09:59:49Z</time>
      </trkpt>
      <trkpt lat="41.693738" lon="2.735586">
        <ele>20.929</ele>
        <time>2024-12-31T09:59:52Z</time>
      </trkpt>
      <trkpt lat="41.693721" lon="2.735615">
        <ele>20.956</ele>
        <time>2024-12-31T09:59:54Z</time>
      </trkpt>
      <trkpt lat="41.693700" lon="2.735638">
        <ele>20.827</ele>
        <time>2024-12-31T09:59:57Z</time>
      </trkpt>
      <trkpt lat="41.693680" lon="2.735663">
        <ele>20.724</ele>
        <time>2024-12-31T09:59:59Z</time>
      </trkpt>
      <trkpt lat="41.693639" lon="2.735709">
        <ele>20.577</ele>
        <time>2024-12-31T10:00:05Z</time>
      </trkpt>
      <trkpt lat="41.693618" lon="2.735732">
        <ele>20.414</ele>
        <time>2024-12-31T10:00:07Z</time>
      </trkpt>
      <trkpt lat="41.693599" lon="2.735758">
        <ele>20.354</ele>
        <time>2024-12-31T10:00:10Z</time>
      </trkpt>
      <trkpt lat="41.693579" lon="2.735784">
        <ele>20.309</ele>
        <time>2024-12-31T10:00:12Z</time>
      </trkpt>
      <trkpt lat="41.693558" lon="2.735807">
        <ele>20.309</ele>
        <time>2024-12-31T10:00:15Z</time>
      </trkpt>
      <trkpt lat="41.693517" lon="2.735853">
        <ele>20.382</ele>
        <time>2024-12-31T10:00:20Z</time>
      </trkpt>
      <trkpt lat="41.693499" lon="2.735881">
        <ele>20.230</ele>
        <time>2024-12-31T10:00:22Z</time>
      </trkpt>
      <trkpt lat="41.693480" lon="2.735907">
        <ele>20.289</ele>
        <time>2024-12-31T10:00:25Z</time>
      </trkpt>
      <trkpt lat="41.693460" lon="2.735933">
        <ele>20.291</ele>
        <time>2024-12-31T10:00:27Z</time>
      </trkpt>
      <trkpt lat="41.693420" lon="2.735982">
        <ele>20.258</ele>
        <time>2024-12-31T10:00:32Z</time>
      </trkpt>
      <trkpt lat="41.693399" lon="2.736005">
        <ele>20.135</ele>
        <time>2024-12-31T10:00:34Z</time>
      </trkpt>
      <trkpt lat="41.693380" lon="2.736031">
        <ele>20.156</ele>
        <time>2024-12-31T10:00:37Z</time>
      </trkpt>
      <trkpt lat="41.693359" lon="2.736054">
        <ele>20.183</ele>
        <time>2024-12-31T10:00:39Z</time>
      </trkpt>
      <trkpt lat="41.693319" lon="2.736102">
        <ele>20.196</ele>
        <time>2024-12-31T10:00:44Z</time>
      </trkpt>
      <trkpt lat="41.693301" lon="2.736131">
        <ele>20.073</ele>
        <time>2024-12-31T10:00:47Z</time>
      </trkpt>
      <trkpt lat="41.693282" lon="2.736157">
        <ele>20.085</ele>
        <time>2024-12-31T10:00:49Z</time>
      </trkpt>
      <trkpt lat="41.693263" lon="2.736183">
        <ele>20.013</ele>
        <time>2024-12-31T10:00:52Z</time>
      </trkpt>
      <trkpt lat="41.693242" lon="2.736206">
        <ele>20.009</ele>
        <time>2024-12-31T10:00:54Z</time>
      </trkpt>
      <trkpt lat="41.693223" lon="2.736232">
        <ele>20.078</ele>
        <time>2024-12-31T10:00:57Z</time>
      </trkpt>
      <trkpt lat="41.693205" lon="2.736260">
        <ele>19.926</ele>
        <time>2024-12-31T10:00:59Z</time>
      </trkpt>
      <trkpt lat="41.693185" lon="2.736286">
        <ele>19.945</ele>
        <time>2024-12-31T10:01:02Z</time>
      </trkpt>
      <trkpt lat="41.693168" lon="2.736315">
        <ele>19.967</ele>
        <time>2024-12-31T10:01:04Z</time>
      </trkpt>
      <trkpt lat="41.693148" lon="2.736341">
        <ele>19.874</ele>
        <time>2024-12-31T10:01:07Z</time>
      </trkpt>
      <trkpt lat="41.693129" lon="2.736367">
        <ele>19.861</ele>
        <time>2024-12-31T10:01:09Z</time>
      </trkpt>
      <trkpt lat="41.693108" lon="2.736390">
        <ele>19.812</ele>
        <time>2024-12-31T10:01:12Z</time>
      </trkpt>
      <trkpt lat="41.693089" lon="2.736416">
        <ele>19.679</ele>
        <time>2024-12-31T10:01:14Z</time>
      </trkpt>
      <trkpt lat="41.693071" lon="2.736444">
        <ele>19.462</ele>
        <time>2024-12-31T10:01:17Z</time>
      </trkpt>
      <trkpt lat="41.693052" lon="2.736470">
        <ele>19.151</ele>
        <time>2024-12-31T10:01:19Z</time>
      </trkpt>
      <trkpt lat="41.693031" lon="2.736493">
        <ele>18.901</ele>
        <time>2024-12-31T10:01:22Z</time>
      </trkpt>
      <trkpt lat="41.693010" lon="2.736516">
        <ele>18.811</ele>
        <time>2024-12-31T10:01:24Z</time>
      </trkpt>
      <trkpt lat="41.692991" lon="2.736542">
        <ele>18.609</ele>
        <time>2024-12-31T10:01:27Z</time>
      </trkpt>
      <trkpt lat="41.692973" lon="2.736571">
        <ele>18.476</ele>
        <time>2024-12-31T10:01:29Z</time>
      </trkpt>
      <trkpt lat="41.692955" lon="2.736600">
        <ele>18.314</ele>
        <time>2024-12-31T10:01:32Z</time>
      </trkpt>
      <trkpt lat="41.692940" lon="2.736634">
        <ele>18.153</ele>
        <time>2024-12-31T10:01:35Z</time>
      </trkpt>
      <trkpt lat="41.692922" lon="2.736663">
        <ele>18.055</ele>
        <time>2024-12-31T10:01:37Z</time>
      </trkpt>
      <trkpt lat="41.692903" lon="2.736689">
        <ele>18.062</ele>
        <time>2024-12-31T10:01:40Z</time>
      </trkpt>
      <trkpt lat="41.692886" lon="2.736726">
        <ele>18.049</ele>
        <time>2024-12-31T10:01:43Z</time>
      </trkpt>
      <trkpt lat="41.692868" lon="2.736754">
        <ele>18.090</ele>
        <time>2024-12-31T10:01:46Z</time>
      </trkpt>
      <trkpt lat="41.692850" lon="2.736783">
        <ele>18.137</ele>
        <time>2024-12-31T10:01:48Z</time>
      </trkpt>
      <trkpt lat="41.692831" lon="2.736809">
        <ele>18.190</ele>
        <time>2024-12-31T10:01:51Z</time>
      </trkpt>
      <trkpt lat="41.692812" lon="2.736835">
        <ele>18.118</ele>
        <time>2024-12-31T10:01:54Z</time>
      </trkpt>
      <trkpt lat="41.692789" lon="2.736860">
        <ele>18.298</ele>
        <time>2024-12-31T10:01:56Z</time>
      </trkpt>
      <trkpt lat="41.692769" lon="2.736886">
        <ele>18.317</ele>
        <time>2024-12-31T10:01:59Z</time>
      </trkpt>
      <trkpt lat="41.692732" lon="2.736929">
        <ele>18.709</ele>
        <time>2024-12-31T10:02:04Z</time>
      </trkpt>
      <trkpt lat="41.692713" lon="2.736955">
        <ele>18.952</ele>
        <time>2024-12-31T10:02:06Z</time>
      </trkpt>
      <trkpt lat="41.692695" lon="2.736984">
        <ele>19.260</ele>
        <time>2024-12-31T10:02:09Z</time>
      </trkpt>
      <trkpt lat="41.692678" lon="2.737013">
        <ele>19.439</ele>
        <time>2024-12-31T10:02:12Z</time>
      </trkpt>
      <trkpt lat="41.692660" lon="2.737041">
        <ele>19.771</ele>
        <time>2024-12-31T10:02:14Z</time>
      </trkpt>
      <trkpt lat="41.692640" lon="2.737067">
        <ele>20.018</ele>
        <time>2024-12-31T10:02:17Z</time>
      </trkpt>
      <trkpt lat="41.692623" lon="2.737096">
        <ele>20.285</ele>
        <time>2024-12-31T10:02:19Z</time>
      </trkpt>
      <trkpt lat="41.692605" lon="2.737125">
        <ele>20.576</ele>
        <time>2024-12-31T10:02:22Z</time>
      </trkpt>
      <trkpt lat="41.692585" lon="2.737151">
        <ele>20.813</ele>
        <time>2024-12-31T10:02:25Z</time>
      </trkpt>
      <trkpt lat="41.692569" lon="2.737183">
        <ele>21.046</ele>
        <time>2024-12-31T10:02:27Z</time>
      </trkpt>
      <trkpt lat="41.692530" lon="2.737239">
        <ele>21.593</ele>
        <time>2024-12-31T10:02:33Z</time>
      </trkpt>
      <trkpt lat="41.692517" lon="2.737272">
        <ele>21.465</ele>
        <time>2024-12-31T10:02:35Z</time>
      </trkpt>
      <trkpt lat="41.692498" lon="2.737298">
        <ele>21.421</ele>
        <time>2024-12-31T10:02:38Z</time>
      </trkpt>
      <trkpt lat="41.692483" lon="2.737333">
        <ele>21.109</ele>
        <time>2024-12-31T10:02:40Z</time>
      </trkpt>
      <trkpt lat="41.692465" lon="2.737361">
        <ele>20.920</ele>
        <time>2024-12-31T10:02:43Z</time>
      </trkpt>
      <trkpt lat="41.692446" lon="2.737387">
        <ele>20.668</ele>
        <time>2024-12-31T10:02:45Z</time>
      </trkpt>
      <trkpt lat="41.692427" lon="2.737413">
        <ele>20.417</ele>
        <time>2024-12-31T10:02:48Z</time>
      </trkpt>
      <trkpt lat="41.692407" lon="2.737439">
        <ele>20.199</ele>
        <time>2024-12-31T10:02:51Z</time>
      </trkpt>
      <trkpt lat="41.692388" lon="2.737465">
        <ele>19.816</ele>
        <time>2024-12-31T10:02:53Z</time>
      </trkpt>
      <trkpt lat="41.692370" lon="2.737494">
        <ele>19.673</ele>
        <time>2024-12-31T10:02:56Z</time>
      </trkpt>
      <trkpt lat="41.692344" lon="2.737556">
        <ele>19.154</ele>
        <time>2024-12-31T10:03:01Z</time>
      </trkpt>
      <trkpt lat="41.692324" lon="2.737582">
        <ele>18.991</ele>
        <time>2024-12-31T10:03:03Z</time>
      </trkpt>
      <trkpt lat="41.692306" lon="2.737611">
        <ele>18.774</ele>
        <time>2024-12-31T10:03:06Z</time>
      </trkpt>
      <trkpt lat="41.692289" lon="2.737640">
        <ele>18.562</ele>
        <time>2024-12-31T10:03:08Z</time>
      </trkpt>
      <trkpt lat="41.692269" lon="2.737665">
        <ele>18.483</ele>
        <time>2024-12-31T10:03:11Z</time>
      </trkpt>
      <trkpt lat="41.692250" lon="2.737691">
        <ele>18.311</ele>
        <time>2024-12-31T10:03:14Z</time>
      </trkpt>
      <trkpt lat="41.692231" lon="2.737717">
        <ele>18.209</ele>
        <time>2024-12-31T10:03:16Z</time>
      </trkpt>
      <trkpt lat="41.692210" lon="2.737740">
        <ele>18.187</ele>
        <time>2024-12-31T10:03:19Z</time>
      </trkpt>
      <trkpt lat="41.692185" lon="2.737762">
        <ele>18.165</ele>
        <time>2024-12-31T10:03:22Z</time>
      </trkpt>
      <trkpt lat="41.692157" lon="2.737770">
        <ele>18.054</ele>
        <time>2024-12-31T10:03:24Z</time>
      </trkpt>
      <trkpt lat="41.692129" lon="2.737773">
        <ele>18.096</ele>
        <time>2024-12-31T10:03:27Z</time>
      </trkpt>
      <trkpt lat="41.692102" lon="2.737771">
        <ele>18.093</ele>
        <time>2024-12-31T10:03:30Z</time>
      </trkpt>
      <trkpt lat="41.692081" lon="2.737748">
        <ele>18.190</ele>
        <time>2024-12-31T10:03:33Z</time>
      </trkpt>
      <trkpt lat="41.692057" lon="2.737726">
        <ele>18.241</ele>
        <time>2024-12-31T10:03:36Z</time>
      </trkpt>
      <trkpt lat="41.692039" lon="2.737699">
        <ele>18.388</ele>
        <time>2024-12-31T10:03:38Z</time>
      </trkpt>
      <trkpt lat="41.692023" lon="2.737666">
        <ele>18.451</ele>
        <time>2024-12-31T10:03:41Z</time>
      </trkpt>
      <trkpt lat="41.692005" lon="2.737639">
        <ele>18.532</ele>
        <time>2024-12-31T10:03:44Z</time>
      </trkpt>
      <trkpt lat="41.691989" lon="2.737606">
        <ele>18.692</ele>
        <time>2024-12-31T10:03:47Z</time>
      </trkpt>
      <trkpt lat="41.691969" lon="2.737581">
        <ele>18.711</ele>
        <time>2024-12-31T10:03:50Z</time>
      </trkpt>
      <trkpt lat="41.691952" lon="2.737553">
        <ele>18.809</ele>
        <time>2024-12-31T10:03:52Z</time>
      </trkpt>
      <trkpt lat="41.691932" lon="2.737528">
        <ele>18.954</ele>
        <time>2024-12-31T10:03:55Z</time>
      </trkpt>
      <trkpt lat="41.691900" lon="2.737470">
        <ele>19.162</ele>
        <time>2024-12-31T10:04:01Z</time>
      </trkpt>
      <trkpt lat="41.691889" lon="2.737437">
        <ele>19.251</ele>
        <time>2024-12-31T10:04:04Z</time>
      </trkpt>
      <trkpt lat="41.691863" lon="2.737395">
        <ele>19.493</ele>
        <time>2024-12-31T10:04:08Z</time>
      </trkpt>
      <trkpt lat="41.691846" lon="2.737367">
        <ele>19.560</ele>
        <time>2024-12-31T10:04:11Z</time>
      </trkpt>
      <trkpt lat="41.691817" lon="2.737303">
        <ele>19.767</ele>
        <time>2024-12-31T10:04:17Z</time>
      </trkpt>
      <trkpt lat="41.691782" lon="2.737248">
        <ele>19.958</ele>
        <time>2024-12-31T10:04:23Z</time>
      </trkpt>
      <trkpt lat="41.691760" lon="2.737225">
        <ele>20.055</ele>
        <time>2024-12-31T10:04:25Z</time>
      </trkpt>
      <trkpt lat="41.691739" lon="2.737201">
        <ele>20.148</ele>
        <time>2024-12-31T10:04:28Z</time>
      </trkpt>
      <trkpt lat="41.691721" lon="2.737174">
        <ele>20.261</ele>
        <time>2024-12-31T10:04:31Z</time>
      </trkpt>
      <trkpt lat="41.691704" lon="2.737146">
        <ele>20.321</ele>
        <time>2024-12-31T10:04:34Z</time>
      </trkpt>
      <trkpt lat="41.691669" lon="2.737091">
        <ele>20.513</ele>
        <time>2024-12-31T10:04:40Z</time>
      </trkpt>
      <trkpt lat="41.691652" lon="2.737063">
        <ele>20.709</ele>
        <time>2024-12-31T10:04:43Z</time>
      </trkpt>
      <trkpt lat="41.691614" lon="2.737007">
        <ele>21.347</ele>
        <time>2024-12-31T10:04:49Z</time>
      </trkpt>
      <trkpt lat="41.691592" lon="2.736984">
        <ele>21.675</ele>
        <time>2024-12-31T10:04:52Z</time>
      </trkpt>
      <trkpt lat="41.691575" lon="2.736956">
        <ele>21.964</ele>
        <time>2024-12-31T10:04:55Z</time>
      </trkpt>
      <trkpt lat="41.691554" lon="2.736928">
        <ele>22.396</ele>
        <time>2024-12-31T10:04:58Z</time>
      </trkpt>
      <trkpt lat="41.691532" lon="2.736904">
        <ele>22.513</ele>
        <time>2024-12-31T10:05:01Z</time>
      </trkpt>
      <trkpt lat="41.691502" lon="2.736845">
        <ele>22.980</ele>
        <time>2024-12-31T10:05:07Z</time>
      </trkpt>
      <trkpt lat="41.691486" lon="2.736815">
        <ele>23.141</ele>
        <time>2024-12-31T10:05:10Z</time>
      </trkpt>
      <trkpt lat="41.691468" lon="2.736785">
        <ele>23.388</ele>
        <time>2024-12-31T10:05:13Z</time>
      </trkpt>
      <trkpt lat="41.691451" lon="2.736752">
        <ele>23.521</ele>
        <time>2024-12-31T10:05:16Z</time>
      </trkpt>
      <trkpt lat="41.691416" lon="2.736697">
        <ele>23.868</ele>
        <time>2024-12-31T10:05:22Z</time>
      </trkpt>
      <trkpt lat="41.691395" lon="2.736669">
        <ele>24.042</ele>
        <time>2024-12-31T10:05:26Z</time>
      </trkpt>
      <trkpt lat="41.691371" lon="2.736647">
        <ele>24.126</ele>
        <time>2024-12-31T10:05:28Z</time>
      </trkpt>
      <trkpt lat="41.691337" lon="2.736592">
        <ele>24.209</ele>
        <time>2024-12-31T10:05:33Z</time>
      </trkpt>
      <trkpt lat="41.691307" lon="2.736533">
        <ele>24.367</ele>
        <time>2024-12-31T10:05:38Z</time>
      </trkpt>
      <trkpt lat="41.691276" lon="2.736474">
        <ele>24.445</ele>
        <time>2024-12-31T10:05:43Z</time>
      </trkpt>
      <trkpt lat="41.691249" lon="2.736413">
        <ele>24.534</ele>
        <time>2024-12-31T10:05:47Z</time>
      </trkpt>
      <trkpt lat="41.691212" lon="2.736365">
        <ele>24.446</ele>
        <time>2024-12-31T10:05:52Z</time>
      </trkpt>
      <trkpt lat="41.691196" lon="2.736332">
        <ele>24.283</ele>
        <time>2024-12-31T10:05:55Z</time>
      </trkpt>
      <trkpt lat="41.691187" lon="2.736297">
        <ele>23.980</ele>
        <time>2024-12-31T10:05:57Z</time>
      </trkpt>
      <trkpt lat="41.691177" lon="2.736263">
        <ele>23.631</ele>
        <time>2024-12-31T10:05:59Z</time>
      </trkpt>
      <trkpt lat="41.691145" lon="2.736201">
        <ele>23.048</ele>
        <time>2024-12-31T10:06:05Z</time>
      </trkpt>
      <trkpt lat="41.691129" lon="2.736169">
        <ele>22.711</ele>
        <time>2024-12-31T10:06:07Z</time>
      </trkpt>
      <trkpt lat="41.691107" lon="2.736145">
        <ele>22.477</ele>
        <time>2024-12-31T10:06:10Z</time>
      </trkpt>
      <trkpt lat="41.691074" lon="2.736088">
        <ele>21.861</ele>
        <time>2024-12-31T10:06:15Z</time>
      </trkpt>
      <trkpt lat="41.691058" lon="2.736056">
        <ele>21.527</ele>
        <time>2024-12-31T10:06:17Z</time>
      </trkpt>
      <trkpt lat="41.691038" lon="2.736030">
        <ele>21.309</ele>
        <time>2024-12-31T10:06:20Z</time>
      </trkpt>
      <trkpt lat="41.691021" lon="2.736002">
        <ele>21.198</ele>
        <time>2024-12-31T10:06:23Z</time>
      </trkpt>
      <trkpt lat="41.690989" lon="2.735945">
        <ele>20.736</ele>
        <time>2024-12-31T10:06:28Z</time>
      </trkpt>
      <trkpt lat="41.690957" lon="2.735883">
        <ele>20.455</ele>
        <time>2024-12-31T10:06:33Z</time>
      </trkpt>
      <trkpt lat="41.690929" lon="2.735822">
        <ele>20.247</ele>
        <time>2024-12-31T10:06:38Z</time>
      </trkpt>
      <trkpt lat="41.690897" lon="2.735760">
        <ele>20.184</ele>
        <time>2024-12-31T10:06:44Z</time>
      </trkpt>
      <trkpt lat="41.690869" lon="2.735699">
        <ele>19.841</ele>
        <time>2024-12-31T10:06:49Z</time>
      </trkpt>
      <trkpt lat="41.690844" lon="2.735644">
        <ele>19.662</ele>
        <time>2024-12-31T10:06:54Z</time>
      </trkpt>
      <trkpt lat="41.690836" lon="2.735608">
        <ele>19.429</ele>
        <time>2024-12-31T10:06:57Z</time>
      </trkpt>
      <trkpt lat="41.690813" lon="2.735543">
        <ele>19.382</ele>
        <time>2024-12-31T10:07:02Z</time>
      </trkpt>
      <trkpt lat="41.690804" lon="2.735508">
        <ele>19.626</ele>
        <time>2024-12-31T10:07:05Z</time>
      </trkpt>
      <trkpt lat="41.690796" lon="2.735472">
        <ele>19.847</ele>
        <time>2024-12-31T10:07:07Z</time>
      </trkpt>
      <trkpt lat="41.690785" lon="2.735439">
        <ele>20.011</ele>
        <time>2024-12-31T10:07:10Z</time>
      </trkpt>
      <trkpt lat="41.690783" lon="2.735402">
        <ele>20.109</ele>
        <time>2024-12-31T10:07:13Z</time>
      </trkpt>
      <trkpt lat="41.690772" lon="2.735369">
        <ele>20.373</ele>
        <time>2024-12-31T10:07:15Z</time>
      </trkpt>
      <trkpt lat="41.690759" lon="2.735337">
        <ele>20.491</ele>
        <time>2024-12-31T10:07:18Z</time>
      </trkpt>
      <trkpt lat="41.690751" lon="2.735302">
        <ele>20.620</ele>
        <time>2024-12-31T10:07:20Z</time>
      </trkpt>
      <trkpt lat="41.690738" lon="2.735270">
        <ele>20.742</ele>
        <time>2024-12-31T10:07:23Z</time>
      </trkpt>
      <trkpt lat="41.690728" lon="2.735236">
        <ele>20.819</ele>
        <time>2024-12-31T10:07:26Z</time>
      </trkpt>
      <trkpt lat="41.690721" lon="2.735199">
        <ele>20.866</ele>
        <time>2024-12-31T10:07:28Z</time>
      </trkpt>
      <trkpt lat="41.690702" lon="2.735136">
        <ele>20.987</ele>
        <time>2024-12-31T10:07:33Z</time>
      </trkpt>
      <trkpt lat="41.690678" lon="2.735071">
        <ele>21.164</ele>
        <time>2024-12-31T10:07:38Z</time>
      </trkpt>
      <trkpt lat="41.690670" lon="2.735036">
        <ele>21.217</ele>
        <time>2024-12-31T10:07:41Z</time>
      </trkpt>
      <trkpt lat="41.690659" lon="2.735002">
        <ele>21.336</ele>
        <time>2024-12-31T10:07:44Z</time>
      </trkpt>
      <trkpt lat="41.690631" lon="2.734941">
        <ele>21.317</ele>
        <time>2024-12-31T10:07:49Z</time>
      </trkpt>
      <trkpt lat="41.690608" lon="2.734876">
        <ele>21.318</ele>
        <time>2024-12-31T10:07:54Z</time>
      </trkpt>
      <trkpt lat="41.690587" lon="2.734809">
        <ele>21.209</ele>
        <time>2024-12-31T10:07:59Z</time>
      </trkpt>
      <trkpt lat="41.690578" lon="2.734774">
        <ele>21.114</ele>
        <time>2024-12-31T10:08:01Z</time>
      </trkpt>
      <trkpt lat="41.690570" lon="2.734738">
        <ele>21.012</ele>
        <time>2024-12-31T10:08:04Z</time>
      </trkpt>
      <trkpt lat="41.690559" lon="2.734666">
        <ele>20.821</ele>
        <time>2024-12-31T10:08:09Z</time>
      </trkpt>
      <trkpt lat="41.690553" lon="2.734628">
        <ele>20.713</ele>
        <time>2024-12-31T10:08:11Z</time>
      </trkpt>
      <trkpt lat="41.690553" lon="2.734590">
        <ele>20.540</ele>
        <time>2024-12-31T10:08:14Z</time>
      </trkpt>
      <trkpt lat="41.690547" lon="2.734552">
        <ele>20.487</ele>
        <time>2024-12-31T10:08:16Z</time>
      </trkpt>
      <trkpt lat="41.690541" lon="2.734515">
        <ele>20.358</ele>
        <time>2024-12-31T10:08:19Z</time>
      </trkpt>
      <trkpt lat="41.690530" lon="2.734481">
        <ele>20.145</ele>
        <time>2024-12-31T10:08:21Z</time>
      </trkpt>
      <trkpt lat="41.690498" lon="2.734419">
        <ele>20.088</ele>
        <time>2024-12-31T10:08:26Z</time>
      </trkpt>
      <trkpt lat="41.690471" lon="2.734410">
        <ele>20.086</ele>
        <time>2024-12-31T10:08:29Z</time>
      </trkpt>
      <trkpt lat="41.690445" lon="2.734398">
        <ele>19.960</ele>
        <time>2024-12-31T10:08:32Z</time>
      </trkpt>
      <trkpt lat="41.690394" lon="2.734375">
        <ele>19.926</ele>
        <time>2024-12-31T10:08:37Z</time>
      </trkpt>
      <trkpt lat="41.690369" lon="2.734358">
        <ele>19.809</ele>
        <time>2024-12-31T10:08:39Z</time>
      </trkpt>
      <trkpt lat="41.690345" lon="2.734341">
        <ele>19.759</ele>
        <time>2024-12-31T10:08:42Z</time>
      </trkpt>
      <trkpt lat="41.690310" lon="2.734306">
        <ele>19.657</ele>
        <time>2024-12-31T10:08:46Z</time>
      </trkpt>
      <trkpt lat="41.690288" lon="2.734282">
        <ele>19.496</ele>
        <time>2024-12-31T10:08:49Z</time>
      </trkpt>
      <trkpt lat="41.690263" lon="2.734265">
        <ele>19.488</ele>
        <time>2024-12-31T10:08:51Z</time>
      </trkpt>
      <trkpt lat="41.690231" lon="2.734208">
        <ele>19.335</ele>
        <time>2024-12-31T10:08:56Z</time>
      </trkpt>
      <trkpt lat="41.690214" lon="2.734176">
        <ele>19.342</ele>
        <time>2024-12-31T10:08:59Z</time>
      </trkpt>
      <trkpt lat="41.690201" lon="2.734144">
        <ele>19.383</ele>
        <time>2024-12-31T10:09:01Z</time>
      </trkpt>
      <trkpt lat="41.690173" lon="2.734083">
        <ele>19.380</ele>
        <time>2024-12-31T10:09:06Z</time>
      </trkpt>
      <trkpt lat="41.690139" lon="2.734028">
        <ele>19.333</ele>
        <time>2024-12-31T10:09:12Z</time>
      </trkpt>
      <trkpt lat="41.690106" lon="2.733971">
        <ele>19.241</ele>
        <time>2024-12-31T10:09:17Z</time>
      </trkpt>
      <trkpt lat="41.690074" lon="2.733914">
        <ele>19.181</ele>
        <time>2024-12-31T10:09:22Z</time>
      </trkpt>
      <trkpt lat="41.690061" lon="2.733882">
        <ele>19.009</ele>
        <time>2024-12-31T10:09:24Z</time>
      </trkpt>
      <trkpt lat="41.690029" lon="2.733825">
        <ele>18.609</ele>
        <time>2024-12-31T10:09:29Z</time>
      </trkpt>
      <trkpt lat="41.690007" lon="2.733802">
        <ele>18.465</ele>
        <time>2024-12-31T10:09:32Z</time>
      </trkpt>
      <trkpt lat="41.689968" lon="2.733751">
        <ele>18.263</ele>
        <time>2024-12-31T10:09:37Z</time>
      </trkpt>
      <trkpt lat="41.689946" lon="2.733727">
        <ele>18.112</ele>
        <time>2024-12-31T10:09:40Z</time>
      </trkpt>
      <trkpt lat="41.689926" lon="2.733702">
        <ele>18.134</ele>
        <time>2024-12-31T10:09:42Z</time>
      </trkpt>
      <trkpt lat="41.689902" lon="2.733685">
        <ele>18.111</ele>
        <time>2024-12-31T10:09:45Z</time>
      </trkpt>
      <trkpt lat="41.689882" lon="2.733659">
        <ele>18.198</ele>
        <time>2024-12-31T10:09:48Z</time>
      </trkpt>
      <trkpt lat="41.689860" lon="2.733636">
        <ele>18.199</ele>
        <time>2024-12-31T10:09:50Z</time>
      </trkpt>
      <trkpt lat="41.689839" lon="2.733612">
        <ele>18.296</ele>
        <time>2024-12-31T10:09:53Z</time>
      </trkpt>
      <trkpt lat="41.689819" lon="2.733587">
        <ele>18.239</ele>
        <time>2024-12-31T10:09:55Z</time>
      </trkpt>
      <trkpt lat="41.689797" lon="2.733563">
        <ele>18.383</ele>
        <time>2024-12-31T10:09:58Z</time>
      </trkpt>
      <trkpt lat="41.689778" lon="2.733533">
        <ele>18.425</ele>
        <time>2024-12-31T10:10:01Z</time>
      </trkpt>
      <trkpt lat="41.689759" lon="2.733507">
        <ele>18.417</ele>
        <time>2024-12-31T10:10:04Z</time>
      </trkpt>
      <trkpt lat="41.689737" lon="2.733484">
        <ele>18.509</ele>
        <time>2024-12-31T10:10:06Z</time>
      </trkpt>
      <trkpt lat="41.689720" lon="2.733456">
        <ele>18.559</ele>
        <time>2024-12-31T10:10:09Z</time>
      </trkpt>
      <trkpt lat="41.689700" lon="2.733430">
        <ele>18.587</ele>
        <time>2024-12-31T10:10:11Z</time>
      </trkpt>
      <trkpt lat="41.689678" lon="2.733407">
        <ele>18.546</ele>
        <time>2024-12-31T10:10:14Z</time>
      </trkpt>
      <trkpt lat="41.689661" lon="2.733379">
        <ele>18.628</ele>
        <time>2024-12-31T10:10:17Z</time>
      </trkpt>
      <trkpt lat="41.689620" lon="2.733330">
        <ele>18.775</ele>
        <time>2024-12-31T10:10:22Z</time>
      </trkpt>
      <trkpt lat="41.689576" lon="2.733287">
        <ele>19.172</ele>
        <time>2024-12-31T10:10:27Z</time>
      </trkpt>
      <trkpt lat="41.689554" lon="2.733264">
        <ele>19.273</ele>
        <time>2024-12-31T10:10:30Z</time>
      </trkpt>
      <trkpt lat="41.689539" lon="2.733234">
        <ele>19.350</ele>
        <time>2024-12-31T10:10:33Z</time>
      </trkpt>
      <trkpt lat="41.689521" lon="2.733207">
        <ele>19.483</ele>
        <time>2024-12-31T10:10:36Z</time>
      </trkpt>
      <trkpt lat="41.689502" lon="2.733181">
        <ele>19.687</ele>
        <time>2024-12-31T10:10:38Z</time>
      </trkpt>
      <trkpt lat="41.689482" lon="2.733156">
        <ele>19.742</ele>
        <time>2024-12-31T10:10:41Z</time>
      </trkpt>
      <trkpt lat="41.689465" lon="2.733128">
        <ele>19.926</ele>
        <time>2024-12-31T10:10:44Z</time>
      </trkpt>
      <trkpt lat="41.689445" lon="2.733103">
        <ele>20.009</ele>
        <time>2024-12-31T10:10:47Z</time>
      </trkpt>
      <trkpt lat="41.689426" lon="2.733077">
        <ele>20.199</ele>
        <time>2024-12-31T10:10:49Z</time>
      </trkpt>
      <trkpt lat="41.689406" lon="2.733051">
        <ele>20.317</ele>
        <time>2024-12-31T10:10:52Z</time>
      </trkpt>
      <trkpt lat="41.689374" lon="2.732994">
        <ele>20.536</ele>
        <time>2024-12-31T10:10:58Z</time>
      </trkpt>
      <trkpt lat="41.689342" lon="2.732932">
        <ele>20.648</ele>
        <time>2024-12-31T10:11:03Z</time>
      </trkpt>
      <trkpt lat="41.689301" lon="2.732883">
        <ele>20.745</ele>
        <time>2024-12-31T10:11:09Z</time>
      </trkpt>
      <trkpt lat="41.689279" lon="2.732860">
        <ele>20.862</ele>
        <time>2024-12-31T10:11:11Z</time>
      </trkpt>
      <trkpt lat="41.689257" lon="2.732836">
        <ele>20.813</ele>
        <time>2024-12-31T10:11:14Z</time>
      </trkpt>
      <trkpt lat="41.689238" lon="2.732810">
        <ele>20.870</ele>
        <time>2024-12-31T10:11:17Z</time>
      </trkpt>
      <trkpt lat="41.689214" lon="2.732789">
        <ele>20.963</ele>
        <time>2024-12-31T10:11:20Z</time>
      </trkpt>
      <trkpt lat="41.689192" lon="2.732765">
        <ele>20.913</ele>
        <time>2024-12-31T10:11:22Z</time>
      </trkpt>
      <trkpt lat="41.689168" lon="2.732744">
        <ele>20.943</ele>
        <time>2024-12-31T10:11:25Z</time>
      </trkpt>
      <trkpt lat="41.689144" lon="2.732722">
        <ele>20.907</ele>
        <time>2024-12-31T10:11:28Z</time>
      </trkpt>
      <trkpt lat="41.689122" lon="2.732699">
        <ele>20.909</ele>
        <time>2024-12-31T10:11:31Z</time>
      </trkpt>
      <trkpt lat="41.689100" lon="2.732675">
        <ele>20.952</ele>
        <time>2024-12-31T10:11:34Z</time>
      </trkpt>
      <trkpt lat="41.689061" lon="2.732624">
        <ele>20.820</ele>
        <time>2024-12-31T10:11:39Z</time>
      </trkpt>
      <trkpt lat="41.689045" lon="2.732592">
        <ele>20.839</ele>
        <time>2024-12-31T10:11:42Z</time>
      </trkpt>
      <trkpt lat="41.689017" lon="2.732530">
        <ele>20.631</ele>
        <time>2024-12-31T10:11:47Z</time>
      </trkpt>
      <trkpt lat="41.689009" lon="2.732495">
        <ele>20.648</ele>
        <time>2024-12-31T10:11:49Z</time>
      </trkpt>
      <trkpt lat="41.688996" lon="2.732463">
        <ele>20.575</ele>
        <time>2024-12-31T10:11:52Z</time>
      </trkpt>
      <trkpt lat="41.688950" lon="2.732386">
        <ele>20.546</ele>
        <time>2024-12-31T10:11:59Z</time>
      </trkpt>
      <trkpt lat="41.688937" lon="2.732354">
        <ele>20.443</ele>
        <time>2024-12-31T10:12:02Z</time>
      </trkpt>
      <trkpt lat="41.688926" lon="2.732321">
        <ele>20.366</ele>
        <time>2024-12-31T10:12:05Z</time>
      </trkpt>
      <trkpt lat="41.688918" lon="2.732285">
        <ele>20.216</ele>
        <time>2024-12-31T10:12:07Z</time>
      </trkpt>
      <trkpt lat="41.688910" lon="2.732250">
        <ele>20.176</ele>
        <time>2024-12-31T10:12:10Z</time>
      </trkpt>
      <trkpt lat="41.688899" lon="2.732216">
        <ele>20.013</ele>
        <time>2024-12-31T10:12:13Z</time>
      </trkpt>
      <trkpt lat="41.688891" lon="2.732181">
        <ele>20.009</ele>
        <time>2024-12-31T10:12:15Z</time>
      </trkpt>
      <trkpt lat="41.688882" lon="2.732145">
        <ele>20.052</ele>
        <time>2024-12-31T10:12:18Z</time>
      </trkpt>
      <trkpt lat="41.688842" lon="2.732104">
        <ele>20.270</ele>
        <time>2024-12-31T10:12:23Z</time>
      </trkpt>
      <trkpt lat="41.688819" lon="2.732124">
        <ele>20.319</ele>
        <time>2024-12-31T10:12:26Z</time>
      </trkpt>
      <trkpt lat="41.688794" lon="2.732138">
        <ele>20.391</ele>
        <time>2024-12-31T10:12:29Z</time>
      </trkpt>
      <trkpt lat="41.688745" lon="2.732182">
        <ele>20.518</ele>
        <time>2024-12-31T10:12:35Z</time>
      </trkpt>
      <trkpt lat="41.688722" lon="2.732202">
        <ele>20.665</ele>
        <time>2024-12-31T10:12:37Z</time>
      </trkpt>
      <trkpt lat="41.688698" lon="2.732224">
        <ele>20.766</ele>
        <time>2024-12-31T10:12:40Z</time>
      </trkpt>
      <trkpt lat="41.688649" lon="2.732255">
        <ele>21.133</ele>
        <time>2024-12-31T10:12:45Z</time>
      </trkpt>
      <trkpt lat="41.688629" lon="2.732229">
        <ele>21.096</ele>
        <time>2024-12-31T10:12:48Z</time>
      </trkpt>
      <trkpt lat="41.688621" lon="2.732168">
        <ele>21.034</ele>
        <time>2024-12-31T10:12:53Z</time>
      </trkpt>
      <trkpt lat="41.688632" lon="2.732132">
        <ele>20.955</ele>
        <time>2024-12-31T10:12:56Z</time>
      </trkpt>
      <trkpt lat="41.688648" lon="2.732100">
        <ele>20.910</ele>
        <time>2024-12-31T10:12:59Z</time>
      </trkpt>
      <trkpt lat="41.688666" lon="2.732072">
        <ele>20.809</ele>
        <time>2024-12-31T10:13:01Z</time>
      </trkpt>
      <trkpt lat="41.688678" lon="2.732039">
        <ele>20.834</ele>
        <time>2024-12-31T10:13:04Z</time>
      </trkpt>
      <trkpt lat="41.688686" lon="2.732002">
        <ele>20.782</ele>
        <time>2024-12-31T10:13:07Z</time>
      </trkpt>
      <trkpt lat="41.688693" lon="2.731966">
        <ele>20.791</ele>
        <time>2024-12-31T10:13:09Z</time>
      </trkpt>
      <trkpt lat="41.688691" lon="2.731929">
        <ele>20.713</ele>
        <time>2024-12-31T10:13:12Z</time>
      </trkpt>
      <trkpt lat="41.688690" lon="2.731857">
        <ele>20.820</ele>
        <time>2024-12-31T10:13:17Z</time>
      </trkpt>
      <trkpt lat="41.688687" lon="2.731820">
        <ele>20.887</ele>
        <time>2024-12-31T10:13:20Z</time>
      </trkpt>
      <trkpt lat="41.688681" lon="2.731783">
        <ele>20.938</ele>
        <time>2024-12-31T10:13:22Z</time>
      </trkpt>
      <trkpt lat="41.688675" lon="2.731745">
        <ele>20.925</ele>
        <time>2024-12-31T10:13:25Z</time>
      </trkpt>
      <trkpt lat="41.688666" lon="2.731710">
        <ele>21.098</ele>
        <time>2024-12-31T10:13:28Z</time>
      </trkpt>
      <trkpt lat="41.688656" lon="2.731676">
        <ele>21.061</ele>
        <time>2024-12-31T10:13:30Z</time>
      </trkpt>
      <trkpt lat="41.688628" lon="2.731615">
        <ele>21.221</ele>
        <time>2024-12-31T10:13:36Z</time>
      </trkpt>
      <trkpt lat="41.688610" lon="2.731580">
        <ele>21.313</ele>
        <time>2024-12-31T10:13:39Z</time>
      </trkpt>
      <trkpt lat="41.688588" lon="2.731556">
        <ele>21.509</ele>
        <time>2024-12-31T10:13:42Z</time>
      </trkpt>
      <trkpt lat="41.688568" lon="2.731530">
        <ele>21.687</ele>
        <time>2024-12-31T10:13:45Z</time>
      </trkpt>
      <trkpt lat="41.688532" lon="2.731477">
        <ele>22.045</ele>
        <time>2024-12-31T10:13:50Z</time>
      </trkpt>
      <trkpt lat="41.688512" lon="2.731452">
        <ele>22.144</ele>
        <time>2024-12-31T10:13:53Z</time>
      </trkpt>
      <trkpt lat="41.688495" lon="2.731424">
        <ele>22.326</ele>
        <time>2024-12-31T10:13:56Z</time>
      </trkpt>
      <trkpt lat="41.688468" lon="2.731373">
        <ele>22.563</ele>
        <time>2024-12-31T10:14:01Z</time>
      </trkpt>
      <trkpt lat="41.688451" lon="2.731340">
        <ele>22.750</ele>
        <time>2024-12-31T10:14:04Z</time>
      </trkpt>
      <trkpt lat="41.688440" lon="2.731307">
        <ele>22.761</ele>
        <time>2024-12-31T10:14:07Z</time>
      </trkpt>
      <trkpt lat="41.688421" lon="2.731281">
        <ele>22.848</ele>
        <time>2024-12-31T10:15:46Z</time>
      </trkpt>
      <trkpt lat="41.688392" lon="2.731227">
        <ele>22.951</ele>
        <time>2024-12-31T10:15:51Z</time>
      </trkpt>
      <trkpt lat="41.688363" lon="2.731160">
        <ele>23.029</ele>
        <time>2024-12-31T10:15:56Z</time>
      </trkpt>
      <trkpt lat="41.688342" lon="2.731122">
        <ele>23.000</ele>
        <time>2024-12-31T10:15:59Z</time>
      </trkpt>
      <trkpt lat="41.688315" lon="2.731073">
        <ele>23.220</ele>
        <time>2024-12-31T10:16:04Z</time>
      </trkpt>
      <trkpt lat="41.688287" lon="2.731039">
        <ele>23.409</ele>
        <time>2024-12-31T10:16:07Z</time>
      </trkpt>
      <trkpt lat="41.688272" lon="2.731004">
        <ele>23.643</ele>
        <time>2024-12-31T10:16:10Z</time>
      </trkpt>
      <trkpt lat="41.688252" lon="2.730965">
        <ele>23.891</ele>
        <time>2024-12-31T10:16:13Z</time>
      </trkpt>
      <trkpt lat="41.688232" lon="2.730927">
        <ele>24.090</ele>
        <time>2024-12-31T10:16:17Z</time>
      </trkpt>
      <trkpt lat="41.688208" lon="2.730888">
        <ele>24.342</ele>
        <time>2024-12-31T10:16:20Z</time>
      </trkpt>
      <trkpt lat="41.688172" lon="2.730839">
        <ele>24.639</ele>
        <time>2024-12-31T10:17:09Z</time>
      </trkpt>
      <trkpt lat="41.688150" lon="2.730798">
        <ele>24.696</ele>
        <time>2024-12-31T10:17:13Z</time>
      </trkpt>
      <trkpt lat="41.688134" lon="2.730755">
        <ele>24.697</ele>
        <time>2024-12-31T10:17:16Z</time>
      </trkpt>
      <trkpt lat="41.688113" lon="2.730716">
        <ele>24.714</ele>
        <time>2024-12-31T10:17:20Z</time>
      </trkpt>
      <trkpt lat="41.688091" lon="2.730680">
        <ele>24.847</ele>
        <time>2024-12-31T10:17:23Z</time>
      </trkpt>
      <trkpt lat="41.688067" lon="2.730637">
        <ele>24.985</ele>
        <time>2024-12-31T10:17:27Z</time>
      </trkpt>
      <trkpt lat="41.688049" lon="2.730596">
        <ele>25.089</ele>
        <time>2024-12-31T10:17:30Z</time>
      </trkpt>
      <trkpt lat="41.688034" lon="2.730565">
        <ele>25.117</ele>
        <time>2024-12-31T10:17:33Z</time>
      </trkpt>
      <trkpt lat="41.688008" lon="2.730524">
        <ele>25.209</ele>
        <time>2024-12-31T10:17:37Z</time>
      </trkpt>
      <trkpt lat="41.687980" lon="2.730475">
        <ele>25.319</ele>
        <time>2024-12-31T10:17:41Z</time>
      </trkpt>
      <trkpt lat="41.687965" lon="2.730441">
        <ele>25.367</ele>
        <time>2024-12-31T10:17:44Z</time>
      </trkpt>
      <trkpt lat="41.687948" lon="2.730403">
        <ele>25.466</ele>
        <time>2024-12-31T10:17:47Z</time>
      </trkpt>
      <trkpt lat="41.687928" lon="2.730369">
        <ele>25.588</ele>
        <time>2024-12-31T10:17:50Z</time>
      </trkpt>
      <trkpt lat="41.687913" lon="2.730338">
        <ele>25.595</ele>
        <time>2024-12-31T10:17:53Z</time>
      </trkpt>
      <trkpt lat="41.687876" lon="2.730269">
        <ele>25.622</ele>
        <time>2024-12-31T10:17:59Z</time>
      </trkpt>
      <trkpt lat="41.687858" lon="2.730228">
        <ele>25.793</ele>
        <time>2024-12-31T10:18:02Z</time>
      </trkpt>
      <trkpt lat="41.687842" lon="2.730195">
        <ele>25.740</ele>
        <time>2024-12-31T10:18:05Z</time>
      </trkpt>
      <trkpt lat="41.687817" lon="2.730157">
        <ele>25.843</ele>
        <time>2024-12-31T10:18:08Z</time>
      </trkpt>
      <trkpt lat="41.687801" lon="2.730118">
        <ele>25.965</ele>
        <time>2024-12-31T10:18:12Z</time>
      </trkpt>
      <trkpt lat="41.687782" lon="2.730082">
        <ele>26.068</ele>
        <time>2024-12-31T10:18:15Z</time>
      </trkpt>
      <trkpt lat="41.687762" lon="2.730049">
        <ele>26.014</ele>
        <time>2024-12-31T10:18:18Z</time>
      </trkpt>
      <trkpt lat="41.687742" lon="2.730010">
        <ele>26.009</ele>
        <time>2024-12-31T10:18:22Z</time>
      </trkpt>
      <trkpt lat="41.687725" lon="2.729972">
        <ele>25.957</ele>
        <time>2024-12-31T10:18:25Z</time>
      </trkpt>
      <trkpt lat="41.687701" lon="2.729929">
        <ele>25.965</ele>
        <time>2024-12-31T10:18:29Z</time>
      </trkpt>
      <trkpt lat="41.687667" lon="2.729882">
        <ele>25.984</ele>
        <time>2024-12-31T10:18:33Z</time>
      </trkpt>
      <trkpt lat="41.687636" lon="2.729822">
        <ele>26.076</ele>
        <time>2024-12-31T10:18:38Z</time>
      </trkpt>
      <trkpt lat="41.687612" lon="2.729779">
        <ele>26.283</ele>
        <time>2024-12-31T10:18:42Z</time>
      </trkpt>
      <trkpt lat="41.687587" lon="2.729720">
        <ele>26.450</ele>
        <time>2024-12-31T10:18:47Z</time>
      </trkpt>
      <trkpt lat="41.687563" lon="2.729652">
        <ele>26.481</ele>
        <time>2024-12-31T10:18:52Z</time>
      </trkpt>
      <trkpt lat="41.687523" lon="2.729604">
        <ele>26.468</ele>
        <time>2024-12-31T10:18:58Z</time>
      </trkpt>
      <trkpt lat="41.687497" lon="2.729550">
        <ele>26.431</ele>
        <time>2024-12-31T10:19:02Z</time>
      </trkpt>
      <trkpt lat="41.687470" lon="2.729502">
        <ele>26.219</ele>
        <time>2024-12-31T10:19:06Z</time>
      </trkpt>
      <trkpt lat="41.687435" lon="2.729419">
        <ele>26.009</ele>
        <time>2024-12-31T10:19:13Z</time>
      </trkpt>
      <trkpt lat="41.687395" lon="2.729340">
        <ele>26.019</ele>
        <time>2024-12-31T10:19:20Z</time>
      </trkpt>
      <trkpt lat="41.687383" lon="2.729273">
        <ele>26.009</ele>
        <time>2024-12-31T10:19:25Z</time>
      </trkpt>
      <trkpt lat="41.687350" lon="2.729230">
        <ele>26.012</ele>
        <time>2024-12-31T10:19:29Z</time>
      </trkpt>
      <trkpt lat="41.687316" lon="2.729190">
        <ele>26.010</ele>
        <time>2024-12-31T10:19:33Z</time>
      </trkpt>
      <trkpt lat="41.687272" lon="2.729109">
        <ele>25.839</ele>
        <time>2024-12-31T10:19:40Z</time>
      </trkpt>
      <trkpt lat="41.687217" lon="2.729115">
        <ele>25.861</ele>
        <time>2024-12-31T10:19:46Z</time>
      </trkpt>
      <trkpt lat="41.687184" lon="2.729124">
        <ele>25.758</ele>
        <time>2024-12-31T10:19:55Z</time>
      </trkpt>
      <trkpt lat="41.687150" lon="2.729131">
        <ele>25.695</ele>
        <time>2024-12-31T10:19:59Z</time>
      </trkpt>
      <trkpt lat="41.687110" lon="2.729131">
        <ele>25.556</ele>
        <time>2024-12-31T10:20:03Z</time>
      </trkpt>
      <trkpt lat="41.687066" lon="2.729147">
        <ele>25.413</ele>
        <time>2024-12-31T10:20:07Z</time>
      </trkpt>
      <trkpt lat="41.687027" lon="2.729147">
        <ele>25.356</ele>
        <time>2024-12-31T10:20:11Z</time>
      </trkpt>
      <trkpt lat="41.686961" lon="2.729170">
        <ele>25.142</ele>
        <time>2024-12-31T10:20:18Z</time>
      </trkpt>
      <trkpt lat="41.686921" lon="2.729170">
        <ele>25.022</ele>
        <time>2024-12-31T10:20:21Z</time>
      </trkpt>
      <trkpt lat="41.686859" lon="2.729178">
        <ele>25.014</ele>
        <time>2024-12-31T10:20:27Z</time>
      </trkpt>
      <trkpt lat="41.686796" lon="2.729194">
        <ele>25.009</ele>
        <time>2024-12-31T10:20:33Z</time>
      </trkpt>
      <trkpt lat="41.686722" lon="2.729196">
        <ele>25.035</ele>
        <time>2024-12-31T10:20:40Z</time>
      </trkpt>
      <trkpt lat="41.686671" lon="2.729191">
        <ele>25.013</ele>
        <time>2024-12-31T10:20:45Z</time>
      </trkpt>
      <trkpt lat="41.686623" lon="2.729196">
        <ele>25.192</ele>
        <time>2024-12-31T10:20:50Z</time>
      </trkpt>
      <trkpt lat="41.686557" lon="2.729220">
        <ele>25.394</ele>
        <time>2024-12-31T10:20:56Z</time>
      </trkpt>
      <trkpt lat="41.686499" lon="2.729238">
        <ele>25.461</ele>
        <time>2024-12-31T10:21:02Z</time>
      </trkpt>
      <trkpt lat="41.686413" lon="2.729288">
        <ele>25.528</ele>
        <time>2024-12-31T10:21:11Z</time>
      </trkpt>
      <trkpt lat="41.686385" lon="2.729300">
        <ele>25.529</ele>
        <time>2024-12-31T10:21:14Z</time>
      </trkpt>
      <trkpt lat="41.686354" lon="2.729313">
        <ele>25.526</ele>
        <time>2024-12-31T10:21:18Z</time>
      </trkpt>
      <trkpt lat="41.686327" lon="2.729323">
        <ele>25.419</ele>
        <time>2024-12-31T10:21:21Z</time>
      </trkpt>
      <trkpt lat="41.686298" lon="2.729338">
        <ele>25.429</ele>
        <time>2024-12-31T10:21:24Z</time>
      </trkpt>
      <trkpt lat="41.686270" lon="2.729359">
        <ele>25.300</ele>
        <time>2024-12-31T10:21:27Z</time>
      </trkpt>
      <trkpt lat="41.686241" lon="2.729381">
        <ele>25.220</ele>
        <time>2024-12-31T10:21:31Z</time>
      </trkpt>
      <trkpt lat="41.686222" lon="2.729407">
        <ele>25.109</ele>
        <time>2024-12-31T10:21:33Z</time>
      </trkpt>
      <trkpt lat="41.686206" lon="2.729445">
        <ele>25.043</ele>
        <time>2024-12-31T10:21:37Z</time>
      </trkpt>
      <trkpt lat="41.686195" lon="2.729514">
        <ele>24.321</ele>
        <time>2024-12-31T10:21:43Z</time>
      </trkpt>
      <trkpt lat="41.686199" lon="2.729558">
        <ele>23.970</ele>
        <time>2024-12-31T10:21:47Z</time>
      </trkpt>
      <trkpt lat="41.686201" lon="2.729596">
        <ele>23.542</ele>
        <time>2024-12-31T10:21:50Z</time>
      </trkpt>
      <trkpt lat="41.686200" lon="2.729669">
        <ele>22.869</ele>
        <time>2024-12-31T10:21:55Z</time>
      </trkpt>
      <trkpt lat="41.686199" lon="2.729712">
        <ele>22.486</ele>
        <time>2024-12-31T10:21:58Z</time>
      </trkpt>
      <trkpt lat="41.686195" lon="2.729756">
        <ele>21.927</ele>
        <time>2024-12-31T10:22:01Z</time>
      </trkpt>
      <trkpt lat="41.686192" lon="2.729795">
        <ele>21.564</ele>
        <time>2024-12-31T10:22:04Z</time>
      </trkpt>
      <trkpt lat="41.686184" lon="2.729831">
        <ele>21.197</ele>
        <time>2024-12-31T10:22:07Z</time>
      </trkpt>
      <trkpt lat="41.686169" lon="2.729872">
        <ele>20.641</ele>
        <time>2024-12-31T10:22:10Z</time>
      </trkpt>
      <trkpt lat="41.686161" lon="2.729914">
        <ele>20.181</ele>
        <time>2024-12-31T10:22:13Z</time>
      </trkpt>
      <trkpt lat="41.686152" lon="2.729951">
        <ele>19.709</ele>
        <time>2024-12-31T10:22:16Z</time>
      </trkpt>
      <trkpt lat="41.686141" lon="2.729989">
        <ele>19.209</ele>
        <time>2024-12-31T10:22:19Z</time>
      </trkpt>
      <trkpt lat="41.686130" lon="2.730030">
        <ele>18.835</ele>
        <time>2024-12-31T10:22:22Z</time>
      </trkpt>
      <trkpt lat="41.686121" lon="2.730068">
        <ele>18.373</ele>
        <time>2024-12-31T10:22:25Z</time>
      </trkpt>
      <trkpt lat="41.686110" lon="2.730104">
        <ele>17.922</ele>
        <time>2024-12-31T10:22:27Z</time>
      </trkpt>
      <trkpt lat="41.686097" lon="2.730145">
        <ele>17.764</ele>
        <time>2024-12-31T10:22:31Z</time>
      </trkpt>
      <trkpt lat="41.686083" lon="2.730187">
        <ele>17.581</ele>
        <time>2024-12-31T10:22:34Z</time>
      </trkpt>
      <trkpt lat="41.686071" lon="2.730224">
        <ele>17.388</ele>
        <time>2024-12-31T10:22:37Z</time>
      </trkpt>
      <trkpt lat="41.686060" lon="2.730258">
        <ele>17.129</ele>
        <time>2024-12-31T10:22:39Z</time>
      </trkpt>
      <trkpt lat="41.686046" lon="2.730295">
        <ele>17.126</ele>
        <time>2024-12-31T10:22:42Z</time>
      </trkpt>
      <trkpt lat="41.686027" lon="2.730333">
        <ele>17.399</ele>
        <time>2024-12-31T10:22:45Z</time>
      </trkpt>
      <trkpt lat="41.686010" lon="2.730367">
        <ele>17.546</ele>
        <time>2024-12-31T10:22:48Z</time>
      </trkpt>
      <trkpt lat="41.685993" lon="2.730397">
        <ele>17.788</ele>
        <time>2024-12-31T10:22:51Z</time>
      </trkpt>
      <trkpt lat="41.685975" lon="2.730425">
        <ele>17.916</ele>
        <time>2024-12-31T10:22:54Z</time>
      </trkpt>
      <trkpt lat="41.685952" lon="2.730456">
        <ele>18.209</ele>
        <time>2024-12-31T10:22:57Z</time>
      </trkpt>
      <trkpt lat="41.685928" lon="2.730485">
        <ele>18.655</ele>
        <time>2024-12-31T10:23:00Z</time>
      </trkpt>
      <trkpt lat="41.685902" lon="2.730513">
        <ele>18.983</ele>
        <time>2024-12-31T10:23:03Z</time>
      </trkpt>
      <trkpt lat="41.685878" lon="2.730535">
        <ele>19.342</ele>
        <time>2024-12-31T10:23:06Z</time>
      </trkpt>
      <trkpt lat="41.685854" lon="2.730560">
        <ele>19.684</ele>
        <time>2024-12-31T10:23:09Z</time>
      </trkpt>
      <trkpt lat="41.685828" lon="2.730582">
        <ele>20.071</ele>
        <time>2024-12-31T10:23:11Z</time>
      </trkpt>
      <trkpt lat="41.685801" lon="2.730598">
        <ele>20.488</ele>
        <time>2024-12-31T10:23:14Z</time>
      </trkpt>
      <trkpt lat="41.685774" lon="2.730622">
        <ele>20.989</ele>
        <time>2024-12-31T10:23:17Z</time>
      </trkpt>
      <trkpt lat="41.685744" lon="2.730643">
        <ele>21.476</ele>
        <time>2024-12-31T10:23:21Z</time>
      </trkpt>
      <trkpt lat="41.685716" lon="2.730654">
        <ele>21.949</ele>
        <time>2024-12-31T10:23:24Z</time>
      </trkpt>
      <trkpt lat="41.685691" lon="2.730671">
        <ele>22.411</ele>
        <time>2024-12-31T10:23:27Z</time>
      </trkpt>
      <trkpt lat="41.685663" lon="2.730682">
        <ele>22.921</ele>
        <time>2024-12-31T10:23:30Z</time>
      </trkpt>
      <trkpt lat="41.685635" lon="2.730698">
        <ele>23.403</ele>
        <time>2024-12-31T10:23:33Z</time>
      </trkpt>
      <trkpt lat="41.685608" lon="2.730717">
        <ele>23.909</ele>
        <time>2024-12-31T10:23:36Z</time>
      </trkpt>
      <trkpt lat="41.685583" lon="2.730737">
        <ele>24.492</ele>
        <time>2024-12-31T10:23:39Z</time>
      </trkpt>
      <trkpt lat="41.685556" lon="2.730754">
        <ele>25.060</ele>
        <time>2024-12-31T10:23:42Z</time>
      </trkpt>
      <trkpt lat="41.685526" lon="2.730769">
        <ele>25.349</ele>
        <time>2024-12-31T10:23:45Z</time>
      </trkpt>
      <trkpt lat="41.685482" lon="2.730787">
        <ele>25.821</ele>
        <time>2024-12-31T10:23:51Z</time>
      </trkpt>
      <trkpt lat="41.685455" lon="2.730802">
        <ele>26.118</ele>
        <time>2024-12-31T10:23:54Z</time>
      </trkpt>
      <trkpt lat="41.685407" lon="2.730838">
        <ele>26.645</ele>
        <time>2024-12-31T10:24:01Z</time>
      </trkpt>
      <trkpt lat="41.685381" lon="2.730848">
        <ele>26.966</ele>
        <time>2024-12-31T10:24:03Z</time>
      </trkpt>
      <trkpt lat="41.685352" lon="2.730861">
        <ele>27.273</ele>
        <time>2024-12-31T10:24:07Z</time>
      </trkpt>
      <trkpt lat="41.685314" lon="2.730873">
        <ele>27.796</ele>
        <time>2024-12-31T10:24:11Z</time>
      </trkpt>
      <trkpt lat="41.685280" lon="2.730895">
        <ele>28.281</ele>
        <time>2024-12-31T10:24:15Z</time>
      </trkpt>
      <trkpt lat="41.685248" lon="2.730911">
        <ele>28.761</ele>
        <time>2024-12-31T10:24:19Z</time>
      </trkpt>
      <trkpt lat="41.685212" lon="2.730934">
        <ele>29.317</ele>
        <time>2024-12-31T10:24:23Z</time>
      </trkpt>
      <trkpt lat="41.685159" lon="2.730968">
        <ele>30.209</ele>
        <time>2024-12-31T10:24:30Z</time>
      </trkpt>
      <trkpt lat="41.685128" lon="2.730983">
        <ele>30.779</ele>
        <time>2024-12-31T10:24:33Z</time>
      </trkpt>
      <trkpt lat="41.685092" lon="2.730978">
        <ele>31.247</ele>
        <time>2024-12-31T10:24:38Z</time>
      </trkpt>
      <trkpt lat="41.685050" lon="2.730956">
        <ele>31.736</ele>
        <time>2024-12-31T10:24:43Z</time>
      </trkpt>
      <trkpt lat="41.685018" lon="2.730950">
        <ele>32.288</ele>
        <time>2024-12-31T10:24:47Z</time>
      </trkpt>
      <trkpt lat="41.684982" lon="2.730949">
        <ele>32.525</ele>
        <time>2024-12-31T10:24:51Z</time>
      </trkpt>
      <trkpt lat="41.684949" lon="2.730932">
        <ele>32.542</ele>
        <time>2024-12-31T10:24:55Z</time>
      </trkpt>
      <trkpt lat="41.684918" lon="2.730906">
        <ele>32.693</ele>
        <time>2024-12-31T10:24:58Z</time>
      </trkpt>
      <trkpt lat="41.684898" lon="2.730873">
        <ele>32.520</ele>
        <time>2024-12-31T10:25:01Z</time>
      </trkpt>
      <trkpt lat="41.684880" lon="2.730803">
        <ele>32.473</ele>
        <time>2024-12-31T10:25:06Z</time>
      </trkpt>
      <trkpt lat="41.684857" lon="2.730733">
        <ele>32.325</ele>
        <time>2024-12-31T10:25:14Z</time>
      </trkpt>
      <trkpt lat="41.684838" lon="2.730665">
        <ele>32.326</ele>
        <time>2024-12-31T10:25:21Z</time>
      </trkpt>
      <trkpt lat="41.684832" lon="2.730629">
        <ele>32.308</ele>
        <time>2024-12-31T10:25:24Z</time>
      </trkpt>
      <trkpt lat="41.684821" lon="2.730553">
        <ele>32.309</ele>
        <time>2024-12-31T10:25:31Z</time>
      </trkpt>
      <trkpt lat="41.684815" lon="2.730515">
        <ele>32.713</ele>
        <time>2024-12-31T10:25:37Z</time>
      </trkpt>
      <trkpt lat="41.684809" lon="2.730474">
        <ele>33.221</ele>
        <time>2024-12-31T10:25:41Z</time>
      </trkpt>
      <trkpt lat="41.684803" lon="2.730436">
        <ele>33.610</ele>
        <time>2024-12-31T10:25:43Z</time>
      </trkpt>
      <trkpt lat="41.684797" lon="2.730400">
        <ele>34.072</ele>
        <time>2024-12-31T10:25:48Z</time>
      </trkpt>
      <trkpt lat="41.684791" lon="2.730361">
        <ele>34.469</ele>
        <time>2024-12-31T10:25:52Z</time>
      </trkpt>
      <trkpt lat="41.684783" lon="2.730319">
        <ele>34.956</ele>
        <time>2024-12-31T10:25:56Z</time>
      </trkpt>
      <trkpt lat="41.684776" lon="2.730282">
        <ele>35.417</ele>
        <time>2024-12-31T10:26:00Z</time>
      </trkpt>
      <trkpt lat="41.684771" lon="2.730242">
        <ele>35.974</ele>
        <time>2024-12-31T10:26:03Z</time>
      </trkpt>
      <trkpt lat="41.684756" lon="2.730176">
        <ele>37.037</ele>
        <time>2024-12-31T10:26:10Z</time>
      </trkpt>
      <trkpt lat="41.684733" lon="2.730115">
        <ele>38.269</ele>
        <time>2024-12-31T10:26:16Z</time>
      </trkpt>
      <trkpt lat="41.684698" lon="2.730060">
        <ele>39.404</ele>
        <time>2024-12-31T10:26:24Z</time>
      </trkpt>
      <trkpt lat="41.684673" lon="2.730036">
        <ele>40.024</ele>
        <time>2024-12-31T10:26:29Z</time>
      </trkpt>
      <trkpt lat="41.684643" lon="2.730027">
        <ele>40.509</ele>
        <time>2024-12-31T10:26:33Z</time>
      </trkpt>
      <trkpt lat="41.684614" lon="2.730027">
        <ele>40.837</ele>
        <time>2024-12-31T10:26:36Z</time>
      </trkpt>
      <trkpt lat="41.684586" lon="2.730027">
        <ele>41.145</ele>
        <time>2024-12-31T10:26:41Z</time>
      </trkpt>
      <trkpt lat="41.684557" lon="2.730032">
        <ele>41.454</ele>
        <time>2024-12-31T10:26:43Z</time>
      </trkpt>
      <trkpt lat="41.684530" lon="2.730037">
        <ele>41.616</ele>
        <time>2024-12-31T10:26:47Z</time>
      </trkpt>
      <trkpt lat="41.684498" lon="2.730047">
        <ele>41.953</ele>
        <time>2024-12-31T10:26:50Z</time>
      </trkpt>
      <trkpt lat="41.684471" lon="2.730058">
        <ele>42.120</ele>
        <time>2024-12-31T10:26:56Z</time>
      </trkpt>
      <trkpt lat="41.684444" lon="2.730068">
        <ele>42.361</ele>
        <time>2024-12-31T10:27:03Z</time>
      </trkpt>
      <trkpt lat="41.684416" lon="2.730076">
        <ele>42.288</ele>
        <time>2024-12-31T10:27:07Z</time>
      </trkpt>
      <trkpt lat="41.684385" lon="2.730083">
        <ele>42.251</ele>
        <time>2024-12-31T10:27:12Z</time>
      </trkpt>
      <trkpt lat="41.684358" lon="2.730091">
        <ele>42.163</ele>
        <time>2024-12-31T10:27:15Z</time>
      </trkpt>
      <trkpt lat="41.684329" lon="2.730105">
        <ele>42.044</ele>
        <time>2024-12-31T10:27:19Z</time>
      </trkpt>
      <trkpt lat="41.684299" lon="2.730111">
        <ele>42.018</ele>
        <time>2024-12-31T10:27:22Z</time>
      </trkpt>
      <trkpt lat="41.684270" lon="2.730122">
        <ele>42.009</ele>
        <time>2024-12-31T10:27:26Z</time>
      </trkpt>
      <trkpt lat="41.684240" lon="2.730127">
        <ele>42.067</ele>
        <time>2024-12-31T10:27:30Z</time>
      </trkpt>
      <trkpt lat="41.684212" lon="2.730133">
        <ele>42.095</ele>
        <time>2024-12-31T10:27:34Z</time>
      </trkpt>
      <trkpt lat="41.684154" lon="2.730135">
        <ele>42.174</ele>
        <time>2024-12-31T10:27:42Z</time>
      </trkpt>
      <trkpt lat="41.684097" lon="2.730135">
        <ele>42.326</ele>
        <time>2024-12-31T10:27:49Z</time>
      </trkpt>
      <trkpt lat="41.684046" lon="2.730138">
        <ele>42.443</ele>
        <time>2024-12-31T10:27:55Z</time>
      </trkpt>
      <trkpt lat="41.684019" lon="2.730146">
        <ele>42.530</ele>
        <time>2024-12-31T10:27:58Z</time>
      </trkpt>
      <trkpt lat="41.683990" lon="2.730156">
        <ele>42.631</ele>
        <time>2024-12-31T10:28:01Z</time>
      </trkpt>
      <trkpt lat="41.683930" lon="2.730175">
        <ele>42.898</ele>
        <time>2024-12-31T10:28:08Z</time>
      </trkpt>
      <trkpt lat="41.683898" lon="2.730180">
        <ele>43.071</ele>
        <time>2024-12-31T10:28:12Z</time>
      </trkpt>
      <trkpt lat="41.683867" lon="2.730186">
        <ele>43.221</ele>
        <time>2024-12-31T10:28:15Z</time>
      </trkpt>
      <trkpt lat="41.683836" lon="2.730198">
        <ele>43.541</ele>
        <time>2024-12-31T10:28:19Z</time>
      </trkpt>
      <trkpt lat="41.683781" lon="2.730222">
        <ele>44.105</ele>
        <time>2024-12-31T10:28:26Z</time>
      </trkpt>
      <trkpt lat="41.683750" lon="2.730236">
        <ele>44.409</ele>
        <time>2024-12-31T10:28:29Z</time>
      </trkpt>
      <trkpt lat="41.683718" lon="2.730243">
        <ele>44.823</ele>
        <time>2024-12-31T10:28:32Z</time>
      </trkpt>
      <trkpt lat="41.683691" lon="2.730245">
        <ele>45.161</ele>
        <time>2024-12-31T10:28:35Z</time>
      </trkpt>
      <trkpt lat="41.683659" lon="2.730244">
        <ele>45.430</ele>
        <time>2024-12-31T10:28:39Z</time>
      </trkpt>
      <trkpt lat="41.683631" lon="2.730233">
        <ele>45.642</ele>
        <time>2024-12-31T10:28:42Z</time>
      </trkpt>
      <trkpt lat="41.683599" lon="2.730225">
        <ele>45.959</ele>
        <time>2024-12-31T10:28:46Z</time>
      </trkpt>
      <trkpt lat="41.683570" lon="2.730216">
        <ele>46.196</ele>
        <time>2024-12-31T10:28:50Z</time>
      </trkpt>
      <trkpt lat="41.683540" lon="2.730203">
        <ele>46.367</ele>
        <time>2024-12-31T10:28:53Z</time>
      </trkpt>
      <trkpt lat="41.683511" lon="2.730188">
        <ele>46.524</ele>
        <time>2024-12-31T10:28:57Z</time>
      </trkpt>
      <trkpt lat="41.683486" lon="2.730174">
        <ele>46.787</ele>
        <time>2024-12-31T10:29:00Z</time>
      </trkpt>
      <trkpt lat="41.683460" lon="2.730154">
        <ele>46.951</ele>
        <time>2024-12-31T10:29:04Z</time>
      </trkpt>
      <trkpt lat="41.683432" lon="2.730136">
        <ele>47.101</ele>
        <time>2024-12-31T10:29:07Z</time>
      </trkpt>
      <trkpt lat="41.683406" lon="2.730118">
        <ele>47.311</ele>
        <time>2024-12-31T10:29:11Z</time>
      </trkpt>
      <trkpt lat="41.683379" lon="2.730098">
        <ele>47.609</ele>
        <time>2024-12-31T10:29:14Z</time>
      </trkpt>
      <trkpt lat="41.683348" lon="2.730091">
        <ele>47.926</ele>
        <time>2024-12-31T10:29:18Z</time>
      </trkpt>
      <trkpt lat="41.683322" lon="2.730079">
        <ele>48.174</ele>
        <time>2024-12-31T10:29:22Z</time>
      </trkpt>
      <trkpt lat="41.683271" lon="2.730059">
        <ele>48.453</ele>
        <time>2024-12-31T10:29:29Z</time>
      </trkpt>
      <trkpt lat="41.683215" lon="2.730053">
        <ele>48.915</ele>
        <time>2024-12-31T10:29:37Z</time>
      </trkpt>
      <trkpt lat="41.683171" lon="2.730070">
        <ele>49.292</ele>
        <time>2024-12-31T10:29:42Z</time>
      </trkpt>
      <trkpt lat="41.683143" lon="2.730084">
        <ele>49.459</ele>
        <time>2024-12-31T10:29:48Z</time>
      </trkpt>
      <trkpt lat="41.683116" lon="2.730103">
        <ele>49.640</ele>
        <time>2024-12-31T10:29:51Z</time>
      </trkpt>
      <trkpt lat="41.683073" lon="2.730139">
        <ele>49.957</ele>
        <time>2024-12-31T10:29:57Z</time>
      </trkpt>
      <trkpt lat="41.683042" lon="2.730156">
        <ele>50.120</ele>
        <time>2024-12-31T10:30:02Z</time>
      </trkpt>
      <trkpt lat="41.683017" lon="2.730185">
        <ele>50.254</ele>
        <time>2024-12-31T10:30:06Z</time>
      </trkpt>
      <trkpt lat="41.682989" lon="2.730198">
        <ele>50.456</ele>
        <time>2024-12-31T10:30:17Z</time>
      </trkpt>
      <trkpt lat="41.682953" lon="2.730231">
        <ele>50.711</ele>
        <time>2024-12-31T10:30:22Z</time>
      </trkpt>
      <trkpt lat="41.682935" lon="2.730260">
        <ele>50.809</ele>
        <time>2024-12-31T10:30:25Z</time>
      </trkpt>
      <trkpt lat="41.682919" lon="2.730290">
        <ele>51.096</ele>
        <time>2024-12-31T10:30:32Z</time>
      </trkpt>
      <trkpt lat="41.682905" lon="2.730352">
        <ele>51.564</ele>
        <time>2024-12-31T10:30:42Z</time>
      </trkpt>
      <trkpt lat="41.682896" lon="2.730402">
        <ele>51.993</ele>
        <time>2024-12-31T10:30:45Z</time>
      </trkpt>
      <trkpt lat="41.682893" lon="2.730443">
        <ele>52.255</ele>
        <time>2024-12-31T10:30:49Z</time>
      </trkpt>
      <trkpt lat="41.682900" lon="2.730478">
        <ele>52.382</ele>
        <time>2024-12-31T10:30:51Z</time>
      </trkpt>
      <trkpt lat="41.682911" lon="2.730519">
        <ele>52.419</ele>
        <time>2024-12-31T10:30:55Z</time>
      </trkpt>
      <trkpt lat="41.682920" lon="2.730557">
        <ele>52.410</ele>
        <time>2024-12-31T10:30:58Z</time>
      </trkpt>
      <trkpt lat="41.682941" lon="2.730628">
        <ele>52.477</ele>
        <time>2024-12-31T10:31:03Z</time>
      </trkpt>
      <trkpt lat="41.682953" lon="2.730671">
        <ele>52.480</ele>
        <time>2024-12-31T10:31:07Z</time>
      </trkpt>
      <trkpt lat="41.682961" lon="2.730706">
        <ele>52.467</ele>
        <time>2024-12-31T10:31:09Z</time>
      </trkpt>
      <trkpt lat="41.682975" lon="2.730744">
        <ele>52.381</ele>
        <time>2024-12-31T10:31:13Z</time>
      </trkpt>
      <trkpt lat="41.682982" lon="2.730782">
        <ele>52.419</ele>
        <time>2024-12-31T10:31:16Z</time>
      </trkpt>
      <trkpt lat="41.683005" lon="2.730852">
        <ele>52.209</ele>
        <time>2024-12-31T10:31:21Z</time>
      </trkpt>
      <trkpt lat="41.683015" lon="2.730888">
        <ele>52.377</ele>
        <time>2024-12-31T10:31:24Z</time>
      </trkpt>
      <trkpt lat="41.683034" lon="2.730916">
        <ele>52.165</ele>
        <time>2024-12-31T10:31:27Z</time>
      </trkpt>
      <trkpt lat="41.683048" lon="2.730979">
        <ele>52.284</ele>
        <time>2024-12-31T10:31:31Z</time>
      </trkpt>
      <trkpt lat="41.683058" lon="2.731039">
        <ele>52.486</ele>
        <time>2024-12-31T10:31:36Z</time>
      </trkpt>
      <trkpt lat="41.683057" lon="2.731080">
        <ele>52.823</ele>
        <time>2024-12-31T10:31:40Z</time>
      </trkpt>
      <trkpt lat="41.683050" lon="2.731116">
        <ele>53.110</ele>
        <time>2024-12-31T10:31:43Z</time>
      </trkpt>
      <trkpt lat="41.683036" lon="2.731150">
        <ele>53.421</ele>
        <time>2024-12-31T10:31:45Z</time>
      </trkpt>
      <trkpt lat="41.683015" lon="2.731175">
        <ele>53.838</ele>
        <time>2024-12-31T10:31:49Z</time>
      </trkpt>
      <trkpt lat="41.682963" lon="2.731214">
        <ele>54.971</ele>
        <time>2024-12-31T10:31:55Z</time>
      </trkpt>
      <trkpt lat="41.682932" lon="2.731232">
        <ele>55.545</ele>
        <time>2024-12-31T10:31:59Z</time>
      </trkpt>
      <trkpt lat="41.682886" lon="2.731255">
        <ele>56.347</ele>
        <time>2024-12-31T10:32:04Z</time>
      </trkpt>
      <trkpt lat="41.682859" lon="2.731266">
        <ele>56.911</ele>
        <time>2024-12-31T10:32:07Z</time>
      </trkpt>
      <trkpt lat="41.682830" lon="2.731281">
        <ele>57.409</ele>
        <time>2024-12-31T10:32:12Z</time>
      </trkpt>
      <trkpt lat="41.682799" lon="2.731296">
        <ele>57.965</ele>
        <time>2024-12-31T10:32:17Z</time>
      </trkpt>
      <trkpt lat="41.682770" lon="2.731308">
        <ele>58.473</ele>
        <time>2024-12-31T10:32:22Z</time>
      </trkpt>
      <trkpt lat="41.682723" lon="2.731322">
        <ele>59.222</ele>
        <time>2024-12-31T10:32:31Z</time>
      </trkpt>
      <trkpt lat="41.682673" lon="2.731347">
        <ele>60.044</ele>
        <time>2024-12-31T10:32:38Z</time>
      </trkpt>
      <trkpt lat="41.682642" lon="2.731352">
        <ele>60.651</ele>
        <time>2024-12-31T10:32:44Z</time>
      </trkpt>
      <trkpt lat="41.682610" lon="2.731351">
        <ele>61.228</ele>
        <time>2024-12-31T10:32:48Z</time>
      </trkpt>
      <trkpt lat="41.682582" lon="2.731359">
        <ele>61.679</ele>
        <time>2024-12-31T10:32:53Z</time>
      </trkpt>
      <trkpt lat="41.682532" lon="2.731382">
        <ele>62.466</ele>
        <time>2024-12-31T10:33:02Z</time>
      </trkpt>
      <trkpt lat="41.682505" lon="2.731390">
        <ele>62.989</ele>
        <time>2024-12-31T10:33:06Z</time>
      </trkpt>
      <trkpt lat="41.682452" lon="2.731415">
        <ele>63.995</ele>
        <time>2024-12-31T10:33:16Z</time>
      </trkpt>
      <trkpt lat="41.682427" lon="2.731429">
        <ele>64.449</ele>
        <time>2024-12-31T10:33:20Z</time>
      </trkpt>
      <trkpt lat="41.682401" lon="2.731447">
        <ele>64.923</ele>
        <time>2024-12-31T10:33:24Z</time>
      </trkpt>
      <trkpt lat="41.682375" lon="2.731463">
        <ele>65.309</ele>
        <time>2024-12-31T10:33:30Z</time>
      </trkpt>
      <trkpt lat="41.682326" lon="2.731491">
        <ele>66.270</ele>
        <time>2024-12-31T10:33:38Z</time>
      </trkpt>
      <trkpt lat="41.682300" lon="2.731508">
        <ele>66.698</ele>
        <time>2024-12-31T10:33:41Z</time>
      </trkpt>
      <trkpt lat="41.682252" lon="2.731538">
        <ele>67.347</ele>
        <time>2024-12-31T10:33:51Z</time>
      </trkpt>
      <trkpt lat="41.682224" lon="2.731556">
        <ele>67.819</ele>
        <time>2024-12-31T10:33:55Z</time>
      </trkpt>
      <trkpt lat="41.682190" lon="2.731572">
        <ele>68.476</ele>
        <time>2024-12-31T10:34:00Z</time>
      </trkpt>
      <trkpt lat="41.682144" lon="2.731584">
        <ele>69.393</ele>
        <time>2024-12-31T10:34:07Z</time>
      </trkpt>
      <trkpt lat="41.682114" lon="2.731592">
        <ele>69.964</ele>
        <time>2024-12-31T10:34:11Z</time>
      </trkpt>
      <trkpt lat="41.682061" lon="2.731598">
        <ele>71.021</ele>
        <time>2024-12-31T10:34:18Z</time>
      </trkpt>
      <trkpt lat="41.682033" lon="2.731587">
        <ele>71.734</ele>
        <time>2024-12-31T10:34:23Z</time>
      </trkpt>
      <trkpt lat="41.682010" lon="2.731564">
        <ele>72.399</ele>
        <time>2024-12-31T10:34:27Z</time>
      </trkpt>
      <trkpt lat="41.681995" lon="2.731527">
        <ele>72.907</ele>
        <time>2024-12-31T10:34:33Z</time>
      </trkpt>
      <trkpt lat="41.681988" lon="2.731486">
        <ele>73.427</ele>
        <time>2024-12-31T10:34:36Z</time>
      </trkpt>
      <trkpt lat="41.681976" lon="2.731446">
        <ele>73.909</ele>
        <time>2024-12-31T10:34:40Z</time>
      </trkpt>
      <trkpt lat="41.681966" lon="2.731406">
        <ele>74.440</ele>
        <time>2024-12-31T10:34:43Z</time>
      </trkpt>
      <trkpt lat="41.681954" lon="2.731369">
        <ele>74.848</ele>
        <time>2024-12-31T10:34:47Z</time>
      </trkpt>
      <trkpt lat="41.681937" lon="2.731299">
        <ele>75.227</ele>
        <time>2024-12-31T10:34:53Z</time>
      </trkpt>
      <trkpt lat="41.681922" lon="2.731266">
        <ele>75.659</ele>
        <time>2024-12-31T10:34:56Z</time>
      </trkpt>
      <trkpt lat="41.681887" lon="2.731206">
        <ele>76.776</ele>
        <time>2024-12-31T10:35:01Z</time>
      </trkpt>
      <trkpt lat="41.681869" lon="2.731171">
        <ele>77.293</ele>
        <time>2024-12-31T10:35:05Z</time>
      </trkpt>
      <trkpt lat="41.681846" lon="2.731117">
        <ele>77.854</ele>
        <time>2024-12-31T10:35:10Z</time>
      </trkpt>
      <trkpt lat="41.681817" lon="2.731067">
        <ele>78.551</ele>
        <time>2024-12-31T10:35:17Z</time>
      </trkpt>
      <trkpt lat="41.681788" lon="2.731013">
        <ele>79.124</ele>
        <time>2024-12-31T10:35:24Z</time>
      </trkpt>
      <trkpt lat="41.681760" lon="2.730954">
        <ele>79.657</ele>
        <time>2024-12-31T10:35:33Z</time>
      </trkpt>
      <trkpt lat="41.681747" lon="2.730920">
        <ele>79.700</ele>
        <time>2024-12-31T10:35:37Z</time>
      </trkpt>
      <trkpt lat="41.681723" lon="2.730859">
        <ele>79.920</ele>
        <time>2024-12-31T10:35:45Z</time>
      </trkpt>
      <trkpt lat="41.681710" lon="2.730825">
        <ele>80.009</ele>
        <time>2024-12-31T10:35:49Z</time>
      </trkpt>
      <trkpt lat="41.681698" lon="2.730792">
        <ele>79.926</ele>
        <time>2024-12-31T10:35:51Z</time>
      </trkpt>
      <trkpt lat="41.681669" lon="2.730732">
        <ele>79.934</ele>
        <time>2024-12-31T10:35:57Z</time>
      </trkpt>
      <trkpt lat="41.681651" lon="2.730704">
        <ele>80.153</ele>
        <time>2024-12-31T10:36:00Z</time>
      </trkpt>
      <trkpt lat="41.681629" lon="2.730679">
        <ele>80.485</ele>
        <time>2024-12-31T10:36:04Z</time>
      </trkpt>
      <trkpt lat="41.681591" lon="2.730641">
        <ele>81.182</ele>
        <time>2024-12-31T10:36:10Z</time>
      </trkpt>
      <trkpt lat="41.681550" lon="2.730599">
        <ele>81.849</ele>
        <time>2024-12-31T10:36:19Z</time>
      </trkpt>
      <trkpt lat="41.681526" lon="2.730578">
        <ele>82.340</ele>
        <time>2024-12-31T10:36:23Z</time>
      </trkpt>
      <trkpt lat="41.681502" lon="2.730555">
        <ele>82.757</ele>
        <time>2024-12-31T10:36:27Z</time>
      </trkpt>
      <trkpt lat="41.681480" lon="2.730529">
        <ele>83.130</ele>
        <time>2024-12-31T10:36:32Z</time>
      </trkpt>
      <trkpt lat="41.681462" lon="2.730499">
        <ele>83.317</ele>
        <time>2024-12-31T10:36:39Z</time>
      </trkpt>
      <trkpt lat="41.681440" lon="2.730476">
        <ele>83.787</ele>
        <time>2024-12-31T10:36:45Z</time>
      </trkpt>
      <trkpt lat="41.681418" lon="2.730450">
        <ele>84.015</ele>
        <time>2024-12-31T10:36:50Z</time>
      </trkpt>
      <trkpt lat="41.681390" lon="2.730428">
        <ele>84.609</ele>
        <time>2024-12-31T10:36:55Z</time>
      </trkpt>
      <trkpt lat="41.681343" lon="2.730394">
        <ele>86.042</ele>
        <time>2024-12-31T10:37:04Z</time>
      </trkpt>
      <trkpt lat="41.681324" lon="2.730368">
        <ele>86.560</ele>
        <time>2024-12-31T10:37:07Z</time>
      </trkpt>
      <trkpt lat="41.681284" lon="2.730331">
        <ele>87.789</ele>
        <time>2024-12-31T10:37:14Z</time>
      </trkpt>
      <trkpt lat="41.681240" lon="2.730289">
        <ele>89.031</ele>
        <time>2024-12-31T10:37:23Z</time>
      </trkpt>
      <trkpt lat="41.681193" lon="2.730250">
        <ele>90.648</ele>
        <time>2024-12-31T10:37:35Z</time>
      </trkpt>
      <trkpt lat="41.681168" lon="2.730228">
        <ele>91.415</ele>
        <time>2024-12-31T10:37:39Z</time>
      </trkpt>
      <trkpt lat="41.681145" lon="2.730205">
        <ele>92.246</ele>
        <time>2024-12-31T10:37:42Z</time>
      </trkpt>
      <trkpt lat="41.681117" lon="2.730201">
        <ele>93.223</ele>
        <time>2024-12-31T10:37:47Z</time>
      </trkpt>
      <trkpt lat="41.681089" lon="2.730181">
        <ele>93.976</ele>
        <time>2024-12-31T10:37:51Z</time>
      </trkpt>
      <trkpt lat="41.681061" lon="2.730157">
        <ele>94.571</ele>
        <time>2024-12-31T10:37:56Z</time>
      </trkpt>
      <trkpt lat="41.681035" lon="2.730138">
        <ele>95.041</ele>
        <time>2024-12-31T10:38:00Z</time>
      </trkpt>
      <trkpt lat="41.681011" lon="2.730119">
        <ele>95.515</ele>
        <time>2024-12-31T10:38:04Z</time>
      </trkpt>
      <trkpt lat="41.680989" lon="2.730094">
        <ele>95.909</ele>
        <time>2024-12-31T10:38:08Z</time>
      </trkpt>
      <trkpt lat="41.680949" lon="2.730055">
        <ele>96.618</ele>
        <time>2024-12-31T10:38:16Z</time>
      </trkpt>
      <trkpt lat="41.680923" lon="2.730032">
        <ele>97.096</ele>
        <time>2024-12-31T10:38:20Z</time>
      </trkpt>
      <trkpt lat="41.680898" lon="2.730011">
        <ele>97.555</ele>
        <time>2024-12-31T10:38:25Z</time>
      </trkpt>
      <trkpt lat="41.680876" lon="2.729986">
        <ele>97.827</ele>
        <time>2024-12-31T10:38:29Z</time>
      </trkpt>
      <trkpt lat="41.680852" lon="2.729959">
        <ele>98.314</ele>
        <time>2024-12-31T10:38:33Z</time>
      </trkpt>
      <trkpt lat="41.680827" lon="2.729937">
        <ele>98.611</ele>
        <time>2024-12-31T10:38:38Z</time>
      </trkpt>
      <trkpt lat="41.680804" lon="2.729916">
        <ele>98.792</ele>
        <time>2024-12-31T10:38:43Z</time>
      </trkpt>
      <trkpt lat="41.680766" lon="2.729886">
        <ele>98.929</ele>
        <time>2024-12-31T10:38:53Z</time>
      </trkpt>
      <trkpt lat="41.680713" lon="2.729877">
        <ele>99.442</ele>
        <time>2024-12-31T10:39:02Z</time>
      </trkpt>
      <trkpt lat="41.680683" lon="2.729881">
        <ele>99.869</ele>
        <time>2024-12-31T10:39:08Z</time>
      </trkpt>
      <trkpt lat="41.680656" lon="2.729895">
        <ele>100.204</ele>
        <time>2024-12-31T10:39:11Z</time>
      </trkpt>
      <trkpt lat="41.680624" lon="2.729912">
        <ele>100.624</ele>
        <time>2024-12-31T10:39:15Z</time>
      </trkpt>
      <trkpt lat="41.680595" lon="2.729922">
        <ele>101.009</ele>
        <time>2024-12-31T10:39:18Z</time>
      </trkpt>
      <trkpt lat="41.680568" lon="2.729933">
        <ele>101.457</ele>
        <time>2024-12-31T10:39:21Z</time>
      </trkpt>
      <trkpt lat="41.680538" lon="2.729938">
        <ele>101.615</ele>
        <time>2024-12-31T10:39:24Z</time>
      </trkpt>
      <trkpt lat="41.680483" lon="2.729957">
        <ele>102.064</ele>
        <time>2024-12-31T10:39:31Z</time>
      </trkpt>
      <trkpt lat="41.680451" lon="2.729968">
        <ele>102.126</ele>
        <time>2024-12-31T10:39:35Z</time>
      </trkpt>
      <trkpt lat="41.680423" lon="2.729981">
        <ele>102.393</ele>
        <time>2024-12-31T10:39:39Z</time>
      </trkpt>
      <trkpt lat="41.680393" lon="2.729993">
        <ele>102.590</ele>
        <time>2024-12-31T10:39:43Z</time>
      </trkpt>
      <trkpt lat="41.680365" lon="2.730005">
        <ele>102.861</ele>
        <time>2024-12-31T10:39:47Z</time>
      </trkpt>
      <trkpt lat="41.680336" lon="2.730025">
        <ele>103.188</ele>
        <time>2024-12-31T10:39:51Z</time>
      </trkpt>
      <trkpt lat="41.680309" lon="2.730035">
        <ele>103.381</ele>
        <time>2024-12-31T10:39:55Z</time>
      </trkpt>
      <trkpt lat="41.680282" lon="2.730047">
        <ele>103.556</ele>
        <time>2024-12-31T10:40:00Z</time>
      </trkpt>
      <trkpt lat="41.680235" lon="2.730061">
        <ele>103.759</ele>
        <time>2024-12-31T10:40:09Z</time>
      </trkpt>
      <trkpt lat="41.680205" lon="2.730075">
        <ele>103.814</ele>
        <time>2024-12-31T10:40:13Z</time>
      </trkpt>
      <trkpt lat="41.680176" lon="2.730090">
        <ele>104.009</ele>
        <time>2024-12-31T10:40:18Z</time>
      </trkpt>
      <trkpt lat="41.680146" lon="2.730091">
        <ele>104.056</ele>
        <time>2024-12-31T10:40:22Z</time>
      </trkpt>
      <trkpt lat="41.680095" lon="2.730097">
        <ele>104.044</ele>
        <time>2024-12-31T10:40:32Z</time>
      </trkpt>
      <trkpt lat="41.680045" lon="2.730097">
        <ele>104.063</ele>
        <time>2024-12-31T10:40:43Z</time>
      </trkpt>
      <trkpt lat="41.680012" lon="2.730094">
        <ele>104.025</ele>
        <time>2024-12-31T10:40:47Z</time>
      </trkpt>
      <trkpt lat="41.679980" lon="2.730079">
        <ele>104.052</ele>
        <time>2024-12-31T10:40:52Z</time>
      </trkpt>
      <trkpt lat="41.679948" lon="2.730062">
        <ele>104.149</ele>
        <time>2024-12-31T10:40:57Z</time>
      </trkpt>
      <trkpt lat="41.679919" lon="2.730042">
        <ele>104.270</ele>
        <time>2024-12-31T10:41:01Z</time>
      </trkpt>
      <trkpt lat="41.679891" lon="2.730028">
        <ele>104.437</ele>
        <time>2024-12-31T10:41:06Z</time>
      </trkpt>
      <trkpt lat="41.679847" lon="2.729986">
        <ele>104.820</ele>
        <time>2024-12-31T10:41:13Z</time>
      </trkpt>
      <trkpt lat="41.679822" lon="2.729967">
        <ele>105.325</ele>
        <time>2024-12-31T10:41:17Z</time>
      </trkpt>
      <trkpt lat="41.679797" lon="2.729947">
        <ele>105.926</ele>
        <time>2024-12-31T10:41:20Z</time>
      </trkpt>
      <trkpt lat="41.679772" lon="2.729929">
        <ele>106.408</ele>
        <time>2024-12-31T10:41:24Z</time>
      </trkpt>
      <trkpt lat="41.679744" lon="2.729914">
        <ele>107.009</ele>
        <time>2024-12-31T10:41:28Z</time>
      </trkpt>
      <trkpt lat="41.679717" lon="2.729897">
        <ele>107.623</ele>
        <time>2024-12-31T10:41:31Z</time>
      </trkpt>
      <trkpt lat="41.679665" lon="2.729873">
        <ele>108.621</ele>
        <time>2024-12-31T10:41:40Z</time>
      </trkpt>
      <trkpt lat="41.679635" lon="2.729870">
        <ele>109.130</ele>
        <time>2024-12-31T10:41:44Z</time>
      </trkpt>
      <trkpt lat="41.679587" lon="2.729850">
        <ele>110.142</ele>
        <time>2024-12-31T10:41:51Z</time>
      </trkpt>
      <trkpt lat="41.679560" lon="2.729847">
        <ele>110.699</ele>
        <time>2024-12-31T10:41:55Z</time>
      </trkpt>
      <trkpt lat="41.679532" lon="2.729845">
        <ele>111.186</ele>
        <time>2024-12-31T10:41:58Z</time>
      </trkpt>
      <trkpt lat="41.679491" lon="2.729880">
        <ele>110.957</ele>
        <time>2024-12-31T10:42:07Z</time>
      </trkpt>
      <trkpt lat="41.679525" lon="2.729940">
        <ele>109.324</ele>
        <time>2024-12-31T10:42:15Z</time>
      </trkpt>
      <trkpt lat="41.679548" lon="2.729964">
        <ele>108.647</ele>
        <time>2024-12-31T10:42:18Z</time>
      </trkpt>
      <trkpt lat="41.679571" lon="2.729989">
        <ele>107.863</ele>
        <time>2024-12-31T10:42:21Z</time>
      </trkpt>
      <trkpt lat="41.679607" lon="2.730032">
        <ele>107.144</ele>
        <time>2024-12-31T10:42:25Z</time>
      </trkpt>
      <trkpt lat="41.679627" lon="2.730061">
        <ele>106.918</ele>
        <time>2024-12-31T10:42:28Z</time>
      </trkpt>
      <trkpt lat="41.679646" lon="2.730089">
        <ele>106.609</ele>
        <time>2024-12-31T10:42:31Z</time>
      </trkpt>
      <trkpt lat="41.679661" lon="2.730119">
        <ele>106.567</ele>
        <time>2024-12-31T10:42:33Z</time>
      </trkpt>
      <trkpt lat="41.679677" lon="2.730153">
        <ele>106.375</ele>
        <time>2024-12-31T10:42:36Z</time>
      </trkpt>
      <trkpt lat="41.679701" lon="2.730224">
        <ele>106.134</ele>
        <time>2024-12-31T10:42:41Z</time>
      </trkpt>
      <trkpt lat="41.679709" lon="2.730264">
        <ele>106.186</ele>
        <time>2024-12-31T10:42:44Z</time>
      </trkpt>
      <trkpt lat="41.679718" lon="2.730306">
        <ele>106.383</ele>
        <time>2024-12-31T10:42:47Z</time>
      </trkpt>
      <trkpt lat="41.679728" lon="2.730380">
        <ele>107.150</ele>
        <time>2024-12-31T10:42:54Z</time>
      </trkpt>
      <trkpt lat="41.679732" lon="2.730416">
        <ele>107.581</ele>
        <time>2024-12-31T10:42:57Z</time>
      </trkpt>
      <trkpt lat="41.679733" lon="2.730458">
        <ele>108.068</ele>
        <time>2024-12-31T10:43:00Z</time>
      </trkpt>
      <trkpt lat="41.679724" lon="2.730497">
        <ele>108.411</ele>
        <time>2024-12-31T10:43:03Z</time>
      </trkpt>
      <trkpt lat="41.679715" lon="2.730533">
        <ele>108.779</ele>
        <time>2024-12-31T10:43:06Z</time>
      </trkpt>
      <trkpt lat="41.679708" lon="2.730571">
        <ele>109.005</ele>
        <time>2024-12-31T10:43:09Z</time>
      </trkpt>
      <trkpt lat="41.679704" lon="2.730612">
        <ele>109.225</ele>
        <time>2024-12-31T10:43:12Z</time>
      </trkpt>
      <trkpt lat="41.679700" lon="2.730651">
        <ele>109.409</ele>
        <time>2024-12-31T10:43:16Z</time>
      </trkpt>
      <trkpt lat="41.679692" lon="2.730691">
        <ele>109.618</ele>
        <time>2024-12-31T10:43:19Z</time>
      </trkpt>
      <trkpt lat="41.679680" lon="2.730740">
        <ele>109.876</ele>
        <time>2024-12-31T10:43:23Z</time>
      </trkpt>
      <trkpt lat="41.679673" lon="2.730785">
        <ele>110.065</ele>
        <time>2024-12-31T10:43:27Z</time>
      </trkpt>
      <trkpt lat="41.679668" lon="2.730829">
        <ele>110.247</ele>
        <time>2024-12-31T10:43:30Z</time>
      </trkpt>
      <trkpt lat="41.679660" lon="2.730865">
        <ele>110.234</ele>
        <time>2024-12-31T10:43:33Z</time>
      </trkpt>
      <trkpt lat="41.679653" lon="2.730939">
        <ele>110.231</ele>
        <time>2024-12-31T10:43:39Z</time>
      </trkpt>
      <trkpt lat="41.679645" lon="2.730985">
        <ele>110.172</ele>
        <time>2024-12-31T10:43:43Z</time>
      </trkpt>
      <trkpt lat="41.679632" lon="2.731024">
        <ele>109.919</ele>
        <time>2024-12-31T10:43:46Z</time>
      </trkpt>
      <trkpt lat="41.679620" lon="2.731060">
        <ele>109.752</ele>
        <time>2024-12-31T10:43:49Z</time>
      </trkpt>
      <trkpt lat="41.679614" lon="2.731098">
        <ele>109.723</ele>
        <time>2024-12-31T10:43:53Z</time>
      </trkpt>
      <trkpt lat="41.679607" lon="2.731139">
        <ele>109.683</ele>
        <time>2024-12-31T10:43:56Z</time>
      </trkpt>
      <trkpt lat="41.679600" lon="2.731180">
        <ele>109.611</ele>
        <time>2024-12-31T10:44:00Z</time>
      </trkpt>
      <trkpt lat="41.679595" lon="2.731221">
        <ele>109.609</ele>
        <time>2024-12-31T10:44:03Z</time>
      </trkpt>
      <trkpt lat="41.679591" lon="2.731262">
        <ele>109.773</ele>
        <time>2024-12-31T10:44:06Z</time>
      </trkpt>
      <trkpt lat="41.679586" lon="2.731301">
        <ele>109.761</ele>
        <time>2024-12-31T10:44:09Z</time>
      </trkpt>
      <trkpt lat="41.679576" lon="2.731339">
        <ele>109.750</ele>
        <time>2024-12-31T10:44:13Z</time>
      </trkpt>
      <trkpt lat="41.679571" lon="2.731406">
        <ele>109.972</ele>
        <time>2024-12-31T10:44:18Z</time>
      </trkpt>
      <trkpt lat="41.679567" lon="2.731445">
        <ele>110.329</ele>
        <time>2024-12-31T10:44:23Z</time>
      </trkpt>
      <trkpt lat="41.679562" lon="2.731485">
        <ele>110.756</ele>
        <time>2024-12-31T10:44:25Z</time>
      </trkpt>
      <trkpt lat="41.679561" lon="2.731526">
        <ele>111.257</ele>
        <time>2024-12-31T10:44:29Z</time>
      </trkpt>
      <trkpt lat="41.679560" lon="2.731565">
        <ele>111.774</ele>
        <time>2024-12-31T10:44:32Z</time>
      </trkpt>
      <trkpt lat="41.679559" lon="2.731608">
        <ele>112.237</ele>
        <time>2024-12-31T10:44:35Z</time>
      </trkpt>
      <trkpt lat="41.679553" lon="2.731645">
        <ele>112.565</ele>
        <time>2024-12-31T10:44:38Z</time>
      </trkpt>
      <trkpt lat="41.679547" lon="2.731694">
        <ele>113.068</ele>
        <time>2024-12-31T10:44:43Z</time>
      </trkpt>
      <trkpt lat="41.679541" lon="2.731737">
        <ele>113.514</ele>
        <time>2024-12-31T10:44:46Z</time>
      </trkpt>
      <trkpt lat="41.679532" lon="2.731771">
        <ele>113.809</ele>
        <time>2024-12-31T10:44:49Z</time>
      </trkpt>
      <trkpt lat="41.679528" lon="2.731812">
        <ele>114.457</ele>
        <time>2024-12-31T10:44:53Z</time>
      </trkpt>
      <trkpt lat="41.679524" lon="2.731852">
        <ele>114.975</ele>
        <time>2024-12-31T10:44:56Z</time>
      </trkpt>
      <trkpt lat="41.679519" lon="2.731890">
        <ele>115.354</ele>
        <time>2024-12-31T10:44:59Z</time>
      </trkpt>
      <trkpt lat="41.679509" lon="2.731932">
        <ele>115.736</ele>
        <time>2024-12-31T10:45:03Z</time>
      </trkpt>
      <trkpt lat="41.679502" lon="2.731974">
        <ele>116.143</ele>
        <time>2024-12-31T10:45:07Z</time>
      </trkpt>
      <trkpt lat="41.679497" lon="2.732014">
        <ele>116.550</ele>
        <time>2024-12-31T10:45:10Z</time>
      </trkpt>
      <trkpt lat="41.679494" lon="2.732051">
        <ele>116.971</ele>
        <time>2024-12-31T10:45:13Z</time>
      </trkpt>
      <trkpt lat="41.679489" lon="2.732090">
        <ele>117.338</ele>
        <time>2024-12-31T10:45:17Z</time>
      </trkpt>
      <trkpt lat="41.679489" lon="2.732129">
        <ele>117.891</ele>
        <time>2024-12-31T10:45:20Z</time>
      </trkpt>
      <trkpt lat="41.679485" lon="2.732175">
        <ele>118.411</ele>
        <time>2024-12-31T10:45:24Z</time>
      </trkpt>
      <trkpt lat="41.679480" lon="2.732212">
        <ele>118.821</ele>
        <time>2024-12-31T10:45:28Z</time>
      </trkpt>
      <trkpt lat="41.679476" lon="2.732251">
        <ele>119.003</ele>
        <time>2024-12-31T10:45:31Z</time>
      </trkpt>
      <trkpt lat="41.679469" lon="2.732296">
        <ele>119.209</ele>
        <time>2024-12-31T10:45:35Z</time>
      </trkpt>
      <trkpt lat="41.679465" lon="2.732338">
        <ele>119.412</ele>
        <time>2024-12-31T10:45:38Z</time>
      </trkpt>
      <trkpt lat="41.679449" lon="2.732403">
        <ele>119.420</ele>
        <time>2024-12-31T10:45:46Z</time>
      </trkpt>
      <trkpt lat="41.679447" lon="2.732448">
        <ele>119.779</ele>
        <time>2024-12-31T10:45:49Z</time>
      </trkpt>
      <trkpt lat="41.679444" lon="2.732491">
        <ele>119.921</ele>
        <time>2024-12-31T10:45:53Z</time>
      </trkpt>
      <trkpt lat="41.679434" lon="2.732532">
        <ele>119.998</ele>
        <time>2024-12-31T10:45:57Z</time>
      </trkpt>
      <trkpt lat="41.679424" lon="2.732569">
        <ele>119.815</ele>
        <time>2024-12-31T10:46:01Z</time>
      </trkpt>
      <trkpt lat="41.679408" lon="2.732603">
        <ele>119.666</ele>
        <time>2024-12-31T10:46:04Z</time>
      </trkpt>
      <trkpt lat="41.679402" lon="2.732644">
        <ele>119.723</ele>
        <time>2024-12-31T10:46:09Z</time>
      </trkpt>
      <trkpt lat="41.679394" lon="2.732685">
        <ele>119.746</ele>
        <time>2024-12-31T10:46:12Z</time>
      </trkpt>
      <trkpt lat="41.679387" lon="2.732724">
        <ele>119.881</ele>
        <time>2024-12-31T10:46:16Z</time>
      </trkpt>
      <trkpt lat="41.679381" lon="2.732762">
        <ele>119.861</ele>
        <time>2024-12-31T10:46:19Z</time>
      </trkpt>
      <trkpt lat="41.679376" lon="2.732798">
        <ele>120.017</ele>
        <time>2024-12-31T10:46:23Z</time>
      </trkpt>
      <trkpt lat="41.679368" lon="2.732835">
        <ele>120.109</ele>
        <time>2024-12-31T10:46:27Z</time>
      </trkpt>
      <trkpt lat="41.679345" lon="2.732907">
        <ele>120.289</ele>
        <time>2024-12-31T10:46:34Z</time>
      </trkpt>
      <trkpt lat="41.679331" lon="2.732938">
        <ele>120.157</ele>
        <time>2024-12-31T10:46:38Z</time>
      </trkpt>
      <trkpt lat="41.679323" lon="2.732975">
        <ele>120.296</ele>
        <time>2024-12-31T10:46:43Z</time>
      </trkpt>
      <trkpt lat="41.679313" lon="2.733013">
        <ele>120.398</ele>
        <time>2024-12-31T10:46:46Z</time>
      </trkpt>
      <trkpt lat="41.679302" lon="2.733050">
        <ele>120.365</ele>
        <time>2024-12-31T10:46:52Z</time>
      </trkpt>
      <trkpt lat="41.679289" lon="2.733085">
        <ele>120.542</ele>
        <time>2024-12-31T10:46:55Z</time>
      </trkpt>
      <trkpt lat="41.679279" lon="2.733123">
        <ele>120.923</ele>
        <time>2024-12-31T10:46:59Z</time>
      </trkpt>
      <trkpt lat="41.679265" lon="2.733194">
        <ele>121.710</ele>
        <time>2024-12-31T10:47:08Z</time>
      </trkpt>
      <trkpt lat="41.679239" lon="2.733264">
        <ele>122.163</ele>
        <time>2024-12-31T10:47:17Z</time>
      </trkpt>
      <trkpt lat="41.679223" lon="2.733302">
        <ele>122.399</ele>
        <time>2024-12-31T10:47:21Z</time>
      </trkpt>
      <trkpt lat="41.679202" lon="2.733367">
        <ele>122.907</ele>
        <time>2024-12-31T10:47:28Z</time>
      </trkpt>
      <trkpt lat="41.679191" lon="2.733402">
        <ele>123.327</ele>
        <time>2024-12-31T10:47:32Z</time>
      </trkpt>
      <trkpt lat="41.679180" lon="2.733439">
        <ele>123.809</ele>
        <time>2024-12-31T10:47:36Z</time>
      </trkpt>
      <trkpt lat="41.679170" lon="2.733477">
        <ele>124.280</ele>
        <time>2024-12-31T10:47:40Z</time>
      </trkpt>
      <trkpt lat="41.679160" lon="2.733514">
        <ele>124.788</ele>
        <time>2024-12-31T10:47:46Z</time>
      </trkpt>
      <trkpt lat="41.679147" lon="2.733552">
        <ele>125.187</ele>
        <time>2024-12-31T10:47:50Z</time>
      </trkpt>
      <trkpt lat="41.679132" lon="2.733584">
        <ele>125.359</ele>
        <time>2024-12-31T10:47:54Z</time>
      </trkpt>
      <trkpt lat="41.679124" lon="2.733622">
        <ele>125.946</ele>
        <time>2024-12-31T10:47:59Z</time>
      </trkpt>
      <trkpt lat="41.679103" lon="2.733689">
        <ele>126.823</ele>
        <time>2024-12-31T10:48:06Z</time>
      </trkpt>
      <trkpt lat="41.679091" lon="2.733723">
        <ele>127.164</ele>
        <time>2024-12-31T10:48:10Z</time>
      </trkpt>
      <trkpt lat="41.679080" lon="2.733757">
        <ele>127.551</ele>
        <time>2024-12-31T10:48:13Z</time>
      </trkpt>
      <trkpt lat="41.679060" lon="2.733796">
        <ele>127.744</ele>
        <time>2024-12-31T10:48:18Z</time>
      </trkpt>
      <trkpt lat="41.679052" lon="2.733835">
        <ele>128.357</ele>
        <time>2024-12-31T10:48:24Z</time>
      </trkpt>
      <trkpt lat="41.679038" lon="2.733868">
        <ele>128.400</ele>
        <time>2024-12-31T10:48:27Z</time>
      </trkpt>
      <trkpt lat="41.679019" lon="2.733924">
        <ele>128.920</ele>
        <time>2024-12-31T10:48:35Z</time>
      </trkpt>
      <trkpt lat="41.678996" lon="2.733988">
        <ele>129.509</ele>
        <time>2024-12-31T10:48:41Z</time>
      </trkpt>
      <trkpt lat="41.678987" lon="2.734025">
        <ele>130.066</ele>
        <time>2024-12-31T10:48:44Z</time>
      </trkpt>
      <trkpt lat="41.678977" lon="2.734059">
        <ele>130.484</ele>
        <time>2024-12-31T10:48:48Z</time>
      </trkpt>
      <trkpt lat="41.678957" lon="2.734095">
        <ele>130.573</ele>
        <time>2024-12-31T10:48:52Z</time>
      </trkpt>
      <trkpt lat="41.678942" lon="2.734129">
        <ele>130.835</ele>
        <time>2024-12-31T10:48:55Z</time>
      </trkpt>
      <trkpt lat="41.678925" lon="2.734164">
        <ele>131.122</ele>
        <time>2024-12-31T10:49:00Z</time>
      </trkpt>
      <trkpt lat="41.678909" lon="2.734198">
        <ele>131.399</ele>
        <time>2024-12-31T10:49:03Z</time>
      </trkpt>
      <trkpt lat="41.678892" lon="2.734228">
        <ele>131.420</ele>
        <time>2024-12-31T10:49:06Z</time>
      </trkpt>
      <trkpt lat="41.678877" lon="2.734265">
        <ele>131.747</ele>
        <time>2024-12-31T10:49:11Z</time>
      </trkpt>
      <trkpt lat="41.678862" lon="2.734302">
        <ele>132.050</ele>
        <time>2024-12-31T10:49:14Z</time>
      </trkpt>
      <trkpt lat="41.678836" lon="2.734365">
        <ele>132.488</ele>
        <time>2024-12-31T10:49:22Z</time>
      </trkpt>
      <trkpt lat="41.678822" lon="2.734401">
        <ele>132.724</ele>
        <time>2024-12-31T10:49:25Z</time>
      </trkpt>
      <trkpt lat="41.678806" lon="2.734438">
        <ele>132.926</ele>
        <time>2024-12-31T10:49:29Z</time>
      </trkpt>
      <trkpt lat="41.678788" lon="2.734475">
        <ele>133.009</ele>
        <time>2024-12-31T10:49:33Z</time>
      </trkpt>
      <trkpt lat="41.678772" lon="2.734511">
        <ele>133.179</ele>
        <time>2024-12-31T10:49:36Z</time>
      </trkpt>
      <trkpt lat="41.678757" lon="2.734548">
        <ele>133.337</ele>
        <time>2024-12-31T10:49:41Z</time>
      </trkpt>
      <trkpt lat="41.678741" lon="2.734582">
        <ele>133.476</ele>
        <time>2024-12-31T10:49:44Z</time>
      </trkpt>
      <trkpt lat="41.678730" lon="2.734615">
        <ele>133.778</ele>
        <time>2024-12-31T10:49:47Z</time>
      </trkpt>
      <trkpt lat="41.678714" lon="2.734653">
        <ele>133.955</ele>
        <time>2024-12-31T10:49:51Z</time>
      </trkpt>
      <trkpt lat="41.678699" lon="2.734690">
        <ele>134.232</ele>
        <time>2024-12-31T10:49:55Z</time>
      </trkpt>
      <trkpt lat="41.678684" lon="2.734726">
        <ele>134.433</ele>
        <time>2024-12-31T10:49:59Z</time>
      </trkpt>
      <trkpt lat="41.678669" lon="2.734764">
        <ele>134.790</ele>
        <time>2024-12-31T10:50:03Z</time>
      </trkpt>
      <trkpt lat="41.678654" lon="2.734802">
        <ele>135.013</ele>
        <time>2024-12-31T10:50:06Z</time>
      </trkpt>
      <trkpt lat="41.678638" lon="2.734836">
        <ele>135.244</ele>
        <time>2024-12-31T10:50:09Z</time>
      </trkpt>
      <trkpt lat="41.678628" lon="2.734873">
        <ele>135.705</ele>
        <time>2024-12-31T10:50:12Z</time>
      </trkpt>
      <trkpt lat="41.678613" lon="2.734914">
        <ele>136.215</ele>
        <time>2024-12-31T10:50:17Z</time>
      </trkpt>
      <trkpt lat="41.678602" lon="2.734950">
        <ele>136.509</ele>
        <time>2024-12-31T10:50:20Z</time>
      </trkpt>
      <trkpt lat="41.678578" lon="2.735010">
        <ele>136.665</ele>
        <time>2024-12-31T10:50:25Z</time>
      </trkpt>
      <trkpt lat="41.678566" lon="2.735050">
        <ele>136.563</ele>
        <time>2024-12-31T10:50:29Z</time>
      </trkpt>
      <trkpt lat="41.678556" lon="2.735087">
        <ele>136.462</ele>
        <time>2024-12-31T10:50:32Z</time>
      </trkpt>
      <trkpt lat="41.678548" lon="2.735127">
        <ele>136.574</ele>
        <time>2024-12-31T10:50:35Z</time>
      </trkpt>
      <trkpt lat="41.678530" lon="2.735187">
        <ele>136.441</ele>
        <time>2024-12-31T10:50:40Z</time>
      </trkpt>
      <trkpt lat="41.678514" lon="2.735223">
        <ele>136.168</ele>
        <time>2024-12-31T10:50:43Z</time>
      </trkpt>
      <trkpt lat="41.678499" lon="2.735266">
        <ele>136.099</ele>
        <time>2024-12-31T10:50:47Z</time>
      </trkpt>
      <trkpt lat="41.678490" lon="2.735305">
        <ele>135.946</ele>
        <time>2024-12-31T10:50:50Z</time>
      </trkpt>
      <trkpt lat="41.678482" lon="2.735340">
        <ele>135.669</ele>
        <time>2024-12-31T10:50:52Z</time>
      </trkpt>
      <trkpt lat="41.678472" lon="2.735374">
        <ele>135.366</ele>
        <time>2024-12-31T10:50:55Z</time>
      </trkpt>
      <trkpt lat="41.678457" lon="2.735435">
        <ele>134.929</ele>
        <time>2024-12-31T10:51:00Z</time>
      </trkpt>
      <trkpt lat="41.678446" lon="2.735470">
        <ele>134.621</ele>
        <time>2024-12-31T10:51:03Z</time>
      </trkpt>
      <trkpt lat="41.678441" lon="2.735512">
        <ele>134.509</ele>
        <time>2024-12-31T10:51:06Z</time>
      </trkpt>
      <trkpt lat="41.678434" lon="2.735554">
        <ele>134.347</ele>
        <time>2024-12-31T10:51:09Z</time>
      </trkpt>
      <trkpt lat="41.678431" lon="2.735597">
        <ele>134.215</ele>
        <time>2024-12-31T10:51:12Z</time>
      </trkpt>
      <trkpt lat="41.678427" lon="2.735634">
        <ele>133.984</ele>
        <time>2024-12-31T10:51:15Z</time>
      </trkpt>
      <trkpt lat="41.678424" lon="2.735708">
        <ele>133.726</ele>
        <time>2024-12-31T10:51:20Z</time>
      </trkpt>
      <trkpt lat="41.678419" lon="2.735768">
        <ele>133.573</ele>
        <time>2024-12-31T10:51:25Z</time>
      </trkpt>
      <trkpt lat="41.678421" lon="2.735838">
        <ele>133.570</ele>
        <time>2024-12-31T10:51:31Z</time>
      </trkpt>
      <trkpt lat="41.678431" lon="2.735884">
        <ele>133.751</ele>
        <time>2024-12-31T10:51:35Z</time>
      </trkpt>
      <trkpt lat="41.678441" lon="2.735924">
        <ele>133.828</ele>
        <time>2024-12-31T10:51:38Z</time>
      </trkpt>
      <trkpt lat="41.678469" lon="2.735982">
        <ele>134.421</ele>
        <time>2024-12-31T10:51:43Z</time>
      </trkpt>
      <trkpt lat="41.678485" lon="2.736014">
        <ele>134.778</ele>
        <time>2024-12-31T10:51:45Z</time>
      </trkpt>
      <trkpt lat="41.678529" lon="2.736051">
        <ele>135.533</ele>
        <time>2024-12-31T10:51:50Z</time>
      </trkpt>
      <trkpt lat="41.678550" lon="2.736024">
        <ele>136.226</ele>
        <time>2024-12-31T10:51:57Z</time>
      </trkpt>
      <trkpt lat="41.678535" lon="2.735991">
        <ele>136.009</ele>
        <time>2024-12-31T10:52:00Z</time>
      </trkpt>
      <trkpt lat="41.678526" lon="2.735957">
        <ele>135.918</ele>
        <time>2024-12-31T10:52:03Z</time>
      </trkpt>
      <trkpt lat="41.678518" lon="2.735893">
        <ele>136.036</ele>
        <time>2024-12-31T10:52:09Z</time>
      </trkpt>
      <trkpt lat="41.678512" lon="2.735855">
        <ele>136.095</ele>
        <time>2024-12-31T10:52:14Z</time>
      </trkpt>
      <trkpt lat="41.678499" lon="2.735787">
        <ele>136.027</ele>
        <time>2024-12-31T10:52:22Z</time>
      </trkpt>
      <trkpt lat="41.678517" lon="2.735704">
        <ele>137.164</ele>
        <time>2024-12-31T10:52:33Z</time>
      </trkpt>
      <trkpt lat="41.678524" lon="2.735643">
        <ele>137.771</ele>
        <time>2024-12-31T10:52:37Z</time>
      </trkpt>
      <trkpt lat="41.678545" lon="2.735589">
        <ele>138.972</ele>
        <time>2024-12-31T10:52:46Z</time>
      </trkpt>
      <trkpt lat="41.678561" lon="2.735530">
        <ele>139.769</ele>
        <time>2024-12-31T10:52:56Z</time>
      </trkpt>
      <trkpt lat="41.678581" lon="2.735482">
        <ele>140.442</ele>
        <time>2024-12-31T10:53:03Z</time>
      </trkpt>
      <trkpt lat="41.678616" lon="2.735438">
        <ele>141.627</ele>
        <time>2024-12-31T10:53:11Z</time>
      </trkpt>
      <trkpt lat="41.678631" lon="2.735404">
        <ele>141.768</ele>
        <time>2024-12-31T10:53:17Z</time>
      </trkpt>
      <trkpt lat="41.678658" lon="2.735345">
        <ele>141.914</ele>
        <time>2024-12-31T10:53:31Z</time>
      </trkpt>
      <trkpt lat="41.678675" lon="2.735309">
        <ele>142.209</ele>
        <time>2024-12-31T10:53:36Z</time>
      </trkpt>
      <trkpt lat="41.678711" lon="2.735279">
        <ele>142.823</ele>
        <time>2024-12-31T10:53:48Z</time>
      </trkpt>
      <trkpt lat="41.678751" lon="2.735241">
        <ele>143.241</ele>
        <time>2024-12-31T10:53:52Z</time>
      </trkpt>
      <trkpt lat="41.678769" lon="2.735208">
        <ele>143.220</ele>
        <time>2024-12-31T10:53:55Z</time>
      </trkpt>
      <trkpt lat="41.678803" lon="2.735153">
        <ele>143.462</ele>
        <time>2024-12-31T10:54:01Z</time>
      </trkpt>
      <trkpt lat="41.678838" lon="2.735097">
        <ele>143.759</ele>
        <time>2024-12-31T10:54:13Z</time>
      </trkpt>
      <trkpt lat="41.678841" lon="2.735054">
        <ele>143.436</ele>
        <time>2024-12-31T10:54:18Z</time>
      </trkpt>
      <trkpt lat="41.678877" lon="2.735017">
        <ele>143.947</ele>
        <time>2024-12-31T10:54:23Z</time>
      </trkpt>
      <trkpt lat="41.678895" lon="2.734987">
        <ele>143.874</ele>
        <time>2024-12-31T10:54:26Z</time>
      </trkpt>
      <trkpt lat="41.678934" lon="2.734940">
        <ele>143.257</ele>
        <time>2024-12-31T10:54:31Z</time>
      </trkpt>
      <trkpt lat="41.678945" lon="2.734904">
        <ele>142.818</ele>
        <time>2024-12-31T10:54:34Z</time>
      </trkpt>
      <trkpt lat="41.678941" lon="2.734944">
        <ele>143.298</ele>
        <time>2024-12-31T10:54:49Z</time>
      </trkpt>
      <trkpt lat="41.678938" lon="2.734987">
        <ele>143.517</ele>
        <time>2024-12-31T10:54:53Z</time>
      </trkpt>
      <trkpt lat="41.678955" lon="2.735019">
        <ele>143.609</ele>
        <time>2024-12-31T10:54:58Z</time>
      </trkpt>
      <trkpt lat="41.678992" lon="2.734974">
        <ele>143.182</ele>
        <time>2024-12-31T10:55:13Z</time>
      </trkpt>
      <trkpt lat="41.679002" lon="2.734938">
        <ele>142.980</ele>
        <time>2024-12-31T10:55:22Z</time>
      </trkpt>
      <trkpt lat="41.678984" lon="2.735001">
        <ele>143.339</ele>
        <time>2024-12-31T10:55:41Z</time>
      </trkpt>
      <trkpt lat="41.678945" lon="2.735025">
        <ele>143.791</ele>
        <time>2024-12-31T10:55:49Z</time>
      </trkpt>
      <trkpt lat="41.678951" lon="2.734963">
        <ele>143.378</ele>
        <time>2024-12-31T10:55:59Z</time>
      </trkpt>
      <trkpt lat="41.678965" lon="2.734926">
        <ele>142.945</ele>
        <time>2024-12-31T10:56:02Z</time>
      </trkpt>
      <trkpt lat="41.678927" lon="2.734936">
        <ele>143.246</ele>
        <time>2024-12-31T10:56:09Z</time>
      </trkpt>
      <trkpt lat="41.678882" lon="2.734966">
        <ele>143.513</ele>
        <time>2024-12-31T10:56:17Z</time>
      </trkpt>
      <trkpt lat="41.678849" lon="2.735007">
        <ele>143.276</ele>
        <time>2024-12-31T10:56:24Z</time>
      </trkpt>
      <trkpt lat="41.678821" lon="2.735052">
        <ele>143.073</ele>
        <time>2024-12-31T10:56:28Z</time>
      </trkpt>
      <trkpt lat="41.678825" lon="2.735095">
        <ele>143.485</ele>
        <time>2024-12-31T10:56:32Z</time>
      </trkpt>
      <trkpt lat="41.678802" lon="2.735159">
        <ele>143.413</ele>
        <time>2024-12-31T10:56:37Z</time>
      </trkpt>
      <trkpt lat="41.678788" lon="2.735193">
        <ele>143.509</ele>
        <time>2024-12-31T10:56:40Z</time>
      </trkpt>
      <trkpt lat="41.678778" lon="2.735227">
        <ele>143.688</ele>
        <time>2024-12-31T10:56:43Z</time>
      </trkpt>
      <trkpt lat="41.678734" lon="2.735249">
        <ele>142.916</ele>
        <time>2024-12-31T10:56:52Z</time>
      </trkpt>
      <trkpt lat="41.678709" lon="2.735271">
        <ele>142.755</ele>
        <time>2024-12-31T10:56:57Z</time>
      </trkpt>
      <trkpt lat="41.678691" lon="2.735300">
        <ele>142.467</ele>
        <time>2024-12-31T10:57:00Z</time>
      </trkpt>
      <trkpt lat="41.678660" lon="2.735365">
        <ele>142.024</ele>
        <time>2024-12-31T10:57:05Z</time>
      </trkpt>
      <trkpt lat="41.678644" lon="2.735401">
        <ele>141.831</ele>
        <time>2024-12-31T10:57:10Z</time>
      </trkpt>
      <trkpt lat="41.678631" lon="2.735437">
        <ele>141.842</ele>
        <time>2024-12-31T10:57:14Z</time>
      </trkpt>
      <trkpt lat="41.678634" lon="2.735494">
        <ele>141.959</ele>
        <time>2024-12-31T10:57:20Z</time>
      </trkpt>
      <trkpt lat="41.678648" lon="2.735544">
        <ele>142.122</ele>
        <time>2024-12-31T10:57:25Z</time>
      </trkpt>
      <trkpt lat="41.678660" lon="2.735582">
        <ele>141.938</ele>
        <time>2024-12-31T10:57:29Z</time>
      </trkpt>
      <trkpt lat="41.678686" lon="2.735625">
        <ele>141.570</ele>
        <time>2024-12-31T10:57:43Z</time>
      </trkpt>
      <trkpt lat="41.678714" lon="2.735653">
        <ele>141.217</ele>
        <time>2024-12-31T10:57:48Z</time>
      </trkpt>
      <trkpt lat="41.678765" lon="2.735677">
        <ele>141.009</ele>
        <time>2024-12-31T10:58:10Z</time>
      </trkpt>
      <trkpt lat="41.678787" lon="2.735724">
        <ele>140.454</ele>
        <time>2024-12-31T10:58:18Z</time>
      </trkpt>
      <trkpt lat="41.678762" lon="2.735767">
        <ele>139.882</ele>
        <time>2024-12-31T10:58:28Z</time>
      </trkpt>
      <trkpt lat="41.678746" lon="2.735804">
        <ele>139.461</ele>
        <time>2024-12-31T10:58:37Z</time>
      </trkpt>
      <trkpt lat="41.678751" lon="2.735798">
        <ele>139.493</ele>
        <time>2024-12-31T10:58:52Z</time>
      </trkpt>
      <trkpt lat="41.678784" lon="2.735745">
        <ele>140.260</ele>
        <time>2024-12-31T10:59:04Z</time>
      </trkpt>
      <trkpt lat="41.678769" lon="2.735694">
        <ele>140.857</ele>
        <time>2024-12-31T10:59:15Z</time>
      </trkpt>
      <trkpt lat="41.678744" lon="2.735665">
        <ele>141.138</ele>
        <time>2024-12-31T10:59:24Z</time>
      </trkpt>
      <trkpt lat="41.678706" lon="2.735653">
        <ele>141.245</ele>
        <time>2024-12-31T10:59:31Z</time>
      </trkpt>
      <trkpt lat="41.678674" lon="2.735614">
        <ele>141.538</ele>
        <time>2024-12-31T10:59:44Z</time>
      </trkpt>
      <trkpt lat="41.678671" lon="2.735571">
        <ele>142.063</ele>
        <time>2024-12-31T10:59:47Z</time>
      </trkpt>
      <trkpt lat="41.678662" lon="2.735525">
        <ele>142.244</ele>
        <time>2024-12-31T10:59:50Z</time>
      </trkpt>
      <trkpt lat="41.678647" lon="2.735480">
        <ele>142.018</ele>
        <time>2024-12-31T10:59:58Z</time>
      </trkpt>
      <trkpt lat="41.678654" lon="2.735438">
        <ele>142.009</ele>
        <time>2024-12-31T11:00:01Z</time>
      </trkpt>
      <trkpt lat="41.678606" lon="2.735434">
        <ele>141.397</ele>
        <time>2024-12-31T11:00:08Z</time>
      </trkpt>
      <trkpt lat="41.678602" lon="2.735471">
        <ele>141.345</ele>
        <time>2024-12-31T11:00:11Z</time>
      </trkpt>
      <trkpt lat="41.678591" lon="2.735509">
        <ele>141.094</ele>
        <time>2024-12-31T11:00:14Z</time>
      </trkpt>
      <trkpt lat="41.678567" lon="2.735532">
        <ele>140.076</ele>
        <time>2024-12-31T11:00:19Z</time>
      </trkpt>
      <trkpt lat="41.678547" lon="2.735560">
        <ele>139.243</ele>
        <time>2024-12-31T11:00:25Z</time>
      </trkpt>
      <trkpt lat="41.678513" lon="2.735618">
        <ele>137.470</ele>
        <time>2024-12-31T11:00:35Z</time>
      </trkpt>
      <trkpt lat="41.678499" lon="2.735654">
        <ele>136.751</ele>
        <time>2024-12-31T11:00:39Z</time>
      </trkpt>
      <trkpt lat="41.678490" lon="2.735696">
        <ele>136.128</ele>
        <time>2024-12-31T11:00:43Z</time>
      </trkpt>
      <trkpt lat="41.678480" lon="2.735732">
        <ele>135.671</ele>
        <time>2024-12-31T11:00:49Z</time>
      </trkpt>
      <trkpt lat="41.678481" lon="2.735769">
        <ele>135.549</ele>
        <time>2024-12-31T11:00:52Z</time>
      </trkpt>
      <trkpt lat="41.678489" lon="2.735808">
        <ele>135.602</ele>
        <time>2024-12-31T11:00:56Z</time>
      </trkpt>
      <trkpt lat="41.678503" lon="2.735871">
        <ele>135.722</ele>
        <time>2024-12-31T11:01:03Z</time>
      </trkpt>
      <trkpt lat="41.678508" lon="2.735912">
        <ele>135.709</ele>
        <time>2024-12-31T11:01:06Z</time>
      </trkpt>
      <trkpt lat="41.678521" lon="2.735962">
        <ele>135.875</ele>
        <time>2024-12-31T11:01:13Z</time>
      </trkpt>
      <trkpt lat="41.678540" lon="2.736000">
        <ele>136.113</ele>
        <time>2024-12-31T11:01:16Z</time>
      </trkpt>
      <trkpt lat="41.678559" lon="2.736032">
        <ele>136.362</ele>
        <time>2024-12-31T11:01:19Z</time>
      </trkpt>
      <trkpt lat="41.678548" lon="2.736082">
        <ele>135.834</ele>
        <time>2024-12-31T11:01:26Z</time>
      </trkpt>
      <trkpt lat="41.678572" lon="2.736104">
        <ele>136.221</ele>
        <time>2024-12-31T11:01:28Z</time>
      </trkpt>
      <trkpt lat="41.678592" lon="2.736134">
        <ele>136.328</ele>
        <time>2024-12-31T11:01:31Z</time>
      </trkpt>
      <trkpt lat="41.678608" lon="2.736165">
        <ele>136.249</ele>
        <time>2024-12-31T11:01:34Z</time>
      </trkpt>
      <trkpt lat="41.678629" lon="2.736231">
        <ele>135.116</ele>
        <time>2024-12-31T11:01:40Z</time>
      </trkpt>
      <trkpt lat="41.678635" lon="2.736273">
        <ele>134.489</ele>
        <time>2024-12-31T11:01:43Z</time>
      </trkpt>
      <trkpt lat="41.678632" lon="2.736345">
        <ele>133.365</ele>
        <time>2024-12-31T11:01:51Z</time>
      </trkpt>
      <trkpt lat="41.678625" lon="2.736386">
        <ele>132.868</ele>
        <time>2024-12-31T11:01:58Z</time>
      </trkpt>
      <trkpt lat="41.678618" lon="2.736423">
        <ele>132.214</ele>
        <time>2024-12-31T11:02:00Z</time>
      </trkpt>
      <trkpt lat="41.678612" lon="2.736463">
        <ele>131.409</ele>
        <time>2024-12-31T11:02:06Z</time>
      </trkpt>
      <trkpt lat="41.678606" lon="2.736504">
        <ele>130.517</ele>
        <time>2024-12-31T11:02:10Z</time>
      </trkpt>
      <trkpt lat="41.678594" lon="2.736539">
        <ele>129.745</ele>
        <time>2024-12-31T11:02:15Z</time>
      </trkpt>
      <trkpt lat="41.678574" lon="2.736608">
        <ele>128.294</ele>
        <time>2024-12-31T11:02:25Z</time>
      </trkpt>
      <trkpt lat="41.678565" lon="2.736650">
        <ele>127.336</ele>
        <time>2024-12-31T11:02:28Z</time>
      </trkpt>
      <trkpt lat="41.678556" lon="2.736688">
        <ele>126.553</ele>
        <time>2024-12-31T11:02:34Z</time>
      </trkpt>
      <trkpt lat="41.678548" lon="2.736723">
        <ele>125.640</ele>
        <time>2024-12-31T11:02:40Z</time>
      </trkpt>
      <trkpt lat="41.678537" lon="2.736762">
        <ele>124.761</ele>
        <time>2024-12-31T11:02:43Z</time>
      </trkpt>
      <trkpt lat="41.678522" lon="2.736799">
        <ele>124.058</ele>
        <time>2024-12-31T11:02:47Z</time>
      </trkpt>
      <trkpt lat="41.678509" lon="2.736836">
        <ele>123.291</ele>
        <time>2024-12-31T11:02:53Z</time>
      </trkpt>
      <trkpt lat="41.678497" lon="2.736874">
        <ele>122.631</ele>
        <time>2024-12-31T11:02:58Z</time>
      </trkpt>
      <trkpt lat="41.678472" lon="2.736941">
        <ele>121.661</ele>
        <time>2024-12-31T11:03:05Z</time>
      </trkpt>
      <trkpt lat="41.678447" lon="2.737009">
        <ele>120.607</ele>
        <time>2024-12-31T11:03:13Z</time>
      </trkpt>
      <trkpt lat="41.678436" lon="2.737045">
        <ele>120.209</ele>
        <time>2024-12-31T11:03:16Z</time>
      </trkpt>
      <trkpt lat="41.678426" lon="2.737085">
        <ele>119.664</ele>
        <time>2024-12-31T11:03:21Z</time>
      </trkpt>
      <trkpt lat="41.678413" lon="2.737125">
        <ele>119.222</ele>
        <time>2024-12-31T11:03:23Z</time>
      </trkpt>
      <trkpt lat="41.678390" lon="2.737172">
        <ele>119.011</ele>
        <time>2024-12-31T11:03:27Z</time>
      </trkpt>
      <trkpt lat="41.678376" lon="2.737210">
        <ele>118.893</ele>
        <time>2024-12-31T11:03:30Z</time>
      </trkpt>
      <trkpt lat="41.678363" lon="2.737248">
        <ele>118.480</ele>
        <time>2024-12-31T11:03:33Z</time>
      </trkpt>
      <trkpt lat="41.678347" lon="2.737282">
        <ele>118.177</ele>
        <time>2024-12-31T11:03:37Z</time>
      </trkpt>
      <trkpt lat="41.678322" lon="2.737338">
        <ele>117.118</ele>
        <time>2024-12-31T11:03:41Z</time>
      </trkpt>
      <trkpt lat="41.678307" lon="2.737371">
        <ele>116.335</ele>
        <time>2024-12-31T11:03:44Z</time>
      </trkpt>
      <trkpt lat="41.678290" lon="2.737406">
        <ele>115.658</ele>
        <time>2024-12-31T11:03:46Z</time>
      </trkpt>
      <trkpt lat="41.678269" lon="2.737443">
        <ele>114.985</ele>
        <time>2024-12-31T11:03:49Z</time>
      </trkpt>
      <trkpt lat="41.678243" lon="2.737483">
        <ele>114.389</ele>
        <time>2024-12-31T11:03:53Z</time>
      </trkpt>
      <trkpt lat="41.678220" lon="2.737542">
        <ele>113.717</ele>
        <time>2024-12-31T11:03:58Z</time>
      </trkpt>
      <trkpt lat="41.678192" lon="2.737608">
        <ele>113.209</ele>
        <time>2024-12-31T11:04:03Z</time>
      </trkpt>
      <trkpt lat="41.678178" lon="2.737643">
        <ele>113.089</ele>
        <time>2024-12-31T11:04:06Z</time>
      </trkpt>
      <trkpt lat="41.678154" lon="2.737676">
        <ele>113.057</ele>
        <time>2024-12-31T11:04:09Z</time>
      </trkpt>
      <trkpt lat="41.678135" lon="2.737712">
        <ele>113.046</ele>
        <time>2024-12-31T11:04:12Z</time>
      </trkpt>
      <trkpt lat="41.678115" lon="2.737746">
        <ele>113.068</ele>
        <time>2024-12-31T11:04:15Z</time>
      </trkpt>
      <trkpt lat="41.678099" lon="2.737783">
        <ele>113.095</ele>
        <time>2024-12-31T11:04:18Z</time>
      </trkpt>
      <trkpt lat="41.678071" lon="2.737854">
        <ele>112.882</ele>
        <time>2024-12-31T11:04:23Z</time>
      </trkpt>
      <trkpt lat="41.678058" lon="2.737888">
        <ele>112.723</ele>
        <time>2024-12-31T11:04:26Z</time>
      </trkpt>
      <trkpt lat="41.678043" lon="2.737954">
        <ele>112.020</ele>
        <time>2024-12-31T11:04:31Z</time>
      </trkpt>
      <trkpt lat="41.678031" lon="2.737993">
        <ele>111.593</ele>
        <time>2024-12-31T11:04:34Z</time>
      </trkpt>
      <trkpt lat="41.678027" lon="2.738035">
        <ele>111.192</ele>
        <time>2024-12-31T11:04:37Z</time>
      </trkpt>
      <trkpt lat="41.678021" lon="2.738085">
        <ele>110.873</ele>
        <time>2024-12-31T11:04:40Z</time>
      </trkpt>
      <trkpt lat="41.678018" lon="2.738123">
        <ele>110.720</ele>
        <time>2024-12-31T11:04:44Z</time>
      </trkpt>
      <trkpt lat="41.678013" lon="2.738163">
        <ele>110.509</ele>
        <time>2024-12-31T11:04:47Z</time>
      </trkpt>
      <trkpt lat="41.678009" lon="2.738204">
        <ele>110.470</ele>
        <time>2024-12-31T11:04:50Z</time>
      </trkpt>
      <trkpt lat="41.678000" lon="2.738244">
        <ele>110.358</ele>
        <time>2024-12-31T11:04:54Z</time>
      </trkpt>
      <trkpt lat="41.677994" lon="2.738285">
        <ele>110.197</ele>
        <time>2024-12-31T11:04:57Z</time>
      </trkpt>
      <trkpt lat="41.677988" lon="2.738324">
        <ele>110.079</ele>
        <time>2024-12-31T11:05:00Z</time>
      </trkpt>
      <trkpt lat="41.677981" lon="2.738359">
        <ele>109.936</ele>
        <time>2024-12-31T11:05:03Z</time>
      </trkpt>
      <trkpt lat="41.677969" lon="2.738398">
        <ele>109.833</ele>
        <time>2024-12-31T11:05:06Z</time>
      </trkpt>
      <trkpt lat="41.677957" lon="2.738439">
        <ele>109.664</ele>
        <time>2024-12-31T11:05:09Z</time>
      </trkpt>
      <trkpt lat="41.677938" lon="2.738499">
        <ele>109.691</ele>
        <time>2024-12-31T11:05:14Z</time>
      </trkpt>
      <trkpt lat="41.677925" lon="2.738535">
        <ele>109.624</ele>
        <time>2024-12-31T11:05:17Z</time>
      </trkpt>
      <trkpt lat="41.677915" lon="2.738574">
        <ele>109.627</ele>
        <time>2024-12-31T11:05:20Z</time>
      </trkpt>
      <trkpt lat="41.677899" lon="2.738612">
        <ele>109.768</ele>
        <time>2024-12-31T11:05:24Z</time>
      </trkpt>
      <trkpt lat="41.677887" lon="2.738650">
        <ele>109.814</ele>
        <time>2024-12-31T11:05:26Z</time>
      </trkpt>
      <trkpt lat="41.677881" lon="2.738720">
        <ele>109.909</ele>
        <time>2024-12-31T11:05:31Z</time>
      </trkpt>
      <trkpt lat="41.677879" lon="2.738760">
        <ele>109.983</ele>
        <time>2024-12-31T11:05:34Z</time>
      </trkpt>
      <trkpt lat="41.677880" lon="2.738804">
        <ele>109.971</ele>
        <time>2024-12-31T11:05:37Z</time>
      </trkpt>
      <trkpt lat="41.677882" lon="2.738849">
        <ele>109.970</ele>
        <time>2024-12-31T11:05:40Z</time>
      </trkpt>
      <trkpt lat="41.677886" lon="2.738890">
        <ele>109.822</ele>
        <time>2024-12-31T11:05:43Z</time>
      </trkpt>
      <trkpt lat="41.677890" lon="2.738932">
        <ele>109.989</ele>
        <time>2024-12-31T11:05:46Z</time>
      </trkpt>
      <trkpt lat="41.677897" lon="2.738970">
        <ele>109.976</ele>
        <time>2024-12-31T11:05:49Z</time>
      </trkpt>
      <trkpt lat="41.677903" lon="2.739011">
        <ele>109.987</ele>
        <time>2024-12-31T11:05:53Z</time>
      </trkpt>
      <trkpt lat="41.677911" lon="2.739053">
        <ele>109.914</ele>
        <time>2024-12-31T11:05:56Z</time>
      </trkpt>
      <trkpt lat="41.677918" lon="2.739093">
        <ele>109.877</ele>
        <time>2024-12-31T11:05:59Z</time>
      </trkpt>
      <trkpt lat="41.677922" lon="2.739130">
        <ele>109.922</ele>
        <time>2024-12-31T11:06:01Z</time>
      </trkpt>
      <trkpt lat="41.677925" lon="2.739168">
        <ele>109.962</ele>
        <time>2024-12-31T11:06:04Z</time>
      </trkpt>
      <trkpt lat="41.677930" lon="2.739216">
        <ele>109.808</ele>
        <time>2024-12-31T11:06:08Z</time>
      </trkpt>
      <trkpt lat="41.677931" lon="2.739285">
        <ele>109.709</ele>
        <time>2024-12-31T11:06:13Z</time>
      </trkpt>
      <trkpt lat="41.677932" lon="2.739324">
        <ele>109.713</ele>
        <time>2024-12-31T11:06:17Z</time>
      </trkpt>
      <trkpt lat="41.677933" lon="2.739366">
        <ele>109.641</ele>
        <time>2024-12-31T11:06:20Z</time>
      </trkpt>
      <trkpt lat="41.677930" lon="2.739408">
        <ele>109.690</ele>
        <time>2024-12-31T11:06:23Z</time>
      </trkpt>
      <trkpt lat="41.677923" lon="2.739448">
        <ele>109.822</ele>
        <time>2024-12-31T11:06:27Z</time>
      </trkpt>
      <trkpt lat="41.677917" lon="2.739490">
        <ele>110.069</ele>
        <time>2024-12-31T11:06:30Z</time>
      </trkpt>
      <trkpt lat="41.677910" lon="2.739528">
        <ele>110.276</ele>
        <time>2024-12-31T11:06:33Z</time>
      </trkpt>
      <trkpt lat="41.677893" lon="2.739604">
        <ele>110.867</ele>
        <time>2024-12-31T11:06:39Z</time>
      </trkpt>
      <trkpt lat="41.677884" lon="2.739644">
        <ele>111.144</ele>
        <time>2024-12-31T11:06:42Z</time>
      </trkpt>
      <trkpt lat="41.677876" lon="2.739683">
        <ele>111.477</ele>
        <time>2024-12-31T11:06:45Z</time>
      </trkpt>
      <trkpt lat="41.677862" lon="2.739723">
        <ele>112.017</ele>
        <time>2024-12-31T11:06:48Z</time>
      </trkpt>
      <trkpt lat="41.677853" lon="2.739759">
        <ele>112.187</ele>
        <time>2024-12-31T11:06:50Z</time>
      </trkpt>
      <trkpt lat="41.677842" lon="2.739796">
        <ele>112.315</ele>
        <time>2024-12-31T11:06:53Z</time>
      </trkpt>
      <trkpt lat="41.677829" lon="2.739832">
        <ele>112.609</ele>
        <time>2024-12-31T11:06:56Z</time>
      </trkpt>
      <trkpt lat="41.677810" lon="2.739896">
        <ele>113.142</ele>
        <time>2024-12-31T11:07:02Z</time>
      </trkpt>
      <trkpt lat="41.677798" lon="2.739935">
        <ele>113.420</ele>
        <time>2024-12-31T11:07:05Z</time>
      </trkpt>
      <trkpt lat="41.677786" lon="2.739971">
        <ele>113.859</ele>
        <time>2024-12-31T11:07:08Z</time>
      </trkpt>
      <trkpt lat="41.677778" lon="2.740010">
        <ele>113.951</ele>
        <time>2024-12-31T11:07:11Z</time>
      </trkpt>
      <trkpt lat="41.677767" lon="2.740046">
        <ele>113.738</ele>
        <time>2024-12-31T11:07:15Z</time>
      </trkpt>
      <trkpt lat="41.677750" lon="2.740086">
        <ele>113.735</ele>
        <time>2024-12-31T11:07:19Z</time>
      </trkpt>
      <trkpt lat="41.677739" lon="2.740119">
        <ele>113.756</ele>
        <time>2024-12-31T11:07:22Z</time>
      </trkpt>
      <trkpt lat="41.677716" lon="2.740178">
        <ele>113.993</ele>
        <time>2024-12-31T11:07:27Z</time>
      </trkpt>
      <trkpt lat="41.677702" lon="2.740213">
        <ele>114.116</ele>
        <time>2024-12-31T11:07:33Z</time>
      </trkpt>
      <trkpt lat="41.677688" lon="2.740244">
        <ele>114.412</ele>
        <time>2024-12-31T11:07:36Z</time>
      </trkpt>
      <trkpt lat="41.677674" lon="2.740280">
        <ele>114.732</ele>
        <time>2024-12-31T11:07:40Z</time>
      </trkpt>
      <trkpt lat="41.677661" lon="2.740313">
        <ele>115.105</ele>
        <time>2024-12-31T11:07:44Z</time>
      </trkpt>
      <trkpt lat="41.677635" lon="2.740380">
        <ele>115.809</ele>
        <time>2024-12-31T11:07:51Z</time>
      </trkpt>
      <trkpt lat="41.677625" lon="2.740417">
        <ele>116.092</ele>
        <time>2024-12-31T11:07:55Z</time>
      </trkpt>
      <trkpt lat="41.677619" lon="2.740455">
        <ele>116.270</ele>
        <time>2024-12-31T11:07:59Z</time>
      </trkpt>
      <trkpt lat="41.677608" lon="2.740490">
        <ele>116.599</ele>
        <time>2024-12-31T11:08:03Z</time>
      </trkpt>
      <trkpt lat="41.677593" lon="2.740527">
        <ele>117.111</ele>
        <time>2024-12-31T11:08:06Z</time>
      </trkpt>
      <trkpt lat="41.677580" lon="2.740561">
        <ele>117.538</ele>
        <time>2024-12-31T11:08:11Z</time>
      </trkpt>
      <trkpt lat="41.677568" lon="2.740595">
        <ele>117.645</ele>
        <time>2024-12-31T11:08:14Z</time>
      </trkpt>
      <trkpt lat="41.677557" lon="2.740628">
        <ele>117.886</ele>
        <time>2024-12-31T11:08:18Z</time>
      </trkpt>
      <trkpt lat="41.677534" lon="2.740689">
        <ele>118.193</ele>
        <time>2024-12-31T11:08:25Z</time>
      </trkpt>
      <trkpt lat="41.677509" lon="2.740756">
        <ele>118.496</ele>
        <time>2024-12-31T11:08:33Z</time>
      </trkpt>
      <trkpt lat="41.677494" lon="2.740795">
        <ele>118.671</ele>
        <time>2024-12-31T11:08:36Z</time>
      </trkpt>
      <trkpt lat="41.677483" lon="2.740833">
        <ele>118.641</ele>
        <time>2024-12-31T11:08:39Z</time>
      </trkpt>
      <trkpt lat="41.677469" lon="2.740874">
        <ele>118.115</ele>
        <time>2024-12-31T11:08:43Z</time>
      </trkpt>
      <trkpt lat="41.677457" lon="2.740909">
        <ele>117.809</ele>
        <time>2024-12-31T11:08:46Z</time>
      </trkpt>
      <trkpt lat="41.677443" lon="2.740944">
        <ele>117.568</ele>
        <time>2024-12-31T11:08:50Z</time>
      </trkpt>
      <trkpt lat="41.677426" lon="2.740980">
        <ele>117.486</ele>
        <time>2024-12-31T11:08:53Z</time>
      </trkpt>
      <trkpt lat="41.677412" lon="2.741019">
        <ele>117.175</ele>
        <time>2024-12-31T11:08:56Z</time>
      </trkpt>
      <trkpt lat="41.677401" lon="2.741059">
        <ele>116.617</ele>
        <time>2024-12-31T11:08:59Z</time>
      </trkpt>
      <trkpt lat="41.677392" lon="2.741094">
        <ele>116.274</ele>
        <time>2024-12-31T11:09:01Z</time>
      </trkpt>
      <trkpt lat="41.677379" lon="2.741158">
        <ele>115.491</ele>
        <time>2024-12-31T11:09:06Z</time>
      </trkpt>
      <trkpt lat="41.677366" lon="2.741198">
        <ele>115.162</ele>
        <time>2024-12-31T11:09:09Z</time>
      </trkpt>
      <trkpt lat="41.677354" lon="2.741231">
        <ele>114.949</ele>
        <time>2024-12-31T11:09:11Z</time>
      </trkpt>
      <trkpt lat="41.677338" lon="2.741268">
        <ele>114.742</ele>
        <time>2024-12-31T11:09:15Z</time>
      </trkpt>
      <trkpt lat="41.677319" lon="2.741294">
        <ele>114.853</ele>
        <time>2024-12-31T11:09:18Z</time>
      </trkpt>
      <trkpt lat="41.677281" lon="2.741355">
        <ele>114.804</ele>
        <time>2024-12-31T11:09:25Z</time>
      </trkpt>
      <trkpt lat="41.677264" lon="2.741389">
        <ele>114.614</ele>
        <time>2024-12-31T11:09:28Z</time>
      </trkpt>
      <trkpt lat="41.677250" lon="2.741427">
        <ele>114.609</ele>
        <time>2024-12-31T11:09:31Z</time>
      </trkpt>
      <trkpt lat="41.677233" lon="2.741459">
        <ele>114.686</ele>
        <time>2024-12-31T11:09:36Z</time>
      </trkpt>
      <trkpt lat="41.677199" lon="2.741513">
        <ele>114.824</ele>
        <time>2024-12-31T11:09:43Z</time>
      </trkpt>
      <trkpt lat="41.677181" lon="2.741543">
        <ele>114.833</ele>
        <time>2024-12-31T11:09:46Z</time>
      </trkpt>
      <trkpt lat="41.677163" lon="2.741570">
        <ele>114.935</ele>
        <time>2024-12-31T11:09:49Z</time>
      </trkpt>
      <trkpt lat="41.677141" lon="2.741597">
        <ele>115.242</ele>
        <time>2024-12-31T11:09:55Z</time>
      </trkpt>
      <trkpt lat="41.677125" lon="2.741630">
        <ele>115.259</ele>
        <time>2024-12-31T11:10:00Z</time>
      </trkpt>
      <trkpt lat="41.677107" lon="2.741660">
        <ele>115.420</ele>
        <time>2024-12-31T11:10:03Z</time>
      </trkpt>
      <trkpt lat="41.677085" lon="2.741716">
        <ele>115.247</ele>
        <time>2024-12-31T11:10:10Z</time>
      </trkpt>
      <trkpt lat="41.677070" lon="2.741748">
        <ele>115.120</ele>
        <time>2024-12-31T11:10:12Z</time>
      </trkpt>
      <trkpt lat="41.677055" lon="2.741781">
        <ele>114.957</ele>
        <time>2024-12-31T11:10:16Z</time>
      </trkpt>
      <trkpt lat="41.677032" lon="2.741844">
        <ele>114.500</ele>
        <time>2024-12-31T11:10:22Z</time>
      </trkpt>
      <trkpt lat="41.677018" lon="2.741877">
        <ele>114.320</ele>
        <time>2024-12-31T11:10:26Z</time>
      </trkpt>
      <trkpt lat="41.677006" lon="2.741911">
        <ele>114.009</ele>
        <time>2024-12-31T11:10:29Z</time>
      </trkpt>
      <trkpt lat="41.676995" lon="2.741952">
        <ele>113.636</ele>
        <time>2024-12-31T11:10:33Z</time>
      </trkpt>
      <trkpt lat="41.676979" lon="2.742022">
        <ele>112.754</ele>
        <time>2024-12-31T11:10:39Z</time>
      </trkpt>
      <trkpt lat="41.676958" lon="2.742079">
        <ele>112.273</ele>
        <time>2024-12-31T11:10:46Z</time>
      </trkpt>
      <trkpt lat="41.676934" lon="2.742145">
        <ele>111.595</ele>
        <time>2024-12-31T11:10:53Z</time>
      </trkpt>
      <trkpt lat="41.676920" lon="2.742180">
        <ele>111.122</ele>
        <time>2024-12-31T11:10:56Z</time>
      </trkpt>
      <trkpt lat="41.676895" lon="2.742241">
        <ele>110.399</ele>
        <time>2024-12-31T11:11:03Z</time>
      </trkpt>
      <trkpt lat="41.676862" lon="2.742297">
        <ele>109.520</ele>
        <time>2024-12-31T11:11:11Z</time>
      </trkpt>
      <trkpt lat="41.676844" lon="2.742326">
        <ele>109.157</ele>
        <time>2024-12-31T11:11:14Z</time>
      </trkpt>
      <trkpt lat="41.676815" lon="2.742385">
        <ele>108.180</ele>
        <time>2024-12-31T11:11:22Z</time>
      </trkpt>
      <trkpt lat="41.676798" lon="2.742414">
        <ele>107.651</ele>
        <time>2024-12-31T11:11:26Z</time>
      </trkpt>
      <trkpt lat="41.676781" lon="2.742445">
        <ele>107.101</ele>
        <time>2024-12-31T11:11:31Z</time>
      </trkpt>
      <trkpt lat="41.676751" lon="2.742498">
        <ele>106.111</ele>
        <time>2024-12-31T11:11:38Z</time>
      </trkpt>
      <trkpt lat="41.676730" lon="2.742525">
        <ele>105.509</ele>
        <time>2024-12-31T11:11:43Z</time>
      </trkpt>
      <trkpt lat="41.676708" lon="2.742550">
        <ele>104.846</ele>
        <time>2024-12-31T11:11:49Z</time>
      </trkpt>
      <trkpt lat="41.676687" lon="2.742575">
        <ele>104.164</ele>
        <time>2024-12-31T11:11:53Z</time>
      </trkpt>
      <trkpt lat="41.676658" lon="2.742634">
        <ele>102.353</ele>
        <time>2024-12-31T11:12:02Z</time>
      </trkpt>
      <trkpt lat="41.676622" lon="2.742685">
        <ele>100.915</ele>
        <time>2024-12-31T11:12:10Z</time>
      </trkpt>
      <trkpt lat="41.676585" lon="2.742737">
        <ele>99.662</ele>
        <time>2024-12-31T11:12:19Z</time>
      </trkpt>
      <trkpt lat="41.676562" lon="2.742764">
        <ele>99.019</ele>
        <time>2024-12-31T11:12:24Z</time>
      </trkpt>
      <trkpt lat="41.676541" lon="2.742791">
        <ele>98.560</ele>
        <time>2024-12-31T11:12:28Z</time>
      </trkpt>
      <trkpt lat="41.676521" lon="2.742821">
        <ele>97.987</ele>
        <time>2024-12-31T11:12:32Z</time>
      </trkpt>
      <trkpt lat="41.676474" lon="2.742859">
        <ele>97.510</ele>
        <time>2024-12-31T11:12:39Z</time>
      </trkpt>
      <trkpt lat="41.676453" lon="2.742882">
        <ele>97.265</ele>
        <time>2024-12-31T11:12:44Z</time>
      </trkpt>
      <trkpt lat="41.676412" lon="2.742920">
        <ele>96.668</ele>
        <time>2024-12-31T11:12:52Z</time>
      </trkpt>
      <trkpt lat="41.676369" lon="2.742965">
        <ele>95.714</ele>
        <time>2024-12-31T11:13:00Z</time>
      </trkpt>
      <trkpt lat="41.676343" lon="2.742991">
        <ele>95.209</ele>
        <time>2024-12-31T11:13:05Z</time>
      </trkpt>
      <trkpt lat="41.676305" lon="2.743039">
        <ele>94.157</ele>
        <time>2024-12-31T11:13:13Z</time>
      </trkpt>
      <trkpt lat="41.676280" lon="2.743061">
        <ele>93.625</ele>
        <time>2024-12-31T11:13:16Z</time>
      </trkpt>
      <trkpt lat="41.676230" lon="2.743097">
        <ele>93.154</ele>
        <time>2024-12-31T11:13:24Z</time>
      </trkpt>
      <trkpt lat="41.676206" lon="2.743116">
        <ele>92.826</ele>
        <time>2024-12-31T11:13:26Z</time>
      </trkpt>
      <trkpt lat="41.676178" lon="2.743136">
        <ele>92.523</ele>
        <time>2024-12-31T11:13:30Z</time>
      </trkpt>
      <trkpt lat="41.676147" lon="2.743162">
        <ele>92.160</ele>
        <time>2024-12-31T11:13:33Z</time>
      </trkpt>
      <trkpt lat="41.676121" lon="2.743190">
        <ele>91.551</ele>
        <time>2024-12-31T11:13:36Z</time>
      </trkpt>
      <trkpt lat="41.676097" lon="2.743211">
        <ele>91.158</ele>
        <time>2024-12-31T11:13:39Z</time>
      </trkpt>
      <trkpt lat="41.676074" lon="2.743231">
        <ele>90.521</ele>
        <time>2024-12-31T11:13:41Z</time>
      </trkpt>
      <trkpt lat="41.676042" lon="2.743251">
        <ele>90.068</ele>
        <time>2024-12-31T11:13:44Z</time>
      </trkpt>
      <trkpt lat="41.676018" lon="2.743274">
        <ele>89.442</ele>
        <time>2024-12-31T11:13:48Z</time>
      </trkpt>
      <trkpt lat="41.675970" lon="2.743326">
        <ele>88.226</ele>
        <time>2024-12-31T11:13:53Z</time>
      </trkpt>
      <trkpt lat="41.675942" lon="2.743348">
        <ele>87.709</ele>
        <time>2024-12-31T11:13:56Z</time>
      </trkpt>
      <trkpt lat="41.675917" lon="2.743367">
        <ele>87.347</ele>
        <time>2024-12-31T11:13:59Z</time>
      </trkpt>
      <trkpt lat="41.675893" lon="2.743387">
        <ele>86.855</ele>
        <time>2024-12-31T11:14:02Z</time>
      </trkpt>
      <trkpt lat="41.675868" lon="2.743404">
        <ele>86.534</ele>
        <time>2024-12-31T11:14:04Z</time>
      </trkpt>
      <trkpt lat="41.675836" lon="2.743422">
        <ele>86.116</ele>
        <time>2024-12-31T11:14:07Z</time>
      </trkpt>
      <trkpt lat="41.675808" lon="2.743449">
        <ele>85.553</ele>
        <time>2024-12-31T11:14:10Z</time>
      </trkpt>
      <trkpt lat="41.675784" lon="2.743466">
        <ele>85.140</ele>
        <time>2024-12-31T11:14:13Z</time>
      </trkpt>
      <trkpt lat="41.675737" lon="2.743503">
        <ele>84.341</ele>
        <time>2024-12-31T11:14:20Z</time>
      </trkpt>
      <trkpt lat="41.675699" lon="2.743532">
        <ele>83.768</ele>
        <time>2024-12-31T11:14:25Z</time>
      </trkpt>
      <trkpt lat="41.675674" lon="2.743549">
        <ele>83.351</ele>
        <time>2024-12-31T11:14:28Z</time>
      </trkpt>
      <trkpt lat="41.675648" lon="2.743569">
        <ele>82.947</ele>
        <time>2024-12-31T11:14:31Z</time>
      </trkpt>
      <trkpt lat="41.675624" lon="2.743592">
        <ele>82.429</ele>
        <time>2024-12-31T11:14:34Z</time>
      </trkpt>
      <trkpt lat="41.675579" lon="2.743624">
        <ele>81.721</ele>
        <time>2024-12-31T11:14:40Z</time>
      </trkpt>
      <trkpt lat="41.675554" lon="2.743645">
        <ele>81.109</ele>
        <time>2024-12-31T11:14:44Z</time>
      </trkpt>
      <trkpt lat="41.675527" lon="2.743671">
        <ele>80.535</ele>
        <time>2024-12-31T11:14:47Z</time>
      </trkpt>
      <trkpt lat="41.675503" lon="2.743688">
        <ele>80.193</ele>
        <time>2024-12-31T11:14:50Z</time>
      </trkpt>
      <trkpt lat="41.675482" lon="2.743714">
        <ele>79.422</ele>
        <time>2024-12-31T11:14:53Z</time>
      </trkpt>
      <trkpt lat="41.675460" lon="2.743747">
        <ele>78.654</ele>
        <time>2024-12-31T11:14:57Z</time>
      </trkpt>
      <trkpt lat="41.675422" lon="2.743786">
        <ele>77.631</ele>
        <time>2024-12-31T11:15:02Z</time>
      </trkpt>
      <trkpt lat="41.675398" lon="2.743810">
        <ele>77.088</ele>
        <time>2024-12-31T11:15:05Z</time>
      </trkpt>
      <trkpt lat="41.675357" lon="2.743856">
        <ele>75.869</ele>
        <time>2024-12-31T11:15:13Z</time>
      </trkpt>
      <trkpt lat="41.675309" lon="2.743903">
        <ele>74.716</ele>
        <time>2024-12-31T11:15:20Z</time>
      </trkpt>
      <trkpt lat="41.675270" lon="2.743946">
        <ele>73.859</ele>
        <time>2024-12-31T11:15:25Z</time>
      </trkpt>
      <trkpt lat="41.675253" lon="2.743980">
        <ele>73.061</ele>
        <time>2024-12-31T11:15:28Z</time>
      </trkpt>
      <trkpt lat="41.675245" lon="2.744015">
        <ele>72.321</ele>
        <time>2024-12-31T11:15:30Z</time>
      </trkpt>
      <trkpt lat="41.675242" lon="2.744053">
        <ele>71.513</ele>
        <time>2024-12-31T11:15:34Z</time>
      </trkpt>
      <trkpt lat="41.675251" lon="2.744090">
        <ele>70.709</ele>
        <time>2024-12-31T11:15:38Z</time>
      </trkpt>
      <trkpt lat="41.675277" lon="2.744136">
        <ele>69.747</ele>
        <time>2024-12-31T11:15:46Z</time>
      </trkpt>
      <trkpt lat="41.675310" lon="2.744190">
        <ele>68.735</ele>
        <time>2024-12-31T11:15:52Z</time>
      </trkpt>
      <trkpt lat="41.675337" lon="2.744204">
        <ele>68.564</ele>
        <time>2024-12-31T11:15:57Z</time>
      </trkpt>
      <trkpt lat="41.675366" lon="2.744215">
        <ele>68.456</ele>
        <time>2024-12-31T11:16:01Z</time>
      </trkpt>
      <trkpt lat="41.675392" lon="2.744238">
        <ele>68.153</ele>
        <time>2024-12-31T11:16:04Z</time>
      </trkpt>
      <trkpt lat="41.675416" lon="2.744260">
        <ele>67.830</ele>
        <time>2024-12-31T11:16:09Z</time>
      </trkpt>
      <trkpt lat="41.675467" lon="2.744291">
        <ele>67.411</ele>
        <time>2024-12-31T11:16:16Z</time>
      </trkpt>
      <trkpt lat="41.675497" lon="2.744307">
        <ele>67.348</ele>
        <time>2024-12-31T11:16:20Z</time>
      </trkpt>
      <trkpt lat="41.675544" lon="2.744344">
        <ele>66.851</ele>
        <time>2024-12-31T11:16:27Z</time>
      </trkpt>
      <trkpt lat="41.675570" lon="2.744365">
        <ele>66.588</ele>
        <time>2024-12-31T11:16:29Z</time>
      </trkpt>
      <trkpt lat="41.675596" lon="2.744391">
        <ele>66.224</ele>
        <time>2024-12-31T11:16:33Z</time>
      </trkpt>
      <trkpt lat="41.675624" lon="2.744408">
        <ele>66.126</ele>
        <time>2024-12-31T11:16:37Z</time>
      </trkpt>
      <trkpt lat="41.675650" lon="2.744428">
        <ele>66.009</ele>
        <time>2024-12-31T11:16:41Z</time>
      </trkpt>
      <trkpt lat="41.675675" lon="2.744456">
        <ele>65.739</ele>
        <time>2024-12-31T11:16:44Z</time>
      </trkpt>
      <trkpt lat="41.675697" lon="2.744482">
        <ele>65.577</ele>
        <time>2024-12-31T11:16:48Z</time>
      </trkpt>
      <trkpt lat="41.675721" lon="2.744540">
        <ele>64.756</ele>
        <time>2024-12-31T11:16:53Z</time>
      </trkpt>
      <trkpt lat="41.675734" lon="2.744575">
        <ele>64.348</ele>
        <time>2024-12-31T11:16:57Z</time>
      </trkpt>
      <trkpt lat="41.675744" lon="2.744614">
        <ele>63.785</ele>
        <time>2024-12-31T11:16:59Z</time>
      </trkpt>
      <trkpt lat="41.675745" lon="2.744658">
        <ele>63.032</ele>
        <time>2024-12-31T11:17:03Z</time>
      </trkpt>
      <trkpt lat="41.675745" lon="2.744699">
        <ele>62.423</ele>
        <time>2024-12-31T11:17:06Z</time>
      </trkpt>
      <trkpt lat="41.675744" lon="2.744741">
        <ele>61.850</ele>
        <time>2024-12-31T11:17:09Z</time>
      </trkpt>
      <trkpt lat="41.675742" lon="2.744782">
        <ele>61.263</ele>
        <time>2024-12-31T11:17:12Z</time>
      </trkpt>
      <trkpt lat="41.675738" lon="2.744824">
        <ele>60.774</ele>
        <time>2024-12-31T11:17:15Z</time>
      </trkpt>
      <trkpt lat="41.675738" lon="2.744887">
        <ele>59.856</ele>
        <time>2024-12-31T11:17:19Z</time>
      </trkpt>
      <trkpt lat="41.675737" lon="2.744926">
        <ele>59.321</ele>
        <time>2024-12-31T11:17:22Z</time>
      </trkpt>
      <trkpt lat="41.675739" lon="2.744967">
        <ele>58.809</ele>
        <time>2024-12-31T11:17:25Z</time>
      </trkpt>
      <trkpt lat="41.675735" lon="2.745014">
        <ele>58.068</ele>
        <time>2024-12-31T11:17:28Z</time>
      </trkpt>
      <trkpt lat="41.675722" lon="2.745049">
        <ele>57.336</ele>
        <time>2024-12-31T11:17:31Z</time>
      </trkpt>
      <trkpt lat="41.675711" lon="2.745084">
        <ele>56.625</ele>
        <time>2024-12-31T11:17:34Z</time>
      </trkpt>
      <trkpt lat="41.675695" lon="2.745119">
        <ele>55.917</ele>
        <time>2024-12-31T11:17:38Z</time>
      </trkpt>
      <trkpt lat="41.675660" lon="2.745170">
        <ele>55.164</ele>
        <time>2024-12-31T11:17:43Z</time>
      </trkpt>
      <trkpt lat="41.675639" lon="2.745205">
        <ele>54.651</ele>
        <time>2024-12-31T11:17:47Z</time>
      </trkpt>
      <trkpt lat="41.675617" lon="2.745239">
        <ele>54.122</ele>
        <time>2024-12-31T11:17:50Z</time>
      </trkpt>
      <trkpt lat="41.675593" lon="2.745270">
        <ele>53.769</ele>
        <time>2024-12-31T11:17:53Z</time>
      </trkpt>
      <trkpt lat="41.675572" lon="2.745293">
        <ele>53.512</ele>
        <time>2024-12-31T11:17:56Z</time>
      </trkpt>
      <trkpt lat="41.675552" lon="2.745323">
        <ele>53.263</ele>
        <time>2024-12-31T11:17:59Z</time>
      </trkpt>
      <trkpt lat="41.675531" lon="2.745353">
        <ele>52.644</ele>
        <time>2024-12-31T11:18:02Z</time>
      </trkpt>
      <trkpt lat="41.675514" lon="2.745385">
        <ele>52.118</ele>
        <time>2024-12-31T11:18:06Z</time>
      </trkpt>
      <trkpt lat="41.675489" lon="2.745413">
        <ele>51.709</ele>
        <time>2024-12-31T11:18:08Z</time>
      </trkpt>
      <trkpt lat="41.675468" lon="2.745448">
        <ele>51.287</ele>
        <time>2024-12-31T11:18:12Z</time>
      </trkpt>
      <trkpt lat="41.675448" lon="2.745479">
        <ele>50.885</ele>
        <time>2024-12-31T11:18:15Z</time>
      </trkpt>
      <trkpt lat="41.675429" lon="2.745515">
        <ele>50.434</ele>
        <time>2024-12-31T11:18:20Z</time>
      </trkpt>
      <trkpt lat="41.675397" lon="2.745580">
        <ele>49.976</ele>
        <time>2024-12-31T11:18:26Z</time>
      </trkpt>
      <trkpt lat="41.675382" lon="2.745613">
        <ele>49.673</ele>
        <time>2024-12-31T11:18:30Z</time>
      </trkpt>
      <trkpt lat="41.675350" lon="2.745677">
        <ele>49.330</ele>
        <time>2024-12-31T11:18:36Z</time>
      </trkpt>
      <trkpt lat="41.675331" lon="2.745745">
        <ele>48.981</ele>
        <time>2024-12-31T11:18:45Z</time>
      </trkpt>
      <trkpt lat="41.675317" lon="2.745776">
        <ele>48.858</ele>
        <time>2024-12-31T11:18:48Z</time>
      </trkpt>
      <trkpt lat="41.675299" lon="2.745813">
        <ele>48.831</ele>
        <time>2024-12-31T11:18:53Z</time>
      </trkpt>
      <trkpt lat="41.675283" lon="2.745849">
        <ele>48.863</ele>
        <time>2024-12-31T11:18:58Z</time>
      </trkpt>
      <trkpt lat="41.675263" lon="2.745879">
        <ele>48.944</ele>
        <time>2024-12-31T11:19:02Z</time>
      </trkpt>
      <trkpt lat="41.675248" lon="2.745915">
        <ele>48.818</ele>
        <time>2024-12-31T11:19:07Z</time>
      </trkpt>
      <trkpt lat="41.675236" lon="2.745953">
        <ele>48.709</ele>
        <time>2024-12-31T11:19:10Z</time>
      </trkpt>
      <trkpt lat="41.675221" lon="2.745989">
        <ele>48.777</ele>
        <time>2024-12-31T11:19:14Z</time>
      </trkpt>
      <trkpt lat="41.675203" lon="2.746027">
        <ele>48.755</ele>
        <time>2024-12-31T11:19:17Z</time>
      </trkpt>
      <trkpt lat="41.675189" lon="2.746063">
        <ele>48.674</ele>
        <time>2024-12-31T11:19:21Z</time>
      </trkpt>
      <trkpt lat="41.675176" lon="2.746098">
        <ele>48.636</ele>
        <time>2024-12-31T11:19:23Z</time>
      </trkpt>
      <trkpt lat="41.675166" lon="2.746138">
        <ele>48.383</ele>
        <time>2024-12-31T11:19:26Z</time>
      </trkpt>
      <trkpt lat="41.675154" lon="2.746175">
        <ele>48.150</ele>
        <time>2024-12-31T11:19:29Z</time>
      </trkpt>
      <trkpt lat="41.675144" lon="2.746210">
        <ele>47.971</ele>
        <time>2024-12-31T11:19:31Z</time>
      </trkpt>
      <trkpt lat="41.675136" lon="2.746251">
        <ele>47.588</ele>
        <time>2024-12-31T11:19:34Z</time>
      </trkpt>
      <trkpt lat="41.675127" lon="2.746292">
        <ele>47.251</ele>
        <time>2024-12-31T11:19:37Z</time>
      </trkpt>
      <trkpt lat="41.675114" lon="2.746334">
        <ele>47.029</ele>
        <time>2024-12-31T11:19:40Z</time>
      </trkpt>
      <trkpt lat="41.675102" lon="2.746398">
        <ele>46.400</ele>
        <time>2024-12-31T11:19:45Z</time>
      </trkpt>
      <trkpt lat="41.675094" lon="2.746437">
        <ele>45.820</ele>
        <time>2024-12-31T11:19:47Z</time>
      </trkpt>
      <trkpt lat="41.675087" lon="2.746474">
        <ele>45.309</ele>
        <time>2024-12-31T11:19:50Z</time>
      </trkpt>
      <trkpt lat="41.675073" lon="2.746513">
        <ele>44.823</ele>
        <time>2024-12-31T11:19:53Z</time>
      </trkpt>
      <trkpt lat="41.675060" lon="2.746547">
        <ele>44.421</ele>
        <time>2024-12-31T11:19:56Z</time>
      </trkpt>
      <trkpt lat="41.675050" lon="2.746588">
        <ele>43.820</ele>
        <time>2024-12-31T11:19:58Z</time>
      </trkpt>
      <trkpt lat="41.675038" lon="2.746630">
        <ele>43.262</ele>
        <time>2024-12-31T11:20:02Z</time>
      </trkpt>
      <trkpt lat="41.675028" lon="2.746667">
        <ele>42.759</ele>
        <time>2024-12-31T11:20:04Z</time>
      </trkpt>
      <trkpt lat="41.675017" lon="2.746706">
        <ele>42.486</ele>
        <time>2024-12-31T11:20:07Z</time>
      </trkpt>
      <trkpt lat="41.675006" lon="2.746747">
        <ele>42.167</ele>
        <time>2024-12-31T11:20:10Z</time>
      </trkpt>
      <trkpt lat="41.674995" lon="2.746784">
        <ele>41.834</ele>
        <time>2024-12-31T11:20:13Z</time>
      </trkpt>
      <trkpt lat="41.674980" lon="2.746819">
        <ele>41.577</ele>
        <time>2024-12-31T11:20:16Z</time>
      </trkpt>
      <trkpt lat="41.674965" lon="2.746855">
        <ele>41.264</ele>
        <time>2024-12-31T11:20:19Z</time>
      </trkpt>
      <trkpt lat="41.674949" lon="2.746891">
        <ele>40.906</ele>
        <time>2024-12-31T11:20:22Z</time>
      </trkpt>
      <trkpt lat="41.674930" lon="2.746920">
        <ele>40.816</ele>
        <time>2024-12-31T11:20:24Z</time>
      </trkpt>
      <trkpt lat="41.674908" lon="2.746945">
        <ele>40.709</ele>
        <time>2024-12-31T11:20:27Z</time>
      </trkpt>
      <trkpt lat="41.674884" lon="2.746968">
        <ele>40.777</ele>
        <time>2024-12-31T11:20:30Z</time>
      </trkpt>
      <trkpt lat="41.674860" lon="2.746996">
        <ele>40.745</ele>
        <time>2024-12-31T11:20:33Z</time>
      </trkpt>
      <trkpt lat="41.674833" lon="2.747013">
        <ele>40.854</ele>
        <time>2024-12-31T11:20:36Z</time>
      </trkpt>
      <trkpt lat="41.674803" lon="2.747023">
        <ele>40.936</ele>
        <time>2024-12-31T11:20:39Z</time>
      </trkpt>
      <trkpt lat="41.674773" lon="2.747027">
        <ele>41.123</ele>
        <time>2024-12-31T11:20:42Z</time>
      </trkpt>
      <trkpt lat="41.674728" lon="2.747040">
        <ele>41.320</ele>
        <time>2024-12-31T11:20:46Z</time>
      </trkpt>
      <trkpt lat="41.674697" lon="2.747050">
        <ele>41.291</ele>
        <time>2024-12-31T11:20:49Z</time>
      </trkpt>
      <trkpt lat="41.674662" lon="2.747060">
        <ele>41.228</ele>
        <time>2024-12-31T11:20:53Z</time>
      </trkpt>
      <trkpt lat="41.674635" lon="2.747062">
        <ele>41.251</ele>
        <time>2024-12-31T11:20:55Z</time>
      </trkpt>
      <trkpt lat="41.674607" lon="2.747071">
        <ele>41.146</ele>
        <time>2024-12-31T11:20:58Z</time>
      </trkpt>
      <trkpt lat="41.674580" lon="2.747079">
        <ele>41.088</ele>
        <time>2024-12-31T11:21:01Z</time>
      </trkpt>
      <trkpt lat="41.674548" lon="2.747072">
        <ele>41.116</ele>
        <time>2024-12-31T11:21:05Z</time>
      </trkpt>
      <trkpt lat="41.674518" lon="2.747069">
        <ele>41.109</ele>
        <time>2024-12-31T11:21:07Z</time>
      </trkpt>
      <trkpt lat="41.674489" lon="2.747075">
        <ele>41.195</ele>
        <time>2024-12-31T11:21:10Z</time>
      </trkpt>
      <trkpt lat="41.674458" lon="2.747081">
        <ele>41.043</ele>
        <time>2024-12-31T11:21:13Z</time>
      </trkpt>
      <trkpt lat="41.674429" lon="2.747093">
        <ele>40.942</ele>
        <time>2024-12-31T11:21:16Z</time>
      </trkpt>
      <trkpt lat="41.674401" lon="2.747100">
        <ele>40.914</ele>
        <time>2024-12-31T11:21:19Z</time>
      </trkpt>
      <trkpt lat="41.674354" lon="2.747139">
        <ele>40.671</ele>
        <time>2024-12-31T11:21:24Z</time>
      </trkpt>
      <trkpt lat="41.674333" lon="2.747163">
        <ele>40.448</ele>
        <time>2024-12-31T11:21:28Z</time>
      </trkpt>
      <trkpt lat="41.674316" lon="2.747196">
        <ele>40.239</ele>
        <time>2024-12-31T11:21:30Z</time>
      </trkpt>
      <trkpt lat="41.674297" lon="2.747222">
        <ele>40.016</ele>
        <time>2024-12-31T11:21:34Z</time>
      </trkpt>
      <trkpt lat="41.674274" lon="2.747248">
        <ele>39.859</ele>
        <time>2024-12-31T11:21:36Z</time>
      </trkpt>
      <trkpt lat="41.674251" lon="2.747273">
        <ele>39.514</ele>
        <time>2024-12-31T11:21:40Z</time>
      </trkpt>
      <trkpt lat="41.674228" lon="2.747299">
        <ele>39.254</ele>
        <time>2024-12-31T11:21:42Z</time>
      </trkpt>
      <trkpt lat="41.674205" lon="2.747329">
        <ele>38.909</ele>
        <time>2024-12-31T11:21:46Z</time>
      </trkpt>
      <trkpt lat="41.674181" lon="2.747356">
        <ele>38.609</ele>
        <time>2024-12-31T11:21:49Z</time>
      </trkpt>
      <trkpt lat="41.674158" lon="2.747384">
        <ele>38.242</ele>
        <time>2024-12-31T11:21:52Z</time>
      </trkpt>
      <trkpt lat="41.674137" lon="2.747412">
        <ele>37.820</ele>
        <time>2024-12-31T11:21:55Z</time>
      </trkpt>
      <trkpt lat="41.674093" lon="2.747453">
        <ele>37.259</ele>
        <time>2024-12-31T11:22:01Z</time>
      </trkpt>
      <trkpt lat="41.674064" lon="2.747465">
        <ele>37.031</ele>
        <time>2024-12-31T11:22:03Z</time>
      </trkpt>
      <trkpt lat="41.674035" lon="2.747484">
        <ele>36.758</ele>
        <time>2024-12-31T11:22:06Z</time>
      </trkpt>
      <trkpt lat="41.674006" lon="2.747504">
        <ele>36.415</ele>
        <time>2024-12-31T11:22:09Z</time>
      </trkpt>
      <trkpt lat="41.673983" lon="2.747523">
        <ele>36.126</ele>
        <time>2024-12-31T11:22:12Z</time>
      </trkpt>
      <trkpt lat="41.673960" lon="2.747546">
        <ele>35.883</ele>
        <time>2024-12-31T11:22:15Z</time>
      </trkpt>
      <trkpt lat="41.673931" lon="2.747568">
        <ele>35.596</ele>
        <time>2024-12-31T11:22:18Z</time>
      </trkpt>
      <trkpt lat="41.673908" lon="2.747593">
        <ele>35.178</ele>
        <time>2024-12-31T11:22:21Z</time>
      </trkpt>
      <trkpt lat="41.673863" lon="2.747640">
        <ele>34.333</ele>
        <time>2024-12-31T11:22:27Z</time>
      </trkpt>
      <trkpt lat="41.673838" lon="2.747662">
        <ele>33.926</ele>
        <time>2024-12-31T11:22:29Z</time>
      </trkpt>
      <trkpt lat="41.673791" lon="2.747701">
        <ele>33.309</ele>
        <time>2024-12-31T11:22:34Z</time>
      </trkpt>
      <trkpt lat="41.673745" lon="2.747744">
        <ele>32.728</ele>
        <time>2024-12-31T11:22:41Z</time>
      </trkpt>
      <trkpt lat="41.673719" lon="2.747768">
        <ele>32.566</ele>
        <time>2024-12-31T11:22:44Z</time>
      </trkpt>
      <trkpt lat="41.673695" lon="2.747790">
        <ele>32.335</ele>
        <time>2024-12-31T11:22:47Z</time>
      </trkpt>
      <trkpt lat="41.673670" lon="2.747813">
        <ele>32.187</ele>
        <time>2024-12-31T11:22:50Z</time>
      </trkpt>
      <trkpt lat="41.673644" lon="2.747831">
        <ele>31.964</ele>
        <time>2024-12-31T11:22:53Z</time>
      </trkpt>
      <trkpt lat="41.673620" lon="2.747855">
        <ele>31.821</ele>
        <time>2024-12-31T11:22:56Z</time>
      </trkpt>
      <trkpt lat="41.673606" lon="2.747886">
        <ele>31.622</ele>
        <time>2024-12-31T11:22:59Z</time>
      </trkpt>
      <trkpt lat="41.673593" lon="2.747927">
        <ele>31.429</ele>
        <time>2024-12-31T11:23:02Z</time>
      </trkpt>
      <trkpt lat="41.673594" lon="2.748002">
        <ele>31.282</ele>
        <time>2024-12-31T11:23:09Z</time>
      </trkpt>
      <trkpt lat="41.673598" lon="2.748067">
        <ele>30.975</ele>
        <time>2024-12-31T11:23:16Z</time>
      </trkpt>
      <trkpt lat="41.673598" lon="2.748105">
        <ele>30.628</ele>
        <time>2024-12-31T11:23:19Z</time>
      </trkpt>
      <trkpt lat="41.673602" lon="2.748146">
        <ele>30.320</ele>
        <time>2024-12-31T11:23:22Z</time>
      </trkpt>
      <trkpt lat="41.673606" lon="2.748187">
        <ele>30.009</ele>
        <time>2024-12-31T11:23:25Z</time>
      </trkpt>
      <trkpt lat="41.673613" lon="2.748222">
        <ele>29.828</ele>
        <time>2024-12-31T11:23:30Z</time>
      </trkpt>
      <trkpt lat="41.673618" lon="2.748293">
        <ele>29.326</ele>
        <time>2024-12-31T11:23:35Z</time>
      </trkpt>
      <trkpt lat="41.673627" lon="2.748335">
        <ele>29.095</ele>
        <time>2024-12-31T11:23:38Z</time>
      </trkpt>
      <trkpt lat="41.673637" lon="2.748406">
        <ele>28.037</ele>
        <time>2024-12-31T11:23:43Z</time>
      </trkpt>
      <trkpt lat="41.673650" lon="2.748478">
        <ele>26.984</ele>
        <time>2024-12-31T11:23:48Z</time>
      </trkpt>
      <trkpt lat="41.673661" lon="2.748545">
        <ele>26.091</ele>
        <time>2024-12-31T11:23:53Z</time>
      </trkpt>
      <trkpt lat="41.673667" lon="2.748582">
        <ele>25.472</ele>
        <time>2024-12-31T11:23:55Z</time>
      </trkpt>
      <trkpt lat="41.673671" lon="2.748622">
        <ele>25.099</ele>
        <time>2024-12-31T11:23:58Z</time>
      </trkpt>
      <trkpt lat="41.673676" lon="2.748664">
        <ele>24.872</ele>
        <time>2024-12-31T11:24:01Z</time>
      </trkpt>
      <trkpt lat="41.673679" lon="2.748703">
        <ele>24.792</ele>
        <time>2024-12-31T11:24:04Z</time>
      </trkpt>
      <trkpt lat="41.673686" lon="2.748747">
        <ele>24.573</ele>
        <time>2024-12-31T11:24:07Z</time>
      </trkpt>
      <trkpt lat="41.673695" lon="2.748812">
        <ele>24.320</ele>
        <time>2024-12-31T11:24:12Z</time>
      </trkpt>
      <trkpt lat="41.673707" lon="2.748881">
        <ele>24.009</ele>
        <time>2024-12-31T11:24:17Z</time>
      </trkpt>
      <trkpt lat="41.673711" lon="2.748919">
        <ele>24.070</ele>
        <time>2024-12-31T11:24:19Z</time>
      </trkpt>
      <trkpt lat="41.673716" lon="2.748961">
        <ele>24.018</ele>
        <time>2024-12-31T11:24:22Z</time>
      </trkpt>
      <trkpt lat="41.673723" lon="2.748999">
        <ele>24.097</ele>
        <time>2024-12-31T11:24:26Z</time>
      </trkpt>
      <trkpt lat="41.673730" lon="2.749066">
        <ele>24.069</ele>
        <time>2024-12-31T11:24:30Z</time>
      </trkpt>
      <trkpt lat="41.673741" lon="2.749132">
        <ele>24.056</ele>
        <time>2024-12-31T11:24:35Z</time>
      </trkpt>
      <trkpt lat="41.673754" lon="2.749204">
        <ele>23.993</ele>
        <time>2024-12-31T11:24:40Z</time>
      </trkpt>
      <trkpt lat="41.673768" lon="2.749279">
        <ele>23.834</ele>
        <time>2024-12-31T11:24:45Z</time>
      </trkpt>
      <trkpt lat="41.673779" lon="2.749349">
        <ele>23.681</ele>
        <time>2024-12-31T11:24:50Z</time>
      </trkpt>
      <trkpt lat="41.673786" lon="2.749387">
        <ele>23.564</ele>
        <time>2024-12-31T11:24:53Z</time>
      </trkpt>
      <trkpt lat="41.673799" lon="2.749422">
        <ele>23.414</ele>
        <time>2024-12-31T11:24:56Z</time>
      </trkpt>
      <trkpt lat="41.673804" lon="2.749479">
        <ele>23.254</ele>
        <time>2024-12-31T11:25:00Z</time>
      </trkpt>
      <trkpt lat="41.673782" lon="2.749528">
        <ele>23.109</ele>
        <time>2024-12-31T11:25:04Z</time>
      </trkpt>
      <trkpt lat="41.673752" lon="2.749550">
        <ele>23.109</ele>
        <time>2024-12-31T11:25:07Z</time>
      </trkpt>
      <trkpt lat="41.673701" lon="2.749574">
        <ele>23.222</ele>
        <time>2024-12-31T11:25:12Z</time>
      </trkpt>
      <trkpt lat="41.673673" lon="2.749582">
        <ele>23.360</ele>
        <time>2024-12-31T11:25:15Z</time>
      </trkpt>
      <trkpt lat="41.673639" lon="2.749583">
        <ele>23.469</ele>
        <time>2024-12-31T11:25:18Z</time>
      </trkpt>
      <trkpt lat="41.673604" lon="2.749581">
        <ele>23.561</ele>
        <time>2024-12-31T11:25:21Z</time>
      </trkpt>
      <trkpt lat="41.673544" lon="2.749572">
        <ele>23.778</ele>
        <time>2024-12-31T11:25:27Z</time>
      </trkpt>
      <trkpt lat="41.673489" lon="2.749577">
        <ele>23.795</ele>
        <time>2024-12-31T11:25:32Z</time>
      </trkpt>
      <trkpt lat="41.673468" lon="2.749602">
        <ele>23.716</ele>
        <time>2024-12-31T11:25:35Z</time>
      </trkpt>
      <trkpt lat="41.673456" lon="2.749636">
        <ele>23.723</ele>
        <time>2024-12-31T11:25:37Z</time>
      </trkpt>
      <trkpt lat="41.673442" lon="2.749670">
        <ele>23.716</ele>
        <time>2024-12-31T11:25:40Z</time>
      </trkpt>
      <trkpt lat="41.673398" lon="2.749704">
        <ele>23.836</ele>
        <time>2024-12-31T11:25:45Z</time>
      </trkpt>
      <trkpt lat="41.673369" lon="2.749708">
        <ele>23.917</ele>
        <time>2024-12-31T11:25:48Z</time>
      </trkpt>
      <trkpt lat="41.673340" lon="2.749707">
        <ele>24.018</ele>
        <time>2024-12-31T11:25:51Z</time>
      </trkpt>
      <trkpt lat="41.673302" lon="2.749704">
        <ele>23.909</ele>
        <time>2024-12-31T11:25:54Z</time>
      </trkpt>
      <trkpt lat="41.673250" lon="2.749696">
        <ele>23.774</ele>
        <time>2024-12-31T11:25:59Z</time>
      </trkpt>
      <trkpt lat="41.673222" lon="2.749695">
        <ele>23.632</ele>
        <time>2024-12-31T11:26:02Z</time>
      </trkpt>
      <trkpt lat="41.673193" lon="2.749689">
        <ele>23.581</ele>
        <time>2024-12-31T11:26:04Z</time>
      </trkpt>
      <trkpt lat="41.673161" lon="2.749689">
        <ele>23.463</ele>
        <time>2024-12-31T11:26:08Z</time>
      </trkpt>
      <trkpt lat="41.673128" lon="2.749685">
        <ele>23.330</ele>
        <time>2024-12-31T11:26:11Z</time>
      </trkpt>
      <trkpt lat="41.673101" lon="2.749683">
        <ele>23.257</ele>
        <time>2024-12-31T11:26:14Z</time>
      </trkpt>
      <trkpt lat="41.673051" lon="2.749692">
        <ele>23.078</ele>
        <time>2024-12-31T11:26:19Z</time>
      </trkpt>
      <trkpt lat="41.673009" lon="2.749700">
        <ele>22.895</ele>
        <time>2024-12-31T11:26:23Z</time>
      </trkpt>
      <trkpt lat="41.672982" lon="2.749706">
        <ele>22.768</ele>
        <time>2024-12-31T11:26:26Z</time>
      </trkpt>
      <trkpt lat="41.672934" lon="2.749693">
        <ele>22.613</ele>
        <time>2024-12-31T11:26:31Z</time>
      </trkpt>
      <trkpt lat="41.672888" lon="2.749687">
        <ele>22.443</ele>
        <time>2024-12-31T11:26:35Z</time>
      </trkpt>
      <trkpt lat="41.672860" lon="2.749687">
        <ele>22.307</ele>
        <time>2024-12-31T11:26:37Z</time>
      </trkpt>
      <trkpt lat="41.672819" lon="2.749674">
        <ele>22.109</ele>
        <time>2024-12-31T11:26:41Z</time>
      </trkpt>
      <trkpt lat="41.672772" lon="2.749678">
        <ele>22.012</ele>
        <time>2024-12-31T11:26:46Z</time>
      </trkpt>
      <trkpt lat="41.672732" lon="2.749678">
        <ele>21.970</ele>
        <time>2024-12-31T11:26:50Z</time>
      </trkpt>
      <trkpt lat="41.672681" lon="2.749670">
        <ele>21.919</ele>
        <time>2024-12-31T11:26:55Z</time>
      </trkpt>
      <trkpt lat="41.672646" lon="2.749662">
        <ele>21.851</ele>
        <time>2024-12-31T11:26:58Z</time>
      </trkpt>
      <trkpt lat="41.672592" lon="2.749661">
        <ele>21.788</ele>
        <time>2024-12-31T11:27:03Z</time>
      </trkpt>
      <trkpt lat="41.672561" lon="2.749659">
        <ele>21.665</ele>
        <time>2024-12-31T11:27:06Z</time>
      </trkpt>
      <trkpt lat="41.672519" lon="2.749647">
        <ele>21.546</ele>
        <time>2024-12-31T11:27:10Z</time>
      </trkpt>
      <trkpt lat="41.672467" lon="2.749651">
        <ele>21.343</ele>
        <time>2024-12-31T11:27:15Z</time>
      </trkpt>
      <trkpt lat="41.672439" lon="2.749646">
        <ele>21.186</ele>
        <time>2024-12-31T11:27:17Z</time>
      </trkpt>
      <trkpt lat="41.672412" lon="2.749642">
        <ele>21.048</ele>
        <time>2024-12-31T11:27:20Z</time>
      </trkpt>
      <trkpt lat="41.672364" lon="2.749639">
        <ele>20.761</ele>
        <time>2024-12-31T11:27:24Z</time>
      </trkpt>
      <trkpt lat="41.672306" lon="2.749625">
        <ele>20.417</ele>
        <time>2024-12-31T11:27:30Z</time>
      </trkpt>
      <trkpt lat="41.672258" lon="2.749622">
        <ele>20.209</ele>
        <time>2024-12-31T11:27:34Z</time>
      </trkpt>
      <trkpt lat="41.672226" lon="2.749612">
        <ele>20.065</ele>
        <time>2024-12-31T11:27:37Z</time>
      </trkpt>
      <trkpt lat="41.672188" lon="2.749606">
        <ele>19.993</ele>
        <time>2024-12-31T11:27:41Z</time>
      </trkpt>
      <trkpt lat="41.672155" lon="2.749603">
        <ele>19.872</ele>
        <time>2024-12-31T11:27:44Z</time>
      </trkpt>
      <trkpt lat="41.672128" lon="2.749598">
        <ele>19.734</ele>
        <time>2024-12-31T11:27:47Z</time>
      </trkpt>
      <trkpt lat="41.672097" lon="2.749596">
        <ele>19.511</ele>
        <time>2024-12-31T11:27:50Z</time>
      </trkpt>
      <trkpt lat="41.672068" lon="2.749587">
        <ele>19.428</ele>
        <time>2024-12-31T11:27:52Z</time>
      </trkpt>
      <trkpt lat="41.672036" lon="2.749580">
        <ele>19.319</ele>
        <time>2024-12-31T11:27:55Z</time>
      </trkpt>
      <trkpt lat="41.672006" lon="2.749575">
        <ele>19.296</ele>
        <time>2024-12-31T11:27:58Z</time>
      </trkpt>
      <trkpt lat="41.671957" lon="2.749564">
        <ele>19.099</ele>
        <time>2024-12-31T11:28:03Z</time>
      </trkpt>
      <trkpt lat="41.671911" lon="2.749555">
        <ele>19.012</ele>
        <time>2024-12-31T11:28:07Z</time>
      </trkpt>
      <trkpt lat="41.671877" lon="2.749555">
        <ele>18.932</ele>
        <time>2024-12-31T11:28:10Z</time>
      </trkpt>
      <trkpt lat="41.671850" lon="2.749551">
        <ele>18.905</ele>
        <time>2024-12-31T11:28:13Z</time>
      </trkpt>
      <trkpt lat="41.671804" lon="2.749542">
        <ele>18.809</ele>
        <time>2024-12-31T11:28:17Z</time>
      </trkpt>
      <trkpt lat="41.671760" lon="2.749545">
        <ele>18.852</ele>
        <time>2024-12-31T11:28:24Z</time>
      </trkpt>
      <trkpt lat="41.671715" lon="2.749544">
        <ele>18.790</ele>
        <time>2024-12-31T11:28:28Z</time>
      </trkpt>
      <trkpt lat="41.671672" lon="2.749544">
        <ele>18.649</ele>
        <time>2024-12-31T11:28:32Z</time>
      </trkpt>
      <trkpt lat="41.671626" lon="2.749535">
        <ele>18.671</ele>
        <time>2024-12-31T11:28:37Z</time>
      </trkpt>
      <trkpt lat="41.671622" lon="2.749585">
        <ele>18.588</ele>
        <time>2024-12-31T11:28:40Z</time>
      </trkpt>
      <trkpt lat="41.671627" lon="2.749655">
        <ele>18.355</ele>
        <time>2024-12-31T11:28:45Z</time>
      </trkpt>
      <trkpt lat="41.671626" lon="2.749715">
        <ele>18.276</ele>
        <time>2024-12-31T11:28:50Z</time>
      </trkpt>
      <trkpt lat="41.671624" lon="2.749770">
        <ele>18.153</ele>
        <time>2024-12-31T11:28:54Z</time>
      </trkpt>
      <trkpt lat="41.671620" lon="2.749840">
        <ele>18.176</ele>
        <time>2024-12-31T11:28:59Z</time>
      </trkpt>
      <trkpt lat="41.671621" lon="2.749904">
        <ele>18.123</ele>
        <time>2024-12-31T11:29:03Z</time>
      </trkpt>
      <trkpt lat="41.671617" lon="2.749966">
        <ele>18.083</ele>
        <time>2024-12-31T11:29:08Z</time>
      </trkpt>
      <trkpt lat="41.671616" lon="2.750026">
        <ele>17.911</ele>
        <time>2024-12-31T11:29:12Z</time>
      </trkpt>
      <trkpt lat="41.671619" lon="2.750092">
        <ele>17.709</ele>
        <time>2024-12-31T11:29:17Z</time>
      </trkpt>
      <trkpt lat="41.671622" lon="2.750149">
        <ele>17.543</ele>
        <time>2024-12-31T11:29:21Z</time>
      </trkpt>
      <trkpt lat="41.671619" lon="2.750204">
        <ele>17.321</ele>
        <time>2024-12-31T11:29:25Z</time>
      </trkpt>
      <trkpt lat="41.671622" lon="2.750273">
        <ele>17.010</ele>
        <time>2024-12-31T11:29:30Z</time>
      </trkpt>
      <trkpt lat="41.671619" lon="2.750362">
        <ele>16.932</ele>
        <time>2024-12-31T11:29:36Z</time>
      </trkpt>
      <trkpt lat="41.671629" lon="2.750423">
        <ele>16.979</ele>
        <time>2024-12-31T11:29:41Z</time>
      </trkpt>
      <trkpt lat="41.671629" lon="2.750479">
        <ele>16.996</ele>
        <time>2024-12-31T11:29:45Z</time>
      </trkpt>
      <trkpt lat="41.671634" lon="2.750538">
        <ele>16.997</ele>
        <time>2024-12-31T11:29:49Z</time>
      </trkpt>
      <trkpt lat="41.671644" lon="2.750618">
        <ele>16.944</ele>
        <time>2024-12-31T11:29:54Z</time>
      </trkpt>
      <trkpt lat="41.671639" lon="2.750656">
        <ele>16.977</ele>
        <time>2024-12-31T11:29:57Z</time>
      </trkpt>
      <trkpt lat="41.671640" lon="2.750698">
        <ele>16.981</ele>
        <time>2024-12-31T11:30:00Z</time>
      </trkpt>
      <trkpt lat="41.671647" lon="2.750740">
        <ele>16.961</ele>
        <time>2024-12-31T11:30:03Z</time>
      </trkpt>
      <trkpt lat="41.671654" lon="2.750784">
        <ele>17.017</ele>
        <time>2024-12-31T11:30:06Z</time>
      </trkpt>
      <trkpt lat="41.671659" lon="2.750822">
        <ele>17.009</ele>
        <time>2024-12-31T11:30:09Z</time>
      </trkpt>
      <trkpt lat="41.671667" lon="2.750895">
        <ele>17.069</ele>
        <time>2024-12-31T11:30:14Z</time>
      </trkpt>
      <trkpt lat="41.671673" lon="2.750937">
        <ele>17.047</ele>
        <time>2024-12-31T11:30:17Z</time>
      </trkpt>
      <trkpt lat="41.671678" lon="2.750975">
        <ele>17.016</ele>
        <time>2024-12-31T11:30:20Z</time>
      </trkpt>
      <trkpt lat="41.671672" lon="2.751044">
        <ele>17.078</ele>
        <time>2024-12-31T11:30:26Z</time>
      </trkpt>
      <trkpt lat="41.671668" lon="2.751086">
        <ele>17.085</ele>
        <time>2024-12-31T11:30:29Z</time>
      </trkpt>
      <trkpt lat="41.671657" lon="2.751128">
        <ele>16.912</ele>
        <time>2024-12-31T11:30:32Z</time>
      </trkpt>
      <trkpt lat="41.671651" lon="2.751167">
        <ele>16.743</ele>
        <time>2024-12-31T11:30:35Z</time>
      </trkpt>
      <trkpt lat="41.671646" lon="2.751238">
        <ele>16.580</ele>
        <time>2024-12-31T11:30:40Z</time>
      </trkpt>
      <trkpt lat="41.671649" lon="2.751305">
        <ele>16.283</ele>
        <time>2024-12-31T11:30:44Z</time>
      </trkpt>
      <trkpt lat="41.671650" lon="2.751346">
        <ele>16.128</ele>
        <time>2024-12-31T11:30:47Z</time>
      </trkpt>
      <trkpt lat="41.671654" lon="2.751382">
        <ele>16.089</ele>
        <time>2024-12-31T11:30:50Z</time>
      </trkpt>
      <trkpt lat="41.671659" lon="2.751422">
        <ele>15.917</ele>
        <time>2024-12-31T11:30:53Z</time>
      </trkpt>
      <trkpt lat="41.671664" lon="2.751463">
        <ele>15.709</ele>
        <time>2024-12-31T11:30:56Z</time>
      </trkpt>
      <trkpt lat="41.671683" lon="2.751529">
        <ele>15.663</ele>
        <time>2024-12-31T11:31:01Z</time>
      </trkpt>
      <trkpt lat="41.671688" lon="2.751570">
        <ele>15.581</ele>
        <time>2024-12-31T11:31:04Z</time>
      </trkpt>
      <trkpt lat="41.671695" lon="2.751606">
        <ele>15.440</ele>
        <time>2024-12-31T11:31:07Z</time>
      </trkpt>
      <trkpt lat="41.671710" lon="2.751669">
        <ele>15.372</ele>
        <time>2024-12-31T11:31:12Z</time>
      </trkpt>
      <trkpt lat="41.671718" lon="2.751704">
        <ele>15.419</ele>
        <time>2024-12-31T11:31:15Z</time>
      </trkpt>
      <trkpt lat="41.671720" lon="2.751745">
        <ele>15.426</ele>
        <time>2024-12-31T11:31:18Z</time>
      </trkpt>
      <trkpt lat="41.671720" lon="2.751785">
        <ele>15.437</ele>
        <time>2024-12-31T11:31:20Z</time>
      </trkpt>
      <trkpt lat="41.671713" lon="2.751843">
        <ele>15.374</ele>
        <time>2024-12-31T11:31:25Z</time>
      </trkpt>
      <trkpt lat="41.671679" lon="2.751885">
        <ele>15.167</ele>
        <time>2024-12-31T11:31:29Z</time>
      </trkpt>
      <trkpt lat="41.671648" lon="2.751925">
        <ele>14.948</ele>
        <time>2024-12-31T11:31:34Z</time>
      </trkpt>
      <trkpt lat="41.671621" lon="2.751980">
        <ele>14.861</ele>
        <time>2024-12-31T11:31:39Z</time>
      </trkpt>
      <trkpt lat="41.671606" lon="2.752047">
        <ele>14.817</ele>
        <time>2024-12-31T11:31:44Z</time>
      </trkpt>
      <trkpt lat="41.671566" lon="2.752091">
        <ele>14.609</ele>
        <time>2024-12-31T11:31:49Z</time>
      </trkpt>
      <trkpt lat="41.671515" lon="2.752124">
        <ele>14.545</ele>
        <time>2024-12-31T11:31:55Z</time>
      </trkpt>
      <trkpt lat="41.671483" lon="2.752140">
        <ele>14.323</ele>
        <time>2024-12-31T11:31:58Z</time>
      </trkpt>
      <trkpt lat="41.671452" lon="2.752153">
        <ele>14.212</ele>
        <time>2024-12-31T11:32:01Z</time>
      </trkpt>
      <trkpt lat="41.671424" lon="2.752166">
        <ele>14.194</ele>
        <time>2024-12-31T11:32:04Z</time>
      </trkpt>
      <trkpt lat="41.671397" lon="2.752186">
        <ele>14.041</ele>
        <time>2024-12-31T11:32:07Z</time>
      </trkpt>
      <trkpt lat="41.671369" lon="2.752200">
        <ele>14.088</ele>
        <time>2024-12-31T11:32:10Z</time>
      </trkpt>
      <trkpt lat="41.671341" lon="2.752218">
        <ele>14.069</ele>
        <time>2024-12-31T11:32:13Z</time>
      </trkpt>
      <trkpt lat="41.671300" lon="2.752241">
        <ele>14.036</ele>
        <time>2024-12-31T11:32:17Z</time>
      </trkpt>
      <trkpt lat="41.671251" lon="2.752265">
        <ele>13.949</ele>
        <time>2024-12-31T11:32:22Z</time>
      </trkpt>
      <trkpt lat="41.671216" lon="2.752310">
        <ele>13.814</ele>
        <time>2024-12-31T11:32:27Z</time>
      </trkpt>
      <trkpt lat="41.671184" lon="2.752341">
        <ele>13.754</ele>
        <time>2024-12-31T11:32:30Z</time>
      </trkpt>
      <trkpt lat="41.671156" lon="2.752389">
        <ele>13.509</ele>
        <time>2024-12-31T11:32:35Z</time>
      </trkpt>
      <trkpt lat="41.671131" lon="2.752421">
        <ele>13.309</ele>
        <time>2024-12-31T11:32:39Z</time>
      </trkpt>
      <trkpt lat="41.671105" lon="2.752478">
        <ele>13.122</ele>
        <time>2024-12-31T11:32:43Z</time>
      </trkpt>
      <trkpt lat="41.671083" lon="2.752501">
        <ele>12.940</ele>
        <time>2024-12-31T11:32:46Z</time>
      </trkpt>
      <trkpt lat="41.671056" lon="2.752502">
        <ele>12.849</ele>
        <time>2024-12-31T11:32:50Z</time>
      </trkpt>
      <trkpt lat="41.671024" lon="2.752514">
        <ele>12.661</ele>
        <time>2024-12-31T11:32:53Z</time>
      </trkpt>
      <trkpt lat="41.670979" lon="2.752540">
        <ele>12.418</ele>
        <time>2024-12-31T11:32:58Z</time>
      </trkpt>
      <trkpt lat="41.670950" lon="2.752553">
        <ele>12.275</ele>
        <time>2024-12-31T11:33:01Z</time>
      </trkpt>
      <trkpt lat="41.670919" lon="2.752554">
        <ele>12.186</ele>
        <time>2024-12-31T11:33:04Z</time>
      </trkpt>
      <trkpt lat="41.670892" lon="2.752555">
        <ele>12.023</ele>
        <time>2024-12-31T11:33:06Z</time>
      </trkpt>
      <trkpt lat="41.670847" lon="2.752550">
        <ele>11.956</ele>
        <time>2024-12-31T11:33:11Z</time>
      </trkpt>
      <trkpt lat="41.670818" lon="2.752551">
        <ele>11.874</ele>
        <time>2024-12-31T11:33:13Z</time>
      </trkpt>
      <trkpt lat="41.670787" lon="2.752552">
        <ele>11.856</ele>
        <time>2024-12-31T11:33:16Z</time>
      </trkpt>
      <trkpt lat="41.670744" lon="2.752537">
        <ele>11.921</ele>
        <time>2024-12-31T11:33:21Z</time>
      </trkpt>
      <trkpt lat="41.670707" lon="2.752524">
        <ele>11.909</ele>
        <time>2024-12-31T11:33:26Z</time>
      </trkpt>
      <trkpt lat="41.670677" lon="2.752510">
        <ele>12.078</ele>
        <time>2024-12-31T11:33:29Z</time>
      </trkpt>
      <trkpt lat="41.670647" lon="2.752507">
        <ele>12.036</ele>
        <time>2024-12-31T11:33:34Z</time>
      </trkpt>
      <trkpt lat="41.670592" lon="2.752503">
        <ele>12.065</ele>
        <time>2024-12-31T11:33:39Z</time>
      </trkpt>
      <trkpt lat="41.670559" lon="2.752496">
        <ele>12.027</ele>
        <time>2024-12-31T11:33:43Z</time>
      </trkpt>
      <trkpt lat="41.670526" lon="2.752494">
        <ele>11.914</ele>
        <time>2024-12-31T11:33:46Z</time>
      </trkpt>
      <trkpt lat="41.670495" lon="2.752510">
        <ele>11.741</ele>
        <time>2024-12-31T11:33:49Z</time>
      </trkpt>
      <trkpt lat="41.670463" lon="2.752522">
        <ele>11.652</ele>
        <time>2024-12-31T11:33:52Z</time>
      </trkpt>
      <trkpt lat="41.670432" lon="2.752531">
        <ele>11.489</ele>
        <time>2024-12-31T11:33:55Z</time>
      </trkpt>
      <trkpt lat="41.670399" lon="2.752536">
        <ele>11.372</ele>
        <time>2024-12-31T11:33:58Z</time>
      </trkpt>
      <trkpt lat="41.670369" lon="2.752536">
        <ele>11.285</ele>
        <time>2024-12-31T11:34:02Z</time>
      </trkpt>
      <trkpt lat="41.670342" lon="2.752533">
        <ele>11.189</ele>
        <time>2024-12-31T11:34:04Z</time>
      </trkpt>
      <trkpt lat="41.670307" lon="2.752523">
        <ele>11.017</ele>
        <time>2024-12-31T11:34:08Z</time>
      </trkpt>
      <trkpt lat="41.670276" lon="2.752519">
        <ele>10.909</ele>
        <time>2024-12-31T11:34:11Z</time>
      </trkpt>
      <trkpt lat="41.670221" lon="2.752503">
        <ele>10.839</ele>
        <time>2024-12-31T11:34:16Z</time>
      </trkpt>
      <trkpt lat="41.670192" lon="2.752501">
        <ele>10.737</ele>
        <time>2024-12-31T11:34:19Z</time>
      </trkpt>
      <trkpt lat="41.670160" lon="2.752497">
        <ele>10.616</ele>
        <time>2024-12-31T11:34:22Z</time>
      </trkpt>
      <trkpt lat="41.670112" lon="2.752497">
        <ele>10.488</ele>
        <time>2024-12-31T11:34:26Z</time>
      </trkpt>
      <trkpt lat="41.670078" lon="2.752492">
        <ele>10.355</ele>
        <time>2024-12-31T11:34:30Z</time>
      </trkpt>
      <trkpt lat="41.670050" lon="2.752487">
        <ele>10.292</ele>
        <time>2024-12-31T11:34:32Z</time>
      </trkpt>
      <trkpt lat="41.670000" lon="2.752482">
        <ele>10.173</ele>
        <time>2024-12-31T11:34:37Z</time>
      </trkpt>
      <trkpt lat="41.669969" lon="2.752477">
        <ele>10.140</ele>
        <time>2024-12-31T11:34:40Z</time>
      </trkpt>
      <trkpt lat="41.669940" lon="2.752476">
        <ele>10.123</ele>
        <time>2024-12-31T11:34:43Z</time>
      </trkpt>
      <trkpt lat="41.669884" lon="2.752466">
        <ele>10.251</ele>
        <time>2024-12-31T11:34:48Z</time>
      </trkpt>
      <trkpt lat="41.669856" lon="2.752459">
        <ele>10.201</ele>
        <time>2024-12-31T11:34:51Z</time>
      </trkpt>
      <trkpt lat="41.669826" lon="2.752451">
        <ele>10.311</ele>
        <time>2024-12-31T11:34:54Z</time>
      </trkpt>
      <trkpt lat="41.669772" lon="2.752441">
        <ele>10.409</ele>
        <time>2024-12-31T11:35:00Z</time>
      </trkpt>
      <trkpt lat="41.669740" lon="2.752434">
        <ele>10.546</ele>
        <time>2024-12-31T11:35:03Z</time>
      </trkpt>
      <trkpt lat="41.669713" lon="2.752414">
        <ele>10.794</ele>
        <time>2024-12-31T11:35:06Z</time>
      </trkpt>
      <trkpt lat="41.669692" lon="2.752390">
        <ele>11.133</ele>
        <time>2024-12-31T11:35:08Z</time>
      </trkpt>
      <trkpt lat="41.669672" lon="2.752362">
        <ele>11.435</ele>
        <time>2024-12-31T11:35:11Z</time>
      </trkpt>
      <trkpt lat="41.669644" lon="2.752336">
        <ele>11.972</ele>
        <time>2024-12-31T11:35:14Z</time>
      </trkpt>
      <trkpt lat="41.669611" lon="2.752338">
        <ele>12.179</ele>
        <time>2024-12-31T11:35:17Z</time>
      </trkpt>
      <trkpt lat="41.669560" lon="2.752340">
        <ele>12.690</ele>
        <time>2024-12-31T11:35:23Z</time>
      </trkpt>
      <trkpt lat="41.669502" lon="2.752318">
        <ele>13.277</ele>
        <time>2024-12-31T11:35:28Z</time>
      </trkpt>
      <trkpt lat="41.669448" lon="2.752307">
        <ele>13.720</ele>
        <time>2024-12-31T11:35:34Z</time>
      </trkpt>
      <trkpt lat="41.669448" lon="2.752238">
        <ele>13.958</ele>
        <time>2024-12-31T11:35:40Z</time>
      </trkpt>
      <trkpt lat="41.669459" lon="2.752204">
        <ele>14.052</ele>
        <time>2024-12-31T11:35:43Z</time>
      </trkpt>
      <trkpt lat="41.669470" lon="2.752153">
        <ele>14.117</ele>
        <time>2024-12-31T11:35:47Z</time>
      </trkpt>
      <trkpt lat="41.669475" lon="2.752103">
        <ele>14.209</ele>
        <time>2024-12-31T11:35:51Z</time>
      </trkpt>
      <trkpt lat="41.669486" lon="2.752051">
        <ele>14.356</ele>
        <time>2024-12-31T11:35:55Z</time>
      </trkpt>
      <trkpt lat="41.669503" lon="2.751990">
        <ele>14.484</ele>
        <time>2024-12-31T11:36:00Z</time>
      </trkpt>
      <trkpt lat="41.669519" lon="2.751955">
        <ele>14.453</ele>
        <time>2024-12-31T11:36:03Z</time>
      </trkpt>
      <trkpt lat="41.669539" lon="2.751890">
        <ele>14.485</ele>
        <time>2024-12-31T11:36:08Z</time>
      </trkpt>
      <trkpt lat="41.669547" lon="2.751852">
        <ele>14.592</ele>
        <time>2024-12-31T11:36:12Z</time>
      </trkpt>
      <trkpt lat="41.669550" lon="2.751815">
        <ele>14.519</ele>
        <time>2024-12-31T11:36:14Z</time>
      </trkpt>
      <trkpt lat="41.669561" lon="2.751763">
        <ele>14.520</ele>
        <time>2024-12-31T11:36:18Z</time>
      </trkpt>
      <trkpt lat="41.669576" lon="2.751713">
        <ele>14.597</ele>
        <time>2024-12-31T11:36:22Z</time>
      </trkpt>
      <trkpt lat="41.669592" lon="2.751661">
        <ele>14.410</ele>
        <time>2024-12-31T11:36:26Z</time>
      </trkpt>
      <trkpt lat="41.669613" lon="2.751587">
        <ele>14.441</ele>
        <time>2024-12-31T11:36:32Z</time>
      </trkpt>
      <trkpt lat="41.669624" lon="2.751545">
        <ele>14.381</ele>
        <time>2024-12-31T11:36:35Z</time>
      </trkpt>
      <trkpt lat="41.669642" lon="2.751480">
        <ele>14.309</ele>
        <time>2024-12-31T11:36:40Z</time>
      </trkpt>
      <trkpt lat="41.669662" lon="2.751435">
        <ele>14.309</ele>
        <time>2024-12-31T11:36:44Z</time>
      </trkpt>
      <trkpt lat="41.669678" lon="2.751378">
        <ele>14.475</ele>
        <time>2024-12-31T11:36:48Z</time>
      </trkpt>
      <trkpt lat="41.669704" lon="2.751332">
        <ele>14.323</ele>
        <time>2024-12-31T11:36:53Z</time>
      </trkpt>
      <trkpt lat="41.669722" lon="2.751287">
        <ele>14.492</ele>
        <time>2024-12-31T11:36:56Z</time>
      </trkpt>
      <trkpt lat="41.669736" lon="2.751243">
        <ele>14.584</ele>
        <time>2024-12-31T11:37:00Z</time>
      </trkpt>
      <trkpt lat="41.669749" lon="2.751209">
        <ele>14.631</ele>
        <time>2024-12-31T11:37:03Z</time>
      </trkpt>
      <trkpt lat="41.669771" lon="2.751151">
        <ele>14.738</ele>
        <time>2024-12-31T11:37:07Z</time>
      </trkpt>
      <trkpt lat="41.669785" lon="2.751119">
        <ele>14.799</ele>
        <time>2024-12-31T11:37:10Z</time>
      </trkpt>
      <trkpt lat="41.669805" lon="2.751063">
        <ele>14.656</ele>
        <time>2024-12-31T11:37:14Z</time>
      </trkpt>
      <trkpt lat="41.669828" lon="2.750993">
        <ele>14.499</ele>
        <time>2024-12-31T11:37:20Z</time>
      </trkpt>
      <trkpt lat="41.669843" lon="2.750925">
        <ele>14.297</ele>
        <time>2024-12-31T11:37:25Z</time>
      </trkpt>
      <trkpt lat="41.669848" lon="2.750875">
        <ele>14.123</ele>
        <time>2024-12-31T11:37:28Z</time>
      </trkpt>
      <trkpt lat="41.669856" lon="2.750805">
        <ele>14.125</ele>
        <time>2024-12-31T11:37:33Z</time>
      </trkpt>
      <trkpt lat="41.669860" lon="2.750752">
        <ele>14.109</ele>
        <time>2024-12-31T11:37:37Z</time>
      </trkpt>
      <trkpt lat="41.669866" lon="2.750694">
        <ele>14.210</ele>
        <time>2024-12-31T11:37:42Z</time>
      </trkpt>
      <trkpt lat="41.669868" lon="2.750633">
        <ele>14.368</ele>
        <time>2024-12-31T11:37:47Z</time>
      </trkpt>
      <trkpt lat="41.669861" lon="2.750569">
        <ele>14.587</ele>
        <time>2024-12-31T11:37:52Z</time>
      </trkpt>
      <trkpt lat="41.669846" lon="2.750515">
        <ele>14.679</ele>
        <time>2024-12-31T11:37:56Z</time>
      </trkpt>
      <trkpt lat="41.669814" lon="2.750478">
        <ele>14.816</ele>
        <time>2024-12-31T11:38:00Z</time>
      </trkpt>
      <trkpt lat="41.669771" lon="2.750467">
        <ele>14.953</ele>
        <time>2024-12-31T11:38:14Z</time>
      </trkpt>
      <trkpt lat="41.669718" lon="2.750458">
        <ele>15.094</ele>
        <time>2024-12-31T11:38:19Z</time>
      </trkpt>
      <trkpt lat="41.669687" lon="2.750450">
        <ele>15.111</ele>
        <time>2024-12-31T11:38:22Z</time>
      </trkpt>
      <trkpt lat="41.669636" lon="2.750434">
        <ele>15.354</ele>
        <time>2024-12-31T11:38:27Z</time>
      </trkpt>
      <trkpt lat="41.669605" lon="2.750431">
        <ele>15.436</ele>
        <time>2024-12-31T11:38:30Z</time>
      </trkpt>
      <trkpt lat="41.669577" lon="2.750426">
        <ele>15.517</ele>
        <time>2024-12-31T11:38:33Z</time>
      </trkpt>
      <trkpt lat="41.669548" lon="2.750422">
        <ele>15.618</ele>
        <time>2024-12-31T11:38:36Z</time>
      </trkpt>
      <trkpt lat="41.669520" lon="2.750419">
        <ele>15.709</ele>
        <time>2024-12-31T11:38:40Z</time>
      </trkpt>
      <trkpt lat="41.669487" lon="2.750416">
        <ele>15.864</ele>
        <time>2024-12-31T11:38:43Z</time>
      </trkpt>
      <trkpt lat="41.669457" lon="2.750398">
        <ele>16.082</ele>
        <time>2024-12-31T11:38:47Z</time>
      </trkpt>
      <trkpt lat="41.669414" lon="2.750386">
        <ele>15.951</ele>
        <time>2024-12-31T11:38:52Z</time>
      </trkpt>
      <trkpt lat="41.669384" lon="2.750383">
        <ele>15.963</ele>
        <time>2024-12-31T11:38:55Z</time>
      </trkpt>
      <trkpt lat="41.669334" lon="2.750382">
        <ele>15.810</ele>
        <time>2024-12-31T11:38:59Z</time>
      </trkpt>
      <trkpt lat="41.669304" lon="2.750385">
        <ele>15.717</ele>
        <time>2024-12-31T11:39:02Z</time>
      </trkpt>
      <trkpt lat="41.669253" lon="2.750372">
        <ele>15.548</ele>
        <time>2024-12-31T11:39:07Z</time>
      </trkpt>
      <trkpt lat="41.669227" lon="2.750355">
        <ele>15.475</ele>
        <time>2024-12-31T11:39:10Z</time>
      </trkpt>
      <trkpt lat="41.669182" lon="2.750339">
        <ele>15.348</ele>
        <time>2024-12-31T11:39:14Z</time>
      </trkpt>
      <trkpt lat="41.669151" lon="2.750328">
        <ele>15.218</ele>
        <time>2024-12-31T11:39:17Z</time>
      </trkpt>
      <trkpt lat="41.669118" lon="2.750323">
        <ele>15.198</ele>
        <time>2024-12-31T11:39:21Z</time>
      </trkpt>
      <trkpt lat="41.669090" lon="2.750314">
        <ele>15.117</ele>
        <time>2024-12-31T11:39:23Z</time>
      </trkpt>
      <trkpt lat="41.669061" lon="2.750308">
        <ele>15.109</ele>
        <time>2024-12-31T11:39:26Z</time>
      </trkpt>
      <trkpt lat="41.669031" lon="2.750304">
        <ele>15.042</ele>
        <time>2024-12-31T11:39:29Z</time>
      </trkpt>
      <trkpt lat="41.669003" lon="2.750298">
        <ele>15.090</ele>
        <time>2024-12-31T11:39:32Z</time>
      </trkpt>
      <trkpt lat="41.668959" lon="2.750293">
        <ele>15.049</ele>
        <time>2024-12-31T11:39:36Z</time>
      </trkpt>
      <trkpt lat="41.668917" lon="2.750289">
        <ele>15.041</ele>
        <time>2024-12-31T11:39:40Z</time>
      </trkpt>
      <trkpt lat="41.668871" lon="2.750278">
        <ele>15.018</ele>
        <time>2024-12-31T11:39:44Z</time>
      </trkpt>
      <trkpt lat="41.668829" lon="2.750269">
        <ele>15.015</ele>
        <time>2024-12-31T11:39:48Z</time>
      </trkpt>
      <trkpt lat="41.668789" lon="2.750265">
        <ele>15.056</ele>
        <time>2024-12-31T11:39:52Z</time>
      </trkpt>
      <trkpt lat="41.668746" lon="2.750255">
        <ele>15.093</ele>
        <time>2024-12-31T11:39:56Z</time>
      </trkpt>
      <trkpt lat="41.668699" lon="2.750246">
        <ele>15.186</ele>
        <time>2024-12-31T11:40:01Z</time>
      </trkpt>
      <trkpt lat="41.668651" lon="2.750238">
        <ele>15.117</ele>
        <time>2024-12-31T11:40:06Z</time>
      </trkpt>
      <trkpt lat="41.668603" lon="2.750226">
        <ele>15.287</ele>
        <time>2024-12-31T11:40:10Z</time>
      </trkpt>
      <trkpt lat="41.668559" lon="2.750214">
        <ele>15.415</ele>
        <time>2024-12-31T11:40:15Z</time>
      </trkpt>
      <trkpt lat="41.668534" lon="2.750196">
        <ele>15.509</ele>
        <time>2024-12-31T11:40:18Z</time>
      </trkpt>
      <trkpt lat="41.668505" lon="2.750196">
        <ele>15.672</ele>
        <time>2024-12-31T11:40:21Z</time>
      </trkpt>
      <trkpt lat="41.668463" lon="2.750201">
        <ele>15.740</ele>
        <time>2024-12-31T11:40:25Z</time>
      </trkpt>
      <trkpt lat="41.668414" lon="2.750201">
        <ele>15.889</ele>
        <time>2024-12-31T11:40:29Z</time>
      </trkpt>
      <trkpt lat="41.668388" lon="2.750182">
        <ele>15.981</ele>
        <time>2024-12-31T11:40:32Z</time>
      </trkpt>
      <trkpt lat="41.668373" lon="2.750144">
        <ele>15.978</ele>
        <time>2024-12-31T11:40:35Z</time>
      </trkpt>
      <trkpt lat="41.668361" lon="2.750076">
        <ele>16.025</ele>
        <time>2024-12-31T11:40:41Z</time>
      </trkpt>
      <trkpt lat="41.668365" lon="2.750038">
        <ele>16.056</ele>
        <time>2024-12-31T11:40:44Z</time>
      </trkpt>
      <trkpt lat="41.668365" lon="2.749971">
        <ele>16.133</ele>
        <time>2024-12-31T11:40:50Z</time>
      </trkpt>
      <trkpt lat="41.668360" lon="2.749908">
        <ele>16.316</ele>
        <time>2024-12-31T11:40:54Z</time>
      </trkpt>
      <trkpt lat="41.668356" lon="2.749848">
        <ele>16.568</ele>
        <time>2024-12-31T11:40:58Z</time>
      </trkpt>
      <trkpt lat="41.668360" lon="2.749787">
        <ele>16.842</ele>
        <time>2024-12-31T11:41:04Z</time>
      </trkpt>
      <trkpt lat="41.668353" lon="2.749716">
        <ele>17.026</ele>
        <time>2024-12-31T11:41:10Z</time>
      </trkpt>
      <trkpt lat="41.668355" lon="2.749676">
        <ele>17.009</ele>
        <time>2024-12-31T11:41:14Z</time>
      </trkpt>
      <trkpt lat="41.668357" lon="2.749635">
        <ele>17.067</ele>
        <time>2024-12-31T11:41:16Z</time>
      </trkpt>
      <trkpt lat="41.668358" lon="2.749594">
        <ele>17.035</ele>
        <time>2024-12-31T11:41:20Z</time>
      </trkpt>
      <trkpt lat="41.668358" lon="2.749552">
        <ele>17.074</ele>
        <time>2024-12-31T11:41:23Z</time>
      </trkpt>
      <trkpt lat="41.668352" lon="2.749487">
        <ele>17.026</ele>
        <time>2024-12-31T11:41:28Z</time>
      </trkpt>
      <trkpt lat="41.668357" lon="2.749450">
        <ele>17.083</ele>
        <time>2024-12-31T11:41:31Z</time>
      </trkpt>
      <trkpt lat="41.668362" lon="2.749411">
        <ele>17.010</ele>
        <time>2024-12-31T11:41:34Z</time>
      </trkpt>
      <trkpt lat="41.668359" lon="2.749345">
        <ele>17.031</ele>
        <time>2024-12-31T11:41:39Z</time>
      </trkpt>
      <trkpt lat="41.668360" lon="2.749308">
        <ele>17.098</ele>
        <time>2024-12-31T11:41:42Z</time>
      </trkpt>
      <trkpt lat="41.668365" lon="2.749269">
        <ele>17.031</ele>
        <time>2024-12-31T11:41:45Z</time>
      </trkpt>
      <trkpt lat="41.668365" lon="2.749213">
        <ele>17.035</ele>
        <time>2024-12-31T11:41:49Z</time>
      </trkpt>
      <trkpt lat="41.668361" lon="2.749142">
        <ele>17.086</ele>
        <time>2024-12-31T11:41:55Z</time>
      </trkpt>
      <trkpt lat="41.668363" lon="2.749083">
        <ele>17.014</ele>
        <time>2024-12-31T11:42:00Z</time>
      </trkpt>
      <trkpt lat="41.668352" lon="2.749043">
        <ele>17.009</ele>
        <time>2024-12-31T11:42:03Z</time>
      </trkpt>
      <trkpt lat="41.668304" lon="2.749017">
        <ele>17.294</ele>
        <time>2024-12-31T11:42:08Z</time>
      </trkpt>
      <trkpt lat="41.668259" lon="2.749022">
        <ele>17.532</ele>
        <time>2024-12-31T11:42:14Z</time>
      </trkpt>
      <trkpt lat="41.668219" lon="2.749007">
        <ele>17.871</ele>
        <time>2024-12-31T11:42:18Z</time>
      </trkpt>
      <trkpt lat="41.668165" lon="2.749019">
        <ele>18.233</ele>
        <time>2024-12-31T11:42:24Z</time>
      </trkpt>
      <trkpt lat="41.668134" lon="2.749020">
        <ele>18.490</ele>
        <time>2024-12-31T11:42:27Z</time>
      </trkpt>
      <trkpt lat="41.668107" lon="2.749018">
        <ele>18.687</ele>
        <time>2024-12-31T11:42:30Z</time>
      </trkpt>
      <trkpt lat="41.668077" lon="2.749014">
        <ele>18.818</ele>
        <time>2024-12-31T11:42:33Z</time>
      </trkpt>
      <trkpt lat="41.668050" lon="2.749012">
        <ele>19.055</ele>
        <time>2024-12-31T11:42:35Z</time>
      </trkpt>
      <trkpt lat="41.668021" lon="2.749007">
        <ele>19.298</ele>
        <time>2024-12-31T11:42:38Z</time>
      </trkpt>
      <trkpt lat="41.667964" lon="2.748997">
        <ele>19.788</ele>
        <time>2024-12-31T11:42:44Z</time>
      </trkpt>
      <trkpt lat="41.667936" lon="2.748992">
        <ele>19.924</ele>
        <time>2024-12-31T11:42:47Z</time>
      </trkpt>
      <trkpt lat="41.667906" lon="2.748987">
        <ele>20.126</ele>
        <time>2024-12-31T11:42:50Z</time>
      </trkpt>
      <trkpt lat="41.667855" lon="2.748976">
        <ele>20.409</ele>
        <time>2024-12-31T11:42:56Z</time>
      </trkpt>
      <trkpt lat="41.667827" lon="2.748974">
        <ele>20.619</ele>
        <time>2024-12-31T11:42:58Z</time>
      </trkpt>
      <trkpt lat="41.667771" lon="2.748976">
        <ele>21.037</ele>
        <time>2024-12-31T11:43:04Z</time>
      </trkpt>
      <trkpt lat="41.667726" lon="2.748988">
        <ele>21.316</ele>
        <time>2024-12-31T11:43:09Z</time>
      </trkpt>
      <trkpt lat="41.667670" lon="2.749003">
        <ele>21.538</ele>
        <time>2024-12-31T11:43:15Z</time>
      </trkpt>
      <trkpt lat="41.667640" lon="2.749014">
        <ele>21.795</ele>
        <time>2024-12-31T11:43:19Z</time>
      </trkpt>
      <trkpt lat="41.667591" lon="2.749036">
        <ele>22.032</ele>
        <time>2024-12-31T11:43:25Z</time>
      </trkpt>
      <trkpt lat="41.667535" lon="2.749048">
        <ele>22.453</ele>
        <time>2024-12-31T11:43:31Z</time>
      </trkpt>
      <trkpt lat="41.667496" lon="2.749044">
        <ele>22.650</ele>
        <time>2024-12-31T11:43:36Z</time>
      </trkpt>
      <trkpt lat="41.667464" lon="2.749054">
        <ele>22.673</ele>
        <time>2024-12-31T11:43:39Z</time>
      </trkpt>
      <trkpt lat="41.667436" lon="2.749064">
        <ele>22.728</ele>
        <time>2024-12-31T11:43:42Z</time>
      </trkpt>
      <trkpt lat="41.667411" lon="2.749080">
        <ele>22.889</ele>
        <time>2024-12-31T11:43:45Z</time>
      </trkpt>
      <trkpt lat="41.667387" lon="2.749097">
        <ele>23.017</ele>
        <time>2024-12-31T11:43:48Z</time>
      </trkpt>
      <trkpt lat="41.667364" lon="2.749116">
        <ele>23.109</ele>
        <time>2024-12-31T11:43:51Z</time>
      </trkpt>
      <trkpt lat="41.667333" lon="2.749137">
        <ele>23.493</ele>
        <time>2024-12-31T11:43:55Z</time>
      </trkpt>
      <trkpt lat="41.667305" lon="2.749153">
        <ele>23.691</ele>
        <time>2024-12-31T11:43:58Z</time>
      </trkpt>
      <trkpt lat="41.667264" lon="2.749183">
        <ele>23.950</ele>
        <time>2024-12-31T11:44:04Z</time>
      </trkpt>
      <trkpt lat="41.667235" lon="2.749196">
        <ele>24.142</ele>
        <time>2024-12-31T11:44:07Z</time>
      </trkpt>
      <trkpt lat="41.667184" lon="2.749228">
        <ele>24.219</ele>
        <time>2024-12-31T11:44:13Z</time>
      </trkpt>
      <trkpt lat="41.667160" lon="2.749250">
        <ele>24.376</ele>
        <time>2024-12-31T11:44:16Z</time>
      </trkpt>
      <trkpt lat="41.667134" lon="2.749269">
        <ele>24.457</ele>
        <time>2024-12-31T11:44:20Z</time>
      </trkpt>
      <trkpt lat="41.667107" lon="2.749285">
        <ele>24.424</ele>
        <time>2024-12-31T11:44:23Z</time>
      </trkpt>
      <trkpt lat="41.667076" lon="2.749304">
        <ele>24.537</ele>
        <time>2024-12-31T11:44:26Z</time>
      </trkpt>
      <trkpt lat="41.667049" lon="2.749320">
        <ele>24.626</ele>
        <time>2024-12-31T11:44:29Z</time>
      </trkpt>
      <trkpt lat="41.667018" lon="2.749338">
        <ele>24.647</ele>
        <time>2024-12-31T11:44:32Z</time>
      </trkpt>
      <trkpt lat="41.666990" lon="2.749349">
        <ele>24.711</ele>
        <time>2024-12-31T11:44:37Z</time>
      </trkpt>
      <trkpt lat="41.666955" lon="2.749310">
        <ele>24.509</ele>
        <time>2024-12-31T11:44:42Z</time>
      </trkpt>
      <trkpt lat="41.666943" lon="2.749276">
        <ele>24.443</ele>
        <time>2024-12-31T11:44:44Z</time>
      </trkpt>
      <trkpt lat="41.666927" lon="2.749220">
        <ele>24.191</ele>
        <time>2024-12-31T11:44:49Z</time>
      </trkpt>
      <trkpt lat="41.666918" lon="2.749153">
        <ele>23.890</ele>
        <time>2024-12-31T11:44:53Z</time>
      </trkpt>
      <trkpt lat="41.666907" lon="2.749089">
        <ele>23.162</ele>
        <time>2024-12-31T11:44:58Z</time>
      </trkpt>
      <trkpt lat="41.666903" lon="2.749049">
        <ele>22.639</ele>
        <time>2024-12-31T11:45:01Z</time>
      </trkpt>
      <trkpt lat="41.666891" lon="2.749011">
        <ele>22.226</ele>
        <time>2024-12-31T11:45:04Z</time>
      </trkpt>
      <trkpt lat="41.666883" lon="2.748971">
        <ele>21.877</ele>
        <time>2024-12-31T11:45:07Z</time>
      </trkpt>
      <trkpt lat="41.666872" lon="2.748930">
        <ele>21.424</ele>
        <time>2024-12-31T11:45:10Z</time>
      </trkpt>
      <trkpt lat="41.666867" lon="2.748894">
        <ele>21.157</ele>
        <time>2024-12-31T11:45:12Z</time>
      </trkpt>
      <trkpt lat="41.666861" lon="2.748846">
        <ele>20.735</ele>
        <time>2024-12-31T11:45:17Z</time>
      </trkpt>
      <trkpt lat="41.666857" lon="2.748802">
        <ele>20.486</ele>
        <time>2024-12-31T11:45:20Z</time>
      </trkpt>
      <trkpt lat="41.666849" lon="2.748763">
        <ele>20.114</ele>
        <time>2024-12-31T11:45:23Z</time>
      </trkpt>
      <trkpt lat="41.666840" lon="2.748727">
        <ele>19.809</ele>
        <time>2024-12-31T11:45:26Z</time>
      </trkpt>
      <trkpt lat="41.666832" lon="2.748685">
        <ele>19.524</ele>
        <time>2024-12-31T11:45:29Z</time>
      </trkpt>
      <trkpt lat="41.666827" lon="2.748649">
        <ele>19.372</ele>
        <time>2024-12-31T11:45:32Z</time>
      </trkpt>
      <trkpt lat="41.666821" lon="2.748608">
        <ele>19.041</ele>
        <time>2024-12-31T11:45:35Z</time>
      </trkpt>
      <trkpt lat="41.666814" lon="2.748568">
        <ele>18.823</ele>
        <time>2024-12-31T11:45:39Z</time>
      </trkpt>
      <trkpt lat="41.666803" lon="2.748496">
        <ele>18.420</ele>
        <time>2024-12-31T11:45:44Z</time>
      </trkpt>
      <trkpt lat="41.666795" lon="2.748455">
        <ele>18.117</ele>
        <time>2024-12-31T11:45:47Z</time>
      </trkpt>
      <trkpt lat="41.666791" lon="2.748411">
        <ele>17.988</ele>
        <time>2024-12-31T11:45:51Z</time>
      </trkpt>
      <trkpt lat="41.666788" lon="2.748371">
        <ele>17.685</ele>
        <time>2024-12-31T11:45:54Z</time>
      </trkpt>
      <trkpt lat="41.666784" lon="2.748327">
        <ele>17.488</ele>
        <time>2024-12-31T11:45:57Z</time>
      </trkpt>
      <trkpt lat="41.666778" lon="2.748287">
        <ele>17.121</ele>
        <time>2024-12-31T11:46:00Z</time>
      </trkpt>
      <trkpt lat="41.666772" lon="2.748246">
        <ele>16.941</ele>
        <time>2024-12-31T11:46:03Z</time>
      </trkpt>
      <trkpt lat="41.666768" lon="2.748203">
        <ele>16.605</ele>
        <time>2024-12-31T11:46:06Z</time>
      </trkpt>
      <trkpt lat="41.666766" lon="2.748166">
        <ele>16.409</ele>
        <time>2024-12-31T11:46:09Z</time>
      </trkpt>
      <trkpt lat="41.666765" lon="2.748124">
        <ele>16.173</ele>
        <time>2024-12-31T11:46:12Z</time>
      </trkpt>
      <trkpt lat="41.666761" lon="2.748082">
        <ele>15.831</ele>
        <time>2024-12-31T11:46:15Z</time>
      </trkpt>
      <trkpt lat="41.666758" lon="2.748038">
        <ele>15.620</ele>
        <time>2024-12-31T11:46:18Z</time>
      </trkpt>
      <trkpt lat="41.666756" lon="2.747995">
        <ele>15.452</ele>
        <time>2024-12-31T11:46:21Z</time>
      </trkpt>
      <trkpt lat="41.666753" lon="2.747958">
        <ele>15.329</ele>
        <time>2024-12-31T11:46:24Z</time>
      </trkpt>
      <trkpt lat="41.666748" lon="2.747920">
        <ele>15.166</ele>
        <time>2024-12-31T11:46:26Z</time>
      </trkpt>
      <trkpt lat="41.666743" lon="2.747881">
        <ele>14.917</ele>
        <time>2024-12-31T11:46:29Z</time>
      </trkpt>
      <trkpt lat="41.666738" lon="2.747841">
        <ele>14.774</ele>
        <time>2024-12-31T11:46:32Z</time>
      </trkpt>
      <trkpt lat="41.666734" lon="2.747801">
        <ele>14.667</ele>
        <time>2024-12-31T11:46:35Z</time>
      </trkpt>
      <trkpt lat="41.666730" lon="2.747758">
        <ele>14.474</ele>
        <time>2024-12-31T11:46:37Z</time>
      </trkpt>
      <trkpt lat="41.666727" lon="2.747719">
        <ele>14.256</ele>
        <time>2024-12-31T11:46:40Z</time>
      </trkpt>
      <trkpt lat="41.666724" lon="2.747677">
        <ele>14.121</ele>
        <time>2024-12-31T11:46:43Z</time>
      </trkpt>
      <trkpt lat="41.666723" lon="2.747633">
        <ele>13.909</ele>
        <time>2024-12-31T11:46:46Z</time>
      </trkpt>
      <trkpt lat="41.666724" lon="2.747590">
        <ele>13.748</ele>
        <time>2024-12-31T11:46:49Z</time>
      </trkpt>
      <trkpt lat="41.666723" lon="2.747547">
        <ele>13.626</ele>
        <time>2024-12-31T11:46:52Z</time>
      </trkpt>
      <trkpt lat="41.666726" lon="2.747509">
        <ele>13.575</ele>
        <time>2024-12-31T11:46:55Z</time>
      </trkpt>
      <trkpt lat="41.666732" lon="2.747469">
        <ele>13.567</ele>
        <time>2024-12-31T11:46:58Z</time>
      </trkpt>
      <trkpt lat="41.666737" lon="2.747433">
        <ele>13.534</ele>
        <time>2024-12-31T11:47:00Z</time>
      </trkpt>
      <trkpt lat="41.666741" lon="2.747396">
        <ele>13.551</ele>
        <time>2024-12-31T11:47:03Z</time>
      </trkpt>
      <trkpt lat="41.666743" lon="2.747320">
        <ele>13.692</ele>
        <time>2024-12-31T11:47:08Z</time>
      </trkpt>
      <trkpt lat="41.666745" lon="2.747276">
        <ele>13.679</ele>
        <time>2024-12-31T11:47:11Z</time>
      </trkpt>
      <trkpt lat="41.666737" lon="2.747240">
        <ele>13.532</ele>
        <time>2024-12-31T11:47:14Z</time>
      </trkpt>
      <trkpt lat="41.666741" lon="2.747202">
        <ele>13.791</ele>
        <time>2024-12-31T11:47:16Z</time>
      </trkpt>
      <trkpt lat="41.666734" lon="2.747157">
        <ele>13.981</ele>
        <time>2024-12-31T11:47:20Z</time>
      </trkpt>
      <trkpt lat="41.666721" lon="2.747090">
        <ele>14.319</ele>
        <time>2024-12-31T11:47:25Z</time>
      </trkpt>
      <trkpt lat="41.666718" lon="2.747054">
        <ele>14.509</ele>
        <time>2024-12-31T11:47:28Z</time>
      </trkpt>
      <trkpt lat="41.666715" lon="2.747018">
        <ele>14.750</ele>
        <time>2024-12-31T11:47:30Z</time>
      </trkpt>
      <trkpt lat="41.666715" lon="2.746975">
        <ele>15.058</ele>
        <time>2024-12-31T11:47:34Z</time>
      </trkpt>
      <trkpt lat="41.666721" lon="2.746905">
        <ele>15.347</ele>
        <time>2024-12-31T11:47:40Z</time>
      </trkpt>
      <trkpt lat="41.666723" lon="2.746865">
        <ele>15.419</ele>
        <time>2024-12-31T11:47:43Z</time>
      </trkpt>
      <trkpt lat="41.666728" lon="2.746823">
        <ele>15.696</ele>
        <time>2024-12-31T11:47:47Z</time>
      </trkpt>
      <trkpt lat="41.666737" lon="2.746788">
        <ele>15.773</ele>
        <time>2024-12-31T11:47:50Z</time>
      </trkpt>
      <trkpt lat="41.666745" lon="2.746749">
        <ele>15.874</ele>
        <time>2024-12-31T11:47:53Z</time>
      </trkpt>
      <trkpt lat="41.666753" lon="2.746711">
        <ele>15.911</ele>
        <time>2024-12-31T11:47:56Z</time>
      </trkpt>
      <trkpt lat="41.666759" lon="2.746667">
        <ele>16.064</ele>
        <time>2024-12-31T11:48:00Z</time>
      </trkpt>
      <trkpt lat="41.666762" lon="2.746627">
        <ele>16.237</ele>
        <time>2024-12-31T11:48:03Z</time>
      </trkpt>
      <trkpt lat="41.666765" lon="2.746590">
        <ele>16.449</ele>
        <time>2024-12-31T11:48:06Z</time>
      </trkpt>
      <trkpt lat="41.666764" lon="2.746546">
        <ele>16.613</ele>
        <time>2024-12-31T11:48:10Z</time>
      </trkpt>
      <trkpt lat="41.666765" lon="2.746505">
        <ele>16.809</ele>
        <time>2024-12-31T11:48:13Z</time>
      </trkpt>
      <trkpt lat="41.666764" lon="2.746463">
        <ele>17.074</ele>
        <time>2024-12-31T11:48:16Z</time>
      </trkpt>
      <trkpt lat="41.666753" lon="2.746426">
        <ele>17.142</ele>
        <time>2024-12-31T11:48:19Z</time>
      </trkpt>
      <trkpt lat="41.666731" lon="2.746363">
        <ele>17.381</ele>
        <time>2024-12-31T11:48:24Z</time>
      </trkpt>
      <trkpt lat="41.666717" lon="2.746326">
        <ele>17.293</ele>
        <time>2024-12-31T11:48:27Z</time>
      </trkpt>
      <trkpt lat="41.666701" lon="2.746291">
        <ele>17.270</ele>
        <time>2024-12-31T11:48:30Z</time>
      </trkpt>
      <trkpt lat="41.666684" lon="2.746256">
        <ele>17.167</ele>
        <time>2024-12-31T11:48:33Z</time>
      </trkpt>
      <trkpt lat="41.666666" lon="2.746219">
        <ele>17.068</ele>
        <time>2024-12-31T11:48:36Z</time>
      </trkpt>
      <trkpt lat="41.666649" lon="2.746182">
        <ele>17.025</ele>
        <time>2024-12-31T11:48:40Z</time>
      </trkpt>
      <trkpt lat="41.666635" lon="2.746146">
        <ele>17.088</ele>
        <time>2024-12-31T11:48:42Z</time>
      </trkpt>
      <trkpt lat="41.666614" lon="2.746118">
        <ele>17.088</ele>
        <time>2024-12-31T11:48:45Z</time>
      </trkpt>
      <trkpt lat="41.666598" lon="2.746087">
        <ele>17.024</ele>
        <time>2024-12-31T11:48:48Z</time>
      </trkpt>
      <trkpt lat="41.666567" lon="2.746021">
        <ele>17.026</ele>
        <time>2024-12-31T11:48:54Z</time>
      </trkpt>
      <trkpt lat="41.666551" lon="2.745991">
        <ele>17.009</ele>
        <time>2024-12-31T11:48:57Z</time>
      </trkpt>
      <trkpt lat="41.666535" lon="2.745958">
        <ele>17.029</ele>
        <time>2024-12-31T11:49:00Z</time>
      </trkpt>
      <trkpt lat="41.666517" lon="2.745922">
        <ele>17.017</ele>
        <time>2024-12-31T11:49:03Z</time>
      </trkpt>
      <trkpt lat="41.666499" lon="2.745884">
        <ele>17.086</ele>
        <time>2024-12-31T11:49:06Z</time>
      </trkpt>
      <trkpt lat="41.666483" lon="2.745846">
        <ele>17.068</ele>
        <time>2024-12-31T11:49:09Z</time>
      </trkpt>
      <trkpt lat="41.666466" lon="2.745811">
        <ele>16.965</ele>
        <time>2024-12-31T11:49:12Z</time>
      </trkpt>
      <trkpt lat="41.666449" lon="2.745779">
        <ele>16.862</ele>
        <time>2024-12-31T11:49:15Z</time>
      </trkpt>
      <trkpt lat="41.666434" lon="2.745747">
        <ele>16.723</ele>
        <time>2024-12-31T11:49:18Z</time>
      </trkpt>
      <trkpt lat="41.666416" lon="2.745717">
        <ele>16.690</ele>
        <time>2024-12-31T11:49:20Z</time>
      </trkpt>
      <trkpt lat="41.666396" lon="2.745687">
        <ele>16.563</ele>
        <time>2024-12-31T11:49:23Z</time>
      </trkpt>
      <trkpt lat="41.666376" lon="2.745659">
        <ele>16.425</ele>
        <time>2024-12-31T11:49:26Z</time>
      </trkpt>
      <trkpt lat="41.666355" lon="2.745628">
        <ele>16.226</ele>
        <time>2024-12-31T11:49:29Z</time>
      </trkpt>
      <trkpt lat="41.666336" lon="2.745601">
        <ele>16.108</ele>
        <time>2024-12-31T11:49:31Z</time>
      </trkpt>
      <trkpt lat="41.666315" lon="2.745573">
        <ele>16.009</ele>
        <time>2024-12-31T11:49:34Z</time>
      </trkpt>
      <trkpt lat="41.666294" lon="2.745543">
        <ele>16.083</ele>
        <time>2024-12-31T11:49:37Z</time>
      </trkpt>
      <trkpt lat="41.666269" lon="2.745511">
        <ele>15.911</ele>
        <time>2024-12-31T11:49:40Z</time>
      </trkpt>
      <trkpt lat="41.666249" lon="2.745480">
        <ele>15.940</ele>
        <time>2024-12-31T11:49:43Z</time>
      </trkpt>
      <trkpt lat="41.666210" lon="2.745422">
        <ele>15.792</ele>
        <time>2024-12-31T11:49:49Z</time>
      </trkpt>
      <trkpt lat="41.666190" lon="2.745389">
        <ele>15.629</ele>
        <time>2024-12-31T11:49:52Z</time>
      </trkpt>
      <trkpt lat="41.666156" lon="2.745329">
        <ele>15.326</ele>
        <time>2024-12-31T11:49:57Z</time>
      </trkpt>
      <trkpt lat="41.666135" lon="2.745300">
        <ele>15.287</ele>
        <time>2024-12-31T11:50:00Z</time>
      </trkpt>
      <trkpt lat="41.666113" lon="2.745268">
        <ele>15.094</ele>
        <time>2024-12-31T11:50:03Z</time>
      </trkpt>
      <trkpt lat="41.666090" lon="2.745234">
        <ele>14.877</ele>
        <time>2024-12-31T11:50:06Z</time>
      </trkpt>
      <trkpt lat="41.666053" lon="2.745189">
        <ele>14.725</ele>
        <time>2024-12-31T11:50:11Z</time>
      </trkpt>
      <trkpt lat="41.666033" lon="2.745160">
        <ele>14.626</ele>
        <time>2024-12-31T11:50:14Z</time>
      </trkpt>
      <trkpt lat="41.666015" lon="2.745130">
        <ele>14.508</ele>
        <time>2024-12-31T11:50:16Z</time>
      </trkpt>
      <trkpt lat="41.665997" lon="2.745101">
        <ele>14.409</ele>
        <time>2024-12-31T11:50:19Z</time>
      </trkpt>
      <trkpt lat="41.665968" lon="2.745061">
        <ele>14.233</ele>
        <time>2024-12-31T11:50:23Z</time>
      </trkpt>
      <trkpt lat="41.665948" lon="2.745029">
        <ele>14.171</ele>
        <time>2024-12-31T11:50:26Z</time>
      </trkpt>
      <trkpt lat="41.665929" lon="2.744993">
        <ele>14.050</ele>
        <time>2024-12-31T11:50:29Z</time>
      </trkpt>
      <trkpt lat="41.665906" lon="2.744958">
        <ele>14.242</ele>
        <time>2024-12-31T11:50:32Z</time>
      </trkpt>
      <trkpt lat="41.665881" lon="2.744910">
        <ele>14.319</ele>
        <time>2024-12-31T11:50:37Z</time>
      </trkpt>
      <trkpt lat="41.665854" lon="2.744885">
        <ele>14.486</ele>
        <time>2024-12-31T11:50:40Z</time>
      </trkpt>
      <trkpt lat="41.665830" lon="2.744858">
        <ele>14.597</ele>
        <time>2024-12-31T11:50:43Z</time>
      </trkpt>
      <trkpt lat="41.665808" lon="2.744830">
        <ele>14.854</ele>
        <time>2024-12-31T11:50:47Z</time>
      </trkpt>
      <trkpt lat="41.665786" lon="2.744805">
        <ele>15.047</ele>
        <time>2024-12-31T11:50:50Z</time>
      </trkpt>
      <trkpt lat="41.665763" lon="2.744783">
        <ele>15.393</ele>
        <time>2024-12-31T11:50:53Z</time>
      </trkpt>
      <trkpt lat="41.665738" lon="2.744765">
        <ele>15.565</ele>
        <time>2024-12-31T11:50:56Z</time>
      </trkpt>
      <trkpt lat="41.665713" lon="2.744746">
        <ele>15.821</ele>
        <time>2024-12-31T11:50:59Z</time>
      </trkpt>
      <trkpt lat="41.665683" lon="2.744733">
        <ele>16.009</ele>
        <time>2024-12-31T11:51:02Z</time>
      </trkpt>
      <trkpt lat="41.665653" lon="2.744720">
        <ele>16.310</ele>
        <time>2024-12-31T11:51:05Z</time>
      </trkpt>
      <trkpt lat="41.665623" lon="2.744705">
        <ele>16.618</ele>
        <time>2024-12-31T11:51:08Z</time>
      </trkpt>
      <trkpt lat="41.665592" lon="2.744686">
        <ele>16.987</ele>
        <time>2024-12-31T11:51:12Z</time>
      </trkpt>
      <trkpt lat="41.665563" lon="2.744668">
        <ele>17.149</ele>
        <time>2024-12-31T11:51:15Z</time>
      </trkpt>
      <trkpt lat="41.665537" lon="2.744657">
        <ele>17.496</ele>
        <time>2024-12-31T11:51:18Z</time>
      </trkpt>
      <trkpt lat="41.665487" lon="2.744628">
        <ele>18.063</ele>
        <time>2024-12-31T11:51:24Z</time>
      </trkpt>
      <trkpt lat="41.665460" lon="2.744611">
        <ele>18.394</ele>
        <time>2024-12-31T11:51:27Z</time>
      </trkpt>
      <trkpt lat="41.665435" lon="2.744592">
        <ele>18.611</ele>
        <time>2024-12-31T11:51:30Z</time>
      </trkpt>
      <trkpt lat="41.665405" lon="2.744570">
        <ele>18.994</ele>
        <time>2024-12-31T11:51:33Z</time>
      </trkpt>
      <trkpt lat="41.665367" lon="2.744513">
        <ele>19.393</ele>
        <time>2024-12-31T11:51:41Z</time>
      </trkpt>
      <trkpt lat="41.665341" lon="2.744482">
        <ele>19.565</ele>
        <time>2024-12-31T11:51:45Z</time>
      </trkpt>
      <trkpt lat="41.665315" lon="2.744456">
        <ele>19.721</ele>
        <time>2024-12-31T11:51:49Z</time>
      </trkpt>
      <trkpt lat="41.665293" lon="2.744427">
        <ele>20.009</ele>
        <time>2024-12-31T11:51:52Z</time>
      </trkpt>
      <trkpt lat="41.665275" lon="2.744393">
        <ele>20.210</ele>
        <time>2024-12-31T11:51:55Z</time>
      </trkpt>
      <trkpt lat="41.665257" lon="2.744359">
        <ele>20.378</ele>
        <time>2024-12-31T11:51:58Z</time>
      </trkpt>
      <trkpt lat="41.665230" lon="2.744302">
        <ele>20.487</ele>
        <time>2024-12-31T11:52:05Z</time>
      </trkpt>
      <trkpt lat="41.665212" lon="2.744270">
        <ele>20.539</ele>
        <time>2024-12-31T11:52:08Z</time>
      </trkpt>
      <trkpt lat="41.665181" lon="2.744203">
        <ele>20.616</ele>
        <time>2024-12-31T11:52:15Z</time>
      </trkpt>
      <trkpt lat="41.665169" lon="2.744166">
        <ele>20.683</ele>
        <time>2024-12-31T11:52:19Z</time>
      </trkpt>
      <trkpt lat="41.665156" lon="2.744130">
        <ele>20.694</ele>
        <time>2024-12-31T11:52:22Z</time>
      </trkpt>
      <trkpt lat="41.665139" lon="2.744095">
        <ele>20.561</ele>
        <time>2024-12-31T11:52:26Z</time>
      </trkpt>
      <trkpt lat="41.665124" lon="2.744059">
        <ele>20.434</ele>
        <time>2024-12-31T11:52:29Z</time>
      </trkpt>
      <trkpt lat="41.665102" lon="2.743993">
        <ele>20.415</ele>
        <time>2024-12-31T11:52:35Z</time>
      </trkpt>
      <trkpt lat="41.665084" lon="2.743953">
        <ele>20.365</ele>
        <time>2024-12-31T11:52:38Z</time>
      </trkpt>
      <trkpt lat="41.665069" lon="2.743894">
        <ele>20.211</ele>
        <time>2024-12-31T11:52:43Z</time>
      </trkpt>
      <trkpt lat="41.665060" lon="2.743856">
        <ele>20.309</ele>
        <time>2024-12-31T11:52:46Z</time>
      </trkpt>
      <trkpt lat="41.665051" lon="2.743821">
        <ele>20.472</ele>
        <time>2024-12-31T11:52:49Z</time>
      </trkpt>
      <trkpt lat="41.665038" lon="2.743784">
        <ele>20.560</ele>
        <time>2024-12-31T11:52:52Z</time>
      </trkpt>
      <trkpt lat="41.665022" lon="2.743752">
        <ele>20.579</ele>
        <time>2024-12-31T11:52:56Z</time>
      </trkpt>
      <trkpt lat="41.664999" lon="2.743689">
        <ele>20.761</ele>
        <time>2024-12-31T11:53:01Z</time>
      </trkpt>
      <trkpt lat="41.664974" lon="2.743631">
        <ele>20.868</ele>
        <time>2024-12-31T11:53:06Z</time>
      </trkpt>
      <trkpt lat="41.664946" lon="2.743569">
        <ele>20.875</ele>
        <time>2024-12-31T11:53:12Z</time>
      </trkpt>
      <trkpt lat="41.664935" lon="2.743531">
        <ele>20.826</ele>
        <time>2024-12-31T11:53:15Z</time>
      </trkpt>
      <trkpt lat="41.664903" lon="2.743480">
        <ele>20.843</ele>
        <time>2024-12-31T11:53:21Z</time>
      </trkpt>
      <trkpt lat="41.664882" lon="2.743451">
        <ele>20.846</ele>
        <time>2024-12-31T11:53:24Z</time>
      </trkpt>
      <trkpt lat="41.664857" lon="2.743428">
        <ele>20.889</ele>
        <time>2024-12-31T11:53:28Z</time>
      </trkpt>
      <trkpt lat="41.664833" lon="2.743408">
        <ele>20.806</ele>
        <time>2024-12-31T11:53:32Z</time>
      </trkpt>
      <trkpt lat="41.664809" lon="2.743386">
        <ele>20.926</ele>
        <time>2024-12-31T11:53:35Z</time>
      </trkpt>
      <trkpt lat="41.664770" lon="2.743346">
        <ele>21.009</ele>
        <time>2024-12-31T11:53:42Z</time>
      </trkpt>
      <trkpt lat="41.664741" lon="2.743322">
        <ele>21.089</ele>
        <time>2024-12-31T11:53:46Z</time>
      </trkpt>
      <trkpt lat="41.664718" lon="2.743301">
        <ele>21.187</ele>
        <time>2024-12-31T11:53:49Z</time>
      </trkpt>
      <trkpt lat="41.664696" lon="2.743275">
        <ele>21.296</ele>
        <time>2024-12-31T11:53:52Z</time>
      </trkpt>
      <trkpt lat="41.664666" lon="2.743224">
        <ele>21.478</ele>
        <time>2024-12-31T11:53:58Z</time>
      </trkpt>
      <trkpt lat="41.664647" lon="2.743193">
        <ele>21.595</ele>
        <time>2024-12-31T11:54:02Z</time>
      </trkpt>
      <trkpt lat="41.664630" lon="2.743160">
        <ele>21.672</ele>
        <time>2024-12-31T11:54:04Z</time>
      </trkpt>
      <trkpt lat="41.664610" lon="2.743128">
        <ele>21.783</ele>
        <time>2024-12-31T11:54:07Z</time>
      </trkpt>
      <trkpt lat="41.664589" lon="2.743104">
        <ele>21.850</ele>
        <time>2024-12-31T11:54:11Z</time>
      </trkpt>
      <trkpt lat="41.664564" lon="2.743077">
        <ele>21.993</ele>
        <time>2024-12-31T11:54:14Z</time>
      </trkpt>
      <trkpt lat="41.664531" lon="2.743031">
        <ele>22.128</ele>
        <time>2024-12-31T11:54:18Z</time>
      </trkpt>
      <trkpt lat="41.664513" lon="2.743004">
        <ele>22.289</ele>
        <time>2024-12-31T11:54:21Z</time>
      </trkpt>
      <trkpt lat="41.664493" lon="2.742976">
        <ele>22.317</ele>
        <time>2024-12-31T11:54:23Z</time>
      </trkpt>
      <trkpt lat="41.664474" lon="2.742939">
        <ele>22.509</ele>
        <time>2024-12-31T11:54:26Z</time>
      </trkpt>
      <trkpt lat="41.664438" lon="2.742890">
        <ele>22.693</ele>
        <time>2024-12-31T11:54:31Z</time>
      </trkpt>
      <trkpt lat="41.664420" lon="2.742859">
        <ele>22.691</ele>
        <time>2024-12-31T11:54:34Z</time>
      </trkpt>
      <trkpt lat="41.664398" lon="2.742827">
        <ele>22.530</ele>
        <time>2024-12-31T11:54:37Z</time>
      </trkpt>
      <trkpt lat="41.664381" lon="2.742790">
        <ele>22.512</ele>
        <time>2024-12-31T11:54:40Z</time>
      </trkpt>
      <trkpt lat="41.664367" lon="2.742759">
        <ele>22.539</ele>
        <time>2024-12-31T11:54:42Z</time>
      </trkpt>
      <trkpt lat="41.664351" lon="2.742721">
        <ele>22.596</ele>
        <time>2024-12-31T11:54:45Z</time>
      </trkpt>
      <trkpt lat="41.664334" lon="2.742685">
        <ele>22.537</ele>
        <time>2024-12-31T11:54:48Z</time>
      </trkpt>
      <trkpt lat="41.664318" lon="2.742645">
        <ele>22.654</ele>
        <time>2024-12-31T11:54:51Z</time>
      </trkpt>
      <trkpt lat="41.664303" lon="2.742610">
        <ele>22.617</ele>
        <time>2024-12-31T11:54:54Z</time>
      </trkpt>
      <trkpt lat="41.664290" lon="2.742572">
        <ele>22.674</ele>
        <time>2024-12-31T11:54:57Z</time>
      </trkpt>
      <trkpt lat="41.664278" lon="2.742539">
        <ele>22.756</ele>
        <time>2024-12-31T11:54:59Z</time>
      </trkpt>
      <trkpt lat="41.664265" lon="2.742507">
        <ele>22.721</ele>
        <time>2024-12-31T11:55:02Z</time>
      </trkpt>
      <trkpt lat="41.664250" lon="2.742470">
        <ele>22.509</ele>
        <time>2024-12-31T11:55:05Z</time>
      </trkpt>
      <trkpt lat="41.664236" lon="2.742435">
        <ele>22.348</ele>
        <time>2024-12-31T11:55:08Z</time>
      </trkpt>
      <trkpt lat="41.664221" lon="2.742397">
        <ele>22.146</ele>
        <time>2024-12-31T11:55:11Z</time>
      </trkpt>
      <trkpt lat="41.664208" lon="2.742361">
        <ele>21.935</ele>
        <time>2024-12-31T11:55:13Z</time>
      </trkpt>
      <trkpt lat="41.664194" lon="2.742327">
        <ele>21.667</ele>
        <time>2024-12-31T11:55:16Z</time>
      </trkpt>
      <trkpt lat="41.664178" lon="2.742297">
        <ele>21.484</ele>
        <time>2024-12-31T11:55:19Z</time>
      </trkpt>
      <trkpt lat="41.664159" lon="2.742264">
        <ele>21.191</ele>
        <time>2024-12-31T11:55:22Z</time>
      </trkpt>
      <trkpt lat="41.664128" lon="2.742218">
        <ele>20.662</ele>
        <time>2024-12-31T11:55:26Z</time>
      </trkpt>
      <trkpt lat="41.664106" lon="2.742190">
        <ele>20.389</ele>
        <time>2024-12-31T11:55:29Z</time>
      </trkpt>
      <trkpt lat="41.664084" lon="2.742163">
        <ele>20.162</ele>
        <time>2024-12-31T11:55:31Z</time>
      </trkpt>
      <trkpt lat="41.664067" lon="2.742135">
        <ele>19.932</ele>
        <time>2024-12-31T11:55:34Z</time>
      </trkpt>
      <trkpt lat="41.664048" lon="2.742109">
        <ele>19.792</ele>
        <time>2024-12-31T11:55:37Z</time>
      </trkpt>
      <trkpt lat="41.664028" lon="2.742080">
        <ele>19.511</ele>
        <time>2024-12-31T11:55:40Z</time>
      </trkpt>
      <trkpt lat="41.664010" lon="2.742046">
        <ele>19.309</ele>
        <time>2024-12-31T11:55:43Z</time>
      </trkpt>
      <trkpt lat="41.663988" lon="2.742016">
        <ele>19.194</ele>
        <time>2024-12-31T11:55:46Z</time>
      </trkpt>
      <trkpt lat="41.663951" lon="2.741976">
        <ele>18.732</ele>
        <time>2024-12-31T11:55:50Z</time>
      </trkpt>
      <trkpt lat="41.663926" lon="2.741951">
        <ele>18.481</ele>
        <time>2024-12-31T11:55:53Z</time>
      </trkpt>
      <trkpt lat="41.663903" lon="2.741929">
        <ele>18.273</ele>
        <time>2024-12-31T11:55:56Z</time>
      </trkpt>
      <trkpt lat="41.663863" lon="2.741891">
        <ele>18.110</ele>
        <time>2024-12-31T11:56:01Z</time>
      </trkpt>
      <trkpt lat="41.663821" lon="2.741848">
        <ele>18.187</ele>
        <time>2024-12-31T11:56:06Z</time>
      </trkpt>
      <trkpt lat="41.663796" lon="2.741830">
        <ele>18.138</ele>
        <time>2024-12-31T11:56:08Z</time>
      </trkpt>
      <trkpt lat="41.663770" lon="2.741806">
        <ele>18.195</ele>
        <time>2024-12-31T11:56:11Z</time>
      </trkpt>
      <trkpt lat="41.663723" lon="2.741767">
        <ele>18.088</ele>
        <time>2024-12-31T11:56:17Z</time>
      </trkpt>
      <trkpt lat="41.663679" lon="2.741727">
        <ele>18.087</ele>
        <time>2024-12-31T11:56:22Z</time>
      </trkpt>
      <trkpt lat="41.663635" lon="2.741689">
        <ele>18.042</ele>
        <time>2024-12-31T11:56:27Z</time>
      </trkpt>
      <trkpt lat="41.663592" lon="2.741651">
        <ele>18.126</ele>
        <time>2024-12-31T11:56:32Z</time>
      </trkpt>
      <trkpt lat="41.663543" lon="2.741615">
        <ele>18.409</ele>
        <time>2024-12-31T11:56:37Z</time>
      </trkpt>
      <trkpt lat="41.663516" lon="2.741587">
        <ele>18.649</ele>
        <time>2024-12-31T11:56:41Z</time>
      </trkpt>
      <trkpt lat="41.663488" lon="2.741566">
        <ele>18.767</ele>
        <time>2024-12-31T11:56:44Z</time>
      </trkpt>
      <trkpt lat="41.663465" lon="2.741544">
        <ele>18.986</ele>
        <time>2024-12-31T11:56:46Z</time>
      </trkpt>
      <trkpt lat="41.663438" lon="2.741523">
        <ele>19.098</ele>
        <time>2024-12-31T11:56:49Z</time>
      </trkpt>
      <trkpt lat="41.663410" lon="2.741503">
        <ele>19.255</ele>
        <time>2024-12-31T11:56:52Z</time>
      </trkpt>
      <trkpt lat="41.663383" lon="2.741482">
        <ele>19.362</ele>
        <time>2024-12-31T11:56:55Z</time>
      </trkpt>
      <trkpt lat="41.663358" lon="2.741465">
        <ele>19.583</ele>
        <time>2024-12-31T11:56:58Z</time>
      </trkpt>
      <trkpt lat="41.663330" lon="2.741446">
        <ele>19.650</ele>
        <time>2024-12-31T11:57:01Z</time>
      </trkpt>
      <trkpt lat="41.663307" lon="2.741423">
        <ele>19.883</ele>
        <time>2024-12-31T11:57:04Z</time>
      </trkpt>
      <trkpt lat="41.663282" lon="2.741404">
        <ele>19.947</ele>
        <time>2024-12-31T11:57:07Z</time>
      </trkpt>
      <trkpt lat="41.663260" lon="2.741382">
        <ele>20.129</ele>
        <time>2024-12-31T11:57:10Z</time>
      </trkpt>
      <trkpt lat="41.663239" lon="2.741357">
        <ele>20.321</ele>
        <time>2024-12-31T11:57:12Z</time>
      </trkpt>
      <trkpt lat="41.663212" lon="2.741329">
        <ele>20.509</ele>
        <time>2024-12-31T11:57:15Z</time>
      </trkpt>
      <trkpt lat="41.663188" lon="2.741303">
        <ele>20.845</ele>
        <time>2024-12-31T11:57:19Z</time>
      </trkpt>
      <trkpt lat="41.663165" lon="2.741279">
        <ele>21.043</ele>
        <time>2024-12-31T11:57:22Z</time>
      </trkpt>
      <trkpt lat="41.663143" lon="2.741244">
        <ele>21.442</ele>
        <time>2024-12-31T11:57:25Z</time>
      </trkpt>
      <trkpt lat="41.663120" lon="2.741216">
        <ele>21.744</ele>
        <time>2024-12-31T11:57:28Z</time>
      </trkpt>
      <trkpt lat="41.663095" lon="2.741186">
        <ele>22.161</ele>
        <time>2024-12-31T11:57:31Z</time>
      </trkpt>
      <trkpt lat="41.663074" lon="2.741157">
        <ele>22.418</ele>
        <time>2024-12-31T11:57:34Z</time>
      </trkpt>
      <trkpt lat="41.663052" lon="2.741129">
        <ele>22.849</ele>
        <time>2024-12-31T11:57:37Z</time>
      </trkpt>
      <trkpt lat="41.663030" lon="2.741099">
        <ele>22.996</ele>
        <time>2024-12-31T11:57:40Z</time>
      </trkpt>
      <trkpt lat="41.663009" lon="2.741075">
        <ele>22.899</ele>
        <time>2024-12-31T11:57:43Z</time>
      </trkpt>
      <trkpt lat="41.662987" lon="2.741044">
        <ele>22.715</ele>
        <time>2024-12-31T11:57:46Z</time>
      </trkpt>
      <trkpt lat="41.662966" lon="2.741017">
        <ele>22.765</ele>
        <time>2024-12-31T11:57:49Z</time>
      </trkpt>
      <trkpt lat="41.662944" lon="2.740989">
        <ele>22.611</ele>
        <time>2024-12-31T11:57:52Z</time>
      </trkpt>
      <trkpt lat="41.662914" lon="2.740946">
        <ele>22.609</ele>
        <time>2024-12-31T11:57:56Z</time>
      </trkpt>
      <trkpt lat="41.662889" lon="2.740921">
        <ele>22.552</ele>
        <time>2024-12-31T11:57:59Z</time>
      </trkpt>
      <trkpt lat="41.662869" lon="2.740893">
        <ele>22.480</ele>
        <time>2024-12-31T11:58:02Z</time>
      </trkpt>
      <trkpt lat="41.662848" lon="2.740867">
        <ele>22.439</ele>
        <time>2024-12-31T11:58:05Z</time>
      </trkpt>
      <trkpt lat="41.662825" lon="2.740844">
        <ele>22.361</ele>
        <time>2024-12-31T11:58:07Z</time>
      </trkpt>
      <trkpt lat="41.662800" lon="2.740812">
        <ele>22.258</ele>
        <time>2024-12-31T11:58:11Z</time>
      </trkpt>
      <trkpt lat="41.662777" lon="2.740781">
        <ele>22.225</ele>
        <time>2024-12-31T11:58:14Z</time>
      </trkpt>
      <trkpt lat="41.662754" lon="2.740751">
        <ele>22.256</ele>
        <time>2024-12-31T11:58:17Z</time>
      </trkpt>
      <trkpt lat="41.662736" lon="2.740724">
        <ele>22.223</ele>
        <time>2024-12-31T11:58:20Z</time>
      </trkpt>
      <trkpt lat="41.662715" lon="2.740700">
        <ele>22.326</ele>
        <time>2024-12-31T11:58:23Z</time>
      </trkpt>
      <trkpt lat="41.662692" lon="2.740672">
        <ele>22.313</ele>
        <time>2024-12-31T11:58:26Z</time>
      </trkpt>
      <trkpt lat="41.662668" lon="2.740645">
        <ele>22.343</ele>
        <time>2024-12-31T11:58:29Z</time>
      </trkpt>
      <trkpt lat="41.662645" lon="2.740616">
        <ele>22.307</ele>
        <time>2024-12-31T11:58:32Z</time>
      </trkpt>
      <trkpt lat="41.662621" lon="2.740588">
        <ele>22.309</ele>
        <time>2024-12-31T11:58:35Z</time>
      </trkpt>
      <trkpt lat="41.662602" lon="2.740562">
        <ele>22.322</ele>
        <time>2024-12-31T11:58:38Z</time>
      </trkpt>
      <trkpt lat="41.662581" lon="2.740533">
        <ele>22.430</ele>
        <time>2024-12-31T11:58:41Z</time>
      </trkpt>
      <trkpt lat="41.662561" lon="2.740507">
        <ele>22.469</ele>
        <time>2024-12-31T11:58:44Z</time>
      </trkpt>
      <trkpt lat="41.662539" lon="2.740474">
        <ele>22.451</ele>
        <time>2024-12-31T11:58:47Z</time>
      </trkpt>
      <trkpt lat="41.662516" lon="2.740448">
        <ele>22.438</ele>
        <time>2024-12-31T11:58:50Z</time>
      </trkpt>
      <trkpt lat="41.662491" lon="2.740421">
        <ele>22.435</ele>
        <time>2024-12-31T11:58:53Z</time>
      </trkpt>
      <trkpt lat="41.662468" lon="2.740395">
        <ele>22.416</ele>
        <time>2024-12-31T11:58:56Z</time>
      </trkpt>
      <trkpt lat="41.662442" lon="2.740367">
        <ele>22.373</ele>
        <time>2024-12-31T11:58:59Z</time>
      </trkpt>
      <trkpt lat="41.662419" lon="2.740336">
        <ele>22.376</ele>
        <time>2024-12-31T11:59:02Z</time>
      </trkpt>
      <trkpt lat="41.662397" lon="2.740314">
        <ele>22.225</ele>
        <time>2024-12-31T11:59:05Z</time>
      </trkpt>
      <trkpt lat="41.662374" lon="2.740288">
        <ele>22.126</ele>
        <time>2024-12-31T11:59:08Z</time>
      </trkpt>
      <trkpt lat="41.662332" lon="2.740237">
        <ele>21.908</ele>
        <time>2024-12-31T11:59:13Z</time>
      </trkpt>
      <trkpt lat="41.662311" lon="2.740208">
        <ele>21.909</ele>
        <time>2024-12-31T11:59:17Z</time>
      </trkpt>
      <trkpt lat="41.662288" lon="2.740178">
        <ele>21.853</ele>
        <time>2024-12-31T11:59:20Z</time>
      </trkpt>
      <trkpt lat="41.662264" lon="2.740156">
        <ele>21.761</ele>
        <time>2024-12-31T11:59:23Z</time>
      </trkpt>
      <trkpt lat="41.662241" lon="2.740129">
        <ele>21.760</ele>
        <time>2024-12-31T11:59:26Z</time>
      </trkpt>
      <trkpt lat="41.662220" lon="2.740101">
        <ele>21.622</ele>
        <time>2024-12-31T11:59:29Z</time>
      </trkpt>
      <trkpt lat="41.662196" lon="2.740074">
        <ele>21.769</ele>
        <time>2024-12-31T11:59:32Z</time>
      </trkpt>
      <trkpt lat="41.662170" lon="2.740046">
        <ele>21.776</ele>
        <time>2024-12-31T11:59:35Z</time>
      </trkpt>
      <trkpt lat="41.662147" lon="2.740018">
        <ele>21.727</ele>
        <time>2024-12-31T11:59:38Z</time>
      </trkpt>
      <trkpt lat="41.662124" lon="2.739992">
        <ele>21.744</ele>
        <time>2024-12-31T11:59:41Z</time>
      </trkpt>
      <trkpt lat="41.662102" lon="2.739967">
        <ele>21.727</ele>
        <time>2024-12-31T11:59:44Z</time>
      </trkpt>
      <trkpt lat="41.662081" lon="2.739942">
        <ele>21.831</ele>
        <time>2024-12-31T11:59:47Z</time>
      </trkpt>
      <trkpt lat="41.662058" lon="2.739913">
        <ele>21.961</ele>
        <time>2024-12-31T11:59:50Z</time>
      </trkpt>
      <trkpt lat="41.662035" lon="2.739887">
        <ele>22.007</ele>
        <time>2024-12-31T11:59:53Z</time>
      </trkpt>
      <trkpt lat="41.662012" lon="2.739857">
        <ele>22.109</ele>
        <time>2024-12-31T11:59:56Z</time>
      </trkpt>
      <trkpt lat="41.661988" lon="2.739830">
        <ele>22.394</ele>
        <time>2024-12-31T11:59:59Z</time>
      </trkpt>
      <trkpt lat="41.661966" lon="2.739802">
        <ele>22.492</ele>
        <time>2024-12-31T12:00:02Z</time>
      </trkpt>
      <trkpt lat="41.661946" lon="2.739774">
        <ele>22.671</ele>
        <time>2024-12-31T12:00:05Z</time>
      </trkpt>
      <trkpt lat="41.661910" lon="2.739735">
        <ele>23.063</ele>
        <time>2024-12-31T12:00:09Z</time>
      </trkpt>
      <trkpt lat="41.661887" lon="2.739706">
        <ele>23.350</ele>
        <time>2024-12-31T12:00:13Z</time>
      </trkpt>
      <trkpt lat="41.661864" lon="2.739679">
        <ele>23.417</ele>
        <time>2024-12-31T12:00:16Z</time>
      </trkpt>
      <trkpt lat="41.661844" lon="2.739645">
        <ele>23.698</ele>
        <time>2024-12-31T12:00:19Z</time>
      </trkpt>
      <trkpt lat="41.661823" lon="2.739619">
        <ele>23.885</ele>
        <time>2024-12-31T12:00:22Z</time>
      </trkpt>
      <trkpt lat="41.661799" lon="2.739591">
        <ele>24.058</ele>
        <time>2024-12-31T12:00:25Z</time>
      </trkpt>
      <trkpt lat="41.661776" lon="2.739560">
        <ele>24.289</ele>
        <time>2024-12-31T12:00:28Z</time>
      </trkpt>
      <trkpt lat="41.661754" lon="2.739532">
        <ele>24.406</ele>
        <time>2024-12-31T12:00:32Z</time>
      </trkpt>
      <trkpt lat="41.661733" lon="2.739506">
        <ele>24.526</ele>
        <time>2024-12-31T12:00:34Z</time>
      </trkpt>
      <trkpt lat="41.661712" lon="2.739481">
        <ele>24.709</ele>
        <time>2024-12-31T12:00:38Z</time>
      </trkpt>
      <trkpt lat="41.661688" lon="2.739449">
        <ele>24.989</ele>
        <time>2024-12-31T12:00:41Z</time>
      </trkpt>
      <trkpt lat="41.661666" lon="2.739421">
        <ele>25.147</ele>
        <time>2024-12-31T12:00:44Z</time>
      </trkpt>
      <trkpt lat="41.661644" lon="2.739394">
        <ele>25.366</ele>
        <time>2024-12-31T12:00:47Z</time>
      </trkpt>
      <trkpt lat="41.661625" lon="2.739368">
        <ele>25.578</ele>
        <time>2024-12-31T12:00:50Z</time>
      </trkpt>
      <trkpt lat="41.661606" lon="2.739338">
        <ele>25.725</ele>
        <time>2024-12-31T12:00:53Z</time>
      </trkpt>
      <trkpt lat="41.661586" lon="2.739304">
        <ele>25.952</ele>
        <time>2024-12-31T12:00:57Z</time>
      </trkpt>
      <trkpt lat="41.661564" lon="2.739277">
        <ele>26.283</ele>
        <time>2024-12-31T12:01:00Z</time>
      </trkpt>
      <trkpt lat="41.661540" lon="2.739254">
        <ele>26.590</ele>
        <time>2024-12-31T12:01:04Z</time>
      </trkpt>
      <trkpt lat="41.661516" lon="2.739233">
        <ele>26.743</ele>
        <time>2024-12-31T12:01:07Z</time>
      </trkpt>
      <trkpt lat="41.661469" lon="2.739225">
        <ele>27.167</ele>
        <time>2024-12-31T12:01:14Z</time>
      </trkpt>
      <trkpt lat="41.661414" lon="2.739251">
        <ele>27.281</ele>
        <time>2024-12-31T12:01:20Z</time>
      </trkpt>
      <trkpt lat="41.661386" lon="2.739270">
        <ele>27.319</ele>
        <time>2024-12-31T12:01:23Z</time>
      </trkpt>
      <trkpt lat="41.661360" lon="2.739287">
        <ele>27.309</ele>
        <time>2024-12-31T12:01:26Z</time>
      </trkpt>
      <trkpt lat="41.661335" lon="2.739305">
        <ele>27.357</ele>
        <time>2024-12-31T12:01:29Z</time>
      </trkpt>
      <trkpt lat="41.661315" lon="2.739333">
        <ele>27.235</ele>
        <time>2024-12-31T12:01:32Z</time>
      </trkpt>
      <trkpt lat="41.661293" lon="2.739359">
        <ele>27.224</ele>
        <time>2024-12-31T12:01:36Z</time>
      </trkpt>
      <trkpt lat="41.661271" lon="2.739381">
        <ele>27.276</ele>
        <time>2024-12-31T12:01:38Z</time>
      </trkpt>
      <trkpt lat="41.661227" lon="2.739419">
        <ele>27.323</ele>
        <time>2024-12-31T12:01:44Z</time>
      </trkpt>
      <trkpt lat="41.661202" lon="2.739437">
        <ele>27.470</ele>
        <time>2024-12-31T12:01:47Z</time>
      </trkpt>
      <trkpt lat="41.661175" lon="2.739454">
        <ele>27.521</ele>
        <time>2024-12-31T12:01:50Z</time>
      </trkpt>
      <trkpt lat="41.661146" lon="2.739462">
        <ele>27.618</ele>
        <time>2024-12-31T12:01:53Z</time>
      </trkpt>
      <trkpt lat="41.661118" lon="2.739462">
        <ele>27.891</ele>
        <time>2024-12-31T12:01:55Z</time>
      </trkpt>
      <trkpt lat="41.661069" lon="2.739455">
        <ele>27.724</ele>
        <time>2024-12-31T12:02:00Z</time>
      </trkpt>
      <trkpt lat="41.661040" lon="2.739437">
        <ele>27.804</ele>
        <time>2024-12-31T12:02:03Z</time>
      </trkpt>
      <trkpt lat="41.661012" lon="2.739408">
        <ele>27.814</ele>
        <time>2024-12-31T12:02:07Z</time>
      </trkpt>
      <trkpt lat="41.660988" lon="2.739380">
        <ele>27.909</ele>
        <time>2024-12-31T12:02:10Z</time>
      </trkpt>
      <trkpt lat="41.660968" lon="2.739352">
        <ele>28.063</ele>
        <time>2024-12-31T12:02:13Z</time>
      </trkpt>
      <trkpt lat="41.660949" lon="2.739326">
        <ele>28.181</ele>
        <time>2024-12-31T12:02:16Z</time>
      </trkpt>
      <trkpt lat="41.660927" lon="2.739304">
        <ele>28.210</ele>
        <time>2024-12-31T12:02:19Z</time>
      </trkpt>
      <trkpt lat="41.660907" lon="2.739275">
        <ele>28.362</ele>
        <time>2024-12-31T12:02:22Z</time>
      </trkpt>
      <trkpt lat="41.660884" lon="2.739248">
        <ele>28.599</ele>
        <time>2024-12-31T12:02:25Z</time>
      </trkpt>
      <trkpt lat="41.660858" lon="2.739219">
        <ele>28.686</ele>
        <time>2024-12-31T12:02:28Z</time>
      </trkpt>
      <trkpt lat="41.660831" lon="2.739191">
        <ele>28.817</ele>
        <time>2024-12-31T12:02:32Z</time>
      </trkpt>
      <trkpt lat="41.660791" lon="2.739145">
        <ele>28.924</ele>
        <time>2024-12-31T12:02:38Z</time>
      </trkpt>
      <trkpt lat="41.660766" lon="2.739117">
        <ele>28.837</ele>
        <time>2024-12-31T12:02:41Z</time>
      </trkpt>
      <trkpt lat="41.660743" lon="2.739092">
        <ele>28.991</ele>
        <time>2024-12-31T12:02:45Z</time>
      </trkpt>
      <trkpt lat="41.660722" lon="2.739069">
        <ele>28.981</ele>
        <time>2024-12-31T12:02:47Z</time>
      </trkpt>
      <trkpt lat="41.660699" lon="2.739037">
        <ele>29.019</ele>
        <time>2024-12-31T12:02:51Z</time>
      </trkpt>
      <trkpt lat="41.660674" lon="2.739008">
        <ele>29.109</ele>
        <time>2024-12-31T12:02:55Z</time>
      </trkpt>
      <trkpt lat="41.660649" lon="2.738978">
        <ele>29.220</ele>
        <time>2024-12-31T12:02:58Z</time>
      </trkpt>
      <trkpt lat="41.660629" lon="2.738951">
        <ele>29.438</ele>
        <time>2024-12-31T12:03:02Z</time>
      </trkpt>
      <trkpt lat="41.660606" lon="2.738925">
        <ele>29.677</ele>
        <time>2024-12-31T12:03:05Z</time>
      </trkpt>
      <trkpt lat="41.660566" lon="2.738888">
        <ele>30.089</ele>
        <time>2024-12-31T12:03:10Z</time>
      </trkpt>
      <trkpt lat="41.660521" lon="2.738845">
        <ele>30.296</ele>
        <time>2024-12-31T12:03:17Z</time>
      </trkpt>
      <trkpt lat="41.660497" lon="2.738820">
        <ele>30.223</ele>
        <time>2024-12-31T12:03:20Z</time>
      </trkpt>
      <trkpt lat="41.660472" lon="2.738786">
        <ele>30.434</ele>
        <time>2024-12-31T12:03:24Z</time>
      </trkpt>
      <trkpt lat="41.660447" lon="2.738760">
        <ele>30.561</ele>
        <time>2024-12-31T12:03:28Z</time>
      </trkpt>
      <trkpt lat="41.660423" lon="2.738736">
        <ele>30.684</ele>
        <time>2024-12-31T12:03:31Z</time>
      </trkpt>
      <trkpt lat="41.660378" lon="2.738683">
        <ele>30.755</ele>
        <time>2024-12-31T12:03:39Z</time>
      </trkpt>
      <trkpt lat="41.660352" lon="2.738661">
        <ele>30.807</ele>
        <time>2024-12-31T12:03:43Z</time>
      </trkpt>
      <trkpt lat="41.660332" lon="2.738636">
        <ele>30.917</ele>
        <time>2024-12-31T12:03:47Z</time>
      </trkpt>
      <trkpt lat="41.660316" lon="2.738601">
        <ele>31.109</ele>
        <time>2024-12-31T12:03:50Z</time>
      </trkpt>
      <trkpt lat="41.660289" lon="2.738540">
        <ele>31.516</ele>
        <time>2024-12-31T12:03:56Z</time>
      </trkpt>
      <trkpt lat="41.660275" lon="2.738500">
        <ele>31.874</ele>
        <time>2024-12-31T12:04:00Z</time>
      </trkpt>
      <trkpt lat="41.660264" lon="2.738457">
        <ele>32.183</ele>
        <time>2024-12-31T12:04:04Z</time>
      </trkpt>
      <trkpt lat="41.660261" lon="2.738415">
        <ele>32.465</ele>
        <time>2024-12-31T12:04:08Z</time>
      </trkpt>
      <trkpt lat="41.660261" lon="2.738373">
        <ele>32.742</ele>
        <time>2024-12-31T12:04:11Z</time>
      </trkpt>
      <trkpt lat="41.660256" lon="2.738335">
        <ele>32.959</ele>
        <time>2024-12-31T12:04:15Z</time>
      </trkpt>
      <trkpt lat="41.660261" lon="2.738261">
        <ele>33.240</ele>
        <time>2024-12-31T12:04:21Z</time>
      </trkpt>
      <trkpt lat="41.660264" lon="2.738220">
        <ele>33.417</ele>
        <time>2024-12-31T12:04:25Z</time>
      </trkpt>
      <trkpt lat="41.660267" lon="2.738177">
        <ele>33.580</ele>
        <time>2024-12-31T12:04:29Z</time>
      </trkpt>
      <trkpt lat="41.660266" lon="2.738138">
        <ele>33.787</ele>
        <time>2024-12-31T12:04:32Z</time>
      </trkpt>
      <trkpt lat="41.660275" lon="2.738099">
        <ele>33.842</ele>
        <time>2024-12-31T12:04:35Z</time>
      </trkpt>
      <trkpt lat="41.660283" lon="2.738060">
        <ele>34.026</ele>
        <time>2024-12-31T12:04:39Z</time>
      </trkpt>
      <trkpt lat="41.660283" lon="2.737978">
        <ele>34.309</ele>
        <time>2024-12-31T12:04:46Z</time>
      </trkpt>
      <trkpt lat="41.660285" lon="2.737936">
        <ele>34.489</ele>
        <time>2024-12-31T12:04:49Z</time>
      </trkpt>
      <trkpt lat="41.660287" lon="2.737897">
        <ele>34.617</ele>
        <time>2024-12-31T12:04:52Z</time>
      </trkpt>
      <trkpt lat="41.660287" lon="2.737859">
        <ele>34.766</ele>
        <time>2024-12-31T12:04:55Z</time>
      </trkpt>
      <trkpt lat="41.660289" lon="2.737817">
        <ele>34.888</ele>
        <time>2024-12-31T12:04:58Z</time>
      </trkpt>
      <trkpt lat="41.660292" lon="2.737743">
        <ele>34.965</ele>
        <time>2024-12-31T12:05:03Z</time>
      </trkpt>
      <trkpt lat="41.660295" lon="2.737707">
        <ele>34.952</ele>
        <time>2024-12-31T12:05:06Z</time>
      </trkpt>
      <trkpt lat="41.660288" lon="2.737636">
        <ele>35.083</ele>
        <time>2024-12-31T12:05:11Z</time>
      </trkpt>
      <trkpt lat="41.660279" lon="2.737597">
        <ele>35.080</ele>
        <time>2024-12-31T12:05:14Z</time>
      </trkpt>
      <trkpt lat="41.660265" lon="2.737549">
        <ele>35.033</ele>
        <time>2024-12-31T12:05:17Z</time>
      </trkpt>
      <trkpt lat="41.660249" lon="2.737509">
        <ele>35.086</ele>
        <time>2024-12-31T12:05:21Z</time>
      </trkpt>
      <trkpt lat="41.660240" lon="2.737470">
        <ele>34.960</ele>
        <time>2024-12-31T12:05:23Z</time>
      </trkpt>
      <trkpt lat="41.660217" lon="2.737403">
        <ele>34.726</ele>
        <time>2024-12-31T12:05:28Z</time>
      </trkpt>
      <trkpt lat="41.660202" lon="2.737368">
        <ele>34.509</ele>
        <time>2024-12-31T12:05:31Z</time>
      </trkpt>
      <trkpt lat="41.660172" lon="2.737299">
        <ele>34.319</ele>
        <time>2024-12-31T12:05:37Z</time>
      </trkpt>
      <trkpt lat="41.660152" lon="2.737271">
        <ele>34.287</ele>
        <time>2024-12-31T12:05:39Z</time>
      </trkpt>
      <trkpt lat="41.660124" lon="2.737223">
        <ele>34.086</ele>
        <time>2024-12-31T12:05:44Z</time>
      </trkpt>
      <trkpt lat="41.660106" lon="2.737184">
        <ele>33.988</ele>
        <time>2024-12-31T12:05:47Z</time>
      </trkpt>
      <trkpt lat="41.660080" lon="2.737136">
        <ele>33.715</ele>
        <time>2024-12-31T12:05:52Z</time>
      </trkpt>
      <trkpt lat="41.660065" lon="2.737096">
        <ele>33.522</ele>
        <time>2024-12-31T12:05:55Z</time>
      </trkpt>
      <trkpt lat="41.660058" lon="2.737057">
        <ele>33.473</ele>
        <time>2024-12-31T12:05:57Z</time>
      </trkpt>
      <trkpt lat="41.660045" lon="2.737018">
        <ele>33.390</ele>
        <time>2024-12-31T12:06:00Z</time>
      </trkpt>
      <trkpt lat="41.660031" lon="2.736984">
        <ele>33.183</ele>
        <time>2024-12-31T12:06:03Z</time>
      </trkpt>
      <trkpt lat="41.660019" lon="2.736941">
        <ele>33.032</ele>
        <time>2024-12-31T12:06:06Z</time>
      </trkpt>
      <trkpt lat="41.660009" lon="2.736904">
        <ele>33.092</ele>
        <time>2024-12-31T12:06:08Z</time>
      </trkpt>
      <trkpt lat="41.659997" lon="2.736867">
        <ele>33.011</ele>
        <time>2024-12-31T12:06:12Z</time>
      </trkpt>
      <trkpt lat="41.659982" lon="2.736834">
        <ele>33.009</ele>
        <time>2024-12-31T12:06:14Z</time>
      </trkpt>
      <trkpt lat="41.659967" lon="2.736803">
        <ele>33.164</ele>
        <time>2024-12-31T12:06:17Z</time>
      </trkpt>
      <trkpt lat="41.659949" lon="2.736771">
        <ele>33.162</ele>
        <time>2024-12-31T12:06:20Z</time>
      </trkpt>
      <trkpt lat="41.659931" lon="2.736739">
        <ele>33.121</ele>
        <time>2024-12-31T12:06:23Z</time>
      </trkpt>
      <trkpt lat="41.659912" lon="2.736699">
        <ele>33.023</ele>
        <time>2024-12-31T12:06:26Z</time>
      </trkpt>
      <trkpt lat="41.659888" lon="2.736660">
        <ele>32.960</ele>
        <time>2024-12-31T12:06:30Z</time>
      </trkpt>
      <trkpt lat="41.659872" lon="2.736624">
        <ele>32.667</ele>
        <time>2024-12-31T12:06:33Z</time>
      </trkpt>
      <trkpt lat="41.659837" lon="2.736570">
        <ele>31.978</ele>
        <time>2024-12-31T12:06:39Z</time>
      </trkpt>
      <trkpt lat="41.659821" lon="2.736535">
        <ele>31.435</ele>
        <time>2024-12-31T12:06:42Z</time>
      </trkpt>
      <trkpt lat="41.659803" lon="2.736496">
        <ele>30.978</ele>
        <time>2024-12-31T12:06:46Z</time>
      </trkpt>
      <trkpt lat="41.659784" lon="2.736457">
        <ele>30.356</ele>
        <time>2024-12-31T12:06:49Z</time>
      </trkpt>
      <trkpt lat="41.659766" lon="2.736424">
        <ele>29.859</ele>
        <time>2024-12-31T12:06:53Z</time>
      </trkpt>
      <trkpt lat="41.659745" lon="2.736394">
        <ele>29.214</ele>
        <time>2024-12-31T12:06:56Z</time>
      </trkpt>
      <trkpt lat="41.659728" lon="2.736364">
        <ele>28.709</ele>
        <time>2024-12-31T12:06:59Z</time>
      </trkpt>
      <trkpt lat="41.659708" lon="2.736326">
        <ele>28.186</ele>
        <time>2024-12-31T12:07:02Z</time>
      </trkpt>
      <trkpt lat="41.659691" lon="2.736277">
        <ele>27.594</ele>
        <time>2024-12-31T12:07:06Z</time>
      </trkpt>
      <trkpt lat="41.659668" lon="2.736214">
        <ele>26.693</ele>
        <time>2024-12-31T12:07:11Z</time>
      </trkpt>
      <trkpt lat="41.659652" lon="2.736176">
        <ele>26.025</ele>
        <time>2024-12-31T12:07:15Z</time>
      </trkpt>
      <trkpt lat="41.659634" lon="2.736143">
        <ele>25.542</ele>
        <time>2024-12-31T12:07:17Z</time>
      </trkpt>
      <trkpt lat="41.659616" lon="2.736116">
        <ele>25.169</ele>
        <time>2024-12-31T12:07:21Z</time>
      </trkpt>
      <trkpt lat="41.659597" lon="2.736086">
        <ele>24.710</ele>
        <time>2024-12-31T12:07:23Z</time>
      </trkpt>
      <trkpt lat="41.659580" lon="2.736052">
        <ele>24.317</ele>
        <time>2024-12-31T12:07:26Z</time>
      </trkpt>
      <trkpt lat="41.659562" lon="2.736022">
        <ele>23.950</ele>
        <time>2024-12-31T12:07:30Z</time>
      </trkpt>
      <trkpt lat="41.659531" lon="2.735964">
        <ele>23.264</ele>
        <time>2024-12-31T12:07:35Z</time>
      </trkpt>
      <trkpt lat="41.659512" lon="2.735921">
        <ele>22.806</ele>
        <time>2024-12-31T12:07:38Z</time>
      </trkpt>
      <trkpt lat="41.659491" lon="2.735894">
        <ele>22.516</ele>
        <time>2024-12-31T12:07:41Z</time>
      </trkpt>
      <trkpt lat="41.659476" lon="2.735863">
        <ele>22.209</ele>
        <time>2024-12-31T12:07:43Z</time>
      </trkpt>
      <trkpt lat="41.659459" lon="2.735831">
        <ele>21.917</ele>
        <time>2024-12-31T12:07:46Z</time>
      </trkpt>
      <trkpt lat="41.659441" lon="2.735798">
        <ele>21.915</ele>
        <time>2024-12-31T12:07:49Z</time>
      </trkpt>
      <trkpt lat="41.659422" lon="2.735765">
        <ele>22.074</ele>
        <time>2024-12-31T12:07:51Z</time>
      </trkpt>
      <trkpt lat="41.659398" lon="2.735727">
        <ele>22.076</ele>
        <time>2024-12-31T12:07:55Z</time>
      </trkpt>
      <trkpt lat="41.659368" lon="2.735670">
        <ele>21.963</ele>
        <time>2024-12-31T12:08:00Z</time>
      </trkpt>
      <trkpt lat="41.659351" lon="2.735642">
        <ele>21.950</ele>
        <time>2024-12-31T12:08:03Z</time>
      </trkpt>
      <trkpt lat="41.659336" lon="2.735607">
        <ele>21.781</ele>
        <time>2024-12-31T12:08:05Z</time>
      </trkpt>
      <trkpt lat="41.659322" lon="2.735573">
        <ele>21.628</ele>
        <time>2024-12-31T12:08:08Z</time>
      </trkpt>
      <trkpt lat="41.659301" lon="2.735543">
        <ele>21.521</ele>
        <time>2024-12-31T12:08:11Z</time>
      </trkpt>
      <trkpt lat="41.659286" lon="2.735507">
        <ele>21.664</ele>
        <time>2024-12-31T12:08:14Z</time>
      </trkpt>
      <trkpt lat="41.659268" lon="2.735474">
        <ele>21.606</ele>
        <time>2024-12-31T12:08:17Z</time>
      </trkpt>
      <trkpt lat="41.659250" lon="2.735437">
        <ele>21.716</ele>
        <time>2024-12-31T12:08:20Z</time>
      </trkpt>
      <trkpt lat="41.659231" lon="2.735402">
        <ele>21.809</ele>
        <time>2024-12-31T12:08:23Z</time>
      </trkpt>
      <trkpt lat="41.659214" lon="2.735368">
        <ele>21.847</ele>
        <time>2024-12-31T12:08:26Z</time>
      </trkpt>
      <trkpt lat="41.659195" lon="2.735339">
        <ele>21.915</ele>
        <time>2024-12-31T12:08:28Z</time>
      </trkpt>
      <trkpt lat="41.659180" lon="2.735306">
        <ele>22.074</ele>
        <time>2024-12-31T12:08:31Z</time>
      </trkpt>
      <trkpt lat="41.659163" lon="2.735249">
        <ele>22.026</ele>
        <time>2024-12-31T12:08:35Z</time>
      </trkpt>
      <trkpt lat="41.659137" lon="2.735188">
        <ele>21.933</ele>
        <time>2024-12-31T12:08:41Z</time>
      </trkpt>
      <trkpt lat="41.659123" lon="2.735148">
        <ele>21.880</ele>
        <time>2024-12-31T12:08:44Z</time>
      </trkpt>
      <trkpt lat="41.659111" lon="2.735111">
        <ele>21.831</ele>
        <time>2024-12-31T12:08:47Z</time>
      </trkpt>
      <trkpt lat="41.659097" lon="2.735072">
        <ele>21.968</ele>
        <time>2024-12-31T12:08:50Z</time>
      </trkpt>
      <trkpt lat="41.659084" lon="2.735037">
        <ele>21.911</ele>
        <time>2024-12-31T12:08:52Z</time>
      </trkpt>
      <trkpt lat="41.659069" lon="2.735004">
        <ele>22.025</ele>
        <time>2024-12-31T12:08:55Z</time>
      </trkpt>
      <trkpt lat="41.659056" lon="2.734966">
        <ele>22.226</ele>
        <time>2024-12-31T12:08:58Z</time>
      </trkpt>
      <trkpt lat="41.659045" lon="2.734930">
        <ele>22.408</ele>
        <time>2024-12-31T12:09:01Z</time>
      </trkpt>
      <trkpt lat="41.659030" lon="2.734894">
        <ele>22.609</ele>
        <time>2024-12-31T12:09:04Z</time>
      </trkpt>
      <trkpt lat="41.659011" lon="2.734836">
        <ele>22.963</ele>
        <time>2024-12-31T12:09:08Z</time>
      </trkpt>
      <trkpt lat="41.659002" lon="2.734794">
        <ele>23.041</ele>
        <time>2024-12-31T12:09:11Z</time>
      </trkpt>
      <trkpt lat="41.658987" lon="2.734725">
        <ele>23.330</ele>
        <time>2024-12-31T12:09:17Z</time>
      </trkpt>
      <trkpt lat="41.658982" lon="2.734681">
        <ele>23.582</ele>
        <time>2024-12-31T12:09:20Z</time>
      </trkpt>
      <trkpt lat="41.658977" lon="2.734643">
        <ele>23.679</ele>
        <time>2024-12-31T12:09:23Z</time>
      </trkpt>
      <trkpt lat="41.658970" lon="2.734605">
        <ele>23.776</ele>
        <time>2024-12-31T12:09:25Z</time>
      </trkpt>
      <trkpt lat="41.658967" lon="2.734560">
        <ele>23.947</ele>
        <time>2024-12-31T12:09:29Z</time>
      </trkpt>
      <trkpt lat="41.658965" lon="2.734516">
        <ele>24.044</ele>
        <time>2024-12-31T12:09:32Z</time>
      </trkpt>
      <trkpt lat="41.658963" lon="2.734474">
        <ele>24.297</ele>
        <time>2024-12-31T12:09:35Z</time>
      </trkpt>
      <trkpt lat="41.658958" lon="2.734431">
        <ele>24.325</ele>
        <time>2024-12-31T12:09:38Z</time>
      </trkpt>
      <trkpt lat="41.658954" lon="2.734385">
        <ele>24.426</ele>
        <time>2024-12-31T12:09:42Z</time>
      </trkpt>
      <trkpt lat="41.658951" lon="2.734344">
        <ele>24.608</ele>
        <time>2024-12-31T12:09:45Z</time>
      </trkpt>
      <trkpt lat="41.658939" lon="2.734270">
        <ele>24.809</ele>
        <time>2024-12-31T12:09:50Z</time>
      </trkpt>
      <trkpt lat="41.658935" lon="2.734226">
        <ele>25.013</ele>
        <time>2024-12-31T12:09:53Z</time>
      </trkpt>
      <trkpt lat="41.658931" lon="2.734185">
        <ele>25.191</ele>
        <time>2024-12-31T12:09:57Z</time>
      </trkpt>
      <trkpt lat="41.658929" lon="2.734149">
        <ele>25.160</ele>
        <time>2024-12-31T12:09:59Z</time>
      </trkpt>
      <trkpt lat="41.658925" lon="2.734104">
        <ele>25.112</ele>
        <time>2024-12-31T12:10:02Z</time>
      </trkpt>
      <trkpt lat="41.658923" lon="2.734065">
        <ele>25.139</ele>
        <time>2024-12-31T12:10:05Z</time>
      </trkpt>
      <trkpt lat="41.658916" lon="2.734027">
        <ele>25.156</ele>
        <time>2024-12-31T12:10:09Z</time>
      </trkpt>
      <trkpt lat="41.658911" lon="2.733987">
        <ele>25.137</ele>
        <time>2024-12-31T12:10:11Z</time>
      </trkpt>
      <trkpt lat="41.658908" lon="2.733949">
        <ele>25.164</ele>
        <time>2024-12-31T12:10:14Z</time>
      </trkpt>
      <trkpt lat="41.658907" lon="2.733907">
        <ele>25.127</ele>
        <time>2024-12-31T12:10:17Z</time>
      </trkpt>
      <trkpt lat="41.658905" lon="2.733866">
        <ele>25.176</ele>
        <time>2024-12-31T12:10:20Z</time>
      </trkpt>
      <trkpt lat="41.658905" lon="2.733822">
        <ele>25.390</ele>
        <time>2024-12-31T12:10:23Z</time>
      </trkpt>
      <trkpt lat="41.658902" lon="2.733779">
        <ele>25.419</ele>
        <time>2024-12-31T12:10:26Z</time>
      </trkpt>
      <trkpt lat="41.658900" lon="2.733736">
        <ele>25.609</ele>
        <time>2024-12-31T12:10:29Z</time>
      </trkpt>
      <trkpt lat="41.658892" lon="2.733699">
        <ele>25.728</ele>
        <time>2024-12-31T12:10:32Z</time>
      </trkpt>
      <trkpt lat="41.658887" lon="2.733658">
        <ele>25.846</ele>
        <time>2024-12-31T12:10:36Z</time>
      </trkpt>
      <trkpt lat="41.658878" lon="2.733595">
        <ele>25.975</ele>
        <time>2024-12-31T12:10:40Z</time>
      </trkpt>
      <trkpt lat="41.658872" lon="2.733557">
        <ele>25.857</ele>
        <time>2024-12-31T12:10:43Z</time>
      </trkpt>
      <trkpt lat="41.658866" lon="2.733516">
        <ele>25.894</ele>
        <time>2024-12-31T12:10:46Z</time>
      </trkpt>
      <trkpt lat="41.658862" lon="2.733473">
        <ele>25.831</ele>
        <time>2024-12-31T12:10:49Z</time>
      </trkpt>
      <trkpt lat="41.658859" lon="2.733429">
        <ele>25.862</ele>
        <time>2024-12-31T12:10:52Z</time>
      </trkpt>
      <trkpt lat="41.658855" lon="2.733386">
        <ele>25.819</ele>
        <time>2024-12-31T12:10:55Z</time>
      </trkpt>
      <trkpt lat="41.658854" lon="2.733349">
        <ele>25.922</ele>
        <time>2024-12-31T12:10:58Z</time>
      </trkpt>
      <trkpt lat="41.658840" lon="2.733312">
        <ele>25.881</ele>
        <time>2024-12-31T12:11:01Z</time>
      </trkpt>
      <trkpt lat="41.658835" lon="2.733275">
        <ele>25.861</ele>
        <time>2024-12-31T12:11:04Z</time>
      </trkpt>
      <trkpt lat="41.658834" lon="2.733202">
        <ele>25.817</ele>
        <time>2024-12-31T12:11:09Z</time>
      </trkpt>
      <trkpt lat="41.658832" lon="2.733162">
        <ele>25.809</ele>
        <time>2024-12-31T12:11:12Z</time>
      </trkpt>
      <trkpt lat="41.658823" lon="2.733121">
        <ele>25.819</ele>
        <time>2024-12-31T12:11:15Z</time>
      </trkpt>
      <trkpt lat="41.658825" lon="2.733051">
        <ele>25.877</ele>
        <time>2024-12-31T12:11:21Z</time>
      </trkpt>
      <trkpt lat="41.658814" lon="2.732981">
        <ele>25.846</ele>
        <time>2024-12-31T12:11:28Z</time>
      </trkpt>
      <trkpt lat="41.658805" lon="2.732946">
        <ele>25.898</ele>
        <time>2024-12-31T12:11:31Z</time>
      </trkpt>
      <trkpt lat="41.658783" lon="2.732886">
        <ele>25.965</ele>
        <time>2024-12-31T12:11:39Z</time>
      </trkpt>
      <trkpt lat="41.658774" lon="2.732848">
        <ele>25.952</ele>
        <time>2024-12-31T12:11:41Z</time>
      </trkpt>
      <trkpt lat="41.658757" lon="2.732790">
        <ele>26.053</ele>
        <time>2024-12-31T12:11:46Z</time>
      </trkpt>
      <trkpt lat="41.658762" lon="2.732728">
        <ele>25.960</ele>
        <time>2024-12-31T12:11:52Z</time>
      </trkpt>
      <trkpt lat="41.658797" lon="2.732676">
        <ele>25.833</ele>
        <time>2024-12-31T12:11:57Z</time>
      </trkpt>
      <trkpt lat="41.658803" lon="2.732614">
        <ele>25.684</ele>
        <time>2024-12-31T12:12:02Z</time>
      </trkpt>
      <trkpt lat="41.658805" lon="2.732565">
        <ele>25.507</ele>
        <time>2024-12-31T12:12:05Z</time>
      </trkpt>
      <trkpt lat="41.658811" lon="2.732505">
        <ele>25.317</ele>
        <time>2024-12-31T12:12:09Z</time>
      </trkpt>
      <trkpt lat="41.658837" lon="2.732442">
        <ele>25.109</ele>
        <time>2024-12-31T12:12:15Z</time>
      </trkpt>
      <trkpt lat="41.658843" lon="2.732386">
        <ele>25.179</ele>
        <time>2024-12-31T12:12:22Z</time>
      </trkpt>
      <trkpt lat="41.658852" lon="2.732345">
        <ele>25.197</ele>
        <time>2024-12-31T12:12:25Z</time>
      </trkpt>
      <trkpt lat="41.658858" lon="2.732296">
        <ele>25.016</ele>
        <time>2024-12-31T12:12:29Z</time>
      </trkpt>
      <trkpt lat="41.658862" lon="2.732258">
        <ele>25.028</ele>
        <time>2024-12-31T12:12:32Z</time>
      </trkpt>
      <trkpt lat="41.658875" lon="2.732215">
        <ele>25.075</ele>
        <time>2024-12-31T12:12:35Z</time>
      </trkpt>
      <trkpt lat="41.658876" lon="2.732135">
        <ele>25.082</ele>
        <time>2024-12-31T12:12:42Z</time>
      </trkpt>
      <trkpt lat="41.658881" lon="2.732094">
        <ele>25.023</ele>
        <time>2024-12-31T12:12:45Z</time>
      </trkpt>
      <trkpt lat="41.658906" lon="2.732029">
        <ele>25.020</ele>
        <time>2024-12-31T12:12:50Z</time>
      </trkpt>
      <trkpt lat="41.658921" lon="2.731990">
        <ele>25.073</ele>
        <time>2024-12-31T12:12:54Z</time>
      </trkpt>
      <trkpt lat="41.658941" lon="2.731925">
        <ele>25.192</ele>
        <time>2024-12-31T12:13:00Z</time>
      </trkpt>
      <trkpt lat="41.658953" lon="2.731890">
        <ele>25.273</ele>
        <time>2024-12-31T12:13:03Z</time>
      </trkpt>
      <trkpt lat="41.658961" lon="2.731848">
        <ele>25.320</ele>
        <time>2024-12-31T12:13:06Z</time>
      </trkpt>
      <trkpt lat="41.658974" lon="2.731806">
        <ele>25.309</ele>
        <time>2024-12-31T12:13:10Z</time>
      </trkpt>
      <trkpt lat="41.659000" lon="2.731750">
        <ele>25.430</ele>
        <time>2024-12-31T12:13:16Z</time>
      </trkpt>
      <trkpt lat="41.659011" lon="2.731712">
        <ele>25.598</ele>
        <time>2024-12-31T12:13:20Z</time>
      </trkpt>
      <trkpt lat="41.659026" lon="2.731680">
        <ele>25.537</ele>
        <time>2024-12-31T12:13:24Z</time>
      </trkpt>
      <trkpt lat="41.659037" lon="2.731643">
        <ele>25.589</ele>
        <time>2024-12-31T12:13:29Z</time>
      </trkpt>
      <trkpt lat="41.659066" lon="2.731573">
        <ele>25.496</ele>
        <time>2024-12-31T12:13:34Z</time>
      </trkpt>
      <trkpt lat="41.659086" lon="2.731509">
        <ele>25.373</ele>
        <time>2024-12-31T12:13:39Z</time>
      </trkpt>
      <trkpt lat="41.659091" lon="2.731473">
        <ele>25.314</ele>
        <time>2024-12-31T12:13:42Z</time>
      </trkpt>
      <trkpt lat="41.659098" lon="2.731434">
        <ele>25.251</ele>
        <time>2024-12-31T12:13:45Z</time>
      </trkpt>
      <trkpt lat="41.659111" lon="2.731396">
        <ele>25.214</ele>
        <time>2024-12-31T12:13:48Z</time>
      </trkpt>
      <trkpt lat="41.659130" lon="2.731353">
        <ele>25.213</ele>
        <time>2024-12-31T12:13:52Z</time>
      </trkpt>
      <trkpt lat="41.659138" lon="2.731318">
        <ele>25.343</ele>
        <time>2024-12-31T12:13:55Z</time>
      </trkpt>
      <trkpt lat="41.659158" lon="2.731260">
        <ele>25.507</ele>
        <time>2024-12-31T12:14:01Z</time>
      </trkpt>
      <trkpt lat="41.659183" lon="2.731203">
        <ele>25.509</ele>
        <time>2024-12-31T12:14:06Z</time>
      </trkpt>
      <trkpt lat="41.659203" lon="2.731157">
        <ele>25.682</ele>
        <time>2024-12-31T12:14:10Z</time>
      </trkpt>
      <trkpt lat="41.659217" lon="2.731125">
        <ele>25.660</ele>
        <time>2024-12-31T12:14:13Z</time>
      </trkpt>
      <trkpt lat="41.659228" lon="2.731091">
        <ele>25.659</ele>
        <time>2024-12-31T12:14:15Z</time>
      </trkpt>
      <trkpt lat="41.659240" lon="2.731053">
        <ele>25.551</ele>
        <time>2024-12-31T12:14:18Z</time>
      </trkpt>
      <trkpt lat="41.659254" lon="2.731016">
        <ele>25.558</ele>
        <time>2024-12-31T12:14:22Z</time>
      </trkpt>
      <trkpt lat="41.659269" lon="2.730981">
        <ele>25.425</ele>
        <time>2024-12-31T12:14:25Z</time>
      </trkpt>
      <trkpt lat="41.659287" lon="2.730949">
        <ele>25.486</ele>
        <time>2024-12-31T12:14:28Z</time>
      </trkpt>
      <trkpt lat="41.659301" lon="2.730915">
        <ele>25.483</ele>
        <time>2024-12-31T12:14:30Z</time>
      </trkpt>
      <trkpt lat="41.659318" lon="2.730883">
        <ele>25.426</ele>
        <time>2024-12-31T12:14:34Z</time>
      </trkpt>
      <trkpt lat="41.659345" lon="2.730816">
        <ele>25.492</ele>
        <time>2024-12-31T12:14:39Z</time>
      </trkpt>
      <trkpt lat="41.659360" lon="2.730784">
        <ele>25.473</ele>
        <time>2024-12-31T12:14:42Z</time>
      </trkpt>
      <trkpt lat="41.659390" lon="2.730722">
        <ele>25.520</ele>
        <time>2024-12-31T12:14:47Z</time>
      </trkpt>
      <trkpt lat="41.659404" lon="2.730684">
        <ele>25.609</ele>
        <time>2024-12-31T12:14:50Z</time>
      </trkpt>
      <trkpt lat="41.659419" lon="2.730649">
        <ele>25.780</ele>
        <time>2024-12-31T12:14:53Z</time>
      </trkpt>
      <trkpt lat="41.659432" lon="2.730616">
        <ele>25.888</ele>
        <time>2024-12-31T12:14:56Z</time>
      </trkpt>
      <trkpt lat="41.659449" lon="2.730583">
        <ele>25.957</ele>
        <time>2024-12-31T12:14:59Z</time>
      </trkpt>
      <trkpt lat="41.659461" lon="2.730548">
        <ele>25.969</ele>
        <time>2024-12-31T12:15:02Z</time>
      </trkpt>
      <trkpt lat="41.659486" lon="2.730479">
        <ele>25.926</ele>
        <time>2024-12-31T12:15:08Z</time>
      </trkpt>
      <trkpt lat="41.659496" lon="2.730437">
        <ele>26.043</ele>
        <time>2024-12-31T12:15:11Z</time>
      </trkpt>
      <trkpt lat="41.659510" lon="2.730400">
        <ele>26.074</ele>
        <time>2024-12-31T12:15:14Z</time>
      </trkpt>
      <trkpt lat="41.659523" lon="2.730362">
        <ele>26.151</ele>
        <time>2024-12-31T12:15:17Z</time>
      </trkpt>
      <trkpt lat="41.659536" lon="2.730325">
        <ele>26.244</ele>
        <time>2024-12-31T12:15:20Z</time>
      </trkpt>
      <trkpt lat="41.659569" lon="2.730260">
        <ele>26.467</ele>
        <time>2024-12-31T12:15:26Z</time>
      </trkpt>
      <trkpt lat="41.659587" lon="2.730227">
        <ele>26.481</ele>
        <time>2024-12-31T12:15:29Z</time>
      </trkpt>
      <trkpt lat="41.659602" lon="2.730194">
        <ele>26.419</ele>
        <time>2024-12-31T12:15:32Z</time>
      </trkpt>
      <trkpt lat="41.659614" lon="2.730155">
        <ele>26.409</ele>
        <time>2024-12-31T12:15:35Z</time>
      </trkpt>
      <trkpt lat="41.659630" lon="2.730119">
        <ele>26.577</ele>
        <time>2024-12-31T12:15:39Z</time>
      </trkpt>
      <trkpt lat="41.659668" lon="2.730058">
        <ele>26.775</ele>
        <time>2024-12-31T12:15:46Z</time>
      </trkpt>
      <trkpt lat="41.659685" lon="2.730026">
        <ele>26.714</ele>
        <time>2024-12-31T12:15:49Z</time>
      </trkpt>
      <trkpt lat="41.659708" lon="2.729968">
        <ele>26.966</ele>
        <time>2024-12-31T12:15:53Z</time>
      </trkpt>
      <trkpt lat="41.659723" lon="2.729931">
        <ele>27.053</ele>
        <time>2024-12-31T12:15:57Z</time>
      </trkpt>
      <trkpt lat="41.659738" lon="2.729889">
        <ele>27.150</ele>
        <time>2024-12-31T12:16:00Z</time>
      </trkpt>
      <trkpt lat="41.659765" lon="2.729831">
        <ele>27.291</ele>
        <time>2024-12-31T12:16:06Z</time>
      </trkpt>
      <trkpt lat="41.659789" lon="2.729777">
        <ele>27.388</ele>
        <time>2024-12-31T12:16:10Z</time>
      </trkpt>
      <trkpt lat="41.659814" lon="2.729720">
        <ele>27.331</ele>
        <time>2024-12-31T12:16:15Z</time>
      </trkpt>
      <trkpt lat="41.659830" lon="2.729686">
        <ele>27.327</ele>
        <time>2024-12-31T12:16:18Z</time>
      </trkpt>
      <trkpt lat="41.659857" lon="2.729641">
        <ele>27.368</ele>
        <time>2024-12-31T12:16:22Z</time>
      </trkpt>
      <trkpt lat="41.659872" lon="2.729603">
        <ele>27.314</ele>
        <time>2024-12-31T12:16:26Z</time>
      </trkpt>
      <trkpt lat="41.659889" lon="2.729568">
        <ele>27.309</ele>
        <time>2024-12-31T12:16:29Z</time>
      </trkpt>
      <trkpt lat="41.659908" lon="2.729541">
        <ele>27.293</ele>
        <time>2024-12-31T12:16:31Z</time>
      </trkpt>
      <trkpt lat="41.659926" lon="2.729513">
        <ele>27.221</ele>
        <time>2024-12-31T12:16:35Z</time>
      </trkpt>
      <trkpt lat="41.659944" lon="2.729476">
        <ele>27.120</ele>
        <time>2024-12-31T12:16:38Z</time>
      </trkpt>
      <trkpt lat="41.659959" lon="2.729439">
        <ele>27.062</ele>
        <time>2024-12-31T12:16:41Z</time>
      </trkpt>
      <trkpt lat="41.659971" lon="2.729404">
        <ele>26.959</ele>
        <time>2024-12-31T12:16:44Z</time>
      </trkpt>
      <trkpt lat="41.659987" lon="2.729367">
        <ele>26.796</ele>
        <time>2024-12-31T12:16:47Z</time>
      </trkpt>
      <trkpt lat="41.660006" lon="2.729334">
        <ele>26.667</ele>
        <time>2024-12-31T12:16:50Z</time>
      </trkpt>
      <trkpt lat="41.660015" lon="2.729299">
        <ele>26.534</ele>
        <time>2024-12-31T12:16:52Z</time>
      </trkpt>
      <trkpt lat="41.660035" lon="2.729272">
        <ele>26.557</ele>
        <time>2024-12-31T12:16:56Z</time>
      </trkpt>
      <trkpt lat="41.660052" lon="2.729244">
        <ele>26.515</ele>
        <time>2024-12-31T12:16:58Z</time>
      </trkpt>
      <trkpt lat="41.660060" lon="2.729207">
        <ele>26.465</ele>
        <time>2024-12-31T12:17:01Z</time>
      </trkpt>
      <trkpt lat="41.660072" lon="2.729165">
        <ele>26.311</ele>
        <time>2024-12-31T12:17:04Z</time>
      </trkpt>
      <trkpt lat="41.660082" lon="2.729120">
        <ele>26.409</ele>
        <time>2024-12-31T12:17:07Z</time>
      </trkpt>
      <trkpt lat="41.660089" lon="2.729080">
        <ele>26.442</ele>
        <time>2024-12-31T12:17:10Z</time>
      </trkpt>
      <trkpt lat="41.660092" lon="2.729038">
        <ele>26.550</ele>
        <time>2024-12-31T12:17:13Z</time>
      </trkpt>
      <trkpt lat="41.660090" lon="2.728998">
        <ele>26.569</ele>
        <time>2024-12-31T12:17:16Z</time>
      </trkpt>
      <trkpt lat="41.660095" lon="2.728962">
        <ele>26.621</ele>
        <time>2024-12-31T12:17:19Z</time>
      </trkpt>
      <trkpt lat="41.660107" lon="2.728925">
        <ele>26.638</ele>
        <time>2024-12-31T12:17:22Z</time>
      </trkpt>
      <trkpt lat="41.660105" lon="2.728864">
        <ele>26.675</ele>
        <time>2024-12-31T12:17:27Z</time>
      </trkpt>
      <trkpt lat="41.660103" lon="2.728817">
        <ele>26.666</ele>
        <time>2024-12-31T12:17:30Z</time>
      </trkpt>
      <trkpt lat="41.660098" lon="2.728775">
        <ele>26.513</ele>
        <time>2024-12-31T12:17:33Z</time>
      </trkpt>
      <trkpt lat="41.660093" lon="2.728732">
        <ele>26.526</ele>
        <time>2024-12-31T12:17:36Z</time>
      </trkpt>
      <trkpt lat="41.660086" lon="2.728690">
        <ele>26.446</ele>
        <time>2024-12-31T12:17:39Z</time>
      </trkpt>
      <trkpt lat="41.660079" lon="2.728652">
        <ele>26.388</ele>
        <time>2024-12-31T12:17:42Z</time>
      </trkpt>
      <trkpt lat="41.660071" lon="2.728614">
        <ele>26.316</ele>
        <time>2024-12-31T12:17:45Z</time>
      </trkpt>
      <trkpt lat="41.660063" lon="2.728579">
        <ele>26.309</ele>
        <time>2024-12-31T12:17:47Z</time>
      </trkpt>
      <trkpt lat="41.660058" lon="2.728543">
        <ele>26.445</ele>
        <time>2024-12-31T12:17:50Z</time>
      </trkpt>
      <trkpt lat="41.660051" lon="2.728501">
        <ele>26.573</ele>
        <time>2024-12-31T12:17:53Z</time>
      </trkpt>
      <trkpt lat="41.660037" lon="2.728434">
        <ele>26.752</ele>
        <time>2024-12-31T12:17:58Z</time>
      </trkpt>
      <trkpt lat="41.660029" lon="2.728393">
        <ele>26.894</ele>
        <time>2024-12-31T12:18:01Z</time>
      </trkpt>
      <trkpt lat="41.660022" lon="2.728353">
        <ele>26.991</ele>
        <time>2024-12-31T12:18:04Z</time>
      </trkpt>
      <trkpt lat="41.660017" lon="2.728309">
        <ele>27.148</ele>
        <time>2024-12-31T12:18:07Z</time>
      </trkpt>
      <trkpt lat="41.660006" lon="2.728239">
        <ele>27.319</ele>
        <time>2024-12-31T12:18:12Z</time>
      </trkpt>
      <trkpt lat="41.659993" lon="2.728171">
        <ele>27.666</ele>
        <time>2024-12-31T12:18:17Z</time>
      </trkpt>
      <trkpt lat="41.659989" lon="2.728134">
        <ele>27.799</ele>
        <time>2024-12-31T12:18:20Z</time>
      </trkpt>
      <trkpt lat="41.659980" lon="2.728065">
        <ele>28.027</ele>
        <time>2024-12-31T12:18:25Z</time>
      </trkpt>
      <trkpt lat="41.659974" lon="2.728021">
        <ele>28.068</ele>
        <time>2024-12-31T12:18:28Z</time>
      </trkpt>
      <trkpt lat="41.659964" lon="2.727984">
        <ele>28.014</ele>
        <time>2024-12-31T12:18:31Z</time>
      </trkpt>
      <trkpt lat="41.659949" lon="2.727906">
        <ele>28.109</ele>
        <time>2024-12-31T12:18:37Z</time>
      </trkpt>
      <trkpt lat="41.659939" lon="2.727864">
        <ele>28.293</ele>
        <time>2024-12-31T12:18:40Z</time>
      </trkpt>
      <trkpt lat="41.659930" lon="2.727799">
        <ele>28.221</ele>
        <time>2024-12-31T12:18:44Z</time>
      </trkpt>
      <trkpt lat="41.659924" lon="2.727759">
        <ele>28.420</ele>
        <time>2024-12-31T12:18:47Z</time>
      </trkpt>
      <trkpt lat="41.659914" lon="2.727688">
        <ele>28.972</ele>
        <time>2024-12-31T12:18:52Z</time>
      </trkpt>
      <trkpt lat="41.659906" lon="2.727645">
        <ele>29.149</ele>
        <time>2024-12-31T12:18:56Z</time>
      </trkpt>
      <trkpt lat="41.659899" lon="2.727600">
        <ele>29.456</ele>
        <time>2024-12-31T12:18:59Z</time>
      </trkpt>
      <trkpt lat="41.659891" lon="2.727534">
        <ele>29.847</ele>
        <time>2024-12-31T12:19:04Z</time>
      </trkpt>
      <trkpt lat="41.659886" lon="2.727496">
        <ele>30.064</ele>
        <time>2024-12-31T12:19:06Z</time>
      </trkpt>
      <trkpt lat="41.659880" lon="2.727459">
        <ele>30.197</ele>
        <time>2024-12-31T12:19:09Z</time>
      </trkpt>
      <trkpt lat="41.659873" lon="2.727417">
        <ele>30.371</ele>
        <time>2024-12-31T12:19:12Z</time>
      </trkpt>
      <trkpt lat="41.659866" lon="2.727379">
        <ele>30.441</ele>
        <time>2024-12-31T12:19:15Z</time>
      </trkpt>
      <trkpt lat="41.659860" lon="2.727336">
        <ele>30.615</ele>
        <time>2024-12-31T12:19:18Z</time>
      </trkpt>
      <trkpt lat="41.659857" lon="2.727289">
        <ele>30.809</ele>
        <time>2024-12-31T12:19:21Z</time>
      </trkpt>
      <trkpt lat="41.659846" lon="2.727229">
        <ele>31.038</ele>
        <time>2024-12-31T12:19:26Z</time>
      </trkpt>
      <trkpt lat="41.659838" lon="2.727194">
        <ele>31.126</ele>
        <time>2024-12-31T12:19:29Z</time>
      </trkpt>
      <trkpt lat="41.659832" lon="2.727147">
        <ele>31.385</ele>
        <time>2024-12-31T12:19:32Z</time>
      </trkpt>
      <trkpt lat="41.659825" lon="2.727112">
        <ele>31.497</ele>
        <time>2024-12-31T12:19:36Z</time>
      </trkpt>
      <trkpt lat="41.659819" lon="2.727069">
        <ele>31.654</ele>
        <time>2024-12-31T12:19:39Z</time>
      </trkpt>
      <trkpt lat="41.659814" lon="2.727018">
        <ele>31.791</ele>
        <time>2024-12-31T12:19:42Z</time>
      </trkpt>
      <trkpt lat="41.659807" lon="2.726978">
        <ele>31.982</ele>
        <time>2024-12-31T12:19:46Z</time>
      </trkpt>
      <trkpt lat="41.659801" lon="2.726940">
        <ele>32.089</ele>
        <time>2024-12-31T12:19:49Z</time>
      </trkpt>
      <trkpt lat="41.659792" lon="2.726878">
        <ele>32.062</ele>
        <time>2024-12-31T12:19:53Z</time>
      </trkpt>
      <trkpt lat="41.659784" lon="2.726838">
        <ele>32.094</ele>
        <time>2024-12-31T12:19:57Z</time>
      </trkpt>
      <trkpt lat="41.659777" lon="2.726792">
        <ele>32.057</ele>
        <time>2024-12-31T12:20:00Z</time>
      </trkpt>
      <trkpt lat="41.659772" lon="2.726744">
        <ele>32.022</ele>
        <time>2024-12-31T12:20:03Z</time>
      </trkpt>
      <trkpt lat="41.659764" lon="2.726700">
        <ele>32.009</ele>
        <time>2024-12-31T12:20:07Z</time>
      </trkpt>
      <trkpt lat="41.659758" lon="2.726662">
        <ele>32.040</ele>
        <time>2024-12-31T12:20:10Z</time>
      </trkpt>
      <trkpt lat="41.659755" lon="2.726624">
        <ele>32.038</ele>
        <time>2024-12-31T12:20:13Z</time>
      </trkpt>
      <trkpt lat="41.659748" lon="2.726561">
        <ele>32.057</ele>
        <time>2024-12-31T12:20:18Z</time>
      </trkpt>
      <trkpt lat="41.659742" lon="2.726511">
        <ele>32.059</ele>
        <time>2024-12-31T12:20:21Z</time>
      </trkpt>
      <trkpt lat="41.659732" lon="2.726470">
        <ele>32.096</ele>
        <time>2024-12-31T12:20:25Z</time>
      </trkpt>
      <trkpt lat="41.659715" lon="2.726421">
        <ele>32.153</ele>
        <time>2024-12-31T12:20:29Z</time>
      </trkpt>
      <trkpt lat="41.659702" lon="2.726384">
        <ele>32.294</ele>
        <time>2024-12-31T12:20:32Z</time>
      </trkpt>
      <trkpt lat="41.659699" lon="2.726347">
        <ele>32.491</ele>
        <time>2024-12-31T12:20:35Z</time>
      </trkpt>
      <trkpt lat="41.659691" lon="2.726303">
        <ele>32.694</ele>
        <time>2024-12-31T12:20:38Z</time>
      </trkpt>
      <trkpt lat="41.659694" lon="2.726259">
        <ele>32.763</ele>
        <time>2024-12-31T12:20:41Z</time>
      </trkpt>
      <trkpt lat="41.659687" lon="2.726221">
        <ele>32.944</ele>
        <time>2024-12-31T12:20:46Z</time>
      </trkpt>
      <trkpt lat="41.659692" lon="2.726143">
        <ele>33.118</ele>
        <time>2024-12-31T12:20:52Z</time>
      </trkpt>
      <trkpt lat="41.659698" lon="2.726075">
        <ele>33.209</ele>
        <time>2024-12-31T12:20:58Z</time>
      </trkpt>
      <trkpt lat="41.659703" lon="2.726032">
        <ele>33.127</ele>
        <time>2024-12-31T12:21:01Z</time>
      </trkpt>
      <trkpt lat="41.659707" lon="2.725987">
        <ele>33.165</ele>
        <time>2024-12-31T12:21:05Z</time>
      </trkpt>
      <trkpt lat="41.659717" lon="2.725940">
        <ele>33.034</ele>
        <time>2024-12-31T12:21:08Z</time>
      </trkpt>
      <trkpt lat="41.659724" lon="2.725891">
        <ele>33.026</ele>
        <time>2024-12-31T12:21:13Z</time>
      </trkpt>
      <trkpt lat="41.659730" lon="2.725849">
        <ele>33.023</ele>
        <time>2024-12-31T12:21:16Z</time>
      </trkpt>
      <trkpt lat="41.659737" lon="2.725813">
        <ele>33.190</ele>
        <time>2024-12-31T12:21:18Z</time>
      </trkpt>
      <trkpt lat="41.659745" lon="2.725774">
        <ele>33.221</ele>
        <time>2024-12-31T12:21:22Z</time>
      </trkpt>
      <trkpt lat="41.659753" lon="2.725735">
        <ele>33.368</ele>
        <time>2024-12-31T12:21:25Z</time>
      </trkpt>
      <trkpt lat="41.659762" lon="2.725685">
        <ele>33.541</ele>
        <time>2024-12-31T12:21:28Z</time>
      </trkpt>
      <trkpt lat="41.659770" lon="2.725607">
        <ele>33.733</ele>
        <time>2024-12-31T12:21:34Z</time>
      </trkpt>
      <trkpt lat="41.659774" lon="2.725568">
        <ele>33.823</ele>
        <time>2024-12-31T12:21:37Z</time>
      </trkpt>
      <trkpt lat="41.659775" lon="2.725528">
        <ele>33.815</ele>
        <time>2024-12-31T12:21:40Z</time>
      </trkpt>
      <trkpt lat="41.659784" lon="2.725461">
        <ele>33.909</ele>
        <time>2024-12-31T12:21:45Z</time>
      </trkpt>
      <trkpt lat="41.659787" lon="2.725417">
        <ele>33.954</ele>
        <time>2024-12-31T12:21:48Z</time>
      </trkpt>
      <trkpt lat="41.659788" lon="2.725374">
        <ele>33.922</ele>
        <time>2024-12-31T12:21:51Z</time>
      </trkpt>
      <trkpt lat="41.659787" lon="2.725329">
        <ele>34.011</ele>
        <time>2024-12-31T12:21:55Z</time>
      </trkpt>
      <trkpt lat="41.659787" lon="2.725286">
        <ele>34.043</ele>
        <time>2024-12-31T12:21:58Z</time>
      </trkpt>
      <trkpt lat="41.659788" lon="2.725246">
        <ele>34.040</ele>
        <time>2024-12-31T12:22:01Z</time>
      </trkpt>
      <trkpt lat="41.659785" lon="2.725204">
        <ele>34.097</ele>
        <time>2024-12-31T12:22:04Z</time>
      </trkpt>
      <trkpt lat="41.659782" lon="2.725166">
        <ele>34.048</ele>
        <time>2024-12-31T12:22:07Z</time>
      </trkpt>
      <trkpt lat="41.659777" lon="2.725121">
        <ele>34.095</ele>
        <time>2024-12-31T12:22:10Z</time>
      </trkpt>
      <trkpt lat="41.659775" lon="2.725079">
        <ele>34.028</ele>
        <time>2024-12-31T12:22:13Z</time>
      </trkpt>
      <trkpt lat="41.659773" lon="2.725039">
        <ele>34.045</ele>
        <time>2024-12-31T12:22:16Z</time>
      </trkpt>
      <trkpt lat="41.659771" lon="2.725000">
        <ele>34.047</ele>
        <time>2024-12-31T12:22:19Z</time>
      </trkpt>
      <trkpt lat="41.659769" lon="2.724963">
        <ele>33.911</ele>
        <time>2024-12-31T12:22:22Z</time>
      </trkpt>
      <trkpt lat="41.659766" lon="2.724919">
        <ele>33.809</ele>
        <time>2024-12-31T12:22:25Z</time>
      </trkpt>
      <trkpt lat="41.659759" lon="2.724848">
        <ele>33.545</ele>
        <time>2024-12-31T12:22:30Z</time>
      </trkpt>
      <trkpt lat="41.659756" lon="2.724805">
        <ele>33.413</ele>
        <time>2024-12-31T12:22:34Z</time>
      </trkpt>
      <trkpt lat="41.659748" lon="2.724766">
        <ele>33.252</ele>
        <time>2024-12-31T12:22:37Z</time>
      </trkpt>
      <trkpt lat="41.659739" lon="2.724723">
        <ele>33.154</ele>
        <time>2024-12-31T12:22:40Z</time>
      </trkpt>
      <trkpt lat="41.659736" lon="2.724685">
        <ele>33.291</ele>
        <time>2024-12-31T12:22:43Z</time>
      </trkpt>
      <trkpt lat="41.659737" lon="2.724640">
        <ele>33.378</ele>
        <time>2024-12-31T12:22:47Z</time>
      </trkpt>
      <trkpt lat="41.659735" lon="2.724593">
        <ele>33.549</ele>
        <time>2024-12-31T12:22:51Z</time>
      </trkpt>
      <trkpt lat="41.659731" lon="2.724553">
        <ele>33.616</ele>
        <time>2024-12-31T12:22:54Z</time>
      </trkpt>
      <trkpt lat="41.659729" lon="2.724510">
        <ele>33.859</ele>
        <time>2024-12-31T12:22:58Z</time>
      </trkpt>
      <trkpt lat="41.659727" lon="2.724472">
        <ele>33.934</ele>
        <time>2024-12-31T12:23:01Z</time>
      </trkpt>
      <trkpt lat="41.659727" lon="2.724429">
        <ele>34.155</ele>
        <time>2024-12-31T12:23:05Z</time>
      </trkpt>
      <trkpt lat="41.659725" lon="2.724384">
        <ele>34.210</ele>
        <time>2024-12-31T12:23:08Z</time>
      </trkpt>
      <trkpt lat="41.659722" lon="2.724316">
        <ele>34.509</ele>
        <time>2024-12-31T12:23:14Z</time>
      </trkpt>
      <trkpt lat="41.659721" lon="2.724273">
        <ele>34.674</ele>
        <time>2024-12-31T12:23:18Z</time>
      </trkpt>
      <trkpt lat="41.659718" lon="2.724233">
        <ele>34.872</ele>
        <time>2024-12-31T12:23:22Z</time>
      </trkpt>
      <trkpt lat="41.659714" lon="2.724190">
        <ele>34.961</ele>
        <time>2024-12-31T12:23:25Z</time>
      </trkpt>
      <trkpt lat="41.659709" lon="2.724138">
        <ele>35.213</ele>
        <time>2024-12-31T12:23:30Z</time>
      </trkpt>
      <trkpt lat="41.659708" lon="2.724097">
        <ele>35.420</ele>
        <time>2024-12-31T12:23:33Z</time>
      </trkpt>
      <trkpt lat="41.659702" lon="2.724054">
        <ele>35.767</ele>
        <time>2024-12-31T12:23:38Z</time>
      </trkpt>
      <trkpt lat="41.659695" lon="2.723979">
        <ele>36.258</ele>
        <time>2024-12-31T12:23:44Z</time>
      </trkpt>
      <trkpt lat="41.659693" lon="2.723939">
        <ele>36.425</ele>
        <time>2024-12-31T12:23:48Z</time>
      </trkpt>
      <trkpt lat="41.659691" lon="2.723895">
        <ele>36.778</ele>
        <time>2024-12-31T12:23:52Z</time>
      </trkpt>
      <trkpt lat="41.659696" lon="2.723820">
        <ele>37.312</ele>
        <time>2024-12-31T12:23:58Z</time>
      </trkpt>
      <trkpt lat="41.659695" lon="2.723766">
        <ele>37.632</ele>
        <time>2024-12-31T12:24:03Z</time>
      </trkpt>
      <trkpt lat="41.659698" lon="2.723723">
        <ele>38.005</ele>
        <time>2024-12-31T12:24:07Z</time>
      </trkpt>
      <trkpt lat="41.659700" lon="2.723679">
        <ele>38.309</ele>
        <time>2024-12-31T12:24:11Z</time>
      </trkpt>
      <trkpt lat="41.659704" lon="2.723639">
        <ele>38.692</ele>
        <time>2024-12-31T12:24:14Z</time>
      </trkpt>
      <trkpt lat="41.659709" lon="2.723566">
        <ele>39.210</ele>
        <time>2024-12-31T12:24:22Z</time>
      </trkpt>
      <trkpt lat="41.659712" lon="2.723518">
        <ele>39.619</ele>
        <time>2024-12-31T12:24:26Z</time>
      </trkpt>
      <trkpt lat="41.659718" lon="2.723473">
        <ele>39.921</ele>
        <time>2024-12-31T12:24:29Z</time>
      </trkpt>
      <trkpt lat="41.659723" lon="2.723433">
        <ele>40.398</ele>
        <time>2024-12-31T12:24:33Z</time>
      </trkpt>
      <trkpt lat="41.659730" lon="2.723390">
        <ele>40.685</ele>
        <time>2024-12-31T12:24:37Z</time>
      </trkpt>
      <trkpt lat="41.659740" lon="2.723329">
        <ele>41.066</ele>
        <time>2024-12-31T12:24:42Z</time>
      </trkpt>
      <trkpt lat="41.659742" lon="2.723287">
        <ele>41.273</ele>
        <time>2024-12-31T12:24:45Z</time>
      </trkpt>
      <trkpt lat="41.659746" lon="2.723241">
        <ele>41.436</ele>
        <time>2024-12-31T12:24:49Z</time>
      </trkpt>
      <trkpt lat="41.659756" lon="2.723184">
        <ele>41.682</ele>
        <time>2024-12-31T12:24:55Z</time>
      </trkpt>
      <trkpt lat="41.659765" lon="2.723148">
        <ele>41.843</ele>
        <time>2024-12-31T12:24:59Z</time>
      </trkpt>
      <trkpt lat="41.659773" lon="2.723108">
        <ele>42.017</ele>
        <time>2024-12-31T12:25:02Z</time>
      </trkpt>
      <trkpt lat="41.659780" lon="2.723071">
        <ele>42.109</ele>
        <time>2024-12-31T12:25:05Z</time>
      </trkpt>
      <trkpt lat="41.659790" lon="2.723030">
        <ele>42.349</ele>
        <time>2024-12-31T12:25:09Z</time>
      </trkpt>
      <trkpt lat="41.659801" lon="2.722989">
        <ele>42.437</ele>
        <time>2024-12-31T12:25:13Z</time>
      </trkpt>
      <trkpt lat="41.659812" lon="2.722952">
        <ele>42.696</ele>
        <time>2024-12-31T12:25:16Z</time>
      </trkpt>
      <trkpt lat="41.659824" lon="2.722907">
        <ele>42.848</ele>
        <time>2024-12-31T12:25:21Z</time>
      </trkpt>
      <trkpt lat="41.659837" lon="2.722872">
        <ele>43.035</ele>
        <time>2024-12-31T12:25:25Z</time>
      </trkpt>
      <trkpt lat="41.659851" lon="2.722837">
        <ele>43.222</ele>
        <time>2024-12-31T12:25:28Z</time>
      </trkpt>
      <trkpt lat="41.659866" lon="2.722799">
        <ele>43.513</ele>
        <time>2024-12-31T12:25:32Z</time>
      </trkpt>
      <trkpt lat="41.659884" lon="2.722741">
        <ele>43.920</ele>
        <time>2024-12-31T12:25:37Z</time>
      </trkpt>
      <trkpt lat="41.659905" lon="2.722668">
        <ele>44.473</ele>
        <time>2024-12-31T12:25:44Z</time>
      </trkpt>
      <trkpt lat="41.659920" lon="2.722631">
        <ele>44.785</ele>
        <time>2024-12-31T12:25:48Z</time>
      </trkpt>
      <trkpt lat="41.659925" lon="2.722590">
        <ele>44.989</ele>
        <time>2024-12-31T12:25:52Z</time>
      </trkpt>
      <trkpt lat="41.659928" lon="2.722554">
        <ele>45.017</ele>
        <time>2024-12-31T12:25:55Z</time>
      </trkpt>
      <trkpt lat="41.659937" lon="2.722516">
        <ele>45.309</ele>
        <time>2024-12-31T12:25:58Z</time>
      </trkpt>
      <trkpt lat="41.659947" lon="2.722479">
        <ele>45.679</ele>
        <time>2024-12-31T12:26:02Z</time>
      </trkpt>
      <trkpt lat="41.659952" lon="2.722441">
        <ele>45.977</ele>
        <time>2024-12-31T12:26:06Z</time>
      </trkpt>
      <trkpt lat="41.659962" lon="2.722407">
        <ele>46.246</ele>
        <time>2024-12-31T12:26:10Z</time>
      </trkpt>
      <trkpt lat="41.659973" lon="2.722335">
        <ele>46.898</ele>
        <time>2024-12-31T12:26:16Z</time>
      </trkpt>
      <trkpt lat="41.659982" lon="2.722290">
        <ele>47.385</ele>
        <time>2024-12-31T12:26:20Z</time>
      </trkpt>
      <trkpt lat="41.659981" lon="2.722246">
        <ele>47.682</ele>
        <time>2024-12-31T12:26:24Z</time>
      </trkpt>
      <trkpt lat="41.659982" lon="2.722202">
        <ele>47.723</ele>
        <time>2024-12-31T12:26:28Z</time>
      </trkpt>
      <trkpt lat="41.659982" lon="2.722158">
        <ele>47.530</ele>
        <time>2024-12-31T12:26:32Z</time>
      </trkpt>
      <trkpt lat="41.659985" lon="2.722120">
        <ele>47.433</ele>
        <time>2024-12-31T12:26:35Z</time>
      </trkpt>
      <trkpt lat="41.659986" lon="2.722077">
        <ele>47.312</ele>
        <time>2024-12-31T12:26:39Z</time>
      </trkpt>
      <trkpt lat="41.659985" lon="2.722035">
        <ele>47.132</ele>
        <time>2024-12-31T12:26:43Z</time>
      </trkpt>
      <trkpt lat="41.660001" lon="2.722005">
        <ele>47.205</ele>
        <time>2024-12-31T12:26:46Z</time>
      </trkpt>
      <trkpt lat="41.660029" lon="2.721998">
        <ele>47.209</ele>
        <time>2024-12-31T12:26:49Z</time>
      </trkpt>
      <trkpt lat="41.660065" lon="2.721992">
        <ele>47.162</ele>
        <time>2024-12-31T12:26:53Z</time>
      </trkpt>
      <trkpt lat="41.660080" lon="2.722047">
        <ele>47.360</ele>
        <time>2024-12-31T12:26:58Z</time>
      </trkpt>
      <trkpt lat="41.660089" lon="2.722118">
        <ele>47.439</ele>
        <time>2024-12-31T12:27:11Z</time>
      </trkpt>
      <trkpt lat="41.660108" lon="2.722148">
        <ele>47.421</ele>
        <time>2024-12-31T12:27:14Z</time>
      </trkpt>
      <trkpt lat="41.660158" lon="2.722178">
        <ele>47.478</ele>
        <time>2024-12-31T12:27:19Z</time>
      </trkpt>
      <trkpt lat="41.660197" lon="2.722202">
        <ele>47.385</ele>
        <time>2024-12-31T12:27:25Z</time>
      </trkpt>
      <trkpt lat="41.660129" lon="2.722184">
        <ele>47.526</ele>
        <time>2024-12-31T12:27:31Z</time>
      </trkpt>
      <trkpt lat="41.660097" lon="2.722141">
        <ele>47.573</ele>
        <time>2024-12-31T12:27:35Z</time>
      </trkpt>
      <trkpt lat="41.660082" lon="2.722089">
        <ele>47.496</ele>
        <time>2024-12-31T12:27:39Z</time>
      </trkpt>
      <trkpt lat="41.660070" lon="2.722015">
        <ele>47.258</ele>
        <time>2024-12-31T12:27:44Z</time>
      </trkpt>
      <trkpt lat="41.660042" lon="2.722003">
        <ele>47.252</ele>
        <time>2024-12-31T12:27:51Z</time>
      </trkpt>
      <trkpt lat="41.659997" lon="2.722040">
        <ele>47.317</ele>
        <time>2024-12-31T12:27:57Z</time>
      </trkpt>
      <trkpt lat="41.659989" lon="2.722105">
        <ele>47.409</ele>
        <time>2024-12-31T12:28:02Z</time>
      </trkpt>
      <trkpt lat="41.659976" lon="2.722216">
        <ele>47.686</ele>
        <time>2024-12-31T12:28:09Z</time>
      </trkpt>
      <trkpt lat="41.659957" lon="2.722282">
        <ele>47.024</ele>
        <time>2024-12-31T12:28:14Z</time>
      </trkpt>
      <trkpt lat="41.659952" lon="2.722326">
        <ele>46.633</ele>
        <time>2024-12-31T12:28:17Z</time>
      </trkpt>
      <trkpt lat="41.659948" lon="2.722372">
        <ele>46.395</ele>
        <time>2024-12-31T12:28:21Z</time>
      </trkpt>
      <trkpt lat="41.659943" lon="2.722410">
        <ele>46.092</ele>
        <time>2024-12-31T12:28:23Z</time>
      </trkpt>
      <trkpt lat="41.659927" lon="2.722458">
        <ele>45.529</ele>
        <time>2024-12-31T12:28:27Z</time>
      </trkpt>
      <trkpt lat="41.659916" lon="2.722516">
        <ele>45.060</ele>
        <time>2024-12-31T12:28:31Z</time>
      </trkpt>
      <trkpt lat="41.659907" lon="2.722581">
        <ele>44.757</ele>
        <time>2024-12-31T12:28:35Z</time>
      </trkpt>
      <trkpt lat="41.659900" lon="2.722644">
        <ele>44.420</ele>
        <time>2024-12-31T12:28:40Z</time>
      </trkpt>
      <trkpt lat="41.659878" lon="2.722701">
        <ele>44.075</ele>
        <time>2024-12-31T12:28:44Z</time>
      </trkpt>
      <trkpt lat="41.659861" lon="2.722758">
        <ele>43.628</ele>
        <time>2024-12-31T12:28:48Z</time>
      </trkpt>
      <trkpt lat="41.659834" lon="2.722823">
        <ele>43.120</ele>
        <time>2024-12-31T12:28:54Z</time>
      </trkpt>
      <trkpt lat="41.659816" lon="2.722854">
        <ele>42.809</ele>
        <time>2024-12-31T12:28:57Z</time>
      </trkpt>
      <trkpt lat="41.659808" lon="2.722897">
        <ele>42.738</ele>
        <time>2024-12-31T12:29:00Z</time>
      </trkpt>
      <trkpt lat="41.659801" lon="2.722949">
        <ele>42.516</ele>
        <time>2024-12-31T12:29:04Z</time>
      </trkpt>
      <trkpt lat="41.659793" lon="2.722992">
        <ele>42.455</ele>
        <time>2024-12-31T12:29:08Z</time>
      </trkpt>
      <trkpt lat="41.659776" lon="2.723060">
        <ele>42.297</ele>
        <time>2024-12-31T12:29:13Z</time>
      </trkpt>
      <trkpt lat="41.659773" lon="2.723106">
        <ele>42.084</ele>
        <time>2024-12-31T12:29:16Z</time>
      </trkpt>
      <trkpt lat="41.659769" lon="2.723170">
        <ele>41.751</ele>
        <time>2024-12-31T12:29:21Z</time>
      </trkpt>
      <trkpt lat="41.659765" lon="2.723208">
        <ele>41.582</ele>
        <time>2024-12-31T12:29:26Z</time>
      </trkpt>
      <trkpt lat="41.659763" lon="2.723251">
        <ele>41.349</ele>
        <time>2024-12-31T12:29:30Z</time>
      </trkpt>
      <trkpt lat="41.659756" lon="2.723297">
        <ele>41.152</ele>
        <time>2024-12-31T12:29:33Z</time>
      </trkpt>
      <trkpt lat="41.659753" lon="2.723335">
        <ele>41.082</ele>
        <time>2024-12-31T12:29:36Z</time>
      </trkpt>
      <trkpt lat="41.659751" lon="2.723374">
        <ele>40.743</ele>
        <time>2024-12-31T12:29:39Z</time>
      </trkpt>
      <trkpt lat="41.659745" lon="2.723443">
        <ele>40.217</ele>
        <time>2024-12-31T12:29:44Z</time>
      </trkpt>
      <trkpt lat="41.659732" lon="2.723486">
        <ele>39.909</ele>
        <time>2024-12-31T12:29:47Z</time>
      </trkpt>
      <trkpt lat="41.659726" lon="2.723533">
        <ele>39.629</ele>
        <time>2024-12-31T12:29:50Z</time>
      </trkpt>
      <trkpt lat="41.659726" lon="2.723587">
        <ele>39.247</ele>
        <time>2024-12-31T12:29:53Z</time>
      </trkpt>
      <trkpt lat="41.659713" lon="2.723630">
        <ele>38.886</ele>
        <time>2024-12-31T12:29:57Z</time>
      </trkpt>
      <trkpt lat="41.659712" lon="2.723701">
        <ele>38.358</ele>
        <time>2024-12-31T12:30:02Z</time>
      </trkpt>
      <trkpt lat="41.659715" lon="2.723755">
        <ele>37.935</ele>
        <time>2024-12-31T12:30:06Z</time>
      </trkpt>
      <trkpt lat="41.659716" lon="2.723794">
        <ele>37.672</ele>
        <time>2024-12-31T12:30:08Z</time>
      </trkpt>
      <trkpt lat="41.659717" lon="2.723834">
        <ele>37.493</ele>
        <time>2024-12-31T12:30:11Z</time>
      </trkpt>
      <trkpt lat="41.659713" lon="2.723890">
        <ele>36.990</ele>
        <time>2024-12-31T12:30:15Z</time>
      </trkpt>
      <trkpt lat="41.659713" lon="2.723937">
        <ele>36.613</ele>
        <time>2024-12-31T12:30:18Z</time>
      </trkpt>
      <trkpt lat="41.659718" lon="2.724005">
        <ele>36.133</ele>
        <time>2024-12-31T12:30:23Z</time>
      </trkpt>
      <trkpt lat="41.659734" lon="2.724043">
        <ele>35.923</ele>
        <time>2024-12-31T12:30:25Z</time>
      </trkpt>
      <trkpt lat="41.659739" lon="2.724084">
        <ele>35.615</ele>
        <time>2024-12-31T12:30:29Z</time>
      </trkpt>
      <trkpt lat="41.659746" lon="2.724130">
        <ele>35.309</ele>
        <time>2024-12-31T12:30:32Z</time>
      </trkpt>
      <trkpt lat="41.659749" lon="2.724175">
        <ele>35.044</ele>
        <time>2024-12-31T12:30:35Z</time>
      </trkpt>
      <trkpt lat="41.659752" lon="2.724216">
        <ele>34.882</ele>
        <time>2024-12-31T12:30:39Z</time>
      </trkpt>
      <trkpt lat="41.659754" lon="2.724268">
        <ele>34.621</ele>
        <time>2024-12-31T12:30:42Z</time>
      </trkpt>
      <trkpt lat="41.659759" lon="2.724338">
        <ele>34.493</ele>
        <time>2024-12-31T12:30:47Z</time>
      </trkpt>
      <trkpt lat="41.659761" lon="2.724379">
        <ele>34.250</ele>
        <time>2024-12-31T12:30:50Z</time>
      </trkpt>
      <trkpt lat="41.659761" lon="2.724427">
        <ele>34.137</ele>
        <time>2024-12-31T12:30:53Z</time>
      </trkpt>
      <trkpt lat="41.659761" lon="2.724470">
        <ele>33.978</ele>
        <time>2024-12-31T12:30:56Z</time>
      </trkpt>
      <trkpt lat="41.659765" lon="2.724513">
        <ele>33.875</ele>
        <time>2024-12-31T12:30:59Z</time>
      </trkpt>
      <trkpt lat="41.659768" lon="2.724553">
        <ele>33.768</ele>
        <time>2024-12-31T12:31:02Z</time>
      </trkpt>
      <trkpt lat="41.659772" lon="2.724592">
        <ele>33.629</ele>
        <time>2024-12-31T12:31:04Z</time>
      </trkpt>
      <trkpt lat="41.659770" lon="2.724633">
        <ele>33.400</ele>
        <time>2024-12-31T12:31:07Z</time>
      </trkpt>
      <trkpt lat="41.659775" lon="2.724677">
        <ele>33.320</ele>
        <time>2024-12-31T12:31:10Z</time>
      </trkpt>
      <trkpt lat="41.659783" lon="2.724723">
        <ele>33.209</ele>
        <time>2024-12-31T12:31:13Z</time>
      </trkpt>
      <trkpt lat="41.659788" lon="2.724766">
        <ele>33.463</ele>
        <time>2024-12-31T12:31:16Z</time>
      </trkpt>
      <trkpt lat="41.659783" lon="2.724805">
        <ele>33.521</ele>
        <time>2024-12-31T12:31:20Z</time>
      </trkpt>
      <trkpt lat="41.659782" lon="2.724848">
        <ele>33.620</ele>
        <time>2024-12-31T12:31:23Z</time>
      </trkpt>
      <trkpt lat="41.659791" lon="2.724882">
        <ele>33.712</ele>
        <time>2024-12-31T12:31:25Z</time>
      </trkpt>
      <trkpt lat="41.659795" lon="2.724921">
        <ele>33.829</ele>
        <time>2024-12-31T12:31:28Z</time>
      </trkpt>
      <trkpt lat="41.659806" lon="2.724962">
        <ele>33.966</ele>
        <time>2024-12-31T12:31:31Z</time>
      </trkpt>
      <trkpt lat="41.659815" lon="2.725002">
        <ele>34.037</ele>
        <time>2024-12-31T12:31:34Z</time>
      </trkpt>
      <trkpt lat="41.659820" lon="2.725075">
        <ele>34.074</ele>
        <time>2024-12-31T12:31:41Z</time>
      </trkpt>
      <trkpt lat="41.659824" lon="2.725117">
        <ele>34.097</ele>
        <time>2024-12-31T12:31:44Z</time>
      </trkpt>
      <trkpt lat="41.659824" lon="2.725154">
        <ele>34.088</ele>
        <time>2024-12-31T12:31:47Z</time>
      </trkpt>
      <trkpt lat="41.659821" lon="2.725191">
        <ele>34.024</ele>
        <time>2024-12-31T12:31:50Z</time>
      </trkpt>
      <trkpt lat="41.659825" lon="2.725232">
        <ele>34.026</ele>
        <time>2024-12-31T12:31:53Z</time>
      </trkpt>
      <trkpt lat="41.659825" lon="2.725270">
        <ele>34.009</ele>
        <time>2024-12-31T12:31:56Z</time>
      </trkpt>
      <trkpt lat="41.659822" lon="2.725335">
        <ele>33.969</ele>
        <time>2024-12-31T12:32:01Z</time>
      </trkpt>
      <trkpt lat="41.659826" lon="2.725377">
        <ele>33.957</ele>
        <time>2024-12-31T12:32:04Z</time>
      </trkpt>
      <trkpt lat="41.659823" lon="2.725455">
        <ele>33.836</ele>
        <time>2024-12-31T12:32:10Z</time>
      </trkpt>
      <trkpt lat="41.659819" lon="2.725497">
        <ele>33.788</ele>
        <time>2024-12-31T12:32:13Z</time>
      </trkpt>
      <trkpt lat="41.659808" lon="2.725536">
        <ele>33.745</ele>
        <time>2024-12-31T12:32:16Z</time>
      </trkpt>
      <trkpt lat="41.659804" lon="2.725577">
        <ele>33.792</ele>
        <time>2024-12-31T12:32:19Z</time>
      </trkpt>
      <trkpt lat="41.659798" lon="2.725614">
        <ele>33.623</ele>
        <time>2024-12-31T12:32:22Z</time>
      </trkpt>
      <trkpt lat="41.659793" lon="2.725655">
        <ele>33.580</ele>
        <time>2024-12-31T12:32:25Z</time>
      </trkpt>
      <trkpt lat="41.659797" lon="2.725694">
        <ele>33.413</ele>
        <time>2024-12-31T12:32:27Z</time>
      </trkpt>
      <trkpt lat="41.659786" lon="2.725735">
        <ele>33.396</ele>
        <time>2024-12-31T12:32:30Z</time>
      </trkpt>
      <trkpt lat="41.659762" lon="2.725784">
        <ele>33.231</ele>
        <time>2024-12-31T12:32:35Z</time>
      </trkpt>
      <trkpt lat="41.659743" lon="2.725827">
        <ele>33.024</ele>
        <time>2024-12-31T12:32:38Z</time>
      </trkpt>
      <trkpt lat="41.659721" lon="2.725901">
        <ele>33.009</ele>
        <time>2024-12-31T12:32:44Z</time>
      </trkpt>
      <trkpt lat="41.659713" lon="2.725940">
        <ele>33.120</ele>
        <time>2024-12-31T12:32:47Z</time>
      </trkpt>
      <trkpt lat="41.659708" lon="2.725979">
        <ele>33.128</ele>
        <time>2024-12-31T12:32:49Z</time>
      </trkpt>
      <trkpt lat="41.659703" lon="2.726016">
        <ele>33.117</ele>
        <time>2024-12-31T12:32:52Z</time>
      </trkpt>
      <trkpt lat="41.659698" lon="2.726079">
        <ele>33.299</ele>
        <time>2024-12-31T12:32:56Z</time>
      </trkpt>
      <trkpt lat="41.659688" lon="2.726151">
        <ele>33.166</ele>
        <time>2024-12-31T12:33:01Z</time>
      </trkpt>
      <trkpt lat="41.659689" lon="2.726214">
        <ele>32.913</ele>
        <time>2024-12-31T12:33:06Z</time>
      </trkpt>
      <trkpt lat="41.659699" lon="2.726259">
        <ele>32.744</ele>
        <time>2024-12-31T12:33:09Z</time>
      </trkpt>
      <trkpt lat="41.659704" lon="2.726318">
        <ele>32.491</ele>
        <time>2024-12-31T12:33:14Z</time>
      </trkpt>
      <trkpt lat="41.659666" lon="2.726346">
        <ele>32.764</ele>
        <time>2024-12-31T12:33:18Z</time>
      </trkpt>
      <trkpt lat="41.659627" lon="2.726368">
        <ele>33.179</ele>
        <time>2024-12-31T12:33:22Z</time>
      </trkpt>
      <trkpt lat="41.659568" lon="2.726364">
        <ele>33.705</ele>
        <time>2024-12-31T12:33:28Z</time>
      </trkpt>
      <trkpt lat="41.659538" lon="2.726362">
        <ele>34.025</ele>
        <time>2024-12-31T12:33:31Z</time>
      </trkpt>
      <trkpt lat="41.659511" lon="2.726354">
        <ele>34.309</ele>
        <time>2024-12-31T12:33:34Z</time>
      </trkpt>
      <trkpt lat="41.659479" lon="2.726357">
        <ele>34.648</ele>
        <time>2024-12-31T12:33:37Z</time>
      </trkpt>
      <trkpt lat="41.659447" lon="2.726361">
        <ele>35.066</ele>
        <time>2024-12-31T12:33:40Z</time>
      </trkpt>
      <trkpt lat="41.659416" lon="2.726366">
        <ele>35.195</ele>
        <time>2024-12-31T12:33:43Z</time>
      </trkpt>
      <trkpt lat="41.659385" lon="2.726366">
        <ele>35.257</ele>
        <time>2024-12-31T12:33:47Z</time>
      </trkpt>
      <trkpt lat="41.659356" lon="2.726370">
        <ele>35.344</ele>
        <time>2024-12-31T12:33:49Z</time>
      </trkpt>
      <trkpt lat="41.659327" lon="2.726375">
        <ele>35.421</ele>
        <time>2024-12-31T12:33:52Z</time>
      </trkpt>
      <trkpt lat="41.659297" lon="2.726373">
        <ele>35.532</ele>
        <time>2024-12-31T12:33:55Z</time>
      </trkpt>
      <trkpt lat="41.659241" lon="2.726376">
        <ele>35.759</ele>
        <time>2024-12-31T12:34:01Z</time>
      </trkpt>
      <trkpt lat="41.659210" lon="2.726379">
        <ele>35.852</ele>
        <time>2024-12-31T12:34:04Z</time>
      </trkpt>
      <trkpt lat="41.659178" lon="2.726382">
        <ele>36.044</ele>
        <time>2024-12-31T12:34:07Z</time>
      </trkpt>
      <trkpt lat="41.659141" lon="2.726380">
        <ele>36.105</ele>
        <time>2024-12-31T12:34:11Z</time>
      </trkpt>
      <trkpt lat="41.659114" lon="2.726392">
        <ele>36.215</ele>
        <time>2024-12-31T12:34:14Z</time>
      </trkpt>
      <trkpt lat="41.659087" lon="2.726389">
        <ele>36.309</ele>
        <time>2024-12-31T12:34:16Z</time>
      </trkpt>
      <trkpt lat="41.659060" lon="2.726391">
        <ele>36.455</ele>
        <time>2024-12-31T12:34:19Z</time>
      </trkpt>
      <trkpt lat="41.659028" lon="2.726394">
        <ele>36.583</ele>
        <time>2024-12-31T12:34:22Z</time>
      </trkpt>
      <trkpt lat="41.658999" lon="2.726393">
        <ele>36.622</ele>
        <time>2024-12-31T12:34:26Z</time>
      </trkpt>
      <trkpt lat="41.658971" lon="2.726398">
        <ele>36.754</ele>
        <time>2024-12-31T12:34:29Z</time>
      </trkpt>
      <trkpt lat="41.658941" lon="2.726401">
        <ele>36.841</ele>
        <time>2024-12-31T12:34:31Z</time>
      </trkpt>
      <trkpt lat="41.658910" lon="2.726406">
        <ele>36.998</ele>
        <time>2024-12-31T12:34:35Z</time>
      </trkpt>
      <trkpt lat="41.658883" lon="2.726405">
        <ele>37.069</ele>
        <time>2024-12-31T12:34:38Z</time>
      </trkpt>
      <trkpt lat="41.658853" lon="2.726405">
        <ele>37.016</ele>
        <time>2024-12-31T12:34:41Z</time>
      </trkpt>
      <trkpt lat="41.658826" lon="2.726407">
        <ele>37.059</ele>
        <time>2024-12-31T12:34:44Z</time>
      </trkpt>
      <trkpt lat="41.658766" lon="2.726415">
        <ele>37.028</ele>
        <time>2024-12-31T12:34:50Z</time>
      </trkpt>
      <trkpt lat="41.658735" lon="2.726421">
        <ele>36.989</ele>
        <time>2024-12-31T12:34:54Z</time>
      </trkpt>
      <trkpt lat="41.658706" lon="2.726431">
        <ele>36.917</ele>
        <time>2024-12-31T12:34:57Z</time>
      </trkpt>
      <trkpt lat="41.658676" lon="2.726436">
        <ele>36.909</ele>
        <time>2024-12-31T12:35:01Z</time>
      </trkpt>
      <trkpt lat="41.658650" lon="2.726446">
        <ele>36.853</ele>
        <time>2024-12-31T12:35:05Z</time>
      </trkpt>
      <trkpt lat="41.658605" lon="2.726475">
        <ele>36.771</ele>
        <time>2024-12-31T12:35:13Z</time>
      </trkpt>
      <trkpt lat="41.658573" lon="2.726522">
        <ele>36.520</ele>
        <time>2024-12-31T12:35:17Z</time>
      </trkpt>
      <trkpt lat="41.658558" lon="2.726553">
        <ele>36.312</ele>
        <time>2024-12-31T12:35:20Z</time>
      </trkpt>
      <trkpt lat="41.658539" lon="2.726586">
        <ele>36.149</ele>
        <time>2024-12-31T12:35:23Z</time>
      </trkpt>
      <trkpt lat="41.658516" lon="2.726615">
        <ele>35.976</ele>
        <time>2024-12-31T12:35:26Z</time>
      </trkpt>
      <trkpt lat="41.658495" lon="2.726646">
        <ele>35.797</ele>
        <time>2024-12-31T12:35:29Z</time>
      </trkpt>
      <trkpt lat="41.658479" lon="2.726679">
        <ele>35.554</ele>
        <time>2024-12-31T12:35:31Z</time>
      </trkpt>
      <trkpt lat="41.658459" lon="2.726713">
        <ele>35.467</ele>
        <time>2024-12-31T12:35:34Z</time>
      </trkpt>
      <trkpt lat="41.658437" lon="2.726767">
        <ele>35.292</ele>
        <time>2024-12-31T12:35:38Z</time>
      </trkpt>
      <trkpt lat="41.658424" lon="2.726799">
        <ele>35.273</ele>
        <time>2024-12-31T12:35:41Z</time>
      </trkpt>
      <trkpt lat="41.658412" lon="2.726836">
        <ele>35.120</ele>
        <time>2024-12-31T12:35:44Z</time>
      </trkpt>
      <trkpt lat="41.658405" lon="2.726873">
        <ele>35.109</ele>
        <time>2024-12-31T12:35:47Z</time>
      </trkpt>
      <trkpt lat="41.658394" lon="2.726920">
        <ele>35.040</ele>
        <time>2024-12-31T12:35:50Z</time>
      </trkpt>
      <trkpt lat="41.658388" lon="2.726959">
        <ele>35.038</ele>
        <time>2024-12-31T12:35:53Z</time>
      </trkpt>
      <trkpt lat="41.658387" lon="2.727036">
        <ele>34.997</ele>
        <time>2024-12-31T12:35:58Z</time>
      </trkpt>
      <trkpt lat="41.658395" lon="2.727079">
        <ele>34.999</ele>
        <time>2024-12-31T12:36:02Z</time>
      </trkpt>
      <trkpt lat="41.658418" lon="2.727151">
        <ele>34.876</ele>
        <time>2024-12-31T12:36:07Z</time>
      </trkpt>
      <trkpt lat="41.658431" lon="2.727189">
        <ele>34.773</ele>
        <time>2024-12-31T12:36:10Z</time>
      </trkpt>
      <trkpt lat="41.658443" lon="2.727224">
        <ele>34.614</ele>
        <time>2024-12-31T12:36:13Z</time>
      </trkpt>
      <trkpt lat="41.658460" lon="2.727264">
        <ele>34.671</ele>
        <time>2024-12-31T12:36:16Z</time>
      </trkpt>
      <trkpt lat="41.658470" lon="2.727305">
        <ele>34.724</ele>
        <time>2024-12-31T12:36:19Z</time>
      </trkpt>
      <trkpt lat="41.658457" lon="2.727374">
        <ele>34.989</ele>
        <time>2024-12-31T12:36:24Z</time>
      </trkpt>
      <trkpt lat="41.658450" lon="2.727410">
        <ele>35.006</ele>
        <time>2024-12-31T12:36:27Z</time>
      </trkpt>
      <trkpt lat="41.658434" lon="2.727440">
        <ele>35.126</ele>
        <time>2024-12-31T12:36:30Z</time>
      </trkpt>
      <trkpt lat="41.658412" lon="2.727473">
        <ele>35.409</ele>
        <time>2024-12-31T12:36:33Z</time>
      </trkpt>
      <trkpt lat="41.658388" lon="2.727499">
        <ele>35.689</ele>
        <time>2024-12-31T12:36:37Z</time>
      </trkpt>
      <trkpt lat="41.658349" lon="2.727539">
        <ele>36.077</ele>
        <time>2024-12-31T12:36:42Z</time>
      </trkpt>
      <trkpt lat="41.658321" lon="2.727562">
        <ele>36.556</ele>
        <time>2024-12-31T12:36:46Z</time>
      </trkpt>
      <trkpt lat="41.658296" lon="2.727587">
        <ele>37.288</ele>
        <time>2024-12-31T12:36:50Z</time>
      </trkpt>
      <trkpt lat="41.658269" lon="2.727609">
        <ele>37.865</ele>
        <time>2024-12-31T12:36:54Z</time>
      </trkpt>
      <trkpt lat="41.658239" lon="2.727627">
        <ele>38.482</ele>
        <time>2024-12-31T12:36:58Z</time>
      </trkpt>
      <trkpt lat="41.658210" lon="2.727647">
        <ele>38.933</ele>
        <time>2024-12-31T12:37:03Z</time>
      </trkpt>
      <trkpt lat="41.658163" lon="2.727670">
        <ele>39.620</ele>
        <time>2024-12-31T12:37:11Z</time>
      </trkpt>
      <trkpt lat="41.658108" lon="2.727686">
        <ele>40.493</ele>
        <time>2024-12-31T12:37:20Z</time>
      </trkpt>
      <trkpt lat="41.658078" lon="2.727698">
        <ele>40.868</ele>
        <time>2024-12-31T12:37:24Z</time>
      </trkpt>
      <trkpt lat="41.658047" lon="2.727710">
        <ele>41.142</ele>
        <time>2024-12-31T12:37:29Z</time>
      </trkpt>
      <trkpt lat="41.658008" lon="2.727724">
        <ele>41.626</ele>
        <time>2024-12-31T12:37:37Z</time>
      </trkpt>
      <trkpt lat="41.657953" lon="2.727742">
        <ele>42.309</ele>
        <time>2024-12-31T12:37:45Z</time>
      </trkpt>
      <trkpt lat="41.657901" lon="2.727762">
        <ele>42.967</ele>
        <time>2024-12-31T12:37:52Z</time>
      </trkpt>
      <trkpt lat="41.657857" lon="2.727775">
        <ele>43.615</ele>
        <time>2024-12-31T12:38:00Z</time>
      </trkpt>
      <trkpt lat="41.657805" lon="2.727796">
        <ele>44.314</ele>
        <time>2024-12-31T12:38:08Z</time>
      </trkpt>
      <trkpt lat="41.657764" lon="2.727826">
        <ele>44.736</ele>
        <time>2024-12-31T12:38:16Z</time>
      </trkpt>
      <trkpt lat="41.657738" lon="2.727839">
        <ele>45.043</ele>
        <time>2024-12-31T12:38:21Z</time>
      </trkpt>
      <trkpt lat="41.657693" lon="2.727852">
        <ele>45.720</ele>
        <time>2024-12-31T12:38:28Z</time>
      </trkpt>
      <trkpt lat="41.657644" lon="2.727883">
        <ele>46.321</ele>
        <time>2024-12-31T12:38:36Z</time>
      </trkpt>
      <trkpt lat="41.657596" lon="2.727905">
        <ele>47.128</ele>
        <time>2024-12-31T12:38:44Z</time>
      </trkpt>
      <trkpt lat="41.657565" lon="2.727920">
        <ele>47.771</ele>
        <time>2024-12-31T12:38:49Z</time>
      </trkpt>
      <trkpt lat="41.657533" lon="2.727936">
        <ele>48.314</ele>
        <time>2024-12-31T12:38:53Z</time>
      </trkpt>
      <trkpt lat="41.657507" lon="2.727950">
        <ele>48.954</ele>
        <time>2024-12-31T12:38:56Z</time>
      </trkpt>
      <trkpt lat="41.657483" lon="2.727967">
        <ele>49.309</ele>
        <time>2024-12-31T12:39:02Z</time>
      </trkpt>
      <trkpt lat="41.657439" lon="2.727989">
        <ele>50.209</ele>
        <time>2024-12-31T12:39:08Z</time>
      </trkpt>
      <trkpt lat="41.657397" lon="2.728022">
        <ele>50.972</ele>
        <time>2024-12-31T12:39:16Z</time>
      </trkpt>
      <trkpt lat="41.657372" lon="2.728044">
        <ele>51.380</ele>
        <time>2024-12-31T12:39:20Z</time>
      </trkpt>
      <trkpt lat="41.657348" lon="2.728064">
        <ele>51.859</ele>
        <time>2024-12-31T12:39:26Z</time>
      </trkpt>
      <trkpt lat="41.657304" lon="2.728094">
        <ele>52.961</ele>
        <time>2024-12-31T12:39:35Z</time>
      </trkpt>
      <trkpt lat="41.657259" lon="2.728110">
        <ele>53.968</ele>
        <time>2024-12-31T12:39:43Z</time>
      </trkpt>
      <trkpt lat="41.657233" lon="2.728124">
        <ele>54.565</ele>
        <time>2024-12-31T12:39:47Z</time>
      </trkpt>
      <trkpt lat="41.657206" lon="2.728141">
        <ele>55.256</ele>
        <time>2024-12-31T12:39:50Z</time>
      </trkpt>
      <trkpt lat="41.657162" lon="2.728178">
        <ele>56.143</ele>
        <time>2024-12-31T12:40:00Z</time>
      </trkpt>
      <trkpt lat="41.657118" lon="2.728205">
        <ele>56.996</ele>
        <time>2024-12-31T12:40:09Z</time>
      </trkpt>
      <trkpt lat="41.657070" lon="2.728221">
        <ele>57.549</ele>
        <time>2024-12-31T12:40:20Z</time>
      </trkpt>
      <trkpt lat="41.657023" lon="2.728215">
        <ele>58.102</ele>
        <time>2024-12-31T12:40:30Z</time>
      </trkpt>
      <trkpt lat="41.656985" lon="2.728224">
        <ele>58.522</ele>
        <time>2024-12-31T12:40:39Z</time>
      </trkpt>
      <trkpt lat="41.656938" lon="2.728218">
        <ele>59.109</ele>
        <time>2024-12-31T12:40:48Z</time>
      </trkpt>
      <trkpt lat="41.656897" lon="2.728215">
        <ele>59.755</ele>
        <time>2024-12-31T12:40:56Z</time>
      </trkpt>
      <trkpt lat="41.656848" lon="2.728219">
        <ele>60.593</ele>
        <time>2024-12-31T12:41:07Z</time>
      </trkpt>
      <trkpt lat="41.656799" lon="2.728210">
        <ele>61.372</ele>
        <time>2024-12-31T12:41:16Z</time>
      </trkpt>
      <trkpt lat="41.656750" lon="2.728199">
        <ele>62.134</ele>
        <time>2024-12-31T12:41:26Z</time>
      </trkpt>
      <trkpt lat="41.656719" lon="2.728189">
        <ele>62.731</ele>
        <time>2024-12-31T12:41:30Z</time>
      </trkpt>
      <trkpt lat="41.656673" lon="2.728167">
        <ele>63.798</ele>
        <time>2024-12-31T12:41:41Z</time>
      </trkpt>
      <trkpt lat="41.656635" lon="2.728178">
        <ele>64.539</ele>
        <time>2024-12-31T12:41:49Z</time>
      </trkpt>
      <trkpt lat="41.656588" lon="2.728205">
        <ele>65.386</ele>
        <time>2024-12-31T12:41:56Z</time>
      </trkpt>
      <trkpt lat="41.656546" lon="2.728232">
        <ele>66.019</ele>
        <time>2024-12-31T12:42:04Z</time>
      </trkpt>
      <trkpt lat="41.656500" lon="2.728249">
        <ele>66.961</ele>
        <time>2024-12-31T12:42:12Z</time>
      </trkpt>
      <trkpt lat="41.656457" lon="2.728274">
        <ele>67.521</ele>
        <time>2024-12-31T12:42:21Z</time>
      </trkpt>
      <trkpt lat="41.656432" lon="2.728290">
        <ele>67.813</ele>
        <time>2024-12-31T12:42:25Z</time>
      </trkpt>
      <trkpt lat="41.656396" lon="2.728329">
        <ele>67.909</ele>
        <time>2024-12-31T12:42:35Z</time>
      </trkpt>
      <trkpt lat="41.656353" lon="2.728355">
        <ele>69.117</ele>
        <time>2024-12-31T12:42:40Z</time>
      </trkpt>
      <trkpt lat="41.656317" lon="2.728376">
        <ele>70.355</ele>
        <time>2024-12-31T12:42:44Z</time>
      </trkpt>
      <trkpt lat="41.656271" lon="2.728390">
        <ele>71.834</ele>
        <time>2024-12-31T12:42:51Z</time>
      </trkpt>
      <trkpt lat="41.656246" lon="2.728432">
        <ele>72.436</ele>
        <time>2024-12-31T12:42:58Z</time>
      </trkpt>
      <trkpt lat="41.656229" lon="2.728466">
        <ele>72.843</ele>
        <time>2024-12-31T12:43:03Z</time>
      </trkpt>
      <trkpt lat="41.656189" lon="2.728508">
        <ele>73.980</ele>
        <time>2024-12-31T12:43:08Z</time>
      </trkpt>
      <trkpt lat="41.656165" lon="2.728536">
        <ele>74.691</ele>
        <time>2024-12-31T12:43:12Z</time>
      </trkpt>
      <trkpt lat="41.656142" lon="2.728560">
        <ele>75.388</ele>
        <time>2024-12-31T12:43:14Z</time>
      </trkpt>
      <trkpt lat="41.656120" lon="2.728585">
        <ele>75.921</ele>
        <time>2024-12-31T12:43:18Z</time>
      </trkpt>
      <trkpt lat="41.656090" lon="2.728634">
        <ele>76.587</ele>
        <time>2024-12-31T12:43:23Z</time>
      </trkpt>
      <trkpt lat="41.656076" lon="2.728666">
        <ele>76.642</ele>
        <time>2024-12-31T12:43:26Z</time>
      </trkpt>
      <trkpt lat="41.656060" lon="2.728705">
        <ele>76.826</ele>
        <time>2024-12-31T12:43:29Z</time>
      </trkpt>
      <trkpt lat="41.656044" lon="2.728742">
        <ele>76.909</ele>
        <time>2024-12-31T12:43:33Z</time>
      </trkpt>
      <trkpt lat="41.656024" lon="2.728776">
        <ele>77.289</ele>
        <time>2024-12-31T12:43:36Z</time>
      </trkpt>
      <trkpt lat="41.656009" lon="2.728812">
        <ele>77.257</ele>
        <time>2024-12-31T12:43:39Z</time>
      </trkpt>
      <trkpt lat="41.655983" lon="2.728874">
        <ele>77.396</ele>
        <time>2024-12-31T12:43:44Z</time>
      </trkpt>
      <trkpt lat="41.655964" lon="2.728906">
        <ele>77.478</ele>
        <time>2024-12-31T12:43:47Z</time>
      </trkpt>
      <trkpt lat="41.655943" lon="2.728937">
        <ele>77.445</ele>
        <time>2024-12-31T12:43:51Z</time>
      </trkpt>
      <trkpt lat="41.655920" lon="2.728967">
        <ele>77.572</ele>
        <time>2024-12-31T12:43:55Z</time>
      </trkpt>
      <trkpt lat="41.655897" lon="2.728996">
        <ele>77.593</ele>
        <time>2024-12-31T12:43:58Z</time>
      </trkpt>
      <trkpt lat="41.655884" lon="2.729030">
        <ele>77.170</ele>
        <time>2024-12-31T12:44:01Z</time>
      </trkpt>
      <trkpt lat="41.655868" lon="2.729066">
        <ele>76.783</ele>
        <time>2024-12-31T12:44:05Z</time>
      </trkpt>
      <trkpt lat="41.655855" lon="2.729113">
        <ele>75.897</ele>
        <time>2024-12-31T12:44:09Z</time>
      </trkpt>
      <trkpt lat="41.655838" lon="2.729144">
        <ele>75.523</ele>
        <time>2024-12-31T12:44:12Z</time>
      </trkpt>
      <trkpt lat="41.655827" lon="2.729184">
        <ele>74.925</ele>
        <time>2024-12-31T12:44:15Z</time>
      </trkpt>
      <trkpt lat="41.655816" lon="2.729235">
        <ele>74.409</ele>
        <time>2024-12-31T12:44:19Z</time>
      </trkpt>
      <trkpt lat="41.655805" lon="2.729273">
        <ele>74.180</ele>
        <time>2024-12-31T12:44:22Z</time>
      </trkpt>
      <trkpt lat="41.655785" lon="2.729338">
        <ele>73.438</ele>
        <time>2024-12-31T12:44:27Z</time>
      </trkpt>
      <trkpt lat="41.655765" lon="2.729400">
        <ele>72.777</ele>
        <time>2024-12-31T12:44:32Z</time>
      </trkpt>
      <trkpt lat="41.655736" lon="2.729456">
        <ele>72.219</ele>
        <time>2024-12-31T12:44:36Z</time>
      </trkpt>
      <trkpt lat="41.655708" lon="2.729503">
        <ele>71.946</ele>
        <time>2024-12-31T12:44:40Z</time>
      </trkpt>
      <trkpt lat="41.655668" lon="2.729556">
        <ele>71.553</ele>
        <time>2024-12-31T12:44:45Z</time>
      </trkpt>
      <trkpt lat="41.655641" lon="2.729584">
        <ele>71.424</ele>
        <time>2024-12-31T12:44:48Z</time>
      </trkpt>
      <trkpt lat="41.655618" lon="2.729608">
        <ele>71.391</ele>
        <time>2024-12-31T12:44:51Z</time>
      </trkpt>
      <trkpt lat="41.655601" lon="2.729637">
        <ele>71.084</ele>
        <time>2024-12-31T12:44:54Z</time>
      </trkpt>
      <trkpt lat="41.655580" lon="2.729661">
        <ele>70.865</ele>
        <time>2024-12-31T12:44:56Z</time>
      </trkpt>
      <trkpt lat="41.655535" lon="2.729696">
        <ele>70.968</ele>
        <time>2024-12-31T12:45:02Z</time>
      </trkpt>
      <trkpt lat="41.655490" lon="2.729748">
        <ele>71.114</ele>
        <time>2024-12-31T12:45:07Z</time>
      </trkpt>
      <trkpt lat="41.655464" lon="2.729773">
        <ele>71.209</ele>
        <time>2024-12-31T12:45:10Z</time>
      </trkpt>
      <trkpt lat="41.655436" lon="2.729798">
        <ele>71.417</ele>
        <time>2024-12-31T12:45:13Z</time>
      </trkpt>
      <trkpt lat="41.655417" lon="2.729831">
        <ele>71.295</ele>
        <time>2024-12-31T12:45:16Z</time>
      </trkpt>
      <trkpt lat="41.655390" lon="2.729882">
        <ele>70.844</ele>
        <time>2024-12-31T12:45:21Z</time>
      </trkpt>
      <trkpt lat="41.655376" lon="2.729914">
        <ele>70.576</ele>
        <time>2024-12-31T12:45:23Z</time>
      </trkpt>
      <trkpt lat="41.655362" lon="2.729949">
        <ele>70.093</ele>
        <time>2024-12-31T12:45:26Z</time>
      </trkpt>
      <trkpt lat="41.655348" lon="2.729983">
        <ele>69.630</ele>
        <time>2024-12-31T12:45:28Z</time>
      </trkpt>
      <trkpt lat="41.655333" lon="2.730015">
        <ele>69.331</ele>
        <time>2024-12-31T12:45:31Z</time>
      </trkpt>
      <trkpt lat="41.655320" lon="2.730047">
        <ele>69.178</ele>
        <time>2024-12-31T12:45:33Z</time>
      </trkpt>
      <trkpt lat="41.655315" lon="2.730090">
        <ele>68.781</ele>
        <time>2024-12-31T12:45:37Z</time>
      </trkpt>
      <trkpt lat="41.655314" lon="2.730128">
        <ele>68.318</ele>
        <time>2024-12-31T12:45:39Z</time>
      </trkpt>
      <trkpt lat="41.655320" lon="2.730167">
        <ele>67.898</ele>
        <time>2024-12-31T12:45:42Z</time>
      </trkpt>
      <trkpt lat="41.655322" lon="2.730208">
        <ele>67.417</ele>
        <time>2024-12-31T12:45:47Z</time>
      </trkpt>
      <trkpt lat="41.655319" lon="2.730245">
        <ele>67.009</ele>
        <time>2024-12-31T12:45:50Z</time>
      </trkpt>
      <trkpt lat="41.655313" lon="2.730282">
        <ele>66.752</ele>
        <time>2024-12-31T12:45:53Z</time>
      </trkpt>
      <trkpt lat="41.655312" lon="2.730320">
        <ele>66.220</ele>
        <time>2024-12-31T12:45:57Z</time>
      </trkpt>
      <trkpt lat="41.655315" lon="2.730358">
        <ele>65.719</ele>
        <time>2024-12-31T12:46:00Z</time>
      </trkpt>
      <trkpt lat="41.655331" lon="2.730434">
        <ele>64.631</ele>
        <time>2024-12-31T12:46:07Z</time>
      </trkpt>
      <trkpt lat="41.655337" lon="2.730499">
        <ele>63.788</ele>
        <time>2024-12-31T12:46:11Z</time>
      </trkpt>
      <trkpt lat="41.655337" lon="2.730541">
        <ele>63.245</ele>
        <time>2024-12-31T12:46:14Z</time>
      </trkpt>
      <trkpt lat="41.655347" lon="2.730575">
        <ele>62.916</ele>
        <time>2024-12-31T12:46:17Z</time>
      </trkpt>
      <trkpt lat="41.655353" lon="2.730617">
        <ele>62.643</ele>
        <time>2024-12-31T12:46:20Z</time>
      </trkpt>
      <trkpt lat="41.655361" lon="2.730657">
        <ele>62.396</ele>
        <time>2024-12-31T12:46:23Z</time>
      </trkpt>
      <trkpt lat="41.655367" lon="2.730697">
        <ele>62.028</ele>
        <time>2024-12-31T12:46:26Z</time>
      </trkpt>
      <trkpt lat="41.655374" lon="2.730757">
        <ele>61.689</ele>
        <time>2024-12-31T12:46:30Z</time>
      </trkpt>
      <trkpt lat="41.655375" lon="2.730796">
        <ele>61.317</ele>
        <time>2024-12-31T12:46:32Z</time>
      </trkpt>
      <trkpt lat="41.655372" lon="2.730837">
        <ele>61.009</ele>
        <time>2024-12-31T12:46:35Z</time>
      </trkpt>
      <trkpt lat="41.655366" lon="2.730878">
        <ele>60.613</ele>
        <time>2024-12-31T12:46:38Z</time>
      </trkpt>
      <trkpt lat="41.655359" lon="2.730919">
        <ele>60.391</ele>
        <time>2024-12-31T12:46:41Z</time>
      </trkpt>
      <trkpt lat="41.655363" lon="2.730958">
        <ele>59.910</ele>
        <time>2024-12-31T12:46:44Z</time>
      </trkpt>
      <trkpt lat="41.655363" lon="2.730995">
        <ele>59.642</ele>
        <time>2024-12-31T12:46:46Z</time>
      </trkpt>
      <trkpt lat="41.655381" lon="2.731053">
        <ele>59.219</ele>
        <time>2024-12-31T12:46:51Z</time>
      </trkpt>
      <trkpt lat="41.655384" lon="2.731096">
        <ele>58.916</ele>
        <time>2024-12-31T12:46:54Z</time>
      </trkpt>
      <trkpt lat="41.655378" lon="2.731134">
        <ele>58.787</ele>
        <time>2024-12-31T12:46:57Z</time>
      </trkpt>
      <trkpt lat="41.655366" lon="2.731176">
        <ele>58.514</ele>
        <time>2024-12-31T12:47:00Z</time>
      </trkpt>
      <trkpt lat="41.655364" lon="2.731214">
        <ele>58.497</ele>
        <time>2024-12-31T12:47:03Z</time>
      </trkpt>
      <trkpt lat="41.655355" lon="2.731289">
        <ele>58.232</ele>
        <time>2024-12-31T12:47:11Z</time>
      </trkpt>
      <trkpt lat="41.655354" lon="2.731331">
        <ele>58.192</ele>
        <time>2024-12-31T12:47:14Z</time>
      </trkpt>
      <trkpt lat="41.655351" lon="2.731373">
        <ele>58.011</ele>
        <time>2024-12-31T12:47:17Z</time>
      </trkpt>
      <trkpt lat="41.655349" lon="2.731413">
        <ele>58.009</ele>
        <time>2024-12-31T12:47:20Z</time>
      </trkpt>
      <trkpt lat="41.655347" lon="2.731452">
        <ele>58.114</ele>
        <time>2024-12-31T12:47:23Z</time>
      </trkpt>
      <trkpt lat="41.655345" lon="2.731490">
        <ele>58.192</ele>
        <time>2024-12-31T12:47:25Z</time>
      </trkpt>
      <trkpt lat="41.655347" lon="2.731530">
        <ele>58.171</ele>
        <time>2024-12-31T12:47:28Z</time>
      </trkpt>
      <trkpt lat="41.655353" lon="2.731568">
        <ele>58.263</ele>
        <time>2024-12-31T12:47:31Z</time>
      </trkpt>
      <trkpt lat="41.655346" lon="2.731608">
        <ele>58.210</ele>
        <time>2024-12-31T12:47:34Z</time>
      </trkpt>
      <trkpt lat="41.655347" lon="2.731649">
        <ele>58.277</ele>
        <time>2024-12-31T12:47:37Z</time>
      </trkpt>
      <trkpt lat="41.655345" lon="2.731688">
        <ele>58.198</ele>
        <time>2024-12-31T12:47:40Z</time>
      </trkpt>
      <trkpt lat="41.655346" lon="2.731725">
        <ele>57.915</ele>
        <time>2024-12-31T12:47:43Z</time>
      </trkpt>
      <trkpt lat="41.655347" lon="2.731770">
        <ele>57.638</ele>
        <time>2024-12-31T12:47:46Z</time>
      </trkpt>
      <trkpt lat="41.655351" lon="2.731809">
        <ele>57.494</ele>
        <time>2024-12-31T12:47:48Z</time>
      </trkpt>
      <trkpt lat="41.655352" lon="2.731850">
        <ele>57.157</ele>
        <time>2024-12-31T12:47:51Z</time>
      </trkpt>
      <trkpt lat="41.655345" lon="2.731889">
        <ele>56.822</ele>
        <time>2024-12-31T12:47:54Z</time>
      </trkpt>
      <trkpt lat="41.655289" lon="2.731906">
        <ele>56.409</ele>
        <time>2024-12-31T12:47:59Z</time>
      </trkpt>
      <trkpt lat="41.655258" lon="2.731910">
        <ele>55.830</ele>
        <time>2024-12-31T12:48:02Z</time>
      </trkpt>
      <trkpt lat="41.655211" lon="2.731871">
        <ele>55.238</ele>
        <time>2024-12-31T12:48:07Z</time>
      </trkpt>
      <trkpt lat="41.655165" lon="2.731850">
        <ele>54.447</ele>
        <time>2024-12-31T12:48:12Z</time>
      </trkpt>
      <trkpt lat="41.655140" lon="2.731836">
        <ele>54.049</ele>
        <time>2024-12-31T12:48:14Z</time>
      </trkpt>
      <trkpt lat="41.655111" lon="2.731837">
        <ele>53.436</ele>
        <time>2024-12-31T12:48:19Z</time>
      </trkpt>
      <trkpt lat="41.655079" lon="2.731823">
        <ele>52.963</ele>
        <time>2024-12-31T12:48:24Z</time>
      </trkpt>
      <trkpt lat="41.655030" lon="2.731819">
        <ele>52.074</ele>
        <time>2024-12-31T12:48:28Z</time>
      </trkpt>
      <trkpt lat="41.655000" lon="2.731814">
        <ele>51.411</ele>
        <time>2024-12-31T12:48:35Z</time>
      </trkpt>
      <trkpt lat="41.654973" lon="2.731805">
        <ele>51.264</ele>
        <time>2024-12-31T12:48:42Z</time>
      </trkpt>
      <trkpt lat="41.654944" lon="2.731799">
        <ele>51.044</ele>
        <time>2024-12-31T12:48:47Z</time>
      </trkpt>
      <trkpt lat="41.654899" lon="2.731831">
        <ele>50.105</ele>
        <time>2024-12-31T12:48:54Z</time>
      </trkpt>
      <trkpt lat="41.654870" lon="2.731827">
        <ele>49.915</ele>
        <time>2024-12-31T12:48:58Z</time>
      </trkpt>
      <trkpt lat="41.654832" lon="2.731812">
        <ele>49.609</ele>
        <time>2024-12-31T12:49:07Z</time>
      </trkpt>
      <trkpt lat="41.654787" lon="2.731815">
        <ele>49.185</ele>
        <time>2024-12-31T12:49:17Z</time>
      </trkpt>
      <trkpt lat="41.654759" lon="2.731816">
        <ele>48.813</ele>
        <time>2024-12-31T12:49:23Z</time>
      </trkpt>
      <trkpt lat="41.654731" lon="2.731818">
        <ele>48.532</ele>
        <time>2024-12-31T12:49:26Z</time>
      </trkpt>
      <trkpt lat="41.654703" lon="2.731837">
        <ele>47.924</ele>
        <time>2024-12-31T12:49:33Z</time>
      </trkpt>
      <trkpt lat="41.654653" lon="2.731846">
        <ele>47.261</ele>
        <time>2024-12-31T12:49:41Z</time>
      </trkpt>
      <trkpt lat="41.654625" lon="2.731844">
        <ele>46.868</ele>
        <time>2024-12-31T12:49:44Z</time>
      </trkpt>
      <trkpt lat="41.654594" lon="2.731836">
        <ele>46.569</ele>
        <time>2024-12-31T12:49:52Z</time>
      </trkpt>
      <trkpt lat="41.654564" lon="2.731824">
        <ele>46.376</ele>
        <time>2024-12-31T12:49:56Z</time>
      </trkpt>
      <trkpt lat="41.654537" lon="2.731814">
        <ele>46.159</ele>
        <time>2024-12-31T12:49:59Z</time>
      </trkpt>
      <trkpt lat="41.654510" lon="2.731801">
        <ele>45.971</ele>
        <time>2024-12-31T12:50:02Z</time>
      </trkpt>
      <trkpt lat="41.654477" lon="2.731786">
        <ele>45.741</ele>
        <time>2024-12-31T12:50:06Z</time>
      </trkpt>
      <trkpt lat="41.654451" lon="2.731771">
        <ele>45.615</ele>
        <time>2024-12-31T12:50:08Z</time>
      </trkpt>
      <trkpt lat="41.654401" lon="2.731748">
        <ele>45.409</ele>
        <time>2024-12-31T12:50:13Z</time>
      </trkpt>
      <trkpt lat="41.654369" lon="2.731781">
        <ele>44.528</ele>
        <time>2024-12-31T12:50:16Z</time>
      </trkpt>
      <trkpt lat="41.654351" lon="2.731847">
        <ele>43.416</ele>
        <time>2024-12-31T12:50:22Z</time>
      </trkpt>
      <trkpt lat="41.654336" lon="2.731911">
        <ele>42.365</ele>
        <time>2024-12-31T12:50:32Z</time>
      </trkpt>
      <trkpt lat="41.654334" lon="2.731949">
        <ele>41.717</ele>
        <time>2024-12-31T12:50:35Z</time>
      </trkpt>
      <trkpt lat="41.654327" lon="2.732020">
        <ele>40.614</ele>
        <time>2024-12-31T12:50:42Z</time>
      </trkpt>
      <trkpt lat="41.654325" lon="2.732059">
        <ele>40.191</ele>
        <time>2024-12-31T12:50:45Z</time>
      </trkpt>
      <trkpt lat="41.654319" lon="2.732100">
        <ele>39.492</ele>
        <time>2024-12-31T12:50:47Z</time>
      </trkpt>
      <trkpt lat="41.654314" lon="2.732139">
        <ele>38.869</ele>
        <time>2024-12-31T12:50:51Z</time>
      </trkpt>
      <trkpt lat="41.654310" lon="2.732177">
        <ele>38.222</ele>
        <time>2024-12-31T12:50:53Z</time>
      </trkpt>
      <trkpt lat="41.654305" lon="2.732217">
        <ele>37.638</ele>
        <time>2024-12-31T12:50:56Z</time>
      </trkpt>
      <trkpt lat="41.654298" lon="2.732256">
        <ele>37.470</ele>
        <time>2024-12-31T12:50:59Z</time>
      </trkpt>
      <trkpt lat="41.654290" lon="2.732293">
        <ele>37.217</ele>
        <time>2024-12-31T12:51:02Z</time>
      </trkpt>
      <trkpt lat="41.654281" lon="2.732371">
        <ele>37.009</ele>
        <time>2024-12-31T12:51:07Z</time>
      </trkpt>
      <trkpt lat="41.654279" lon="2.732410">
        <ele>36.914</ele>
        <time>2024-12-31T12:51:10Z</time>
      </trkpt>
      <trkpt lat="41.654276" lon="2.732446">
        <ele>36.942</ele>
        <time>2024-12-31T12:51:13Z</time>
      </trkpt>
      <trkpt lat="41.654270" lon="2.732485">
        <ele>36.861</ele>
        <time>2024-12-31T12:51:15Z</time>
      </trkpt>
      <trkpt lat="41.654263" lon="2.732524">
        <ele>36.763</ele>
        <time>2024-12-31T12:51:18Z</time>
      </trkpt>
      <trkpt lat="41.654259" lon="2.732564">
        <ele>36.690</ele>
        <time>2024-12-31T12:51:21Z</time>
      </trkpt>
      <trkpt lat="41.654251" lon="2.732605">
        <ele>36.527</ele>
        <time>2024-12-31T12:51:23Z</time>
      </trkpt>
      <trkpt lat="41.654240" lon="2.732643">
        <ele>36.318</ele>
        <time>2024-12-31T12:51:26Z</time>
      </trkpt>
      <trkpt lat="41.654223" lon="2.732680">
        <ele>36.055</ele>
        <time>2024-12-31T12:51:29Z</time>
      </trkpt>
      <trkpt lat="41.654210" lon="2.732717">
        <ele>35.898</ele>
        <time>2024-12-31T12:51:32Z</time>
      </trkpt>
      <trkpt lat="41.654191" lon="2.732749">
        <ele>35.462</ele>
        <time>2024-12-31T12:51:35Z</time>
      </trkpt>
      <trkpt lat="41.654165" lon="2.732776">
        <ele>35.083</ele>
        <time>2024-12-31T12:51:39Z</time>
      </trkpt>
      <trkpt lat="41.654141" lon="2.732806">
        <ele>34.711</ele>
        <time>2024-12-31T12:51:41Z</time>
      </trkpt>
      <trkpt lat="41.654120" lon="2.732839">
        <ele>34.409</ele>
        <time>2024-12-31T12:51:45Z</time>
      </trkpt>
      <trkpt lat="41.654073" lon="2.732877">
        <ele>33.967</ele>
        <time>2024-12-31T12:51:49Z</time>
      </trkpt>
      <trkpt lat="41.654045" lon="2.732893">
        <ele>33.765</ele>
        <time>2024-12-31T12:51:52Z</time>
      </trkpt>
      <trkpt lat="41.654016" lon="2.732909">
        <ele>33.594</ele>
        <time>2024-12-31T12:51:55Z</time>
      </trkpt>
      <trkpt lat="41.653985" lon="2.732923">
        <ele>33.396</ele>
        <time>2024-12-31T12:51:58Z</time>
      </trkpt>
      <trkpt lat="41.653935" lon="2.732947">
        <ele>32.943</ele>
        <time>2024-12-31T12:52:03Z</time>
      </trkpt>
      <trkpt lat="41.653907" lon="2.732964">
        <ele>32.730</ele>
        <time>2024-12-31T12:52:06Z</time>
      </trkpt>
      <trkpt lat="41.653863" lon="2.732988">
        <ele>32.681</ele>
        <time>2024-12-31T12:52:10Z</time>
      </trkpt>
      <trkpt lat="41.653838" lon="2.733005">
        <ele>32.598</ele>
        <time>2024-12-31T12:52:12Z</time>
      </trkpt>
      <trkpt lat="41.653814" lon="2.733023">
        <ele>32.551</ele>
        <time>2024-12-31T12:52:15Z</time>
      </trkpt>
      <trkpt lat="41.653785" lon="2.733046">
        <ele>32.423</ele>
        <time>2024-12-31T12:52:18Z</time>
      </trkpt>
      <trkpt lat="41.653741" lon="2.733086">
        <ele>32.483</ele>
        <time>2024-12-31T12:52:23Z</time>
      </trkpt>
      <trkpt lat="41.653713" lon="2.733106">
        <ele>32.311</ele>
        <time>2024-12-31T12:52:26Z</time>
      </trkpt>
      <trkpt lat="41.653688" lon="2.733126">
        <ele>32.309</ele>
        <time>2024-12-31T12:52:29Z</time>
      </trkpt>
      <trkpt lat="41.653649" lon="2.733156">
        <ele>32.223</ele>
        <time>2024-12-31T12:52:33Z</time>
      </trkpt>
      <trkpt lat="41.653619" lon="2.733176">
        <ele>32.161</ele>
        <time>2024-12-31T12:52:36Z</time>
      </trkpt>
      <trkpt lat="41.653588" lon="2.733201">
        <ele>31.920</ele>
        <time>2024-12-31T12:52:39Z</time>
      </trkpt>
      <trkpt lat="41.653565" lon="2.733233">
        <ele>31.632</ele>
        <time>2024-12-31T12:52:43Z</time>
      </trkpt>
      <trkpt lat="41.653546" lon="2.733261">
        <ele>31.329</ele>
        <time>2024-12-31T12:52:45Z</time>
      </trkpt>
      <trkpt lat="41.653528" lon="2.733296">
        <ele>31.046</ele>
        <time>2024-12-31T12:52:49Z</time>
      </trkpt>
      <trkpt lat="41.653488" lon="2.733315">
        <ele>30.717</ele>
        <time>2024-12-31T12:52:52Z</time>
      </trkpt>
      <trkpt lat="41.653459" lon="2.733338">
        <ele>30.494</ele>
        <time>2024-12-31T12:52:55Z</time>
      </trkpt>
      <trkpt lat="41.653422" lon="2.733372">
        <ele>30.197</ele>
        <time>2024-12-31T12:53:01Z</time>
      </trkpt>
      <trkpt lat="41.653392" lon="2.733392">
        <ele>29.823</ele>
        <time>2024-12-31T12:53:04Z</time>
      </trkpt>
      <trkpt lat="41.653367" lon="2.733411">
        <ele>29.683</ele>
        <time>2024-12-31T12:53:07Z</time>
      </trkpt>
      <trkpt lat="41.653345" lon="2.733434">
        <ele>29.311</ele>
        <time>2024-12-31T12:53:09Z</time>
      </trkpt>
      <trkpt lat="41.653304" lon="2.733469">
        <ele>28.909</ele>
        <time>2024-12-31T12:53:15Z</time>
      </trkpt>
      <trkpt lat="41.653262" lon="2.733507">
        <ele>28.673</ele>
        <time>2024-12-31T12:53:20Z</time>
      </trkpt>
      <trkpt lat="41.653242" lon="2.733532">
        <ele>28.471</ele>
        <time>2024-12-31T12:53:23Z</time>
      </trkpt>
      <trkpt lat="41.653209" lon="2.733547">
        <ele>28.370</ele>
        <time>2024-12-31T12:53:26Z</time>
      </trkpt>
      <trkpt lat="41.653186" lon="2.733575">
        <ele>28.182</ele>
        <time>2024-12-31T12:53:29Z</time>
      </trkpt>
      <trkpt lat="41.653161" lon="2.733606">
        <ele>28.049</ele>
        <time>2024-12-31T12:53:32Z</time>
      </trkpt>
      <trkpt lat="41.653140" lon="2.733633">
        <ele>28.016</ele>
        <time>2024-12-31T12:53:35Z</time>
      </trkpt>
      <trkpt lat="41.653110" lon="2.733646">
        <ele>28.017</ele>
        <time>2024-12-31T12:53:38Z</time>
      </trkpt>
      <trkpt lat="41.653083" lon="2.733651">
        <ele>28.074</ele>
        <time>2024-12-31T12:53:40Z</time>
      </trkpt>
      <trkpt lat="41.653056" lon="2.733650">
        <ele>28.077</ele>
        <time>2024-12-31T12:53:43Z</time>
      </trkpt>
      <trkpt lat="41.653008" lon="2.733658">
        <ele>27.879</ele>
        <time>2024-12-31T12:53:47Z</time>
      </trkpt>
      <trkpt lat="41.652971" lon="2.733661">
        <ele>27.705</ele>
        <time>2024-12-31T12:53:51Z</time>
      </trkpt>
      <trkpt lat="41.652942" lon="2.733668">
        <ele>27.625</ele>
        <time>2024-12-31T12:53:53Z</time>
      </trkpt>
      <trkpt lat="41.652913" lon="2.733674">
        <ele>27.509</ele>
        <time>2024-12-31T12:53:56Z</time>
      </trkpt>
      <trkpt lat="41.652881" lon="2.733679">
        <ele>27.488</ele>
        <time>2024-12-31T12:53:59Z</time>
      </trkpt>
      <trkpt lat="41.652854" lon="2.733691">
        <ele>27.346</ele>
        <time>2024-12-31T12:54:02Z</time>
      </trkpt>
      <trkpt lat="41.652825" lon="2.733706">
        <ele>27.255</ele>
        <time>2024-12-31T12:54:05Z</time>
      </trkpt>
      <trkpt lat="41.652779" lon="2.733740">
        <ele>27.017</ele>
        <time>2024-12-31T12:54:10Z</time>
      </trkpt>
      <trkpt lat="41.652754" lon="2.733779">
        <ele>26.974</ele>
        <time>2024-12-31T12:54:13Z</time>
      </trkpt>
      <trkpt lat="41.652728" lon="2.733795">
        <ele>26.811</ele>
        <time>2024-12-31T12:54:15Z</time>
      </trkpt>
      <trkpt lat="41.652701" lon="2.733811">
        <ele>26.792</ele>
        <time>2024-12-31T12:54:18Z</time>
      </trkpt>
      <trkpt lat="41.652670" lon="2.733826">
        <ele>26.629</ele>
        <time>2024-12-31T12:54:21Z</time>
      </trkpt>
      <trkpt lat="41.652641" lon="2.733841">
        <ele>26.542</ele>
        <time>2024-12-31T12:54:24Z</time>
      </trkpt>
      <trkpt lat="41.652586" lon="2.733862">
        <ele>26.313</ele>
        <time>2024-12-31T12:54:31Z</time>
      </trkpt>
      <trkpt lat="41.652556" lon="2.733880">
        <ele>26.243</ele>
        <time>2024-12-31T12:54:36Z</time>
      </trkpt>
      <trkpt lat="41.652528" lon="2.733901">
        <ele>26.107</ele>
        <time>2024-12-31T12:54:39Z</time>
      </trkpt>
      <trkpt lat="41.652487" lon="2.733926">
        <ele>25.809</ele>
        <time>2024-12-31T12:54:43Z</time>
      </trkpt>
      <trkpt lat="41.652456" lon="2.733956">
        <ele>25.662</ele>
        <time>2024-12-31T12:54:47Z</time>
      </trkpt>
      <trkpt lat="41.652433" lon="2.733977">
        <ele>25.490</ele>
        <time>2024-12-31T12:54:50Z</time>
      </trkpt>
      <trkpt lat="41.652413" lon="2.734007">
        <ele>25.359</ele>
        <time>2024-12-31T12:54:56Z</time>
      </trkpt>
      <trkpt lat="41.652367" lon="2.734047">
        <ele>25.091</ele>
        <time>2024-12-31T12:55:02Z</time>
      </trkpt>
      <trkpt lat="41.652327" lon="2.734077">
        <ele>24.738</ele>
        <time>2024-12-31T12:55:06Z</time>
      </trkpt>
      <trkpt lat="41.652280" lon="2.734101">
        <ele>24.415</ele>
        <time>2024-12-31T12:55:11Z</time>
      </trkpt>
      <trkpt lat="41.652221" lon="2.734117">
        <ele>24.216</ele>
        <time>2024-12-31T12:55:16Z</time>
      </trkpt>
      <trkpt lat="41.652182" lon="2.734139">
        <ele>24.033</ele>
        <time>2024-12-31T12:55:20Z</time>
      </trkpt>
      <trkpt lat="41.652121" lon="2.734180">
        <ele>23.636</ele>
        <time>2024-12-31T12:55:26Z</time>
      </trkpt>
      <trkpt lat="41.652096" lon="2.734196">
        <ele>23.479</ele>
        <time>2024-12-31T12:55:29Z</time>
      </trkpt>
      <trkpt lat="41.652068" lon="2.734226">
        <ele>23.205</ele>
        <time>2024-12-31T12:55:32Z</time>
      </trkpt>
      <trkpt lat="41.652035" lon="2.734248">
        <ele>23.025</ele>
        <time>2024-12-31T12:55:35Z</time>
      </trkpt>
      <trkpt lat="41.651968" lon="2.734296">
        <ele>22.609</ele>
        <time>2024-12-31T12:55:46Z</time>
      </trkpt>
      <trkpt lat="41.651911" lon="2.734349">
        <ele>22.178</ele>
        <time>2024-12-31T12:55:52Z</time>
      </trkpt>
      <trkpt lat="41.651866" lon="2.734365">
        <ele>21.736</ele>
        <time>2024-12-31T12:55:56Z</time>
      </trkpt>
      <trkpt lat="41.651830" lon="2.734371">
        <ele>21.475</ele>
        <time>2024-12-31T12:56:04Z</time>
      </trkpt>
      <trkpt lat="41.651802" lon="2.734379">
        <ele>21.257</ele>
        <time>2024-12-31T12:56:06Z</time>
      </trkpt>
      <trkpt lat="41.651775" lon="2.734395">
        <ele>21.054</ele>
        <time>2024-12-31T12:56:09Z</time>
      </trkpt>
      <trkpt lat="41.651744" lon="2.734424">
        <ele>20.631</ele>
        <time>2024-12-31T12:56:12Z</time>
      </trkpt>
      <trkpt lat="41.651711" lon="2.734440">
        <ele>20.332</ele>
        <time>2024-12-31T12:56:16Z</time>
      </trkpt>
      <trkpt lat="41.651669" lon="2.734461">
        <ele>20.099</ele>
        <time>2024-12-31T12:56:20Z</time>
      </trkpt>
      <trkpt lat="41.651625" lon="2.734486">
        <ele>19.922</ele>
        <time>2024-12-31T12:56:25Z</time>
      </trkpt>
      <trkpt lat="41.651597" lon="2.734512">
        <ele>19.862</ele>
        <time>2024-12-31T12:56:28Z</time>
      </trkpt>
      <trkpt lat="41.651562" lon="2.734528">
        <ele>19.783</ele>
        <time>2024-12-31T12:56:32Z</time>
      </trkpt>
      <trkpt lat="41.651525" lon="2.734553">
        <ele>19.611</ele>
        <time>2024-12-31T12:56:36Z</time>
      </trkpt>
      <trkpt lat="41.651492" lon="2.734575">
        <ele>19.509</ele>
        <time>2024-12-31T12:56:40Z</time>
      </trkpt>
      <trkpt lat="41.651462" lon="2.734587">
        <ele>19.517</ele>
        <time>2024-12-31T12:56:43Z</time>
      </trkpt>
      <trkpt lat="41.651423" lon="2.734613">
        <ele>19.445</ele>
        <time>2024-12-31T12:56:47Z</time>
      </trkpt>
      <trkpt lat="41.651382" lon="2.734638">
        <ele>19.314</ele>
        <time>2024-12-31T12:56:51Z</time>
      </trkpt>
      <trkpt lat="41.651354" lon="2.734654">
        <ele>19.356</ele>
        <time>2024-12-31T12:56:54Z</time>
      </trkpt>
      <trkpt lat="41.651321" lon="2.734672">
        <ele>19.233</ele>
        <time>2024-12-31T12:56:57Z</time>
      </trkpt>
      <trkpt lat="41.651291" lon="2.734679">
        <ele>19.210</ele>
        <time>2024-12-31T12:57:00Z</time>
      </trkpt>
      <trkpt lat="41.651264" lon="2.734699">
        <ele>19.171</ele>
        <time>2024-12-31T12:57:02Z</time>
      </trkpt>
      <trkpt lat="41.651218" lon="2.734725">
        <ele>19.058</ele>
        <time>2024-12-31T12:57:07Z</time>
      </trkpt>
      <trkpt lat="41.651191" lon="2.734750">
        <ele>18.861</ele>
        <time>2024-12-31T12:57:10Z</time>
      </trkpt>
      <trkpt lat="41.651136" lon="2.734775">
        <ele>18.649</ele>
        <time>2024-12-31T12:57:15Z</time>
      </trkpt>
      <trkpt lat="41.651100" lon="2.734789">
        <ele>18.502</ele>
        <time>2024-12-31T12:57:19Z</time>
      </trkpt>
      <trkpt lat="41.651067" lon="2.734798">
        <ele>18.422</ele>
        <time>2024-12-31T12:57:22Z</time>
      </trkpt>
      <trkpt lat="41.651034" lon="2.734813">
        <ele>18.309</ele>
        <time>2024-12-31T12:57:25Z</time>
      </trkpt>
      <trkpt lat="41.650991" lon="2.734834">
        <ele>18.075</ele>
        <time>2024-12-31T12:57:30Z</time>
      </trkpt>
      <trkpt lat="41.650965" lon="2.734855">
        <ele>17.863</ele>
        <time>2024-12-31T12:57:33Z</time>
      </trkpt>
      <trkpt lat="41.650928" lon="2.734893">
        <ele>17.472</ele>
        <time>2024-12-31T12:57:37Z</time>
      </trkpt>
      <trkpt lat="41.650886" lon="2.734918">
        <ele>17.014</ele>
        <time>2024-12-31T12:57:41Z</time>
      </trkpt>
      <trkpt lat="41.650853" lon="2.734949">
        <ele>16.681</ele>
        <time>2024-12-31T12:57:45Z</time>
      </trkpt>
      <trkpt lat="41.650819" lon="2.734984">
        <ele>16.218</ele>
        <time>2024-12-31T12:57:48Z</time>
      </trkpt>
      <trkpt lat="41.650788" lon="2.735016">
        <ele>15.929</ele>
        <time>2024-12-31T12:57:52Z</time>
      </trkpt>
      <trkpt lat="41.650757" lon="2.735045">
        <ele>15.626</ele>
        <time>2024-12-31T12:57:56Z</time>
      </trkpt>
      <trkpt lat="41.650728" lon="2.735062">
        <ele>15.569</ele>
        <time>2024-12-31T12:57:59Z</time>
      </trkpt>
      <trkpt lat="41.650693" lon="2.735067">
        <ele>15.427</ele>
        <time>2024-12-31T12:58:02Z</time>
      </trkpt>
      <trkpt lat="41.650665" lon="2.735061">
        <ele>15.468</ele>
        <time>2024-12-31T12:58:05Z</time>
      </trkpt>
      <trkpt lat="41.650636" lon="2.735058">
        <ele>15.414</ele>
        <time>2024-12-31T12:58:07Z</time>
      </trkpt>
      <trkpt lat="41.650604" lon="2.735059">
        <ele>15.409</ele>
        <time>2024-12-31T12:58:10Z</time>
      </trkpt>
      <trkpt lat="41.650577" lon="2.735068">
        <ele>15.323</ele>
        <time>2024-12-31T12:58:13Z</time>
      </trkpt>
      <trkpt lat="41.650548" lon="2.735086">
        <ele>15.121</ele>
        <time>2024-12-31T12:58:16Z</time>
      </trkpt>
      <trkpt lat="41.650515" lon="2.735094">
        <ele>15.070</ele>
        <time>2024-12-31T12:58:19Z</time>
      </trkpt>
      <trkpt lat="41.650483" lon="2.735098">
        <ele>15.042</ele>
        <time>2024-12-31T12:58:22Z</time>
      </trkpt>
      <trkpt lat="41.650449" lon="2.735103">
        <ele>15.069</ele>
        <time>2024-12-31T12:58:25Z</time>
      </trkpt>
      <trkpt lat="41.650422" lon="2.735101">
        <ele>15.196</ele>
        <time>2024-12-31T12:58:28Z</time>
      </trkpt>
      <trkpt lat="41.650374" lon="2.735080">
        <ele>15.387</ele>
        <time>2024-12-31T12:58:33Z</time>
      </trkpt>
      <trkpt lat="41.650347" lon="2.735076">
        <ele>15.444</ele>
        <time>2024-12-31T12:58:38Z</time>
      </trkpt>
      <trkpt lat="41.650318" lon="2.735071">
        <ele>15.577</ele>
        <time>2024-12-31T12:58:42Z</time>
      </trkpt>
      <trkpt lat="41.650288" lon="2.735077">
        <ele>15.436</ele>
        <time>2024-12-31T12:58:48Z</time>
      </trkpt>
      <trkpt lat="41.650272" lon="2.735121">
        <ele>15.117</ele>
        <time>2024-12-31T12:58:53Z</time>
      </trkpt>
      <trkpt lat="41.650269" lon="2.735158">
        <ele>14.818</ele>
        <time>2024-12-31T12:58:56Z</time>
      </trkpt>
      <trkpt lat="41.650260" lon="2.735208">
        <ele>14.409</ele>
        <time>2024-12-31T12:59:00Z</time>
      </trkpt>
      <trkpt lat="41.650251" lon="2.735243">
        <ele>14.294</ele>
        <time>2024-12-31T12:59:02Z</time>
      </trkpt>
      <trkpt lat="41.650235" lon="2.735308">
        <ele>13.832</ele>
        <time>2024-12-31T12:59:07Z</time>
      </trkpt>
      <trkpt lat="41.650213" lon="2.735362">
        <ele>13.581</ele>
        <time>2024-12-31T12:59:11Z</time>
      </trkpt>
      <trkpt lat="41.650185" lon="2.735384">
        <ele>13.413</ele>
        <time>2024-12-31T12:59:14Z</time>
      </trkpt>
      <trkpt lat="41.650137" lon="2.735421">
        <ele>13.210</ele>
        <time>2024-12-31T12:59:20Z</time>
      </trkpt>
      <trkpt lat="41.650107" lon="2.735451">
        <ele>13.177</ele>
        <time>2024-12-31T12:59:29Z</time>
      </trkpt>
      <trkpt lat="41.650081" lon="2.735464">
        <ele>13.158</ele>
        <time>2024-12-31T12:59:33Z</time>
      </trkpt>
      <trkpt lat="41.650056" lon="2.735486">
        <ele>13.165</ele>
        <time>2024-12-31T12:59:36Z</time>
      </trkpt>
      <trkpt lat="41.650011" lon="2.735492">
        <ele>13.028</ele>
        <time>2024-12-31T12:59:45Z</time>
      </trkpt>
      <trkpt lat="41.649962" lon="2.735498">
        <ele>13.081</ele>
        <time>2024-12-31T12:59:50Z</time>
      </trkpt>
      <trkpt lat="41.649918" lon="2.735520">
        <ele>13.061</ele>
        <time>2024-12-31T12:59:54Z</time>
      </trkpt>
      <trkpt lat="41.649891" lon="2.735532">
        <ele>13.017</ele>
        <time>2024-12-31T12:59:57Z</time>
      </trkpt>
      <trkpt lat="41.649863" lon="2.735551">
        <ele>13.009</ele>
        <time>2024-12-31T13:00:00Z</time>
      </trkpt>
      <trkpt lat="41.649827" lon="2.735577">
        <ele>13.199</ele>
        <time>2024-12-31T13:00:04Z</time>
      </trkpt>
      <trkpt lat="41.649764" lon="2.735600">
        <ele>13.297</ele>
        <time>2024-12-31T13:00:11Z</time>
      </trkpt>
      <trkpt lat="41.649717" lon="2.735631">
        <ele>13.326</ele>
        <time>2024-12-31T13:00:16Z</time>
      </trkpt>
      <trkpt lat="41.649680" lon="2.735671">
        <ele>13.368</ele>
        <time>2024-12-31T13:00:21Z</time>
      </trkpt>
      <trkpt lat="41.649645" lon="2.735708">
        <ele>13.325</ele>
        <time>2024-12-31T13:00:25Z</time>
      </trkpt>
      <trkpt lat="41.649616" lon="2.735731">
        <ele>13.242</ele>
        <time>2024-12-31T13:00:28Z</time>
      </trkpt>
      <trkpt lat="41.649568" lon="2.735758">
        <ele>13.253</ele>
        <time>2024-12-31T13:00:34Z</time>
      </trkpt>
      <trkpt lat="41.649535" lon="2.735771">
        <ele>13.160</ele>
        <time>2024-12-31T13:00:37Z</time>
      </trkpt>
      <trkpt lat="41.649505" lon="2.735778">
        <ele>13.043</ele>
        <time>2024-12-31T13:00:40Z</time>
      </trkpt>
      <trkpt lat="41.649458" lon="2.735791">
        <ele>12.994</ele>
        <time>2024-12-31T13:00:45Z</time>
      </trkpt>
      <trkpt lat="41.649430" lon="2.735805">
        <ele>13.057</ele>
        <time>2024-12-31T13:00:47Z</time>
      </trkpt>
      <trkpt lat="41.649395" lon="2.735809">
        <ele>13.122</ele>
        <time>2024-12-31T13:00:51Z</time>
      </trkpt>
      <trkpt lat="41.649365" lon="2.735813">
        <ele>13.209</ele>
        <time>2024-12-31T13:00:54Z</time>
      </trkpt>
      <trkpt lat="41.649334" lon="2.735823">
        <ele>13.420</ele>
        <time>2024-12-31T13:00:57Z</time>
      </trkpt>
      <trkpt lat="41.649307" lon="2.735840">
        <ele>13.568</ele>
        <time>2024-12-31T13:01:00Z</time>
      </trkpt>
      <trkpt lat="41.649281" lon="2.735859">
        <ele>13.797</ele>
        <time>2024-12-31T13:01:03Z</time>
      </trkpt>
      <trkpt lat="41.649237" lon="2.735894">
        <ele>13.979</ele>
        <time>2024-12-31T13:01:08Z</time>
      </trkpt>
      <trkpt lat="41.649210" lon="2.735914">
        <ele>13.926</ele>
        <time>2024-12-31T13:01:11Z</time>
      </trkpt>
      <trkpt lat="41.649174" lon="2.735934">
        <ele>14.053</ele>
        <time>2024-12-31T13:01:15Z</time>
      </trkpt>
      <trkpt lat="41.649145" lon="2.735959">
        <ele>14.034</ele>
        <time>2024-12-31T13:01:18Z</time>
      </trkpt>
      <trkpt lat="41.649112" lon="2.735984">
        <ele>14.011</ele>
        <time>2024-12-31T13:01:21Z</time>
      </trkpt>
      <trkpt lat="41.649081" lon="2.736006">
        <ele>14.044</ele>
        <time>2024-12-31T13:01:24Z</time>
      </trkpt>
      <trkpt lat="41.649049" lon="2.736022">
        <ele>14.091</ele>
        <time>2024-12-31T13:01:28Z</time>
      </trkpt>
      <trkpt lat="41.649001" lon="2.736037">
        <ele>14.081</ele>
        <time>2024-12-31T13:01:32Z</time>
      </trkpt>
      <trkpt lat="41.648970" lon="2.736053">
        <ele>14.019</ele>
        <time>2024-12-31T13:01:36Z</time>
      </trkpt>
      <trkpt lat="41.648936" lon="2.736070">
        <ele>14.009</ele>
        <time>2024-12-31T13:01:39Z</time>
      </trkpt>
      <trkpt lat="41.648884" lon="2.736110">
        <ele>14.080</ele>
        <time>2024-12-31T13:01:44Z</time>
      </trkpt>
      <trkpt lat="41.648853" lon="2.736139">
        <ele>13.778</ele>
        <time>2024-12-31T13:01:48Z</time>
      </trkpt>
      <trkpt lat="41.648828" lon="2.736157">
        <ele>13.557</ele>
        <time>2024-12-31T13:01:51Z</time>
      </trkpt>
      <trkpt lat="41.648788" lon="2.736180">
        <ele>13.149</ele>
        <time>2024-12-31T13:01:55Z</time>
      </trkpt>
      <trkpt lat="41.648740" lon="2.736211">
        <ele>12.716</ele>
        <time>2024-12-31T13:01:59Z</time>
      </trkpt>
      <trkpt lat="41.648704" lon="2.736248">
        <ele>12.323</ele>
        <time>2024-12-31T13:02:04Z</time>
      </trkpt>
      <trkpt lat="41.648659" lon="2.736286">
        <ele>11.974</ele>
        <time>2024-12-31T13:02:08Z</time>
      </trkpt>
      <trkpt lat="41.648634" lon="2.736303">
        <ele>11.731</ele>
        <time>2024-12-31T13:02:11Z</time>
      </trkpt>
      <trkpt lat="41.648610" lon="2.736321">
        <ele>11.584</ele>
        <time>2024-12-31T13:02:14Z</time>
      </trkpt>
      <trkpt lat="41.648585" lon="2.736345">
        <ele>11.451</ele>
        <time>2024-12-31T13:02:16Z</time>
      </trkpt>
      <trkpt lat="41.648543" lon="2.736377">
        <ele>11.301</ele>
        <time>2024-12-31T13:02:21Z</time>
      </trkpt>
      <trkpt lat="41.648472" lon="2.736426">
        <ele>11.311</ele>
        <time>2024-12-31T13:02:29Z</time>
      </trkpt>
      <trkpt lat="41.648427" lon="2.736454">
        <ele>11.309</ele>
        <time>2024-12-31T13:02:34Z</time>
      </trkpt>
      <trkpt lat="41.648380" lon="2.736484">
        <ele>11.246</ele>
        <time>2024-12-31T13:02:39Z</time>
      </trkpt>
      <trkpt lat="41.648333" lon="2.736498">
        <ele>11.234</ele>
        <time>2024-12-31T13:02:44Z</time>
      </trkpt>
      <trkpt lat="41.648279" lon="2.736498">
        <ele>11.463</ele>
        <time>2024-12-31T13:02:49Z</time>
      </trkpt>
      <trkpt lat="41.648250" lon="2.736509">
        <ele>11.455</ele>
        <time>2024-12-31T13:02:52Z</time>
      </trkpt>
      <trkpt lat="41.648224" lon="2.736521">
        <ele>11.442</ele>
        <time>2024-12-31T13:02:55Z</time>
      </trkpt>
      <trkpt lat="41.648192" lon="2.736533">
        <ele>11.589</ele>
        <time>2024-12-31T13:02:58Z</time>
      </trkpt>
      <trkpt lat="41.648146" lon="2.736562">
        <ele>11.490</ele>
        <time>2024-12-31T13:03:02Z</time>
      </trkpt>
      <trkpt lat="41.648114" lon="2.736573">
        <ele>11.527</ele>
        <time>2024-12-31T13:03:05Z</time>
      </trkpt>
      <trkpt lat="41.648083" lon="2.736586">
        <ele>11.540</ele>
        <time>2024-12-31T13:03:09Z</time>
      </trkpt>
      <trkpt lat="41.648032" lon="2.736600">
        <ele>11.564</ele>
        <time>2024-12-31T13:03:14Z</time>
      </trkpt>
      <trkpt lat="41.648000" lon="2.736616">
        <ele>11.506</ele>
        <time>2024-12-31T13:03:17Z</time>
      </trkpt>
      <trkpt lat="41.647955" lon="2.736632">
        <ele>11.516</ele>
        <time>2024-12-31T13:03:22Z</time>
      </trkpt>
      <trkpt lat="41.647939" lon="2.736664">
        <ele>11.409</ele>
        <time>2024-12-31T13:03:25Z</time>
      </trkpt>
      <trkpt lat="41.647935" lon="2.736734">
        <ele>11.277</ele>
        <time>2024-12-31T13:03:31Z</time>
      </trkpt>
      <trkpt lat="41.647947" lon="2.736797">
        <ele>10.925</ele>
        <time>2024-12-31T13:03:35Z</time>
      </trkpt>
      <trkpt lat="41.647970" lon="2.736847">
        <ele>10.714</ele>
        <time>2024-12-31T13:03:41Z</time>
      </trkpt>
      <trkpt lat="41.647984" lon="2.736951">
        <ele>10.236</ele>
        <time>2024-12-31T13:03:49Z</time>
      </trkpt>
      <trkpt lat="41.647975" lon="2.736985">
        <ele>10.233</ele>
        <time>2024-12-31T13:03:51Z</time>
      </trkpt>
      <trkpt lat="41.647960" lon="2.737060">
        <ele>10.180</ele>
        <time>2024-12-31T13:03:57Z</time>
      </trkpt>
      <trkpt lat="41.647950" lon="2.737122">
        <ele>10.021</ele>
        <time>2024-12-31T13:04:01Z</time>
      </trkpt>
      <trkpt lat="41.647903" lon="2.737147">
        <ele>10.248</ele>
        <time>2024-12-31T13:04:06Z</time>
      </trkpt>
      <trkpt lat="41.647850" lon="2.737163">
        <ele>10.521</ele>
        <time>2024-12-31T13:04:11Z</time>
      </trkpt>
      <trkpt lat="41.647804" lon="2.737192">
        <ele>10.887</ele>
        <time>2024-12-31T13:04:16Z</time>
      </trkpt>
      <trkpt lat="41.647758" lon="2.737207">
        <ele>11.042</ele>
        <time>2024-12-31T13:04:21Z</time>
      </trkpt>
      <trkpt lat="41.647730" lon="2.737209">
        <ele>11.026</ele>
        <time>2024-12-31T13:04:24Z</time>
      </trkpt>
      <trkpt lat="41.647701" lon="2.737196">
        <ele>11.009</ele>
        <time>2024-12-31T13:04:27Z</time>
      </trkpt>
      <trkpt lat="41.647673" lon="2.737184">
        <ele>11.079</ele>
        <time>2024-12-31T13:04:29Z</time>
      </trkpt>
      <trkpt lat="41.647642" lon="2.737180">
        <ele>11.047</ele>
        <time>2024-12-31T13:04:32Z</time>
      </trkpt>
      <trkpt lat="41.647611" lon="2.737177">
        <ele>11.036</ele>
        <time>2024-12-31T13:04:35Z</time>
      </trkpt>
      <trkpt lat="41.647564" lon="2.737168">
        <ele>11.038</ele>
        <time>2024-12-31T13:04:40Z</time>
      </trkpt>
      <trkpt lat="41.647512" lon="2.737163">
        <ele>11.025</ele>
        <time>2024-12-31T13:04:45Z</time>
      </trkpt>
      <trkpt lat="41.647483" lon="2.737156">
        <ele>11.072</ele>
        <time>2024-12-31T13:04:48Z</time>
      </trkpt>
      <trkpt lat="41.647452" lon="2.737141">
        <ele>11.023</ele>
        <time>2024-12-31T13:04:51Z</time>
      </trkpt>
      <trkpt lat="41.647417" lon="2.737131">
        <ele>11.070</ele>
        <time>2024-12-31T13:04:55Z</time>
      </trkpt>
      <trkpt lat="41.647388" lon="2.737121">
        <ele>11.063</ele>
        <time>2024-12-31T13:04:58Z</time>
      </trkpt>
      <trkpt lat="41.647338" lon="2.737121">
        <ele>11.045</ele>
        <time>2024-12-31T13:05:02Z</time>
      </trkpt>
      <trkpt lat="41.647314" lon="2.737145">
        <ele>11.047</ele>
        <time>2024-12-31T13:05:06Z</time>
      </trkpt>
      <trkpt lat="41.647300" lon="2.737204">
        <ele>11.011</ele>
        <time>2024-12-31T13:05:10Z</time>
      </trkpt>
      <trkpt lat="41.647344" lon="2.737229">
        <ele>11.009</ele>
        <time>2024-12-31T13:05:14Z</time>
      </trkpt>
      <trkpt lat="41.647383" lon="2.737265">
        <ele>11.125</ele>
        <time>2024-12-31T13:05:19Z</time>
      </trkpt>
      <trkpt lat="41.647439" lon="2.737265">
        <ele>11.133</ele>
        <time>2024-12-31T13:05:24Z</time>
      </trkpt>
      <trkpt lat="41.647472" lon="2.737269">
        <ele>11.262</ele>
        <time>2024-12-31T13:05:27Z</time>
      </trkpt>
      <trkpt lat="41.647495" lon="2.737298">
        <ele>11.374</ele>
        <time>2024-12-31T13:05:31Z</time>
      </trkpt>
      <trkpt lat="41.647520" lon="2.737326">
        <ele>11.381</ele>
        <time>2024-12-31T13:05:35Z</time>
      </trkpt>
      <trkpt lat="41.647549" lon="2.737363">
        <ele>11.438</ele>
        <time>2024-12-31T13:05:38Z</time>
      </trkpt>
      <trkpt lat="41.647575" lon="2.737390">
        <ele>11.469</ele>
        <time>2024-12-31T13:05:42Z</time>
      </trkpt>
      <trkpt lat="41.647595" lon="2.737424">
        <ele>11.536</ele>
        <time>2024-12-31T13:05:45Z</time>
      </trkpt>
      <trkpt lat="41.647621" lon="2.737465">
        <ele>11.599</ele>
        <time>2024-12-31T13:05:49Z</time>
      </trkpt>
      <trkpt lat="41.647643" lon="2.737513">
        <ele>11.622</ele>
        <time>2024-12-31T13:05:53Z</time>
      </trkpt>
      <trkpt lat="41.647664" lon="2.737544">
        <ele>11.762</ele>
        <time>2024-12-31T13:05:56Z</time>
      </trkpt>
      <trkpt lat="41.647685" lon="2.737573">
        <ele>11.808</ele>
        <time>2024-12-31T13:05:58Z</time>
      </trkpt>
      <trkpt lat="41.647703" lon="2.737602">
        <ele>11.909</ele>
        <time>2024-12-31T13:06:01Z</time>
      </trkpt>
      <trkpt lat="41.647724" lon="2.737628">
        <ele>12.073</ele>
        <time>2024-12-31T13:06:04Z</time>
      </trkpt>
      <trkpt lat="41.647747" lon="2.737656">
        <ele>12.281</ele>
        <time>2024-12-31T13:06:07Z</time>
      </trkpt>
      <trkpt lat="41.647762" lon="2.737688">
        <ele>12.410</ele>
        <time>2024-12-31T13:06:10Z</time>
      </trkpt>
      <trkpt lat="41.647782" lon="2.737717">
        <ele>12.552</ele>
        <time>2024-12-31T13:06:13Z</time>
      </trkpt>
      <trkpt lat="41.647802" lon="2.737744">
        <ele>12.759</ele>
        <time>2024-12-31T13:06:16Z</time>
      </trkpt>
      <trkpt lat="41.647822" lon="2.737769">
        <ele>12.846</ele>
        <time>2024-12-31T13:06:19Z</time>
      </trkpt>
      <trkpt lat="41.647847" lon="2.737791">
        <ele>12.847</ele>
        <time>2024-12-31T13:06:22Z</time>
      </trkpt>
      <trkpt lat="41.647871" lon="2.737814">
        <ele>12.914</ele>
        <time>2024-12-31T13:06:25Z</time>
      </trkpt>
      <trkpt lat="41.647890" lon="2.737842">
        <ele>13.127</ele>
        <time>2024-12-31T13:06:30Z</time>
      </trkpt>
      <trkpt lat="41.647908" lon="2.737875">
        <ele>13.232</ele>
        <time>2024-12-31T13:06:33Z</time>
      </trkpt>
      <trkpt lat="41.647921" lon="2.737917">
        <ele>13.592</ele>
        <time>2024-12-31T13:06:38Z</time>
      </trkpt>
      <trkpt lat="41.647926" lon="2.737985">
        <ele>14.011</ele>
        <time>2024-12-31T13:06:45Z</time>
      </trkpt>
      <trkpt lat="41.647936" lon="2.738025">
        <ele>14.209</ele>
        <time>2024-12-31T13:06:49Z</time>
      </trkpt>
      <trkpt lat="41.647939" lon="2.738080">
        <ele>14.784</ele>
        <time>2024-12-31T13:07:00Z</time>
      </trkpt>
      <trkpt lat="41.647942" lon="2.738137">
        <ele>15.322</ele>
        <time>2024-12-31T13:07:09Z</time>
      </trkpt>
      <trkpt lat="41.647933" lon="2.738180">
        <ele>15.881</ele>
        <time>2024-12-31T13:07:19Z</time>
      </trkpt>
      <trkpt lat="41.647887" lon="2.738192">
        <ele>16.133</ele>
        <time>2024-12-31T13:07:23Z</time>
      </trkpt>
      <trkpt lat="41.647860" lon="2.738210">
        <ele>16.450</ele>
        <time>2024-12-31T13:07:27Z</time>
      </trkpt>
      <trkpt lat="41.647838" lon="2.738234">
        <ele>16.727</ele>
        <time>2024-12-31T13:07:31Z</time>
      </trkpt>
      <trkpt lat="41.647806" lon="2.738275">
        <ele>17.338</ele>
        <time>2024-12-31T13:07:40Z</time>
      </trkpt>
      <trkpt lat="41.647770" lon="2.738305">
        <ele>17.775</ele>
        <time>2024-12-31T13:07:49Z</time>
      </trkpt>
      <trkpt lat="41.647728" lon="2.738347">
        <ele>18.068</ele>
        <time>2024-12-31T13:08:00Z</time>
      </trkpt>
      <trkpt lat="41.647702" lon="2.738359">
        <ele>18.049</ele>
        <time>2024-12-31T13:08:05Z</time>
      </trkpt>
      <trkpt lat="41.647663" lon="2.738378">
        <ele>18.002</ele>
        <time>2024-12-31T13:08:10Z</time>
      </trkpt>
      <trkpt lat="41.647672" lon="2.738441">
        <ele>18.622</ele>
        <time>2024-12-31T13:08:14Z</time>
      </trkpt>
      <trkpt lat="41.647690" lon="2.738511">
        <ele>19.409</ele>
        <time>2024-12-31T13:08:20Z</time>
      </trkpt>
      <trkpt lat="41.647691" lon="2.738581">
        <ele>20.125</ele>
        <time>2024-12-31T13:08:25Z</time>
      </trkpt>
      <trkpt lat="41.647700" lon="2.738619">
        <ele>20.533</ele>
        <time>2024-12-31T13:08:27Z</time>
      </trkpt>
      <trkpt lat="41.647717" lon="2.738649">
        <ele>20.792</ele>
        <time>2024-12-31T13:08:30Z</time>
      </trkpt>
      <trkpt lat="41.647734" lon="2.738680">
        <ele>20.974</ele>
        <time>2024-12-31T13:08:33Z</time>
      </trkpt>
      <trkpt lat="41.647758" lon="2.738751">
        <ele>21.351</ele>
        <time>2024-12-31T13:08:38Z</time>
      </trkpt>
      <trkpt lat="41.647786" lon="2.738805">
        <ele>21.728</ele>
        <time>2024-12-31T13:08:43Z</time>
      </trkpt>
      <trkpt lat="41.647799" lon="2.738841">
        <ele>21.919</ele>
        <time>2024-12-31T13:08:47Z</time>
      </trkpt>
      <trkpt lat="41.647812" lon="2.738876">
        <ele>22.136</ele>
        <time>2024-12-31T13:08:50Z</time>
      </trkpt>
      <trkpt lat="41.647841" lon="2.738934">
        <ele>22.379</ele>
        <time>2024-12-31T13:08:56Z</time>
      </trkpt>
      <trkpt lat="41.647879" lon="2.738989">
        <ele>22.554</ele>
        <time>2024-12-31T13:09:03Z</time>
      </trkpt>
      <trkpt lat="41.647897" lon="2.739020">
        <ele>22.656</ele>
        <time>2024-12-31T13:09:07Z</time>
      </trkpt>
      <trkpt lat="41.647925" lon="2.739075">
        <ele>22.911</ele>
        <time>2024-12-31T13:09:14Z</time>
      </trkpt>
      <trkpt lat="41.647954" lon="2.739132">
        <ele>23.209</ele>
        <time>2024-12-31T13:09:22Z</time>
      </trkpt>
      <trkpt lat="41.647972" lon="2.739163">
        <ele>23.456</ele>
        <time>2024-12-31T13:09:26Z</time>
      </trkpt>
      <trkpt lat="41.648002" lon="2.739222">
        <ele>23.834</ele>
        <time>2024-12-31T13:09:36Z</time>
      </trkpt>
      <trkpt lat="41.648018" lon="2.739255">
        <ele>24.063</ele>
        <time>2024-12-31T13:09:40Z</time>
      </trkpt>
      <trkpt lat="41.648030" lon="2.739294">
        <ele>24.325</ele>
        <time>2024-12-31T13:09:44Z</time>
      </trkpt>
      <trkpt lat="41.648052" lon="2.739362">
        <ele>24.752</ele>
        <time>2024-12-31T13:09:52Z</time>
      </trkpt>
      <trkpt lat="41.648073" lon="2.739421">
        <ele>24.959</ele>
        <time>2024-12-31T13:10:02Z</time>
      </trkpt>
      <trkpt lat="41.648099" lon="2.739474">
        <ele>25.290</ele>
        <time>2024-12-31T13:10:11Z</time>
      </trkpt>
      <trkpt lat="41.648120" lon="2.739531">
        <ele>25.647</ele>
        <time>2024-12-31T13:10:18Z</time>
      </trkpt>
      <trkpt lat="41.648140" lon="2.739576">
        <ele>25.930</ele>
        <time>2024-12-31T13:10:22Z</time>
      </trkpt>
      <trkpt lat="41.648157" lon="2.739605">
        <ele>26.223</ele>
        <time>2024-12-31T13:10:28Z</time>
      </trkpt>
      <trkpt lat="41.648164" lon="2.739641">
        <ele>26.483</ele>
        <time>2024-12-31T13:10:39Z</time>
      </trkpt>
      <trkpt lat="41.648183" lon="2.739691">
        <ele>26.811</ele>
        <time>2024-12-31T13:10:50Z</time>
      </trkpt>
      <trkpt lat="41.648158" lon="2.739749">
        <ele>27.109</ele>
        <time>2024-12-31T13:10:56Z</time>
      </trkpt>
      <trkpt lat="41.648138" lon="2.739799">
        <ele>27.433</ele>
        <time>2024-12-31T13:11:00Z</time>
      </trkpt>
      <trkpt lat="41.648117" lon="2.739847">
        <ele>27.581</ele>
        <time>2024-12-31T13:11:04Z</time>
      </trkpt>
      <trkpt lat="41.648098" lon="2.739908">
        <ele>27.840</ele>
        <time>2024-12-31T13:11:15Z</time>
      </trkpt>
      <trkpt lat="41.648087" lon="2.739966">
        <ele>28.062</ele>
        <time>2024-12-31T13:11:23Z</time>
      </trkpt>
      <trkpt lat="41.648100" lon="2.740018">
        <ele>28.219</ele>
        <time>2024-12-31T13:11:30Z</time>
      </trkpt>
      <trkpt lat="41.648101" lon="2.740075">
        <ele>28.136</ele>
        <time>2024-12-31T13:11:35Z</time>
      </trkpt>
      <trkpt lat="41.648106" lon="2.740112">
        <ele>28.147</ele>
        <time>2024-12-31T13:11:38Z</time>
      </trkpt>
      <trkpt lat="41.648122" lon="2.740178">
        <ele>28.114</ele>
        <time>2024-12-31T13:11:43Z</time>
      </trkpt>
      <trkpt lat="41.648123" lon="2.740237">
        <ele>28.077</ele>
        <time>2024-12-31T13:11:47Z</time>
      </trkpt>
      <trkpt lat="41.648101" lon="2.740262">
        <ele>28.015</ele>
        <time>2024-12-31T13:11:54Z</time>
      </trkpt>
      <trkpt lat="41.648078" lon="2.740282">
        <ele>27.965</ele>
        <time>2024-12-31T13:11:57Z</time>
      </trkpt>
      <trkpt lat="41.648028" lon="2.740310">
        <ele>26.911</ele>
        <time>2024-12-31T13:12:03Z</time>
      </trkpt>
      <trkpt lat="41.647995" lon="2.740317">
        <ele>26.309</ele>
        <time>2024-12-31T13:12:06Z</time>
      </trkpt>
      <trkpt lat="41.647947" lon="2.740323">
        <ele>25.552</ele>
        <time>2024-12-31T13:12:10Z</time>
      </trkpt>
      <trkpt lat="41.647921" lon="2.740340">
        <ele>24.850</ele>
        <time>2024-12-31T13:12:13Z</time>
      </trkpt>
      <trkpt lat="41.647873" lon="2.740370">
        <ele>23.629</ele>
        <time>2024-12-31T13:12:18Z</time>
      </trkpt>
      <trkpt lat="41.647836" lon="2.740402">
        <ele>22.551</ele>
        <time>2024-12-31T13:13:59Z</time>
      </trkpt>
      <trkpt lat="41.647813" lon="2.740436">
        <ele>21.688</ele>
        <time>2024-12-31T13:14:03Z</time>
      </trkpt>
      <trkpt lat="41.647781" lon="2.740473">
        <ele>20.525</ele>
        <time>2024-12-31T13:14:11Z</time>
      </trkpt>
      <trkpt lat="41.647764" lon="2.740503">
        <ele>19.816</ele>
        <time>2024-12-31T13:14:18Z</time>
      </trkpt>
      <trkpt lat="41.647741" lon="2.740569">
        <ele>18.593</ele>
        <time>2024-12-31T13:14:26Z</time>
      </trkpt>
      <trkpt lat="41.647745" lon="2.740619">
        <ele>17.416</ele>
        <time>2024-12-31T13:14:32Z</time>
      </trkpt>
      <trkpt lat="41.647694" lon="2.740600">
        <ele>17.592</ele>
        <time>2024-12-31T13:14:39Z</time>
      </trkpt>
      <trkpt lat="41.647649" lon="2.740574">
        <ele>17.773</ele>
        <time>2024-12-31T13:14:44Z</time>
      </trkpt>
      <trkpt lat="41.647610" lon="2.740548">
        <ele>17.920</ele>
        <time>2024-12-31T13:14:48Z</time>
      </trkpt>
      <trkpt lat="41.647583" lon="2.740516">
        <ele>18.209</ele>
        <time>2024-12-31T13:14:57Z</time>
      </trkpt>
      <trkpt lat="41.647579" lon="2.740473">
        <ele>18.810</ele>
        <time>2024-12-31T13:15:04Z</time>
      </trkpt>
      <trkpt lat="41.647562" lon="2.740442">
        <ele>19.238</ele>
        <time>2024-12-31T13:15:07Z</time>
      </trkpt>
      <trkpt lat="41.647564" lon="2.740369">
        <ele>20.327</ele>
        <time>2024-12-31T13:15:12Z</time>
      </trkpt>
      <trkpt lat="41.647554" lon="2.740308">
        <ele>21.179</ele>
        <time>2024-12-31T13:15:17Z</time>
      </trkpt>
      <trkpt lat="41.647564" lon="2.740222">
        <ele>22.296</ele>
        <time>2024-12-31T13:15:24Z</time>
      </trkpt>
      <trkpt lat="41.647591" lon="2.740175">
        <ele>22.993</ele>
        <time>2024-12-31T13:15:28Z</time>
      </trkpt>
      <trkpt lat="41.647609" lon="2.740143">
        <ele>23.364</ele>
        <time>2024-12-31T13:15:31Z</time>
      </trkpt>
      <trkpt lat="41.647625" lon="2.740109">
        <ele>23.641</ele>
        <time>2024-12-31T13:15:34Z</time>
      </trkpt>
      <trkpt lat="41.647621" lon="2.740071">
        <ele>23.964</ele>
        <time>2024-12-31T13:15:37Z</time>
      </trkpt>
      <trkpt lat="41.647586" lon="2.740078">
        <ele>23.621</ele>
        <time>2024-12-31T13:15:42Z</time>
      </trkpt>
      <trkpt lat="41.647545" lon="2.740126">
        <ele>22.941</ele>
        <time>2024-12-31T13:15:52Z</time>
      </trkpt>
      <trkpt lat="41.647503" lon="2.740153">
        <ele>22.405</ele>
        <time>2024-12-31T13:16:01Z</time>
      </trkpt>
      <trkpt lat="41.647474" lon="2.740168">
        <ele>21.909</ele>
        <time>2024-12-31T13:16:05Z</time>
      </trkpt>
      <trkpt lat="41.647449" lon="2.740187">
        <ele>21.553</ele>
        <time>2024-12-31T13:16:08Z</time>
      </trkpt>
      <trkpt lat="41.647398" lon="2.740190">
        <ele>21.091</ele>
        <time>2024-12-31T13:16:13Z</time>
      </trkpt>
      <trkpt lat="41.647358" lon="2.740153">
        <ele>20.910</ele>
        <time>2024-12-31T13:16:17Z</time>
      </trkpt>
      <trkpt lat="41.647332" lon="2.740142">
        <ele>20.732</ele>
        <time>2024-12-31T13:16:23Z</time>
      </trkpt>
      <trkpt lat="41.647295" lon="2.740093">
        <ele>20.599</ele>
        <time>2024-12-31T13:16:32Z</time>
      </trkpt>
      <trkpt lat="41.647256" lon="2.740050">
        <ele>20.376</ele>
        <time>2024-12-31T13:16:36Z</time>
      </trkpt>
      <trkpt lat="41.647223" lon="2.740008">
        <ele>20.077</ele>
        <time>2024-12-31T13:16:41Z</time>
      </trkpt>
      <trkpt lat="41.647201" lon="2.739982">
        <ele>19.724</ele>
        <time>2024-12-31T13:16:44Z</time>
      </trkpt>
      <trkpt lat="41.647163" lon="2.739937">
        <ele>19.177</ele>
        <time>2024-12-31T13:16:56Z</time>
      </trkpt>
      <trkpt lat="41.647142" lon="2.739885">
        <ele>18.776</ele>
        <time>2024-12-31T13:17:06Z</time>
      </trkpt>
      <trkpt lat="41.647114" lon="2.739845">
        <ele>18.390</ele>
        <time>2024-12-31T13:17:16Z</time>
      </trkpt>
      <trkpt lat="41.647093" lon="2.739821">
        <ele>18.019</ele>
        <time>2024-12-31T13:17:23Z</time>
      </trkpt>
      <trkpt lat="41.647060" lon="2.739772">
        <ele>17.409</ele>
        <time>2024-12-31T13:17:34Z</time>
      </trkpt>
      <trkpt lat="41.647023" lon="2.739740">
        <ele>16.988</ele>
        <time>2024-12-31T13:17:43Z</time>
      </trkpt>
      <trkpt lat="41.646999" lon="2.739722">
        <ele>16.686</ele>
        <time>2024-12-31T13:17:48Z</time>
      </trkpt>
      <trkpt lat="41.646966" lon="2.739705">
        <ele>16.185</ele>
        <time>2024-12-31T13:17:52Z</time>
      </trkpt>
      <trkpt lat="41.646941" lon="2.739689">
        <ele>15.787</ele>
        <time>2024-12-31T13:17:56Z</time>
      </trkpt>
      <trkpt lat="41.646898" lon="2.739663">
        <ele>14.934</ele>
        <time>2024-12-31T13:18:04Z</time>
      </trkpt>
      <trkpt lat="41.646871" lon="2.739646">
        <ele>14.591</ele>
        <time>2024-12-31T13:18:07Z</time>
      </trkpt>
      <trkpt lat="41.646831" lon="2.739627">
        <ele>13.872</ele>
        <time>2024-12-31T13:18:14Z</time>
      </trkpt>
      <trkpt lat="41.646795" lon="2.739608">
        <ele>13.269</ele>
        <time>2024-12-31T13:18:24Z</time>
      </trkpt>
      <trkpt lat="41.646752" lon="2.739595">
        <ele>12.652</ele>
        <time>2024-12-31T13:18:29Z</time>
      </trkpt>
      <trkpt lat="41.646726" lon="2.739606">
        <ele>12.319</ele>
        <time>2024-12-31T13:18:32Z</time>
      </trkpt>
      <trkpt lat="41.646699" lon="2.739620">
        <ele>12.109</ele>
        <time>2024-12-31T13:18:34Z</time>
      </trkpt>
      <trkpt lat="41.646676" lon="2.739639">
        <ele>11.819</ele>
        <time>2024-12-31T13:18:37Z</time>
      </trkpt>
      <trkpt lat="41.646619" lon="2.739693">
        <ele>11.609</ele>
        <time>2024-12-31T13:18:43Z</time>
      </trkpt>
      <trkpt lat="41.646591" lon="2.739724">
        <ele>11.522</ele>
        <time>2024-12-31T13:18:46Z</time>
      </trkpt>
      <trkpt lat="41.646603" lon="2.739781">
        <ele>11.720</ele>
        <time>2024-12-31T13:18:51Z</time>
      </trkpt>
      <trkpt lat="41.646628" lon="2.739845">
        <ele>12.119</ele>
        <time>2024-12-31T13:18:55Z</time>
      </trkpt>
      <trkpt lat="41.646650" lon="2.739880">
        <ele>12.471</ele>
        <time>2024-12-31T13:18:59Z</time>
      </trkpt>
      <trkpt lat="41.646680" lon="2.739939">
        <ele>13.038</ele>
        <time>2024-12-31T13:19:04Z</time>
      </trkpt>
      <trkpt lat="41.646697" lon="2.740006">
        <ele>13.475</ele>
        <time>2024-12-31T13:19:08Z</time>
      </trkpt>
      <trkpt lat="41.646707" lon="2.740046">
        <ele>13.446</ele>
        <time>2024-12-31T13:19:11Z</time>
      </trkpt>
      <trkpt lat="41.646722" lon="2.740118">
        <ele>13.453</ele>
        <time>2024-12-31T13:19:17Z</time>
      </trkpt>
      <trkpt lat="41.646732" lon="2.740181">
        <ele>13.326</ele>
        <time>2024-12-31T13:19:21Z</time>
      </trkpt>
      <trkpt lat="41.646749" lon="2.740233">
        <ele>13.387</ele>
        <time>2024-12-31T13:19:25Z</time>
      </trkpt>
      <trkpt lat="41.646761" lon="2.740294">
        <ele>13.342</ele>
        <time>2024-12-31T13:19:30Z</time>
      </trkpt>
      <trkpt lat="41.646777" lon="2.740357">
        <ele>13.226</ele>
        <time>2024-12-31T13:19:34Z</time>
      </trkpt>
      <trkpt lat="41.646781" lon="2.740425">
        <ele>12.909</ele>
        <time>2024-12-31T13:19:39Z</time>
      </trkpt>
      <trkpt lat="41.646788" lon="2.740485">
        <ele>12.799</ele>
        <time>2024-12-31T13:19:43Z</time>
      </trkpt>
      <trkpt lat="41.646777" lon="2.740520">
        <ele>12.467</ele>
        <time>2024-12-31T13:19:46Z</time>
      </trkpt>
      <trkpt lat="41.646745" lon="2.740547">
        <ele>11.916</ele>
        <time>2024-12-31T13:19:49Z</time>
      </trkpt>
      <trkpt lat="41.646720" lon="2.740564">
        <ele>11.678</ele>
        <time>2024-12-31T13:19:52Z</time>
      </trkpt>
      <trkpt lat="41.646674" lon="2.740581">
        <ele>11.185</ele>
        <time>2024-12-31T13:19:57Z</time>
      </trkpt>
      <trkpt lat="41.646634" lon="2.740594">
        <ele>10.912</ele>
        <time>2024-12-31T13:20:01Z</time>
      </trkpt>
      <trkpt lat="41.646597" lon="2.740626">
        <ele>10.813</ele>
        <time>2024-12-31T13:20:05Z</time>
      </trkpt>
      <trkpt lat="41.646573" lon="2.740650">
        <ele>10.850</ele>
        <time>2024-12-31T13:20:08Z</time>
      </trkpt>
      <trkpt lat="41.646535" lon="2.740691">
        <ele>10.813</ele>
        <time>2024-12-31T13:20:12Z</time>
      </trkpt>
      <trkpt lat="41.646506" lon="2.740718">
        <ele>10.819</ele>
        <time>2024-12-31T13:20:16Z</time>
      </trkpt>
      <trkpt lat="41.646480" lon="2.740733">
        <ele>10.809</ele>
        <time>2024-12-31T13:20:18Z</time>
      </trkpt>
      <trkpt lat="41.646422" lon="2.740775">
        <ele>10.819</ele>
        <time>2024-12-31T13:20:25Z</time>
      </trkpt>
      <trkpt lat="41.646384" lon="2.740795">
        <ele>10.909</ele>
        <time>2024-12-31T13:20:28Z</time>
      </trkpt>
      <trkpt lat="41.646345" lon="2.740828">
        <ele>11.032</ele>
        <time>2024-12-31T13:20:33Z</time>
      </trkpt>
      <trkpt lat="41.646320" lon="2.740852">
        <ele>11.080</ele>
        <time>2024-12-31T13:20:36Z</time>
      </trkpt>
      <trkpt lat="41.646296" lon="2.740877">
        <ele>10.919</ele>
        <time>2024-12-31T13:20:39Z</time>
      </trkpt>
      <trkpt lat="41.646255" lon="2.740913">
        <ele>10.911</ele>
        <time>2024-12-31T13:20:43Z</time>
      </trkpt>
      <trkpt lat="41.646229" lon="2.740929">
        <ele>10.858</ele>
        <time>2024-12-31T13:20:46Z</time>
      </trkpt>
      <trkpt lat="41.646191" lon="2.740958">
        <ele>10.715</ele>
        <time>2024-12-31T13:20:50Z</time>
      </trkpt>
      <trkpt lat="41.646159" lon="2.740981">
        <ele>10.636</ele>
        <time>2024-12-31T13:20:54Z</time>
      </trkpt>
      <trkpt lat="41.646130" lon="2.741003">
        <ele>10.443</ele>
        <time>2024-12-31T13:20:57Z</time>
      </trkpt>
      <trkpt lat="41.646087" lon="2.741047">
        <ele>10.396</ele>
        <time>2024-12-31T13:21:02Z</time>
      </trkpt>
      <trkpt lat="41.646060" lon="2.741067">
        <ele>10.364</ele>
        <time>2024-12-31T13:21:05Z</time>
      </trkpt>
      <trkpt lat="41.646023" lon="2.741084">
        <ele>10.406</ele>
        <time>2024-12-31T13:21:08Z</time>
      </trkpt>
      <trkpt lat="41.645987" lon="2.741102">
        <ele>10.516</ele>
        <time>2024-12-31T13:21:12Z</time>
      </trkpt>
      <trkpt lat="41.645959" lon="2.741118">
        <ele>10.509</ele>
        <time>2024-12-31T13:21:15Z</time>
      </trkpt>
      <trkpt lat="41.645893" lon="2.741153">
        <ele>10.897</ele>
        <time>2024-12-31T13:21:22Z</time>
      </trkpt>
      <trkpt lat="41.645852" lon="2.741199">
        <ele>10.935</ele>
        <time>2024-12-31T13:21:27Z</time>
      </trkpt>
      <trkpt lat="41.645805" lon="2.741237">
        <ele>11.114</ele>
        <time>2024-12-31T13:21:33Z</time>
      </trkpt>
      <trkpt lat="41.645782" lon="2.741256">
        <ele>11.236</ele>
        <time>2024-12-31T13:21:35Z</time>
      </trkpt>
      <trkpt lat="41.645747" lon="2.741281">
        <ele>11.373</ele>
        <time>2024-12-31T13:21:39Z</time>
      </trkpt>
      <trkpt lat="41.645734" lon="2.741319">
        <ele>11.440</ele>
        <time>2024-12-31T13:21:42Z</time>
      </trkpt>
      <trkpt lat="41.645748" lon="2.741378">
        <ele>11.361</ele>
        <time>2024-12-31T13:21:46Z</time>
      </trkpt>
      <trkpt lat="41.645773" lon="2.741406">
        <ele>11.278</ele>
        <time>2024-12-31T13:21:49Z</time>
      </trkpt>
      <trkpt lat="41.645807" lon="2.741459">
        <ele>10.851</ele>
        <time>2024-12-31T13:21:54Z</time>
      </trkpt>
      <trkpt lat="41.645827" lon="2.741487">
        <ele>10.779</ele>
        <time>2024-12-31T13:21:57Z</time>
      </trkpt>
      <trkpt lat="41.645847" lon="2.741512">
        <ele>10.505</ele>
        <time>2024-12-31T13:21:59Z</time>
      </trkpt>
      <trkpt lat="41.645862" lon="2.741545">
        <ele>10.325</ele>
        <time>2024-12-31T13:22:02Z</time>
      </trkpt>
      <trkpt lat="41.645878" lon="2.741576">
        <ele>10.209</ele>
        <time>2024-12-31T13:22:05Z</time>
      </trkpt>
      <trkpt lat="41.645898" lon="2.741601">
        <ele>10.078</ele>
        <time>2024-12-31T13:22:08Z</time>
      </trkpt>
      <trkpt lat="41.645918" lon="2.741631">
        <ele>9.896</ele>
        <time>2024-12-31T13:22:10Z</time>
      </trkpt>
      <trkpt lat="41.645934" lon="2.741666">
        <ele>9.635</ele>
        <time>2024-12-31T13:22:13Z</time>
      </trkpt>
      <trkpt lat="41.645964" lon="2.741716">
        <ele>9.597</ele>
        <time>2024-12-31T13:22:18Z</time>
      </trkpt>
      <trkpt lat="41.645998" lon="2.741752">
        <ele>9.424</ele>
        <time>2024-12-31T13:22:22Z</time>
      </trkpt>
      <trkpt lat="41.646037" lon="2.741773">
        <ele>9.361</ele>
        <time>2024-12-31T13:22:26Z</time>
      </trkpt>
      <trkpt lat="41.646088" lon="2.741792">
        <ele>9.122</ele>
        <time>2024-12-31T13:22:31Z</time>
      </trkpt>
      <trkpt lat="41.646109" lon="2.741816">
        <ele>9.099</ele>
        <time>2024-12-31T13:22:34Z</time>
      </trkpt>
      <trkpt lat="41.646127" lon="2.741855">
        <ele>9.052</ele>
        <time>2024-12-31T13:22:37Z</time>
      </trkpt>
      <trkpt lat="41.646153" lon="2.741894">
        <ele>8.929</ele>
        <time>2024-12-31T13:22:42Z</time>
      </trkpt>
      <trkpt lat="41.646172" lon="2.741937">
        <ele>8.800</ele>
        <time>2024-12-31T13:22:45Z</time>
      </trkpt>
      <trkpt lat="41.646202" lon="2.741984">
        <ele>8.720</ele>
        <time>2024-12-31T13:22:50Z</time>
      </trkpt>
      <trkpt lat="41.646218" lon="2.742021">
        <ele>8.609</ele>
        <time>2024-12-31T13:22:53Z</time>
      </trkpt>
      <trkpt lat="41.646241" lon="2.742058">
        <ele>8.553</ele>
        <time>2024-12-31T13:22:56Z</time>
      </trkpt>
      <trkpt lat="41.646271" lon="2.742117">
        <ele>8.451</ele>
        <time>2024-12-31T13:23:09Z</time>
      </trkpt>
      <trkpt lat="41.646290" lon="2.742165">
        <ele>8.460</ele>
        <time>2024-12-31T13:23:15Z</time>
      </trkpt>
      <trkpt lat="41.646265" lon="2.742135">
        <ele>8.452</ele>
        <time>2024-12-31T13:23:18Z</time>
      </trkpt>
      <trkpt lat="41.646244" lon="2.742098">
        <ele>8.539</ele>
        <time>2024-12-31T13:23:21Z</time>
      </trkpt>
      <trkpt lat="41.646208" lon="2.742039">
        <ele>8.726</ele>
        <time>2024-12-31T13:23:27Z</time>
      </trkpt>
      <trkpt lat="41.646187" lon="2.742015">
        <ele>8.767</ele>
        <time>2024-12-31T13:23:30Z</time>
      </trkpt>
      <trkpt lat="41.646164" lon="2.741979">
        <ele>8.814</ele>
        <time>2024-12-31T13:23:35Z</time>
      </trkpt>
      <trkpt lat="41.646135" lon="2.741931">
        <ele>8.937</ele>
        <time>2024-12-31T13:23:39Z</time>
      </trkpt>
      <trkpt lat="41.646103" lon="2.741867">
        <ele>9.026</ele>
        <time>2024-12-31T13:23:44Z</time>
      </trkpt>
      <trkpt lat="41.646053" lon="2.741811">
        <ele>9.247</ele>
        <time>2024-12-31T13:23:50Z</time>
      </trkpt>
      <trkpt lat="41.646013" lon="2.741801">
        <ele>9.411</ele>
        <time>2024-12-31T13:23:54Z</time>
      </trkpt>
      <trkpt lat="41.645964" lon="2.741806">
        <ele>9.509</ele>
        <time>2024-12-31T13:23:59Z</time>
      </trkpt>
      <trkpt lat="41.645925" lon="2.741817">
        <ele>9.763</ele>
        <time>2024-12-31T13:24:02Z</time>
      </trkpt>
      <trkpt lat="41.645898" lon="2.741849">
        <ele>9.811</ele>
        <time>2024-12-31T13:24:06Z</time>
      </trkpt>
      <trkpt lat="41.645866" lon="2.741875">
        <ele>9.930</ele>
        <time>2024-12-31T13:24:09Z</time>
      </trkpt>
      <trkpt lat="41.645838" lon="2.741902">
        <ele>10.082</ele>
        <time>2024-12-31T13:24:12Z</time>
      </trkpt>
      <trkpt lat="41.645801" lon="2.741930">
        <ele>10.079</ele>
        <time>2024-12-31T13:24:16Z</time>
      </trkpt>
      <trkpt lat="41.645769" lon="2.741956">
        <ele>10.026</ele>
        <time>2024-12-31T13:24:21Z</time>
      </trkpt>
      <trkpt lat="41.645731" lon="2.741989">
        <ele>9.917</ele>
        <time>2024-12-31T13:24:25Z</time>
      </trkpt>
      <trkpt lat="41.645688" lon="2.742027">
        <ele>9.934</ele>
        <time>2024-12-31T13:24:29Z</time>
      </trkpt>
      <trkpt lat="41.645641" lon="2.742065">
        <ele>9.947</ele>
        <time>2024-12-31T13:24:35Z</time>
      </trkpt>
      <trkpt lat="41.645614" lon="2.742084">
        <ele>9.953</ele>
        <time>2024-12-31T13:24:38Z</time>
      </trkpt>
      <trkpt lat="41.645566" lon="2.742111">
        <ele>10.004</ele>
        <time>2024-12-31T13:24:43Z</time>
      </trkpt>
      <trkpt lat="41.645522" lon="2.742136">
        <ele>9.914</ele>
        <time>2024-12-31T13:24:48Z</time>
      </trkpt>
      <trkpt lat="41.645472" lon="2.742167">
        <ele>9.809</ele>
        <time>2024-12-31T13:24:53Z</time>
      </trkpt>
      <trkpt lat="41.645440" lon="2.742186">
        <ele>9.646</ele>
        <time>2024-12-31T13:24:56Z</time>
      </trkpt>
      <trkpt lat="41.645404" lon="2.742210">
        <ele>9.564</ele>
        <time>2024-12-31T13:25:00Z</time>
      </trkpt>
      <trkpt lat="41.645379" lon="2.742237">
        <ele>9.353</ele>
        <time>2024-12-31T13:25:03Z</time>
      </trkpt>
      <trkpt lat="41.645339" lon="2.742288">
        <ele>8.935</ele>
        <time>2024-12-31T13:25:08Z</time>
      </trkpt>
      <trkpt lat="41.645306" lon="2.742323">
        <ele>8.762</ele>
        <time>2024-12-31T13:25:12Z</time>
      </trkpt>
      <trkpt lat="41.645288" lon="2.742351">
        <ele>8.629</ele>
        <time>2024-12-31T13:25:15Z</time>
      </trkpt>
      <trkpt lat="41.645264" lon="2.742373">
        <ele>8.560</ele>
        <time>2024-12-31T13:25:18Z</time>
      </trkpt>
      <trkpt lat="41.645215" lon="2.742407">
        <ele>8.547</ele>
        <time>2024-12-31T13:25:23Z</time>
      </trkpt>
      <trkpt lat="41.645175" lon="2.742437">
        <ele>8.550</ele>
        <time>2024-12-31T13:25:27Z</time>
      </trkpt>
      <trkpt lat="41.645136" lon="2.742469">
        <ele>8.676</ele>
        <time>2024-12-31T13:25:31Z</time>
      </trkpt>
      <trkpt lat="41.645095" lon="2.742496">
        <ele>8.790</ele>
        <time>2024-12-31T13:25:36Z</time>
      </trkpt>
      <trkpt lat="41.645057" lon="2.742518">
        <ele>8.819</ele>
        <time>2024-12-31T13:25:40Z</time>
      </trkpt>
      <trkpt lat="41.645026" lon="2.742535">
        <ele>8.909</ele>
        <time>2024-12-31T13:25:43Z</time>
      </trkpt>
      <trkpt lat="41.645000" lon="2.742549">
        <ele>9.088</ele>
        <time>2024-12-31T13:25:46Z</time>
      </trkpt>
      <trkpt lat="41.644957" lon="2.742572">
        <ele>9.096</ele>
        <time>2024-12-31T13:25:50Z</time>
      </trkpt>
      <trkpt lat="41.644916" lon="2.742599">
        <ele>9.015</ele>
        <time>2024-12-31T13:25:55Z</time>
      </trkpt>
      <trkpt lat="41.644883" lon="2.742616">
        <ele>9.047</ele>
        <time>2024-12-31T13:25:58Z</time>
      </trkpt>
      <trkpt lat="41.644854" lon="2.742639">
        <ele>9.064</ele>
        <time>2024-12-31T13:26:02Z</time>
      </trkpt>
      <trkpt lat="41.644831" lon="2.742667">
        <ele>9.071</ele>
        <time>2024-12-31T13:26:04Z</time>
      </trkpt>
      <trkpt lat="41.644818" lon="2.742699">
        <ele>9.062</ele>
        <time>2024-12-31T13:26:07Z</time>
      </trkpt>
      <trkpt lat="41.644794" lon="2.742740">
        <ele>9.039</ele>
        <time>2024-12-31T13:26:11Z</time>
      </trkpt>
      <trkpt lat="41.644770" lon="2.742758">
        <ele>9.022</ele>
        <time>2024-12-31T13:26:13Z</time>
      </trkpt>
      <trkpt lat="41.644737" lon="2.742791">
        <ele>9.019</ele>
        <time>2024-12-31T13:26:17Z</time>
      </trkpt>
      <trkpt lat="41.644700" lon="2.742816">
        <ele>9.109</ele>
        <time>2024-12-31T13:26:21Z</time>
      </trkpt>
      <trkpt lat="41.644675" lon="2.742839">
        <ele>9.119</ele>
        <time>2024-12-31T13:26:24Z</time>
      </trkpt>
      <trkpt lat="41.644639" lon="2.742875">
        <ele>9.209</ele>
        <time>2024-12-31T13:26:28Z</time>
      </trkpt>
      <trkpt lat="41.644594" lon="2.742907">
        <ele>9.262</ele>
        <time>2024-12-31T13:26:33Z</time>
      </trkpt>
      <trkpt lat="41.644572" lon="2.742930">
        <ele>9.250</ele>
        <time>2024-12-31T13:26:36Z</time>
      </trkpt>
      <trkpt lat="41.644513" lon="2.742996">
        <ele>9.289</ele>
        <time>2024-12-31T13:26:43Z</time>
      </trkpt>
      <trkpt lat="41.644485" lon="2.743021">
        <ele>9.181</ele>
        <time>2024-12-31T13:26:46Z</time>
      </trkpt>
      <trkpt lat="41.644448" lon="2.743055">
        <ele>9.028</ele>
        <time>2024-12-31T13:26:52Z</time>
      </trkpt>
      <trkpt lat="41.644409" lon="2.743077">
        <ele>9.095</ele>
        <time>2024-12-31T13:26:56Z</time>
      </trkpt>
      <trkpt lat="41.644367" lon="2.743113">
        <ele>8.926</ele>
        <time>2024-12-31T13:27:01Z</time>
      </trkpt>
      <trkpt lat="41.644330" lon="2.743152">
        <ele>8.953</ele>
        <time>2024-12-31T13:27:05Z</time>
      </trkpt>
      <trkpt lat="41.644286" lon="2.743184">
        <ele>8.736</ele>
        <time>2024-12-31T13:27:10Z</time>
      </trkpt>
      <trkpt lat="41.644235" lon="2.743233">
        <ele>8.579</ele>
        <time>2024-12-31T13:27:16Z</time>
      </trkpt>
      <trkpt lat="41.644196" lon="2.743273">
        <ele>8.305</ele>
        <time>2024-12-31T13:27:20Z</time>
      </trkpt>
      <trkpt lat="41.644176" lon="2.743303">
        <ele>8.125</ele>
        <time>2024-12-31T13:27:23Z</time>
      </trkpt>
      <trkpt lat="41.644131" lon="2.743338">
        <ele>7.909</ele>
        <time>2024-12-31T13:27:28Z</time>
      </trkpt>
      <trkpt lat="41.644106" lon="2.743356">
        <ele>7.888</ele>
        <time>2024-12-31T13:27:31Z</time>
      </trkpt>
      <trkpt lat="41.644080" lon="2.743367">
        <ele>7.776</ele>
        <time>2024-12-31T13:27:34Z</time>
      </trkpt>
      <trkpt lat="41.644056" lon="2.743386">
        <ele>7.745</ele>
        <time>2024-12-31T13:27:36Z</time>
      </trkpt>
      <trkpt lat="41.644021" lon="2.743417">
        <ele>7.617</ele>
        <time>2024-12-31T13:27:40Z</time>
      </trkpt>
      <trkpt lat="41.643974" lon="2.743449">
        <ele>7.684</ele>
        <time>2024-12-31T13:27:45Z</time>
      </trkpt>
      <trkpt lat="41.643942" lon="2.743472">
        <ele>7.661</ele>
        <time>2024-12-31T13:27:49Z</time>
      </trkpt>
      <trkpt lat="41.643908" lon="2.743506">
        <ele>7.672</ele>
        <time>2024-12-31T13:27:53Z</time>
      </trkpt>
      <trkpt lat="41.643878" lon="2.743535">
        <ele>7.729</ele>
        <time>2024-12-31T13:27:56Z</time>
      </trkpt>
      <trkpt lat="41.643855" lon="2.743557">
        <ele>7.752</ele>
        <time>2024-12-31T13:27:59Z</time>
      </trkpt>
      <trkpt lat="41.643827" lon="2.743578">
        <ele>7.711</ele>
        <time>2024-12-31T13:28:02Z</time>
      </trkpt>
      <trkpt lat="41.643781" lon="2.743629">
        <ele>7.621</ele>
        <time>2024-12-31T13:28:08Z</time>
      </trkpt>
      <trkpt lat="41.643751" lon="2.743650">
        <ele>7.603</ele>
        <time>2024-12-31T13:28:11Z</time>
      </trkpt>
      <trkpt lat="41.643718" lon="2.743697">
        <ele>7.609</ele>
        <time>2024-12-31T13:28:16Z</time>
      </trkpt>
      <trkpt lat="41.643676" lon="2.743727">
        <ele>7.652</ele>
        <time>2024-12-31T13:28:20Z</time>
      </trkpt>
      <trkpt lat="41.643655" lon="2.743756">
        <ele>7.630</ele>
        <time>2024-12-31T13:28:24Z</time>
      </trkpt>
      <trkpt lat="41.643625" lon="2.743785">
        <ele>7.689</ele>
        <time>2024-12-31T13:28:27Z</time>
      </trkpt>
      <trkpt lat="41.643596" lon="2.743799">
        <ele>7.811</ele>
        <time>2024-12-31T13:28:30Z</time>
      </trkpt>
      <trkpt lat="41.643568" lon="2.743816">
        <ele>8.058</ele>
        <time>2024-12-31T13:28:33Z</time>
      </trkpt>
      <trkpt lat="41.643520" lon="2.743850">
        <ele>8.515</ele>
        <time>2024-12-31T13:28:38Z</time>
      </trkpt>
      <trkpt lat="41.643497" lon="2.743872">
        <ele>8.886</ele>
        <time>2024-12-31T13:28:42Z</time>
      </trkpt>
      <trkpt lat="41.643470" lon="2.743929">
        <ele>9.243</ele>
        <time>2024-12-31T13:28:46Z</time>
      </trkpt>
      <trkpt lat="41.643447" lon="2.743982">
        <ele>9.726</ele>
        <time>2024-12-31T13:28:51Z</time>
      </trkpt>
      <trkpt lat="41.643406" lon="2.744020">
        <ele>10.177</ele>
        <time>2024-12-31T13:28:55Z</time>
      </trkpt>
      <trkpt lat="41.643363" lon="2.744054">
        <ele>10.461</ele>
        <time>2024-12-31T13:29:00Z</time>
      </trkpt>
      <trkpt lat="41.643338" lon="2.744075">
        <ele>10.627</ele>
        <time>2024-12-31T13:29:03Z</time>
      </trkpt>
      <trkpt lat="41.643307" lon="2.744101">
        <ele>11.009</ele>
        <time>2024-12-31T13:29:06Z</time>
      </trkpt>
      <trkpt lat="41.643282" lon="2.744137">
        <ele>11.388</ele>
        <time>2024-12-31T13:29:12Z</time>
      </trkpt>
      <trkpt lat="41.643234" lon="2.744155">
        <ele>11.736</ele>
        <time>2024-12-31T13:29:19Z</time>
      </trkpt>
      <trkpt lat="41.643199" lon="2.744171">
        <ele>12.025</ele>
        <time>2024-12-31T13:29:23Z</time>
      </trkpt>
      <trkpt lat="41.643166" lon="2.744186">
        <ele>12.237</ele>
        <time>2024-12-31T13:29:26Z</time>
      </trkpt>
      <trkpt lat="41.643141" lon="2.744203">
        <ele>12.344</ele>
        <time>2024-12-31T13:29:28Z</time>
      </trkpt>
      <trkpt lat="41.643116" lon="2.744224">
        <ele>12.551</ele>
        <time>2024-12-31T13:29:31Z</time>
      </trkpt>
      <trkpt lat="41.643084" lon="2.744248">
        <ele>12.822</ele>
        <time>2024-12-31T13:29:35Z</time>
      </trkpt>
      <trkpt lat="41.643037" lon="2.744274">
        <ele>13.149</ele>
        <time>2024-12-31T13:29:40Z</time>
      </trkpt>
      <trkpt lat="41.642992" lon="2.744304">
        <ele>13.232</ele>
        <time>2024-12-31T13:29:45Z</time>
      </trkpt>
      <trkpt lat="41.642941" lon="2.744345">
        <ele>13.587</ele>
        <time>2024-12-31T13:29:51Z</time>
      </trkpt>
      <trkpt lat="41.642905" lon="2.744375">
        <ele>13.842</ele>
        <time>2024-12-31T13:29:55Z</time>
      </trkpt>
      <trkpt lat="41.642883" lon="2.744400">
        <ele>14.026</ele>
        <time>2024-12-31T13:29:58Z</time>
      </trkpt>
      <trkpt lat="41.642852" lon="2.744444">
        <ele>14.509</ele>
        <time>2024-12-31T13:30:02Z</time>
      </trkpt>
      <trkpt lat="41.642828" lon="2.744491">
        <ele>14.029</ele>
        <time>2024-12-31T13:30:07Z</time>
      </trkpt>
      <trkpt lat="41.642799" lon="2.744459">
        <ele>14.617</ele>
        <time>2024-12-31T13:30:10Z</time>
      </trkpt>
      <trkpt lat="41.642784" lon="2.744418">
        <ele>14.876</ele>
        <time>2024-12-31T13:30:14Z</time>
      </trkpt>
      <trkpt lat="41.642767" lon="2.744347">
        <ele>14.188</ele>
        <time>2024-12-31T13:30:19Z</time>
      </trkpt>
      <trkpt lat="41.642745" lon="2.744282">
        <ele>13.455</ele>
        <time>2024-12-31T13:30:23Z</time>
      </trkpt>
      <trkpt lat="41.642715" lon="2.744223">
        <ele>12.832</ele>
        <time>2024-12-31T13:30:28Z</time>
      </trkpt>
      <trkpt lat="41.642688" lon="2.744162">
        <ele>12.393</ele>
        <time>2024-12-31T13:30:33Z</time>
      </trkpt>
      <trkpt lat="41.642661" lon="2.744105">
        <ele>11.840</ele>
        <time>2024-12-31T13:30:39Z</time>
      </trkpt>
      <trkpt lat="41.642644" lon="2.744073">
        <ele>11.413</ele>
        <time>2024-12-31T13:30:42Z</time>
      </trkpt>
      <trkpt lat="41.642629" lon="2.744039">
        <ele>11.068</ele>
        <time>2024-12-31T13:30:44Z</time>
      </trkpt>
      <trkpt lat="41.642615" lon="2.744004">
        <ele>10.642</ele>
        <time>2024-12-31T13:30:47Z</time>
      </trkpt>
      <trkpt lat="41.642606" lon="2.743964">
        <ele>10.126</ele>
        <time>2024-12-31T13:30:50Z</time>
      </trkpt>
      <trkpt lat="41.642587" lon="2.743904">
        <ele>9.409</ele>
        <time>2024-12-31T13:30:55Z</time>
      </trkpt>
      <trkpt lat="41.642573" lon="2.743866">
        <ele>8.997</ele>
        <time>2024-12-31T13:30:58Z</time>
      </trkpt>
      <trkpt lat="41.642559" lon="2.743826">
        <ele>8.595</ele>
        <time>2024-12-31T13:31:01Z</time>
      </trkpt>
      <trkpt lat="41.642546" lon="2.743790">
        <ele>8.254</ele>
        <time>2024-12-31T13:31:04Z</time>
      </trkpt>
      <trkpt lat="41.642523" lon="2.743733">
        <ele>7.786</ele>
        <time>2024-12-31T13:31:09Z</time>
      </trkpt>
      <trkpt lat="41.642507" lon="2.743701">
        <ele>7.453</ele>
        <time>2024-12-31T13:31:11Z</time>
      </trkpt>
      <trkpt lat="41.642500" lon="2.743659">
        <ele>7.220</ele>
        <time>2024-12-31T13:31:14Z</time>
      </trkpt>
      <trkpt lat="41.642486" lon="2.743625">
        <ele>6.991</ele>
        <time>2024-12-31T13:31:17Z</time>
      </trkpt>
      <trkpt lat="41.642475" lon="2.743589">
        <ele>6.848</ele>
        <time>2024-12-31T13:31:20Z</time>
      </trkpt>
      <trkpt lat="41.642452" lon="2.743525">
        <ele>6.741</ele>
        <time>2024-12-31T13:31:29Z</time>
      </trkpt>
      <trkpt lat="41.642435" lon="2.743489">
        <ele>6.662</ele>
        <time>2024-12-31T13:31:33Z</time>
      </trkpt>
      <trkpt lat="41.642422" lon="2.743455">
        <ele>6.683</ele>
        <time>2024-12-31T13:31:35Z</time>
      </trkpt>
      <trkpt lat="41.642418" lon="2.743419">
        <ele>6.611</ele>
        <time>2024-12-31T13:31:38Z</time>
      </trkpt>
      <trkpt lat="41.642403" lon="2.743377">
        <ele>6.609</ele>
        <time>2024-12-31T13:31:42Z</time>
      </trkpt>
      <trkpt lat="41.642389" lon="2.743342">
        <ele>6.617</ele>
        <time>2024-12-31T13:31:45Z</time>
      </trkpt>
      <trkpt lat="41.642373" lon="2.743310">
        <ele>6.665</ele>
        <time>2024-12-31T13:31:48Z</time>
      </trkpt>
      <trkpt lat="41.642361" lon="2.743276">
        <ele>6.714</ele>
        <time>2024-12-31T13:31:51Z</time>
      </trkpt>
      <trkpt lat="41.642344" lon="2.743241">
        <ele>6.866</ele>
        <time>2024-12-31T13:31:54Z</time>
      </trkpt>
      <trkpt lat="41.642334" lon="2.743206">
        <ele>6.983</ele>
        <time>2024-12-31T13:31:57Z</time>
      </trkpt>
      <trkpt lat="41.642321" lon="2.743174">
        <ele>6.990</ele>
        <time>2024-12-31T13:31:59Z</time>
      </trkpt>
      <trkpt lat="41.642312" lon="2.743139">
        <ele>7.091</ele>
        <time>2024-12-31T13:32:02Z</time>
      </trkpt>
      <trkpt lat="41.642292" lon="2.743080">
        <ele>7.288</ele>
        <time>2024-12-31T13:32:06Z</time>
      </trkpt>
      <trkpt lat="41.642275" lon="2.743045">
        <ele>7.381</ele>
        <time>2024-12-31T13:32:09Z</time>
      </trkpt>
      <trkpt lat="41.642253" lon="2.742978">
        <ele>7.628</ele>
        <time>2024-12-31T13:32:16Z</time>
      </trkpt>
      <trkpt lat="41.642241" lon="2.742940">
        <ele>7.889</ele>
        <time>2024-12-31T13:32:19Z</time>
      </trkpt>
      <trkpt lat="41.642229" lon="2.742907">
        <ele>8.117</ele>
        <time>2024-12-31T13:32:22Z</time>
      </trkpt>
      <trkpt lat="41.642217" lon="2.742870">
        <ele>8.309</ele>
        <time>2024-12-31T13:32:25Z</time>
      </trkpt>
      <trkpt lat="41.642207" lon="2.742830">
        <ele>8.693</ele>
        <time>2024-12-31T13:32:27Z</time>
      </trkpt>
      <trkpt lat="41.642194" lon="2.742790">
        <ele>8.821</ele>
        <time>2024-12-31T13:32:31Z</time>
      </trkpt>
      <trkpt lat="41.642184" lon="2.742755">
        <ele>9.030</ele>
        <time>2024-12-31T13:32:33Z</time>
      </trkpt>
      <trkpt lat="41.642173" lon="2.742721">
        <ele>9.342</ele>
        <time>2024-12-31T13:32:36Z</time>
      </trkpt>
      <trkpt lat="41.642161" lon="2.742684">
        <ele>9.589</ele>
        <time>2024-12-31T13:32:39Z</time>
      </trkpt>
      <trkpt lat="41.642152" lon="2.742648">
        <ele>9.856</ele>
        <time>2024-12-31T13:32:43Z</time>
      </trkpt>
      <trkpt lat="41.642124" lon="2.742589">
        <ele>10.297</ele>
        <time>2024-12-31T13:32:49Z</time>
      </trkpt>
      <trkpt lat="41.642113" lon="2.742529">
        <ele>10.894</ele>
        <time>2024-12-31T13:32:55Z</time>
      </trkpt>
      <trkpt lat="41.642094" lon="2.742468">
        <ele>11.117</ele>
        <time>2024-12-31T13:33:01Z</time>
      </trkpt>
      <trkpt lat="41.642080" lon="2.742431">
        <ele>11.125</ele>
        <time>2024-12-31T13:33:04Z</time>
      </trkpt>
      <trkpt lat="41.642054" lon="2.742394">
        <ele>11.226</ele>
        <time>2024-12-31T13:33:07Z</time>
      </trkpt>
      <trkpt lat="41.642025" lon="2.742339">
        <ele>11.408</ele>
        <time>2024-12-31T13:33:12Z</time>
      </trkpt>
      <trkpt lat="41.642012" lon="2.742306">
        <ele>11.509</ele>
        <time>2024-12-31T13:33:16Z</time>
      </trkpt>
      <trkpt lat="41.642001" lon="2.742270">
        <ele>11.783</ele>
        <time>2024-12-31T13:33:19Z</time>
      </trkpt>
      <trkpt lat="41.641982" lon="2.742202">
        <ele>11.841</ele>
        <time>2024-12-31T13:33:24Z</time>
      </trkpt>
      <trkpt lat="41.641975" lon="2.742165">
        <ele>11.710</ele>
        <time>2024-12-31T13:33:27Z</time>
      </trkpt>
      <trkpt lat="41.641955" lon="2.742126">
        <ele>11.662</ele>
        <time>2024-12-31T13:33:30Z</time>
      </trkpt>
      <trkpt lat="41.641934" lon="2.742069">
        <ele>11.449</ele>
        <time>2024-12-31T13:33:35Z</time>
      </trkpt>
      <trkpt lat="41.641916" lon="2.742023">
        <ele>11.196</ele>
        <time>2024-12-31T13:33:38Z</time>
      </trkpt>
      <trkpt lat="41.641903" lon="2.741987">
        <ele>10.817</ele>
        <time>2024-12-31T13:33:41Z</time>
      </trkpt>
      <trkpt lat="41.641884" lon="2.741929">
        <ele>10.274</ele>
        <time>2024-12-31T13:33:46Z</time>
      </trkpt>
      <trkpt lat="41.641869" lon="2.741879">
        <ele>9.767</ele>
        <time>2024-12-31T13:33:49Z</time>
      </trkpt>
      <trkpt lat="41.641861" lon="2.741832">
        <ele>9.322</ele>
        <time>2024-12-31T13:33:53Z</time>
      </trkpt>
      <trkpt lat="41.641836" lon="2.741720">
        <ele>8.262</ele>
        <time>2024-12-31T13:34:01Z</time>
      </trkpt>
      <trkpt lat="41.641823" lon="2.741649">
        <ele>7.708</ele>
        <time>2024-12-31T13:34:07Z</time>
      </trkpt>
      <trkpt lat="41.641813" lon="2.741599">
        <ele>7.509</ele>
        <time>2024-12-31T13:34:10Z</time>
      </trkpt>
      <trkpt lat="41.641805" lon="2.741563">
        <ele>7.323</ele>
        <time>2024-12-31T13:34:13Z</time>
      </trkpt>
      <trkpt lat="41.641789" lon="2.741515">
        <ele>7.141</ele>
        <time>2024-12-31T13:34:17Z</time>
      </trkpt>
      <trkpt lat="41.641773" lon="2.741479">
        <ele>6.960</ele>
        <time>2024-12-31T13:34:20Z</time>
      </trkpt>
    </trkseg>
  </trk></gpx>