<?xml version="1.0" encoding="UTF-8"?>
<gpx creator="Wikiloc - https://www.wikiloc.com" version="1.1" xmlns="http://www.topografix.com/GPX/1/1" xmlns:xsi="http://www.w3.org/2001/XMLSchema-instance" xsi:schemaLocation="http://www.topografix.com/GPX/1/1 http://www.topografix.com/GPX/1/1/gpx.xsd">
  <metadata>
    <name>Wikiloc - 281. Senderisme en tren. La Torrassa i el Castellvell des de Llinars del Vallès seguint el PR C-228</name>
    <author>
      <name>Senderisme en tren</name>
      <link href="https://www.wikiloc.com/wikiloc/user.do?id=438461">
        <text>Senderisme en tren on Wikiloc</text>
      </link>
    </author>
    <link href="https://www.wikiloc.com/hiking-trails/281-senderisme-en-tren-la-torrassa-i-el-castellvell-des-de-llinars-del-valles-seguint-el-pr-c-228-195023039">
      <text>281. Senderisme en tren. La Torrassa i el Castellvell des de Llinars del Vallès seguint el PR C-228 on Wikiloc</text>
    </link>
    <time>2024-12-13T13:08:05Z</time>
  </metadata>
  <wpt lat="41.623700" lon="2.401521">
    <ele>333.2</ele>
    <time>2024-12-14T07:56:40Z</time>
    <name>Can Bordoi</name>
    <cmt></cmt>
    <desc></desc>
  </wpt>
  <wpt lat="41.609559" lon="2.382038">
    <ele>285.3</ele>
    <time>2024-12-13T16:15:30Z</time>
    <name>Can Martí (granja)</name>
    <cmt></cmt>
    <desc></desc>
  </wpt>
  <wpt lat="41.626654" lon="2.407432">
    <ele>367.3</ele>
    <time>2024-12-13T16:12:49Z</time>
    <name>Castellvell</name>
    <cmt></cmt>
    <desc></desc>
  </wpt>
  <wpt lat="41.624243" lon="2.403994">
    <ele>326.5</ele>
    <time>2024-12-14T07:56:49Z</time>
    <name>Coll de Can Bordoi</name>
    <cmt></cmt>
    <desc></desc>
  </wpt>
  <wpt lat="41.637304" lon="2.402616">
    <ele>182.4</ele>
    <time>2024-12-13T16:10:31Z</time>
    <name>Riera Giola (pàrquing)</name>
    <cmt></cmt>
    <desc></desc>
  </wpt>
  <wpt lat="41.627369" lon="2.425468">
    <ele>404.4</ele>
    <time>2024-12-13T16:06:36Z</time>
    <name>Cruïlla PR C-228.2</name>
    <cmt></cmt>
    <desc></desc>
  </wpt>
  <wpt lat="41.613315" lon="2.386923">
    <ele>388.2</ele>
    <time>2024-12-13T16:12:08Z</time>
    <name>Ermita de Sant Sebastià</name>
    <cmt></cmt>
    <desc></desc>
  </wpt>
  <wpt lat="41.638200" lon="2.404605">
    <ele>184.6</ele>
    <time>2024-12-13T16:09:44Z</time>
    <name>Estació de Llinars (R)</name>
    <cmt>En obres des de fa mesos (2024)</cmt>
    <desc>En obres des de fa mesos (2024)</desc>
  </wpt>
  <wpt lat="41.626081" lon="2.410527">
    <ele>386.6</ele>
    <time>2024-12-13T16:05:23Z</time>
    <name>Gir dreta</name>
    <cmt></cmt>
    <desc></desc>
  </wpt>
  <wpt lat="41.618878" lon="2.386038">
    <ele>408.6</ele>
    <time>2024-12-13T16:11:49Z</time>
    <name>La Torrassa</name>
    <cmt></cmt>
    <desc></desc>
  </wpt>
  <wpt lat="41.639940" lon="2.408576">
    <ele>185.1</ele>
    <time>2024-12-13T16:08:31Z</time>
    <name>Pas a nivell R2 Nord</name>
    <cmt></cmt>
    <desc></desc>
  </wpt>
  <wpt lat="41.631875" lon="2.387949">
    <ele>170.6</ele>
    <time>2024-12-13T16:16:44Z</time>
    <name>Pas A7</name>
    <cmt></cmt>
    <desc></desc>
  </wpt>
  <wpt lat="41.627706" lon="2.415874">
    <ele>374.5</ele>
    <time>2024-12-13T16:05:59Z</time>
    <name>Poblat ibèric del Turó del Vent</name>
    <cmt></cmt>
    <desc></desc>
  </wpt>
  <wpt lat="41.638148" lon="2.409454">
    <ele>184.9</ele>
    <time>2024-12-13T16:13:29Z</time>
    <name>Pont AVE</name>
    <cmt></cmt>
    <desc></desc>
  </wpt>
  <wpt lat="41.632406" lon="2.387199">
    <ele>172.8</ele>
    <time>2024-12-13T16:09:27Z</time>
    <name>Riu Mogent</name>
    <cmt></cmt>
    <desc></desc>
  </wpt>
  <wpt lat="41.638640" lon="2.409106">
    <ele>185.9</ele>
    <time>2024-12-13T16:07:46Z</time>
    <name>Riu Mogent</name>
    <cmt></cmt>
    <desc></desc>
  </wpt>
  <wpt lat="41.617358" lon="2.375576">
    <ele>288.6</ele>
    <time>2024-12-13T16:10:59Z</time>
    <name>Sant Esteve del Coll</name>
    <cmt></cmt>
    <desc></desc>
  </wpt>
  <wpt lat="41.627712" lon="2.383218">
    <ele>171.3</ele>
    <time>2024-12-14T09:58:21Z</time>
    <name>Túnel AVE</name>
    <cmt></cmt>
    <desc></desc>
  </wpt>
  <wpt lat="41.636934" lon="2.401135">
    <ele>182.2</ele>
    <time>2024-12-13T16:14:24Z</time>
    <name>Túnel sota les vies</name>
    <cmt></cmt>
    <desc></desc>
  </wpt>
  <trk>
    <name>281. Senderisme en tren. La Torrassa i el Castellvell des de Llinars del Vallès seguint el PR C-228 - Wikiloc</name>
    <cmt>&lt;strong&gt;LA TRAVESSA&lt;/strong&gt; &lt;b&gt;&lt;/b&gt; 
 
Recorregut circular que des de l'&lt;b&gt;estació de Llinars&lt;/b&gt; ens portarà a conèixer una part dels al·licients de la &lt;b&gt;serra del Corredor&lt;/b&gt;, muntanya a cavall del Vallès Oriental i el Maresme i inclosa dins del &lt;b&gt;Parc del Montnegre i el Corredor&lt;/b&gt;, un espai protegit de de 15.000 ha. 
 
Seguirem el tram occidental del &lt;b&gt;PR C-228&lt;/b&gt;, un sender circular de 26 quilòmetres que recorre bona part del parc del Corredor. La part que visitem és bàsicament la vallesana, la situada prop de Llinars del Vallès. Tot i això, la ruta trepitja força &lt;b&gt;elements d'interès naturals i patrimonials&lt;/b&gt;, entre els que destaca la &lt;b&gt;Torrassa&lt;/b&gt; i l'ermita de &lt;b&gt;Sant Sebastià&lt;/b&gt; i les ruïnes de &lt;b&gt;Castellvell&lt;/b&gt;. Per a tornar a Llinars farem servir la variant PR C-228.2, una de les tres de les que utilitza el sender de petit recorregut per accedir dalt de la serralada. 
 
El camí segueix en bona part amples pistes, sovint massa per als que ens agraden els corriols. Entre el coll de Can Bordoi i el descens a Llinars el sender segueix per la vorera el carrer asfaltat d'accés a Can Massuet del Far de Dosrius, una de les nombroses aberracions en forma d'urbanització (construïda el 1968) que sembren, i destrossen, el territori, en aquest cas, al ben mig de la serra del Corredor. 
 
 
&lt;strong&gt;ELS SENDERS&lt;/strong&gt; 
 
El novembre de 2023 el Centre Excursionista de Llinar va inaugurar el PR-C 228, un sender amb sortida i acabament al centre del municipi. El sender té 25 km de recorregut i consta de tres diferents variants que connecten la part alta de la ruta amb a la baixa i que permeten dissenyar diferents bucles/rutes segons el que triem. 
 
Podeu trobar el tram més oriental del PR a la &lt;a href="https://ca.wikiloc.com/rutes-senderisme/275-senderisme-en-tren-aiguabarreig-del-riu-mogent-besos-seguint-el-pr-228-2-des-de-llinars-del-val-187673217"&gt;Ruta ST275&lt;/a&gt;. 
 
El &lt;b&gt;GR-92&lt;/b&gt; travessa tota la serra del Corredor des de Vallgorguina fins a Can Bordoi. Resseguirem aquest sender de gran recorregut durant bona part de l'estona en què el camí ressegueix la carena de la serra. 
 
 
&lt;strong&gt;DIFICULTAT&lt;/strong&gt; &lt;b&gt;&lt;/b&gt; 
 
Ruta de dificultat &lt;b&gt;mitjana&lt;/b&gt;. 
 
Tot i que seguim la pintura blanca i groga de PR en tot moment i hi ha pals indicadors a gairebé totes les cruïlles, cal estar atents al gps a fi de no passar-se cap element d'interès i de cap de les &lt;b&gt;constants cruïlles&lt;/b&gt; que hi ha durant el recorregut. 
 
 
 
 &lt;strong&gt;ELS TRENS&lt;/strong&gt; 
 
- &lt;u&gt;ESTACIÓ DE SORTIDA/ARRIBADA&lt;/u&gt;: &lt;b&gt;Llinars del Vallès (Rodalies)&lt;/b&gt;. L'estació es troba al sud de la vila, a tocar de la plaça de la Vila o n hi ha tot d'establiments on poder prendre alguna cosa o comprar algun avituallament. 
 
Podeu consultar tots els &lt;b&gt;horaris&lt;/b&gt; a: 
 
&lt;b&gt;- &lt;a href="https://rodalies.gencat.cat/ca/inici" target="_blank" rel="nofollow noopener"&gt;Rodalies de Catalunya&lt;/a&gt;&lt;/b&gt;</cmt>
    <desc>&lt;strong&gt;LA TRAVESSA&lt;/strong&gt; &lt;b&gt;&lt;/b&gt; 
 
Recorregut circular que des de l'&lt;b&gt;estació de Llinars&lt;/b&gt; ens portarà a conèixer una part dels al·licients de la &lt;b&gt;serra del Corredor&lt;/b&gt;, muntanya a cavall del Vallès Oriental i el Maresme i inclosa dins del &lt;b&gt;Parc del Montnegre i el Corredor&lt;/b&gt;, un espai protegit de de 15.000 ha. 
 
Seguirem el tram occidental del &lt;b&gt;PR C-228&lt;/b&gt;, un sender circular de 26 quilòmetres que recorre bona part del parc del Corredor. La part que visitem és bàsicament la vallesana, la situada prop de Llinars del Vallès. Tot i això, la ruta trepitja força &lt;b&gt;elements d'interès naturals i patrimonials&lt;/b&gt;, entre els que destaca la &lt;b&gt;Torrassa&lt;/b&gt; i l'ermita de &lt;b&gt;Sant Sebastià&lt;/b&gt; i les ruïnes de &lt;b&gt;Castellvell&lt;/b&gt;. Per a tornar a Llinars farem servir la variant PR C-228.2, una de les tres de les que utilitza el sender de petit recorregut per accedir dalt de la serralada. 
 
El camí segueix en bona part amples pistes, sovint massa per als que ens agraden els corriols. Entre el coll de Can Bordoi i el descens a Llinars el sender segueix per la vorera el carrer asfaltat d'accés a Can Massuet del Far de Dosrius, una de les nombroses aberracions en forma d'urbanització (construïda el 1968) que sembren, i destrossen, el territori, en aquest cas, al ben mig de la serra del Corredor. 
 
 
&lt;strong&gt;ELS SENDERS&lt;/strong&gt; 
 
El novembre de 2023 el Centre Excursionista de Llinar va inaugurar el PR-C 228, un sender amb sortida i acabament al centre del municipi. El sender té 25 km de recorregut i consta de tres diferents variants que connecten la part alta de la ruta amb a la baixa i que permeten dissenyar diferents bucles/rutes segons el que triem. 
 
Podeu trobar el tram més oriental del PR a la &lt;a href="https://ca.wikiloc.com/rutes-senderisme/275-senderisme-en-tren-aiguabarreig-del-riu-mogent-besos-seguint-el-pr-228-2-des-de-llinars-del-val-187673217"&gt;Ruta ST275&lt;/a&gt;. 
 
El &lt;b&gt;GR-92&lt;/b&gt; travessa tota la serra del Corredor des de Vallgorguina fins a Can Bordoi. Resseguirem aquest sender de gran recorregut durant bona part de l'estona en què el camí ressegueix la carena de la serra. 
 
 
&lt;strong&gt;DIFICULTAT&lt;/strong&gt; &lt;b&gt;&lt;/b&gt; 
 
Ruta de dificultat &lt;b&gt;mitjana&lt;/b&gt;. 
 
Tot i que seguim la pintura blanca i groga de PR en tot moment i hi ha pals indicadors a gairebé totes les cruïlles, cal estar atents al gps a fi de no passar-se cap element d'interès i de cap de les &lt;b&gt;constants cruïlles&lt;/b&gt; que hi ha durant el recorregut. 
 
 
 
 &lt;strong&gt;ELS TRENS&lt;/strong&gt; 
 
- &lt;u&gt;ESTACIÓ DE SORTIDA/ARRIBADA&lt;/u&gt;: &lt;b&gt;Llinars del Vallès (Rodalies)&lt;/b&gt;. L'estació es troba al sud de la vila, a tocar de la plaça de la Vila o n hi ha tot d'establiments on poder prendre alguna cosa o comprar algun avituallament. 
 
Podeu consultar tots els &lt;b&gt;horaris&lt;/b&gt; a: 
 
&lt;b&gt;- &lt;a href="https://rodalies.gencat.cat/ca/inici" target="_blank" rel="nofollow noopener"&gt;Rodalies de Catalunya&lt;/a&gt;&lt;/b&gt;</desc>
    <trkseg>
      <trkpt lat="41.638171" lon="2.404539">
        <ele>184.612</ele>
        <time>2024-12-13T09:32:52Z</time>
      </trkpt>
      <trkpt lat="41.638147" lon="2.404479">
        <ele>184.432</ele>
        <time>2024-12-13T09:32:56Z</time>
      </trkpt>
      <trkpt lat="41.638126" lon="2.404430">
        <ele>184.205</ele>
        <time>2024-12-13T09:32:58Z</time>
      </trkpt>
      <trkpt lat="41.638110" lon="2.404388">
        <ele>184.009</ele>
        <time>2024-12-13T09:33:00Z</time>
      </trkpt>
      <trkpt lat="41.638094" lon="2.404335">
        <ele>183.722</ele>
        <time>2024-12-13T09:33:02Z</time>
      </trkpt>
      <trkpt lat="41.638069" lon="2.404298">
        <ele>183.520</ele>
        <time>2024-12-13T09:33:04Z</time>
      </trkpt>
      <trkpt lat="41.638057" lon="2.404256">
        <ele>183.316</ele>
        <time>2024-12-13T09:33:06Z</time>
      </trkpt>
      <trkpt lat="41.638041" lon="2.404214">
        <ele>183.271</ele>
        <time>2024-12-13T09:33:08Z</time>
      </trkpt>
      <trkpt lat="41.638013" lon="2.404150">
        <ele>182.953</ele>
        <time>2024-12-13T09:33:10Z</time>
      </trkpt>
      <trkpt lat="41.637971" lon="2.404115">
        <ele>182.844</ele>
        <time>2024-12-13T09:33:13Z</time>
      </trkpt>
      <trkpt lat="41.637953" lon="2.404081">
        <ele>182.781</ele>
        <time>2024-12-13T09:33:15Z</time>
      </trkpt>
      <trkpt lat="41.637913" lon="2.404035">
        <ele>182.594</ele>
        <time>2024-12-13T09:33:19Z</time>
      </trkpt>
      <trkpt lat="41.637886" lon="2.404005">
        <ele>182.430</ele>
        <time>2024-12-13T09:33:21Z</time>
      </trkpt>
      <trkpt lat="41.637854" lon="2.403964">
        <ele>182.384</ele>
        <time>2024-12-13T09:33:24Z</time>
      </trkpt>
      <trkpt lat="41.637832" lon="2.403937">
        <ele>182.207</ele>
        <time>2024-12-13T09:33:26Z</time>
      </trkpt>
      <trkpt lat="41.637819" lon="2.403900">
        <ele>182.017</ele>
        <time>2024-12-13T09:33:28Z</time>
      </trkpt>
      <trkpt lat="41.637800" lon="2.403865">
        <ele>182.009</ele>
        <time>2024-12-13T09:33:30Z</time>
      </trkpt>
      <trkpt lat="41.637785" lon="2.403825">
        <ele>182.029</ele>
        <time>2024-12-13T09:33:32Z</time>
      </trkpt>
      <trkpt lat="41.637764" lon="2.403794">
        <ele>182.097</ele>
        <time>2024-12-13T09:33:34Z</time>
      </trkpt>
      <trkpt lat="41.637745" lon="2.403766">
        <ele>182.133</ele>
        <time>2024-12-13T09:33:36Z</time>
      </trkpt>
      <trkpt lat="41.637717" lon="2.403711">
        <ele>182.168</ele>
        <time>2024-12-13T09:33:39Z</time>
      </trkpt>
      <trkpt lat="41.637706" lon="2.403674">
        <ele>182.170</ele>
        <time>2024-12-13T09:33:41Z</time>
      </trkpt>
      <trkpt lat="41.637683" lon="2.403611">
        <ele>182.091</ele>
        <time>2024-12-13T09:33:45Z</time>
      </trkpt>
      <trkpt lat="41.637666" lon="2.403575">
        <ele>181.928</ele>
        <time>2024-12-13T09:33:47Z</time>
      </trkpt>
      <trkpt lat="41.637653" lon="2.403537">
        <ele>181.991</ele>
        <time>2024-12-13T09:33:49Z</time>
      </trkpt>
      <trkpt lat="41.637644" lon="2.403501">
        <ele>181.847</ele>
        <time>2024-12-13T09:33:51Z</time>
      </trkpt>
      <trkpt lat="41.637637" lon="2.403460">
        <ele>181.787</ele>
        <time>2024-12-13T09:33:53Z</time>
      </trkpt>
      <trkpt lat="41.637623" lon="2.403426">
        <ele>181.742</ele>
        <time>2024-12-13T09:33:55Z</time>
      </trkpt>
      <trkpt lat="41.637598" lon="2.403363">
        <ele>181.726</ele>
        <time>2024-12-13T09:33:59Z</time>
      </trkpt>
      <trkpt lat="41.637581" lon="2.403314">
        <ele>181.709</ele>
        <time>2024-12-13T09:34:01Z</time>
      </trkpt>
      <trkpt lat="41.637562" lon="2.403253">
        <ele>181.819</ele>
        <time>2024-12-13T09:34:04Z</time>
      </trkpt>
      <trkpt lat="41.637537" lon="2.403195">
        <ele>181.947</ele>
        <time>2024-12-13T09:34:08Z</time>
      </trkpt>
      <trkpt lat="41.637522" lon="2.403161">
        <ele>182.033</ele>
        <time>2024-12-13T09:34:10Z</time>
      </trkpt>
      <trkpt lat="41.637492" lon="2.403112">
        <ele>182.088</ele>
        <time>2024-12-13T09:34:13Z</time>
      </trkpt>
      <trkpt lat="41.637461" lon="2.403059">
        <ele>182.020</ele>
        <time>2024-12-13T09:34:16Z</time>
      </trkpt>
      <trkpt lat="41.637444" lon="2.403024">
        <ele>182.041</ele>
        <time>2024-12-13T09:34:18Z</time>
      </trkpt>
      <trkpt lat="41.637424" lon="2.402986">
        <ele>182.048</ele>
        <time>2024-12-13T09:34:20Z</time>
      </trkpt>
      <trkpt lat="41.637413" lon="2.402952">
        <ele>182.061</ele>
        <time>2024-12-13T09:34:22Z</time>
      </trkpt>
      <trkpt lat="41.637401" lon="2.402919">
        <ele>182.047</ele>
        <time>2024-12-13T09:34:24Z</time>
      </trkpt>
      <trkpt lat="41.637392" lon="2.402881">
        <ele>182.091</ele>
        <time>2024-12-13T09:34:26Z</time>
      </trkpt>
      <trkpt lat="41.637374" lon="2.402817">
        <ele>182.081</ele>
        <time>2024-12-13T09:34:30Z</time>
      </trkpt>
      <trkpt lat="41.637361" lon="2.402783">
        <ele>182.019</ele>
        <time>2024-12-13T09:34:32Z</time>
      </trkpt>
      <trkpt lat="41.637348" lon="2.402749">
        <ele>182.009</ele>
        <time>2024-12-13T09:34:34Z</time>
      </trkpt>
      <trkpt lat="41.637336" lon="2.402712">
        <ele>182.150</ele>
        <time>2024-12-13T09:34:36Z</time>
      </trkpt>
      <trkpt lat="41.637322" lon="2.402681">
        <ele>182.138</ele>
        <time>2024-12-13T09:34:38Z</time>
      </trkpt>
      <trkpt lat="41.637310" lon="2.402646">
        <ele>182.254</ele>
        <time>2024-12-13T09:34:40Z</time>
      </trkpt>
      <trkpt lat="41.637299" lon="2.402611">
        <ele>182.269</ele>
        <time>2024-12-13T09:34:42Z</time>
      </trkpt>
      <trkpt lat="41.637320" lon="2.402567">
        <ele>182.391</ele>
        <time>2024-12-13T09:36:20Z</time>
      </trkpt>
      <trkpt lat="41.637351" lon="2.402546">
        <ele>182.432</ele>
        <time>2024-12-13T09:36:24Z</time>
      </trkpt>
      <trkpt lat="41.637384" lon="2.402505">
        <ele>182.679</ele>
        <time>2024-12-13T09:36:29Z</time>
      </trkpt>
      <trkpt lat="41.637429" lon="2.402470">
        <ele>182.972</ele>
        <time>2024-12-13T09:36:33Z</time>
      </trkpt>
      <trkpt lat="41.637457" lon="2.402458">
        <ele>183.078</ele>
        <time>2024-12-13T09:36:35Z</time>
      </trkpt>
      <trkpt lat="41.637487" lon="2.402454">
        <ele>183.158</ele>
        <time>2024-12-13T09:36:37Z</time>
      </trkpt>
      <trkpt lat="41.637517" lon="2.402444">
        <ele>183.252</ele>
        <time>2024-12-13T09:36:39Z</time>
      </trkpt>
      <trkpt lat="41.637542" lon="2.402427">
        <ele>183.317</ele>
        <time>2024-12-13T09:36:41Z</time>
      </trkpt>
      <trkpt lat="41.637566" lon="2.402408">
        <ele>183.309</ele>
        <time>2024-12-13T09:36:43Z</time>
      </trkpt>
      <trkpt lat="41.637615" lon="2.402370">
        <ele>183.516</ele>
        <time>2024-12-13T09:36:48Z</time>
      </trkpt>
      <trkpt lat="41.637644" lon="2.402364">
        <ele>183.584</ele>
        <time>2024-12-13T09:36:50Z</time>
      </trkpt>
      <trkpt lat="41.637673" lon="2.402355">
        <ele>183.540</ele>
        <time>2024-12-13T09:36:52Z</time>
      </trkpt>
      <trkpt lat="41.637724" lon="2.402359">
        <ele>183.515</ele>
        <time>2024-12-13T09:36:56Z</time>
      </trkpt>
      <trkpt lat="41.637757" lon="2.402322">
        <ele>183.647</ele>
        <time>2024-12-13T09:37:00Z</time>
      </trkpt>
      <trkpt lat="41.637782" lon="2.402299">
        <ele>183.798</ele>
        <time>2024-12-13T09:37:02Z</time>
      </trkpt>
      <trkpt lat="41.637798" lon="2.402236">
        <ele>184.015</ele>
        <time>2024-12-13T09:37:06Z</time>
      </trkpt>
      <trkpt lat="41.637788" lon="2.402197">
        <ele>184.058</ele>
        <time>2024-12-13T09:37:08Z</time>
      </trkpt>
      <trkpt lat="41.637738" lon="2.402189">
        <ele>184.064</ele>
        <time>2024-12-13T09:37:12Z</time>
      </trkpt>
      <trkpt lat="41.637706" lon="2.402205">
        <ele>184.033</ele>
        <time>2024-12-13T09:37:14Z</time>
      </trkpt>
      <trkpt lat="41.637680" lon="2.402220">
        <ele>184.023</ele>
        <time>2024-12-13T09:37:16Z</time>
      </trkpt>
      <trkpt lat="41.637648" lon="2.402226">
        <ele>184.015</ele>
        <time>2024-12-13T09:37:18Z</time>
      </trkpt>
      <trkpt lat="41.637615" lon="2.402217">
        <ele>184.009</ele>
        <time>2024-12-13T09:37:20Z</time>
      </trkpt>
      <trkpt lat="41.637579" lon="2.402172">
        <ele>184.064</ele>
        <time>2024-12-13T09:37:24Z</time>
      </trkpt>
      <trkpt lat="41.637575" lon="2.402116">
        <ele>184.012</ele>
        <time>2024-12-13T09:37:27Z</time>
      </trkpt>
      <trkpt lat="41.637580" lon="2.402047">
        <ele>184.088</ele>
        <time>2024-12-13T09:37:31Z</time>
      </trkpt>
      <trkpt lat="41.637590" lon="2.402008">
        <ele>184.013</ele>
        <time>2024-12-13T09:37:33Z</time>
      </trkpt>
      <trkpt lat="41.637596" lon="2.401938">
        <ele>184.085</ele>
        <time>2024-12-13T09:37:37Z</time>
      </trkpt>
      <trkpt lat="41.637597" lon="2.401877">
        <ele>183.816</ele>
        <time>2024-12-13T09:37:42Z</time>
      </trkpt>
      <trkpt lat="41.637596" lon="2.401819">
        <ele>183.513</ele>
        <time>2024-12-13T09:37:59Z</time>
      </trkpt>
      <trkpt lat="41.637593" lon="2.401782">
        <ele>183.446</ele>
        <time>2024-12-13T09:38:01Z</time>
      </trkpt>
      <trkpt lat="41.637555" lon="2.401759">
        <ele>183.332</ele>
        <time>2024-12-13T09:38:05Z</time>
      </trkpt>
      <trkpt lat="41.637525" lon="2.401745">
        <ele>183.326</ele>
        <time>2024-12-13T09:38:07Z</time>
      </trkpt>
      <trkpt lat="41.637474" lon="2.401739">
        <ele>183.147</ele>
        <time>2024-12-13T09:38:11Z</time>
      </trkpt>
      <trkpt lat="41.637420" lon="2.401733">
        <ele>182.911</ele>
        <time>2024-12-13T09:38:15Z</time>
      </trkpt>
      <trkpt lat="41.637394" lon="2.401728">
        <ele>182.809</ele>
        <time>2024-12-13T09:38:17Z</time>
      </trkpt>
      <trkpt lat="41.637362" lon="2.401717">
        <ele>182.643</ele>
        <time>2024-12-13T09:38:19Z</time>
      </trkpt>
      <trkpt lat="41.637333" lon="2.401711">
        <ele>182.531</ele>
        <time>2024-12-13T09:38:21Z</time>
      </trkpt>
      <trkpt lat="41.637303" lon="2.401708">
        <ele>182.337</ele>
        <time>2024-12-13T09:38:23Z</time>
      </trkpt>
      <trkpt lat="41.637276" lon="2.401705">
        <ele>182.252</ele>
        <time>2024-12-13T09:38:25Z</time>
      </trkpt>
      <trkpt lat="41.637224" lon="2.401694">
        <ele>182.084</ele>
        <time>2024-12-13T09:38:28Z</time>
      </trkpt>
      <trkpt lat="41.637196" lon="2.401685">
        <ele>181.995</ele>
        <time>2024-12-13T09:38:30Z</time>
      </trkpt>
      <trkpt lat="41.637167" lon="2.401682">
        <ele>181.852</ele>
        <time>2024-12-13T09:38:32Z</time>
      </trkpt>
      <trkpt lat="41.637124" lon="2.401671">
        <ele>181.645</ele>
        <time>2024-12-13T09:38:36Z</time>
      </trkpt>
      <trkpt lat="41.637099" lon="2.401621">
        <ele>181.611</ele>
        <time>2024-12-13T09:38:40Z</time>
      </trkpt>
      <trkpt lat="41.637068" lon="2.401561">
        <ele>181.624</ele>
        <time>2024-12-13T09:38:43Z</time>
      </trkpt>
      <trkpt lat="41.637047" lon="2.401488">
        <ele>181.604</ele>
        <time>2024-12-13T09:38:46Z</time>
      </trkpt>
      <trkpt lat="41.637030" lon="2.401446">
        <ele>181.614</ele>
        <time>2024-12-13T09:38:48Z</time>
      </trkpt>
      <trkpt lat="41.637015" lon="2.401404">
        <ele>181.509</ele>
        <time>2024-12-13T09:38:50Z</time>
      </trkpt>
      <trkpt lat="41.637003" lon="2.401363">
        <ele>181.563</ele>
        <time>2024-12-13T09:38:52Z</time>
      </trkpt>
      <trkpt lat="41.636994" lon="2.401327">
        <ele>181.561</ele>
        <time>2024-12-13T09:38:54Z</time>
      </trkpt>
      <trkpt lat="41.636967" lon="2.401264">
        <ele>181.637</ele>
        <time>2024-12-13T09:38:58Z</time>
      </trkpt>
      <trkpt lat="41.636959" lon="2.401228">
        <ele>181.722</ele>
        <time>2024-12-13T09:39:00Z</time>
      </trkpt>
      <trkpt lat="41.636948" lon="2.401193">
        <ele>181.724</ele>
        <time>2024-12-13T09:39:02Z</time>
      </trkpt>
      <trkpt lat="41.636936" lon="2.401156">
        <ele>181.865</ele>
        <time>2024-12-13T09:39:04Z</time>
      </trkpt>
      <trkpt lat="41.636905" lon="2.401126">
        <ele>181.892</ele>
        <time>2024-12-13T09:39:12Z</time>
      </trkpt>
      <trkpt lat="41.636860" lon="2.401127">
        <ele>181.755</ele>
        <time>2024-12-13T09:39:19Z</time>
      </trkpt>
      <trkpt lat="41.636828" lon="2.401127">
        <ele>181.511</ele>
        <time>2024-12-13T09:39:21Z</time>
      </trkpt>
      <trkpt lat="41.636785" lon="2.401131">
        <ele>181.463</ele>
        <time>2024-12-13T09:39:23Z</time>
      </trkpt>
      <trkpt lat="41.636743" lon="2.401138">
        <ele>181.244</ele>
        <time>2024-12-13T09:39:25Z</time>
      </trkpt>
      <trkpt lat="41.636691" lon="2.401147">
        <ele>181.118</ele>
        <time>2024-12-13T09:39:27Z</time>
      </trkpt>
      <trkpt lat="41.636660" lon="2.401140">
        <ele>181.009</ele>
        <time>2024-12-13T09:39:29Z</time>
      </trkpt>
      <trkpt lat="41.636609" lon="2.401153">
        <ele>181.067</ele>
        <time>2024-12-13T09:39:33Z</time>
      </trkpt>
      <trkpt lat="41.636576" lon="2.401162">
        <ele>181.065</ele>
        <time>2024-12-13T09:39:35Z</time>
      </trkpt>
      <trkpt lat="41.636545" lon="2.401164">
        <ele>181.031</ele>
        <time>2024-12-13T09:39:37Z</time>
      </trkpt>
      <trkpt lat="41.636499" lon="2.401181">
        <ele>181.046</ele>
        <time>2024-12-13T09:39:40Z</time>
      </trkpt>
      <trkpt lat="41.636467" lon="2.401183">
        <ele>181.038</ele>
        <time>2024-12-13T09:39:42Z</time>
      </trkpt>
      <trkpt lat="41.636435" lon="2.401180">
        <ele>181.079</ele>
        <time>2024-12-13T09:39:44Z</time>
      </trkpt>
      <trkpt lat="41.636407" lon="2.401182">
        <ele>181.036</ele>
        <time>2024-12-13T09:39:46Z</time>
      </trkpt>
      <trkpt lat="41.636381" lon="2.401194">
        <ele>181.059</ele>
        <time>2024-12-13T09:39:48Z</time>
      </trkpt>
      <trkpt lat="41.636348" lon="2.401205">
        <ele>181.115</ele>
        <time>2024-12-13T09:39:50Z</time>
      </trkpt>
      <trkpt lat="41.636314" lon="2.401210">
        <ele>181.199</ele>
        <time>2024-12-13T09:39:52Z</time>
      </trkpt>
      <trkpt lat="41.636282" lon="2.401222">
        <ele>181.207</ele>
        <time>2024-12-13T09:39:54Z</time>
      </trkpt>
      <trkpt lat="41.636251" lon="2.401230">
        <ele>181.227</ele>
        <time>2024-12-13T09:39:56Z</time>
      </trkpt>
      <trkpt lat="41.636221" lon="2.401239">
        <ele>181.309</ele>
        <time>2024-12-13T09:39:58Z</time>
      </trkpt>
      <trkpt lat="41.636192" lon="2.401252">
        <ele>181.480</ele>
        <time>2024-12-13T09:40:00Z</time>
      </trkpt>
      <trkpt lat="41.636164" lon="2.401231">
        <ele>181.328</ele>
        <time>2024-12-13T09:40:02Z</time>
      </trkpt>
      <trkpt lat="41.636140" lon="2.401205">
        <ele>181.394</ele>
        <time>2024-12-13T09:40:04Z</time>
      </trkpt>
      <trkpt lat="41.636116" lon="2.401174">
        <ele>181.229</ele>
        <time>2024-12-13T09:40:06Z</time>
      </trkpt>
      <trkpt lat="41.636093" lon="2.401144">
        <ele>181.011</ele>
        <time>2024-12-13T09:40:08Z</time>
      </trkpt>
      <trkpt lat="41.636061" lon="2.401099">
        <ele>180.842</ele>
        <time>2024-12-13T09:40:11Z</time>
      </trkpt>
      <trkpt lat="41.636037" lon="2.401074">
        <ele>180.689</ele>
        <time>2024-12-13T09:40:13Z</time>
      </trkpt>
      <trkpt lat="41.636016" lon="2.401045">
        <ele>180.452</ele>
        <time>2024-12-13T09:40:15Z</time>
      </trkpt>
      <trkpt lat="41.635999" lon="2.401012">
        <ele>180.278</ele>
        <time>2024-12-13T09:40:17Z</time>
      </trkpt>
      <trkpt lat="41.635980" lon="2.400980">
        <ele>180.148</ele>
        <time>2024-12-13T09:40:19Z</time>
      </trkpt>
      <trkpt lat="41.635964" lon="2.400945">
        <ele>179.961</ele>
        <time>2024-12-13T09:40:21Z</time>
      </trkpt>
      <trkpt lat="41.635941" lon="2.400917">
        <ele>179.717</ele>
        <time>2024-12-13T09:40:23Z</time>
      </trkpt>
      <trkpt lat="41.635916" lon="2.400888">
        <ele>179.509</ele>
        <time>2024-12-13T09:40:25Z</time>
      </trkpt>
      <trkpt lat="41.635893" lon="2.400859">
        <ele>179.365</ele>
        <time>2024-12-13T09:40:27Z</time>
      </trkpt>
      <trkpt lat="41.635870" lon="2.400830">
        <ele>179.153</ele>
        <time>2024-12-13T09:40:29Z</time>
      </trkpt>
      <trkpt lat="41.635848" lon="2.400799">
        <ele>179.079</ele>
        <time>2024-12-13T09:40:31Z</time>
      </trkpt>
      <trkpt lat="41.635824" lon="2.400771">
        <ele>178.914</ele>
        <time>2024-12-13T09:40:33Z</time>
      </trkpt>
      <trkpt lat="41.635800" lon="2.400741">
        <ele>178.826</ele>
        <time>2024-12-13T09:40:35Z</time>
      </trkpt>
      <trkpt lat="41.635778" lon="2.400709">
        <ele>178.627</ele>
        <time>2024-12-13T09:40:37Z</time>
      </trkpt>
      <trkpt lat="41.635757" lon="2.400676">
        <ele>178.544</ele>
        <time>2024-12-13T09:40:39Z</time>
      </trkpt>
      <trkpt lat="41.635738" lon="2.400641">
        <ele>178.337</ele>
        <time>2024-12-13T09:40:41Z</time>
      </trkpt>
      <trkpt lat="41.635718" lon="2.400608">
        <ele>178.263</ele>
        <time>2024-12-13T09:40:43Z</time>
      </trkpt>
      <trkpt lat="41.635696" lon="2.400580">
        <ele>178.011</ele>
        <time>2024-12-13T09:40:45Z</time>
      </trkpt>
      <trkpt lat="41.635674" lon="2.400549">
        <ele>177.821</ele>
        <time>2024-12-13T09:40:47Z</time>
      </trkpt>
      <trkpt lat="41.635648" lon="2.400493">
        <ele>177.403</ele>
        <time>2024-12-13T09:40:51Z</time>
      </trkpt>
      <trkpt lat="41.635608" lon="2.400454">
        <ele>177.009</ele>
        <time>2024-12-13T09:40:54Z</time>
      </trkpt>
      <trkpt lat="41.635585" lon="2.400423">
        <ele>176.772</ele>
        <time>2024-12-13T09:40:56Z</time>
      </trkpt>
      <trkpt lat="41.635558" lon="2.400386">
        <ele>176.490</ele>
        <time>2024-12-13T09:40:58Z</time>
      </trkpt>
      <trkpt lat="41.635537" lon="2.400354">
        <ele>176.296</ele>
        <time>2024-12-13T09:41:00Z</time>
      </trkpt>
      <trkpt lat="41.635520" lon="2.400324">
        <ele>176.061</ele>
        <time>2024-12-13T09:41:02Z</time>
      </trkpt>
      <trkpt lat="41.635502" lon="2.400290">
        <ele>175.943</ele>
        <time>2024-12-13T09:41:04Z</time>
      </trkpt>
      <trkpt lat="41.635480" lon="2.400253">
        <ele>175.654</ele>
        <time>2024-12-13T09:41:06Z</time>
      </trkpt>
      <trkpt lat="41.635461" lon="2.400219">
        <ele>175.431</ele>
        <time>2024-12-13T09:41:08Z</time>
      </trkpt>
      <trkpt lat="41.635445" lon="2.400184">
        <ele>175.334</ele>
        <time>2024-12-13T09:41:10Z</time>
      </trkpt>
      <trkpt lat="41.635429" lon="2.400148">
        <ele>175.190</ele>
        <time>2024-12-13T09:41:12Z</time>
      </trkpt>
      <trkpt lat="41.635409" lon="2.400115">
        <ele>174.943</ele>
        <time>2024-12-13T09:41:14Z</time>
      </trkpt>
      <trkpt lat="41.635385" lon="2.400091">
        <ele>174.764</ele>
        <time>2024-12-13T09:41:16Z</time>
      </trkpt>
      <trkpt lat="41.635364" lon="2.400064">
        <ele>174.510</ele>
        <time>2024-12-13T09:41:18Z</time>
      </trkpt>
      <trkpt lat="41.635327" lon="2.400014">
        <ele>174.209</ele>
        <time>2024-12-13T09:41:22Z</time>
      </trkpt>
      <trkpt lat="41.635303" lon="2.399982">
        <ele>174.275</ele>
        <time>2024-12-13T09:41:24Z</time>
      </trkpt>
      <trkpt lat="41.635280" lon="2.399949">
        <ele>174.413</ele>
        <time>2024-12-13T09:41:26Z</time>
      </trkpt>
      <trkpt lat="41.635260" lon="2.399912">
        <ele>174.879</ele>
        <time>2024-12-13T09:41:28Z</time>
      </trkpt>
      <trkpt lat="41.635227" lon="2.399862">
        <ele>175.534</ele>
        <time>2024-12-13T09:41:32Z</time>
      </trkpt>
      <trkpt lat="41.635212" lon="2.399831">
        <ele>175.826</ele>
        <time>2024-12-13T09:41:34Z</time>
      </trkpt>
      <trkpt lat="41.635199" lon="2.399797">
        <ele>176.127</ele>
        <time>2024-12-13T09:41:36Z</time>
      </trkpt>
      <trkpt lat="41.635184" lon="2.399761">
        <ele>176.474</ele>
        <time>2024-12-13T09:41:38Z</time>
      </trkpt>
      <trkpt lat="41.635168" lon="2.399724">
        <ele>176.887</ele>
        <time>2024-12-13T09:41:40Z</time>
      </trkpt>
      <trkpt lat="41.635130" lon="2.399670">
        <ele>177.213</ele>
        <time>2024-12-13T09:41:43Z</time>
      </trkpt>
      <trkpt lat="41.635109" lon="2.399642">
        <ele>177.359</ele>
        <time>2024-12-13T09:41:45Z</time>
      </trkpt>
      <trkpt lat="41.635088" lon="2.399609">
        <ele>177.503</ele>
        <time>2024-12-13T09:41:47Z</time>
      </trkpt>
      <trkpt lat="41.635053" lon="2.399548">
        <ele>177.723</ele>
        <time>2024-12-13T09:41:51Z</time>
      </trkpt>
      <trkpt lat="41.635037" lon="2.399517">
        <ele>177.809</ele>
        <time>2024-12-13T09:41:53Z</time>
      </trkpt>
      <trkpt lat="41.635022" lon="2.399483">
        <ele>177.986</ele>
        <time>2024-12-13T09:41:55Z</time>
      </trkpt>
      <trkpt lat="41.635006" lon="2.399450">
        <ele>178.074</ele>
        <time>2024-12-13T09:41:57Z</time>
      </trkpt>
      <trkpt lat="41.634988" lon="2.399413">
        <ele>178.050</ele>
        <time>2024-12-13T09:41:59Z</time>
      </trkpt>
      <trkpt lat="41.634968" lon="2.399378">
        <ele>177.935</ele>
        <time>2024-12-13T09:42:01Z</time>
      </trkpt>
      <trkpt lat="41.634946" lon="2.399341">
        <ele>177.867</ele>
        <time>2024-12-13T09:42:03Z</time>
      </trkpt>
      <trkpt lat="41.634929" lon="2.399310">
        <ele>177.768</ele>
        <time>2024-12-13T09:42:05Z</time>
      </trkpt>
      <trkpt lat="41.634899" lon="2.399253">
        <ele>177.645</ele>
        <time>2024-12-13T09:42:09Z</time>
      </trkpt>
      <trkpt lat="41.634883" lon="2.399224">
        <ele>177.698</ele>
        <time>2024-12-13T09:42:11Z</time>
      </trkpt>
      <trkpt lat="41.634839" lon="2.399208">
        <ele>177.424</ele>
        <time>2024-12-13T09:42:14Z</time>
      </trkpt>
      <trkpt lat="41.634808" lon="2.399207">
        <ele>177.369</ele>
        <time>2024-12-13T09:42:16Z</time>
      </trkpt>
      <trkpt lat="41.634774" lon="2.399208">
        <ele>177.204</ele>
        <time>2024-12-13T09:42:18Z</time>
      </trkpt>
      <trkpt lat="41.634728" lon="2.399231">
        <ele>177.024</ele>
        <time>2024-12-13T09:42:21Z</time>
      </trkpt>
      <trkpt lat="41.634700" lon="2.399248">
        <ele>176.909</ele>
        <time>2024-12-13T09:42:23Z</time>
      </trkpt>
      <trkpt lat="41.634668" lon="2.399260">
        <ele>176.827</ele>
        <time>2024-12-13T09:42:25Z</time>
      </trkpt>
      <trkpt lat="41.634640" lon="2.399262">
        <ele>176.735</ele>
        <time>2024-12-13T09:42:27Z</time>
      </trkpt>
      <trkpt lat="41.634612" lon="2.399260">
        <ele>176.681</ele>
        <time>2024-12-13T09:42:29Z</time>
      </trkpt>
      <trkpt lat="41.634580" lon="2.399258">
        <ele>176.576</ele>
        <time>2024-12-13T09:42:31Z</time>
      </trkpt>
      <trkpt lat="41.634551" lon="2.399253">
        <ele>176.478</ele>
        <time>2024-12-13T09:42:33Z</time>
      </trkpt>
      <trkpt lat="41.634521" lon="2.399248">
        <ele>176.349</ele>
        <time>2024-12-13T09:42:35Z</time>
      </trkpt>
      <trkpt lat="41.634492" lon="2.399238">
        <ele>176.296</ele>
        <time>2024-12-13T09:42:37Z</time>
      </trkpt>
      <trkpt lat="41.634474" lon="2.399204">
        <ele>176.129</ele>
        <time>2024-12-13T09:42:39Z</time>
      </trkpt>
      <trkpt lat="41.634448" lon="2.399174">
        <ele>176.025</ele>
        <time>2024-12-13T09:42:41Z</time>
      </trkpt>
      <trkpt lat="41.634429" lon="2.399148">
        <ele>175.962</ele>
        <time>2024-12-13T09:42:43Z</time>
      </trkpt>
      <trkpt lat="41.634411" lon="2.399112">
        <ele>175.983</ele>
        <time>2024-12-13T09:42:45Z</time>
      </trkpt>
      <trkpt lat="41.634394" lon="2.399074">
        <ele>175.911</ele>
        <time>2024-12-13T09:42:47Z</time>
      </trkpt>
      <trkpt lat="41.634381" lon="2.399038">
        <ele>175.909</ele>
        <time>2024-12-13T09:42:49Z</time>
      </trkpt>
      <trkpt lat="41.634369" lon="2.399005">
        <ele>175.997</ele>
        <time>2024-12-13T09:42:51Z</time>
      </trkpt>
      <trkpt lat="41.634357" lon="2.398972">
        <ele>175.945</ele>
        <time>2024-12-13T09:42:53Z</time>
      </trkpt>
      <trkpt lat="41.634344" lon="2.398931">
        <ele>175.941</ele>
        <time>2024-12-13T09:42:55Z</time>
      </trkpt>
      <trkpt lat="41.634327" lon="2.398898">
        <ele>176.096</ele>
        <time>2024-12-13T09:42:57Z</time>
      </trkpt>
      <trkpt lat="41.634308" lon="2.398864">
        <ele>176.028</ele>
        <time>2024-12-13T09:42:59Z</time>
      </trkpt>
      <trkpt lat="41.634284" lon="2.398839">
        <ele>176.069</ele>
        <time>2024-12-13T09:43:01Z</time>
      </trkpt>
      <trkpt lat="41.634257" lon="2.398815">
        <ele>176.096</ele>
        <time>2024-12-13T09:43:03Z</time>
      </trkpt>
      <trkpt lat="41.634232" lon="2.398793">
        <ele>176.099</ele>
        <time>2024-12-13T09:43:05Z</time>
      </trkpt>
      <trkpt lat="41.634209" lon="2.398766">
        <ele>176.065</ele>
        <time>2024-12-13T09:43:07Z</time>
      </trkpt>
      <trkpt lat="41.634188" lon="2.398739">
        <ele>176.069</ele>
        <time>2024-12-13T09:43:09Z</time>
      </trkpt>
      <trkpt lat="41.634168" lon="2.398708">
        <ele>176.004</ele>
        <time>2024-12-13T09:43:11Z</time>
      </trkpt>
      <trkpt lat="41.634150" lon="2.398673">
        <ele>176.024</ele>
        <time>2024-12-13T09:43:13Z</time>
      </trkpt>
      <trkpt lat="41.634135" lon="2.398637">
        <ele>176.009</ele>
        <time>2024-12-13T09:43:15Z</time>
      </trkpt>
      <trkpt lat="41.634125" lon="2.398600">
        <ele>176.077</ele>
        <time>2024-12-13T09:43:17Z</time>
      </trkpt>
      <trkpt lat="41.634112" lon="2.398563">
        <ele>176.045</ele>
        <time>2024-12-13T09:43:19Z</time>
      </trkpt>
      <trkpt lat="41.634100" lon="2.398519">
        <ele>176.071</ele>
        <time>2024-12-13T09:43:21Z</time>
      </trkpt>
      <trkpt lat="41.634091" lon="2.398481">
        <ele>176.016</ele>
        <time>2024-12-13T09:43:23Z</time>
      </trkpt>
      <trkpt lat="41.634089" lon="2.398442">
        <ele>176.098</ele>
        <time>2024-12-13T09:43:25Z</time>
      </trkpt>
      <trkpt lat="41.634077" lon="2.398405">
        <ele>176.039</ele>
        <time>2024-12-13T09:43:27Z</time>
      </trkpt>
      <trkpt lat="41.634070" lon="2.398368">
        <ele>176.096</ele>
        <time>2024-12-13T09:43:29Z</time>
      </trkpt>
      <trkpt lat="41.634063" lon="2.398327">
        <ele>176.099</ele>
        <time>2024-12-13T09:43:31Z</time>
      </trkpt>
      <trkpt lat="41.634055" lon="2.398285">
        <ele>175.875</ele>
        <time>2024-12-13T09:43:33Z</time>
      </trkpt>
      <trkpt lat="41.634047" lon="2.398250">
        <ele>175.728</ele>
        <time>2024-12-13T09:43:35Z</time>
      </trkpt>
      <trkpt lat="41.634042" lon="2.398213">
        <ele>175.689</ele>
        <time>2024-12-13T09:43:37Z</time>
      </trkpt>
      <trkpt lat="41.634033" lon="2.398176">
        <ele>175.417</ele>
        <time>2024-12-13T09:43:39Z</time>
      </trkpt>
      <trkpt lat="41.634012" lon="2.398116">
        <ele>175.209</ele>
        <time>2024-12-13T09:43:42Z</time>
      </trkpt>
      <trkpt lat="41.633983" lon="2.398059">
        <ele>175.043</ele>
        <time>2024-12-13T09:43:46Z</time>
      </trkpt>
      <trkpt lat="41.633950" lon="2.397996">
        <ele>175.031</ele>
        <time>2024-12-13T09:43:50Z</time>
      </trkpt>
      <trkpt lat="41.633932" lon="2.397963">
        <ele>175.077</ele>
        <time>2024-12-13T09:43:52Z</time>
      </trkpt>
      <trkpt lat="41.633912" lon="2.397931">
        <ele>175.012</ele>
        <time>2024-12-13T09:43:54Z</time>
      </trkpt>
      <trkpt lat="41.633891" lon="2.397899">
        <ele>175.014</ele>
        <time>2024-12-13T09:43:56Z</time>
      </trkpt>
      <trkpt lat="41.633872" lon="2.397866">
        <ele>175.045</ele>
        <time>2024-12-13T09:43:58Z</time>
      </trkpt>
      <trkpt lat="41.633851" lon="2.397841">
        <ele>175.062</ele>
        <time>2024-12-13T09:44:00Z</time>
      </trkpt>
      <trkpt lat="41.633833" lon="2.397812">
        <ele>175.075</ele>
        <time>2024-12-13T09:44:02Z</time>
      </trkpt>
      <trkpt lat="41.633814" lon="2.397784">
        <ele>175.011</ele>
        <time>2024-12-13T09:44:04Z</time>
      </trkpt>
      <trkpt lat="41.633790" lon="2.397755">
        <ele>175.016</ele>
        <time>2024-12-13T09:44:08Z</time>
      </trkpt>
      <trkpt lat="41.633771" lon="2.397723">
        <ele>175.076</ele>
        <time>2024-12-13T09:44:10Z</time>
      </trkpt>
      <trkpt lat="41.633729" lon="2.397672">
        <ele>175.013</ele>
        <time>2024-12-13T09:44:14Z</time>
      </trkpt>
      <trkpt lat="41.633708" lon="2.397646">
        <ele>175.009</ele>
        <time>2024-12-13T09:44:16Z</time>
      </trkpt>
      <trkpt lat="41.633686" lon="2.397620">
        <ele>175.022</ele>
        <time>2024-12-13T09:44:18Z</time>
      </trkpt>
      <trkpt lat="41.633666" lon="2.397592">
        <ele>175.070</ele>
        <time>2024-12-13T09:44:20Z</time>
      </trkpt>
      <trkpt lat="41.633649" lon="2.397556">
        <ele>175.026</ele>
        <time>2024-12-13T09:44:22Z</time>
      </trkpt>
      <trkpt lat="41.633633" lon="2.397520">
        <ele>175.081</ele>
        <time>2024-12-13T09:44:24Z</time>
      </trkpt>
      <trkpt lat="41.633620" lon="2.397487">
        <ele>175.093</ele>
        <time>2024-12-13T09:44:26Z</time>
      </trkpt>
      <trkpt lat="41.633603" lon="2.397448">
        <ele>175.044</ele>
        <time>2024-12-13T09:44:28Z</time>
      </trkpt>
      <trkpt lat="41.633590" lon="2.397405">
        <ele>175.181</ele>
        <time>2024-12-13T09:44:30Z</time>
      </trkpt>
      <trkpt lat="41.633577" lon="2.397364">
        <ele>175.124</ele>
        <time>2024-12-13T09:44:32Z</time>
      </trkpt>
      <trkpt lat="41.633568" lon="2.397289">
        <ele>175.230</ele>
        <time>2024-12-13T09:44:36Z</time>
      </trkpt>
      <trkpt lat="41.633564" lon="2.397252">
        <ele>175.222</ele>
        <time>2024-12-13T09:44:38Z</time>
      </trkpt>
      <trkpt lat="41.633558" lon="2.397210">
        <ele>175.262</ele>
        <time>2024-12-13T09:44:40Z</time>
      </trkpt>
      <trkpt lat="41.633555" lon="2.397169">
        <ele>175.208</ele>
        <time>2024-12-13T09:44:42Z</time>
      </trkpt>
      <trkpt lat="41.633550" lon="2.397128">
        <ele>175.209</ele>
        <time>2024-12-13T09:44:44Z</time>
      </trkpt>
      <trkpt lat="41.633547" lon="2.397088">
        <ele>175.213</ele>
        <time>2024-12-13T09:44:46Z</time>
      </trkpt>
      <trkpt lat="41.633542" lon="2.397045">
        <ele>175.271</ele>
        <time>2024-12-13T09:44:48Z</time>
      </trkpt>
      <trkpt lat="41.633537" lon="2.397002">
        <ele>175.367</ele>
        <time>2024-12-13T09:44:50Z</time>
      </trkpt>
      <trkpt lat="41.633531" lon="2.396962">
        <ele>175.362</ele>
        <time>2024-12-13T09:44:52Z</time>
      </trkpt>
      <trkpt lat="41.633528" lon="2.396924">
        <ele>175.444</ele>
        <time>2024-12-13T09:44:54Z</time>
      </trkpt>
      <trkpt lat="41.633516" lon="2.396886">
        <ele>175.675</ele>
        <time>2024-12-13T09:44:56Z</time>
      </trkpt>
      <trkpt lat="41.633511" lon="2.396843">
        <ele>175.792</ele>
        <time>2024-12-13T09:44:58Z</time>
      </trkpt>
      <trkpt lat="41.633509" lon="2.396806">
        <ele>175.945</ele>
        <time>2024-12-13T09:45:00Z</time>
      </trkpt>
      <trkpt lat="41.633504" lon="2.396768">
        <ele>176.091</ele>
        <time>2024-12-13T09:45:02Z</time>
      </trkpt>
      <trkpt lat="41.633499" lon="2.396728">
        <ele>176.216</ele>
        <time>2024-12-13T09:45:04Z</time>
      </trkpt>
      <trkpt lat="41.633498" lon="2.396685">
        <ele>176.376</ele>
        <time>2024-12-13T09:45:06Z</time>
      </trkpt>
      <trkpt lat="41.633499" lon="2.396640">
        <ele>176.513</ele>
        <time>2024-12-13T09:45:08Z</time>
      </trkpt>
      <trkpt lat="41.633496" lon="2.396601">
        <ele>176.709</ele>
        <time>2024-12-13T09:45:10Z</time>
      </trkpt>
      <trkpt lat="41.633494" lon="2.396559">
        <ele>176.972</ele>
        <time>2024-12-13T09:45:12Z</time>
      </trkpt>
      <trkpt lat="41.633493" lon="2.396519">
        <ele>177.040</ele>
        <time>2024-12-13T09:45:14Z</time>
      </trkpt>
      <trkpt lat="41.633492" lon="2.396481">
        <ele>177.236</ele>
        <time>2024-12-13T09:45:16Z</time>
      </trkpt>
      <trkpt lat="41.633489" lon="2.396442">
        <ele>177.361</ele>
        <time>2024-12-13T09:45:18Z</time>
      </trkpt>
      <trkpt lat="41.633486" lon="2.396403">
        <ele>177.533</ele>
        <time>2024-12-13T09:45:20Z</time>
      </trkpt>
      <trkpt lat="41.633484" lon="2.396356">
        <ele>177.534</ele>
        <time>2024-12-13T09:45:22Z</time>
      </trkpt>
      <trkpt lat="41.633484" lon="2.396317">
        <ele>177.581</ele>
        <time>2024-12-13T09:45:24Z</time>
      </trkpt>
      <trkpt lat="41.633484" lon="2.396276">
        <ele>177.544</ele>
        <time>2024-12-13T09:45:26Z</time>
      </trkpt>
      <trkpt lat="41.633482" lon="2.396235">
        <ele>177.550</ele>
        <time>2024-12-13T09:45:28Z</time>
      </trkpt>
      <trkpt lat="41.633478" lon="2.396196">
        <ele>177.565</ele>
        <time>2024-12-13T09:45:30Z</time>
      </trkpt>
      <trkpt lat="41.633474" lon="2.396159">
        <ele>177.568</ele>
        <time>2024-12-13T09:45:32Z</time>
      </trkpt>
      <trkpt lat="41.633472" lon="2.396086">
        <ele>177.514</ele>
        <time>2024-12-13T09:45:36Z</time>
      </trkpt>
      <trkpt lat="41.633469" lon="2.396043">
        <ele>177.509</ele>
        <time>2024-12-13T09:45:38Z</time>
      </trkpt>
      <trkpt lat="41.633466" lon="2.396004">
        <ele>177.597</ele>
        <time>2024-12-13T09:45:40Z</time>
      </trkpt>
      <trkpt lat="41.633462" lon="2.395965">
        <ele>177.555</ele>
        <time>2024-12-13T09:45:42Z</time>
      </trkpt>
      <trkpt lat="41.633455" lon="2.395890">
        <ele>177.421</ele>
        <time>2024-12-13T09:45:46Z</time>
      </trkpt>
      <trkpt lat="41.633449" lon="2.395847">
        <ele>177.476</ele>
        <time>2024-12-13T09:45:48Z</time>
      </trkpt>
      <trkpt lat="41.633444" lon="2.395804">
        <ele>177.388</ele>
        <time>2024-12-13T09:45:50Z</time>
      </trkpt>
      <trkpt lat="41.633438" lon="2.395768">
        <ele>177.299</ele>
        <time>2024-12-13T09:45:52Z</time>
      </trkpt>
      <trkpt lat="41.633432" lon="2.395731">
        <ele>177.116</ele>
        <time>2024-12-13T09:45:54Z</time>
      </trkpt>
      <trkpt lat="41.633427" lon="2.395694">
        <ele>177.039</ele>
        <time>2024-12-13T09:45:56Z</time>
      </trkpt>
      <trkpt lat="41.633422" lon="2.395656">
        <ele>176.995</ele>
        <time>2024-12-13T09:45:58Z</time>
      </trkpt>
      <trkpt lat="41.633417" lon="2.395612">
        <ele>176.736</ele>
        <time>2024-12-13T09:46:00Z</time>
      </trkpt>
      <trkpt lat="41.633409" lon="2.395577">
        <ele>176.617</ele>
        <time>2024-12-13T09:46:02Z</time>
      </trkpt>
      <trkpt lat="41.633406" lon="2.395537">
        <ele>176.518</ele>
        <time>2024-12-13T09:46:04Z</time>
      </trkpt>
      <trkpt lat="41.633400" lon="2.395495">
        <ele>176.409</ele>
        <time>2024-12-13T09:46:06Z</time>
      </trkpt>
      <trkpt lat="41.633395" lon="2.395452">
        <ele>176.364</ele>
        <time>2024-12-13T09:46:08Z</time>
      </trkpt>
      <trkpt lat="41.633398" lon="2.395414">
        <ele>176.232</ele>
        <time>2024-12-13T09:46:10Z</time>
      </trkpt>
      <trkpt lat="41.633392" lon="2.395376">
        <ele>176.198</ele>
        <time>2024-12-13T09:46:12Z</time>
      </trkpt>
      <trkpt lat="41.633384" lon="2.395331">
        <ele>176.193</ele>
        <time>2024-12-13T09:46:14Z</time>
      </trkpt>
      <trkpt lat="41.633377" lon="2.395290">
        <ele>176.095</ele>
        <time>2024-12-13T09:46:16Z</time>
      </trkpt>
      <trkpt lat="41.633371" lon="2.395252">
        <ele>176.056</ele>
        <time>2024-12-13T09:46:18Z</time>
      </trkpt>
      <trkpt lat="41.633365" lon="2.395210">
        <ele>176.073</ele>
        <time>2024-12-13T09:46:20Z</time>
      </trkpt>
      <trkpt lat="41.633359" lon="2.395171">
        <ele>176.076</ele>
        <time>2024-12-13T09:46:22Z</time>
      </trkpt>
      <trkpt lat="41.633351" lon="2.395126">
        <ele>176.052</ele>
        <time>2024-12-13T09:46:24Z</time>
      </trkpt>
      <trkpt lat="41.633344" lon="2.395087">
        <ele>176.034</ele>
        <time>2024-12-13T09:46:26Z</time>
      </trkpt>
      <trkpt lat="41.633335" lon="2.395052">
        <ele>176.055</ele>
        <time>2024-12-13T09:46:28Z</time>
      </trkpt>
      <trkpt lat="41.633325" lon="2.395014">
        <ele>176.010</ele>
        <time>2024-12-13T09:46:30Z</time>
      </trkpt>
      <trkpt lat="41.633313" lon="2.394980">
        <ele>176.009</ele>
        <time>2024-12-13T09:46:32Z</time>
      </trkpt>
      <trkpt lat="41.633307" lon="2.394942">
        <ele>175.924</ele>
        <time>2024-12-13T09:46:34Z</time>
      </trkpt>
      <trkpt lat="41.633301" lon="2.394903">
        <ele>175.782</ele>
        <time>2024-12-13T09:46:36Z</time>
      </trkpt>
      <trkpt lat="41.633294" lon="2.394864">
        <ele>175.638</ele>
        <time>2024-12-13T09:46:38Z</time>
      </trkpt>
      <trkpt lat="41.633288" lon="2.394823">
        <ele>175.413</ele>
        <time>2024-12-13T09:46:40Z</time>
      </trkpt>
      <trkpt lat="41.633280" lon="2.394779">
        <ele>175.265</ele>
        <time>2024-12-13T09:46:42Z</time>
      </trkpt>
      <trkpt lat="41.633274" lon="2.394740">
        <ele>175.126</ele>
        <time>2024-12-13T09:46:44Z</time>
      </trkpt>
      <trkpt lat="41.633269" lon="2.394695">
        <ele>174.853</ele>
        <time>2024-12-13T09:46:46Z</time>
      </trkpt>
      <trkpt lat="41.633263" lon="2.394658">
        <ele>174.696</ele>
        <time>2024-12-13T09:46:48Z</time>
      </trkpt>
      <trkpt lat="41.633259" lon="2.394617">
        <ele>174.332</ele>
        <time>2024-12-13T09:46:50Z</time>
      </trkpt>
      <trkpt lat="41.633254" lon="2.394577">
        <ele>174.127</ele>
        <time>2024-12-13T09:46:52Z</time>
      </trkpt>
      <trkpt lat="41.633255" lon="2.394533">
        <ele>173.868</ele>
        <time>2024-12-13T09:46:54Z</time>
      </trkpt>
      <trkpt lat="41.633261" lon="2.394487">
        <ele>173.514</ele>
        <time>2024-12-13T09:46:56Z</time>
      </trkpt>
      <trkpt lat="41.633269" lon="2.394446">
        <ele>173.209</ele>
        <time>2024-12-13T09:46:58Z</time>
      </trkpt>
      <trkpt lat="41.633286" lon="2.394414">
        <ele>173.253</ele>
        <time>2024-12-13T09:47:00Z</time>
      </trkpt>
      <trkpt lat="41.633327" lon="2.394365">
        <ele>173.061</ele>
        <time>2024-12-13T09:47:04Z</time>
      </trkpt>
      <trkpt lat="41.633356" lon="2.394347">
        <ele>173.117</ele>
        <time>2024-12-13T09:47:06Z</time>
      </trkpt>
      <trkpt lat="41.633383" lon="2.394327">
        <ele>173.192</ele>
        <time>2024-12-13T09:47:08Z</time>
      </trkpt>
      <trkpt lat="41.633413" lon="2.394306">
        <ele>173.134</ele>
        <time>2024-12-13T09:47:10Z</time>
      </trkpt>
      <trkpt lat="41.633437" lon="2.394284">
        <ele>173.265</ele>
        <time>2024-12-13T09:47:12Z</time>
      </trkpt>
      <trkpt lat="41.633465" lon="2.394267">
        <ele>173.222</ele>
        <time>2024-12-13T09:47:14Z</time>
      </trkpt>
      <trkpt lat="41.633497" lon="2.394250">
        <ele>173.245</ele>
        <time>2024-12-13T09:47:16Z</time>
      </trkpt>
      <trkpt lat="41.633543" lon="2.394213">
        <ele>173.131</ele>
        <time>2024-12-13T09:47:20Z</time>
      </trkpt>
      <trkpt lat="41.633570" lon="2.394195">
        <ele>173.147</ele>
        <time>2024-12-13T09:47:22Z</time>
      </trkpt>
      <trkpt lat="41.633614" lon="2.394168">
        <ele>173.029</ele>
        <time>2024-12-13T09:47:25Z</time>
      </trkpt>
      <trkpt lat="41.633628" lon="2.394135">
        <ele>172.921</ele>
        <time>2024-12-13T09:47:27Z</time>
      </trkpt>
      <trkpt lat="41.633635" lon="2.394069">
        <ele>172.709</ele>
        <time>2024-12-13T09:47:31Z</time>
      </trkpt>
      <trkpt lat="41.633632" lon="2.394029">
        <ele>172.575</ele>
        <time>2024-12-13T09:47:33Z</time>
      </trkpt>
      <trkpt lat="41.633628" lon="2.393986">
        <ele>172.453</ele>
        <time>2024-12-13T09:47:35Z</time>
      </trkpt>
      <trkpt lat="41.633626" lon="2.393944">
        <ele>172.239</ele>
        <time>2024-12-13T09:47:37Z</time>
      </trkpt>
      <trkpt lat="41.633620" lon="2.393905">
        <ele>172.194</ele>
        <time>2024-12-13T09:47:39Z</time>
      </trkpt>
      <trkpt lat="41.633615" lon="2.393868">
        <ele>172.076</ele>
        <time>2024-12-13T09:47:41Z</time>
      </trkpt>
      <trkpt lat="41.633608" lon="2.393822">
        <ele>172.077</ele>
        <time>2024-12-13T09:47:43Z</time>
      </trkpt>
      <trkpt lat="41.633602" lon="2.393781">
        <ele>172.064</ele>
        <time>2024-12-13T09:47:45Z</time>
      </trkpt>
      <trkpt lat="41.633599" lon="2.393716">
        <ele>172.077</ele>
        <time>2024-12-13T09:47:48Z</time>
      </trkpt>
      <trkpt lat="41.633597" lon="2.393679">
        <ele>172.083</ele>
        <time>2024-12-13T09:47:50Z</time>
      </trkpt>
      <trkpt lat="41.633592" lon="2.393619">
        <ele>172.032</ele>
        <time>2024-12-13T09:47:53Z</time>
      </trkpt>
      <trkpt lat="41.633586" lon="2.393580">
        <ele>172.192</ele>
        <time>2024-12-13T09:47:55Z</time>
      </trkpt>
      <trkpt lat="41.633583" lon="2.393538">
        <ele>172.211</ele>
        <time>2024-12-13T09:47:57Z</time>
      </trkpt>
      <trkpt lat="41.633582" lon="2.393497">
        <ele>172.409</ele>
        <time>2024-12-13T09:47:59Z</time>
      </trkpt>
      <trkpt lat="41.633579" lon="2.393452">
        <ele>172.534</ele>
        <time>2024-12-13T09:48:01Z</time>
      </trkpt>
      <trkpt lat="41.633576" lon="2.393415">
        <ele>172.652</ele>
        <time>2024-12-13T09:48:03Z</time>
      </trkpt>
      <trkpt lat="41.633573" lon="2.393376">
        <ele>172.758</ele>
        <time>2024-12-13T09:48:05Z</time>
      </trkpt>
      <trkpt lat="41.633568" lon="2.393334">
        <ele>172.893</ele>
        <time>2024-12-13T09:48:07Z</time>
      </trkpt>
      <trkpt lat="41.633567" lon="2.393296">
        <ele>173.075</ele>
        <time>2024-12-13T09:48:09Z</time>
      </trkpt>
      <trkpt lat="41.633548" lon="2.393228">
        <ele>173.256</ele>
        <time>2024-12-13T09:48:13Z</time>
      </trkpt>
      <trkpt lat="41.633530" lon="2.393169">
        <ele>173.393</ele>
        <time>2024-12-13T09:48:17Z</time>
      </trkpt>
      <trkpt lat="41.633523" lon="2.393100">
        <ele>173.596</ele>
        <time>2024-12-13T09:48:21Z</time>
      </trkpt>
      <trkpt lat="41.633519" lon="2.393061">
        <ele>173.662</ele>
        <time>2024-12-13T09:48:23Z</time>
      </trkpt>
      <trkpt lat="41.633518" lon="2.393014">
        <ele>173.831</ele>
        <time>2024-12-13T09:48:25Z</time>
      </trkpt>
      <trkpt lat="41.633515" lon="2.392976">
        <ele>173.961</ele>
        <time>2024-12-13T09:48:27Z</time>
      </trkpt>
      <trkpt lat="41.633518" lon="2.392937">
        <ele>174.107</ele>
        <time>2024-12-13T09:48:29Z</time>
      </trkpt>
      <trkpt lat="41.633521" lon="2.392895">
        <ele>174.309</ele>
        <time>2024-12-13T09:48:31Z</time>
      </trkpt>
      <trkpt lat="41.633518" lon="2.392827">
        <ele>174.554</ele>
        <time>2024-12-13T09:48:35Z</time>
      </trkpt>
      <trkpt lat="41.633512" lon="2.392789">
        <ele>174.622</ele>
        <time>2024-12-13T09:48:37Z</time>
      </trkpt>
      <trkpt lat="41.633502" lon="2.392750">
        <ele>174.638</ele>
        <time>2024-12-13T09:48:39Z</time>
      </trkpt>
      <trkpt lat="41.633493" lon="2.392714">
        <ele>174.773</ele>
        <time>2024-12-13T09:48:41Z</time>
      </trkpt>
      <trkpt lat="41.633457" lon="2.392680">
        <ele>174.695</ele>
        <time>2024-12-13T09:48:48Z</time>
      </trkpt>
      <trkpt lat="41.633418" lon="2.392645">
        <ele>174.656</ele>
        <time>2024-12-13T09:48:51Z</time>
      </trkpt>
      <trkpt lat="41.633395" lon="2.392621">
        <ele>174.793</ele>
        <time>2024-12-13T09:48:53Z</time>
      </trkpt>
      <trkpt lat="41.633367" lon="2.392597">
        <ele>174.746</ele>
        <time>2024-12-13T09:48:55Z</time>
      </trkpt>
      <trkpt lat="41.633339" lon="2.392573">
        <ele>174.722</ele>
        <time>2024-12-13T09:48:57Z</time>
      </trkpt>
      <trkpt lat="41.633314" lon="2.392549">
        <ele>174.797</ele>
        <time>2024-12-13T09:48:59Z</time>
      </trkpt>
      <trkpt lat="41.633287" lon="2.392528">
        <ele>174.623</ele>
        <time>2024-12-13T09:49:01Z</time>
      </trkpt>
      <trkpt lat="41.633257" lon="2.392507">
        <ele>174.425</ele>
        <time>2024-12-13T09:49:03Z</time>
      </trkpt>
      <trkpt lat="41.633229" lon="2.392481">
        <ele>174.209</ele>
        <time>2024-12-13T09:49:05Z</time>
      </trkpt>
      <trkpt lat="41.633202" lon="2.392455">
        <ele>174.070</ele>
        <time>2024-12-13T09:49:07Z</time>
      </trkpt>
      <trkpt lat="41.633174" lon="2.392430">
        <ele>173.758</ele>
        <time>2024-12-13T09:49:09Z</time>
      </trkpt>
      <trkpt lat="41.633150" lon="2.392412">
        <ele>173.624</ele>
        <time>2024-12-13T09:49:11Z</time>
      </trkpt>
      <trkpt lat="41.633125" lon="2.392387">
        <ele>173.479</ele>
        <time>2024-12-13T09:49:13Z</time>
      </trkpt>
      <trkpt lat="41.633101" lon="2.392360">
        <ele>173.281</ele>
        <time>2024-12-13T09:49:15Z</time>
      </trkpt>
      <trkpt lat="41.633080" lon="2.392331">
        <ele>173.192</ele>
        <time>2024-12-13T09:49:17Z</time>
      </trkpt>
      <trkpt lat="41.633058" lon="2.392300">
        <ele>173.079</ele>
        <time>2024-12-13T09:49:19Z</time>
      </trkpt>
      <trkpt lat="41.633034" lon="2.392269">
        <ele>172.922</ele>
        <time>2024-12-13T09:49:21Z</time>
      </trkpt>
      <trkpt lat="41.633009" lon="2.392238">
        <ele>172.898</ele>
        <time>2024-12-13T09:49:23Z</time>
      </trkpt>
      <trkpt lat="41.632986" lon="2.392207">
        <ele>172.848</ele>
        <time>2024-12-13T09:49:25Z</time>
      </trkpt>
      <trkpt lat="41.632966" lon="2.392179">
        <ele>172.761</ele>
        <time>2024-12-13T09:49:27Z</time>
      </trkpt>
      <trkpt lat="41.632940" lon="2.392164">
        <ele>172.617</ele>
        <time>2024-12-13T09:49:29Z</time>
      </trkpt>
      <trkpt lat="41.632894" lon="2.392118">
        <ele>172.409</ele>
        <time>2024-12-13T09:49:33Z</time>
      </trkpt>
      <trkpt lat="41.632870" lon="2.392084">
        <ele>172.325</ele>
        <time>2024-12-13T09:49:35Z</time>
      </trkpt>
      <trkpt lat="41.632848" lon="2.392050">
        <ele>172.343</ele>
        <time>2024-12-13T09:49:37Z</time>
      </trkpt>
      <trkpt lat="41.632831" lon="2.392013">
        <ele>172.219</ele>
        <time>2024-12-13T09:49:39Z</time>
      </trkpt>
      <trkpt lat="41.632816" lon="2.391983">
        <ele>172.154</ele>
        <time>2024-12-13T09:49:41Z</time>
      </trkpt>
      <trkpt lat="41.632803" lon="2.391947">
        <ele>172.136</ele>
        <time>2024-12-13T09:49:43Z</time>
      </trkpt>
      <trkpt lat="41.632792" lon="2.391911">
        <ele>172.177</ele>
        <time>2024-12-13T09:49:45Z</time>
      </trkpt>
      <trkpt lat="41.632781" lon="2.391870">
        <ele>172.054</ele>
        <time>2024-12-13T09:49:47Z</time>
      </trkpt>
      <trkpt lat="41.632775" lon="2.391826">
        <ele>172.037</ele>
        <time>2024-12-13T09:49:49Z</time>
      </trkpt>
      <trkpt lat="41.632770" lon="2.391781">
        <ele>172.013</ele>
        <time>2024-12-13T09:49:51Z</time>
      </trkpt>
      <trkpt lat="41.632767" lon="2.391744">
        <ele>172.035</ele>
        <time>2024-12-13T09:49:53Z</time>
      </trkpt>
      <trkpt lat="41.632768" lon="2.391706">
        <ele>172.086</ele>
        <time>2024-12-13T09:49:55Z</time>
      </trkpt>
      <trkpt lat="41.632764" lon="2.391662">
        <ele>172.014</ele>
        <time>2024-12-13T09:49:57Z</time>
      </trkpt>
      <trkpt lat="41.632766" lon="2.391618">
        <ele>172.009</ele>
        <time>2024-12-13T09:49:59Z</time>
      </trkpt>
      <trkpt lat="41.632761" lon="2.391576">
        <ele>172.014</ele>
        <time>2024-12-13T09:50:01Z</time>
      </trkpt>
      <trkpt lat="41.632761" lon="2.391539">
        <ele>172.042</ele>
        <time>2024-12-13T09:50:03Z</time>
      </trkpt>
      <trkpt lat="41.632763" lon="2.391494">
        <ele>172.068</ele>
        <time>2024-12-13T09:50:05Z</time>
      </trkpt>
      <trkpt lat="41.632768" lon="2.391454">
        <ele>172.093</ele>
        <time>2024-12-13T09:50:07Z</time>
      </trkpt>
      <trkpt lat="41.632772" lon="2.391410">
        <ele>172.035</ele>
        <time>2024-12-13T09:50:09Z</time>
      </trkpt>
      <trkpt lat="41.632772" lon="2.391362">
        <ele>171.956</ele>
        <time>2024-12-13T09:50:11Z</time>
      </trkpt>
      <trkpt lat="41.632771" lon="2.391324">
        <ele>171.843</ele>
        <time>2024-12-13T09:50:13Z</time>
      </trkpt>
      <trkpt lat="41.632769" lon="2.391283">
        <ele>171.616</ele>
        <time>2024-12-13T09:50:15Z</time>
      </trkpt>
      <trkpt lat="41.632772" lon="2.391239">
        <ele>171.552</ele>
        <time>2024-12-13T09:50:17Z</time>
      </trkpt>
      <trkpt lat="41.632770" lon="2.391200">
        <ele>171.328</ele>
        <time>2024-12-13T09:50:19Z</time>
      </trkpt>
      <trkpt lat="41.632773" lon="2.391161">
        <ele>171.289</ele>
        <time>2024-12-13T09:50:21Z</time>
      </trkpt>
      <trkpt lat="41.632778" lon="2.391125">
        <ele>171.117</ele>
        <time>2024-12-13T09:50:23Z</time>
      </trkpt>
      <trkpt lat="41.632783" lon="2.391083">
        <ele>171.009</ele>
        <time>2024-12-13T09:50:25Z</time>
      </trkpt>
      <trkpt lat="41.632782" lon="2.391042">
        <ele>171.033</ele>
        <time>2024-12-13T09:50:27Z</time>
      </trkpt>
      <trkpt lat="41.632780" lon="2.391005">
        <ele>171.081</ele>
        <time>2024-12-13T09:50:29Z</time>
      </trkpt>
      <trkpt lat="41.632781" lon="2.390964">
        <ele>171.047</ele>
        <time>2024-12-13T09:50:31Z</time>
      </trkpt>
      <trkpt lat="41.632779" lon="2.390923">
        <ele>171.092</ele>
        <time>2024-12-13T09:50:33Z</time>
      </trkpt>
      <trkpt lat="41.632778" lon="2.390885">
        <ele>171.094</ele>
        <time>2024-12-13T09:50:35Z</time>
      </trkpt>
      <trkpt lat="41.632776" lon="2.390846">
        <ele>171.075</ele>
        <time>2024-12-13T09:50:37Z</time>
      </trkpt>
      <trkpt lat="41.632773" lon="2.390803">
        <ele>171.122</ele>
        <time>2024-12-13T09:50:39Z</time>
      </trkpt>
      <trkpt lat="41.632772" lon="2.390761">
        <ele>171.315</ele>
        <time>2024-12-13T09:50:41Z</time>
      </trkpt>
      <trkpt lat="41.632772" lon="2.390717">
        <ele>171.471</ele>
        <time>2024-12-13T09:50:43Z</time>
      </trkpt>
      <trkpt lat="41.632770" lon="2.390677">
        <ele>171.554</ele>
        <time>2024-12-13T09:50:45Z</time>
      </trkpt>
      <trkpt lat="41.632770" lon="2.390635">
        <ele>171.756</ele>
        <time>2024-12-13T09:50:47Z</time>
      </trkpt>
      <trkpt lat="41.632766" lon="2.390596">
        <ele>171.811</ele>
        <time>2024-12-13T09:50:49Z</time>
      </trkpt>
      <trkpt lat="41.632764" lon="2.390550">
        <ele>171.909</ele>
        <time>2024-12-13T09:50:51Z</time>
      </trkpt>
      <trkpt lat="41.632763" lon="2.390510">
        <ele>171.956</ele>
        <time>2024-12-13T09:50:53Z</time>
      </trkpt>
      <trkpt lat="41.632758" lon="2.390428">
        <ele>171.934</ele>
        <time>2024-12-13T09:50:57Z</time>
      </trkpt>
      <trkpt lat="41.632760" lon="2.390385">
        <ele>171.980</ele>
        <time>2024-12-13T09:50:59Z</time>
      </trkpt>
      <trkpt lat="41.632757" lon="2.390349">
        <ele>171.945</ele>
        <time>2024-12-13T09:51:01Z</time>
      </trkpt>
      <trkpt lat="41.632757" lon="2.390311">
        <ele>171.937</ele>
        <time>2024-12-13T09:51:03Z</time>
      </trkpt>
      <trkpt lat="41.632758" lon="2.390270">
        <ele>171.928</ele>
        <time>2024-12-13T09:51:05Z</time>
      </trkpt>
      <trkpt lat="41.632759" lon="2.390227">
        <ele>171.975</ele>
        <time>2024-12-13T09:51:07Z</time>
      </trkpt>
      <trkpt lat="41.632757" lon="2.390186">
        <ele>171.998</ele>
        <time>2024-12-13T09:51:09Z</time>
      </trkpt>
      <trkpt lat="41.632753" lon="2.390149">
        <ele>171.834</ele>
        <time>2024-12-13T09:51:11Z</time>
      </trkpt>
      <trkpt lat="41.632750" lon="2.390105">
        <ele>171.818</ele>
        <time>2024-12-13T09:51:13Z</time>
      </trkpt>
      <trkpt lat="41.632749" lon="2.390064">
        <ele>171.898</ele>
        <time>2024-12-13T09:51:15Z</time>
      </trkpt>
      <trkpt lat="41.632757" lon="2.389998">
        <ele>171.817</ele>
        <time>2024-12-13T09:51:18Z</time>
      </trkpt>
      <trkpt lat="41.632760" lon="2.389957">
        <ele>171.709</ele>
        <time>2024-12-13T09:51:20Z</time>
      </trkpt>
      <trkpt lat="41.632767" lon="2.389917">
        <ele>171.652</ele>
        <time>2024-12-13T09:51:22Z</time>
      </trkpt>
      <trkpt lat="41.632771" lon="2.389876">
        <ele>171.590</ele>
        <time>2024-12-13T09:51:24Z</time>
      </trkpt>
      <trkpt lat="41.632770" lon="2.389835">
        <ele>171.476</ele>
        <time>2024-12-13T09:51:26Z</time>
      </trkpt>
      <trkpt lat="41.632766" lon="2.389792">
        <ele>171.241</ele>
        <time>2024-12-13T09:51:28Z</time>
      </trkpt>
      <trkpt lat="41.632766" lon="2.389748">
        <ele>171.033</ele>
        <time>2024-12-13T09:51:30Z</time>
      </trkpt>
      <trkpt lat="41.632767" lon="2.389708">
        <ele>170.954</ele>
        <time>2024-12-13T09:51:32Z</time>
      </trkpt>
      <trkpt lat="41.632767" lon="2.389669">
        <ele>170.891</ele>
        <time>2024-12-13T09:51:34Z</time>
      </trkpt>
      <trkpt lat="41.632771" lon="2.389628">
        <ele>170.634</ele>
        <time>2024-12-13T09:51:36Z</time>
      </trkpt>
      <trkpt lat="41.632775" lon="2.389558">
        <ele>170.430</ele>
        <time>2024-12-13T09:51:40Z</time>
      </trkpt>
      <trkpt lat="41.632774" lon="2.389522">
        <ele>170.354</ele>
        <time>2024-12-13T09:51:42Z</time>
      </trkpt>
      <trkpt lat="41.632775" lon="2.389483">
        <ele>170.156</ele>
        <time>2024-12-13T09:51:44Z</time>
      </trkpt>
      <trkpt lat="41.632778" lon="2.389440">
        <ele>170.011</ele>
        <time>2024-12-13T09:51:46Z</time>
      </trkpt>
      <trkpt lat="41.632773" lon="2.389397">
        <ele>170.209</ele>
        <time>2024-12-13T09:51:48Z</time>
      </trkpt>
      <trkpt lat="41.632777" lon="2.389357">
        <ele>170.366</ele>
        <time>2024-12-13T09:51:50Z</time>
      </trkpt>
      <trkpt lat="41.632780" lon="2.389315">
        <ele>170.524</ele>
        <time>2024-12-13T09:51:52Z</time>
      </trkpt>
      <trkpt lat="41.632785" lon="2.389275">
        <ele>170.760</ele>
        <time>2024-12-13T09:51:54Z</time>
      </trkpt>
      <trkpt lat="41.632788" lon="2.389208">
        <ele>171.045</ele>
        <time>2024-12-13T09:51:58Z</time>
      </trkpt>
      <trkpt lat="41.632792" lon="2.389130">
        <ele>171.297</ele>
        <time>2024-12-13T09:52:02Z</time>
      </trkpt>
      <trkpt lat="41.632794" lon="2.389093">
        <ele>171.298</ele>
        <time>2024-12-13T09:52:04Z</time>
      </trkpt>
      <trkpt lat="41.632794" lon="2.389056">
        <ele>171.275</ele>
        <time>2024-12-13T09:52:06Z</time>
      </trkpt>
      <trkpt lat="41.632796" lon="2.389013">
        <ele>171.278</ele>
        <time>2024-12-13T09:52:08Z</time>
      </trkpt>
      <trkpt lat="41.632799" lon="2.388975">
        <ele>171.294</ele>
        <time>2024-12-13T09:52:10Z</time>
      </trkpt>
      <trkpt lat="41.632797" lon="2.388933">
        <ele>171.294</ele>
        <time>2024-12-13T09:52:12Z</time>
      </trkpt>
      <trkpt lat="41.632797" lon="2.388888">
        <ele>171.257</ele>
        <time>2024-12-13T09:52:14Z</time>
      </trkpt>
      <trkpt lat="41.632796" lon="2.388836">
        <ele>171.222</ele>
        <time>2024-12-13T09:52:16Z</time>
      </trkpt>
      <trkpt lat="41.632792" lon="2.388799">
        <ele>171.209</ele>
        <time>2024-12-13T09:52:18Z</time>
      </trkpt>
      <trkpt lat="41.632790" lon="2.388762">
        <ele>171.140</ele>
        <time>2024-12-13T09:52:20Z</time>
      </trkpt>
      <trkpt lat="41.632787" lon="2.388723">
        <ele>171.138</ele>
        <time>2024-12-13T09:52:22Z</time>
      </trkpt>
      <trkpt lat="41.632782" lon="2.388679">
        <ele>171.094</ele>
        <time>2024-12-13T09:52:24Z</time>
      </trkpt>
      <trkpt lat="41.632773" lon="2.388643">
        <ele>171.099</ele>
        <time>2024-12-13T09:52:26Z</time>
      </trkpt>
      <trkpt lat="41.632765" lon="2.388602">
        <ele>170.951</ele>
        <time>2024-12-13T09:52:28Z</time>
      </trkpt>
      <trkpt lat="41.632763" lon="2.388533">
        <ele>170.952</ele>
        <time>2024-12-13T09:52:31Z</time>
      </trkpt>
      <trkpt lat="41.632762" lon="2.388494">
        <ele>170.919</ele>
        <time>2024-12-13T09:52:33Z</time>
      </trkpt>
      <trkpt lat="41.632759" lon="2.388452">
        <ele>170.912</ele>
        <time>2024-12-13T09:52:35Z</time>
      </trkpt>
      <trkpt lat="41.632758" lon="2.388379">
        <ele>170.968</ele>
        <time>2024-12-13T09:52:39Z</time>
      </trkpt>
      <trkpt lat="41.632756" lon="2.388340">
        <ele>170.917</ele>
        <time>2024-12-13T09:52:41Z</time>
      </trkpt>
      <trkpt lat="41.632743" lon="2.388280">
        <ele>171.187</ele>
        <time>2024-12-13T09:52:45Z</time>
      </trkpt>
      <trkpt lat="41.632732" lon="2.388211">
        <ele>171.315</ele>
        <time>2024-12-13T09:52:48Z</time>
      </trkpt>
      <trkpt lat="41.632731" lon="2.388166">
        <ele>171.409</ele>
        <time>2024-12-13T09:52:50Z</time>
      </trkpt>
      <trkpt lat="41.632733" lon="2.388119">
        <ele>171.632</ele>
        <time>2024-12-13T09:52:52Z</time>
      </trkpt>
      <trkpt lat="41.632733" lon="2.388073">
        <ele>171.840</ele>
        <time>2024-12-13T09:52:54Z</time>
      </trkpt>
      <trkpt lat="41.632732" lon="2.388000">
        <ele>172.046</ele>
        <time>2024-12-13T09:52:58Z</time>
      </trkpt>
      <trkpt lat="41.632730" lon="2.387924">
        <ele>172.231</ele>
        <time>2024-12-13T09:53:02Z</time>
      </trkpt>
      <trkpt lat="41.632727" lon="2.387877">
        <ele>172.383</ele>
        <time>2024-12-13T09:53:04Z</time>
      </trkpt>
      <trkpt lat="41.632724" lon="2.387835">
        <ele>172.444</ele>
        <time>2024-12-13T09:53:06Z</time>
      </trkpt>
      <trkpt lat="41.632726" lon="2.387794">
        <ele>172.681</ele>
        <time>2024-12-13T09:53:08Z</time>
      </trkpt>
      <trkpt lat="41.632728" lon="2.387750">
        <ele>172.764</ele>
        <time>2024-12-13T09:53:10Z</time>
      </trkpt>
      <trkpt lat="41.632729" lon="2.387713">
        <ele>172.780</ele>
        <time>2024-12-13T09:53:12Z</time>
      </trkpt>
      <trkpt lat="41.632726" lon="2.387677">
        <ele>172.797</ele>
        <time>2024-12-13T09:53:14Z</time>
      </trkpt>
      <trkpt lat="41.632709" lon="2.387609">
        <ele>172.723</ele>
        <time>2024-12-13T09:53:18Z</time>
      </trkpt>
      <trkpt lat="41.632696" lon="2.387573">
        <ele>172.625</ele>
        <time>2024-12-13T09:53:20Z</time>
      </trkpt>
      <trkpt lat="41.632686" lon="2.387535">
        <ele>172.609</ele>
        <time>2024-12-13T09:53:22Z</time>
      </trkpt>
      <trkpt lat="41.632664" lon="2.387475">
        <ele>172.630</ele>
        <time>2024-12-13T09:53:25Z</time>
      </trkpt>
      <trkpt lat="41.632654" lon="2.387432">
        <ele>172.728</ele>
        <time>2024-12-13T09:53:27Z</time>
      </trkpt>
      <trkpt lat="41.632645" lon="2.387388">
        <ele>172.764</ele>
        <time>2024-12-13T09:53:29Z</time>
      </trkpt>
      <trkpt lat="41.632632" lon="2.387341">
        <ele>172.719</ele>
        <time>2024-12-13T09:53:31Z</time>
      </trkpt>
      <trkpt lat="41.632619" lon="2.387306">
        <ele>172.781</ele>
        <time>2024-12-13T09:53:33Z</time>
      </trkpt>
      <trkpt lat="41.632605" lon="2.387270">
        <ele>172.762</ele>
        <time>2024-12-13T09:53:35Z</time>
      </trkpt>
      <trkpt lat="41.632585" lon="2.387201">
        <ele>172.669</ele>
        <time>2024-12-13T09:53:39Z</time>
      </trkpt>
      <trkpt lat="41.632576" lon="2.387159">
        <ele>172.642</ele>
        <time>2024-12-13T09:53:41Z</time>
      </trkpt>
      <trkpt lat="41.632563" lon="2.387119">
        <ele>172.598</ele>
        <time>2024-12-13T09:53:43Z</time>
      </trkpt>
      <trkpt lat="41.632554" lon="2.387080">
        <ele>172.529</ele>
        <time>2024-12-13T09:53:45Z</time>
      </trkpt>
      <trkpt lat="41.632546" lon="2.387042">
        <ele>172.400</ele>
        <time>2024-12-13T09:53:47Z</time>
      </trkpt>
      <trkpt lat="41.632535" lon="2.387002">
        <ele>172.420</ele>
        <time>2024-12-13T09:53:49Z</time>
      </trkpt>
      <trkpt lat="41.632525" lon="2.386960">
        <ele>172.309</ele>
        <time>2024-12-13T09:53:51Z</time>
      </trkpt>
      <trkpt lat="41.632518" lon="2.386925">
        <ele>172.293</ele>
        <time>2024-12-13T09:53:53Z</time>
      </trkpt>
      <trkpt lat="41.632513" lon="2.386884">
        <ele>172.121</ele>
        <time>2024-12-13T09:53:55Z</time>
      </trkpt>
      <trkpt lat="41.632506" lon="2.386848">
        <ele>172.187</ele>
        <time>2024-12-13T09:53:57Z</time>
      </trkpt>
      <trkpt lat="41.632497" lon="2.386814">
        <ele>172.092</ele>
        <time>2024-12-13T09:53:59Z</time>
      </trkpt>
      <trkpt lat="41.632486" lon="2.386775">
        <ele>172.074</ele>
        <time>2024-12-13T09:54:01Z</time>
      </trkpt>
      <trkpt lat="41.632474" lon="2.386734">
        <ele>171.915</ele>
        <time>2024-12-13T09:54:03Z</time>
      </trkpt>
      <trkpt lat="41.632458" lon="2.386670">
        <ele>171.882</ele>
        <time>2024-12-13T09:54:06Z</time>
      </trkpt>
      <trkpt lat="41.632418" lon="2.386676">
        <ele>171.715</ele>
        <time>2024-12-13T09:54:10Z</time>
      </trkpt>
      <trkpt lat="41.632408" lon="2.386745">
        <ele>171.711</ele>
        <time>2024-12-13T09:54:14Z</time>
      </trkpt>
      <trkpt lat="41.632409" lon="2.386813">
        <ele>171.794</ele>
        <time>2024-12-13T09:54:18Z</time>
      </trkpt>
      <trkpt lat="41.632416" lon="2.386879">
        <ele>171.757</ele>
        <time>2024-12-13T09:54:22Z</time>
      </trkpt>
      <trkpt lat="41.632418" lon="2.386919">
        <ele>171.722</ele>
        <time>2024-12-13T09:54:24Z</time>
      </trkpt>
      <trkpt lat="41.632417" lon="2.386991">
        <ele>171.709</ele>
        <time>2024-12-13T09:54:27Z</time>
      </trkpt>
      <trkpt lat="41.632412" lon="2.387035">
        <ele>171.770</ele>
        <time>2024-12-13T09:54:29Z</time>
      </trkpt>
      <trkpt lat="41.632416" lon="2.387102">
        <ele>171.748</ele>
        <time>2024-12-13T09:54:34Z</time>
      </trkpt>
      <trkpt lat="41.632412" lon="2.387163">
        <ele>171.724</ele>
        <time>2024-12-13T09:54:40Z</time>
      </trkpt>
      <trkpt lat="41.632408" lon="2.387219">
        <ele>171.799</ele>
        <time>2024-12-13T09:54:47Z</time>
      </trkpt>
      <trkpt lat="41.632401" lon="2.387280">
        <ele>171.681</ele>
        <time>2024-12-13T09:54:53Z</time>
      </trkpt>
      <trkpt lat="41.632392" lon="2.387320">
        <ele>171.632</ele>
        <time>2024-12-13T09:54:55Z</time>
      </trkpt>
      <trkpt lat="41.632388" lon="2.387357">
        <ele>171.639</ele>
        <time>2024-12-13T09:54:57Z</time>
      </trkpt>
      <trkpt lat="41.632391" lon="2.387398">
        <ele>171.662</ele>
        <time>2024-12-13T09:54:59Z</time>
      </trkpt>
      <trkpt lat="41.632389" lon="2.387440">
        <ele>171.668</ele>
        <time>2024-12-13T09:55:01Z</time>
      </trkpt>
      <trkpt lat="41.632390" lon="2.387484">
        <ele>171.639</ele>
        <time>2024-12-13T09:55:03Z</time>
      </trkpt>
      <trkpt lat="41.632390" lon="2.387521">
        <ele>171.601</ele>
        <time>2024-12-13T09:55:05Z</time>
      </trkpt>
      <trkpt lat="41.632393" lon="2.387560">
        <ele>171.621</ele>
        <time>2024-12-13T09:55:07Z</time>
      </trkpt>
      <trkpt lat="41.632391" lon="2.387602">
        <ele>171.509</ele>
        <time>2024-12-13T09:55:09Z</time>
      </trkpt>
      <trkpt lat="41.632390" lon="2.387647">
        <ele>171.534</ele>
        <time>2024-12-13T09:55:11Z</time>
      </trkpt>
      <trkpt lat="41.632382" lon="2.387690">
        <ele>171.522</ele>
        <time>2024-12-13T09:55:13Z</time>
      </trkpt>
      <trkpt lat="41.632370" lon="2.387734">
        <ele>171.588</ele>
        <time>2024-12-13T09:55:15Z</time>
      </trkpt>
      <trkpt lat="41.632353" lon="2.387774">
        <ele>171.523</ele>
        <time>2024-12-13T09:55:17Z</time>
      </trkpt>
      <trkpt lat="41.632334" lon="2.387808">
        <ele>171.525</ele>
        <time>2024-12-13T09:55:19Z</time>
      </trkpt>
      <trkpt lat="41.632312" lon="2.387834">
        <ele>171.566</ele>
        <time>2024-12-13T09:55:21Z</time>
      </trkpt>
      <trkpt lat="41.632284" lon="2.387855">
        <ele>171.693</ele>
        <time>2024-12-13T09:55:23Z</time>
      </trkpt>
      <trkpt lat="41.632255" lon="2.387872">
        <ele>171.616</ele>
        <time>2024-12-13T09:55:25Z</time>
      </trkpt>
      <trkpt lat="41.632198" lon="2.387892">
        <ele>171.612</ele>
        <time>2024-12-13T09:55:29Z</time>
      </trkpt>
      <trkpt lat="41.632166" lon="2.387900">
        <ele>171.564</ele>
        <time>2024-12-13T09:55:31Z</time>
      </trkpt>
      <trkpt lat="41.632138" lon="2.387910">
        <ele>171.506</ele>
        <time>2024-12-13T09:55:33Z</time>
      </trkpt>
      <trkpt lat="41.632112" lon="2.387921">
        <ele>171.516</ele>
        <time>2024-12-13T09:55:35Z</time>
      </trkpt>
      <trkpt lat="41.632062" lon="2.387928">
        <ele>171.509</ele>
        <time>2024-12-13T09:55:39Z</time>
      </trkpt>
      <trkpt lat="41.632036" lon="2.387946">
        <ele>171.517</ele>
        <time>2024-12-13T09:55:41Z</time>
      </trkpt>
      <trkpt lat="41.632007" lon="2.387959">
        <ele>171.655</ele>
        <time>2024-12-13T09:55:44Z</time>
      </trkpt>
      <trkpt lat="41.631981" lon="2.387973">
        <ele>171.651</ele>
        <time>2024-12-13T09:55:46Z</time>
      </trkpt>
      <trkpt lat="41.631929" lon="2.387983">
        <ele>171.746</ele>
        <time>2024-12-13T09:55:49Z</time>
      </trkpt>
      <trkpt lat="41.631902" lon="2.387987">
        <ele>171.888</ele>
        <time>2024-12-13T09:55:51Z</time>
      </trkpt>
      <trkpt lat="41.631872" lon="2.387978">
        <ele>171.739</ele>
        <time>2024-12-13T09:55:53Z</time>
      </trkpt>
      <trkpt lat="41.631845" lon="2.387986">
        <ele>171.836</ele>
        <time>2024-12-13T09:55:55Z</time>
      </trkpt>
      <trkpt lat="41.631818" lon="2.387993">
        <ele>171.839</ele>
        <time>2024-12-13T09:55:57Z</time>
      </trkpt>
      <trkpt lat="41.631790" lon="2.387995">
        <ele>171.815</ele>
        <time>2024-12-13T09:55:59Z</time>
      </trkpt>
      <trkpt lat="41.631755" lon="2.387998">
        <ele>171.875</ele>
        <time>2024-12-13T09:56:01Z</time>
      </trkpt>
      <trkpt lat="41.631719" lon="2.388005">
        <ele>171.828</ele>
        <time>2024-12-13T09:56:03Z</time>
      </trkpt>
      <trkpt lat="41.631686" lon="2.388018">
        <ele>171.920</ele>
        <time>2024-12-13T09:56:05Z</time>
      </trkpt>
      <trkpt lat="41.631653" lon="2.388045">
        <ele>172.009</ele>
        <time>2024-12-13T09:56:09Z</time>
      </trkpt>
      <trkpt lat="41.631625" lon="2.388060">
        <ele>172.098</ele>
        <time>2024-12-13T09:56:11Z</time>
      </trkpt>
      <trkpt lat="41.631592" lon="2.388085">
        <ele>172.186</ele>
        <time>2024-12-13T09:56:13Z</time>
      </trkpt>
      <trkpt lat="41.631551" lon="2.388104">
        <ele>172.212</ele>
        <time>2024-12-13T09:56:16Z</time>
      </trkpt>
      <trkpt lat="41.631511" lon="2.388112">
        <ele>172.287</ele>
        <time>2024-12-13T09:56:18Z</time>
      </trkpt>
      <trkpt lat="41.631477" lon="2.388116">
        <ele>172.269</ele>
        <time>2024-12-13T09:56:20Z</time>
      </trkpt>
      <trkpt lat="41.631419" lon="2.388110">
        <ele>172.270</ele>
        <time>2024-12-13T09:56:23Z</time>
      </trkpt>
      <trkpt lat="41.631373" lon="2.388132">
        <ele>172.227</ele>
        <time>2024-12-13T09:56:27Z</time>
      </trkpt>
      <trkpt lat="41.631322" lon="2.388163">
        <ele>172.150</ele>
        <time>2024-12-13T09:56:30Z</time>
      </trkpt>
      <trkpt lat="41.631290" lon="2.388187">
        <ele>172.156</ele>
        <time>2024-12-13T09:56:32Z</time>
      </trkpt>
      <trkpt lat="41.631263" lon="2.388204">
        <ele>172.176</ele>
        <time>2024-12-13T09:56:34Z</time>
      </trkpt>
      <trkpt lat="41.631223" lon="2.388242">
        <ele>172.190</ele>
        <time>2024-12-13T09:56:38Z</time>
      </trkpt>
      <trkpt lat="41.631197" lon="2.388261">
        <ele>172.019</ele>
        <time>2024-12-13T09:56:40Z</time>
      </trkpt>
      <trkpt lat="41.631155" lon="2.388292">
        <ele>172.009</ele>
        <time>2024-12-13T09:56:44Z</time>
      </trkpt>
      <trkpt lat="41.631114" lon="2.388318">
        <ele>172.048</ele>
        <time>2024-12-13T09:56:48Z</time>
      </trkpt>
      <trkpt lat="41.631074" lon="2.388335">
        <ele>172.096</ele>
        <time>2024-12-13T09:56:50Z</time>
      </trkpt>
      <trkpt lat="41.631038" lon="2.388348">
        <ele>172.162</ele>
        <time>2024-12-13T09:56:52Z</time>
      </trkpt>
      <trkpt lat="41.631001" lon="2.388357">
        <ele>172.167</ele>
        <time>2024-12-13T09:56:54Z</time>
      </trkpt>
      <trkpt lat="41.630954" lon="2.388326">
        <ele>172.019</ele>
        <time>2024-12-13T09:56:57Z</time>
      </trkpt>
      <trkpt lat="41.630946" lon="2.388287">
        <ele>171.730</ele>
        <time>2024-12-13T09:56:59Z</time>
      </trkpt>
      <trkpt lat="41.630934" lon="2.388239">
        <ele>171.427</ele>
        <time>2024-12-13T09:57:01Z</time>
      </trkpt>
      <trkpt lat="41.630918" lon="2.388197">
        <ele>171.260</ele>
        <time>2024-12-13T09:57:03Z</time>
      </trkpt>
      <trkpt lat="41.630906" lon="2.388156">
        <ele>170.976</ele>
        <time>2024-12-13T09:57:05Z</time>
      </trkpt>
      <trkpt lat="41.630890" lon="2.388100">
        <ele>170.528</ele>
        <time>2024-12-13T09:57:08Z</time>
      </trkpt>
      <trkpt lat="41.630873" lon="2.388022">
        <ele>169.989</ele>
        <time>2024-12-13T09:57:12Z</time>
      </trkpt>
      <trkpt lat="41.630863" lon="2.387982">
        <ele>169.617</ele>
        <time>2024-12-13T09:57:14Z</time>
      </trkpt>
      <trkpt lat="41.630850" lon="2.387942">
        <ele>169.209</ele>
        <time>2024-12-13T09:57:16Z</time>
      </trkpt>
      <trkpt lat="41.630839" lon="2.387906">
        <ele>168.983</ele>
        <time>2024-12-13T09:57:18Z</time>
      </trkpt>
      <trkpt lat="41.630830" lon="2.387865">
        <ele>168.641</ele>
        <time>2024-12-13T09:57:20Z</time>
      </trkpt>
      <trkpt lat="41.630824" lon="2.387828">
        <ele>168.497</ele>
        <time>2024-12-13T09:57:22Z</time>
      </trkpt>
      <trkpt lat="41.630810" lon="2.387765">
        <ele>168.242</ele>
        <time>2024-12-13T09:57:26Z</time>
      </trkpt>
      <trkpt lat="41.630797" lon="2.387731">
        <ele>168.254</ele>
        <time>2024-12-13T09:57:28Z</time>
      </trkpt>
      <trkpt lat="41.630784" lon="2.387690">
        <ele>168.375</ele>
        <time>2024-12-13T09:57:30Z</time>
      </trkpt>
      <trkpt lat="41.630771" lon="2.387648">
        <ele>168.342</ele>
        <time>2024-12-13T09:57:32Z</time>
      </trkpt>
      <trkpt lat="41.630756" lon="2.387602">
        <ele>168.445</ele>
        <time>2024-12-13T09:57:34Z</time>
      </trkpt>
      <trkpt lat="41.630738" lon="2.387533">
        <ele>168.441</ele>
        <time>2024-12-13T09:57:38Z</time>
      </trkpt>
      <trkpt lat="41.630727" lon="2.387499">
        <ele>168.455</ele>
        <time>2024-12-13T09:57:40Z</time>
      </trkpt>
      <trkpt lat="41.630706" lon="2.387428">
        <ele>168.507</ele>
        <time>2024-12-13T09:57:44Z</time>
      </trkpt>
      <trkpt lat="41.630692" lon="2.387386">
        <ele>168.517</ele>
        <time>2024-12-13T09:57:46Z</time>
      </trkpt>
      <trkpt lat="41.630671" lon="2.387336">
        <ele>168.609</ele>
        <time>2024-12-13T09:57:48Z</time>
      </trkpt>
      <trkpt lat="41.630648" lon="2.387272">
        <ele>168.746</ele>
        <time>2024-12-13T09:57:51Z</time>
      </trkpt>
      <trkpt lat="41.630634" lon="2.387231">
        <ele>168.784</ele>
        <time>2024-12-13T09:57:53Z</time>
      </trkpt>
      <trkpt lat="41.630622" lon="2.387194">
        <ele>168.820</ele>
        <time>2024-12-13T09:57:55Z</time>
      </trkpt>
      <trkpt lat="41.630596" lon="2.387128">
        <ele>169.145</ele>
        <time>2024-12-13T09:57:59Z</time>
      </trkpt>
      <trkpt lat="41.630582" lon="2.387085">
        <ele>169.417</ele>
        <time>2024-12-13T09:58:01Z</time>
      </trkpt>
      <trkpt lat="41.630570" lon="2.387042">
        <ele>169.658</ele>
        <time>2024-12-13T09:58:03Z</time>
      </trkpt>
      <trkpt lat="41.630560" lon="2.387005">
        <ele>169.875</ele>
        <time>2024-12-13T09:58:05Z</time>
      </trkpt>
      <trkpt lat="41.630550" lon="2.386970">
        <ele>169.928</ele>
        <time>2024-12-13T09:58:07Z</time>
      </trkpt>
      <trkpt lat="41.630538" lon="2.386934">
        <ele>170.014</ele>
        <time>2024-12-13T09:58:09Z</time>
      </trkpt>
      <trkpt lat="41.630524" lon="2.386896">
        <ele>169.896</ele>
        <time>2024-12-13T09:58:11Z</time>
      </trkpt>
      <trkpt lat="41.630509" lon="2.386864">
        <ele>169.731</ele>
        <time>2024-12-13T09:58:13Z</time>
      </trkpt>
      <trkpt lat="41.630496" lon="2.386829">
        <ele>169.624</ele>
        <time>2024-12-13T09:58:15Z</time>
      </trkpt>
      <trkpt lat="41.630480" lon="2.386794">
        <ele>169.509</ele>
        <time>2024-12-13T09:58:17Z</time>
      </trkpt>
      <trkpt lat="41.630464" lon="2.386752">
        <ele>169.390</ele>
        <time>2024-12-13T09:58:19Z</time>
      </trkpt>
      <trkpt lat="41.630449" lon="2.386710">
        <ele>169.298</ele>
        <time>2024-12-13T09:58:21Z</time>
      </trkpt>
      <trkpt lat="41.630435" lon="2.386674">
        <ele>169.064</ele>
        <time>2024-12-13T09:58:23Z</time>
      </trkpt>
      <trkpt lat="41.630422" lon="2.386635">
        <ele>168.819</ele>
        <time>2024-12-13T09:58:25Z</time>
      </trkpt>
      <trkpt lat="41.630408" lon="2.386599">
        <ele>168.691</ele>
        <time>2024-12-13T09:58:27Z</time>
      </trkpt>
      <trkpt lat="41.630394" lon="2.386559">
        <ele>168.592</ele>
        <time>2024-12-13T09:58:29Z</time>
      </trkpt>
      <trkpt lat="41.630382" lon="2.386524">
        <ele>168.369</ele>
        <time>2024-12-13T09:58:31Z</time>
      </trkpt>
      <trkpt lat="41.630366" lon="2.386483">
        <ele>168.132</ele>
        <time>2024-12-13T09:58:33Z</time>
      </trkpt>
      <trkpt lat="41.630344" lon="2.386416">
        <ele>167.918</ele>
        <time>2024-12-13T09:58:37Z</time>
      </trkpt>
      <trkpt lat="41.630328" lon="2.386380">
        <ele>167.831</ele>
        <time>2024-12-13T09:58:39Z</time>
      </trkpt>
      <trkpt lat="41.630315" lon="2.386343">
        <ele>167.761</ele>
        <time>2024-12-13T09:58:41Z</time>
      </trkpt>
      <trkpt lat="41.630297" lon="2.386302">
        <ele>167.607</ele>
        <time>2024-12-13T09:58:43Z</time>
      </trkpt>
      <trkpt lat="41.630278" lon="2.386262">
        <ele>167.509</ele>
        <time>2024-12-13T09:58:45Z</time>
      </trkpt>
      <trkpt lat="41.630261" lon="2.386226">
        <ele>167.474</ele>
        <time>2024-12-13T09:58:47Z</time>
      </trkpt>
      <trkpt lat="41.630245" lon="2.386187">
        <ele>167.252</ele>
        <time>2024-12-13T09:58:49Z</time>
      </trkpt>
      <trkpt lat="41.630233" lon="2.386153">
        <ele>167.028</ele>
        <time>2024-12-13T09:58:51Z</time>
      </trkpt>
      <trkpt lat="41.630212" lon="2.386086">
        <ele>166.983</ele>
        <time>2024-12-13T09:58:55Z</time>
      </trkpt>
      <trkpt lat="41.630197" lon="2.386043">
        <ele>167.085</ele>
        <time>2024-12-13T09:58:57Z</time>
      </trkpt>
      <trkpt lat="41.630173" lon="2.385984">
        <ele>167.126</ele>
        <time>2024-12-13T09:59:00Z</time>
      </trkpt>
      <trkpt lat="41.630156" lon="2.385944">
        <ele>167.263</ele>
        <time>2024-12-13T09:59:02Z</time>
      </trkpt>
      <trkpt lat="41.630143" lon="2.385908">
        <ele>167.246</ele>
        <time>2024-12-13T09:59:04Z</time>
      </trkpt>
      <trkpt lat="41.630124" lon="2.385874">
        <ele>167.382</ele>
        <time>2024-12-13T09:59:06Z</time>
      </trkpt>
      <trkpt lat="41.630095" lon="2.385813">
        <ele>167.446</ele>
        <time>2024-12-13T09:59:10Z</time>
      </trkpt>
      <trkpt lat="41.630080" lon="2.385779">
        <ele>167.588</ele>
        <time>2024-12-13T09:59:12Z</time>
      </trkpt>
      <trkpt lat="41.630065" lon="2.385741">
        <ele>167.616</ele>
        <time>2024-12-13T09:59:14Z</time>
      </trkpt>
      <trkpt lat="41.630051" lon="2.385707">
        <ele>167.609</ele>
        <time>2024-12-13T09:59:16Z</time>
      </trkpt>
      <trkpt lat="41.630026" lon="2.385657">
        <ele>167.745</ele>
        <time>2024-12-13T09:59:19Z</time>
      </trkpt>
      <trkpt lat="41.630009" lon="2.385622">
        <ele>167.873</ele>
        <time>2024-12-13T09:59:21Z</time>
      </trkpt>
      <trkpt lat="41.629998" lon="2.385588">
        <ele>167.969</ele>
        <time>2024-12-13T09:59:23Z</time>
      </trkpt>
      <trkpt lat="41.629969" lon="2.385522">
        <ele>167.924</ele>
        <time>2024-12-13T09:59:27Z</time>
      </trkpt>
      <trkpt lat="41.629954" lon="2.385480">
        <ele>167.736</ele>
        <time>2024-12-13T09:59:29Z</time>
      </trkpt>
      <trkpt lat="41.629935" lon="2.385442">
        <ele>167.677</ele>
        <time>2024-12-13T09:59:31Z</time>
      </trkpt>
      <trkpt lat="41.629916" lon="2.385406">
        <ele>167.544</ele>
        <time>2024-12-13T09:59:33Z</time>
      </trkpt>
      <trkpt lat="41.629901" lon="2.385372">
        <ele>167.387</ele>
        <time>2024-12-13T09:59:35Z</time>
      </trkpt>
      <trkpt lat="41.629885" lon="2.385335">
        <ele>167.233</ele>
        <time>2024-12-13T09:59:37Z</time>
      </trkpt>
      <trkpt lat="41.629861" lon="2.385284">
        <ele>167.087</ele>
        <time>2024-12-13T09:59:40Z</time>
      </trkpt>
      <trkpt lat="41.629844" lon="2.385251">
        <ele>166.942</ele>
        <time>2024-12-13T09:59:42Z</time>
      </trkpt>
      <trkpt lat="41.629825" lon="2.385211">
        <ele>166.826</ele>
        <time>2024-12-13T09:59:44Z</time>
      </trkpt>
      <trkpt lat="41.629808" lon="2.385178">
        <ele>166.809</ele>
        <time>2024-12-13T09:59:46Z</time>
      </trkpt>
      <trkpt lat="41.629794" lon="2.385143">
        <ele>166.679</ele>
        <time>2024-12-13T09:59:48Z</time>
      </trkpt>
      <trkpt lat="41.629766" lon="2.385082">
        <ele>166.417</ele>
        <time>2024-12-13T09:59:52Z</time>
      </trkpt>
      <trkpt lat="41.629747" lon="2.385045">
        <ele>166.283</ele>
        <time>2024-12-13T09:59:54Z</time>
      </trkpt>
      <trkpt lat="41.629721" lon="2.384982">
        <ele>166.128</ele>
        <time>2024-12-13T09:59:58Z</time>
      </trkpt>
      <trkpt lat="41.629704" lon="2.384938">
        <ele>166.240</ele>
        <time>2024-12-13T10:00:00Z</time>
      </trkpt>
      <trkpt lat="41.629686" lon="2.384900">
        <ele>166.451</ele>
        <time>2024-12-13T10:00:02Z</time>
      </trkpt>
      <trkpt lat="41.629664" lon="2.384858">
        <ele>166.588</ele>
        <time>2024-12-13T10:00:04Z</time>
      </trkpt>
      <trkpt lat="41.629642" lon="2.384827">
        <ele>166.681</ele>
        <time>2024-12-13T10:00:06Z</time>
      </trkpt>
      <trkpt lat="41.629622" lon="2.384796">
        <ele>166.797</ele>
        <time>2024-12-13T10:00:08Z</time>
      </trkpt>
      <trkpt lat="41.629605" lon="2.384763">
        <ele>166.937</ele>
        <time>2024-12-13T10:00:10Z</time>
      </trkpt>
      <trkpt lat="41.629586" lon="2.384729">
        <ele>167.049</ele>
        <time>2024-12-13T10:00:12Z</time>
      </trkpt>
      <trkpt lat="41.629566" lon="2.384700">
        <ele>167.013</ele>
        <time>2024-12-13T10:00:14Z</time>
      </trkpt>
      <trkpt lat="41.629548" lon="2.384671">
        <ele>167.109</ele>
        <time>2024-12-13T10:00:16Z</time>
      </trkpt>
      <trkpt lat="41.629526" lon="2.384635">
        <ele>167.144</ele>
        <time>2024-12-13T10:00:18Z</time>
      </trkpt>
      <trkpt lat="41.629508" lon="2.384600">
        <ele>167.162</ele>
        <time>2024-12-13T10:00:20Z</time>
      </trkpt>
      <trkpt lat="41.629492" lon="2.384561">
        <ele>167.168</ele>
        <time>2024-12-13T10:00:22Z</time>
      </trkpt>
      <trkpt lat="41.629473" lon="2.384529">
        <ele>167.193</ele>
        <time>2024-12-13T10:00:24Z</time>
      </trkpt>
      <trkpt lat="41.629455" lon="2.384498">
        <ele>167.085</ele>
        <time>2024-12-13T10:00:26Z</time>
      </trkpt>
      <trkpt lat="41.629436" lon="2.384464">
        <ele>167.066</ele>
        <time>2024-12-13T10:00:28Z</time>
      </trkpt>
      <trkpt lat="41.629421" lon="2.384435">
        <ele>166.963</ele>
        <time>2024-12-13T10:00:30Z</time>
      </trkpt>
      <trkpt lat="41.629394" lon="2.384387">
        <ele>166.616</ele>
        <time>2024-12-13T10:00:33Z</time>
      </trkpt>
      <trkpt lat="41.629375" lon="2.384351">
        <ele>166.482</ele>
        <time>2024-12-13T10:00:35Z</time>
      </trkpt>
      <trkpt lat="41.629357" lon="2.384318">
        <ele>166.269</ele>
        <time>2024-12-13T10:00:37Z</time>
      </trkpt>
      <trkpt lat="41.629340" lon="2.384286">
        <ele>166.104</ele>
        <time>2024-12-13T10:00:39Z</time>
      </trkpt>
      <trkpt lat="41.629323" lon="2.384253">
        <ele>165.924</ele>
        <time>2024-12-13T10:00:41Z</time>
      </trkpt>
      <trkpt lat="41.629304" lon="2.384219">
        <ele>165.709</ele>
        <time>2024-12-13T10:00:43Z</time>
      </trkpt>
      <trkpt lat="41.629283" lon="2.384186">
        <ele>165.547</ele>
        <time>2024-12-13T10:00:45Z</time>
      </trkpt>
      <trkpt lat="41.629264" lon="2.384154">
        <ele>165.395</ele>
        <time>2024-12-13T10:00:47Z</time>
      </trkpt>
      <trkpt lat="41.629242" lon="2.384121">
        <ele>165.131</ele>
        <time>2024-12-13T10:00:49Z</time>
      </trkpt>
      <trkpt lat="41.629221" lon="2.384088">
        <ele>164.936</ele>
        <time>2024-12-13T10:00:51Z</time>
      </trkpt>
      <trkpt lat="41.629204" lon="2.384053">
        <ele>164.748</ele>
        <time>2024-12-13T10:00:53Z</time>
      </trkpt>
      <trkpt lat="41.629186" lon="2.384023">
        <ele>164.629</ele>
        <time>2024-12-13T10:00:55Z</time>
      </trkpt>
      <trkpt lat="41.629165" lon="2.383990">
        <ele>164.456</ele>
        <time>2024-12-13T10:00:57Z</time>
      </trkpt>
      <trkpt lat="41.629130" lon="2.383944">
        <ele>164.359</ele>
        <time>2024-12-13T10:01:00Z</time>
      </trkpt>
      <trkpt lat="41.629108" lon="2.383910">
        <ele>164.315</ele>
        <time>2024-12-13T10:01:02Z</time>
      </trkpt>
      <trkpt lat="41.629089" lon="2.383875">
        <ele>164.231</ele>
        <time>2024-12-13T10:01:04Z</time>
      </trkpt>
      <trkpt lat="41.629069" lon="2.383845">
        <ele>164.261</ele>
        <time>2024-12-13T10:01:06Z</time>
      </trkpt>
      <trkpt lat="41.629047" lon="2.383821">
        <ele>164.207</ele>
        <time>2024-12-13T10:01:08Z</time>
      </trkpt>
      <trkpt lat="41.629029" lon="2.383793">
        <ele>164.209</ele>
        <time>2024-12-13T10:01:10Z</time>
      </trkpt>
      <trkpt lat="41.629010" lon="2.383766">
        <ele>164.114</ele>
        <time>2024-12-13T10:01:12Z</time>
      </trkpt>
      <trkpt lat="41.628978" lon="2.383719">
        <ele>164.192</ele>
        <time>2024-12-13T10:01:15Z</time>
      </trkpt>
      <trkpt lat="41.628958" lon="2.383685">
        <ele>164.048</ele>
        <time>2024-12-13T10:01:17Z</time>
      </trkpt>
      <trkpt lat="41.628939" lon="2.383649">
        <ele>164.053</ele>
        <time>2024-12-13T10:01:19Z</time>
      </trkpt>
      <trkpt lat="41.628920" lon="2.383619">
        <ele>163.985</ele>
        <time>2024-12-13T10:01:21Z</time>
      </trkpt>
      <trkpt lat="41.628884" lon="2.383559">
        <ele>164.246</ele>
        <time>2024-12-13T10:01:25Z</time>
      </trkpt>
      <trkpt lat="41.628852" lon="2.383512">
        <ele>164.493</ele>
        <time>2024-12-13T10:01:28Z</time>
      </trkpt>
      <trkpt lat="41.628828" lon="2.383474">
        <ele>164.556</ele>
        <time>2024-12-13T10:01:30Z</time>
      </trkpt>
      <trkpt lat="41.628810" lon="2.383445">
        <ele>164.672</ele>
        <time>2024-12-13T10:01:32Z</time>
      </trkpt>
      <trkpt lat="41.628777" lon="2.383390">
        <ele>164.851</ele>
        <time>2024-12-13T10:01:36Z</time>
      </trkpt>
      <trkpt lat="41.628759" lon="2.383363">
        <ele>164.901</ele>
        <time>2024-12-13T10:01:38Z</time>
      </trkpt>
      <trkpt lat="41.628739" lon="2.383335">
        <ele>165.011</ele>
        <time>2024-12-13T10:01:40Z</time>
      </trkpt>
      <trkpt lat="41.628720" lon="2.383299">
        <ele>165.209</ele>
        <time>2024-12-13T10:01:42Z</time>
      </trkpt>
      <trkpt lat="41.628695" lon="2.383265">
        <ele>165.336</ele>
        <time>2024-12-13T10:01:44Z</time>
      </trkpt>
      <trkpt lat="41.628675" lon="2.383231">
        <ele>165.584</ele>
        <time>2024-12-13T10:01:46Z</time>
      </trkpt>
      <trkpt lat="41.628648" lon="2.383190">
        <ele>165.660</ele>
        <time>2024-12-13T10:01:48Z</time>
      </trkpt>
      <trkpt lat="41.628628" lon="2.383158">
        <ele>165.775</ele>
        <time>2024-12-13T10:01:50Z</time>
      </trkpt>
      <trkpt lat="41.628600" lon="2.383088">
        <ele>165.967</ele>
        <time>2024-12-13T10:01:54Z</time>
      </trkpt>
      <trkpt lat="41.628581" lon="2.383057">
        <ele>166.038</ele>
        <time>2024-12-13T10:01:56Z</time>
      </trkpt>
      <trkpt lat="41.628565" lon="2.383021">
        <ele>166.135</ele>
        <time>2024-12-13T10:01:58Z</time>
      </trkpt>
      <trkpt lat="41.628545" lon="2.382991">
        <ele>166.388</ele>
        <time>2024-12-13T10:02:00Z</time>
      </trkpt>
      <trkpt lat="41.628527" lon="2.382964">
        <ele>166.414</ele>
        <time>2024-12-13T10:02:02Z</time>
      </trkpt>
      <trkpt lat="41.628494" lon="2.382934">
        <ele>166.668</ele>
        <time>2024-12-13T10:02:04Z</time>
      </trkpt>
      <trkpt lat="41.628465" lon="2.382910">
        <ele>166.842</ele>
        <time>2024-12-13T10:02:06Z</time>
      </trkpt>
      <trkpt lat="41.628435" lon="2.382903">
        <ele>166.926</ele>
        <time>2024-12-13T10:02:08Z</time>
      </trkpt>
      <trkpt lat="41.628410" lon="2.382920">
        <ele>166.809</ele>
        <time>2024-12-13T10:02:10Z</time>
      </trkpt>
      <trkpt lat="41.628355" lon="2.382947">
        <ele>166.817</ele>
        <time>2024-12-13T10:02:14Z</time>
      </trkpt>
      <trkpt lat="41.628325" lon="2.382970">
        <ele>166.725</ele>
        <time>2024-12-13T10:02:16Z</time>
      </trkpt>
      <trkpt lat="41.628297" lon="2.382993">
        <ele>166.881</ele>
        <time>2024-12-13T10:02:18Z</time>
      </trkpt>
      <trkpt lat="41.628269" lon="2.383020">
        <ele>166.946</ele>
        <time>2024-12-13T10:02:20Z</time>
      </trkpt>
      <trkpt lat="41.628245" lon="2.383044">
        <ele>167.018</ele>
        <time>2024-12-13T10:02:22Z</time>
      </trkpt>
      <trkpt lat="41.628220" lon="2.383063">
        <ele>167.249</ele>
        <time>2024-12-13T10:02:24Z</time>
      </trkpt>
      <trkpt lat="41.628196" lon="2.383081">
        <ele>167.396</ele>
        <time>2024-12-13T10:02:26Z</time>
      </trkpt>
      <trkpt lat="41.628168" lon="2.383100">
        <ele>167.579</ele>
        <time>2024-12-13T10:02:28Z</time>
      </trkpt>
      <trkpt lat="41.628141" lon="2.383120">
        <ele>167.725</ele>
        <time>2024-12-13T10:02:30Z</time>
      </trkpt>
      <trkpt lat="41.628112" lon="2.383138">
        <ele>167.939</ele>
        <time>2024-12-13T10:02:32Z</time>
      </trkpt>
      <trkpt lat="41.628087" lon="2.383157">
        <ele>168.001</ele>
        <time>2024-12-13T10:02:34Z</time>
      </trkpt>
      <trkpt lat="41.628031" lon="2.383182">
        <ele>168.321</ele>
        <time>2024-12-13T10:02:38Z</time>
      </trkpt>
      <trkpt lat="41.628002" lon="2.383193">
        <ele>168.409</ele>
        <time>2024-12-13T10:02:40Z</time>
      </trkpt>
      <trkpt lat="41.627971" lon="2.383199">
        <ele>168.644</ele>
        <time>2024-12-13T10:02:42Z</time>
      </trkpt>
      <trkpt lat="41.627944" lon="2.383210">
        <ele>168.712</ele>
        <time>2024-12-13T10:02:44Z</time>
      </trkpt>
      <trkpt lat="41.627888" lon="2.383227">
        <ele>169.188</ele>
        <time>2024-12-13T10:02:48Z</time>
      </trkpt>
      <trkpt lat="41.627856" lon="2.383244">
        <ele>169.333</ele>
        <time>2024-12-13T10:02:50Z</time>
      </trkpt>
      <trkpt lat="41.627827" lon="2.383255">
        <ele>169.615</ele>
        <time>2024-12-13T10:02:52Z</time>
      </trkpt>
      <trkpt lat="41.627800" lon="2.383247">
        <ele>169.866</ele>
        <time>2024-12-13T10:02:54Z</time>
      </trkpt>
      <trkpt lat="41.627770" lon="2.383237">
        <ele>170.093</ele>
        <time>2024-12-13T10:02:56Z</time>
      </trkpt>
      <trkpt lat="41.627719" lon="2.383219">
        <ele>170.396</ele>
        <time>2024-12-13T10:03:02Z</time>
      </trkpt>
      <trkpt lat="41.627687" lon="2.383211">
        <ele>170.542</ele>
        <time>2024-12-13T10:03:04Z</time>
      </trkpt>
      <trkpt lat="41.627652" lon="2.383208">
        <ele>170.753</ele>
        <time>2024-12-13T10:03:06Z</time>
      </trkpt>
      <trkpt lat="41.627602" lon="2.383217">
        <ele>170.904</ele>
        <time>2024-12-13T10:03:10Z</time>
      </trkpt>
      <trkpt lat="41.627565" lon="2.383249">
        <ele>171.014</ele>
        <time>2024-12-13T10:03:16Z</time>
      </trkpt>
      <trkpt lat="41.627516" lon="2.383244">
        <ele>171.209</ele>
        <time>2024-12-13T10:03:20Z</time>
      </trkpt>
      <trkpt lat="41.627485" lon="2.383248">
        <ele>171.586</ele>
        <time>2024-12-13T10:03:22Z</time>
      </trkpt>
      <trkpt lat="41.627434" lon="2.383249">
        <ele>172.064</ele>
        <time>2024-12-13T10:03:24Z</time>
      </trkpt>
      <trkpt lat="41.627384" lon="2.383251">
        <ele>172.530</ele>
        <time>2024-12-13T10:03:26Z</time>
      </trkpt>
      <trkpt lat="41.627340" lon="2.383260">
        <ele>173.045</ele>
        <time>2024-12-13T10:03:28Z</time>
      </trkpt>
      <trkpt lat="41.627297" lon="2.383273">
        <ele>173.427</ele>
        <time>2024-12-13T10:03:31Z</time>
      </trkpt>
      <trkpt lat="41.627282" lon="2.383305">
        <ele>173.518</ele>
        <time>2024-12-13T10:03:33Z</time>
      </trkpt>
      <trkpt lat="41.627255" lon="2.383332">
        <ele>173.755</ele>
        <time>2024-12-13T10:03:35Z</time>
      </trkpt>
      <trkpt lat="41.627224" lon="2.383346">
        <ele>173.988</ele>
        <time>2024-12-13T10:03:37Z</time>
      </trkpt>
      <trkpt lat="41.627170" lon="2.383357">
        <ele>174.754</ele>
        <time>2024-12-13T10:03:40Z</time>
      </trkpt>
      <trkpt lat="41.627120" lon="2.383353">
        <ele>175.431</ele>
        <time>2024-12-13T10:03:43Z</time>
      </trkpt>
      <trkpt lat="41.627092" lon="2.383349">
        <ele>175.861</ele>
        <time>2024-12-13T10:03:45Z</time>
      </trkpt>
      <trkpt lat="41.627044" lon="2.383332">
        <ele>176.607</ele>
        <time>2024-12-13T10:03:48Z</time>
      </trkpt>
      <trkpt lat="41.627015" lon="2.383315">
        <ele>177.109</ele>
        <time>2024-12-13T10:03:50Z</time>
      </trkpt>
      <trkpt lat="41.626984" lon="2.383308">
        <ele>177.564</ele>
        <time>2024-12-13T10:03:52Z</time>
      </trkpt>
      <trkpt lat="41.626953" lon="2.383301">
        <ele>178.032</ele>
        <time>2024-12-13T10:03:54Z</time>
      </trkpt>
      <trkpt lat="41.626899" lon="2.383265">
        <ele>179.218</ele>
        <time>2024-12-13T10:03:58Z</time>
      </trkpt>
      <trkpt lat="41.626868" lon="2.383257">
        <ele>179.953</ele>
        <time>2024-12-13T10:04:00Z</time>
      </trkpt>
      <trkpt lat="41.626822" lon="2.383241">
        <ele>180.825</ele>
        <time>2024-12-13T10:04:04Z</time>
      </trkpt>
      <trkpt lat="41.626768" lon="2.383231">
        <ele>181.956</ele>
        <time>2024-12-13T10:04:08Z</time>
      </trkpt>
      <trkpt lat="41.626738" lon="2.383220">
        <ele>182.673</ele>
        <time>2024-12-13T10:04:10Z</time>
      </trkpt>
      <trkpt lat="41.626690" lon="2.383188">
        <ele>183.586</ele>
        <time>2024-12-13T10:04:14Z</time>
      </trkpt>
      <trkpt lat="41.626663" lon="2.383171">
        <ele>184.122</ele>
        <time>2024-12-13T10:04:16Z</time>
      </trkpt>
      <trkpt lat="41.626638" lon="2.383152">
        <ele>184.641</ele>
        <time>2024-12-13T10:04:18Z</time>
      </trkpt>
      <trkpt lat="41.626615" lon="2.383130">
        <ele>185.181</ele>
        <time>2024-12-13T10:04:20Z</time>
      </trkpt>
      <trkpt lat="41.626588" lon="2.383111">
        <ele>185.609</ele>
        <time>2024-12-13T10:04:22Z</time>
      </trkpt>
      <trkpt lat="41.626561" lon="2.383093">
        <ele>186.209</ele>
        <time>2024-12-13T10:04:24Z</time>
      </trkpt>
      <trkpt lat="41.626536" lon="2.383073">
        <ele>186.855</ele>
        <time>2024-12-13T10:04:26Z</time>
      </trkpt>
      <trkpt lat="41.626518" lon="2.383045">
        <ele>187.313</ele>
        <time>2024-12-13T10:04:28Z</time>
      </trkpt>
      <trkpt lat="41.626497" lon="2.382991">
        <ele>187.959</ele>
        <time>2024-12-13T10:04:32Z</time>
      </trkpt>
      <trkpt lat="41.626487" lon="2.382953">
        <ele>188.454</ele>
        <time>2024-12-13T10:04:34Z</time>
      </trkpt>
      <trkpt lat="41.626472" lon="2.382920">
        <ele>188.926</ele>
        <time>2024-12-13T10:04:36Z</time>
      </trkpt>
      <trkpt lat="41.626456" lon="2.382891">
        <ele>189.457</ele>
        <time>2024-12-13T10:04:38Z</time>
      </trkpt>
      <trkpt lat="41.626438" lon="2.382859">
        <ele>190.114</ele>
        <time>2024-12-13T10:04:40Z</time>
      </trkpt>
      <trkpt lat="41.626419" lon="2.382799">
        <ele>191.017</ele>
        <time>2024-12-13T10:04:44Z</time>
      </trkpt>
      <trkpt lat="41.626414" lon="2.382759">
        <ele>191.343</ele>
        <time>2024-12-13T10:04:46Z</time>
      </trkpt>
      <trkpt lat="41.626405" lon="2.382720">
        <ele>191.769</ele>
        <time>2024-12-13T10:04:48Z</time>
      </trkpt>
      <trkpt lat="41.626394" lon="2.382655">
        <ele>192.304</ele>
        <time>2024-12-13T10:04:52Z</time>
      </trkpt>
      <trkpt lat="41.626400" lon="2.382586">
        <ele>192.424</ele>
        <time>2024-12-13T10:04:56Z</time>
      </trkpt>
      <trkpt lat="41.626404" lon="2.382549">
        <ele>192.409</ele>
        <time>2024-12-13T10:04:58Z</time>
      </trkpt>
      <trkpt lat="41.626410" lon="2.382474">
        <ele>192.567</ele>
        <time>2024-12-13T10:05:02Z</time>
      </trkpt>
      <trkpt lat="41.626413" lon="2.382410">
        <ele>192.615</ele>
        <time>2024-12-13T10:05:06Z</time>
      </trkpt>
      <trkpt lat="41.626414" lon="2.382351">
        <ele>192.851</ele>
        <time>2024-12-13T10:05:09Z</time>
      </trkpt>
      <trkpt lat="41.626406" lon="2.382311">
        <ele>193.236</ele>
        <time>2024-12-13T10:05:11Z</time>
      </trkpt>
      <trkpt lat="41.626385" lon="2.382266">
        <ele>193.968</ele>
        <time>2024-12-13T10:05:13Z</time>
      </trkpt>
      <trkpt lat="41.626351" lon="2.382219">
        <ele>194.579</ele>
        <time>2024-12-13T10:05:16Z</time>
      </trkpt>
      <trkpt lat="41.626330" lon="2.382191">
        <ele>194.696</ele>
        <time>2024-12-13T10:05:18Z</time>
      </trkpt>
      <trkpt lat="41.626301" lon="2.382179">
        <ele>194.999</ele>
        <time>2024-12-13T10:05:20Z</time>
      </trkpt>
      <trkpt lat="41.626263" lon="2.382134">
        <ele>195.035</ele>
        <time>2024-12-13T10:05:24Z</time>
      </trkpt>
      <trkpt lat="41.626232" lon="2.382127">
        <ele>195.498</ele>
        <time>2024-12-13T10:05:26Z</time>
      </trkpt>
      <trkpt lat="41.626204" lon="2.382121">
        <ele>195.715</ele>
        <time>2024-12-13T10:05:28Z</time>
      </trkpt>
      <trkpt lat="41.626172" lon="2.382109">
        <ele>196.026</ele>
        <time>2024-12-13T10:05:30Z</time>
      </trkpt>
      <trkpt lat="41.626143" lon="2.382091">
        <ele>196.209</ele>
        <time>2024-12-13T10:05:32Z</time>
      </trkpt>
      <trkpt lat="41.626113" lon="2.382076">
        <ele>196.440</ele>
        <time>2024-12-13T10:05:34Z</time>
      </trkpt>
      <trkpt lat="41.626064" lon="2.382066">
        <ele>196.948</ele>
        <time>2024-12-13T10:05:37Z</time>
      </trkpt>
      <trkpt lat="41.626037" lon="2.382055">
        <ele>197.164</ele>
        <time>2024-12-13T10:05:39Z</time>
      </trkpt>
      <trkpt lat="41.626005" lon="2.382044">
        <ele>197.429</ele>
        <time>2024-12-13T10:05:41Z</time>
      </trkpt>
      <trkpt lat="41.625975" lon="2.382036">
        <ele>197.631</ele>
        <time>2024-12-13T10:05:43Z</time>
      </trkpt>
      <trkpt lat="41.625921" lon="2.382021">
        <ele>198.192</ele>
        <time>2024-12-13T10:05:47Z</time>
      </trkpt>
      <trkpt lat="41.625892" lon="2.382019">
        <ele>198.459</ele>
        <time>2024-12-13T10:05:49Z</time>
      </trkpt>
      <trkpt lat="41.625863" lon="2.382012">
        <ele>198.672</ele>
        <time>2024-12-13T10:05:51Z</time>
      </trkpt>
      <trkpt lat="41.625811" lon="2.382001">
        <ele>199.328</ele>
        <time>2024-12-13T10:05:55Z</time>
      </trkpt>
      <trkpt lat="41.625780" lon="2.382001">
        <ele>200.068</ele>
        <time>2024-12-13T10:05:57Z</time>
      </trkpt>
      <trkpt lat="41.625728" lon="2.381994">
        <ele>201.242</ele>
        <time>2024-12-13T10:06:07Z</time>
      </trkpt>
      <trkpt lat="41.625683" lon="2.381954">
        <ele>201.926</ele>
        <time>2024-12-13T10:06:10Z</time>
      </trkpt>
      <trkpt lat="41.625652" lon="2.381926">
        <ele>202.409</ele>
        <time>2024-12-13T10:06:12Z</time>
      </trkpt>
      <trkpt lat="41.625633" lon="2.381894">
        <ele>202.547</ele>
        <time>2024-12-13T10:06:14Z</time>
      </trkpt>
      <trkpt lat="41.625606" lon="2.381870">
        <ele>202.965</ele>
        <time>2024-12-13T10:06:16Z</time>
      </trkpt>
      <trkpt lat="41.625581" lon="2.381848">
        <ele>203.321</ele>
        <time>2024-12-13T10:06:18Z</time>
      </trkpt>
      <trkpt lat="41.625559" lon="2.381821">
        <ele>203.676</ele>
        <time>2024-12-13T10:06:20Z</time>
      </trkpt>
      <trkpt lat="41.625541" lon="2.381776">
        <ele>203.798</ele>
        <time>2024-12-13T10:06:22Z</time>
      </trkpt>
      <trkpt lat="41.625525" lon="2.381735">
        <ele>203.979</ele>
        <time>2024-12-13T10:06:24Z</time>
      </trkpt>
      <trkpt lat="41.625512" lon="2.381665">
        <ele>203.786</ele>
        <time>2024-12-13T10:06:28Z</time>
      </trkpt>
      <trkpt lat="41.625509" lon="2.381628">
        <ele>203.839</ele>
        <time>2024-12-13T10:06:30Z</time>
      </trkpt>
      <trkpt lat="41.625510" lon="2.381583">
        <ele>203.665</ele>
        <time>2024-12-13T10:06:32Z</time>
      </trkpt>
      <trkpt lat="41.625511" lon="2.381516">
        <ele>203.459</ele>
        <time>2024-12-13T10:06:35Z</time>
      </trkpt>
      <trkpt lat="41.625518" lon="2.381477">
        <ele>203.003</ele>
        <time>2024-12-13T10:06:37Z</time>
      </trkpt>
      <trkpt lat="41.625522" lon="2.381434">
        <ele>202.723</ele>
        <time>2024-12-13T10:06:39Z</time>
      </trkpt>
      <trkpt lat="41.625524" lon="2.381394">
        <ele>202.509</ele>
        <time>2024-12-13T10:06:41Z</time>
      </trkpt>
      <trkpt lat="41.625526" lon="2.381351">
        <ele>202.456</ele>
        <time>2024-12-13T10:06:43Z</time>
      </trkpt>
      <trkpt lat="41.625523" lon="2.381314">
        <ele>202.694</ele>
        <time>2024-12-13T10:06:45Z</time>
      </trkpt>
      <trkpt lat="41.625520" lon="2.381276">
        <ele>202.770</ele>
        <time>2024-12-13T10:06:47Z</time>
      </trkpt>
      <trkpt lat="41.625513" lon="2.381203">
        <ele>203.145</ele>
        <time>2024-12-13T10:06:51Z</time>
      </trkpt>
      <trkpt lat="41.625513" lon="2.381119">
        <ele>203.167</ele>
        <time>2024-12-13T10:06:55Z</time>
      </trkpt>
      <trkpt lat="41.625506" lon="2.381047">
        <ele>203.498</ele>
        <time>2024-12-13T10:06:58Z</time>
      </trkpt>
      <trkpt lat="41.625499" lon="2.381013">
        <ele>203.645</ele>
        <time>2024-12-13T10:07:00Z</time>
      </trkpt>
      <trkpt lat="41.625493" lon="2.380942">
        <ele>203.768</ele>
        <time>2024-12-13T10:07:04Z</time>
      </trkpt>
      <trkpt lat="41.625487" lon="2.380904">
        <ele>203.954</ele>
        <time>2024-12-13T10:07:06Z</time>
      </trkpt>
      <trkpt lat="41.625477" lon="2.380870">
        <ele>204.242</ele>
        <time>2024-12-13T10:07:08Z</time>
      </trkpt>
      <trkpt lat="41.625447" lon="2.380799">
        <ele>205.022</ele>
        <time>2024-12-13T10:07:12Z</time>
      </trkpt>
      <trkpt lat="41.625408" lon="2.380748">
        <ele>206.014</ele>
        <time>2024-12-13T10:07:15Z</time>
      </trkpt>
      <trkpt lat="41.625382" lon="2.380721">
        <ele>206.709</ele>
        <time>2024-12-13T10:07:17Z</time>
      </trkpt>
      <trkpt lat="41.625361" lon="2.380684">
        <ele>207.075</ele>
        <time>2024-12-13T10:07:19Z</time>
      </trkpt>
      <trkpt lat="41.625338" lon="2.380656">
        <ele>207.543</ele>
        <time>2024-12-13T10:07:21Z</time>
      </trkpt>
      <trkpt lat="41.625306" lon="2.380597">
        <ele>207.739</ele>
        <time>2024-12-13T10:07:25Z</time>
      </trkpt>
      <trkpt lat="41.625284" lon="2.380571">
        <ele>208.064</ele>
        <time>2024-12-13T10:07:27Z</time>
      </trkpt>
      <trkpt lat="41.625253" lon="2.380551">
        <ele>208.766</ele>
        <time>2024-12-13T10:07:29Z</time>
      </trkpt>
      <trkpt lat="41.625224" lon="2.380528">
        <ele>209.347</ele>
        <time>2024-12-13T10:07:31Z</time>
      </trkpt>
      <trkpt lat="41.625199" lon="2.380508">
        <ele>209.954</ele>
        <time>2024-12-13T10:07:33Z</time>
      </trkpt>
      <trkpt lat="41.625157" lon="2.380476">
        <ele>210.817</ele>
        <time>2024-12-13T10:07:37Z</time>
      </trkpt>
      <trkpt lat="41.625132" lon="2.380461">
        <ele>211.493</ele>
        <time>2024-12-13T10:07:39Z</time>
      </trkpt>
      <trkpt lat="41.625103" lon="2.380439">
        <ele>212.065</ele>
        <time>2024-12-13T10:07:41Z</time>
      </trkpt>
      <trkpt lat="41.625058" lon="2.380402">
        <ele>212.968</ele>
        <time>2024-12-13T10:07:44Z</time>
      </trkpt>
      <trkpt lat="41.625029" lon="2.380385">
        <ele>213.614</ele>
        <time>2024-12-13T10:07:46Z</time>
      </trkpt>
      <trkpt lat="41.625003" lon="2.380371">
        <ele>214.209</ele>
        <time>2024-12-13T10:07:48Z</time>
      </trkpt>
      <trkpt lat="41.624983" lon="2.380346">
        <ele>214.487</ele>
        <time>2024-12-13T10:07:50Z</time>
      </trkpt>
      <trkpt lat="41.624961" lon="2.380321">
        <ele>214.695</ele>
        <time>2024-12-13T10:07:52Z</time>
      </trkpt>
      <trkpt lat="41.624936" lon="2.380298">
        <ele>214.911</ele>
        <time>2024-12-13T10:07:54Z</time>
      </trkpt>
      <trkpt lat="41.624911" lon="2.380280">
        <ele>215.356</ele>
        <time>2024-12-13T10:07:56Z</time>
      </trkpt>
      <trkpt lat="41.624872" lon="2.380240">
        <ele>216.058</ele>
        <time>2024-12-13T10:07:59Z</time>
      </trkpt>
      <trkpt lat="41.624846" lon="2.380214">
        <ele>216.599</ele>
        <time>2024-12-13T10:08:01Z</time>
      </trkpt>
      <trkpt lat="41.624805" lon="2.380191">
        <ele>217.576</ele>
        <time>2024-12-13T10:08:04Z</time>
      </trkpt>
      <trkpt lat="41.624780" lon="2.380160">
        <ele>218.039</ele>
        <time>2024-12-13T10:08:09Z</time>
      </trkpt>
      <trkpt lat="41.624763" lon="2.380131">
        <ele>218.435</ele>
        <time>2024-12-13T10:08:58Z</time>
      </trkpt>
      <trkpt lat="41.624740" lon="2.380100">
        <ele>218.944</ele>
        <time>2024-12-13T10:09:02Z</time>
      </trkpt>
      <trkpt lat="41.624726" lon="2.380066">
        <ele>219.105</ele>
        <time>2024-12-13T10:09:04Z</time>
      </trkpt>
      <trkpt lat="41.624699" lon="2.380012">
        <ele>219.615</ele>
        <time>2024-12-13T10:09:07Z</time>
      </trkpt>
      <trkpt lat="41.624680" lon="2.379977">
        <ele>219.909</ele>
        <time>2024-12-13T10:09:09Z</time>
      </trkpt>
      <trkpt lat="41.624668" lon="2.379940">
        <ele>219.915</ele>
        <time>2024-12-13T10:09:11Z</time>
      </trkpt>
      <trkpt lat="41.624659" lon="2.379899">
        <ele>219.963</ele>
        <time>2024-12-13T10:09:13Z</time>
      </trkpt>
      <trkpt lat="41.624645" lon="2.379861">
        <ele>219.949</ele>
        <time>2024-12-13T10:09:15Z</time>
      </trkpt>
      <trkpt lat="41.624631" lon="2.379821">
        <ele>220.064</ele>
        <time>2024-12-13T10:09:17Z</time>
      </trkpt>
      <trkpt lat="41.624613" lon="2.379785">
        <ele>220.226</ele>
        <time>2024-12-13T10:09:19Z</time>
      </trkpt>
      <trkpt lat="41.624601" lon="2.379748">
        <ele>220.247</ele>
        <time>2024-12-13T10:09:21Z</time>
      </trkpt>
      <trkpt lat="41.624586" lon="2.379680">
        <ele>219.864</ele>
        <time>2024-12-13T10:09:25Z</time>
      </trkpt>
      <trkpt lat="41.624572" lon="2.379642">
        <ele>219.547</ele>
        <time>2024-12-13T10:09:27Z</time>
      </trkpt>
      <trkpt lat="41.624555" lon="2.379604">
        <ele>219.273</ele>
        <time>2024-12-13T10:09:29Z</time>
      </trkpt>
      <trkpt lat="41.624523" lon="2.379550">
        <ele>218.859</ele>
        <time>2024-12-13T10:09:33Z</time>
      </trkpt>
      <trkpt lat="41.624502" lon="2.379520">
        <ele>218.603</ele>
        <time>2024-12-13T10:09:35Z</time>
      </trkpt>
      <trkpt lat="41.624481" lon="2.379495">
        <ele>218.523</ele>
        <time>2024-12-13T10:09:37Z</time>
      </trkpt>
      <trkpt lat="41.624463" lon="2.379463">
        <ele>218.109</ele>
        <time>2024-12-13T10:09:39Z</time>
      </trkpt>
      <trkpt lat="41.624439" lon="2.379438">
        <ele>218.056</ele>
        <time>2024-12-13T10:09:41Z</time>
      </trkpt>
      <trkpt lat="41.624411" lon="2.379420">
        <ele>218.114</ele>
        <time>2024-12-13T10:09:43Z</time>
      </trkpt>
      <trkpt lat="41.624386" lon="2.379405">
        <ele>218.270</ele>
        <time>2024-12-13T10:09:45Z</time>
      </trkpt>
      <trkpt lat="41.624359" lon="2.379392">
        <ele>218.325</ele>
        <time>2024-12-13T10:09:47Z</time>
      </trkpt>
      <trkpt lat="41.624330" lon="2.379383">
        <ele>218.657</ele>
        <time>2024-12-13T10:09:49Z</time>
      </trkpt>
      <trkpt lat="41.624301" lon="2.379374">
        <ele>218.948</ele>
        <time>2024-12-13T10:09:51Z</time>
      </trkpt>
      <trkpt lat="41.624272" lon="2.379374">
        <ele>219.485</ele>
        <time>2024-12-13T10:09:53Z</time>
      </trkpt>
      <trkpt lat="41.624242" lon="2.379376">
        <ele>220.048</ele>
        <time>2024-12-13T10:09:55Z</time>
      </trkpt>
      <trkpt lat="41.624209" lon="2.379376">
        <ele>220.624</ele>
        <time>2024-12-13T10:09:57Z</time>
      </trkpt>
      <trkpt lat="41.624162" lon="2.379385">
        <ele>221.564</ele>
        <time>2024-12-13T10:10:00Z</time>
      </trkpt>
      <trkpt lat="41.624114" lon="2.379391">
        <ele>222.006</ele>
        <time>2024-12-13T10:10:03Z</time>
      </trkpt>
      <trkpt lat="41.624083" lon="2.379394">
        <ele>222.316</ele>
        <time>2024-12-13T10:10:05Z</time>
      </trkpt>
      <trkpt lat="41.624052" lon="2.379404">
        <ele>222.809</ele>
        <time>2024-12-13T10:10:07Z</time>
      </trkpt>
      <trkpt lat="41.624022" lon="2.379417">
        <ele>223.497</ele>
        <time>2024-12-13T10:10:09Z</time>
      </trkpt>
      <trkpt lat="41.623973" lon="2.379440">
        <ele>224.345</ele>
        <time>2024-12-13T10:10:13Z</time>
      </trkpt>
      <trkpt lat="41.623920" lon="2.379458">
        <ele>225.171</ele>
        <time>2024-12-13T10:10:17Z</time>
      </trkpt>
      <trkpt lat="41.623887" lon="2.379471">
        <ele>225.616</ele>
        <time>2024-12-13T10:10:19Z</time>
      </trkpt>
      <trkpt lat="41.623860" lon="2.379488">
        <ele>226.348</ele>
        <time>2024-12-13T10:10:21Z</time>
      </trkpt>
      <trkpt lat="41.623831" lon="2.379496">
        <ele>226.899</ele>
        <time>2024-12-13T10:10:23Z</time>
      </trkpt>
      <trkpt lat="41.623800" lon="2.379501">
        <ele>227.286</ele>
        <time>2024-12-13T10:10:25Z</time>
      </trkpt>
      <trkpt lat="41.623773" lon="2.379508">
        <ele>227.789</ele>
        <time>2024-12-13T10:10:27Z</time>
      </trkpt>
      <trkpt lat="41.623744" lon="2.379514">
        <ele>228.275</ele>
        <time>2024-12-13T10:10:29Z</time>
      </trkpt>
      <trkpt lat="41.623694" lon="2.379534">
        <ele>229.362</ele>
        <time>2024-12-13T10:10:33Z</time>
      </trkpt>
      <trkpt lat="41.623662" lon="2.379544">
        <ele>229.983</ele>
        <time>2024-12-13T10:10:35Z</time>
      </trkpt>
      <trkpt lat="41.623609" lon="2.379560">
        <ele>230.911</ele>
        <time>2024-12-13T10:10:38Z</time>
      </trkpt>
      <trkpt lat="41.623581" lon="2.379568">
        <ele>231.409</ele>
        <time>2024-12-13T10:10:40Z</time>
      </trkpt>
      <trkpt lat="41.623554" lon="2.379577">
        <ele>231.977</ele>
        <time>2024-12-13T10:10:42Z</time>
      </trkpt>
      <trkpt lat="41.623528" lon="2.379594">
        <ele>232.585</ele>
        <time>2024-12-13T10:10:44Z</time>
      </trkpt>
      <trkpt lat="41.623498" lon="2.379600">
        <ele>233.011</ele>
        <time>2024-12-13T10:10:46Z</time>
      </trkpt>
      <trkpt lat="41.623467" lon="2.379607">
        <ele>233.466</ele>
        <time>2024-12-13T10:10:48Z</time>
      </trkpt>
      <trkpt lat="41.623410" lon="2.379614">
        <ele>234.298</ele>
        <time>2024-12-13T10:10:52Z</time>
      </trkpt>
      <trkpt lat="41.623377" lon="2.379626">
        <ele>234.899</ele>
        <time>2024-12-13T10:10:54Z</time>
      </trkpt>
      <trkpt lat="41.623348" lon="2.379635">
        <ele>235.386</ele>
        <time>2024-12-13T10:10:56Z</time>
      </trkpt>
      <trkpt lat="41.623321" lon="2.379648">
        <ele>235.949</ele>
        <time>2024-12-13T10:10:58Z</time>
      </trkpt>
      <trkpt lat="41.623291" lon="2.379654">
        <ele>236.135</ele>
        <time>2024-12-13T10:11:00Z</time>
      </trkpt>
      <trkpt lat="41.623261" lon="2.379659">
        <ele>236.215</ele>
        <time>2024-12-13T10:11:02Z</time>
      </trkpt>
      <trkpt lat="41.623230" lon="2.379664">
        <ele>236.465</ele>
        <time>2024-12-13T10:11:04Z</time>
      </trkpt>
      <trkpt lat="41.623200" lon="2.379667">
        <ele>236.511</ele>
        <time>2024-12-13T10:11:06Z</time>
      </trkpt>
      <trkpt lat="41.623172" lon="2.379671">
        <ele>236.609</ele>
        <time>2024-12-13T10:11:08Z</time>
      </trkpt>
      <trkpt lat="41.623139" lon="2.379670">
        <ele>236.692</ele>
        <time>2024-12-13T10:11:10Z</time>
      </trkpt>
      <trkpt lat="41.623110" lon="2.379671">
        <ele>236.740</ele>
        <time>2024-12-13T10:11:12Z</time>
      </trkpt>
      <trkpt lat="41.623076" lon="2.379677">
        <ele>236.876</ele>
        <time>2024-12-13T10:11:14Z</time>
      </trkpt>
      <trkpt lat="41.623049" lon="2.379670">
        <ele>236.741</ele>
        <time>2024-12-13T10:11:16Z</time>
      </trkpt>
      <trkpt lat="41.622988" lon="2.379671">
        <ele>237.323</ele>
        <time>2024-12-13T10:11:20Z</time>
      </trkpt>
      <trkpt lat="41.622940" lon="2.379661">
        <ele>237.574</ele>
        <time>2024-12-13T10:11:23Z</time>
      </trkpt>
      <trkpt lat="41.622898" lon="2.379655">
        <ele>237.731</ele>
        <time>2024-12-13T10:11:26Z</time>
      </trkpt>
      <trkpt lat="41.622852" lon="2.379644">
        <ele>237.854</ele>
        <time>2024-12-13T10:11:29Z</time>
      </trkpt>
      <trkpt lat="41.622826" lon="2.379635">
        <ele>237.860</ele>
        <time>2024-12-13T10:11:31Z</time>
      </trkpt>
      <trkpt lat="41.622799" lon="2.379623">
        <ele>237.672</ele>
        <time>2024-12-13T10:11:33Z</time>
      </trkpt>
      <trkpt lat="41.622772" lon="2.379611">
        <ele>237.613</ele>
        <time>2024-12-13T10:11:35Z</time>
      </trkpt>
      <trkpt lat="41.622742" lon="2.379603">
        <ele>238.214</ele>
        <time>2024-12-13T10:11:37Z</time>
      </trkpt>
      <trkpt lat="41.622715" lon="2.379594">
        <ele>238.809</ele>
        <time>2024-12-13T10:11:39Z</time>
      </trkpt>
      <trkpt lat="41.622686" lon="2.379589">
        <ele>239.528</ele>
        <time>2024-12-13T10:11:41Z</time>
      </trkpt>
      <trkpt lat="41.622653" lon="2.379580">
        <ele>240.266</ele>
        <time>2024-12-13T10:11:43Z</time>
      </trkpt>
      <trkpt lat="41.622622" lon="2.379568">
        <ele>240.892</ele>
        <time>2024-12-13T10:11:45Z</time>
      </trkpt>
      <trkpt lat="41.622590" lon="2.379557">
        <ele>241.537</ele>
        <time>2024-12-13T10:11:47Z</time>
      </trkpt>
      <trkpt lat="41.622540" lon="2.379534">
        <ele>242.329</ele>
        <time>2024-12-13T10:11:51Z</time>
      </trkpt>
      <trkpt lat="41.622516" lon="2.379508">
        <ele>242.350</ele>
        <time>2024-12-13T10:11:53Z</time>
      </trkpt>
      <trkpt lat="41.622485" lon="2.379492">
        <ele>243.087</ele>
        <time>2024-12-13T10:11:55Z</time>
      </trkpt>
      <trkpt lat="41.622456" lon="2.379479">
        <ele>243.910</ele>
        <time>2024-12-13T10:11:57Z</time>
      </trkpt>
      <trkpt lat="41.622423" lon="2.379465">
        <ele>244.936</ele>
        <time>2024-12-13T10:11:59Z</time>
      </trkpt>
      <trkpt lat="41.622398" lon="2.379441">
        <ele>245.366</ele>
        <time>2024-12-13T10:12:01Z</time>
      </trkpt>
      <trkpt lat="41.622375" lon="2.379418">
        <ele>245.929</ele>
        <time>2024-12-13T10:12:03Z</time>
      </trkpt>
      <trkpt lat="41.622352" lon="2.379391">
        <ele>246.421</ele>
        <time>2024-12-13T10:12:05Z</time>
      </trkpt>
      <trkpt lat="41.622315" lon="2.379344">
        <ele>247.309</ele>
        <time>2024-12-13T10:12:09Z</time>
      </trkpt>
      <trkpt lat="41.622296" lon="2.379310">
        <ele>247.657</ele>
        <time>2024-12-13T10:12:11Z</time>
      </trkpt>
      <trkpt lat="41.622266" lon="2.379254">
        <ele>248.275</ele>
        <time>2024-12-13T10:12:14Z</time>
      </trkpt>
      <trkpt lat="41.622251" lon="2.379212">
        <ele>248.271</ele>
        <time>2024-12-13T10:12:16Z</time>
      </trkpt>
      <trkpt lat="41.622240" lon="2.379177">
        <ele>248.396</ele>
        <time>2024-12-13T10:12:18Z</time>
      </trkpt>
      <trkpt lat="41.622224" lon="2.379115">
        <ele>248.758</ele>
        <time>2024-12-13T10:12:22Z</time>
      </trkpt>
      <trkpt lat="41.622216" lon="2.379076">
        <ele>248.969</ele>
        <time>2024-12-13T10:12:24Z</time>
      </trkpt>
      <trkpt lat="41.622210" lon="2.379033">
        <ele>249.036</ele>
        <time>2024-12-13T10:12:26Z</time>
      </trkpt>
      <trkpt lat="41.622207" lon="2.378989">
        <ele>248.989</ele>
        <time>2024-12-13T10:12:28Z</time>
      </trkpt>
      <trkpt lat="41.622209" lon="2.378946">
        <ele>248.755</ele>
        <time>2024-12-13T10:12:30Z</time>
      </trkpt>
      <trkpt lat="41.622207" lon="2.378907">
        <ele>248.673</ele>
        <time>2024-12-13T10:12:32Z</time>
      </trkpt>
      <trkpt lat="41.622210" lon="2.378871">
        <ele>248.485</ele>
        <time>2024-12-13T10:12:34Z</time>
      </trkpt>
      <trkpt lat="41.622217" lon="2.378798">
        <ele>248.213</ele>
        <time>2024-12-13T10:12:38Z</time>
      </trkpt>
      <trkpt lat="41.622217" lon="2.378757">
        <ele>248.209</ele>
        <time>2024-12-13T10:12:40Z</time>
      </trkpt>
      <trkpt lat="41.622214" lon="2.378719">
        <ele>248.348</ele>
        <time>2024-12-13T10:12:42Z</time>
      </trkpt>
      <trkpt lat="41.622213" lon="2.378641">
        <ele>248.356</ele>
        <time>2024-12-13T10:12:46Z</time>
      </trkpt>
      <trkpt lat="41.622214" lon="2.378570">
        <ele>248.692</ele>
        <time>2024-12-13T10:12:49Z</time>
      </trkpt>
      <trkpt lat="41.622215" lon="2.378531">
        <ele>248.847</ele>
        <time>2024-12-13T10:12:51Z</time>
      </trkpt>
      <trkpt lat="41.622212" lon="2.378460">
        <ele>249.419</ele>
        <time>2024-12-13T10:12:55Z</time>
      </trkpt>
      <trkpt lat="41.622206" lon="2.378417">
        <ele>249.940</ele>
        <time>2024-12-13T10:12:57Z</time>
      </trkpt>
      <trkpt lat="41.622204" lon="2.378377">
        <ele>250.337</ele>
        <time>2024-12-13T10:12:59Z</time>
      </trkpt>
      <trkpt lat="41.622201" lon="2.378338">
        <ele>250.780</ele>
        <time>2024-12-13T10:13:01Z</time>
      </trkpt>
      <trkpt lat="41.622200" lon="2.378260">
        <ele>251.716</ele>
        <time>2024-12-13T10:13:05Z</time>
      </trkpt>
      <trkpt lat="41.622198" lon="2.378217">
        <ele>252.314</ele>
        <time>2024-12-13T10:13:07Z</time>
      </trkpt>
      <trkpt lat="41.622198" lon="2.378179">
        <ele>252.854</ele>
        <time>2024-12-13T10:13:09Z</time>
      </trkpt>
      <trkpt lat="41.622194" lon="2.378111">
        <ele>253.809</ele>
        <time>2024-12-13T10:13:13Z</time>
      </trkpt>
      <trkpt lat="41.622186" lon="2.378048">
        <ele>254.709</ele>
        <time>2024-12-13T10:13:16Z</time>
      </trkpt>
      <trkpt lat="41.622184" lon="2.378009">
        <ele>255.082</ele>
        <time>2024-12-13T10:13:18Z</time>
      </trkpt>
      <trkpt lat="41.622179" lon="2.377937">
        <ele>255.430</ele>
        <time>2024-12-13T10:13:22Z</time>
      </trkpt>
      <trkpt lat="41.622164" lon="2.377896">
        <ele>255.876</ele>
        <time>2024-12-13T10:13:24Z</time>
      </trkpt>
      <trkpt lat="41.622152" lon="2.377860">
        <ele>256.131</ele>
        <time>2024-12-13T10:13:26Z</time>
      </trkpt>
      <trkpt lat="41.622138" lon="2.377818">
        <ele>256.443</ele>
        <time>2024-12-13T10:13:28Z</time>
      </trkpt>
      <trkpt lat="41.622110" lon="2.377753">
        <ele>256.684</ele>
        <time>2024-12-13T10:13:32Z</time>
      </trkpt>
      <trkpt lat="41.622070" lon="2.377704">
        <ele>256.411</ele>
        <time>2024-12-13T10:13:36Z</time>
      </trkpt>
      <trkpt lat="41.622048" lon="2.377678">
        <ele>256.264</ele>
        <time>2024-12-13T10:13:38Z</time>
      </trkpt>
      <trkpt lat="41.622029" lon="2.377652">
        <ele>256.020</ele>
        <time>2024-12-13T10:13:40Z</time>
      </trkpt>
      <trkpt lat="41.622005" lon="2.377633">
        <ele>255.871</ele>
        <time>2024-12-13T10:13:42Z</time>
      </trkpt>
      <trkpt lat="41.621948" lon="2.377608">
        <ele>255.641</ele>
        <time>2024-12-13T10:13:46Z</time>
      </trkpt>
      <trkpt lat="41.621917" lon="2.377603">
        <ele>255.515</ele>
        <time>2024-12-13T10:13:48Z</time>
      </trkpt>
      <trkpt lat="41.621886" lon="2.377606">
        <ele>255.509</ele>
        <time>2024-12-13T10:13:50Z</time>
      </trkpt>
      <trkpt lat="41.621858" lon="2.377620">
        <ele>255.758</ele>
        <time>2024-12-13T10:13:52Z</time>
      </trkpt>
      <trkpt lat="41.621826" lon="2.377628">
        <ele>255.816</ele>
        <time>2024-12-13T10:13:54Z</time>
      </trkpt>
      <trkpt lat="41.621798" lon="2.377631">
        <ele>255.942</ele>
        <time>2024-12-13T10:13:56Z</time>
      </trkpt>
      <trkpt lat="41.621750" lon="2.377654">
        <ele>256.367</ele>
        <time>2024-12-13T10:14:00Z</time>
      </trkpt>
      <trkpt lat="41.621704" lon="2.377692">
        <ele>257.199</ele>
        <time>2024-12-13T10:14:04Z</time>
      </trkpt>
      <trkpt lat="41.621661" lon="2.377735">
        <ele>258.160</ele>
        <time>2024-12-13T10:14:08Z</time>
      </trkpt>
      <trkpt lat="41.621637" lon="2.377754">
        <ele>258.597</ele>
        <time>2024-12-13T10:14:10Z</time>
      </trkpt>
      <trkpt lat="41.621614" lon="2.377778">
        <ele>259.030</ele>
        <time>2024-12-13T10:14:12Z</time>
      </trkpt>
      <trkpt lat="41.621594" lon="2.377811">
        <ele>259.836</ele>
        <time>2024-12-13T10:14:14Z</time>
      </trkpt>
      <trkpt lat="41.621561" lon="2.377826">
        <ele>260.244</ele>
        <time>2024-12-13T10:14:16Z</time>
      </trkpt>
      <trkpt lat="41.621533" lon="2.377842">
        <ele>260.605</ele>
        <time>2024-12-13T10:14:18Z</time>
      </trkpt>
      <trkpt lat="41.621508" lon="2.377861">
        <ele>261.115</ele>
        <time>2024-12-13T10:14:20Z</time>
      </trkpt>
      <trkpt lat="41.621485" lon="2.377885">
        <ele>261.809</ele>
        <time>2024-12-13T10:14:22Z</time>
      </trkpt>
      <trkpt lat="41.621458" lon="2.377904">
        <ele>262.415</ele>
        <time>2024-12-13T10:14:24Z</time>
      </trkpt>
      <trkpt lat="41.621434" lon="2.377922">
        <ele>263.063</ele>
        <time>2024-12-13T10:14:26Z</time>
      </trkpt>
      <trkpt lat="41.621404" lon="2.377944">
        <ele>263.719</ele>
        <time>2024-12-13T10:14:28Z</time>
      </trkpt>
      <trkpt lat="41.621364" lon="2.377982">
        <ele>264.674</ele>
        <time>2024-12-13T10:14:31Z</time>
      </trkpt>
      <trkpt lat="41.621340" lon="2.378004">
        <ele>265.016</ele>
        <time>2024-12-13T10:14:33Z</time>
      </trkpt>
      <trkpt lat="41.621315" lon="2.378028">
        <ele>265.417</ele>
        <time>2024-12-13T10:14:35Z</time>
      </trkpt>
      <trkpt lat="41.621292" lon="2.378054">
        <ele>265.954</ele>
        <time>2024-12-13T10:14:37Z</time>
      </trkpt>
      <trkpt lat="41.621271" lon="2.378079">
        <ele>266.267</ele>
        <time>2024-12-13T10:14:39Z</time>
      </trkpt>
      <trkpt lat="41.621242" lon="2.378101">
        <ele>266.373</ele>
        <time>2024-12-13T10:14:41Z</time>
      </trkpt>
      <trkpt lat="41.621217" lon="2.378120">
        <ele>266.459</ele>
        <time>2024-12-13T10:14:43Z</time>
      </trkpt>
      <trkpt lat="41.621193" lon="2.378145">
        <ele>266.703</ele>
        <time>2024-12-13T10:14:45Z</time>
      </trkpt>
      <trkpt lat="41.621172" lon="2.378170">
        <ele>267.023</ele>
        <time>2024-12-13T10:14:47Z</time>
      </trkpt>
      <trkpt lat="41.621137" lon="2.378223">
        <ele>267.809</ele>
        <time>2024-12-13T10:14:51Z</time>
      </trkpt>
      <trkpt lat="41.621113" lon="2.378241">
        <ele>268.086</ele>
        <time>2024-12-13T10:14:53Z</time>
      </trkpt>
      <trkpt lat="41.621087" lon="2.378266">
        <ele>268.284</ele>
        <time>2024-12-13T10:14:55Z</time>
      </trkpt>
      <trkpt lat="41.621060" lon="2.378291">
        <ele>268.550</ele>
        <time>2024-12-13T10:14:57Z</time>
      </trkpt>
      <trkpt lat="41.621034" lon="2.378319">
        <ele>268.875</ele>
        <time>2024-12-13T10:14:59Z</time>
      </trkpt>
      <trkpt lat="41.621012" lon="2.378342">
        <ele>269.137</ele>
        <time>2024-12-13T10:15:01Z</time>
      </trkpt>
      <trkpt lat="41.620990" lon="2.378367">
        <ele>269.598</ele>
        <time>2024-12-13T10:15:03Z</time>
      </trkpt>
      <trkpt lat="41.620969" lon="2.378394">
        <ele>269.945</ele>
        <time>2024-12-13T10:15:05Z</time>
      </trkpt>
      <trkpt lat="41.620946" lon="2.378421">
        <ele>270.488</ele>
        <time>2024-12-13T10:15:07Z</time>
      </trkpt>
      <trkpt lat="41.620899" lon="2.378449">
        <ele>270.714</ele>
        <time>2024-12-13T10:15:11Z</time>
      </trkpt>
      <trkpt lat="41.620870" lon="2.378480">
        <ele>271.465</ele>
        <time>2024-12-13T10:15:13Z</time>
      </trkpt>
      <trkpt lat="41.620839" lon="2.378508">
        <ele>272.168</ele>
        <time>2024-12-13T10:15:15Z</time>
      </trkpt>
      <trkpt lat="41.620810" lon="2.378532">
        <ele>273.214</ele>
        <time>2024-12-13T10:15:17Z</time>
      </trkpt>
      <trkpt lat="41.620762" lon="2.378556">
        <ele>274.809</ele>
        <time>2024-12-13T10:15:20Z</time>
      </trkpt>
      <trkpt lat="41.620731" lon="2.378565">
        <ele>275.787</ele>
        <time>2024-12-13T10:15:22Z</time>
      </trkpt>
      <trkpt lat="41.620679" lon="2.378568">
        <ele>276.895</ele>
        <time>2024-12-13T10:15:26Z</time>
      </trkpt>
      <trkpt lat="41.620651" lon="2.378566">
        <ele>277.371</ele>
        <time>2024-12-13T10:15:28Z</time>
      </trkpt>
      <trkpt lat="41.620600" lon="2.378559">
        <ele>278.166</ele>
        <time>2024-12-13T10:15:31Z</time>
      </trkpt>
      <trkpt lat="41.620567" lon="2.378553">
        <ele>278.598</ele>
        <time>2024-12-13T10:15:33Z</time>
      </trkpt>
      <trkpt lat="41.620519" lon="2.378527">
        <ele>278.949</ele>
        <time>2024-12-13T10:15:37Z</time>
      </trkpt>
      <trkpt lat="41.620490" lon="2.378514">
        <ele>279.456</ele>
        <time>2024-12-13T10:15:39Z</time>
      </trkpt>
      <trkpt lat="41.620461" lon="2.378498">
        <ele>279.869</ele>
        <time>2024-12-13T10:15:41Z</time>
      </trkpt>
      <trkpt lat="41.620432" lon="2.378478">
        <ele>280.025</ele>
        <time>2024-12-13T10:15:43Z</time>
      </trkpt>
      <trkpt lat="41.620408" lon="2.378463">
        <ele>280.213</ele>
        <time>2024-12-13T10:15:45Z</time>
      </trkpt>
      <trkpt lat="41.620382" lon="2.378446">
        <ele>280.343</ele>
        <time>2024-12-13T10:15:47Z</time>
      </trkpt>
      <trkpt lat="41.620348" lon="2.378438">
        <ele>281.207</ele>
        <time>2024-12-13T10:15:49Z</time>
      </trkpt>
      <trkpt lat="41.620318" lon="2.378427">
        <ele>281.709</ele>
        <time>2024-12-13T10:15:51Z</time>
      </trkpt>
      <trkpt lat="41.620290" lon="2.378420">
        <ele>282.332</ele>
        <time>2024-12-13T10:15:53Z</time>
      </trkpt>
      <trkpt lat="41.620263" lon="2.378410">
        <ele>282.770</ele>
        <time>2024-12-13T10:15:55Z</time>
      </trkpt>
      <trkpt lat="41.620232" lon="2.378397">
        <ele>283.096</ele>
        <time>2024-12-13T10:15:57Z</time>
      </trkpt>
      <trkpt lat="41.620202" lon="2.378390">
        <ele>283.551</ele>
        <time>2024-12-13T10:15:59Z</time>
      </trkpt>
      <trkpt lat="41.620156" lon="2.378365">
        <ele>283.753</ele>
        <time>2024-12-13T10:16:03Z</time>
      </trkpt>
      <trkpt lat="41.620129" lon="2.378354">
        <ele>284.164</ele>
        <time>2024-12-13T10:16:05Z</time>
      </trkpt>
      <trkpt lat="41.620101" lon="2.378340">
        <ele>284.361</ele>
        <time>2024-12-13T10:16:07Z</time>
      </trkpt>
      <trkpt lat="41.620065" lon="2.378320">
        <ele>284.664</ele>
        <time>2024-12-13T10:16:09Z</time>
      </trkpt>
      <trkpt lat="41.620036" lon="2.378302">
        <ele>284.820</ele>
        <time>2024-12-13T10:16:11Z</time>
      </trkpt>
      <trkpt lat="41.620007" lon="2.378289">
        <ele>285.234</ele>
        <time>2024-12-13T10:16:13Z</time>
      </trkpt>
      <trkpt lat="41.619979" lon="2.378297">
        <ele>286.355</ele>
        <time>2024-12-13T10:16:15Z</time>
      </trkpt>
      <trkpt lat="41.619924" lon="2.378281">
        <ele>287.310</ele>
        <time>2024-12-13T10:16:19Z</time>
      </trkpt>
      <trkpt lat="41.619891" lon="2.378266">
        <ele>287.709</ele>
        <time>2024-12-13T10:16:21Z</time>
      </trkpt>
      <trkpt lat="41.619845" lon="2.378241">
        <ele>288.184</ele>
        <time>2024-12-13T10:16:24Z</time>
      </trkpt>
      <trkpt lat="41.619816" lon="2.378226">
        <ele>288.432</ele>
        <time>2024-12-13T10:16:26Z</time>
      </trkpt>
      <trkpt lat="41.619791" lon="2.378203">
        <ele>288.328</ele>
        <time>2024-12-13T10:16:28Z</time>
      </trkpt>
      <trkpt lat="41.619766" lon="2.378180">
        <ele>288.233</ele>
        <time>2024-12-13T10:16:30Z</time>
      </trkpt>
      <trkpt lat="41.619718" lon="2.378150">
        <ele>288.695</ele>
        <time>2024-12-13T10:16:34Z</time>
      </trkpt>
      <trkpt lat="41.619687" lon="2.378135">
        <ele>289.636</ele>
        <time>2024-12-13T10:16:36Z</time>
      </trkpt>
      <trkpt lat="41.619660" lon="2.378111">
        <ele>290.013</ele>
        <time>2024-12-13T10:16:38Z</time>
      </trkpt>
      <trkpt lat="41.619636" lon="2.378084">
        <ele>290.316</ele>
        <time>2024-12-13T10:16:40Z</time>
      </trkpt>
      <trkpt lat="41.619611" lon="2.378057">
        <ele>290.752</ele>
        <time>2024-12-13T10:16:42Z</time>
      </trkpt>
      <trkpt lat="41.619581" lon="2.378014">
        <ele>290.931</ele>
        <time>2024-12-13T10:16:46Z</time>
      </trkpt>
      <trkpt lat="41.619563" lon="2.377981">
        <ele>290.861</ele>
        <time>2024-12-13T10:16:48Z</time>
      </trkpt>
      <trkpt lat="41.619533" lon="2.377928">
        <ele>290.507</ele>
        <time>2024-12-13T10:16:51Z</time>
      </trkpt>
      <trkpt lat="41.619512" lon="2.377889">
        <ele>290.209</ele>
        <time>2024-12-13T10:16:53Z</time>
      </trkpt>
      <trkpt lat="41.619494" lon="2.377855">
        <ele>289.864</ele>
        <time>2024-12-13T10:16:55Z</time>
      </trkpt>
      <trkpt lat="41.619474" lon="2.377821">
        <ele>289.452</ele>
        <time>2024-12-13T10:16:57Z</time>
      </trkpt>
      <trkpt lat="41.619450" lon="2.377768">
        <ele>288.658</ele>
        <time>2024-12-13T10:17:00Z</time>
      </trkpt>
      <trkpt lat="41.619434" lon="2.377732">
        <ele>288.543</ele>
        <time>2024-12-13T10:17:02Z</time>
      </trkpt>
      <trkpt lat="41.619421" lon="2.377698">
        <ele>288.455</ele>
        <time>2024-12-13T10:17:04Z</time>
      </trkpt>
      <trkpt lat="41.619401" lon="2.377617">
        <ele>287.696</ele>
        <time>2024-12-13T10:17:09Z</time>
      </trkpt>
      <trkpt lat="41.619392" lon="2.377576">
        <ele>287.133</ele>
        <time>2024-12-13T10:17:11Z</time>
      </trkpt>
      <trkpt lat="41.619383" lon="2.377531">
        <ele>286.646</ele>
        <time>2024-12-13T10:17:13Z</time>
      </trkpt>
      <trkpt lat="41.619376" lon="2.377495">
        <ele>286.182</ele>
        <time>2024-12-13T10:17:15Z</time>
      </trkpt>
      <trkpt lat="41.619366" lon="2.377462">
        <ele>285.929</ele>
        <time>2024-12-13T10:17:17Z</time>
      </trkpt>
      <trkpt lat="41.619356" lon="2.377419">
        <ele>285.400</ele>
        <time>2024-12-13T10:17:19Z</time>
      </trkpt>
      <trkpt lat="41.619347" lon="2.377377">
        <ele>284.920</ele>
        <time>2024-12-13T10:17:21Z</time>
      </trkpt>
      <trkpt lat="41.619336" lon="2.377329">
        <ele>284.409</ele>
        <time>2024-12-13T10:17:23Z</time>
      </trkpt>
      <trkpt lat="41.619323" lon="2.377291">
        <ele>284.243</ele>
        <time>2024-12-13T10:17:25Z</time>
      </trkpt>
      <trkpt lat="41.619310" lon="2.377253">
        <ele>284.081</ele>
        <time>2024-12-13T10:17:27Z</time>
      </trkpt>
      <trkpt lat="41.619302" lon="2.377207">
        <ele>283.447</ele>
        <time>2024-12-13T10:17:29Z</time>
      </trkpt>
      <trkpt lat="41.619283" lon="2.377168">
        <ele>283.742</ele>
        <time>2024-12-13T10:17:31Z</time>
      </trkpt>
      <trkpt lat="41.619274" lon="2.377131">
        <ele>283.574</ele>
        <time>2024-12-13T10:17:33Z</time>
      </trkpt>
      <trkpt lat="41.619254" lon="2.377098">
        <ele>284.055</ele>
        <time>2024-12-13T10:17:35Z</time>
      </trkpt>
      <trkpt lat="41.619239" lon="2.377060">
        <ele>284.142</ele>
        <time>2024-12-13T10:17:37Z</time>
      </trkpt>
      <trkpt lat="41.619219" lon="2.377018">
        <ele>284.595</ele>
        <time>2024-12-13T10:17:39Z</time>
      </trkpt>
      <trkpt lat="41.619202" lon="2.376986">
        <ele>284.831</ele>
        <time>2024-12-13T10:17:41Z</time>
      </trkpt>
      <trkpt lat="41.619186" lon="2.376952">
        <ele>285.175</ele>
        <time>2024-12-13T10:17:43Z</time>
      </trkpt>
      <trkpt lat="41.619175" lon="2.376913">
        <ele>285.228</ele>
        <time>2024-12-13T10:17:45Z</time>
      </trkpt>
      <trkpt lat="41.619172" lon="2.376873">
        <ele>285.020</ele>
        <time>2024-12-13T10:17:47Z</time>
      </trkpt>
      <trkpt lat="41.619168" lon="2.376833">
        <ele>284.709</ele>
        <time>2024-12-13T10:17:49Z</time>
      </trkpt>
      <trkpt lat="41.619129" lon="2.376788">
        <ele>285.358</ele>
        <time>2024-12-13T10:17:53Z</time>
      </trkpt>
      <trkpt lat="41.619101" lon="2.376770">
        <ele>285.976</ele>
        <time>2024-12-13T10:17:55Z</time>
      </trkpt>
      <trkpt lat="41.619076" lon="2.376749">
        <ele>286.412</ele>
        <time>2024-12-13T10:17:57Z</time>
      </trkpt>
      <trkpt lat="41.619048" lon="2.376725">
        <ele>287.017</ele>
        <time>2024-12-13T10:17:59Z</time>
      </trkpt>
      <trkpt lat="41.619020" lon="2.376704">
        <ele>287.629</ele>
        <time>2024-12-13T10:18:01Z</time>
      </trkpt>
      <trkpt lat="41.618988" lon="2.376690">
        <ele>288.360</ele>
        <time>2024-12-13T10:18:03Z</time>
      </trkpt>
      <trkpt lat="41.618967" lon="2.376666">
        <ele>288.787</ele>
        <time>2024-12-13T10:18:05Z</time>
      </trkpt>
      <trkpt lat="41.618941" lon="2.376648">
        <ele>289.290</ele>
        <time>2024-12-13T10:18:07Z</time>
      </trkpt>
      <trkpt lat="41.618915" lon="2.376638">
        <ele>289.756</ele>
        <time>2024-12-13T10:18:09Z</time>
      </trkpt>
      <trkpt lat="41.618882" lon="2.376624">
        <ele>290.323</ele>
        <time>2024-12-13T10:18:11Z</time>
      </trkpt>
      <trkpt lat="41.618849" lon="2.376616">
        <ele>290.383</ele>
        <time>2024-12-13T10:18:13Z</time>
      </trkpt>
      <trkpt lat="41.618820" lon="2.376603">
        <ele>290.211</ele>
        <time>2024-12-13T10:18:15Z</time>
      </trkpt>
      <trkpt lat="41.618785" lon="2.376598">
        <ele>290.309</ele>
        <time>2024-12-13T10:18:17Z</time>
      </trkpt>
      <trkpt lat="41.618754" lon="2.376595">
        <ele>290.413</ele>
        <time>2024-12-13T10:18:19Z</time>
      </trkpt>
      <trkpt lat="41.618700" lon="2.376577">
        <ele>290.391</ele>
        <time>2024-12-13T10:18:23Z</time>
      </trkpt>
      <trkpt lat="41.618670" lon="2.376572">
        <ele>290.347</ele>
        <time>2024-12-13T10:18:25Z</time>
      </trkpt>
      <trkpt lat="41.618639" lon="2.376569">
        <ele>290.452</ele>
        <time>2024-12-13T10:18:27Z</time>
      </trkpt>
      <trkpt lat="41.618607" lon="2.376563">
        <ele>290.584</ele>
        <time>2024-12-13T10:18:29Z</time>
      </trkpt>
      <trkpt lat="41.618576" lon="2.376561">
        <ele>290.985</ele>
        <time>2024-12-13T10:18:31Z</time>
      </trkpt>
      <trkpt lat="41.618543" lon="2.376559">
        <ele>291.472</ele>
        <time>2024-12-13T10:18:33Z</time>
      </trkpt>
      <trkpt lat="41.618513" lon="2.376550">
        <ele>291.745</ele>
        <time>2024-12-13T10:18:35Z</time>
      </trkpt>
      <trkpt lat="41.618484" lon="2.376544">
        <ele>292.081</ele>
        <time>2024-12-13T10:18:37Z</time>
      </trkpt>
      <trkpt lat="41.618455" lon="2.376535">
        <ele>292.231</ele>
        <time>2024-12-13T10:18:39Z</time>
      </trkpt>
      <trkpt lat="41.618425" lon="2.376528">
        <ele>292.561</ele>
        <time>2024-12-13T10:18:41Z</time>
      </trkpt>
      <trkpt lat="41.618397" lon="2.376521">
        <ele>292.807</ele>
        <time>2024-12-13T10:18:43Z</time>
      </trkpt>
      <trkpt lat="41.618366" lon="2.376512">
        <ele>293.009</ele>
        <time>2024-12-13T10:18:45Z</time>
      </trkpt>
      <trkpt lat="41.618330" lon="2.376498">
        <ele>293.294</ele>
        <time>2024-12-13T10:18:47Z</time>
      </trkpt>
      <trkpt lat="41.618280" lon="2.376482">
        <ele>293.842</ele>
        <time>2024-12-13T10:18:50Z</time>
      </trkpt>
      <trkpt lat="41.618229" lon="2.376459">
        <ele>294.338</ele>
        <time>2024-12-13T10:18:54Z</time>
      </trkpt>
      <trkpt lat="41.618201" lon="2.376448">
        <ele>294.653</ele>
        <time>2024-12-13T10:18:56Z</time>
      </trkpt>
      <trkpt lat="41.618167" lon="2.376432">
        <ele>294.875</ele>
        <time>2024-12-13T10:18:58Z</time>
      </trkpt>
      <trkpt lat="41.618135" lon="2.376411">
        <ele>294.956</ele>
        <time>2024-12-13T10:19:00Z</time>
      </trkpt>
      <trkpt lat="41.618104" lon="2.376404">
        <ele>295.433</ele>
        <time>2024-12-13T10:19:02Z</time>
      </trkpt>
      <trkpt lat="41.618075" lon="2.376393">
        <ele>295.796</ele>
        <time>2024-12-13T10:19:04Z</time>
      </trkpt>
      <trkpt lat="41.618048" lon="2.376379">
        <ele>295.812</ele>
        <time>2024-12-13T10:19:06Z</time>
      </trkpt>
      <trkpt lat="41.618018" lon="2.376371">
        <ele>296.174</ele>
        <time>2024-12-13T10:19:08Z</time>
      </trkpt>
      <trkpt lat="41.617991" lon="2.376364">
        <ele>296.456</ele>
        <time>2024-12-13T10:19:10Z</time>
      </trkpt>
      <trkpt lat="41.617961" lon="2.376354">
        <ele>296.621</ele>
        <time>2024-12-13T10:19:12Z</time>
      </trkpt>
      <trkpt lat="41.617934" lon="2.376341">
        <ele>296.709</ele>
        <time>2024-12-13T10:19:14Z</time>
      </trkpt>
      <trkpt lat="41.617901" lon="2.376336">
        <ele>297.068</ele>
        <time>2024-12-13T10:19:16Z</time>
      </trkpt>
      <trkpt lat="41.617870" lon="2.376323">
        <ele>297.116</ele>
        <time>2024-12-13T10:19:18Z</time>
      </trkpt>
      <trkpt lat="41.617837" lon="2.376320">
        <ele>297.662</ele>
        <time>2024-12-13T10:19:20Z</time>
      </trkpt>
      <trkpt lat="41.617808" lon="2.376310">
        <ele>297.797</ele>
        <time>2024-12-13T10:19:22Z</time>
      </trkpt>
      <trkpt lat="41.617779" lon="2.376307">
        <ele>298.029</ele>
        <time>2024-12-13T10:19:24Z</time>
      </trkpt>
      <trkpt lat="41.617750" lon="2.376301">
        <ele>298.290</ele>
        <time>2024-12-13T10:19:26Z</time>
      </trkpt>
      <trkpt lat="41.617718" lon="2.376300">
        <ele>298.727</ele>
        <time>2024-12-13T10:19:28Z</time>
      </trkpt>
      <trkpt lat="41.617685" lon="2.376297">
        <ele>299.050</ele>
        <time>2024-12-13T10:19:30Z</time>
      </trkpt>
      <trkpt lat="41.617651" lon="2.376292">
        <ele>299.316</ele>
        <time>2024-12-13T10:19:32Z</time>
      </trkpt>
      <trkpt lat="41.617620" lon="2.376290">
        <ele>299.786</ele>
        <time>2024-12-13T10:19:34Z</time>
      </trkpt>
      <trkpt lat="41.617592" lon="2.376286">
        <ele>300.060</ele>
        <time>2024-12-13T10:19:36Z</time>
      </trkpt>
      <trkpt lat="41.617547" lon="2.376275">
        <ele>300.226</ele>
        <time>2024-12-13T10:19:40Z</time>
      </trkpt>
      <trkpt lat="41.617515" lon="2.376257">
        <ele>300.009</ele>
        <time>2024-12-13T10:19:42Z</time>
      </trkpt>
      <trkpt lat="41.617508" lon="2.376216">
        <ele>298.769</ele>
        <time>2024-12-13T10:19:44Z</time>
      </trkpt>
      <trkpt lat="41.617499" lon="2.376180">
        <ele>297.517</ele>
        <time>2024-12-13T10:19:46Z</time>
      </trkpt>
      <trkpt lat="41.617484" lon="2.376143">
        <ele>296.213</ele>
        <time>2024-12-13T10:19:48Z</time>
      </trkpt>
      <trkpt lat="41.617469" lon="2.376105">
        <ele>295.068</ele>
        <time>2024-12-13T10:19:50Z</time>
      </trkpt>
      <trkpt lat="41.617455" lon="2.376071">
        <ele>294.220</ele>
        <time>2024-12-13T10:19:52Z</time>
      </trkpt>
      <trkpt lat="41.617410" lon="2.376016">
        <ele>293.341</ele>
        <time>2024-12-13T10:19:57Z</time>
      </trkpt>
      <trkpt lat="41.617378" lon="2.375984">
        <ele>292.828</ele>
        <time>2024-12-13T10:20:10Z</time>
      </trkpt>
      <trkpt lat="41.617336" lon="2.375964">
        <ele>292.821</ele>
        <time>2024-12-13T10:20:14Z</time>
      </trkpt>
      <trkpt lat="41.617306" lon="2.375924">
        <ele>292.427</ele>
        <time>2024-12-13T10:20:20Z</time>
      </trkpt>
      <trkpt lat="41.617322" lon="2.375870">
        <ele>291.273</ele>
        <time>2024-12-13T10:20:23Z</time>
      </trkpt>
      <trkpt lat="41.617341" lon="2.375832">
        <ele>290.385</ele>
        <time>2024-12-13T10:20:25Z</time>
      </trkpt>
      <trkpt lat="41.617365" lon="2.375761">
        <ele>289.613</ele>
        <time>2024-12-13T10:20:29Z</time>
      </trkpt>
      <trkpt lat="41.617370" lon="2.375720">
        <ele>289.309</ele>
        <time>2024-12-13T10:20:31Z</time>
      </trkpt>
      <trkpt lat="41.617373" lon="2.375651">
        <ele>288.948</ele>
        <time>2024-12-13T10:20:35Z</time>
      </trkpt>
      <trkpt lat="41.617368" lon="2.375612">
        <ele>288.766</ele>
        <time>2024-12-13T10:20:37Z</time>
      </trkpt>
      <trkpt lat="41.617357" lon="2.375548">
        <ele>288.662</ele>
        <time>2024-12-13T10:20:41Z</time>
      </trkpt>
      <trkpt lat="41.617328" lon="2.375547">
        <ele>288.967</ele>
        <time>2024-12-13T10:21:23Z</time>
      </trkpt>
      <trkpt lat="41.617299" lon="2.375542">
        <ele>289.279</ele>
        <time>2024-12-13T10:21:25Z</time>
      </trkpt>
      <trkpt lat="41.617260" lon="2.375555">
        <ele>289.630</ele>
        <time>2024-12-13T10:22:23Z</time>
      </trkpt>
      <trkpt lat="41.617216" lon="2.375609">
        <ele>290.457</ele>
        <time>2024-12-13T10:22:28Z</time>
      </trkpt>
      <trkpt lat="41.617189" lon="2.375622">
        <ele>290.510</ele>
        <time>2024-12-13T10:22:30Z</time>
      </trkpt>
      <trkpt lat="41.617160" lon="2.375646">
        <ele>290.726</ele>
        <time>2024-12-13T10:22:33Z</time>
      </trkpt>
      <trkpt lat="41.617129" lon="2.375676">
        <ele>290.913</ele>
        <time>2024-12-13T10:22:52Z</time>
      </trkpt>
      <trkpt lat="41.617093" lon="2.375731">
        <ele>291.343</ele>
        <time>2024-12-13T10:22:56Z</time>
      </trkpt>
      <trkpt lat="41.617072" lon="2.375761">
        <ele>291.507</ele>
        <time>2024-12-13T10:22:58Z</time>
      </trkpt>
      <trkpt lat="41.617021" lon="2.375786">
        <ele>291.709</ele>
        <time>2024-12-13T10:23:02Z</time>
      </trkpt>
      <trkpt lat="41.616986" lon="2.375830">
        <ele>292.092</ele>
        <time>2024-12-13T10:23:08Z</time>
      </trkpt>
      <trkpt lat="41.616957" lon="2.375875">
        <ele>292.730</ele>
        <time>2024-12-13T10:23:12Z</time>
      </trkpt>
      <trkpt lat="41.616932" lon="2.375911">
        <ele>293.486</ele>
        <time>2024-12-13T10:23:23Z</time>
      </trkpt>
      <trkpt lat="41.616888" lon="2.375923">
        <ele>293.791</ele>
        <time>2024-12-13T10:23:26Z</time>
      </trkpt>
      <trkpt lat="41.616868" lon="2.375954">
        <ele>294.423</ele>
        <time>2024-12-13T10:23:28Z</time>
      </trkpt>
      <trkpt lat="41.616844" lon="2.375984">
        <ele>295.124</ele>
        <time>2024-12-13T10:23:30Z</time>
      </trkpt>
      <trkpt lat="41.616816" lon="2.376003">
        <ele>295.791</ele>
        <time>2024-12-13T10:23:32Z</time>
      </trkpt>
      <trkpt lat="41.616788" lon="2.376023">
        <ele>296.454</ele>
        <time>2024-12-13T10:23:34Z</time>
      </trkpt>
      <trkpt lat="41.616757" lon="2.376041">
        <ele>297.130</ele>
        <time>2024-12-13T10:23:36Z</time>
      </trkpt>
      <trkpt lat="41.616730" lon="2.376053">
        <ele>297.643</ele>
        <time>2024-12-13T10:23:38Z</time>
      </trkpt>
      <trkpt lat="41.616676" lon="2.376076">
        <ele>298.864</ele>
        <time>2024-12-13T10:23:42Z</time>
      </trkpt>
      <trkpt lat="41.616650" lon="2.376087">
        <ele>299.110</ele>
        <time>2024-12-13T10:23:44Z</time>
      </trkpt>
      <trkpt lat="41.616620" lon="2.376097">
        <ele>299.209</ele>
        <time>2024-12-13T10:23:46Z</time>
      </trkpt>
      <trkpt lat="41.616591" lon="2.376117">
        <ele>299.665</ele>
        <time>2024-12-13T10:23:48Z</time>
      </trkpt>
      <trkpt lat="41.616542" lon="2.376145">
        <ele>300.263</ele>
        <time>2024-12-13T10:23:52Z</time>
      </trkpt>
      <trkpt lat="41.616507" lon="2.376166">
        <ele>300.739</ele>
        <time>2024-12-13T10:23:55Z</time>
      </trkpt>
      <trkpt lat="41.616480" lon="2.376184">
        <ele>301.184</ele>
        <time>2024-12-13T10:23:57Z</time>
      </trkpt>
      <trkpt lat="41.616456" lon="2.376204">
        <ele>301.746</ele>
        <time>2024-12-13T10:23:59Z</time>
      </trkpt>
      <trkpt lat="41.616429" lon="2.376225">
        <ele>302.317</ele>
        <time>2024-12-13T10:24:11Z</time>
      </trkpt>
      <trkpt lat="41.616391" lon="2.376255">
        <ele>303.224</ele>
        <time>2024-12-13T10:24:18Z</time>
      </trkpt>
      <trkpt lat="41.616358" lon="2.376277">
        <ele>303.877</ele>
        <time>2024-12-13T10:24:21Z</time>
      </trkpt>
      <trkpt lat="41.616329" lon="2.376292">
        <ele>304.113</ele>
        <time>2024-12-13T10:24:23Z</time>
      </trkpt>
      <trkpt lat="41.616302" lon="2.376316">
        <ele>304.946</ele>
        <time>2024-12-13T10:24:25Z</time>
      </trkpt>
      <trkpt lat="41.616276" lon="2.376339">
        <ele>305.788</ele>
        <time>2024-12-13T10:24:27Z</time>
      </trkpt>
      <trkpt lat="41.616255" lon="2.376369">
        <ele>306.716</ele>
        <time>2024-12-13T10:24:29Z</time>
      </trkpt>
      <trkpt lat="41.616229" lon="2.376393">
        <ele>307.609</ele>
        <time>2024-12-13T10:24:31Z</time>
      </trkpt>
      <trkpt lat="41.616204" lon="2.376412">
        <ele>308.375</ele>
        <time>2024-12-13T10:24:33Z</time>
      </trkpt>
      <trkpt lat="41.616180" lon="2.376431">
        <ele>309.073</ele>
        <time>2024-12-13T10:24:35Z</time>
      </trkpt>
      <trkpt lat="41.616153" lon="2.376444">
        <ele>309.539</ele>
        <time>2024-12-13T10:24:37Z</time>
      </trkpt>
      <trkpt lat="41.616102" lon="2.376468">
        <ele>310.264</ele>
        <time>2024-12-13T10:24:41Z</time>
      </trkpt>
      <trkpt lat="41.616051" lon="2.376483">
        <ele>309.896</ele>
        <time>2024-12-13T10:24:45Z</time>
      </trkpt>
      <trkpt lat="41.616019" lon="2.376488">
        <ele>309.387</ele>
        <time>2024-12-13T10:24:47Z</time>
      </trkpt>
      <trkpt lat="41.615987" lon="2.376490">
        <ele>308.764</ele>
        <time>2024-12-13T10:24:49Z</time>
      </trkpt>
      <trkpt lat="41.615959" lon="2.376498">
        <ele>308.457</ele>
        <time>2024-12-13T10:24:51Z</time>
      </trkpt>
      <trkpt lat="41.615929" lon="2.376508">
        <ele>308.233</ele>
        <time>2024-12-13T10:24:53Z</time>
      </trkpt>
      <trkpt lat="41.615899" lon="2.376520">
        <ele>308.125</ele>
        <time>2024-12-13T10:24:55Z</time>
      </trkpt>
      <trkpt lat="41.615868" lon="2.376531">
        <ele>307.926</ele>
        <time>2024-12-13T10:24:57Z</time>
      </trkpt>
      <trkpt lat="41.615838" lon="2.376541">
        <ele>307.708</ele>
        <time>2024-12-13T10:24:59Z</time>
      </trkpt>
      <trkpt lat="41.615808" lon="2.376547">
        <ele>307.309</ele>
        <time>2024-12-13T10:25:01Z</time>
      </trkpt>
      <trkpt lat="41.615776" lon="2.376555">
        <ele>307.023</ele>
        <time>2024-12-13T10:25:03Z</time>
      </trkpt>
      <trkpt lat="41.615750" lon="2.376564">
        <ele>306.931</ele>
        <time>2024-12-13T10:25:05Z</time>
      </trkpt>
      <trkpt lat="41.615723" lon="2.376569">
        <ele>306.597</ele>
        <time>2024-12-13T10:25:07Z</time>
      </trkpt>
      <trkpt lat="41.615691" lon="2.376576">
        <ele>306.222</ele>
        <time>2024-12-13T10:25:09Z</time>
      </trkpt>
      <trkpt lat="41.615663" lon="2.376586">
        <ele>306.034</ele>
        <time>2024-12-13T10:25:11Z</time>
      </trkpt>
      <trkpt lat="41.615631" lon="2.376599">
        <ele>305.975</ele>
        <time>2024-12-13T10:25:13Z</time>
      </trkpt>
      <trkpt lat="41.615597" lon="2.376615">
        <ele>305.882</ele>
        <time>2024-12-13T10:25:15Z</time>
      </trkpt>
      <trkpt lat="41.615563" lon="2.376624">
        <ele>305.545</ele>
        <time>2024-12-13T10:25:17Z</time>
      </trkpt>
      <trkpt lat="41.615531" lon="2.376631">
        <ele>305.371</ele>
        <time>2024-12-13T10:25:19Z</time>
      </trkpt>
      <trkpt lat="41.615482" lon="2.376627">
        <ele>304.746</ele>
        <time>2024-12-13T10:25:23Z</time>
      </trkpt>
      <trkpt lat="41.615452" lon="2.376634">
        <ele>304.688</ele>
        <time>2024-12-13T10:25:25Z</time>
      </trkpt>
      <trkpt lat="41.615423" lon="2.376639">
        <ele>304.516</ele>
        <time>2024-12-13T10:25:27Z</time>
      </trkpt>
      <trkpt lat="41.615393" lon="2.376645">
        <ele>304.409</ele>
        <time>2024-12-13T10:25:29Z</time>
      </trkpt>
      <trkpt lat="41.615363" lon="2.376653">
        <ele>304.445</ele>
        <time>2024-12-13T10:25:31Z</time>
      </trkpt>
      <trkpt lat="41.615333" lon="2.376661">
        <ele>304.433</ele>
        <time>2024-12-13T10:25:33Z</time>
      </trkpt>
      <trkpt lat="41.615300" lon="2.376675">
        <ele>304.619</ele>
        <time>2024-12-13T10:25:35Z</time>
      </trkpt>
      <trkpt lat="41.615268" lon="2.376683">
        <ele>304.774</ele>
        <time>2024-12-13T10:25:37Z</time>
      </trkpt>
      <trkpt lat="41.615241" lon="2.376693">
        <ele>304.966</ele>
        <time>2024-12-13T10:25:39Z</time>
      </trkpt>
      <trkpt lat="41.615212" lon="2.376706">
        <ele>305.327</ele>
        <time>2024-12-13T10:25:41Z</time>
      </trkpt>
      <trkpt lat="41.615185" lon="2.376720">
        <ele>305.774</ele>
        <time>2024-12-13T10:25:43Z</time>
      </trkpt>
      <trkpt lat="41.615155" lon="2.376738">
        <ele>306.217</ele>
        <time>2024-12-13T10:25:45Z</time>
      </trkpt>
      <trkpt lat="41.615125" lon="2.376755">
        <ele>306.763</ele>
        <time>2024-12-13T10:25:47Z</time>
      </trkpt>
      <trkpt lat="41.615096" lon="2.376765">
        <ele>306.896</ele>
        <time>2024-12-13T10:25:49Z</time>
      </trkpt>
      <trkpt lat="41.615046" lon="2.376793">
        <ele>307.531</ele>
        <time>2024-12-13T10:25:52Z</time>
      </trkpt>
      <trkpt lat="41.614999" lon="2.376809">
        <ele>307.624</ele>
        <time>2024-12-13T10:25:55Z</time>
      </trkpt>
      <trkpt lat="41.614947" lon="2.376816">
        <ele>307.709</ele>
        <time>2024-12-13T10:25:59Z</time>
      </trkpt>
      <trkpt lat="41.614917" lon="2.376831">
        <ele>308.210</ele>
        <time>2024-12-13T10:26:01Z</time>
      </trkpt>
      <trkpt lat="41.614868" lon="2.376849">
        <ele>308.728</ele>
        <time>2024-12-13T10:26:04Z</time>
      </trkpt>
      <trkpt lat="41.614836" lon="2.376862">
        <ele>309.134</ele>
        <time>2024-12-13T10:26:06Z</time>
      </trkpt>
      <trkpt lat="41.614810" lon="2.376874">
        <ele>309.599</ele>
        <time>2024-12-13T10:26:08Z</time>
      </trkpt>
      <trkpt lat="41.614779" lon="2.376884">
        <ele>309.891</ele>
        <time>2024-12-13T10:26:10Z</time>
      </trkpt>
      <trkpt lat="41.614749" lon="2.376896">
        <ele>310.222</ele>
        <time>2024-12-13T10:26:12Z</time>
      </trkpt>
      <trkpt lat="41.614715" lon="2.376906">
        <ele>310.349</ele>
        <time>2024-12-13T10:26:14Z</time>
      </trkpt>
      <trkpt lat="41.614685" lon="2.376915">
        <ele>310.082</ele>
        <time>2024-12-13T10:26:16Z</time>
      </trkpt>
      <trkpt lat="41.614653" lon="2.376926">
        <ele>309.698</ele>
        <time>2024-12-13T10:26:18Z</time>
      </trkpt>
      <trkpt lat="41.614623" lon="2.376937">
        <ele>309.326</ele>
        <time>2024-12-13T10:26:20Z</time>
      </trkpt>
      <trkpt lat="41.614593" lon="2.376955">
        <ele>309.147</ele>
        <time>2024-12-13T10:26:22Z</time>
      </trkpt>
      <trkpt lat="41.614561" lon="2.376966">
        <ele>308.711</ele>
        <time>2024-12-13T10:26:24Z</time>
      </trkpt>
      <trkpt lat="41.614527" lon="2.376978">
        <ele>308.209</ele>
        <time>2024-12-13T10:26:26Z</time>
      </trkpt>
      <trkpt lat="41.614497" lon="2.376993">
        <ele>307.953</ele>
        <time>2024-12-13T10:26:28Z</time>
      </trkpt>
      <trkpt lat="41.614472" lon="2.377009">
        <ele>307.841</ele>
        <time>2024-12-13T10:26:30Z</time>
      </trkpt>
      <trkpt lat="41.614446" lon="2.377027">
        <ele>307.717</ele>
        <time>2024-12-13T10:26:32Z</time>
      </trkpt>
      <trkpt lat="41.614421" lon="2.377044">
        <ele>307.852</ele>
        <time>2024-12-13T10:26:34Z</time>
      </trkpt>
      <trkpt lat="41.614396" lon="2.377060">
        <ele>307.854</ele>
        <time>2024-12-13T10:26:36Z</time>
      </trkpt>
      <trkpt lat="41.614372" lon="2.377086">
        <ele>308.085</ele>
        <time>2024-12-13T10:26:38Z</time>
      </trkpt>
      <trkpt lat="41.614348" lon="2.377111">
        <ele>308.252</ele>
        <time>2024-12-13T10:26:40Z</time>
      </trkpt>
      <trkpt lat="41.614304" lon="2.377155">
        <ele>308.355</ele>
        <time>2024-12-13T10:26:44Z</time>
      </trkpt>
      <trkpt lat="41.614278" lon="2.377179">
        <ele>308.291</ele>
        <time>2024-12-13T10:26:46Z</time>
      </trkpt>
      <trkpt lat="41.614253" lon="2.377209">
        <ele>308.244</ele>
        <time>2024-12-13T10:26:48Z</time>
      </trkpt>
      <trkpt lat="41.614227" lon="2.377234">
        <ele>308.005</ele>
        <time>2024-12-13T10:26:50Z</time>
      </trkpt>
      <trkpt lat="41.614203" lon="2.377264">
        <ele>308.015</ele>
        <time>2024-12-13T10:26:52Z</time>
      </trkpt>
      <trkpt lat="41.614168" lon="2.377310">
        <ele>307.909</ele>
        <time>2024-12-13T10:26:55Z</time>
      </trkpt>
      <trkpt lat="41.614144" lon="2.377334">
        <ele>307.845</ele>
        <time>2024-12-13T10:26:57Z</time>
      </trkpt>
      <trkpt lat="41.614118" lon="2.377355">
        <ele>307.583</ele>
        <time>2024-12-13T10:26:59Z</time>
      </trkpt>
      <trkpt lat="41.614071" lon="2.377398">
        <ele>307.089</ele>
        <time>2024-12-13T10:27:03Z</time>
      </trkpt>
      <trkpt lat="41.614032" lon="2.377441">
        <ele>306.634</ele>
        <time>2024-12-13T10:27:06Z</time>
      </trkpt>
      <trkpt lat="41.613992" lon="2.377482">
        <ele>306.086</ele>
        <time>2024-12-13T10:27:09Z</time>
      </trkpt>
      <trkpt lat="41.613969" lon="2.377511">
        <ele>305.847</ele>
        <time>2024-12-13T10:27:11Z</time>
      </trkpt>
      <trkpt lat="41.613937" lon="2.377561">
        <ele>305.624</ele>
        <time>2024-12-13T10:27:15Z</time>
      </trkpt>
      <trkpt lat="41.613915" lon="2.377595">
        <ele>305.387</ele>
        <time>2024-12-13T10:27:17Z</time>
      </trkpt>
      <trkpt lat="41.613888" lon="2.377626">
        <ele>304.873</ele>
        <time>2024-12-13T10:27:19Z</time>
      </trkpt>
      <trkpt lat="41.613861" lon="2.377655">
        <ele>304.315</ele>
        <time>2024-12-13T10:27:21Z</time>
      </trkpt>
      <trkpt lat="41.613837" lon="2.377682">
        <ele>303.965</ele>
        <time>2024-12-13T10:27:23Z</time>
      </trkpt>
      <trkpt lat="41.613814" lon="2.377714">
        <ele>303.711</ele>
        <time>2024-12-13T10:27:25Z</time>
      </trkpt>
      <trkpt lat="41.613792" lon="2.377746">
        <ele>303.409</ele>
        <time>2024-12-13T10:27:27Z</time>
      </trkpt>
      <trkpt lat="41.613772" lon="2.377777">
        <ele>303.242</ele>
        <time>2024-12-13T10:27:29Z</time>
      </trkpt>
      <trkpt lat="41.613753" lon="2.377804">
        <ele>303.120</ele>
        <time>2024-12-13T10:27:31Z</time>
      </trkpt>
      <trkpt lat="41.613736" lon="2.377834">
        <ele>303.176</ele>
        <time>2024-12-13T10:27:33Z</time>
      </trkpt>
      <trkpt lat="41.613706" lon="2.377897">
        <ele>303.421</ele>
        <time>2024-12-13T10:27:37Z</time>
      </trkpt>
      <trkpt lat="41.613679" lon="2.377923">
        <ele>302.993</ele>
        <time>2024-12-13T10:27:39Z</time>
      </trkpt>
      <trkpt lat="41.613661" lon="2.377955">
        <ele>302.954</ele>
        <time>2024-12-13T10:27:41Z</time>
      </trkpt>
      <trkpt lat="41.613639" lon="2.377988">
        <ele>302.891</ele>
        <time>2024-12-13T10:27:43Z</time>
      </trkpt>
      <trkpt lat="41.613617" lon="2.378021">
        <ele>302.614</ele>
        <time>2024-12-13T10:27:45Z</time>
      </trkpt>
      <trkpt lat="41.613598" lon="2.378052">
        <ele>302.640</ele>
        <time>2024-12-13T10:27:47Z</time>
      </trkpt>
      <trkpt lat="41.613574" lon="2.378078">
        <ele>302.333</ele>
        <time>2024-12-13T10:27:49Z</time>
      </trkpt>
      <trkpt lat="41.613550" lon="2.378107">
        <ele>302.223</ele>
        <time>2024-12-13T10:27:51Z</time>
      </trkpt>
      <trkpt lat="41.613524" lon="2.378130">
        <ele>301.915</ele>
        <time>2024-12-13T10:27:53Z</time>
      </trkpt>
      <trkpt lat="41.613498" lon="2.378152">
        <ele>301.609</ele>
        <time>2024-12-13T10:27:55Z</time>
      </trkpt>
      <trkpt lat="41.613476" lon="2.378174">
        <ele>301.414</ele>
        <time>2024-12-13T10:27:57Z</time>
      </trkpt>
      <trkpt lat="41.613453" lon="2.378196">
        <ele>301.352</ele>
        <time>2024-12-13T10:27:59Z</time>
      </trkpt>
      <trkpt lat="41.613427" lon="2.378222">
        <ele>301.188</ele>
        <time>2024-12-13T10:28:01Z</time>
      </trkpt>
      <trkpt lat="41.613398" lon="2.378244">
        <ele>300.893</ele>
        <time>2024-12-13T10:28:03Z</time>
      </trkpt>
      <trkpt lat="41.613369" lon="2.378268">
        <ele>300.525</ele>
        <time>2024-12-13T10:28:05Z</time>
      </trkpt>
      <trkpt lat="41.613343" lon="2.378289">
        <ele>300.366</ele>
        <time>2024-12-13T10:28:07Z</time>
      </trkpt>
      <trkpt lat="41.613312" lon="2.378307">
        <ele>300.123</ele>
        <time>2024-12-13T10:28:09Z</time>
      </trkpt>
      <trkpt lat="41.613281" lon="2.378320">
        <ele>299.856</ele>
        <time>2024-12-13T10:28:11Z</time>
      </trkpt>
      <trkpt lat="41.613249" lon="2.378332">
        <ele>299.562</ele>
        <time>2024-12-13T10:28:13Z</time>
      </trkpt>
      <trkpt lat="41.613218" lon="2.378342">
        <ele>299.113</ele>
        <time>2024-12-13T10:28:15Z</time>
      </trkpt>
      <trkpt lat="41.613187" lon="2.378354">
        <ele>298.843</ele>
        <time>2024-12-13T10:28:17Z</time>
      </trkpt>
      <trkpt lat="41.613161" lon="2.378370">
        <ele>298.707</ele>
        <time>2024-12-13T10:28:19Z</time>
      </trkpt>
      <trkpt lat="41.613131" lon="2.378385">
        <ele>298.409</ele>
        <time>2024-12-13T10:28:21Z</time>
      </trkpt>
      <trkpt lat="41.613103" lon="2.378393">
        <ele>298.032</ele>
        <time>2024-12-13T10:28:23Z</time>
      </trkpt>
      <trkpt lat="41.613054" lon="2.378405">
        <ele>297.320</ele>
        <time>2024-12-13T10:28:26Z</time>
      </trkpt>
      <trkpt lat="41.613020" lon="2.378411">
        <ele>297.076</ele>
        <time>2024-12-13T10:28:28Z</time>
      </trkpt>
      <trkpt lat="41.612986" lon="2.378418">
        <ele>296.791</ele>
        <time>2024-12-13T10:28:30Z</time>
      </trkpt>
      <trkpt lat="41.612956" lon="2.378422">
        <ele>296.423</ele>
        <time>2024-12-13T10:28:32Z</time>
      </trkpt>
      <trkpt lat="41.612927" lon="2.378431">
        <ele>296.274</ele>
        <time>2024-12-13T10:28:34Z</time>
      </trkpt>
      <trkpt lat="41.612899" lon="2.378436">
        <ele>295.961</ele>
        <time>2024-12-13T10:28:36Z</time>
      </trkpt>
      <trkpt lat="41.612870" lon="2.378444">
        <ele>295.754</ele>
        <time>2024-12-13T10:28:38Z</time>
      </trkpt>
      <trkpt lat="41.612836" lon="2.378446">
        <ele>295.360</ele>
        <time>2024-12-13T10:28:40Z</time>
      </trkpt>
      <trkpt lat="41.612804" lon="2.378451">
        <ele>295.045</ele>
        <time>2024-12-13T10:28:42Z</time>
      </trkpt>
      <trkpt lat="41.612771" lon="2.378467">
        <ele>294.947</ele>
        <time>2024-12-13T10:28:44Z</time>
      </trkpt>
      <trkpt lat="41.612733" lon="2.378481">
        <ele>294.711</ele>
        <time>2024-12-13T10:28:46Z</time>
      </trkpt>
      <trkpt lat="41.612706" lon="2.378502">
        <ele>294.809</ele>
        <time>2024-12-13T10:28:48Z</time>
      </trkpt>
      <trkpt lat="41.612682" lon="2.378520">
        <ele>294.995</ele>
        <time>2024-12-13T10:28:50Z</time>
      </trkpt>
      <trkpt lat="41.612640" lon="2.378561">
        <ele>295.243</ele>
        <time>2024-12-13T10:28:54Z</time>
      </trkpt>
      <trkpt lat="41.612616" lon="2.378584">
        <ele>295.489</ele>
        <time>2024-12-13T10:28:56Z</time>
      </trkpt>
      <trkpt lat="41.612590" lon="2.378614">
        <ele>295.774</ele>
        <time>2024-12-13T10:28:58Z</time>
      </trkpt>
      <trkpt lat="41.612567" lon="2.378643">
        <ele>295.786</ele>
        <time>2024-12-13T10:29:00Z</time>
      </trkpt>
      <trkpt lat="41.612545" lon="2.378671">
        <ele>295.667</ele>
        <time>2024-12-13T10:29:02Z</time>
      </trkpt>
      <trkpt lat="41.612530" lon="2.378704">
        <ele>295.734</ele>
        <time>2024-12-13T10:29:04Z</time>
      </trkpt>
      <trkpt lat="41.612512" lon="2.378736">
        <ele>295.667</ele>
        <time>2024-12-13T10:29:06Z</time>
      </trkpt>
      <trkpt lat="41.612489" lon="2.378770">
        <ele>295.333</ele>
        <time>2024-12-13T10:29:08Z</time>
      </trkpt>
      <trkpt lat="41.612472" lon="2.378807">
        <ele>295.152</ele>
        <time>2024-12-13T10:29:10Z</time>
      </trkpt>
      <trkpt lat="41.612453" lon="2.378841">
        <ele>294.953</ele>
        <time>2024-12-13T10:29:12Z</time>
      </trkpt>
      <trkpt lat="41.612419" lon="2.378893">
        <ele>294.608</ele>
        <time>2024-12-13T10:29:15Z</time>
      </trkpt>
      <trkpt lat="41.612401" lon="2.378923">
        <ele>294.709</ele>
        <time>2024-12-13T10:29:17Z</time>
      </trkpt>
      <trkpt lat="41.612383" lon="2.378954">
        <ele>294.876</ele>
        <time>2024-12-13T10:29:19Z</time>
      </trkpt>
      <trkpt lat="41.612364" lon="2.378984">
        <ele>294.914</ele>
        <time>2024-12-13T10:29:21Z</time>
      </trkpt>
      <trkpt lat="41.612334" lon="2.379009">
        <ele>294.830</ele>
        <time>2024-12-13T10:29:23Z</time>
      </trkpt>
      <trkpt lat="41.612302" lon="2.379031">
        <ele>294.785</ele>
        <time>2024-12-13T10:29:25Z</time>
      </trkpt>
      <trkpt lat="41.612263" lon="2.379045">
        <ele>294.497</ele>
        <time>2024-12-13T10:29:27Z</time>
      </trkpt>
      <trkpt lat="41.612236" lon="2.379061">
        <ele>294.398</ele>
        <time>2024-12-13T10:29:29Z</time>
      </trkpt>
      <trkpt lat="41.612210" lon="2.379076">
        <ele>294.315</ele>
        <time>2024-12-13T10:29:31Z</time>
      </trkpt>
      <trkpt lat="41.612183" lon="2.379085">
        <ele>294.268</ele>
        <time>2024-12-13T10:29:33Z</time>
      </trkpt>
      <trkpt lat="41.612129" lon="2.379095">
        <ele>293.934</ele>
        <time>2024-12-13T10:29:37Z</time>
      </trkpt>
      <trkpt lat="41.612095" lon="2.379095">
        <ele>293.678</ele>
        <time>2024-12-13T10:29:39Z</time>
      </trkpt>
      <trkpt lat="41.612060" lon="2.379096">
        <ele>293.333</ele>
        <time>2024-12-13T10:29:41Z</time>
      </trkpt>
      <trkpt lat="41.612026" lon="2.379100">
        <ele>293.026</ele>
        <time>2024-12-13T10:29:43Z</time>
      </trkpt>
      <trkpt lat="41.611973" lon="2.379114">
        <ele>292.909</ele>
        <time>2024-12-13T10:29:46Z</time>
      </trkpt>
      <trkpt lat="41.611940" lon="2.379117">
        <ele>292.718</ele>
        <time>2024-12-13T10:29:48Z</time>
      </trkpt>
      <trkpt lat="41.611901" lon="2.379130">
        <ele>292.356</ele>
        <time>2024-12-13T10:29:51Z</time>
      </trkpt>
      <trkpt lat="41.611867" lon="2.379133">
        <ele>291.812</ele>
        <time>2024-12-13T10:29:53Z</time>
      </trkpt>
      <trkpt lat="41.611836" lon="2.379134">
        <ele>291.327</ele>
        <time>2024-12-13T10:29:55Z</time>
      </trkpt>
      <trkpt lat="41.611807" lon="2.379127">
        <ele>290.639</ele>
        <time>2024-12-13T10:29:57Z</time>
      </trkpt>
      <trkpt lat="41.611777" lon="2.379118">
        <ele>289.960</ele>
        <time>2024-12-13T10:29:59Z</time>
      </trkpt>
      <trkpt lat="41.611748" lon="2.379117">
        <ele>289.347</ele>
        <time>2024-12-13T10:30:01Z</time>
      </trkpt>
      <trkpt lat="41.611714" lon="2.379124">
        <ele>288.980</ele>
        <time>2024-12-13T10:30:03Z</time>
      </trkpt>
      <trkpt lat="41.611685" lon="2.379129">
        <ele>288.516</ele>
        <time>2024-12-13T10:30:05Z</time>
      </trkpt>
      <trkpt lat="41.611657" lon="2.379135">
        <ele>288.273</ele>
        <time>2024-12-13T10:30:07Z</time>
      </trkpt>
      <trkpt lat="41.611619" lon="2.379141">
        <ele>287.885</ele>
        <time>2024-12-13T10:30:09Z</time>
      </trkpt>
      <trkpt lat="41.611587" lon="2.379145">
        <ele>287.413</ele>
        <time>2024-12-13T10:30:11Z</time>
      </trkpt>
      <trkpt lat="41.611535" lon="2.379161">
        <ele>287.009</ele>
        <time>2024-12-13T10:30:14Z</time>
      </trkpt>
      <trkpt lat="41.611487" lon="2.379195">
        <ele>286.828</ele>
        <time>2024-12-13T10:30:18Z</time>
      </trkpt>
      <trkpt lat="41.611457" lon="2.379210">
        <ele>286.586</ele>
        <time>2024-12-13T10:30:20Z</time>
      </trkpt>
      <trkpt lat="41.611426" lon="2.379231">
        <ele>286.212</ele>
        <time>2024-12-13T10:30:22Z</time>
      </trkpt>
      <trkpt lat="41.611398" lon="2.379251">
        <ele>285.877</ele>
        <time>2024-12-13T10:30:24Z</time>
      </trkpt>
      <trkpt lat="41.611377" lon="2.379283">
        <ele>285.629</ele>
        <time>2024-12-13T10:30:26Z</time>
      </trkpt>
      <trkpt lat="41.611356" lon="2.379314">
        <ele>285.320</ele>
        <time>2024-12-13T10:30:28Z</time>
      </trkpt>
      <trkpt lat="41.611338" lon="2.379344">
        <ele>285.177</ele>
        <time>2024-12-13T10:30:30Z</time>
      </trkpt>
      <trkpt lat="41.611322" lon="2.379380">
        <ele>285.050</ele>
        <time>2024-12-13T10:30:32Z</time>
      </trkpt>
      <trkpt lat="41.611304" lon="2.379415">
        <ele>284.746</ele>
        <time>2024-12-13T10:30:34Z</time>
      </trkpt>
      <trkpt lat="41.611291" lon="2.379449">
        <ele>284.654</ele>
        <time>2024-12-13T10:30:36Z</time>
      </trkpt>
      <trkpt lat="41.611267" lon="2.379517">
        <ele>284.656</ele>
        <time>2024-12-13T10:30:40Z</time>
      </trkpt>
      <trkpt lat="41.611256" lon="2.379554">
        <ele>284.611</ele>
        <time>2024-12-13T10:30:42Z</time>
      </trkpt>
      <trkpt lat="41.611243" lon="2.379607">
        <ele>284.809</ele>
        <time>2024-12-13T10:30:44Z</time>
      </trkpt>
      <trkpt lat="41.611223" lon="2.379666">
        <ele>284.756</ele>
        <time>2024-12-13T10:30:47Z</time>
      </trkpt>
      <trkpt lat="41.611204" lon="2.379697">
        <ele>284.584</ele>
        <time>2024-12-13T10:30:49Z</time>
      </trkpt>
      <trkpt lat="41.611183" lon="2.379725">
        <ele>284.120</ele>
        <time>2024-12-13T10:30:51Z</time>
      </trkpt>
      <trkpt lat="41.611161" lon="2.379749">
        <ele>283.785</ele>
        <time>2024-12-13T10:30:53Z</time>
      </trkpt>
      <trkpt lat="41.611141" lon="2.379777">
        <ele>283.547</ele>
        <time>2024-12-13T10:30:55Z</time>
      </trkpt>
      <trkpt lat="41.611124" lon="2.379808">
        <ele>283.368</ele>
        <time>2024-12-13T10:30:57Z</time>
      </trkpt>
      <trkpt lat="41.611103" lon="2.379844">
        <ele>283.155</ele>
        <time>2024-12-13T10:30:59Z</time>
      </trkpt>
      <trkpt lat="41.611074" lon="2.379874">
        <ele>282.718</ele>
        <time>2024-12-13T10:31:01Z</time>
      </trkpt>
      <trkpt lat="41.611029" lon="2.379910">
        <ele>282.114</ele>
        <time>2024-12-13T10:31:04Z</time>
      </trkpt>
      <trkpt lat="41.611004" lon="2.379933">
        <ele>281.821</ele>
        <time>2024-12-13T10:31:06Z</time>
      </trkpt>
      <trkpt lat="41.610960" lon="2.379983">
        <ele>281.541</ele>
        <time>2024-12-13T10:31:10Z</time>
      </trkpt>
      <trkpt lat="41.610914" lon="2.380036">
        <ele>280.705</ele>
        <time>2024-12-13T10:31:14Z</time>
      </trkpt>
      <trkpt lat="41.610888" lon="2.380056">
        <ele>280.109</ele>
        <time>2024-12-13T10:31:16Z</time>
      </trkpt>
      <trkpt lat="41.610861" lon="2.380077">
        <ele>279.433</ele>
        <time>2024-12-13T10:31:18Z</time>
      </trkpt>
      <trkpt lat="41.610835" lon="2.380091">
        <ele>278.741</ele>
        <time>2024-12-13T10:31:20Z</time>
      </trkpt>
      <trkpt lat="41.610808" lon="2.380114">
        <ele>278.227</ele>
        <time>2024-12-13T10:31:22Z</time>
      </trkpt>
      <trkpt lat="41.610779" lon="2.380134">
        <ele>277.652</ele>
        <time>2024-12-13T10:31:24Z</time>
      </trkpt>
      <trkpt lat="41.610754" lon="2.380151">
        <ele>277.294</ele>
        <time>2024-12-13T10:31:26Z</time>
      </trkpt>
      <trkpt lat="41.610726" lon="2.380168">
        <ele>276.835</ele>
        <time>2024-12-13T10:31:28Z</time>
      </trkpt>
      <trkpt lat="41.610699" lon="2.380190">
        <ele>276.442</ele>
        <time>2024-12-13T10:31:30Z</time>
      </trkpt>
      <trkpt lat="41.610676" lon="2.380212">
        <ele>276.145</ele>
        <time>2024-12-13T10:31:32Z</time>
      </trkpt>
      <trkpt lat="41.610650" lon="2.380238">
        <ele>275.961</ele>
        <time>2024-12-13T10:31:34Z</time>
      </trkpt>
      <trkpt lat="41.610621" lon="2.380264">
        <ele>275.697</ele>
        <time>2024-12-13T10:31:36Z</time>
      </trkpt>
      <trkpt lat="41.610590" lon="2.380294">
        <ele>275.423</ele>
        <time>2024-12-13T10:31:38Z</time>
      </trkpt>
      <trkpt lat="41.610562" lon="2.380309">
        <ele>275.125</ele>
        <time>2024-12-13T10:31:40Z</time>
      </trkpt>
      <trkpt lat="41.610514" lon="2.380334">
        <ele>275.009</ele>
        <time>2024-12-13T10:31:44Z</time>
      </trkpt>
      <trkpt lat="41.610489" lon="2.380349">
        <ele>275.140</ele>
        <time>2024-12-13T10:31:46Z</time>
      </trkpt>
      <trkpt lat="41.610462" lon="2.380361">
        <ele>275.188</ele>
        <time>2024-12-13T10:31:48Z</time>
      </trkpt>
      <trkpt lat="41.610403" lon="2.380382">
        <ele>275.254</ele>
        <time>2024-12-13T10:31:52Z</time>
      </trkpt>
      <trkpt lat="41.610359" lon="2.380414">
        <ele>275.389</ele>
        <time>2024-12-13T10:31:55Z</time>
      </trkpt>
      <trkpt lat="41.610330" lon="2.380442">
        <ele>275.511</ele>
        <time>2024-12-13T10:31:57Z</time>
      </trkpt>
      <trkpt lat="41.610303" lon="2.380474">
        <ele>275.632</ele>
        <time>2024-12-13T10:31:59Z</time>
      </trkpt>
      <trkpt lat="41.610261" lon="2.380516">
        <ele>275.719</ele>
        <time>2024-12-13T10:32:03Z</time>
      </trkpt>
      <trkpt lat="41.610237" lon="2.380544">
        <ele>275.532</ele>
        <time>2024-12-13T10:32:05Z</time>
      </trkpt>
      <trkpt lat="41.610213" lon="2.380569">
        <ele>275.438</ele>
        <time>2024-12-13T10:32:07Z</time>
      </trkpt>
      <trkpt lat="41.610185" lon="2.380589">
        <ele>275.247</ele>
        <time>2024-12-13T10:32:09Z</time>
      </trkpt>
      <trkpt lat="41.610154" lon="2.380606">
        <ele>275.029</ele>
        <time>2024-12-13T10:32:11Z</time>
      </trkpt>
      <trkpt lat="41.610110" lon="2.380641">
        <ele>274.821</ele>
        <time>2024-12-13T10:32:14Z</time>
      </trkpt>
      <trkpt lat="41.610087" lon="2.380660">
        <ele>274.709</ele>
        <time>2024-12-13T10:32:16Z</time>
      </trkpt>
      <trkpt lat="41.610065" lon="2.380686">
        <ele>274.625</ele>
        <time>2024-12-13T10:32:18Z</time>
      </trkpt>
      <trkpt lat="41.610040" lon="2.380706">
        <ele>274.543</ele>
        <time>2024-12-13T10:32:20Z</time>
      </trkpt>
      <trkpt lat="41.610015" lon="2.380732">
        <ele>274.419</ele>
        <time>2024-12-13T10:32:22Z</time>
      </trkpt>
      <trkpt lat="41.609989" lon="2.380755">
        <ele>274.354</ele>
        <time>2024-12-13T10:32:24Z</time>
      </trkpt>
      <trkpt lat="41.609962" lon="2.380779">
        <ele>274.226</ele>
        <time>2024-12-13T10:32:26Z</time>
      </trkpt>
      <trkpt lat="41.609935" lon="2.380805">
        <ele>274.167</ele>
        <time>2024-12-13T10:32:28Z</time>
      </trkpt>
      <trkpt lat="41.609907" lon="2.380827">
        <ele>274.064</ele>
        <time>2024-12-13T10:32:30Z</time>
      </trkpt>
      <trkpt lat="41.609865" lon="2.380881">
        <ele>274.197</ele>
        <time>2024-12-13T10:32:34Z</time>
      </trkpt>
      <trkpt lat="41.609836" lon="2.380906">
        <ele>274.033</ele>
        <time>2024-12-13T10:32:36Z</time>
      </trkpt>
      <trkpt lat="41.609808" lon="2.380930">
        <ele>274.036</ele>
        <time>2024-12-13T10:32:38Z</time>
      </trkpt>
      <trkpt lat="41.609784" lon="2.380957">
        <ele>274.017</ele>
        <time>2024-12-13T10:32:40Z</time>
      </trkpt>
      <trkpt lat="41.609757" lon="2.380982">
        <ele>274.018</ele>
        <time>2024-12-13T10:32:42Z</time>
      </trkpt>
      <trkpt lat="41.609730" lon="2.381005">
        <ele>273.909</ele>
        <time>2024-12-13T10:32:44Z</time>
      </trkpt>
      <trkpt lat="41.609706" lon="2.381027">
        <ele>274.284</ele>
        <time>2024-12-13T10:32:46Z</time>
      </trkpt>
      <trkpt lat="41.609682" lon="2.381047">
        <ele>274.522</ele>
        <time>2024-12-13T10:32:48Z</time>
      </trkpt>
      <trkpt lat="41.609655" lon="2.381070">
        <ele>275.088</ele>
        <time>2024-12-13T10:32:50Z</time>
      </trkpt>
      <trkpt lat="41.609627" lon="2.381094">
        <ele>275.543</ele>
        <time>2024-12-13T10:32:52Z</time>
      </trkpt>
      <trkpt lat="41.609599" lon="2.381118">
        <ele>276.025</ele>
        <time>2024-12-13T10:32:54Z</time>
      </trkpt>
      <trkpt lat="41.609573" lon="2.381141">
        <ele>276.756</ele>
        <time>2024-12-13T10:32:56Z</time>
      </trkpt>
      <trkpt lat="41.609529" lon="2.381179">
        <ele>277.763</ele>
        <time>2024-12-13T10:33:00Z</time>
      </trkpt>
      <trkpt lat="41.609502" lon="2.381201">
        <ele>278.326</ele>
        <time>2024-12-13T10:33:02Z</time>
      </trkpt>
      <trkpt lat="41.609477" lon="2.381223">
        <ele>278.842</ele>
        <time>2024-12-13T10:33:04Z</time>
      </trkpt>
      <trkpt lat="41.609454" lon="2.381249">
        <ele>279.448</ele>
        <time>2024-12-13T10:33:06Z</time>
      </trkpt>
      <trkpt lat="41.609426" lon="2.381273">
        <ele>279.961</ele>
        <time>2024-12-13T10:33:08Z</time>
      </trkpt>
      <trkpt lat="41.609400" lon="2.381293">
        <ele>280.317</ele>
        <time>2024-12-13T10:33:10Z</time>
      </trkpt>
      <trkpt lat="41.609374" lon="2.381315">
        <ele>280.709</ele>
        <time>2024-12-13T10:33:12Z</time>
      </trkpt>
      <trkpt lat="41.609328" lon="2.381341">
        <ele>281.245</ele>
        <time>2024-12-13T10:33:15Z</time>
      </trkpt>
      <trkpt lat="41.609304" lon="2.381359">
        <ele>281.593</ele>
        <time>2024-12-13T10:33:17Z</time>
      </trkpt>
      <trkpt lat="41.609277" lon="2.381381">
        <ele>281.979</ele>
        <time>2024-12-13T10:33:19Z</time>
      </trkpt>
      <trkpt lat="41.609250" lon="2.381401">
        <ele>282.134</ele>
        <time>2024-12-13T10:33:21Z</time>
      </trkpt>
      <trkpt lat="41.609221" lon="2.381420">
        <ele>282.226</ele>
        <time>2024-12-13T10:33:23Z</time>
      </trkpt>
      <trkpt lat="41.609194" lon="2.381439">
        <ele>282.447</ele>
        <time>2024-12-13T10:33:25Z</time>
      </trkpt>
      <trkpt lat="41.609163" lon="2.381482">
        <ele>282.654</ele>
        <time>2024-12-13T10:33:29Z</time>
      </trkpt>
      <trkpt lat="41.609159" lon="2.381551">
        <ele>283.177</ele>
        <time>2024-12-13T10:33:33Z</time>
      </trkpt>
      <trkpt lat="41.609195" lon="2.381605">
        <ele>283.633</ele>
        <time>2024-12-13T10:33:37Z</time>
      </trkpt>
      <trkpt lat="41.609211" lon="2.381640">
        <ele>283.854</ele>
        <time>2024-12-13T10:33:39Z</time>
      </trkpt>
      <trkpt lat="41.609229" lon="2.381674">
        <ele>284.056</ele>
        <time>2024-12-13T10:33:41Z</time>
      </trkpt>
      <trkpt lat="41.609253" lon="2.381706">
        <ele>284.111</ele>
        <time>2024-12-13T10:33:44Z</time>
      </trkpt>
      <trkpt lat="41.609285" lon="2.381761">
        <ele>284.309</ele>
        <time>2024-12-13T10:33:48Z</time>
      </trkpt>
      <trkpt lat="41.609319" lon="2.381811">
        <ele>284.576</ele>
        <time>2024-12-13T10:33:52Z</time>
      </trkpt>
      <trkpt lat="41.609342" lon="2.381840">
        <ele>284.654</ele>
        <time>2024-12-13T10:33:54Z</time>
      </trkpt>
      <trkpt lat="41.609379" lon="2.381881">
        <ele>284.890</ele>
        <time>2024-12-13T10:33:57Z</time>
      </trkpt>
      <trkpt lat="41.609401" lon="2.381909">
        <ele>284.925</ele>
        <time>2024-12-13T10:33:59Z</time>
      </trkpt>
      <trkpt lat="41.609425" lon="2.381938">
        <ele>285.097</ele>
        <time>2024-12-13T10:34:01Z</time>
      </trkpt>
      <trkpt lat="41.609461" lon="2.381977">
        <ele>285.258</ele>
        <time>2024-12-13T10:34:05Z</time>
      </trkpt>
      <trkpt lat="41.609509" lon="2.382006">
        <ele>285.515</ele>
        <time>2024-12-13T10:34:09Z</time>
      </trkpt>
      <trkpt lat="41.609533" lon="2.382022">
        <ele>285.748</ele>
        <time>2024-12-13T10:34:11Z</time>
      </trkpt>
      <trkpt lat="41.609561" lon="2.382033">
        <ele>285.944</ele>
        <time>2024-12-13T10:34:13Z</time>
      </trkpt>
      <trkpt lat="41.609608" lon="2.382063">
        <ele>286.341</ele>
        <time>2024-12-13T10:34:17Z</time>
      </trkpt>
      <trkpt lat="41.609635" lon="2.382078">
        <ele>286.581</ele>
        <time>2024-12-13T10:34:19Z</time>
      </trkpt>
      <trkpt lat="41.609686" lon="2.382088">
        <ele>286.809</ele>
        <time>2024-12-13T10:34:23Z</time>
      </trkpt>
      <trkpt lat="41.609772" lon="2.382112">
        <ele>287.709</ele>
        <time>2024-12-13T10:34:32Z</time>
      </trkpt>
      <trkpt lat="41.609793" lon="2.382118">
        <ele>288.065</ele>
        <time>2024-12-13T10:34:41Z</time>
      </trkpt>
      <trkpt lat="41.609822" lon="2.382130">
        <ele>288.413</ele>
        <time>2024-12-13T10:34:43Z</time>
      </trkpt>
      <trkpt lat="41.609851" lon="2.382150">
        <ele>288.919</ele>
        <time>2024-12-13T10:34:45Z</time>
      </trkpt>
      <trkpt lat="41.609893" lon="2.382179">
        <ele>289.514</ele>
        <time>2024-12-13T10:34:49Z</time>
      </trkpt>
      <trkpt lat="41.609916" lon="2.382199">
        <ele>289.956</ele>
        <time>2024-12-13T10:34:51Z</time>
      </trkpt>
      <trkpt lat="41.609959" lon="2.382237">
        <ele>290.697</ele>
        <time>2024-12-13T10:34:55Z</time>
      </trkpt>
      <trkpt lat="41.609980" lon="2.382264">
        <ele>290.874</ele>
        <time>2024-12-13T10:34:57Z</time>
      </trkpt>
      <trkpt lat="41.610026" lon="2.382298">
        <ele>291.527</ele>
        <time>2024-12-13T10:35:01Z</time>
      </trkpt>
      <trkpt lat="41.610052" lon="2.382320">
        <ele>291.963</ele>
        <time>2024-12-13T10:35:03Z</time>
      </trkpt>
      <trkpt lat="41.610076" lon="2.382342">
        <ele>292.471</ele>
        <time>2024-12-13T10:35:05Z</time>
      </trkpt>
      <trkpt lat="41.610103" lon="2.382366">
        <ele>292.941</ele>
        <time>2024-12-13T10:35:07Z</time>
      </trkpt>
      <trkpt lat="41.610125" lon="2.382385">
        <ele>293.315</ele>
        <time>2024-12-13T10:35:09Z</time>
      </trkpt>
      <trkpt lat="41.610150" lon="2.382404">
        <ele>293.709</ele>
        <time>2024-12-13T10:35:11Z</time>
      </trkpt>
      <trkpt lat="41.610199" lon="2.382431">
        <ele>294.638</ele>
        <time>2024-12-13T10:35:15Z</time>
      </trkpt>
      <trkpt lat="41.610248" lon="2.382442">
        <ele>295.526</ele>
        <time>2024-12-13T10:35:19Z</time>
      </trkpt>
      <trkpt lat="41.610278" lon="2.382443">
        <ele>296.032</ele>
        <time>2024-12-13T10:35:21Z</time>
      </trkpt>
      <trkpt lat="41.610305" lon="2.382439">
        <ele>296.487</ele>
        <time>2024-12-13T10:35:23Z</time>
      </trkpt>
      <trkpt lat="41.610345" lon="2.382417">
        <ele>297.029</ele>
        <time>2024-12-13T10:35:27Z</time>
      </trkpt>
      <trkpt lat="41.610378" lon="2.382364">
        <ele>297.690</ele>
        <time>2024-12-13T10:35:31Z</time>
      </trkpt>
      <trkpt lat="41.610401" lon="2.382335">
        <ele>298.067</ele>
        <time>2024-12-13T10:35:33Z</time>
      </trkpt>
      <trkpt lat="41.610414" lon="2.382298">
        <ele>298.350</ele>
        <time>2024-12-13T10:35:35Z</time>
      </trkpt>
      <trkpt lat="41.610443" lon="2.382242">
        <ele>298.926</ele>
        <time>2024-12-13T10:35:39Z</time>
      </trkpt>
      <trkpt lat="41.610474" lon="2.382184">
        <ele>299.462</ele>
        <time>2024-12-13T10:35:43Z</time>
      </trkpt>
      <trkpt lat="41.610493" lon="2.382148">
        <ele>299.683</ele>
        <time>2024-12-13T10:35:45Z</time>
      </trkpt>
      <trkpt lat="41.610514" lon="2.382114">
        <ele>299.911</ele>
        <time>2024-12-13T10:35:47Z</time>
      </trkpt>
      <trkpt lat="41.610537" lon="2.382089">
        <ele>300.209</ele>
        <time>2024-12-13T10:35:49Z</time>
      </trkpt>
      <trkpt lat="41.610562" lon="2.382070">
        <ele>300.637</ele>
        <time>2024-12-13T10:35:51Z</time>
      </trkpt>
      <trkpt lat="41.610583" lon="2.382047">
        <ele>301.085</ele>
        <time>2024-12-13T10:35:53Z</time>
      </trkpt>
      <trkpt lat="41.610606" lon="2.382018">
        <ele>301.441</ele>
        <time>2024-12-13T10:35:55Z</time>
      </trkpt>
      <trkpt lat="41.610632" lon="2.382007">
        <ele>301.926</ele>
        <time>2024-12-13T10:35:57Z</time>
      </trkpt>
      <trkpt lat="41.610672" lon="2.381959">
        <ele>302.668</ele>
        <time>2024-12-13T10:36:01Z</time>
      </trkpt>
      <trkpt lat="41.610694" lon="2.381929">
        <ele>302.839</ele>
        <time>2024-12-13T10:36:03Z</time>
      </trkpt>
      <trkpt lat="41.610711" lon="2.381897">
        <ele>302.856</ele>
        <time>2024-12-13T10:36:05Z</time>
      </trkpt>
      <trkpt lat="41.610725" lon="2.381865">
        <ele>302.829</ele>
        <time>2024-12-13T10:36:07Z</time>
      </trkpt>
      <trkpt lat="41.610744" lon="2.381836">
        <ele>302.965</ele>
        <time>2024-12-13T10:36:09Z</time>
      </trkpt>
      <trkpt lat="41.610763" lon="2.381806">
        <ele>303.077</ele>
        <time>2024-12-13T10:36:11Z</time>
      </trkpt>
      <trkpt lat="41.610802" lon="2.381747">
        <ele>303.261</ele>
        <time>2024-12-13T10:36:15Z</time>
      </trkpt>
      <trkpt lat="41.610817" lon="2.381715">
        <ele>303.227</ele>
        <time>2024-12-13T10:36:17Z</time>
      </trkpt>
      <trkpt lat="41.610846" lon="2.381657">
        <ele>303.409</ele>
        <time>2024-12-13T10:36:21Z</time>
      </trkpt>
      <trkpt lat="41.610877" lon="2.381600">
        <ele>303.768</ele>
        <time>2024-12-13T10:36:25Z</time>
      </trkpt>
      <trkpt lat="41.610920" lon="2.381550">
        <ele>304.496</ele>
        <time>2024-12-13T10:36:29Z</time>
      </trkpt>
      <trkpt lat="41.610960" lon="2.381499">
        <ele>304.832</ele>
        <time>2024-12-13T10:36:36Z</time>
      </trkpt>
      <trkpt lat="41.610993" lon="2.381481">
        <ele>305.537</ele>
        <time>2024-12-13T10:36:44Z</time>
      </trkpt>
      <trkpt lat="41.611023" lon="2.381499">
        <ele>306.959</ele>
        <time>2024-12-13T10:36:46Z</time>
      </trkpt>
      <trkpt lat="41.611043" lon="2.381523">
        <ele>308.180</ele>
        <time>2024-12-13T10:36:48Z</time>
      </trkpt>
      <trkpt lat="41.611092" lon="2.381529">
        <ele>309.987</ele>
        <time>2024-12-13T10:36:53Z</time>
      </trkpt>
      <trkpt lat="41.611120" lon="2.381534">
        <ele>311.020</ele>
        <time>2024-12-13T10:36:55Z</time>
      </trkpt>
      <trkpt lat="41.611145" lon="2.381550">
        <ele>312.236</ele>
        <time>2024-12-13T10:36:57Z</time>
      </trkpt>
      <trkpt lat="41.611185" lon="2.381596">
        <ele>314.627</ele>
        <time>2024-12-13T10:37:01Z</time>
      </trkpt>
      <trkpt lat="41.611204" lon="2.381653">
        <ele>316.468</ele>
        <time>2024-12-13T10:37:05Z</time>
      </trkpt>
      <trkpt lat="41.611225" lon="2.381708">
        <ele>317.514</ele>
        <time>2024-12-13T10:37:09Z</time>
      </trkpt>
      <trkpt lat="41.611247" lon="2.381736">
        <ele>318.209</ele>
        <time>2024-12-13T10:37:11Z</time>
      </trkpt>
      <trkpt lat="41.611268" lon="2.381759">
        <ele>318.893</ele>
        <time>2024-12-13T10:37:13Z</time>
      </trkpt>
      <trkpt lat="41.611313" lon="2.381782">
        <ele>320.071</ele>
        <time>2024-12-13T10:37:17Z</time>
      </trkpt>
      <trkpt lat="41.611356" lon="2.381797">
        <ele>321.277</ele>
        <time>2024-12-13T10:37:21Z</time>
      </trkpt>
      <trkpt lat="41.611396" lon="2.381822">
        <ele>322.292</ele>
        <time>2024-12-13T10:37:25Z</time>
      </trkpt>
      <trkpt lat="41.611421" lon="2.381838">
        <ele>322.994</ele>
        <time>2024-12-13T10:37:27Z</time>
      </trkpt>
      <trkpt lat="41.611446" lon="2.381854">
        <ele>323.675</ele>
        <time>2024-12-13T10:37:29Z</time>
      </trkpt>
      <trkpt lat="41.611469" lon="2.381874">
        <ele>324.312</ele>
        <time>2024-12-13T10:37:31Z</time>
      </trkpt>
      <trkpt lat="41.611508" lon="2.381859">
        <ele>325.435</ele>
        <time>2024-12-13T10:37:35Z</time>
      </trkpt>
      <trkpt lat="41.611529" lon="2.381811">
        <ele>326.091</ele>
        <time>2024-12-13T10:37:39Z</time>
      </trkpt>
      <trkpt lat="41.611542" lon="2.381747">
        <ele>326.423</ele>
        <time>2024-12-13T10:37:43Z</time>
      </trkpt>
      <trkpt lat="41.611565" lon="2.381691">
        <ele>327.183</ele>
        <time>2024-12-13T10:37:47Z</time>
      </trkpt>
      <trkpt lat="41.611585" lon="2.381667">
        <ele>327.611</ele>
        <time>2024-12-13T10:37:49Z</time>
      </trkpt>
      <trkpt lat="41.611636" lon="2.381641">
        <ele>328.909</ele>
        <time>2024-12-13T10:37:55Z</time>
      </trkpt>
      <trkpt lat="41.611687" lon="2.381632">
        <ele>330.313</ele>
        <time>2024-12-13T10:37:59Z</time>
      </trkpt>
      <trkpt lat="41.611746" lon="2.381620">
        <ele>332.011</ele>
        <time>2024-12-13T10:38:06Z</time>
      </trkpt>
      <trkpt lat="41.611801" lon="2.381611">
        <ele>333.687</ele>
        <time>2024-12-13T10:38:12Z</time>
      </trkpt>
      <trkpt lat="41.611845" lon="2.381617">
        <ele>334.912</ele>
        <time>2024-12-13T10:38:16Z</time>
      </trkpt>
      <trkpt lat="41.611888" lon="2.381633">
        <ele>336.264</ele>
        <time>2024-12-13T10:38:20Z</time>
      </trkpt>
      <trkpt lat="41.611913" lon="2.381649">
        <ele>337.035</ele>
        <time>2024-12-13T10:38:22Z</time>
      </trkpt>
      <trkpt lat="41.611947" lon="2.381685">
        <ele>338.162</ele>
        <time>2024-12-13T10:38:26Z</time>
      </trkpt>
      <trkpt lat="41.611968" lon="2.381735">
        <ele>338.555</ele>
        <time>2024-12-13T10:38:30Z</time>
      </trkpt>
      <trkpt lat="41.612003" lon="2.381768">
        <ele>339.211</ele>
        <time>2024-12-13T10:38:35Z</time>
      </trkpt>
      <trkpt lat="41.612052" lon="2.381760">
        <ele>340.293</ele>
        <time>2024-12-13T10:38:39Z</time>
      </trkpt>
      <trkpt lat="41.612080" lon="2.381731">
        <ele>340.865</ele>
        <time>2024-12-13T10:38:42Z</time>
      </trkpt>
      <trkpt lat="41.612119" lon="2.381722">
        <ele>341.621</ele>
        <time>2024-12-13T10:38:46Z</time>
      </trkpt>
      <trkpt lat="41.612146" lon="2.381730">
        <ele>342.209</ele>
        <time>2024-12-13T10:38:48Z</time>
      </trkpt>
      <trkpt lat="41.612179" lon="2.381740">
        <ele>342.850</ele>
        <time>2024-12-13T10:38:50Z</time>
      </trkpt>
      <trkpt lat="41.612224" lon="2.381748">
        <ele>343.758</ele>
        <time>2024-12-13T10:38:54Z</time>
      </trkpt>
      <trkpt lat="41.612268" lon="2.381758">
        <ele>344.444</ele>
        <time>2024-12-13T10:38:59Z</time>
      </trkpt>
      <trkpt lat="41.612299" lon="2.381706">
        <ele>345.269</ele>
        <time>2024-12-13T10:39:03Z</time>
      </trkpt>
      <trkpt lat="41.612340" lon="2.381649">
        <ele>346.161</ele>
        <time>2024-12-13T10:39:08Z</time>
      </trkpt>
      <trkpt lat="41.612368" lon="2.381651">
        <ele>346.642</ele>
        <time>2024-12-13T10:39:11Z</time>
      </trkpt>
      <trkpt lat="41.612409" lon="2.381660">
        <ele>347.449</ele>
        <time>2024-12-13T10:39:15Z</time>
      </trkpt>
      <trkpt lat="41.612455" lon="2.381640">
        <ele>348.382</ele>
        <time>2024-12-13T10:39:20Z</time>
      </trkpt>
      <trkpt lat="41.612493" lon="2.381651">
        <ele>348.968</ele>
        <time>2024-12-13T10:39:24Z</time>
      </trkpt>
      <trkpt lat="41.612547" lon="2.381644">
        <ele>349.974</ele>
        <time>2024-12-13T10:39:29Z</time>
      </trkpt>
      <trkpt lat="41.612594" lon="2.381619">
        <ele>350.956</ele>
        <time>2024-12-13T10:39:33Z</time>
      </trkpt>
      <trkpt lat="41.612639" lon="2.381586">
        <ele>351.821</ele>
        <time>2024-12-13T10:39:37Z</time>
      </trkpt>
      <trkpt lat="41.612658" lon="2.381554">
        <ele>352.309</ele>
        <time>2024-12-13T10:39:39Z</time>
      </trkpt>
      <trkpt lat="41.612681" lon="2.381526">
        <ele>352.828</ele>
        <time>2024-12-13T10:39:41Z</time>
      </trkpt>
      <trkpt lat="41.612725" lon="2.381490">
        <ele>353.766</ele>
        <time>2024-12-13T10:39:45Z</time>
      </trkpt>
      <trkpt lat="41.612762" lon="2.381461">
        <ele>354.582</ele>
        <time>2024-12-13T10:39:49Z</time>
      </trkpt>
      <trkpt lat="41.612784" lon="2.381439">
        <ele>354.947</ele>
        <time>2024-12-13T10:39:51Z</time>
      </trkpt>
      <trkpt lat="41.612803" lon="2.381409">
        <ele>355.079</ele>
        <time>2024-12-13T10:39:53Z</time>
      </trkpt>
      <trkpt lat="41.612821" lon="2.381376">
        <ele>355.150</ele>
        <time>2024-12-13T10:39:55Z</time>
      </trkpt>
      <trkpt lat="41.612857" lon="2.381329">
        <ele>354.867</ele>
        <time>2024-12-13T10:39:59Z</time>
      </trkpt>
      <trkpt lat="41.612890" lon="2.381270">
        <ele>354.420</ele>
        <time>2024-12-13T10:40:03Z</time>
      </trkpt>
      <trkpt lat="41.612915" lon="2.381240">
        <ele>354.236</ele>
        <time>2024-12-13T10:40:06Z</time>
      </trkpt>
      <trkpt lat="41.612929" lon="2.381207">
        <ele>353.951</ele>
        <time>2024-12-13T10:40:08Z</time>
      </trkpt>
      <trkpt lat="41.612950" lon="2.381180">
        <ele>353.701</ele>
        <time>2024-12-13T10:40:10Z</time>
      </trkpt>
      <trkpt lat="41.613005" lon="2.381151">
        <ele>353.411</ele>
        <time>2024-12-13T10:40:14Z</time>
      </trkpt>
      <trkpt lat="41.613042" lon="2.381161">
        <ele>353.509</ele>
        <time>2024-12-13T10:40:17Z</time>
      </trkpt>
      <trkpt lat="41.613087" lon="2.381199">
        <ele>353.836</ele>
        <time>2024-12-13T10:40:20Z</time>
      </trkpt>
      <trkpt lat="41.613105" lon="2.381227">
        <ele>354.174</ele>
        <time>2024-12-13T10:40:22Z</time>
      </trkpt>
      <trkpt lat="41.613137" lon="2.381277">
        <ele>354.530</ele>
        <time>2024-12-13T10:40:26Z</time>
      </trkpt>
      <trkpt lat="41.613157" lon="2.381305">
        <ele>354.735</ele>
        <time>2024-12-13T10:40:28Z</time>
      </trkpt>
      <trkpt lat="41.613179" lon="2.381360">
        <ele>355.267</ele>
        <time>2024-12-13T10:40:31Z</time>
      </trkpt>
      <trkpt lat="41.613194" lon="2.381431">
        <ele>355.848</ele>
        <time>2024-12-13T10:40:35Z</time>
      </trkpt>
      <trkpt lat="41.613203" lon="2.381475">
        <ele>356.115</ele>
        <time>2024-12-13T10:40:37Z</time>
      </trkpt>
      <trkpt lat="41.613208" lon="2.381548">
        <ele>356.688</ele>
        <time>2024-12-13T10:40:41Z</time>
      </trkpt>
      <trkpt lat="41.613214" lon="2.381614">
        <ele>357.154</ele>
        <time>2024-12-13T10:40:45Z</time>
      </trkpt>
      <trkpt lat="41.613239" lon="2.381671">
        <ele>357.414</ele>
        <time>2024-12-13T10:40:50Z</time>
      </trkpt>
      <trkpt lat="41.613262" lon="2.381693">
        <ele>357.454</ele>
        <time>2024-12-13T10:40:52Z</time>
      </trkpt>
      <trkpt lat="41.613285" lon="2.381719">
        <ele>357.409</ele>
        <time>2024-12-13T10:40:54Z</time>
      </trkpt>
      <trkpt lat="41.613314" lon="2.381771">
        <ele>357.409</ele>
        <time>2024-12-13T10:40:57Z</time>
      </trkpt>
      <trkpt lat="41.613340" lon="2.381794">
        <ele>357.432</ele>
        <time>2024-12-13T10:40:59Z</time>
      </trkpt>
      <trkpt lat="41.613369" lon="2.381806">
        <ele>357.310</ele>
        <time>2024-12-13T10:41:01Z</time>
      </trkpt>
      <trkpt lat="41.613398" lon="2.381807">
        <ele>357.216</ele>
        <time>2024-12-13T10:41:03Z</time>
      </trkpt>
      <trkpt lat="41.613449" lon="2.381778">
        <ele>356.841</ele>
        <time>2024-12-13T10:41:07Z</time>
      </trkpt>
      <trkpt lat="41.613474" lon="2.381754">
        <ele>356.683</ele>
        <time>2024-12-13T10:41:09Z</time>
      </trkpt>
      <trkpt lat="41.613517" lon="2.381722">
        <ele>356.424</ele>
        <time>2024-12-13T10:41:12Z</time>
      </trkpt>
      <trkpt lat="41.613565" lon="2.381706">
        <ele>356.261</ele>
        <time>2024-12-13T10:41:16Z</time>
      </trkpt>
      <trkpt lat="41.613591" lon="2.381690">
        <ele>356.174</ele>
        <time>2024-12-13T10:41:18Z</time>
      </trkpt>
      <trkpt lat="41.613616" lon="2.381676">
        <ele>356.110</ele>
        <time>2024-12-13T10:41:20Z</time>
      </trkpt>
      <trkpt lat="41.613644" lon="2.381666">
        <ele>356.428</ele>
        <time>2024-12-13T10:41:22Z</time>
      </trkpt>
      <trkpt lat="41.613689" lon="2.381650">
        <ele>356.889</ele>
        <time>2024-12-13T10:41:25Z</time>
      </trkpt>
      <trkpt lat="41.613732" lon="2.381632">
        <ele>357.217</ele>
        <time>2024-12-13T10:41:29Z</time>
      </trkpt>
      <trkpt lat="41.613759" lon="2.381623">
        <ele>357.509</ele>
        <time>2024-12-13T10:41:31Z</time>
      </trkpt>
      <trkpt lat="41.613786" lon="2.381614">
        <ele>357.883</ele>
        <time>2024-12-13T10:41:33Z</time>
      </trkpt>
      <trkpt lat="41.613814" lon="2.381602">
        <ele>358.181</ele>
        <time>2024-12-13T10:41:35Z</time>
      </trkpt>
      <trkpt lat="41.613842" lon="2.381595">
        <ele>358.597</ele>
        <time>2024-12-13T10:41:37Z</time>
      </trkpt>
      <trkpt lat="41.613873" lon="2.381590">
        <ele>358.892</ele>
        <time>2024-12-13T10:41:39Z</time>
      </trkpt>
      <trkpt lat="41.613928" lon="2.381577">
        <ele>359.554</ele>
        <time>2024-12-13T10:41:43Z</time>
      </trkpt>
      <trkpt lat="41.613982" lon="2.381566">
        <ele>360.225</ele>
        <time>2024-12-13T10:41:47Z</time>
      </trkpt>
      <trkpt lat="41.614007" lon="2.381550">
        <ele>360.572</ele>
        <time>2024-12-13T10:41:49Z</time>
      </trkpt>
      <trkpt lat="41.614035" lon="2.381543">
        <ele>360.915</ele>
        <time>2024-12-13T10:41:51Z</time>
      </trkpt>
      <trkpt lat="41.614074" lon="2.381502">
        <ele>361.391</ele>
        <time>2024-12-13T10:41:55Z</time>
      </trkpt>
      <trkpt lat="41.614097" lon="2.381472">
        <ele>361.592</ele>
        <time>2024-12-13T10:41:57Z</time>
      </trkpt>
      <trkpt lat="41.614120" lon="2.381444">
        <ele>361.773</ele>
        <time>2024-12-13T10:41:59Z</time>
      </trkpt>
      <trkpt lat="41.614140" lon="2.381413">
        <ele>361.820</ele>
        <time>2024-12-13T10:42:01Z</time>
      </trkpt>
      <trkpt lat="41.614163" lon="2.381384">
        <ele>361.909</ele>
        <time>2024-12-13T10:42:03Z</time>
      </trkpt>
      <trkpt lat="41.614178" lon="2.381319">
        <ele>361.920</ele>
        <time>2024-12-13T10:42:07Z</time>
      </trkpt>
      <trkpt lat="41.614185" lon="2.381276">
        <ele>361.958</ele>
        <time>2024-12-13T10:42:09Z</time>
      </trkpt>
      <trkpt lat="41.614193" lon="2.381237">
        <ele>361.964</ele>
        <time>2024-12-13T10:42:11Z</time>
      </trkpt>
      <trkpt lat="41.614200" lon="2.381196">
        <ele>361.819</ele>
        <time>2024-12-13T10:42:13Z</time>
      </trkpt>
      <trkpt lat="41.614205" lon="2.381159">
        <ele>361.761</ele>
        <time>2024-12-13T10:42:15Z</time>
      </trkpt>
      <trkpt lat="41.614216" lon="2.381118">
        <ele>361.792</ele>
        <time>2024-12-13T10:42:17Z</time>
      </trkpt>
      <trkpt lat="41.614230" lon="2.381086">
        <ele>361.749</ele>
        <time>2024-12-13T10:42:19Z</time>
      </trkpt>
      <trkpt lat="41.614250" lon="2.381058">
        <ele>361.722</ele>
        <time>2024-12-13T10:42:21Z</time>
      </trkpt>
      <trkpt lat="41.614273" lon="2.381031">
        <ele>361.758</ele>
        <time>2024-12-13T10:42:23Z</time>
      </trkpt>
      <trkpt lat="41.614303" lon="2.381017">
        <ele>362.051</ele>
        <time>2024-12-13T10:42:25Z</time>
      </trkpt>
      <trkpt lat="41.614353" lon="2.381017">
        <ele>362.601</ele>
        <time>2024-12-13T10:42:29Z</time>
      </trkpt>
      <trkpt lat="41.614382" lon="2.381017">
        <ele>362.911</ele>
        <time>2024-12-13T10:42:31Z</time>
      </trkpt>
      <trkpt lat="41.614412" lon="2.381022">
        <ele>363.309</ele>
        <time>2024-12-13T10:42:33Z</time>
      </trkpt>
      <trkpt lat="41.614445" lon="2.381026">
        <ele>363.826</ele>
        <time>2024-12-13T10:42:35Z</time>
      </trkpt>
      <trkpt lat="41.614474" lon="2.381027">
        <ele>363.954</ele>
        <time>2024-12-13T10:42:37Z</time>
      </trkpt>
      <trkpt lat="41.614504" lon="2.381027">
        <ele>364.160</ele>
        <time>2024-12-13T10:42:39Z</time>
      </trkpt>
      <trkpt lat="41.614536" lon="2.381027">
        <ele>364.245</ele>
        <time>2024-12-13T10:42:41Z</time>
      </trkpt>
      <trkpt lat="41.614567" lon="2.381033">
        <ele>364.577</ele>
        <time>2024-12-13T10:42:43Z</time>
      </trkpt>
      <trkpt lat="41.614594" lon="2.381037">
        <ele>364.748</ele>
        <time>2024-12-13T10:42:45Z</time>
      </trkpt>
      <trkpt lat="41.614639" lon="2.381049">
        <ele>365.295</ele>
        <time>2024-12-13T10:42:48Z</time>
      </trkpt>
      <trkpt lat="41.614667" lon="2.381061">
        <ele>365.668</ele>
        <time>2024-12-13T10:42:50Z</time>
      </trkpt>
      <trkpt lat="41.614695" lon="2.381065">
        <ele>365.854</ele>
        <time>2024-12-13T10:42:52Z</time>
      </trkpt>
      <trkpt lat="41.614730" lon="2.381075">
        <ele>366.347</ele>
        <time>2024-12-13T10:42:54Z</time>
      </trkpt>
      <trkpt lat="41.614761" lon="2.381081">
        <ele>366.629</ele>
        <time>2024-12-13T10:42:56Z</time>
      </trkpt>
      <trkpt lat="41.614790" lon="2.381091">
        <ele>367.021</ele>
        <time>2024-12-13T10:42:58Z</time>
      </trkpt>
      <trkpt lat="41.614819" lon="2.381097">
        <ele>367.409</ele>
        <time>2024-12-13T10:43:00Z</time>
      </trkpt>
      <trkpt lat="41.614850" lon="2.381104">
        <ele>367.845</ele>
        <time>2024-12-13T10:43:02Z</time>
      </trkpt>
      <trkpt lat="41.614878" lon="2.381112">
        <ele>368.133</ele>
        <time>2024-12-13T10:43:04Z</time>
      </trkpt>
      <trkpt lat="41.614906" lon="2.381114">
        <ele>368.479</ele>
        <time>2024-12-13T10:43:06Z</time>
      </trkpt>
      <trkpt lat="41.614935" lon="2.381117">
        <ele>368.674</ele>
        <time>2024-12-13T10:43:08Z</time>
      </trkpt>
      <trkpt lat="41.614964" lon="2.381119">
        <ele>368.986</ele>
        <time>2024-12-13T10:43:10Z</time>
      </trkpt>
      <trkpt lat="41.614993" lon="2.381128">
        <ele>369.317</ele>
        <time>2024-12-13T10:43:12Z</time>
      </trkpt>
      <trkpt lat="41.615021" lon="2.381138">
        <ele>369.664</ele>
        <time>2024-12-13T10:43:14Z</time>
      </trkpt>
      <trkpt lat="41.615074" lon="2.381164">
        <ele>370.227</ele>
        <time>2024-12-13T10:43:18Z</time>
      </trkpt>
      <trkpt lat="41.615107" lon="2.381178">
        <ele>370.623</ele>
        <time>2024-12-13T10:43:20Z</time>
      </trkpt>
      <trkpt lat="41.615136" lon="2.381193">
        <ele>371.037</ele>
        <time>2024-12-13T10:43:22Z</time>
      </trkpt>
      <trkpt lat="41.615163" lon="2.381197">
        <ele>371.149</ele>
        <time>2024-12-13T10:43:24Z</time>
      </trkpt>
      <trkpt lat="41.615191" lon="2.381197">
        <ele>371.213</ele>
        <time>2024-12-13T10:43:26Z</time>
      </trkpt>
      <trkpt lat="41.615220" lon="2.381202">
        <ele>371.409</ele>
        <time>2024-12-13T10:43:28Z</time>
      </trkpt>
      <trkpt lat="41.615250" lon="2.381205">
        <ele>371.634</ele>
        <time>2024-12-13T10:43:30Z</time>
      </trkpt>
      <trkpt lat="41.615277" lon="2.381215">
        <ele>371.962</ele>
        <time>2024-12-13T10:43:32Z</time>
      </trkpt>
      <trkpt lat="41.615312" lon="2.381219">
        <ele>372.488</ele>
        <time>2024-12-13T10:43:34Z</time>
      </trkpt>
      <trkpt lat="41.615344" lon="2.381224">
        <ele>373.023</ele>
        <time>2024-12-13T10:43:36Z</time>
      </trkpt>
      <trkpt lat="41.615372" lon="2.381236">
        <ele>373.695</ele>
        <time>2024-12-13T10:43:38Z</time>
      </trkpt>
      <trkpt lat="41.615399" lon="2.381243">
        <ele>374.116</ele>
        <time>2024-12-13T10:43:40Z</time>
      </trkpt>
      <trkpt lat="41.615426" lon="2.381256">
        <ele>374.713</ele>
        <time>2024-12-13T10:43:42Z</time>
      </trkpt>
      <trkpt lat="41.615464" lon="2.381273">
        <ele>375.616</ele>
        <time>2024-12-13T10:43:44Z</time>
      </trkpt>
      <trkpt lat="41.615491" lon="2.381278">
        <ele>376.182</ele>
        <time>2024-12-13T10:43:46Z</time>
      </trkpt>
      <trkpt lat="41.615520" lon="2.381297">
        <ele>376.856</ele>
        <time>2024-12-13T10:43:48Z</time>
      </trkpt>
      <trkpt lat="41.615550" lon="2.381305">
        <ele>377.459</ele>
        <time>2024-12-13T10:43:50Z</time>
      </trkpt>
      <trkpt lat="41.615577" lon="2.381321">
        <ele>377.814</ele>
        <time>2024-12-13T10:43:52Z</time>
      </trkpt>
      <trkpt lat="41.615603" lon="2.381334">
        <ele>378.109</ele>
        <time>2024-12-13T10:43:54Z</time>
      </trkpt>
      <trkpt lat="41.615651" lon="2.381350">
        <ele>378.476</ele>
        <time>2024-12-13T10:43:58Z</time>
      </trkpt>
      <trkpt lat="41.615681" lon="2.381345">
        <ele>378.444</ele>
        <time>2024-12-13T10:44:00Z</time>
      </trkpt>
      <trkpt lat="41.615711" lon="2.381338">
        <ele>378.320</ele>
        <time>2024-12-13T10:44:02Z</time>
      </trkpt>
      <trkpt lat="41.615742" lon="2.381334">
        <ele>378.365</ele>
        <time>2024-12-13T10:44:04Z</time>
      </trkpt>
      <trkpt lat="41.615773" lon="2.381329">
        <ele>378.337</ele>
        <time>2024-12-13T10:44:06Z</time>
      </trkpt>
      <trkpt lat="41.615805" lon="2.381320">
        <ele>378.258</ele>
        <time>2024-12-13T10:44:08Z</time>
      </trkpt>
      <trkpt lat="41.615852" lon="2.381302">
        <ele>378.085</ele>
        <time>2024-12-13T10:44:11Z</time>
      </trkpt>
      <trkpt lat="41.615881" lon="2.381292">
        <ele>377.878</ele>
        <time>2024-12-13T10:44:13Z</time>
      </trkpt>
      <trkpt lat="41.615909" lon="2.381289">
        <ele>377.634</ele>
        <time>2024-12-13T10:44:15Z</time>
      </trkpt>
      <trkpt lat="41.615939" lon="2.381281">
        <ele>377.468</ele>
        <time>2024-12-13T10:44:17Z</time>
      </trkpt>
      <trkpt lat="41.615969" lon="2.381276">
        <ele>377.242</ele>
        <time>2024-12-13T10:44:19Z</time>
      </trkpt>
      <trkpt lat="41.616000" lon="2.381276">
        <ele>377.026</ele>
        <time>2024-12-13T10:44:21Z</time>
      </trkpt>
      <trkpt lat="41.616031" lon="2.381284">
        <ele>377.109</ele>
        <time>2024-12-13T10:44:23Z</time>
      </trkpt>
      <trkpt lat="41.616064" lon="2.381290">
        <ele>377.087</ele>
        <time>2024-12-13T10:44:25Z</time>
      </trkpt>
      <trkpt lat="41.616092" lon="2.381305">
        <ele>377.365</ele>
        <time>2024-12-13T10:44:27Z</time>
      </trkpt>
      <trkpt lat="41.616122" lon="2.381321">
        <ele>377.591</ele>
        <time>2024-12-13T10:44:29Z</time>
      </trkpt>
      <trkpt lat="41.616174" lon="2.381344">
        <ele>378.156</ele>
        <time>2024-12-13T10:44:33Z</time>
      </trkpt>
      <trkpt lat="41.616202" lon="2.381349">
        <ele>378.278</ele>
        <time>2024-12-13T10:44:35Z</time>
      </trkpt>
      <trkpt lat="41.616231" lon="2.381356">
        <ele>378.399</ele>
        <time>2024-12-13T10:44:37Z</time>
      </trkpt>
      <trkpt lat="41.616260" lon="2.381360">
        <ele>378.496</ele>
        <time>2024-12-13T10:44:39Z</time>
      </trkpt>
      <trkpt lat="41.616292" lon="2.381371">
        <ele>378.739</ele>
        <time>2024-12-13T10:44:41Z</time>
      </trkpt>
      <trkpt lat="41.616318" lon="2.381387">
        <ele>379.085</ele>
        <time>2024-12-13T10:44:43Z</time>
      </trkpt>
      <trkpt lat="41.616346" lon="2.381393">
        <ele>379.123</ele>
        <time>2024-12-13T10:44:45Z</time>
      </trkpt>
      <trkpt lat="41.616375" lon="2.381403">
        <ele>379.383</ele>
        <time>2024-12-13T10:44:47Z</time>
      </trkpt>
      <trkpt lat="41.616405" lon="2.381405">
        <ele>379.411</ele>
        <time>2024-12-13T10:44:49Z</time>
      </trkpt>
      <trkpt lat="41.616433" lon="2.381399">
        <ele>379.409</ele>
        <time>2024-12-13T10:44:51Z</time>
      </trkpt>
      <trkpt lat="41.616463" lon="2.381406">
        <ele>379.653</ele>
        <time>2024-12-13T10:44:53Z</time>
      </trkpt>
      <trkpt lat="41.616494" lon="2.381411">
        <ele>379.811</ele>
        <time>2024-12-13T10:44:55Z</time>
      </trkpt>
      <trkpt lat="41.616523" lon="2.381420">
        <ele>380.037</ele>
        <time>2024-12-13T10:44:57Z</time>
      </trkpt>
      <trkpt lat="41.616582" lon="2.381412">
        <ele>380.122</ele>
        <time>2024-12-13T10:45:01Z</time>
      </trkpt>
      <trkpt lat="41.616611" lon="2.381413">
        <ele>380.294</ele>
        <time>2024-12-13T10:45:03Z</time>
      </trkpt>
      <trkpt lat="41.616638" lon="2.381413">
        <ele>380.365</ele>
        <time>2024-12-13T10:45:05Z</time>
      </trkpt>
      <trkpt lat="41.616665" lon="2.381420">
        <ele>380.462</ele>
        <time>2024-12-13T10:45:07Z</time>
      </trkpt>
      <trkpt lat="41.616694" lon="2.381427">
        <ele>380.865</ele>
        <time>2024-12-13T10:45:09Z</time>
      </trkpt>
      <trkpt lat="41.616721" lon="2.381439">
        <ele>381.361</ele>
        <time>2024-12-13T10:45:11Z</time>
      </trkpt>
      <trkpt lat="41.616750" lon="2.381438">
        <ele>381.694</ele>
        <time>2024-12-13T10:45:13Z</time>
      </trkpt>
      <trkpt lat="41.616797" lon="2.381427">
        <ele>382.057</ele>
        <time>2024-12-13T10:45:17Z</time>
      </trkpt>
      <trkpt lat="41.616834" lon="2.381452">
        <ele>382.722</ele>
        <time>2024-12-13T10:45:21Z</time>
      </trkpt>
      <trkpt lat="41.616861" lon="2.381460">
        <ele>383.109</ele>
        <time>2024-12-13T10:45:23Z</time>
      </trkpt>
      <trkpt lat="41.616910" lon="2.381466">
        <ele>383.730</ele>
        <time>2024-12-13T10:45:27Z</time>
      </trkpt>
      <trkpt lat="41.616952" lon="2.381453">
        <ele>384.028</ele>
        <time>2024-12-13T10:45:31Z</time>
      </trkpt>
      <trkpt lat="41.617005" lon="2.381428">
        <ele>384.414</ele>
        <time>2024-12-13T10:45:35Z</time>
      </trkpt>
      <trkpt lat="41.617051" lon="2.381415">
        <ele>384.829</ele>
        <time>2024-12-13T10:45:39Z</time>
      </trkpt>
      <trkpt lat="41.617085" lon="2.381411">
        <ele>385.381</ele>
        <time>2024-12-13T10:45:41Z</time>
      </trkpt>
      <trkpt lat="41.617117" lon="2.381406">
        <ele>385.752</ele>
        <time>2024-12-13T10:45:43Z</time>
      </trkpt>
      <trkpt lat="41.617144" lon="2.381397">
        <ele>385.989</ele>
        <time>2024-12-13T10:45:45Z</time>
      </trkpt>
      <trkpt lat="41.617171" lon="2.381394">
        <ele>386.352</ele>
        <time>2024-12-13T10:45:47Z</time>
      </trkpt>
      <trkpt lat="41.617217" lon="2.381392">
        <ele>386.968</ele>
        <time>2024-12-13T10:45:51Z</time>
      </trkpt>
      <trkpt lat="41.617249" lon="2.381386">
        <ele>387.051</ele>
        <time>2024-12-13T10:45:53Z</time>
      </trkpt>
      <trkpt lat="41.617282" lon="2.381386">
        <ele>387.001</ele>
        <time>2024-12-13T10:45:55Z</time>
      </trkpt>
      <trkpt lat="41.617313" lon="2.381395">
        <ele>387.011</ele>
        <time>2024-12-13T10:45:57Z</time>
      </trkpt>
      <trkpt lat="41.617329" lon="2.381426">
        <ele>387.209</ele>
        <time>2024-12-13T10:45:59Z</time>
      </trkpt>
      <trkpt lat="41.617341" lon="2.381465">
        <ele>387.356</ele>
        <time>2024-12-13T10:46:01Z</time>
      </trkpt>
      <trkpt lat="41.617349" lon="2.381506">
        <ele>387.514</ele>
        <time>2024-12-13T10:46:03Z</time>
      </trkpt>
      <trkpt lat="41.617354" lon="2.381546">
        <ele>387.610</ele>
        <time>2024-12-13T10:46:05Z</time>
      </trkpt>
      <trkpt lat="41.617354" lon="2.381583">
        <ele>387.735</ele>
        <time>2024-12-13T10:46:07Z</time>
      </trkpt>
      <trkpt lat="41.617362" lon="2.381653">
        <ele>387.957</ele>
        <time>2024-12-13T10:46:11Z</time>
      </trkpt>
      <trkpt lat="41.617369" lon="2.381691">
        <ele>388.158</ele>
        <time>2024-12-13T10:46:14Z</time>
      </trkpt>
      <trkpt lat="41.617374" lon="2.381731">
        <ele>388.465</ele>
        <time>2024-12-13T10:46:17Z</time>
      </trkpt>
      <trkpt lat="41.617375" lon="2.381800">
        <ele>388.918</ele>
        <time>2024-12-13T10:46:21Z</time>
      </trkpt>
      <trkpt lat="41.617372" lon="2.381844">
        <ele>389.224</ele>
        <time>2024-12-13T10:46:23Z</time>
      </trkpt>
      <trkpt lat="41.617346" lon="2.381894">
        <ele>389.743</ele>
        <time>2024-12-13T10:46:27Z</time>
      </trkpt>
      <trkpt lat="41.617313" lon="2.381945">
        <ele>390.464</ele>
        <time>2024-12-13T10:46:31Z</time>
      </trkpt>
      <trkpt lat="41.617307" lon="2.382006">
        <ele>391.010</ele>
        <time>2024-12-13T10:46:35Z</time>
      </trkpt>
      <trkpt lat="41.617306" lon="2.382047">
        <ele>391.409</ele>
        <time>2024-12-13T10:46:37Z</time>
      </trkpt>
      <trkpt lat="41.617301" lon="2.382109">
        <ele>392.015</ele>
        <time>2024-12-13T10:46:41Z</time>
      </trkpt>
      <trkpt lat="41.617294" lon="2.382147">
        <ele>392.573</ele>
        <time>2024-12-13T10:46:43Z</time>
      </trkpt>
      <trkpt lat="41.617269" lon="2.382205">
        <ele>393.389</ele>
        <time>2024-12-13T10:46:47Z</time>
      </trkpt>
      <trkpt lat="41.617251" lon="2.382263">
        <ele>394.144</ele>
        <time>2024-12-13T10:46:51Z</time>
      </trkpt>
      <trkpt lat="41.617247" lon="2.382303">
        <ele>394.676</ele>
        <time>2024-12-13T10:46:53Z</time>
      </trkpt>
      <trkpt lat="41.617259" lon="2.382365">
        <ele>395.227</ele>
        <time>2024-12-13T10:46:57Z</time>
      </trkpt>
      <trkpt lat="41.617287" lon="2.382407">
        <ele>395.514</ele>
        <time>2024-12-13T10:47:01Z</time>
      </trkpt>
      <trkpt lat="41.617301" lon="2.382468">
        <ele>396.127</ele>
        <time>2024-12-13T10:47:05Z</time>
      </trkpt>
      <trkpt lat="41.617304" lon="2.382505">
        <ele>396.523</ele>
        <time>2024-12-13T10:47:07Z</time>
      </trkpt>
      <trkpt lat="41.617303" lon="2.382582">
        <ele>397.413</ele>
        <time>2024-12-13T10:47:12Z</time>
      </trkpt>
      <trkpt lat="41.617304" lon="2.382646">
        <ele>398.143</ele>
        <time>2024-12-13T10:47:16Z</time>
      </trkpt>
      <trkpt lat="41.617295" lon="2.382707">
        <ele>398.907</ele>
        <time>2024-12-13T10:47:20Z</time>
      </trkpt>
      <trkpt lat="41.617259" lon="2.382730">
        <ele>399.309</ele>
        <time>2024-12-13T10:47:24Z</time>
      </trkpt>
      <trkpt lat="41.617212" lon="2.382749">
        <ele>399.752</ele>
        <time>2024-12-13T10:47:28Z</time>
      </trkpt>
      <trkpt lat="41.617193" lon="2.382776">
        <ele>400.160</ele>
        <time>2024-12-13T10:47:30Z</time>
      </trkpt>
      <trkpt lat="41.617169" lon="2.382806">
        <ele>400.566</ele>
        <time>2024-12-13T10:47:32Z</time>
      </trkpt>
      <trkpt lat="41.617134" lon="2.382849">
        <ele>401.071</ele>
        <time>2024-12-13T10:47:36Z</time>
      </trkpt>
      <trkpt lat="41.617129" lon="2.382925">
        <ele>401.713</ele>
        <time>2024-12-13T10:47:40Z</time>
      </trkpt>
      <trkpt lat="41.617123" lon="2.382961">
        <ele>402.144</ele>
        <time>2024-12-13T10:47:42Z</time>
      </trkpt>
      <trkpt lat="41.617112" lon="2.383028">
        <ele>402.771</ele>
        <time>2024-12-13T10:47:46Z</time>
      </trkpt>
      <trkpt lat="41.617117" lon="2.383066">
        <ele>403.094</ele>
        <time>2024-12-13T10:47:48Z</time>
      </trkpt>
      <trkpt lat="41.617139" lon="2.383148">
        <ele>403.280</ele>
        <time>2024-12-13T10:47:53Z</time>
      </trkpt>
      <trkpt lat="41.617150" lon="2.383189">
        <ele>403.476</ele>
        <time>2024-12-13T10:47:55Z</time>
      </trkpt>
      <trkpt lat="41.617155" lon="2.383231">
        <ele>403.590</ele>
        <time>2024-12-13T10:47:57Z</time>
      </trkpt>
      <trkpt lat="41.617156" lon="2.383270">
        <ele>403.619</ele>
        <time>2024-12-13T10:47:59Z</time>
      </trkpt>
      <trkpt lat="41.617159" lon="2.383308">
        <ele>403.709</ele>
        <time>2024-12-13T10:48:01Z</time>
      </trkpt>
      <trkpt lat="41.617165" lon="2.383346">
        <ele>403.828</ele>
        <time>2024-12-13T10:48:03Z</time>
      </trkpt>
      <trkpt lat="41.617173" lon="2.383420">
        <ele>404.126</ele>
        <time>2024-12-13T10:48:07Z</time>
      </trkpt>
      <trkpt lat="41.617174" lon="2.383464">
        <ele>404.252</ele>
        <time>2024-12-13T10:48:09Z</time>
      </trkpt>
      <trkpt lat="41.617167" lon="2.383501">
        <ele>404.337</ele>
        <time>2024-12-13T10:48:11Z</time>
      </trkpt>
      <trkpt lat="41.617158" lon="2.383544">
        <ele>404.489</ele>
        <time>2024-12-13T10:48:13Z</time>
      </trkpt>
      <trkpt lat="41.617150" lon="2.383604">
        <ele>404.540</ele>
        <time>2024-12-13T10:48:17Z</time>
      </trkpt>
      <trkpt lat="41.617173" lon="2.383653">
        <ele>404.547</ele>
        <time>2024-12-13T10:48:21Z</time>
      </trkpt>
      <trkpt lat="41.617190" lon="2.383682">
        <ele>404.520</ele>
        <time>2024-12-13T10:48:23Z</time>
      </trkpt>
      <trkpt lat="41.617203" lon="2.383716">
        <ele>404.526</ele>
        <time>2024-12-13T10:48:25Z</time>
      </trkpt>
      <trkpt lat="41.617201" lon="2.383773">
        <ele>404.236</ele>
        <time>2024-12-13T10:48:28Z</time>
      </trkpt>
      <trkpt lat="41.617195" lon="2.383808">
        <ele>404.017</ele>
        <time>2024-12-13T10:48:30Z</time>
      </trkpt>
      <trkpt lat="41.617187" lon="2.383846">
        <ele>403.818</ele>
        <time>2024-12-13T10:48:32Z</time>
      </trkpt>
      <trkpt lat="41.617185" lon="2.383889">
        <ele>403.609</ele>
        <time>2024-12-13T10:48:34Z</time>
      </trkpt>
      <trkpt lat="41.617200" lon="2.383959">
        <ele>403.284</ele>
        <time>2024-12-13T10:48:38Z</time>
      </trkpt>
      <trkpt lat="41.617209" lon="2.383999">
        <ele>403.072</ele>
        <time>2024-12-13T10:48:40Z</time>
      </trkpt>
      <trkpt lat="41.617219" lon="2.384033">
        <ele>402.928</ele>
        <time>2024-12-13T10:48:42Z</time>
      </trkpt>
      <trkpt lat="41.617235" lon="2.384064">
        <ele>402.753</ele>
        <time>2024-12-13T10:48:44Z</time>
      </trkpt>
      <trkpt lat="41.617253" lon="2.384097">
        <ele>402.515</ele>
        <time>2024-12-13T10:48:46Z</time>
      </trkpt>
      <trkpt lat="41.617269" lon="2.384135">
        <ele>402.336</ele>
        <time>2024-12-13T10:48:48Z</time>
      </trkpt>
      <trkpt lat="41.617285" lon="2.384185">
        <ele>402.153</ele>
        <time>2024-12-13T10:48:50Z</time>
      </trkpt>
      <trkpt lat="41.617305" lon="2.384235">
        <ele>402.016</ele>
        <time>2024-12-13T10:48:53Z</time>
      </trkpt>
      <trkpt lat="41.617318" lon="2.384271">
        <ele>401.932</ele>
        <time>2024-12-13T10:48:55Z</time>
      </trkpt>
      <trkpt lat="41.617331" lon="2.384302">
        <ele>401.833</ele>
        <time>2024-12-13T10:48:57Z</time>
      </trkpt>
      <trkpt lat="41.617355" lon="2.384354">
        <ele>401.823</ele>
        <time>2024-12-13T10:49:01Z</time>
      </trkpt>
      <trkpt lat="41.617368" lon="2.384390">
        <ele>401.815</ele>
        <time>2024-12-13T10:49:03Z</time>
      </trkpt>
      <trkpt lat="41.617395" lon="2.384425">
        <ele>401.909</ele>
        <time>2024-12-13T10:49:05Z</time>
      </trkpt>
      <trkpt lat="41.617418" lon="2.384447">
        <ele>402.194</ele>
        <time>2024-12-13T10:49:07Z</time>
      </trkpt>
      <trkpt lat="41.617440" lon="2.384473">
        <ele>402.212</ele>
        <time>2024-12-13T10:49:09Z</time>
      </trkpt>
      <trkpt lat="41.617465" lon="2.384507">
        <ele>402.388</ele>
        <time>2024-12-13T10:49:11Z</time>
      </trkpt>
      <trkpt lat="41.617486" lon="2.384537">
        <ele>402.593</ele>
        <time>2024-12-13T10:49:13Z</time>
      </trkpt>
      <trkpt lat="41.617501" lon="2.384572">
        <ele>402.535</ele>
        <time>2024-12-13T10:49:15Z</time>
      </trkpt>
      <trkpt lat="41.617524" lon="2.384599">
        <ele>402.516</ele>
        <time>2024-12-13T10:49:17Z</time>
      </trkpt>
      <trkpt lat="41.617548" lon="2.384616">
        <ele>402.653</ele>
        <time>2024-12-13T10:49:19Z</time>
      </trkpt>
      <trkpt lat="41.617574" lon="2.384631">
        <ele>402.766</ele>
        <time>2024-12-13T10:49:21Z</time>
      </trkpt>
      <trkpt lat="41.617619" lon="2.384669">
        <ele>402.912</ele>
        <time>2024-12-13T10:49:25Z</time>
      </trkpt>
      <trkpt lat="41.617643" lon="2.384694">
        <ele>403.066</ele>
        <time>2024-12-13T10:49:27Z</time>
      </trkpt>
      <trkpt lat="41.617663" lon="2.384733">
        <ele>403.229</ele>
        <time>2024-12-13T10:49:29Z</time>
      </trkpt>
      <trkpt lat="41.617679" lon="2.384763">
        <ele>403.321</ele>
        <time>2024-12-13T10:49:31Z</time>
      </trkpt>
      <trkpt lat="41.617698" lon="2.384792">
        <ele>403.509</ele>
        <time>2024-12-13T10:49:33Z</time>
      </trkpt>
      <trkpt lat="41.617718" lon="2.384819">
        <ele>403.847</ele>
        <time>2024-12-13T10:49:35Z</time>
      </trkpt>
      <trkpt lat="41.617759" lon="2.384870">
        <ele>404.375</ele>
        <time>2024-12-13T10:49:39Z</time>
      </trkpt>
      <trkpt lat="41.617777" lon="2.384897">
        <ele>404.671</ele>
        <time>2024-12-13T10:49:41Z</time>
      </trkpt>
      <trkpt lat="41.617821" lon="2.384939">
        <ele>404.966</ele>
        <time>2024-12-13T10:49:45Z</time>
      </trkpt>
      <trkpt lat="41.617848" lon="2.384959">
        <ele>405.118</ele>
        <time>2024-12-13T10:49:47Z</time>
      </trkpt>
      <trkpt lat="41.617868" lon="2.384988">
        <ele>405.319</ele>
        <time>2024-12-13T10:49:49Z</time>
      </trkpt>
      <trkpt lat="41.617886" lon="2.385023">
        <ele>405.536</ele>
        <time>2024-12-13T10:49:51Z</time>
      </trkpt>
      <trkpt lat="41.617903" lon="2.385056">
        <ele>405.649</ele>
        <time>2024-12-13T10:49:53Z</time>
      </trkpt>
      <trkpt lat="41.617938" lon="2.385108">
        <ele>406.095</ele>
        <time>2024-12-13T10:49:56Z</time>
      </trkpt>
      <trkpt lat="41.617959" lon="2.385145">
        <ele>406.378</ele>
        <time>2024-12-13T10:49:58Z</time>
      </trkpt>
      <trkpt lat="41.617979" lon="2.385169">
        <ele>406.633</ele>
        <time>2024-12-13T10:50:00Z</time>
      </trkpt>
      <trkpt lat="41.618001" lon="2.385197">
        <ele>406.926</ele>
        <time>2024-12-13T10:50:02Z</time>
      </trkpt>
      <trkpt lat="41.618026" lon="2.385216">
        <ele>407.309</ele>
        <time>2024-12-13T10:50:04Z</time>
      </trkpt>
      <trkpt lat="41.618071" lon="2.385253">
        <ele>407.898</ele>
        <time>2024-12-13T10:50:08Z</time>
      </trkpt>
      <trkpt lat="41.618126" lon="2.385274">
        <ele>408.026</ele>
        <time>2024-12-13T10:50:12Z</time>
      </trkpt>
      <trkpt lat="41.618177" lon="2.385295">
        <ele>408.192</ele>
        <time>2024-12-13T10:50:16Z</time>
      </trkpt>
      <trkpt lat="41.618203" lon="2.385311">
        <ele>408.227</ele>
        <time>2024-12-13T10:50:18Z</time>
      </trkpt>
      <trkpt lat="41.618257" lon="2.385334">
        <ele>408.559</ele>
        <time>2024-12-13T10:50:22Z</time>
      </trkpt>
      <trkpt lat="41.618285" lon="2.385339">
        <ele>408.630</ele>
        <time>2024-12-13T10:50:24Z</time>
      </trkpt>
      <trkpt lat="41.618334" lon="2.385360">
        <ele>408.947</ele>
        <time>2024-12-13T10:50:28Z</time>
      </trkpt>
      <trkpt lat="41.618361" lon="2.385377">
        <ele>409.040</ele>
        <time>2024-12-13T10:50:30Z</time>
      </trkpt>
      <trkpt lat="41.618388" lon="2.385376">
        <ele>408.926</ele>
        <time>2024-12-13T10:50:32Z</time>
      </trkpt>
      <trkpt lat="41.618428" lon="2.385397">
        <ele>409.132</ele>
        <time>2024-12-13T10:50:35Z</time>
      </trkpt>
      <trkpt lat="41.618453" lon="2.385440">
        <ele>409.692</ele>
        <time>2024-12-13T10:50:38Z</time>
      </trkpt>
      <trkpt lat="41.618466" lon="2.385477">
        <ele>410.011</ele>
        <time>2024-12-13T10:50:40Z</time>
      </trkpt>
      <trkpt lat="41.618480" lon="2.385511">
        <ele>410.409</ele>
        <time>2024-12-13T10:50:42Z</time>
      </trkpt>
      <trkpt lat="41.618492" lon="2.385547">
        <ele>410.934</ele>
        <time>2024-12-13T10:50:44Z</time>
      </trkpt>
      <trkpt lat="41.618499" lon="2.385612">
        <ele>411.592</ele>
        <time>2024-12-13T10:50:48Z</time>
      </trkpt>
      <trkpt lat="41.618515" lon="2.385642">
        <ele>411.888</ele>
        <time>2024-12-13T10:50:50Z</time>
      </trkpt>
      <trkpt lat="41.618525" lon="2.385706">
        <ele>412.553</ele>
        <time>2024-12-13T10:50:54Z</time>
      </trkpt>
      <trkpt lat="41.618544" lon="2.385768">
        <ele>413.125</ele>
        <time>2024-12-13T10:50:58Z</time>
      </trkpt>
      <trkpt lat="41.618553" lon="2.385839">
        <ele>413.856</ele>
        <time>2024-12-13T10:51:02Z</time>
      </trkpt>
      <trkpt lat="41.618556" lon="2.385875">
        <ele>414.023</ele>
        <time>2024-12-13T10:51:05Z</time>
      </trkpt>
      <trkpt lat="41.618582" lon="2.385926">
        <ele>414.246</ele>
        <time>2024-12-13T10:51:25Z</time>
      </trkpt>
      <trkpt lat="41.618624" lon="2.385939">
        <ele>414.382</ele>
        <time>2024-12-13T10:51:33Z</time>
      </trkpt>
      <trkpt lat="41.618651" lon="2.385930">
        <ele>414.156</ele>
        <time>2024-12-13T10:51:35Z</time>
      </trkpt>
      <trkpt lat="41.618694" lon="2.385905">
        <ele>413.759</ele>
        <time>2024-12-13T10:51:39Z</time>
      </trkpt>
      <trkpt lat="41.618736" lon="2.385896">
        <ele>413.314</ele>
        <time>2024-12-13T10:51:43Z</time>
      </trkpt>
      <trkpt lat="41.618765" lon="2.385888">
        <ele>413.109</ele>
        <time>2024-12-13T10:51:54Z</time>
      </trkpt>
      <trkpt lat="41.618798" lon="2.385881">
        <ele>412.896</ele>
        <time>2024-12-13T10:51:56Z</time>
      </trkpt>
      <trkpt lat="41.618831" lon="2.385905">
        <ele>412.784</ele>
        <time>2024-12-13T10:51:58Z</time>
      </trkpt>
      <trkpt lat="41.618847" lon="2.385941">
        <ele>412.730</ele>
        <time>2024-12-13T10:52:00Z</time>
      </trkpt>
      <trkpt lat="41.618864" lon="2.385972">
        <ele>412.775</ele>
        <time>2024-12-13T10:52:02Z</time>
      </trkpt>
      <trkpt lat="41.618878" lon="2.386048">
        <ele>412.937</ele>
        <time>2024-12-13T10:52:07Z</time>
      </trkpt>
      <trkpt lat="41.618868" lon="2.386109">
        <ele>413.198</ele>
        <time>2024-12-13T10:52:11Z</time>
      </trkpt>
      <trkpt lat="41.618835" lon="2.386129">
        <ele>413.435</ele>
        <time>2024-12-13T10:52:47Z</time>
      </trkpt>
      <trkpt lat="41.618787" lon="2.386123">
        <ele>413.738</ele>
        <time>2024-12-13T10:52:51Z</time>
      </trkpt>
      <trkpt lat="41.618740" lon="2.386101">
        <ele>414.064</ele>
        <time>2024-12-13T10:52:55Z</time>
      </trkpt>
      <trkpt lat="41.618719" lon="2.386078">
        <ele>414.143</ele>
        <time>2024-12-13T10:52:57Z</time>
      </trkpt>
      <trkpt lat="41.618663" lon="2.386072">
        <ele>414.564</ele>
        <time>2024-12-13T10:53:01Z</time>
      </trkpt>
      <trkpt lat="41.618635" lon="2.386074">
        <ele>414.710</ele>
        <time>2024-12-13T10:53:03Z</time>
      </trkpt>
      <trkpt lat="41.618596" lon="2.386073">
        <ele>414.809</ele>
        <time>2024-12-13T10:53:08Z</time>
      </trkpt>
      <trkpt lat="41.618552" lon="2.386074">
        <ele>414.795</ele>
        <time>2024-12-13T10:53:17Z</time>
      </trkpt>
      <trkpt lat="41.618519" lon="2.386087">
        <ele>414.613</ele>
        <time>2024-12-13T10:53:29Z</time>
      </trkpt>
      <trkpt lat="41.618492" lon="2.386093">
        <ele>414.539</ele>
        <time>2024-12-13T10:53:31Z</time>
      </trkpt>
      <trkpt lat="41.618435" lon="2.386102">
        <ele>414.364</ele>
        <time>2024-12-13T10:53:35Z</time>
      </trkpt>
      <trkpt lat="41.618386" lon="2.386117">
        <ele>414.246</ele>
        <time>2024-12-13T10:53:39Z</time>
      </trkpt>
      <trkpt lat="41.618359" lon="2.386128">
        <ele>414.197</ele>
        <time>2024-12-13T10:53:41Z</time>
      </trkpt>
      <trkpt lat="41.618310" lon="2.386154">
        <ele>414.184</ele>
        <time>2024-12-13T10:53:45Z</time>
      </trkpt>
      <trkpt lat="41.618282" lon="2.386175">
        <ele>414.227</ele>
        <time>2024-12-13T10:53:47Z</time>
      </trkpt>
      <trkpt lat="41.618244" lon="2.386209">
        <ele>414.223</ele>
        <time>2024-12-13T10:53:50Z</time>
      </trkpt>
      <trkpt lat="41.618201" lon="2.386245">
        <ele>414.368</ele>
        <time>2024-12-13T10:53:53Z</time>
      </trkpt>
      <trkpt lat="41.618179" lon="2.386267">
        <ele>414.242</ele>
        <time>2024-12-13T10:53:55Z</time>
      </trkpt>
      <trkpt lat="41.618144" lon="2.386307">
        <ele>414.226</ele>
        <time>2024-12-13T10:55:43Z</time>
      </trkpt>
      <trkpt lat="41.618097" lon="2.386339">
        <ele>414.109</ele>
        <time>2024-12-13T10:55:47Z</time>
      </trkpt>
      <trkpt lat="41.618049" lon="2.386371">
        <ele>414.067</ele>
        <time>2024-12-13T10:55:51Z</time>
      </trkpt>
      <trkpt lat="41.618019" lon="2.386385">
        <ele>413.935</ele>
        <time>2024-12-13T10:55:53Z</time>
      </trkpt>
      <trkpt lat="41.617987" lon="2.386398">
        <ele>413.851</ele>
        <time>2024-12-13T10:55:55Z</time>
      </trkpt>
      <trkpt lat="41.617941" lon="2.386427">
        <ele>413.796</ele>
        <time>2024-12-13T10:55:59Z</time>
      </trkpt>
      <trkpt lat="41.617915" lon="2.386440">
        <ele>413.748</ele>
        <time>2024-12-13T10:56:01Z</time>
      </trkpt>
      <trkpt lat="41.617863" lon="2.386475">
        <ele>413.699</ele>
        <time>2024-12-13T10:56:05Z</time>
      </trkpt>
      <trkpt lat="41.617837" lon="2.386493">
        <ele>413.636</ele>
        <time>2024-12-13T10:56:07Z</time>
      </trkpt>
      <trkpt lat="41.617813" lon="2.386511">
        <ele>413.669</ele>
        <time>2024-12-13T10:56:09Z</time>
      </trkpt>
      <trkpt lat="41.617784" lon="2.386534">
        <ele>413.535</ele>
        <time>2024-12-13T10:56:11Z</time>
      </trkpt>
      <trkpt lat="41.617752" lon="2.386563">
        <ele>413.417</ele>
        <time>2024-12-13T10:56:13Z</time>
      </trkpt>
      <trkpt lat="41.617725" lon="2.386579">
        <ele>413.287</ele>
        <time>2024-12-13T10:56:15Z</time>
      </trkpt>
      <trkpt lat="41.617696" lon="2.386592">
        <ele>413.015</ele>
        <time>2024-12-13T10:56:17Z</time>
      </trkpt>
      <trkpt lat="41.617668" lon="2.386607">
        <ele>412.809</ele>
        <time>2024-12-13T10:56:19Z</time>
      </trkpt>
      <trkpt lat="41.617637" lon="2.386620">
        <ele>412.692</ele>
        <time>2024-12-13T10:56:21Z</time>
      </trkpt>
      <trkpt lat="41.617609" lon="2.386633">
        <ele>412.530</ele>
        <time>2024-12-13T10:56:23Z</time>
      </trkpt>
      <trkpt lat="41.617580" lon="2.386650">
        <ele>412.436</ele>
        <time>2024-12-13T10:56:25Z</time>
      </trkpt>
      <trkpt lat="41.617550" lon="2.386667">
        <ele>412.491</ele>
        <time>2024-12-13T10:56:27Z</time>
      </trkpt>
      <trkpt lat="41.617522" lon="2.386681">
        <ele>412.493</ele>
        <time>2024-12-13T10:56:29Z</time>
      </trkpt>
      <trkpt lat="41.617476" lon="2.386694">
        <ele>412.044</ele>
        <time>2024-12-13T10:56:33Z</time>
      </trkpt>
      <trkpt lat="41.617424" lon="2.386701">
        <ele>411.251</ele>
        <time>2024-12-13T10:56:36Z</time>
      </trkpt>
      <trkpt lat="41.617399" lon="2.386727">
        <ele>411.274</ele>
        <time>2024-12-13T10:56:38Z</time>
      </trkpt>
      <trkpt lat="41.617375" lon="2.386753">
        <ele>411.330</ele>
        <time>2024-12-13T10:56:40Z</time>
      </trkpt>
      <trkpt lat="41.617337" lon="2.386802">
        <ele>411.693</ele>
        <time>2024-12-13T10:56:44Z</time>
      </trkpt>
      <trkpt lat="41.617313" lon="2.386828">
        <ele>411.765</ele>
        <time>2024-12-13T10:56:46Z</time>
      </trkpt>
      <trkpt lat="41.617288" lon="2.386856">
        <ele>412.021</ele>
        <time>2024-12-13T10:56:48Z</time>
      </trkpt>
      <trkpt lat="41.617267" lon="2.386885">
        <ele>412.309</ele>
        <time>2024-12-13T10:56:50Z</time>
      </trkpt>
      <trkpt lat="41.617243" lon="2.386919">
        <ele>412.710</ele>
        <time>2024-12-13T10:56:52Z</time>
      </trkpt>
      <trkpt lat="41.617219" lon="2.386939">
        <ele>412.848</ele>
        <time>2024-12-13T10:56:54Z</time>
      </trkpt>
      <trkpt lat="41.617196" lon="2.386957">
        <ele>412.864</ele>
        <time>2024-12-13T10:56:56Z</time>
      </trkpt>
      <trkpt lat="41.617168" lon="2.386970">
        <ele>412.619</ele>
        <time>2024-12-13T10:56:58Z</time>
      </trkpt>
      <trkpt lat="41.617143" lon="2.386985">
        <ele>412.591</ele>
        <time>2024-12-13T10:57:00Z</time>
      </trkpt>
      <trkpt lat="41.617112" lon="2.387002">
        <ele>412.372</ele>
        <time>2024-12-13T10:57:02Z</time>
      </trkpt>
      <trkpt lat="41.617081" lon="2.387020">
        <ele>412.219</ele>
        <time>2024-12-13T10:57:04Z</time>
      </trkpt>
      <trkpt lat="41.617050" lon="2.387038">
        <ele>412.162</ele>
        <time>2024-12-13T10:57:06Z</time>
      </trkpt>
      <trkpt lat="41.617019" lon="2.387052">
        <ele>411.918</ele>
        <time>2024-12-13T10:57:08Z</time>
      </trkpt>
      <trkpt lat="41.616985" lon="2.387065">
        <ele>411.752</ele>
        <time>2024-12-13T10:57:10Z</time>
      </trkpt>
      <trkpt lat="41.616957" lon="2.387080">
        <ele>411.653</ele>
        <time>2024-12-13T10:57:12Z</time>
      </trkpt>
      <trkpt lat="41.616929" lon="2.387088">
        <ele>411.508</ele>
        <time>2024-12-13T10:57:14Z</time>
      </trkpt>
      <trkpt lat="41.616902" lon="2.387102">
        <ele>411.609</ele>
        <time>2024-12-13T10:57:16Z</time>
      </trkpt>
      <trkpt lat="41.616876" lon="2.387117">
        <ele>411.726</ele>
        <time>2024-12-13T10:57:18Z</time>
      </trkpt>
      <trkpt lat="41.616846" lon="2.387126">
        <ele>411.764</ele>
        <time>2024-12-13T10:57:20Z</time>
      </trkpt>
      <trkpt lat="41.616817" lon="2.387138">
        <ele>411.730</ele>
        <time>2024-12-13T10:57:22Z</time>
      </trkpt>
      <trkpt lat="41.616766" lon="2.387150">
        <ele>411.625</ele>
        <time>2024-12-13T10:57:26Z</time>
      </trkpt>
      <trkpt lat="41.616736" lon="2.387151">
        <ele>411.427</ele>
        <time>2024-12-13T10:57:28Z</time>
      </trkpt>
      <trkpt lat="41.616702" lon="2.387147">
        <ele>411.118</ele>
        <time>2024-12-13T10:57:30Z</time>
      </trkpt>
      <trkpt lat="41.616672" lon="2.387141">
        <ele>410.955</ele>
        <time>2024-12-13T10:57:32Z</time>
      </trkpt>
      <trkpt lat="41.616642" lon="2.387142">
        <ele>410.668</ele>
        <time>2024-12-13T10:57:34Z</time>
      </trkpt>
      <trkpt lat="41.616612" lon="2.387140">
        <ele>410.334</ele>
        <time>2024-12-13T10:57:36Z</time>
      </trkpt>
      <trkpt lat="41.616579" lon="2.387146">
        <ele>410.071</ele>
        <time>2024-12-13T10:57:38Z</time>
      </trkpt>
      <trkpt lat="41.616529" lon="2.387151">
        <ele>409.641</ele>
        <time>2024-12-13T10:57:42Z</time>
      </trkpt>
      <trkpt lat="41.616502" lon="2.387165">
        <ele>409.515</ele>
        <time>2024-12-13T10:57:44Z</time>
      </trkpt>
      <trkpt lat="41.616474" lon="2.387173">
        <ele>409.309</ele>
        <time>2024-12-13T10:57:46Z</time>
      </trkpt>
      <trkpt lat="41.616429" lon="2.387198">
        <ele>409.268</ele>
        <time>2024-12-13T10:57:50Z</time>
      </trkpt>
      <trkpt lat="41.616378" lon="2.387221">
        <ele>408.896</ele>
        <time>2024-12-13T10:57:54Z</time>
      </trkpt>
      <trkpt lat="41.616351" lon="2.387217">
        <ele>408.472</ele>
        <time>2024-12-13T10:57:56Z</time>
      </trkpt>
      <trkpt lat="41.616323" lon="2.387209">
        <ele>407.987</ele>
        <time>2024-12-13T10:57:58Z</time>
      </trkpt>
      <trkpt lat="41.616292" lon="2.387187">
        <ele>407.269</ele>
        <time>2024-12-13T10:58:00Z</time>
      </trkpt>
      <trkpt lat="41.616271" lon="2.387155">
        <ele>406.670</ele>
        <time>2024-12-13T10:58:03Z</time>
      </trkpt>
      <trkpt lat="41.616239" lon="2.387089">
        <ele>405.437</ele>
        <time>2024-12-13T10:58:07Z</time>
      </trkpt>
      <trkpt lat="41.616208" lon="2.387029">
        <ele>404.330</ele>
        <time>2024-12-13T10:58:10Z</time>
      </trkpt>
      <trkpt lat="41.616196" lon="2.386994">
        <ele>403.886</ele>
        <time>2024-12-13T10:58:12Z</time>
      </trkpt>
      <trkpt lat="41.616167" lon="2.386927">
        <ele>402.521</ele>
        <time>2024-12-13T10:58:16Z</time>
      </trkpt>
      <trkpt lat="41.616151" lon="2.386888">
        <ele>401.741</ele>
        <time>2024-12-13T10:58:18Z</time>
      </trkpt>
      <trkpt lat="41.616125" lon="2.386825">
        <ele>400.505</ele>
        <time>2024-12-13T10:58:22Z</time>
      </trkpt>
      <trkpt lat="41.616111" lon="2.386786">
        <ele>399.709</ele>
        <time>2024-12-13T10:58:24Z</time>
      </trkpt>
      <trkpt lat="41.616097" lon="2.386755">
        <ele>399.283</ele>
        <time>2024-12-13T10:58:26Z</time>
      </trkpt>
      <trkpt lat="41.616061" lon="2.386702">
        <ele>398.151</ele>
        <time>2024-12-13T10:58:30Z</time>
      </trkpt>
      <trkpt lat="41.616036" lon="2.386673">
        <ele>397.577</ele>
        <time>2024-12-13T10:58:32Z</time>
      </trkpt>
      <trkpt lat="41.616004" lon="2.386611">
        <ele>396.432</ele>
        <time>2024-12-13T10:58:36Z</time>
      </trkpt>
      <trkpt lat="41.615985" lon="2.386577">
        <ele>395.814</ele>
        <time>2024-12-13T10:58:38Z</time>
      </trkpt>
      <trkpt lat="41.615942" lon="2.386556">
        <ele>395.225</ele>
        <time>2024-12-13T10:58:42Z</time>
      </trkpt>
      <trkpt lat="41.615911" lon="2.386601">
        <ele>395.682</ele>
        <time>2024-12-13T10:58:45Z</time>
      </trkpt>
      <trkpt lat="41.615899" lon="2.386678">
        <ele>396.635</ele>
        <time>2024-12-13T10:58:49Z</time>
      </trkpt>
      <trkpt lat="41.615898" lon="2.386723">
        <ele>397.131</ele>
        <time>2024-12-13T10:58:51Z</time>
      </trkpt>
      <trkpt lat="41.615900" lon="2.386792">
        <ele>397.914</ele>
        <time>2024-12-13T10:58:55Z</time>
      </trkpt>
      <trkpt lat="41.615903" lon="2.386833">
        <ele>398.454</ele>
        <time>2024-12-13T10:58:57Z</time>
      </trkpt>
      <trkpt lat="41.615909" lon="2.386871">
        <ele>399.009</ele>
        <time>2024-12-13T10:59:00Z</time>
      </trkpt>
      <trkpt lat="41.615920" lon="2.386949">
        <ele>400.009</ele>
        <time>2024-12-13T10:59:04Z</time>
      </trkpt>
      <trkpt lat="41.615914" lon="2.386997">
        <ele>400.242</ele>
        <time>2024-12-13T10:59:06Z</time>
      </trkpt>
      <trkpt lat="41.615904" lon="2.387035">
        <ele>400.350</ele>
        <time>2024-12-13T10:59:08Z</time>
      </trkpt>
      <trkpt lat="41.615879" lon="2.387083">
        <ele>400.266</ele>
        <time>2024-12-13T10:59:12Z</time>
      </trkpt>
      <trkpt lat="41.615836" lon="2.387121">
        <ele>399.741</ele>
        <time>2024-12-13T10:59:16Z</time>
      </trkpt>
      <trkpt lat="41.615810" lon="2.387137">
        <ele>399.513</ele>
        <time>2024-12-13T10:59:18Z</time>
      </trkpt>
      <trkpt lat="41.615775" lon="2.387153">
        <ele>399.264</ele>
        <time>2024-12-13T10:59:20Z</time>
      </trkpt>
      <trkpt lat="41.615741" lon="2.387166">
        <ele>398.991</ele>
        <time>2024-12-13T10:59:22Z</time>
      </trkpt>
      <trkpt lat="41.615712" lon="2.387179">
        <ele>398.674</ele>
        <time>2024-12-13T10:59:24Z</time>
      </trkpt>
      <trkpt lat="41.615662" lon="2.387213">
        <ele>398.190</ele>
        <time>2024-12-13T10:59:28Z</time>
      </trkpt>
      <trkpt lat="41.615636" lon="2.387231">
        <ele>397.967</ele>
        <time>2024-12-13T10:59:30Z</time>
      </trkpt>
      <trkpt lat="41.615589" lon="2.387268">
        <ele>397.581</ele>
        <time>2024-12-13T10:59:34Z</time>
      </trkpt>
      <trkpt lat="41.615562" lon="2.387293">
        <ele>397.319</ele>
        <time>2024-12-13T10:59:36Z</time>
      </trkpt>
      <trkpt lat="41.615538" lon="2.387319">
        <ele>397.209</ele>
        <time>2024-12-13T10:59:38Z</time>
      </trkpt>
      <trkpt lat="41.615517" lon="2.387352">
        <ele>397.247</ele>
        <time>2024-12-13T10:59:40Z</time>
      </trkpt>
      <trkpt lat="41.615500" lon="2.387383">
        <ele>397.215</ele>
        <time>2024-12-13T10:59:42Z</time>
      </trkpt>
      <trkpt lat="41.615487" lon="2.387415">
        <ele>397.241</ele>
        <time>2024-12-13T10:59:44Z</time>
      </trkpt>
      <trkpt lat="41.615472" lon="2.387452">
        <ele>397.256</ele>
        <time>2024-12-13T10:59:46Z</time>
      </trkpt>
      <trkpt lat="41.615457" lon="2.387488">
        <ele>397.288</ele>
        <time>2024-12-13T10:59:48Z</time>
      </trkpt>
      <trkpt lat="41.615444" lon="2.387526">
        <ele>397.389</ele>
        <time>2024-12-13T10:59:50Z</time>
      </trkpt>
      <trkpt lat="41.615432" lon="2.387598">
        <ele>397.756</ele>
        <time>2024-12-13T10:59:54Z</time>
      </trkpt>
      <trkpt lat="41.615428" lon="2.387636">
        <ele>397.829</ele>
        <time>2024-12-13T10:59:56Z</time>
      </trkpt>
      <trkpt lat="41.615415" lon="2.387709">
        <ele>398.125</ele>
        <time>2024-12-13T11:00:00Z</time>
      </trkpt>
      <trkpt lat="41.615397" lon="2.387783">
        <ele>398.483</ele>
        <time>2024-12-13T11:00:04Z</time>
      </trkpt>
      <trkpt lat="41.615390" lon="2.387827">
        <ele>398.825</ele>
        <time>2024-12-13T11:00:06Z</time>
      </trkpt>
      <trkpt lat="41.615385" lon="2.387871">
        <ele>399.317</ele>
        <time>2024-12-13T11:00:08Z</time>
      </trkpt>
      <trkpt lat="41.615376" lon="2.387915">
        <ele>399.709</ele>
        <time>2024-12-13T11:00:10Z</time>
      </trkpt>
      <trkpt lat="41.615361" lon="2.387954">
        <ele>400.079</ele>
        <time>2024-12-13T11:00:12Z</time>
      </trkpt>
      <trkpt lat="41.615332" lon="2.388012">
        <ele>400.337</ele>
        <time>2024-12-13T11:00:16Z</time>
      </trkpt>
      <trkpt lat="41.615312" lon="2.388037">
        <ele>400.343</ele>
        <time>2024-12-13T11:00:18Z</time>
      </trkpt>
      <trkpt lat="41.615287" lon="2.388060">
        <ele>400.298</ele>
        <time>2024-12-13T11:00:20Z</time>
      </trkpt>
      <trkpt lat="41.615259" lon="2.388080">
        <ele>400.470</ele>
        <time>2024-12-13T11:00:22Z</time>
      </trkpt>
      <trkpt lat="41.615202" lon="2.388100">
        <ele>400.661</ele>
        <time>2024-12-13T11:00:26Z</time>
      </trkpt>
      <trkpt lat="41.615170" lon="2.388100">
        <ele>400.688</ele>
        <time>2024-12-13T11:00:28Z</time>
      </trkpt>
      <trkpt lat="41.615139" lon="2.388098">
        <ele>400.651</ele>
        <time>2024-12-13T11:00:30Z</time>
      </trkpt>
      <trkpt lat="41.615085" lon="2.388083">
        <ele>400.477</ele>
        <time>2024-12-13T11:00:34Z</time>
      </trkpt>
      <trkpt lat="41.615036" lon="2.388063">
        <ele>400.192</ele>
        <time>2024-12-13T11:00:38Z</time>
      </trkpt>
      <trkpt lat="41.615008" lon="2.388051">
        <ele>399.973</ele>
        <time>2024-12-13T11:00:40Z</time>
      </trkpt>
      <trkpt lat="41.614964" lon="2.388023">
        <ele>399.820</ele>
        <time>2024-12-13T11:00:44Z</time>
      </trkpt>
      <trkpt lat="41.614922" lon="2.387993">
        <ele>399.509</ele>
        <time>2024-12-13T11:00:48Z</time>
      </trkpt>
      <trkpt lat="41.614877" lon="2.387956">
        <ele>399.190</ele>
        <time>2024-12-13T11:00:52Z</time>
      </trkpt>
      <trkpt lat="41.614833" lon="2.387911">
        <ele>398.538</ele>
        <time>2024-12-13T11:00:56Z</time>
      </trkpt>
      <trkpt lat="41.614798" lon="2.387859">
        <ele>397.634</ele>
        <time>2024-12-13T11:01:00Z</time>
      </trkpt>
      <trkpt lat="41.614778" lon="2.387833">
        <ele>397.129</ele>
        <time>2024-12-13T11:01:02Z</time>
      </trkpt>
      <trkpt lat="41.614758" lon="2.387806">
        <ele>396.651</ele>
        <time>2024-12-13T11:01:04Z</time>
      </trkpt>
      <trkpt lat="41.614718" lon="2.387755">
        <ele>395.762</ele>
        <time>2024-12-13T11:01:08Z</time>
      </trkpt>
      <trkpt lat="41.614693" lon="2.387736">
        <ele>395.799</ele>
        <time>2024-12-13T11:01:10Z</time>
      </trkpt>
      <trkpt lat="41.614665" lon="2.387718">
        <ele>395.732</ele>
        <time>2024-12-13T11:01:12Z</time>
      </trkpt>
      <trkpt lat="41.614637" lon="2.387703">
        <ele>395.818</ele>
        <time>2024-12-13T11:01:14Z</time>
      </trkpt>
      <trkpt lat="41.614607" lon="2.387688">
        <ele>395.957</ele>
        <time>2024-12-13T11:01:16Z</time>
      </trkpt>
      <trkpt lat="41.614574" lon="2.387672">
        <ele>396.000</ele>
        <time>2024-12-13T11:01:18Z</time>
      </trkpt>
      <trkpt lat="41.614541" lon="2.387663">
        <ele>396.320</ele>
        <time>2024-12-13T11:01:20Z</time>
      </trkpt>
      <trkpt lat="41.614508" lon="2.387656">
        <ele>396.609</ele>
        <time>2024-12-13T11:01:22Z</time>
      </trkpt>
      <trkpt lat="41.614481" lon="2.387642">
        <ele>396.666</ele>
        <time>2024-12-13T11:01:24Z</time>
      </trkpt>
      <trkpt lat="41.614453" lon="2.387621">
        <ele>396.564</ele>
        <time>2024-12-13T11:01:26Z</time>
      </trkpt>
      <trkpt lat="41.614418" lon="2.387573">
        <ele>395.820</ele>
        <time>2024-12-13T11:01:30Z</time>
      </trkpt>
      <trkpt lat="41.614399" lon="2.387546">
        <ele>395.445</ele>
        <time>2024-12-13T11:01:32Z</time>
      </trkpt>
      <trkpt lat="41.614359" lon="2.387494">
        <ele>394.837</ele>
        <time>2024-12-13T11:01:36Z</time>
      </trkpt>
      <trkpt lat="41.614333" lon="2.387467">
        <ele>394.538</ele>
        <time>2024-12-13T11:01:38Z</time>
      </trkpt>
      <trkpt lat="41.614308" lon="2.387442">
        <ele>394.315</ele>
        <time>2024-12-13T11:01:40Z</time>
      </trkpt>
      <trkpt lat="41.614279" lon="2.387423">
        <ele>394.368</ele>
        <time>2024-12-13T11:01:42Z</time>
      </trkpt>
      <trkpt lat="41.614250" lon="2.387407">
        <ele>394.384</ele>
        <time>2024-12-13T11:01:44Z</time>
      </trkpt>
      <trkpt lat="41.614219" lon="2.387396">
        <ele>394.527</ele>
        <time>2024-12-13T11:01:46Z</time>
      </trkpt>
      <trkpt lat="41.614183" lon="2.387378">
        <ele>394.668</ele>
        <time>2024-12-13T11:01:48Z</time>
      </trkpt>
      <trkpt lat="41.614156" lon="2.387368">
        <ele>394.814</ele>
        <time>2024-12-13T11:01:50Z</time>
      </trkpt>
      <trkpt lat="41.614125" lon="2.387365">
        <ele>395.209</ele>
        <time>2024-12-13T11:01:52Z</time>
      </trkpt>
      <trkpt lat="41.614097" lon="2.387367">
        <ele>395.663</ele>
        <time>2024-12-13T11:01:54Z</time>
      </trkpt>
      <trkpt lat="41.614067" lon="2.387361">
        <ele>395.981</ele>
        <time>2024-12-13T11:01:56Z</time>
      </trkpt>
      <trkpt lat="41.614040" lon="2.387354">
        <ele>396.277</ele>
        <time>2024-12-13T11:01:58Z</time>
      </trkpt>
      <trkpt lat="41.614007" lon="2.387340">
        <ele>396.542</ele>
        <time>2024-12-13T11:02:00Z</time>
      </trkpt>
      <trkpt lat="41.613977" lon="2.387329">
        <ele>396.894</ele>
        <time>2024-12-13T11:02:02Z</time>
      </trkpt>
      <trkpt lat="41.613948" lon="2.387312">
        <ele>397.035</ele>
        <time>2024-12-13T11:02:04Z</time>
      </trkpt>
      <trkpt lat="41.613920" lon="2.387299">
        <ele>397.382</ele>
        <time>2024-12-13T11:02:06Z</time>
      </trkpt>
      <trkpt lat="41.613881" lon="2.387257">
        <ele>397.515</ele>
        <time>2024-12-13T11:02:10Z</time>
      </trkpt>
      <trkpt lat="41.613838" lon="2.387201">
        <ele>397.251</ele>
        <time>2024-12-13T11:02:14Z</time>
      </trkpt>
      <trkpt lat="41.613817" lon="2.387167">
        <ele>396.852</ele>
        <time>2024-12-13T11:02:16Z</time>
      </trkpt>
      <trkpt lat="41.613804" lon="2.387135">
        <ele>396.353</ele>
        <time>2024-12-13T11:02:18Z</time>
      </trkpt>
      <trkpt lat="41.613776" lon="2.387079">
        <ele>395.608</ele>
        <time>2024-12-13T11:02:21Z</time>
      </trkpt>
      <trkpt lat="41.613755" lon="2.387048">
        <ele>395.409</ele>
        <time>2024-12-13T11:02:23Z</time>
      </trkpt>
      <trkpt lat="41.613736" lon="2.387018">
        <ele>395.386</ele>
        <time>2024-12-13T11:02:25Z</time>
      </trkpt>
      <trkpt lat="41.613720" lon="2.386984">
        <ele>395.024</ele>
        <time>2024-12-13T11:02:27Z</time>
      </trkpt>
      <trkpt lat="41.613693" lon="2.386949">
        <ele>395.010</ele>
        <time>2024-12-13T11:02:29Z</time>
      </trkpt>
      <trkpt lat="41.613651" lon="2.386905">
        <ele>395.145</ele>
        <time>2024-12-13T11:02:33Z</time>
      </trkpt>
      <trkpt lat="41.613629" lon="2.386880">
        <ele>395.177</ele>
        <time>2024-12-13T11:02:35Z</time>
      </trkpt>
      <trkpt lat="41.613608" lon="2.386855">
        <ele>395.188</ele>
        <time>2024-12-13T11:02:37Z</time>
      </trkpt>
      <trkpt lat="41.613584" lon="2.386832">
        <ele>394.755</ele>
        <time>2024-12-13T11:02:39Z</time>
      </trkpt>
      <trkpt lat="41.613562" lon="2.386805">
        <ele>394.228</ele>
        <time>2024-12-13T11:02:41Z</time>
      </trkpt>
      <trkpt lat="41.613536" lon="2.386778">
        <ele>393.714</ele>
        <time>2024-12-13T11:02:43Z</time>
      </trkpt>
      <trkpt lat="41.613513" lon="2.386752">
        <ele>393.229</ele>
        <time>2024-12-13T11:02:45Z</time>
      </trkpt>
      <trkpt lat="41.613491" lon="2.386727">
        <ele>392.700</ele>
        <time>2024-12-13T11:02:47Z</time>
      </trkpt>
      <trkpt lat="41.613467" lon="2.386707">
        <ele>392.420</ele>
        <time>2024-12-13T11:02:49Z</time>
      </trkpt>
      <trkpt lat="41.613423" lon="2.386664">
        <ele>391.609</ele>
        <time>2024-12-13T11:02:53Z</time>
      </trkpt>
      <trkpt lat="41.613396" lon="2.386648">
        <ele>391.253</ele>
        <time>2024-12-13T11:02:55Z</time>
      </trkpt>
      <trkpt lat="41.613351" lon="2.386643">
        <ele>391.241</ele>
        <time>2024-12-13T11:03:02Z</time>
      </trkpt>
      <trkpt lat="41.613310" lon="2.386651">
        <ele>391.377</ele>
        <time>2024-12-13T11:04:31Z</time>
      </trkpt>
      <trkpt lat="41.613283" lon="2.386636">
        <ele>390.662</ele>
        <time>2024-12-13T11:04:33Z</time>
      </trkpt>
      <trkpt lat="41.613226" lon="2.386627">
        <ele>389.794</ele>
        <time>2024-12-13T11:04:37Z</time>
      </trkpt>
      <trkpt lat="41.613199" lon="2.386628">
        <ele>389.425</ele>
        <time>2024-12-13T11:04:39Z</time>
      </trkpt>
      <trkpt lat="41.613142" lon="2.386632">
        <ele>388.952</ele>
        <time>2024-12-13T11:04:43Z</time>
      </trkpt>
      <trkpt lat="41.613111" lon="2.386645">
        <ele>389.095</ele>
        <time>2024-12-13T11:04:45Z</time>
      </trkpt>
      <trkpt lat="41.613086" lon="2.386667">
        <ele>389.381</ele>
        <time>2024-12-13T11:04:47Z</time>
      </trkpt>
      <trkpt lat="41.613071" lon="2.386698">
        <ele>389.639</ele>
        <time>2024-12-13T11:04:49Z</time>
      </trkpt>
      <trkpt lat="41.613063" lon="2.386733">
        <ele>390.001</ele>
        <time>2024-12-13T11:04:51Z</time>
      </trkpt>
      <trkpt lat="41.613056" lon="2.386769">
        <ele>390.521</ele>
        <time>2024-12-13T11:04:53Z</time>
      </trkpt>
      <trkpt lat="41.613060" lon="2.386808">
        <ele>391.109</ele>
        <time>2024-12-13T11:04:55Z</time>
      </trkpt>
      <trkpt lat="41.613061" lon="2.386846">
        <ele>391.764</ele>
        <time>2024-12-13T11:04:57Z</time>
      </trkpt>
      <trkpt lat="41.613060" lon="2.386888">
        <ele>392.352</ele>
        <time>2024-12-13T11:04:59Z</time>
      </trkpt>
      <trkpt lat="41.613058" lon="2.386930">
        <ele>392.848</ele>
        <time>2024-12-13T11:05:01Z</time>
      </trkpt>
      <trkpt lat="41.613085" lon="2.386992">
        <ele>393.783</ele>
        <time>2024-12-13T11:05:05Z</time>
      </trkpt>
      <trkpt lat="41.613098" lon="2.387027">
        <ele>394.135</ele>
        <time>2024-12-13T11:05:07Z</time>
      </trkpt>
      <trkpt lat="41.613108" lon="2.387061">
        <ele>394.436</ele>
        <time>2024-12-13T11:05:09Z</time>
      </trkpt>
      <trkpt lat="41.613122" lon="2.387093">
        <ele>394.913</ele>
        <time>2024-12-13T11:05:11Z</time>
      </trkpt>
      <trkpt lat="41.613146" lon="2.387155">
        <ele>395.676</ele>
        <time>2024-12-13T11:05:15Z</time>
      </trkpt>
      <trkpt lat="41.613167" lon="2.387213">
        <ele>396.432</ele>
        <time>2024-12-13T11:05:19Z</time>
      </trkpt>
      <trkpt lat="41.613191" lon="2.387275">
        <ele>396.879</ele>
        <time>2024-12-13T11:05:23Z</time>
      </trkpt>
      <trkpt lat="41.613208" lon="2.387306">
        <ele>397.205</ele>
        <time>2024-12-13T11:05:25Z</time>
      </trkpt>
      <trkpt lat="41.613223" lon="2.387338">
        <ele>397.525</ele>
        <time>2024-12-13T11:05:27Z</time>
      </trkpt>
      <trkpt lat="41.613240" lon="2.387368">
        <ele>397.809</ele>
        <time>2024-12-13T11:05:29Z</time>
      </trkpt>
      <trkpt lat="41.613271" lon="2.387418">
        <ele>398.578</ele>
        <time>2024-12-13T11:05:33Z</time>
      </trkpt>
      <trkpt lat="41.613285" lon="2.387450">
        <ele>398.866</ele>
        <time>2024-12-13T11:05:35Z</time>
      </trkpt>
      <trkpt lat="41.613306" lon="2.387510">
        <ele>399.322</ele>
        <time>2024-12-13T11:05:39Z</time>
      </trkpt>
      <trkpt lat="41.613320" lon="2.387545">
        <ele>399.577</ele>
        <time>2024-12-13T11:05:41Z</time>
      </trkpt>
      <trkpt lat="41.613335" lon="2.387580">
        <ele>399.749</ele>
        <time>2024-12-13T11:05:43Z</time>
      </trkpt>
      <trkpt lat="41.613350" lon="2.387613">
        <ele>399.830</ele>
        <time>2024-12-13T11:05:45Z</time>
      </trkpt>
      <trkpt lat="41.613364" lon="2.387646">
        <ele>399.847</ele>
        <time>2024-12-13T11:05:47Z</time>
      </trkpt>
      <trkpt lat="41.613377" lon="2.387686">
        <ele>399.930</ele>
        <time>2024-12-13T11:05:49Z</time>
      </trkpt>
      <trkpt lat="41.613391" lon="2.387724">
        <ele>399.926</ele>
        <time>2024-12-13T11:05:51Z</time>
      </trkpt>
      <trkpt lat="41.613416" lon="2.387778">
        <ele>400.276</ele>
        <time>2024-12-13T11:05:55Z</time>
      </trkpt>
      <trkpt lat="41.613458" lon="2.387813">
        <ele>400.690</ele>
        <time>2024-12-13T11:05:58Z</time>
      </trkpt>
      <trkpt lat="41.613477" lon="2.387842">
        <ele>400.719</ele>
        <time>2024-12-13T11:06:00Z</time>
      </trkpt>
      <trkpt lat="41.613500" lon="2.387864">
        <ele>400.909</ele>
        <time>2024-12-13T11:06:02Z</time>
      </trkpt>
      <trkpt lat="41.613515" lon="2.387897">
        <ele>400.958</ele>
        <time>2024-12-13T11:06:04Z</time>
      </trkpt>
      <trkpt lat="41.613547" lon="2.387949">
        <ele>401.016</ele>
        <time>2024-12-13T11:06:08Z</time>
      </trkpt>
      <trkpt lat="41.613596" lon="2.387967">
        <ele>401.592</ele>
        <time>2024-12-13T11:06:12Z</time>
      </trkpt>
      <trkpt lat="41.613623" lon="2.387914">
        <ele>402.097</ele>
        <time>2024-12-13T11:06:16Z</time>
      </trkpt>
      <trkpt lat="41.613607" lon="2.387848">
        <ele>402.479</ele>
        <time>2024-12-13T11:06:20Z</time>
      </trkpt>
      <trkpt lat="41.613603" lon="2.387809">
        <ele>402.770</ele>
        <time>2024-12-13T11:06:22Z</time>
      </trkpt>
      <trkpt lat="41.613604" lon="2.387773">
        <ele>402.917</ele>
        <time>2024-12-13T11:06:24Z</time>
      </trkpt>
      <trkpt lat="41.613599" lon="2.387735">
        <ele>402.720</ele>
        <time>2024-12-13T11:06:26Z</time>
      </trkpt>
      <trkpt lat="41.613580" lon="2.387670">
        <ele>402.376</ele>
        <time>2024-12-13T11:06:30Z</time>
      </trkpt>
      <trkpt lat="41.613567" lon="2.387637">
        <ele>402.072</ele>
        <time>2024-12-13T11:06:32Z</time>
      </trkpt>
      <trkpt lat="41.613546" lon="2.387586">
        <ele>401.713</ele>
        <time>2024-12-13T11:06:35Z</time>
      </trkpt>
      <trkpt lat="41.613532" lon="2.387545">
        <ele>401.514</ele>
        <time>2024-12-13T11:06:37Z</time>
      </trkpt>
      <trkpt lat="41.613516" lon="2.387516">
        <ele>401.309</ele>
        <time>2024-12-13T11:06:39Z</time>
      </trkpt>
      <trkpt lat="41.613502" lon="2.387484">
        <ele>401.218</ele>
        <time>2024-12-13T11:06:41Z</time>
      </trkpt>
      <trkpt lat="41.613487" lon="2.387446">
        <ele>401.056</ele>
        <time>2024-12-13T11:06:43Z</time>
      </trkpt>
      <trkpt lat="41.613468" lon="2.387384">
        <ele>400.842</ele>
        <time>2024-12-13T11:06:47Z</time>
      </trkpt>
      <trkpt lat="41.613457" lon="2.387347">
        <ele>400.647</ele>
        <time>2024-12-13T11:06:49Z</time>
      </trkpt>
      <trkpt lat="41.613447" lon="2.387313">
        <ele>400.599</ele>
        <time>2024-12-13T11:06:51Z</time>
      </trkpt>
      <trkpt lat="41.613426" lon="2.387251">
        <ele>400.440</ele>
        <time>2024-12-13T11:06:55Z</time>
      </trkpt>
      <trkpt lat="41.613414" lon="2.387219">
        <ele>400.327</ele>
        <time>2024-12-13T11:06:57Z</time>
      </trkpt>
      <trkpt lat="41.613409" lon="2.387177">
        <ele>399.970</ele>
        <time>2024-12-13T11:06:59Z</time>
      </trkpt>
      <trkpt lat="41.613405" lon="2.387135">
        <ele>399.516</ele>
        <time>2024-12-13T11:07:01Z</time>
      </trkpt>
      <trkpt lat="41.613410" lon="2.387082">
        <ele>399.046</ele>
        <time>2024-12-13T11:07:05Z</time>
      </trkpt>
      <trkpt lat="41.613408" lon="2.387025">
        <ele>398.588</ele>
        <time>2024-12-13T11:07:09Z</time>
      </trkpt>
      <trkpt lat="41.613395" lon="2.386969">
        <ele>398.016</ele>
        <time>2024-12-13T11:07:13Z</time>
      </trkpt>
      <trkpt lat="41.613360" lon="2.386940">
        <ele>397.809</ele>
        <time>2024-12-13T11:07:17Z</time>
      </trkpt>
      <trkpt lat="41.613316" lon="2.386921">
        <ele>397.295</ele>
        <time>2024-12-13T11:07:21Z</time>
      </trkpt>
      <trkpt lat="41.613293" lon="2.386894">
        <ele>396.283</ele>
        <time>2024-12-13T11:07:29Z</time>
      </trkpt>
      <trkpt lat="41.613333" lon="2.386905">
        <ele>397.129</ele>
        <time>2024-12-13T11:19:28Z</time>
      </trkpt>
      <trkpt lat="41.613375" lon="2.386925">
        <ele>397.484</ele>
        <time>2024-12-13T11:19:32Z</time>
      </trkpt>
      <trkpt lat="41.613401" lon="2.386958">
        <ele>397.986</ele>
        <time>2024-12-13T11:19:45Z</time>
      </trkpt>
      <trkpt lat="41.613403" lon="2.387024">
        <ele>398.587</ele>
        <time>2024-12-13T11:19:49Z</time>
      </trkpt>
      <trkpt lat="41.613401" lon="2.387089">
        <ele>399.154</ele>
        <time>2024-12-13T11:19:53Z</time>
      </trkpt>
      <trkpt lat="41.613416" lon="2.387149">
        <ele>399.697</ele>
        <time>2024-12-13T11:19:57Z</time>
      </trkpt>
      <trkpt lat="41.613415" lon="2.387187">
        <ele>400.053</ele>
        <time>2024-12-13T11:19:59Z</time>
      </trkpt>
      <trkpt lat="41.613432" lon="2.387248">
        <ele>400.483</ele>
        <time>2024-12-13T11:20:03Z</time>
      </trkpt>
      <trkpt lat="41.613437" lon="2.387311">
        <ele>400.525</ele>
        <time>2024-12-13T11:20:07Z</time>
      </trkpt>
      <trkpt lat="41.613469" lon="2.387364">
        <ele>400.717</ele>
        <time>2024-12-13T11:20:11Z</time>
      </trkpt>
      <trkpt lat="41.613484" lon="2.387428">
        <ele>400.909</ele>
        <time>2024-12-13T11:20:15Z</time>
      </trkpt>
      <trkpt lat="41.613510" lon="2.387490">
        <ele>401.219</ele>
        <time>2024-12-13T11:20:19Z</time>
      </trkpt>
      <trkpt lat="41.613526" lon="2.387520">
        <ele>401.467</ele>
        <time>2024-12-13T11:20:21Z</time>
      </trkpt>
      <trkpt lat="41.613558" lon="2.387557">
        <ele>401.723</ele>
        <time>2024-12-13T11:20:25Z</time>
      </trkpt>
      <trkpt lat="41.613578" lon="2.387607">
        <ele>402.118</ele>
        <time>2024-12-13T11:20:29Z</time>
      </trkpt>
      <trkpt lat="41.613594" lon="2.387673">
        <ele>402.420</ele>
        <time>2024-12-13T11:20:33Z</time>
      </trkpt>
      <trkpt lat="41.613607" lon="2.387713">
        <ele>402.711</ele>
        <time>2024-12-13T11:20:35Z</time>
      </trkpt>
      <trkpt lat="41.613620" lon="2.387778">
        <ele>403.058</ele>
        <time>2024-12-13T11:20:39Z</time>
      </trkpt>
      <trkpt lat="41.613622" lon="2.387829">
        <ele>402.661</ele>
        <time>2024-12-13T11:20:42Z</time>
      </trkpt>
      <trkpt lat="41.613633" lon="2.387891">
        <ele>402.257</ele>
        <time>2024-12-13T11:22:13Z</time>
      </trkpt>
      <trkpt lat="41.613636" lon="2.387962">
        <ele>401.866</ele>
        <time>2024-12-13T11:22:18Z</time>
      </trkpt>
      <trkpt lat="41.613633" lon="2.387999">
        <ele>401.529</ele>
        <time>2024-12-13T11:22:21Z</time>
      </trkpt>
      <trkpt lat="41.613659" lon="2.388054">
        <ele>401.421</ele>
        <time>2024-12-13T11:22:25Z</time>
      </trkpt>
      <trkpt lat="41.613678" lon="2.388081">
        <ele>401.409</ele>
        <time>2024-12-13T11:22:27Z</time>
      </trkpt>
      <trkpt lat="41.613718" lon="2.388125">
        <ele>401.787</ele>
        <time>2024-12-13T11:22:31Z</time>
      </trkpt>
      <trkpt lat="41.613745" lon="2.388138">
        <ele>402.085</ele>
        <time>2024-12-13T11:22:33Z</time>
      </trkpt>
      <trkpt lat="41.613787" lon="2.388150">
        <ele>402.421</ele>
        <time>2024-12-13T11:22:36Z</time>
      </trkpt>
      <trkpt lat="41.613833" lon="2.388172">
        <ele>402.886</ele>
        <time>2024-12-13T11:22:40Z</time>
      </trkpt>
      <trkpt lat="41.613860" lon="2.388183">
        <ele>403.218</ele>
        <time>2024-12-13T11:22:42Z</time>
      </trkpt>
      <trkpt lat="41.613909" lon="2.388211">
        <ele>403.769</ele>
        <time>2024-12-13T11:22:46Z</time>
      </trkpt>
      <trkpt lat="41.613933" lon="2.388231">
        <ele>404.056</ele>
        <time>2024-12-13T11:22:48Z</time>
      </trkpt>
      <trkpt lat="41.613961" lon="2.388248">
        <ele>404.399</ele>
        <time>2024-12-13T11:22:50Z</time>
      </trkpt>
      <trkpt lat="41.613987" lon="2.388265">
        <ele>404.615</ele>
        <time>2024-12-13T11:22:52Z</time>
      </trkpt>
      <trkpt lat="41.614032" lon="2.388307">
        <ele>405.414</ele>
        <time>2024-12-13T11:22:56Z</time>
      </trkpt>
      <trkpt lat="41.614059" lon="2.388328">
        <ele>405.854</ele>
        <time>2024-12-13T11:22:58Z</time>
      </trkpt>
      <trkpt lat="41.614080" lon="2.388359">
        <ele>406.309</ele>
        <time>2024-12-13T11:23:00Z</time>
      </trkpt>
      <trkpt lat="41.614101" lon="2.388387">
        <ele>406.809</ele>
        <time>2024-12-13T11:23:02Z</time>
      </trkpt>
      <trkpt lat="41.614120" lon="2.388414">
        <ele>407.352</ele>
        <time>2024-12-13T11:23:04Z</time>
      </trkpt>
      <trkpt lat="41.614142" lon="2.388465">
        <ele>408.190</ele>
        <time>2024-12-13T11:23:08Z</time>
      </trkpt>
      <trkpt lat="41.614168" lon="2.388530">
        <ele>409.176</ele>
        <time>2024-12-13T11:23:11Z</time>
      </trkpt>
      <trkpt lat="41.614181" lon="2.388565">
        <ele>409.681</ele>
        <time>2024-12-13T11:23:13Z</time>
      </trkpt>
      <trkpt lat="41.614199" lon="2.388601">
        <ele>410.043</ele>
        <time>2024-12-13T11:23:15Z</time>
      </trkpt>
      <trkpt lat="41.614234" lon="2.388653">
        <ele>410.654</ele>
        <time>2024-12-13T11:23:19Z</time>
      </trkpt>
      <trkpt lat="41.614253" lon="2.388686">
        <ele>410.981</ele>
        <time>2024-12-13T11:23:21Z</time>
      </trkpt>
      <trkpt lat="41.614271" lon="2.388714">
        <ele>411.394</ele>
        <time>2024-12-13T11:23:23Z</time>
      </trkpt>
      <trkpt lat="41.614301" lon="2.388768">
        <ele>411.980</ele>
        <time>2024-12-13T11:23:27Z</time>
      </trkpt>
      <trkpt lat="41.614321" lon="2.388798">
        <ele>412.363</ele>
        <time>2024-12-13T11:23:29Z</time>
      </trkpt>
      <trkpt lat="41.614367" lon="2.388834">
        <ele>412.944</ele>
        <time>2024-12-13T11:23:33Z</time>
      </trkpt>
      <trkpt lat="41.614390" lon="2.388857">
        <ele>413.318</ele>
        <time>2024-12-13T11:23:35Z</time>
      </trkpt>
      <trkpt lat="41.614430" lon="2.388895">
        <ele>413.909</ele>
        <time>2024-12-13T11:23:39Z</time>
      </trkpt>
      <trkpt lat="41.614455" lon="2.388917">
        <ele>414.157</ele>
        <time>2024-12-13T11:23:41Z</time>
      </trkpt>
      <trkpt lat="41.614478" lon="2.388937">
        <ele>414.135</ele>
        <time>2024-12-13T11:23:43Z</time>
      </trkpt>
      <trkpt lat="41.614502" lon="2.388954">
        <ele>414.151</ele>
        <time>2024-12-13T11:23:45Z</time>
      </trkpt>
      <trkpt lat="41.614549" lon="2.388990">
        <ele>414.176</ele>
        <time>2024-12-13T11:23:49Z</time>
      </trkpt>
      <trkpt lat="41.614573" lon="2.389012">
        <ele>414.298</ele>
        <time>2024-12-13T11:23:51Z</time>
      </trkpt>
      <trkpt lat="41.614596" lon="2.389036">
        <ele>414.369</ele>
        <time>2024-12-13T11:23:53Z</time>
      </trkpt>
      <trkpt lat="41.614644" lon="2.389071">
        <ele>414.446</ele>
        <time>2024-12-13T11:23:57Z</time>
      </trkpt>
      <trkpt lat="41.614673" lon="2.389084">
        <ele>414.529</ele>
        <time>2024-12-13T11:23:59Z</time>
      </trkpt>
      <trkpt lat="41.614729" lon="2.389105">
        <ele>414.575</ele>
        <time>2024-12-13T11:24:03Z</time>
      </trkpt>
      <trkpt lat="41.614759" lon="2.389120">
        <ele>414.534</ele>
        <time>2024-12-13T11:24:05Z</time>
      </trkpt>
      <trkpt lat="41.614788" lon="2.389124">
        <ele>414.455</ele>
        <time>2024-12-13T11:24:07Z</time>
      </trkpt>
      <trkpt lat="41.614845" lon="2.389123">
        <ele>414.210</ele>
        <time>2024-12-13T11:24:11Z</time>
      </trkpt>
      <trkpt lat="41.614905" lon="2.389124">
        <ele>413.909</ele>
        <time>2024-12-13T11:24:15Z</time>
      </trkpt>
      <trkpt lat="41.614938" lon="2.389125">
        <ele>413.864</ele>
        <time>2024-12-13T11:24:17Z</time>
      </trkpt>
      <trkpt lat="41.614968" lon="2.389129">
        <ele>413.732</ele>
        <time>2024-12-13T11:24:19Z</time>
      </trkpt>
      <trkpt lat="41.615024" lon="2.389146">
        <ele>413.828</ele>
        <time>2024-12-13T11:24:23Z</time>
      </trkpt>
      <trkpt lat="41.615052" lon="2.389158">
        <ele>413.933</ele>
        <time>2024-12-13T11:24:25Z</time>
      </trkpt>
      <trkpt lat="41.615081" lon="2.389164">
        <ele>414.075</ele>
        <time>2024-12-13T11:24:27Z</time>
      </trkpt>
      <trkpt lat="41.615139" lon="2.389166">
        <ele>414.056</ele>
        <time>2024-12-13T11:24:31Z</time>
      </trkpt>
      <trkpt lat="41.615188" lon="2.389165">
        <ele>414.033</ele>
        <time>2024-12-13T11:24:34Z</time>
      </trkpt>
      <trkpt lat="41.615217" lon="2.389161">
        <ele>413.936</ele>
        <time>2024-12-13T11:24:36Z</time>
      </trkpt>
      <trkpt lat="41.615245" lon="2.389156">
        <ele>413.822</ele>
        <time>2024-12-13T11:24:38Z</time>
      </trkpt>
      <trkpt lat="41.615276" lon="2.389158">
        <ele>413.845</ele>
        <time>2024-12-13T11:24:40Z</time>
      </trkpt>
      <trkpt lat="41.615305" lon="2.389157">
        <ele>413.747</ele>
        <time>2024-12-13T11:24:42Z</time>
      </trkpt>
      <trkpt lat="41.615335" lon="2.389158">
        <ele>413.711</ele>
        <time>2024-12-13T11:24:44Z</time>
      </trkpt>
      <trkpt lat="41.615366" lon="2.389155">
        <ele>413.509</ele>
        <time>2024-12-13T11:24:46Z</time>
      </trkpt>
      <trkpt lat="41.615400" lon="2.389147">
        <ele>413.315</ele>
        <time>2024-12-13T11:24:48Z</time>
      </trkpt>
      <trkpt lat="41.615448" lon="2.389137">
        <ele>413.053</ele>
        <time>2024-12-13T11:24:52Z</time>
      </trkpt>
      <trkpt lat="41.615480" lon="2.389135">
        <ele>412.969</ele>
        <time>2024-12-13T11:24:54Z</time>
      </trkpt>
      <trkpt lat="41.615515" lon="2.389135">
        <ele>412.814</ele>
        <time>2024-12-13T11:24:56Z</time>
      </trkpt>
      <trkpt lat="41.615551" lon="2.389135">
        <ele>412.716</ele>
        <time>2024-12-13T11:24:58Z</time>
      </trkpt>
      <trkpt lat="41.615580" lon="2.389131">
        <ele>412.687</ele>
        <time>2024-12-13T11:25:00Z</time>
      </trkpt>
      <trkpt lat="41.615610" lon="2.389131">
        <ele>412.634</ele>
        <time>2024-12-13T11:25:02Z</time>
      </trkpt>
      <trkpt lat="41.615666" lon="2.389138">
        <ele>412.727</ele>
        <time>2024-12-13T11:25:06Z</time>
      </trkpt>
      <trkpt lat="41.615697" lon="2.389135">
        <ele>412.773</ele>
        <time>2024-12-13T11:25:08Z</time>
      </trkpt>
      <trkpt lat="41.615725" lon="2.389130">
        <ele>412.732</ele>
        <time>2024-12-13T11:25:10Z</time>
      </trkpt>
      <trkpt lat="41.615756" lon="2.389127">
        <ele>412.792</ele>
        <time>2024-12-13T11:25:12Z</time>
      </trkpt>
      <trkpt lat="41.615784" lon="2.389117">
        <ele>412.611</ele>
        <time>2024-12-13T11:25:14Z</time>
      </trkpt>
      <trkpt lat="41.615811" lon="2.389115">
        <ele>412.609</ele>
        <time>2024-12-13T11:25:16Z</time>
      </trkpt>
      <trkpt lat="41.615846" lon="2.389118">
        <ele>412.624</ele>
        <time>2024-12-13T11:25:18Z</time>
      </trkpt>
      <trkpt lat="41.615897" lon="2.389139">
        <ele>412.652</ele>
        <time>2024-12-13T11:25:21Z</time>
      </trkpt>
      <trkpt lat="41.615911" lon="2.389177">
        <ele>412.748</ele>
        <time>2024-12-13T11:25:23Z</time>
      </trkpt>
      <trkpt lat="41.615915" lon="2.389213">
        <ele>412.843</ele>
        <time>2024-12-13T11:25:25Z</time>
      </trkpt>
      <trkpt lat="41.615920" lon="2.389254">
        <ele>412.845</ele>
        <time>2024-12-13T11:25:27Z</time>
      </trkpt>
      <trkpt lat="41.615926" lon="2.389296">
        <ele>412.816</ele>
        <time>2024-12-13T11:25:29Z</time>
      </trkpt>
      <trkpt lat="41.615929" lon="2.389334">
        <ele>412.883</ele>
        <time>2024-12-13T11:25:31Z</time>
      </trkpt>
      <trkpt lat="41.615930" lon="2.389373">
        <ele>412.986</ele>
        <time>2024-12-13T11:25:33Z</time>
      </trkpt>
      <trkpt lat="41.615934" lon="2.389413">
        <ele>412.912</ele>
        <time>2024-12-13T11:25:35Z</time>
      </trkpt>
      <trkpt lat="41.615946" lon="2.389454">
        <ele>412.889</ele>
        <time>2024-12-13T11:25:37Z</time>
      </trkpt>
      <trkpt lat="41.615958" lon="2.389487">
        <ele>412.706</ele>
        <time>2024-12-13T11:25:39Z</time>
      </trkpt>
      <trkpt lat="41.615965" lon="2.389534">
        <ele>412.726</ele>
        <time>2024-12-13T11:25:41Z</time>
      </trkpt>
      <trkpt lat="41.615978" lon="2.389574">
        <ele>412.709</ele>
        <time>2024-12-13T11:25:43Z</time>
      </trkpt>
      <trkpt lat="41.615986" lon="2.389612">
        <ele>412.759</ele>
        <time>2024-12-13T11:25:45Z</time>
      </trkpt>
      <trkpt lat="41.615999" lon="2.389649">
        <ele>412.717</ele>
        <time>2024-12-13T11:25:47Z</time>
      </trkpt>
      <trkpt lat="41.616013" lon="2.389689">
        <ele>412.613</ele>
        <time>2024-12-13T11:25:49Z</time>
      </trkpt>
      <trkpt lat="41.616014" lon="2.389730">
        <ele>412.718</ele>
        <time>2024-12-13T11:25:51Z</time>
      </trkpt>
      <trkpt lat="41.616025" lon="2.389764">
        <ele>412.450</ele>
        <time>2024-12-13T11:25:53Z</time>
      </trkpt>
      <trkpt lat="41.616036" lon="2.389802">
        <ele>412.011</ele>
        <time>2024-12-13T11:25:55Z</time>
      </trkpt>
      <trkpt lat="41.616048" lon="2.389838">
        <ele>411.738</ele>
        <time>2024-12-13T11:25:57Z</time>
      </trkpt>
      <trkpt lat="41.616059" lon="2.389878">
        <ele>411.451</ele>
        <time>2024-12-13T11:25:59Z</time>
      </trkpt>
      <trkpt lat="41.616063" lon="2.389922">
        <ele>411.067</ele>
        <time>2024-12-13T11:26:01Z</time>
      </trkpt>
      <trkpt lat="41.616066" lon="2.389966">
        <ele>410.762</ele>
        <time>2024-12-13T11:26:03Z</time>
      </trkpt>
      <trkpt lat="41.616068" lon="2.390006">
        <ele>410.483</ele>
        <time>2024-12-13T11:26:05Z</time>
      </trkpt>
      <trkpt lat="41.616084" lon="2.390056">
        <ele>410.111</ele>
        <time>2024-12-13T11:26:09Z</time>
      </trkpt>
      <trkpt lat="41.616101" lon="2.390104">
        <ele>409.709</ele>
        <time>2024-12-13T11:26:13Z</time>
      </trkpt>
      <trkpt lat="41.616117" lon="2.390134">
        <ele>409.467</ele>
        <time>2024-12-13T11:26:15Z</time>
      </trkpt>
      <trkpt lat="41.616133" lon="2.390163">
        <ele>409.185</ele>
        <time>2024-12-13T11:26:17Z</time>
      </trkpt>
      <trkpt lat="41.616172" lon="2.390210">
        <ele>408.481</ele>
        <time>2024-12-13T11:26:21Z</time>
      </trkpt>
      <trkpt lat="41.616186" lon="2.390245">
        <ele>408.136</ele>
        <time>2024-12-13T11:26:23Z</time>
      </trkpt>
      <trkpt lat="41.616196" lon="2.390283">
        <ele>407.828</ele>
        <time>2024-12-13T11:26:25Z</time>
      </trkpt>
      <trkpt lat="41.616199" lon="2.390338">
        <ele>407.679</ele>
        <time>2024-12-13T11:26:28Z</time>
      </trkpt>
      <trkpt lat="41.616205" lon="2.390375">
        <ele>407.426</ele>
        <time>2024-12-13T11:26:30Z</time>
      </trkpt>
      <trkpt lat="41.616215" lon="2.390440">
        <ele>407.129</ele>
        <time>2024-12-13T11:26:34Z</time>
      </trkpt>
      <trkpt lat="41.616239" lon="2.390499">
        <ele>406.765</ele>
        <time>2024-12-13T11:26:38Z</time>
      </trkpt>
      <trkpt lat="41.616268" lon="2.390550">
        <ele>406.352</ele>
        <time>2024-12-13T11:26:42Z</time>
      </trkpt>
      <trkpt lat="41.616288" lon="2.390585">
        <ele>405.753</ele>
        <time>2024-12-13T11:26:44Z</time>
      </trkpt>
      <trkpt lat="41.616308" lon="2.390612">
        <ele>405.208</ele>
        <time>2024-12-13T11:26:46Z</time>
      </trkpt>
      <trkpt lat="41.616341" lon="2.390659">
        <ele>404.309</ele>
        <time>2024-12-13T11:26:50Z</time>
      </trkpt>
      <trkpt lat="41.616351" lon="2.390694">
        <ele>403.896</ele>
        <time>2024-12-13T11:26:52Z</time>
      </trkpt>
      <trkpt lat="41.616379" lon="2.390746">
        <ele>403.084</ele>
        <time>2024-12-13T11:26:57Z</time>
      </trkpt>
      <trkpt lat="41.616415" lon="2.390798">
        <ele>402.080</ele>
        <time>2024-12-13T11:27:01Z</time>
      </trkpt>
      <trkpt lat="41.616453" lon="2.390837">
        <ele>401.095</ele>
        <time>2024-12-13T11:27:05Z</time>
      </trkpt>
      <trkpt lat="41.616476" lon="2.390859">
        <ele>400.417</ele>
        <time>2024-12-13T11:27:07Z</time>
      </trkpt>
      <trkpt lat="41.616502" lon="2.390873">
        <ele>399.928</ele>
        <time>2024-12-13T11:27:09Z</time>
      </trkpt>
      <trkpt lat="41.616527" lon="2.390891">
        <ele>399.355</ele>
        <time>2024-12-13T11:27:11Z</time>
      </trkpt>
      <trkpt lat="41.616554" lon="2.390912">
        <ele>398.778</ele>
        <time>2024-12-13T11:27:13Z</time>
      </trkpt>
      <trkpt lat="41.616599" lon="2.390952">
        <ele>397.674</ele>
        <time>2024-12-13T11:27:17Z</time>
      </trkpt>
      <trkpt lat="41.616647" lon="2.390993">
        <ele>396.591</ele>
        <time>2024-12-13T11:27:21Z</time>
      </trkpt>
      <trkpt lat="41.616692" lon="2.391032">
        <ele>395.481</ele>
        <time>2024-12-13T11:27:25Z</time>
      </trkpt>
      <trkpt lat="41.616732" lon="2.391075">
        <ele>394.219</ele>
        <time>2024-12-13T11:27:29Z</time>
      </trkpt>
      <trkpt lat="41.616758" lon="2.391128">
        <ele>393.109</ele>
        <time>2024-12-13T11:27:33Z</time>
      </trkpt>
      <trkpt lat="41.616776" lon="2.391161">
        <ele>392.490</ele>
        <time>2024-12-13T11:27:35Z</time>
      </trkpt>
      <trkpt lat="41.616795" lon="2.391191">
        <ele>391.778</ele>
        <time>2024-12-13T11:27:37Z</time>
      </trkpt>
      <trkpt lat="41.616813" lon="2.391220">
        <ele>391.024</ele>
        <time>2024-12-13T11:27:39Z</time>
      </trkpt>
      <trkpt lat="41.616829" lon="2.391250">
        <ele>390.479</ele>
        <time>2024-12-13T11:27:41Z</time>
      </trkpt>
      <trkpt lat="41.616845" lon="2.391282">
        <ele>389.721</ele>
        <time>2024-12-13T11:27:43Z</time>
      </trkpt>
      <trkpt lat="41.616870" lon="2.391312">
        <ele>389.022</ele>
        <time>2024-12-13T11:27:45Z</time>
      </trkpt>
      <trkpt lat="41.616899" lon="2.391330">
        <ele>388.319</ele>
        <time>2024-12-13T11:27:47Z</time>
      </trkpt>
      <trkpt lat="41.616925" lon="2.391354">
        <ele>387.752</ele>
        <time>2024-12-13T11:27:49Z</time>
      </trkpt>
      <trkpt lat="41.616939" lon="2.391386">
        <ele>387.138</ele>
        <time>2024-12-13T11:27:51Z</time>
      </trkpt>
      <trkpt lat="41.616971" lon="2.391431">
        <ele>386.298</ele>
        <time>2024-12-13T11:27:55Z</time>
      </trkpt>
      <trkpt lat="41.617019" lon="2.391467">
        <ele>385.115</ele>
        <time>2024-12-13T11:27:59Z</time>
      </trkpt>
      <trkpt lat="41.617052" lon="2.391506">
        <ele>384.226</ele>
        <time>2024-12-13T11:28:02Z</time>
      </trkpt>
      <trkpt lat="41.617071" lon="2.391572">
        <ele>383.409</ele>
        <time>2024-12-13T11:28:06Z</time>
      </trkpt>
      <trkpt lat="41.617074" lon="2.391637">
        <ele>382.970</ele>
        <time>2024-12-13T11:28:10Z</time>
      </trkpt>
      <trkpt lat="41.617094" lon="2.391671">
        <ele>382.358</ele>
        <time>2024-12-13T11:28:12Z</time>
      </trkpt>
      <trkpt lat="41.617113" lon="2.391699">
        <ele>381.674</ele>
        <time>2024-12-13T11:28:14Z</time>
      </trkpt>
      <trkpt lat="41.617156" lon="2.391738">
        <ele>380.479</ele>
        <time>2024-12-13T11:28:18Z</time>
      </trkpt>
      <trkpt lat="41.617184" lon="2.391753">
        <ele>379.811</ele>
        <time>2024-12-13T11:28:20Z</time>
      </trkpt>
      <trkpt lat="41.617214" lon="2.391761">
        <ele>379.182</ele>
        <time>2024-12-13T11:28:22Z</time>
      </trkpt>
      <trkpt lat="41.617244" lon="2.391771">
        <ele>378.519</ele>
        <time>2024-12-13T11:28:24Z</time>
      </trkpt>
      <trkpt lat="41.617268" lon="2.391788">
        <ele>377.932</ele>
        <time>2024-12-13T11:28:26Z</time>
      </trkpt>
      <trkpt lat="41.617296" lon="2.391809">
        <ele>377.328</ele>
        <time>2024-12-13T11:28:28Z</time>
      </trkpt>
      <trkpt lat="41.617322" lon="2.391818">
        <ele>376.885</ele>
        <time>2024-12-13T11:28:30Z</time>
      </trkpt>
      <trkpt lat="41.617371" lon="2.391829">
        <ele>375.989</ele>
        <time>2024-12-13T11:28:34Z</time>
      </trkpt>
      <trkpt lat="41.617391" lon="2.391862">
        <ele>375.317</ele>
        <time>2024-12-13T11:28:36Z</time>
      </trkpt>
      <trkpt lat="41.617416" lon="2.391880">
        <ele>374.709</ele>
        <time>2024-12-13T11:28:38Z</time>
      </trkpt>
      <trkpt lat="41.617442" lon="2.391866">
        <ele>374.559</ele>
        <time>2024-12-13T11:28:40Z</time>
      </trkpt>
      <trkpt lat="41.617486" lon="2.391855">
        <ele>373.967</ele>
        <time>2024-12-13T11:28:44Z</time>
      </trkpt>
      <trkpt lat="41.617531" lon="2.391876">
        <ele>373.013</ele>
        <time>2024-12-13T11:28:48Z</time>
      </trkpt>
      <trkpt lat="41.617566" lon="2.391890">
        <ele>372.458</ele>
        <time>2024-12-13T11:28:51Z</time>
      </trkpt>
      <trkpt lat="41.617596" lon="2.391893">
        <ele>372.080</ele>
        <time>2024-12-13T11:28:53Z</time>
      </trkpt>
      <trkpt lat="41.617632" lon="2.391886">
        <ele>371.591</ele>
        <time>2024-12-13T11:28:57Z</time>
      </trkpt>
      <trkpt lat="41.617659" lon="2.391877">
        <ele>371.268</ele>
        <time>2024-12-13T11:28:59Z</time>
      </trkpt>
      <trkpt lat="41.617709" lon="2.391871">
        <ele>370.541</ele>
        <time>2024-12-13T11:29:03Z</time>
      </trkpt>
      <trkpt lat="41.617736" lon="2.391866">
        <ele>370.247</ele>
        <time>2024-12-13T11:29:05Z</time>
      </trkpt>
      <trkpt lat="41.617765" lon="2.391860">
        <ele>369.875</ele>
        <time>2024-12-13T11:29:07Z</time>
      </trkpt>
      <trkpt lat="41.617819" lon="2.391841">
        <ele>369.428</ele>
        <time>2024-12-13T11:29:51Z</time>
      </trkpt>
      <trkpt lat="41.617854" lon="2.391847">
        <ele>369.120</ele>
        <time>2024-12-13T11:29:53Z</time>
      </trkpt>
      <trkpt lat="41.617916" lon="2.391848">
        <ele>368.509</ele>
        <time>2024-12-13T11:29:56Z</time>
      </trkpt>
      <trkpt lat="41.617944" lon="2.391858">
        <ele>368.298</ele>
        <time>2024-12-13T11:29:58Z</time>
      </trkpt>
      <trkpt lat="41.617978" lon="2.391871">
        <ele>367.936</ele>
        <time>2024-12-13T11:30:00Z</time>
      </trkpt>
      <trkpt lat="41.618002" lon="2.391895">
        <ele>367.632</ele>
        <time>2024-12-13T11:30:02Z</time>
      </trkpt>
      <trkpt lat="41.618041" lon="2.391943">
        <ele>367.157</ele>
        <time>2024-12-13T11:30:06Z</time>
      </trkpt>
      <trkpt lat="41.618059" lon="2.391973">
        <ele>366.729</ele>
        <time>2024-12-13T11:30:08Z</time>
      </trkpt>
      <trkpt lat="41.618084" lon="2.392009">
        <ele>366.270</ele>
        <time>2024-12-13T11:30:10Z</time>
      </trkpt>
      <trkpt lat="41.618110" lon="2.392041">
        <ele>365.897</ele>
        <time>2024-12-13T11:30:12Z</time>
      </trkpt>
      <trkpt lat="41.618125" lon="2.392084">
        <ele>365.460</ele>
        <time>2024-12-13T11:30:14Z</time>
      </trkpt>
      <trkpt lat="41.618140" lon="2.392117">
        <ele>365.086</ele>
        <time>2024-12-13T11:30:16Z</time>
      </trkpt>
      <trkpt lat="41.618157" lon="2.392149">
        <ele>364.737</ele>
        <time>2024-12-13T11:30:18Z</time>
      </trkpt>
      <trkpt lat="41.618172" lon="2.392185">
        <ele>364.349</ele>
        <time>2024-12-13T11:30:20Z</time>
      </trkpt>
      <trkpt lat="41.618188" lon="2.392226">
        <ele>363.913</ele>
        <time>2024-12-13T11:30:22Z</time>
      </trkpt>
      <trkpt lat="41.618203" lon="2.392264">
        <ele>363.309</ele>
        <time>2024-12-13T11:30:24Z</time>
      </trkpt>
      <trkpt lat="41.618224" lon="2.392294">
        <ele>362.864</ele>
        <time>2024-12-13T11:30:26Z</time>
      </trkpt>
      <trkpt lat="41.618248" lon="2.392328">
        <ele>362.452</ele>
        <time>2024-12-13T11:30:28Z</time>
      </trkpt>
      <trkpt lat="41.618261" lon="2.392362">
        <ele>362.048</ele>
        <time>2024-12-13T11:30:30Z</time>
      </trkpt>
      <trkpt lat="41.618278" lon="2.392397">
        <ele>361.633</ele>
        <time>2024-12-13T11:30:32Z</time>
      </trkpt>
      <trkpt lat="41.618305" lon="2.392452">
        <ele>361.245</ele>
        <time>2024-12-13T11:30:36Z</time>
      </trkpt>
      <trkpt lat="41.618324" lon="2.392481">
        <ele>361.166</ele>
        <time>2024-12-13T11:30:38Z</time>
      </trkpt>
      <trkpt lat="41.618344" lon="2.392510">
        <ele>360.993</ele>
        <time>2024-12-13T11:30:40Z</time>
      </trkpt>
      <trkpt lat="41.618364" lon="2.392545">
        <ele>360.476</ele>
        <time>2024-12-13T11:30:42Z</time>
      </trkpt>
      <trkpt lat="41.618383" lon="2.392576">
        <ele>360.152</ele>
        <time>2024-12-13T11:30:44Z</time>
      </trkpt>
      <trkpt lat="41.618403" lon="2.392604">
        <ele>359.888</ele>
        <time>2024-12-13T11:30:46Z</time>
      </trkpt>
      <trkpt lat="41.618419" lon="2.392639">
        <ele>359.524</ele>
        <time>2024-12-13T11:30:48Z</time>
      </trkpt>
      <trkpt lat="41.618435" lon="2.392669">
        <ele>359.226</ele>
        <time>2024-12-13T11:30:50Z</time>
      </trkpt>
      <trkpt lat="41.618464" lon="2.392725">
        <ele>358.909</ele>
        <time>2024-12-13T11:30:54Z</time>
      </trkpt>
      <trkpt lat="41.618483" lon="2.392765">
        <ele>358.739</ele>
        <time>2024-12-13T11:30:56Z</time>
      </trkpt>
      <trkpt lat="41.618507" lon="2.392793">
        <ele>358.847</ele>
        <time>2024-12-13T11:30:58Z</time>
      </trkpt>
      <trkpt lat="41.618527" lon="2.392822">
        <ele>359.053</ele>
        <time>2024-12-13T11:31:00Z</time>
      </trkpt>
      <trkpt lat="41.618546" lon="2.392853">
        <ele>359.248</ele>
        <time>2024-12-13T11:31:02Z</time>
      </trkpt>
      <trkpt lat="41.618567" lon="2.392888">
        <ele>359.410</ele>
        <time>2024-12-13T11:31:04Z</time>
      </trkpt>
      <trkpt lat="41.618589" lon="2.392914">
        <ele>359.761</ele>
        <time>2024-12-13T11:31:06Z</time>
      </trkpt>
      <trkpt lat="41.618610" lon="2.392947">
        <ele>360.048</ele>
        <time>2024-12-13T11:31:08Z</time>
      </trkpt>
      <trkpt lat="41.618630" lon="2.392973">
        <ele>360.141</ele>
        <time>2024-12-13T11:31:10Z</time>
      </trkpt>
      <trkpt lat="41.618654" lon="2.393003">
        <ele>360.327</ele>
        <time>2024-12-13T11:31:12Z</time>
      </trkpt>
      <trkpt lat="41.618676" lon="2.393034">
        <ele>360.487</ele>
        <time>2024-12-13T11:31:14Z</time>
      </trkpt>
      <trkpt lat="41.618698" lon="2.393066">
        <ele>360.642</ele>
        <time>2024-12-13T11:31:16Z</time>
      </trkpt>
      <trkpt lat="41.618725" lon="2.393132">
        <ele>361.026</ele>
        <time>2024-12-13T11:31:20Z</time>
      </trkpt>
      <trkpt lat="41.618735" lon="2.393166">
        <ele>361.209</ele>
        <time>2024-12-13T11:31:22Z</time>
      </trkpt>
      <trkpt lat="41.618694" lon="2.393195">
        <ele>360.969</ele>
        <time>2024-12-13T11:31:26Z</time>
      </trkpt>
      <trkpt lat="41.618667" lon="2.393219">
        <ele>360.617</ele>
        <time>2024-12-13T11:31:28Z</time>
      </trkpt>
      <trkpt lat="41.618637" lon="2.393229">
        <ele>360.343</ele>
        <time>2024-12-13T11:31:30Z</time>
      </trkpt>
      <trkpt lat="41.618608" lon="2.393217">
        <ele>360.028</ele>
        <time>2024-12-13T11:31:32Z</time>
      </trkpt>
      <trkpt lat="41.618583" lon="2.393195">
        <ele>359.520</ele>
        <time>2024-12-13T11:31:34Z</time>
      </trkpt>
      <trkpt lat="41.618556" lon="2.393170">
        <ele>359.181</ele>
        <time>2024-12-13T11:31:36Z</time>
      </trkpt>
      <trkpt lat="41.618530" lon="2.393158">
        <ele>358.658</ele>
        <time>2024-12-13T11:31:38Z</time>
      </trkpt>
      <trkpt lat="41.618509" lon="2.393135">
        <ele>358.391</ele>
        <time>2024-12-13T11:31:40Z</time>
      </trkpt>
      <trkpt lat="41.618479" lon="2.393121">
        <ele>357.727</ele>
        <time>2024-12-13T11:31:42Z</time>
      </trkpt>
      <trkpt lat="41.618452" lon="2.393104">
        <ele>357.294</ele>
        <time>2024-12-13T11:31:44Z</time>
      </trkpt>
      <trkpt lat="41.618424" lon="2.393093">
        <ele>356.757</ele>
        <time>2024-12-13T11:31:46Z</time>
      </trkpt>
      <trkpt lat="41.618394" lon="2.393092">
        <ele>356.222</ele>
        <time>2024-12-13T11:31:48Z</time>
      </trkpt>
      <trkpt lat="41.618370" lon="2.393116">
        <ele>355.809</ele>
        <time>2024-12-13T11:31:50Z</time>
      </trkpt>
      <trkpt lat="41.618343" lon="2.393180">
        <ele>355.690</ele>
        <time>2024-12-13T11:31:54Z</time>
      </trkpt>
      <trkpt lat="41.618325" lon="2.393244">
        <ele>355.568</ele>
        <time>2024-12-13T11:31:58Z</time>
      </trkpt>
      <trkpt lat="41.618310" lon="2.393275">
        <ele>355.444</ele>
        <time>2024-12-13T11:32:00Z</time>
      </trkpt>
      <trkpt lat="41.618296" lon="2.393307">
        <ele>355.289</ele>
        <time>2024-12-13T11:32:02Z</time>
      </trkpt>
      <trkpt lat="41.618289" lon="2.393350">
        <ele>355.321</ele>
        <time>2024-12-13T11:32:04Z</time>
      </trkpt>
      <trkpt lat="41.618273" lon="2.393387">
        <ele>355.152</ele>
        <time>2024-12-13T11:32:06Z</time>
      </trkpt>
      <trkpt lat="41.618254" lon="2.393415">
        <ele>354.969</ele>
        <time>2024-12-13T11:32:08Z</time>
      </trkpt>
      <trkpt lat="41.618236" lon="2.393446">
        <ele>354.792</ele>
        <time>2024-12-13T11:32:10Z</time>
      </trkpt>
      <trkpt lat="41.618227" lon="2.393486">
        <ele>354.698</ele>
        <time>2024-12-13T11:32:12Z</time>
      </trkpt>
      <trkpt lat="41.618217" lon="2.393520">
        <ele>354.696</ele>
        <time>2024-12-13T11:32:14Z</time>
      </trkpt>
      <trkpt lat="41.618192" lon="2.393578">
        <ele>354.331</ele>
        <time>2024-12-13T11:32:18Z</time>
      </trkpt>
      <trkpt lat="41.618174" lon="2.393617">
        <ele>354.124</ele>
        <time>2024-12-13T11:32:20Z</time>
      </trkpt>
      <trkpt lat="41.618157" lon="2.393661">
        <ele>353.609</ele>
        <time>2024-12-13T11:32:22Z</time>
      </trkpt>
      <trkpt lat="41.618145" lon="2.393699">
        <ele>353.340</ele>
        <time>2024-12-13T11:32:24Z</time>
      </trkpt>
      <trkpt lat="41.618121" lon="2.393762">
        <ele>352.698</ele>
        <time>2024-12-13T11:32:28Z</time>
      </trkpt>
      <trkpt lat="41.618093" lon="2.393816">
        <ele>351.974</ele>
        <time>2024-12-13T11:32:32Z</time>
      </trkpt>
      <trkpt lat="41.618066" lon="2.393875">
        <ele>351.289</ele>
        <time>2024-12-13T11:32:36Z</time>
      </trkpt>
      <trkpt lat="41.618039" lon="2.393939">
        <ele>350.771</ele>
        <time>2024-12-13T11:32:40Z</time>
      </trkpt>
      <trkpt lat="41.618024" lon="2.393977">
        <ele>350.522</ele>
        <time>2024-12-13T11:32:42Z</time>
      </trkpt>
      <trkpt lat="41.618011" lon="2.394017">
        <ele>350.259</ele>
        <time>2024-12-13T11:32:44Z</time>
      </trkpt>
      <trkpt lat="41.618000" lon="2.394054">
        <ele>350.072</ele>
        <time>2024-12-13T11:32:46Z</time>
      </trkpt>
      <trkpt lat="41.617994" lon="2.394093">
        <ele>349.758</ele>
        <time>2024-12-13T11:32:48Z</time>
      </trkpt>
      <trkpt lat="41.617987" lon="2.394136">
        <ele>349.427</ele>
        <time>2024-12-13T11:32:50Z</time>
      </trkpt>
      <trkpt lat="41.617976" lon="2.394176">
        <ele>349.168</ele>
        <time>2024-12-13T11:32:52Z</time>
      </trkpt>
      <trkpt lat="41.617970" lon="2.394215">
        <ele>349.014</ele>
        <time>2024-12-13T11:32:54Z</time>
      </trkpt>
      <trkpt lat="41.617969" lon="2.394252">
        <ele>349.009</ele>
        <time>2024-12-13T11:32:56Z</time>
      </trkpt>
      <trkpt lat="41.617971" lon="2.394331">
        <ele>348.973</ele>
        <time>2024-12-13T11:33:00Z</time>
      </trkpt>
      <trkpt lat="41.617974" lon="2.394372">
        <ele>348.971</ele>
        <time>2024-12-13T11:33:02Z</time>
      </trkpt>
      <trkpt lat="41.617972" lon="2.394415">
        <ele>348.877</ele>
        <time>2024-12-13T11:33:04Z</time>
      </trkpt>
      <trkpt lat="41.617968" lon="2.394471">
        <ele>348.572</ele>
        <time>2024-12-13T11:33:07Z</time>
      </trkpt>
      <trkpt lat="41.617965" lon="2.394511">
        <ele>348.264</ele>
        <time>2024-12-13T11:33:09Z</time>
      </trkpt>
      <trkpt lat="41.617973" lon="2.394560">
        <ele>348.075</ele>
        <time>2024-12-13T11:33:11Z</time>
      </trkpt>
      <trkpt lat="41.617979" lon="2.394600">
        <ele>347.882</ele>
        <time>2024-12-13T11:33:13Z</time>
      </trkpt>
      <trkpt lat="41.617983" lon="2.394643">
        <ele>347.585</ele>
        <time>2024-12-13T11:33:15Z</time>
      </trkpt>
      <trkpt lat="41.617995" lon="2.394684">
        <ele>347.431</ele>
        <time>2024-12-13T11:33:17Z</time>
      </trkpt>
      <trkpt lat="41.618003" lon="2.394720">
        <ele>347.323</ele>
        <time>2024-12-13T11:33:19Z</time>
      </trkpt>
      <trkpt lat="41.618013" lon="2.394762">
        <ele>347.183</ele>
        <time>2024-12-13T11:33:21Z</time>
      </trkpt>
      <trkpt lat="41.618018" lon="2.394802">
        <ele>346.811</ele>
        <time>2024-12-13T11:33:23Z</time>
      </trkpt>
      <trkpt lat="41.618019" lon="2.394838">
        <ele>346.609</ele>
        <time>2024-12-13T11:33:25Z</time>
      </trkpt>
      <trkpt lat="41.618030" lon="2.394880">
        <ele>346.443</ele>
        <time>2024-12-13T11:33:27Z</time>
      </trkpt>
      <trkpt lat="41.618039" lon="2.394918">
        <ele>346.341</ele>
        <time>2024-12-13T11:33:29Z</time>
      </trkpt>
      <trkpt lat="41.618049" lon="2.394986">
        <ele>346.037</ele>
        <time>2024-12-13T11:33:33Z</time>
      </trkpt>
      <trkpt lat="41.618075" lon="2.395047">
        <ele>346.322</ele>
        <time>2024-12-13T11:33:36Z</time>
      </trkpt>
      <trkpt lat="41.618085" lon="2.395086">
        <ele>346.524</ele>
        <time>2024-12-13T11:33:38Z</time>
      </trkpt>
      <trkpt lat="41.618106" lon="2.395145">
        <ele>346.925</ele>
        <time>2024-12-13T11:33:41Z</time>
      </trkpt>
      <trkpt lat="41.618113" lon="2.395182">
        <ele>347.132</ele>
        <time>2024-12-13T11:33:43Z</time>
      </trkpt>
      <trkpt lat="41.618116" lon="2.395218">
        <ele>347.165</ele>
        <time>2024-12-13T11:33:45Z</time>
      </trkpt>
      <trkpt lat="41.618107" lon="2.395265">
        <ele>346.721</ele>
        <time>2024-12-13T11:33:47Z</time>
      </trkpt>
      <trkpt lat="41.618093" lon="2.395298">
        <ele>346.286</ele>
        <time>2024-12-13T11:33:49Z</time>
      </trkpt>
      <trkpt lat="41.618076" lon="2.395332">
        <ele>345.760</ele>
        <time>2024-12-13T11:33:51Z</time>
      </trkpt>
      <trkpt lat="41.618039" lon="2.395386">
        <ele>344.526</ele>
        <time>2024-12-13T11:33:55Z</time>
      </trkpt>
      <trkpt lat="41.618007" lon="2.395434">
        <ele>343.609</ele>
        <time>2024-12-13T11:33:58Z</time>
      </trkpt>
      <trkpt lat="41.617986" lon="2.395502">
        <ele>342.829</ele>
        <time>2024-12-13T11:34:01Z</time>
      </trkpt>
      <trkpt lat="41.617973" lon="2.395574">
        <ele>342.417</ele>
        <time>2024-12-13T11:34:05Z</time>
      </trkpt>
      <trkpt lat="41.617973" lon="2.395610">
        <ele>342.583</ele>
        <time>2024-12-13T11:34:07Z</time>
      </trkpt>
      <trkpt lat="41.617981" lon="2.395681">
        <ele>342.918</ele>
        <time>2024-12-13T11:34:11Z</time>
      </trkpt>
      <trkpt lat="41.618001" lon="2.395755">
        <ele>343.830</ele>
        <time>2024-12-13T11:34:15Z</time>
      </trkpt>
      <trkpt lat="41.618006" lon="2.395806">
        <ele>344.171</ele>
        <time>2024-12-13T11:34:17Z</time>
      </trkpt>
      <trkpt lat="41.618010" lon="2.395844">
        <ele>344.328</ele>
        <time>2024-12-13T11:34:19Z</time>
      </trkpt>
      <trkpt lat="41.618011" lon="2.395881">
        <ele>344.231</ele>
        <time>2024-12-13T11:34:21Z</time>
      </trkpt>
      <trkpt lat="41.618012" lon="2.395923">
        <ele>344.167</ele>
        <time>2024-12-13T11:34:23Z</time>
      </trkpt>
      <trkpt lat="41.618006" lon="2.395997">
        <ele>343.522</ele>
        <time>2024-12-13T11:34:27Z</time>
      </trkpt>
      <trkpt lat="41.617998" lon="2.396036">
        <ele>343.062</ele>
        <time>2024-12-13T11:34:29Z</time>
      </trkpt>
      <trkpt lat="41.617998" lon="2.396076">
        <ele>342.908</ele>
        <time>2024-12-13T11:34:31Z</time>
      </trkpt>
      <trkpt lat="41.618003" lon="2.396119">
        <ele>342.809</ele>
        <time>2024-12-13T11:34:33Z</time>
      </trkpt>
      <trkpt lat="41.618007" lon="2.396182">
        <ele>342.453</ele>
        <time>2024-12-13T11:34:36Z</time>
      </trkpt>
      <trkpt lat="41.618017" lon="2.396249">
        <ele>342.191</ele>
        <time>2024-12-13T11:34:40Z</time>
      </trkpt>
      <trkpt lat="41.618030" lon="2.396287">
        <ele>342.137</ele>
        <time>2024-12-13T11:34:42Z</time>
      </trkpt>
      <trkpt lat="41.618040" lon="2.396324">
        <ele>342.142</ele>
        <time>2024-12-13T11:34:44Z</time>
      </trkpt>
      <trkpt lat="41.618057" lon="2.396358">
        <ele>342.474</ele>
        <time>2024-12-13T11:34:46Z</time>
      </trkpt>
      <trkpt lat="41.618067" lon="2.396392">
        <ele>342.335</ele>
        <time>2024-12-13T11:34:48Z</time>
      </trkpt>
      <trkpt lat="41.618077" lon="2.396466">
        <ele>341.592</ele>
        <time>2024-12-13T11:34:52Z</time>
      </trkpt>
      <trkpt lat="41.618082" lon="2.396509">
        <ele>341.045</ele>
        <time>2024-12-13T11:34:54Z</time>
      </trkpt>
      <trkpt lat="41.618087" lon="2.396551">
        <ele>340.671</ele>
        <time>2024-12-13T11:34:56Z</time>
      </trkpt>
      <trkpt lat="41.618093" lon="2.396593">
        <ele>340.158</ele>
        <time>2024-12-13T11:34:58Z</time>
      </trkpt>
      <trkpt lat="41.618104" lon="2.396629">
        <ele>339.952</ele>
        <time>2024-12-13T11:35:00Z</time>
      </trkpt>
      <trkpt lat="41.618117" lon="2.396671">
        <ele>339.717</ele>
        <time>2024-12-13T11:35:02Z</time>
      </trkpt>
      <trkpt lat="41.618131" lon="2.396708">
        <ele>339.709</ele>
        <time>2024-12-13T11:35:04Z</time>
      </trkpt>
      <trkpt lat="41.618149" lon="2.396740">
        <ele>339.826</ele>
        <time>2024-12-13T11:35:06Z</time>
      </trkpt>
      <trkpt lat="41.618165" lon="2.396770">
        <ele>339.944</ele>
        <time>2024-12-13T11:35:08Z</time>
      </trkpt>
      <trkpt lat="41.618184" lon="2.396799">
        <ele>340.120</ele>
        <time>2024-12-13T11:35:10Z</time>
      </trkpt>
      <trkpt lat="41.618204" lon="2.396827">
        <ele>340.255</ele>
        <time>2024-12-13T11:35:12Z</time>
      </trkpt>
      <trkpt lat="41.618227" lon="2.396855">
        <ele>340.597</ele>
        <time>2024-12-13T11:35:14Z</time>
      </trkpt>
      <trkpt lat="41.618262" lon="2.396903">
        <ele>340.888</ele>
        <time>2024-12-13T11:35:17Z</time>
      </trkpt>
      <trkpt lat="41.618300" lon="2.396947">
        <ele>341.145</ele>
        <time>2024-12-13T11:35:21Z</time>
      </trkpt>
      <trkpt lat="41.618328" lon="2.396967">
        <ele>341.438</ele>
        <time>2024-12-13T11:35:23Z</time>
      </trkpt>
      <trkpt lat="41.618359" lon="2.396980">
        <ele>341.794</ele>
        <time>2024-12-13T11:35:25Z</time>
      </trkpt>
      <trkpt lat="41.618385" lon="2.396995">
        <ele>341.896</ele>
        <time>2024-12-13T11:35:27Z</time>
      </trkpt>
      <trkpt lat="41.618413" lon="2.397009">
        <ele>341.931</ele>
        <time>2024-12-13T11:35:29Z</time>
      </trkpt>
      <trkpt lat="41.618445" lon="2.397014">
        <ele>342.324</ele>
        <time>2024-12-13T11:35:31Z</time>
      </trkpt>
      <trkpt lat="41.618477" lon="2.397012">
        <ele>342.909</ele>
        <time>2024-12-13T11:35:33Z</time>
      </trkpt>
      <trkpt lat="41.618507" lon="2.397017">
        <ele>343.210</ele>
        <time>2024-12-13T11:35:35Z</time>
      </trkpt>
      <trkpt lat="41.618535" lon="2.397029">
        <ele>343.438</ele>
        <time>2024-12-13T11:35:37Z</time>
      </trkpt>
      <trkpt lat="41.618561" lon="2.397042">
        <ele>343.494</ele>
        <time>2024-12-13T11:35:39Z</time>
      </trkpt>
      <trkpt lat="41.618588" lon="2.397051">
        <ele>343.639</ele>
        <time>2024-12-13T11:35:41Z</time>
      </trkpt>
      <trkpt lat="41.618618" lon="2.397056">
        <ele>343.841</ele>
        <time>2024-12-13T11:35:43Z</time>
      </trkpt>
      <trkpt lat="41.618671" lon="2.397057">
        <ele>344.022</ele>
        <time>2024-12-13T11:35:47Z</time>
      </trkpt>
      <trkpt lat="41.618725" lon="2.397060">
        <ele>344.129</ele>
        <time>2024-12-13T11:35:51Z</time>
      </trkpt>
      <trkpt lat="41.618752" lon="2.397052">
        <ele>344.432</ele>
        <time>2024-12-13T11:35:53Z</time>
      </trkpt>
      <trkpt lat="41.618782" lon="2.397048">
        <ele>344.678</ele>
        <time>2024-12-13T11:35:55Z</time>
      </trkpt>
      <trkpt lat="41.618815" lon="2.397040">
        <ele>345.011</ele>
        <time>2024-12-13T11:35:57Z</time>
      </trkpt>
      <trkpt lat="41.618848" lon="2.397042">
        <ele>345.021</ele>
        <time>2024-12-13T11:35:59Z</time>
      </trkpt>
      <trkpt lat="41.618902" lon="2.397041">
        <ele>345.203</ele>
        <time>2024-12-13T11:36:03Z</time>
      </trkpt>
      <trkpt lat="41.618932" lon="2.397034">
        <ele>345.409</ele>
        <time>2024-12-13T11:36:05Z</time>
      </trkpt>
      <trkpt lat="41.618964" lon="2.397029">
        <ele>345.562</ele>
        <time>2024-12-13T11:36:07Z</time>
      </trkpt>
      <trkpt lat="41.618992" lon="2.397028">
        <ele>345.460</ele>
        <time>2024-12-13T11:36:09Z</time>
      </trkpt>
      <trkpt lat="41.619025" lon="2.397028">
        <ele>345.416</ele>
        <time>2024-12-13T11:36:11Z</time>
      </trkpt>
      <trkpt lat="41.619070" lon="2.397023">
        <ele>345.541</ele>
        <time>2024-12-13T11:36:14Z</time>
      </trkpt>
      <trkpt lat="41.619103" lon="2.397019">
        <ele>345.543</ele>
        <time>2024-12-13T11:36:16Z</time>
      </trkpt>
      <trkpt lat="41.619153" lon="2.397010">
        <ele>345.614</ele>
        <time>2024-12-13T11:36:20Z</time>
      </trkpt>
      <trkpt lat="41.619207" lon="2.396988">
        <ele>346.881</ele>
        <time>2024-12-13T11:36:24Z</time>
      </trkpt>
      <trkpt lat="41.619237" lon="2.396977">
        <ele>347.684</ele>
        <time>2024-12-13T11:36:26Z</time>
      </trkpt>
      <trkpt lat="41.619268" lon="2.396977">
        <ele>348.110</ele>
        <time>2024-12-13T11:36:28Z</time>
      </trkpt>
      <trkpt lat="41.619319" lon="2.396984">
        <ele>348.944</ele>
        <time>2024-12-13T11:36:32Z</time>
      </trkpt>
      <trkpt lat="41.619351" lon="2.396988">
        <ele>349.405</ele>
        <time>2024-12-13T11:36:34Z</time>
      </trkpt>
      <trkpt lat="41.619382" lon="2.396990">
        <ele>349.915</ele>
        <time>2024-12-13T11:36:36Z</time>
      </trkpt>
      <trkpt lat="41.619416" lon="2.397009">
        <ele>350.109</ele>
        <time>2024-12-13T11:36:38Z</time>
      </trkpt>
      <trkpt lat="41.619442" lon="2.397037">
        <ele>350.025</ele>
        <time>2024-12-13T11:36:40Z</time>
      </trkpt>
      <trkpt lat="41.619461" lon="2.397067">
        <ele>349.843</ele>
        <time>2024-12-13T11:36:42Z</time>
      </trkpt>
      <trkpt lat="41.619454" lon="2.397122">
        <ele>348.479</ele>
        <time>2024-12-13T11:36:45Z</time>
      </trkpt>
      <trkpt lat="41.619455" lon="2.397170">
        <ele>347.444</ele>
        <time>2024-12-13T11:36:51Z</time>
      </trkpt>
      <trkpt lat="41.619452" lon="2.397213">
        <ele>346.486</ele>
        <time>2024-12-13T11:36:53Z</time>
      </trkpt>
      <trkpt lat="41.619452" lon="2.397254">
        <ele>346.047</ele>
        <time>2024-12-13T11:36:55Z</time>
      </trkpt>
      <trkpt lat="41.619449" lon="2.397294">
        <ele>345.644</ele>
        <time>2024-12-13T11:36:57Z</time>
      </trkpt>
      <trkpt lat="41.619452" lon="2.397338">
        <ele>345.457</ele>
        <time>2024-12-13T11:36:59Z</time>
      </trkpt>
      <trkpt lat="41.619450" lon="2.397380">
        <ele>345.053</ele>
        <time>2024-12-13T11:37:01Z</time>
      </trkpt>
      <trkpt lat="41.619449" lon="2.397419">
        <ele>344.714</ele>
        <time>2024-12-13T11:37:03Z</time>
      </trkpt>
      <trkpt lat="41.619448" lon="2.397459">
        <ele>344.454</ele>
        <time>2024-12-13T11:37:05Z</time>
      </trkpt>
      <trkpt lat="41.619450" lon="2.397496">
        <ele>344.209</ele>
        <time>2024-12-13T11:37:07Z</time>
      </trkpt>
      <trkpt lat="41.619456" lon="2.397539">
        <ele>344.009</ele>
        <time>2024-12-13T11:37:09Z</time>
      </trkpt>
      <trkpt lat="41.619471" lon="2.397591">
        <ele>344.062</ele>
        <time>2024-12-13T11:37:12Z</time>
      </trkpt>
      <trkpt lat="41.619484" lon="2.397625">
        <ele>344.130</ele>
        <time>2024-12-13T11:37:14Z</time>
      </trkpt>
      <trkpt lat="41.619495" lon="2.397669">
        <ele>344.026</ele>
        <time>2024-12-13T11:37:16Z</time>
      </trkpt>
      <trkpt lat="41.619511" lon="2.397706">
        <ele>344.191</ele>
        <time>2024-12-13T11:37:18Z</time>
      </trkpt>
      <trkpt lat="41.619522" lon="2.397744">
        <ele>344.093</ele>
        <time>2024-12-13T11:37:20Z</time>
      </trkpt>
      <trkpt lat="41.619533" lon="2.397781">
        <ele>343.964</ele>
        <time>2024-12-13T11:37:22Z</time>
      </trkpt>
      <trkpt lat="41.619542" lon="2.397825">
        <ele>343.551</ele>
        <time>2024-12-13T11:37:24Z</time>
      </trkpt>
      <trkpt lat="41.619549" lon="2.397865">
        <ele>343.234</ele>
        <time>2024-12-13T11:37:26Z</time>
      </trkpt>
      <trkpt lat="41.619564" lon="2.397902">
        <ele>343.020</ele>
        <time>2024-12-13T11:37:28Z</time>
      </trkpt>
      <trkpt lat="41.619580" lon="2.397932">
        <ele>343.043</ele>
        <time>2024-12-13T11:37:30Z</time>
      </trkpt>
      <trkpt lat="41.619596" lon="2.397962">
        <ele>342.964</ele>
        <time>2024-12-13T11:37:32Z</time>
      </trkpt>
      <trkpt lat="41.619615" lon="2.397990">
        <ele>342.910</ele>
        <time>2024-12-13T11:37:34Z</time>
      </trkpt>
      <trkpt lat="41.619635" lon="2.398014">
        <ele>343.009</ele>
        <time>2024-12-13T11:37:36Z</time>
      </trkpt>
      <trkpt lat="41.619683" lon="2.398054">
        <ele>343.325</ele>
        <time>2024-12-13T11:37:40Z</time>
      </trkpt>
      <trkpt lat="41.619723" lon="2.398098">
        <ele>343.323</ele>
        <time>2024-12-13T11:37:44Z</time>
      </trkpt>
      <trkpt lat="41.619768" lon="2.398139">
        <ele>343.399</ele>
        <time>2024-12-13T11:37:48Z</time>
      </trkpt>
      <trkpt lat="41.619792" lon="2.398160">
        <ele>343.464</ele>
        <time>2024-12-13T11:37:50Z</time>
      </trkpt>
      <trkpt lat="41.619820" lon="2.398180">
        <ele>343.546</ele>
        <time>2024-12-13T11:37:52Z</time>
      </trkpt>
      <trkpt lat="41.619848" lon="2.398193">
        <ele>343.867</ele>
        <time>2024-12-13T11:37:54Z</time>
      </trkpt>
      <trkpt lat="41.619902" lon="2.398227">
        <ele>344.244</ele>
        <time>2024-12-13T11:37:58Z</time>
      </trkpt>
      <trkpt lat="41.619929" lon="2.398250">
        <ele>344.277</ele>
        <time>2024-12-13T11:38:00Z</time>
      </trkpt>
      <trkpt lat="41.619955" lon="2.398267">
        <ele>344.443</ele>
        <time>2024-12-13T11:38:02Z</time>
      </trkpt>
      <trkpt lat="41.619984" lon="2.398283">
        <ele>344.684</ele>
        <time>2024-12-13T11:38:04Z</time>
      </trkpt>
      <trkpt lat="41.620011" lon="2.398298">
        <ele>344.807</ele>
        <time>2024-12-13T11:38:06Z</time>
      </trkpt>
      <trkpt lat="41.620036" lon="2.398313">
        <ele>344.817</ele>
        <time>2024-12-13T11:38:08Z</time>
      </trkpt>
      <trkpt lat="41.620062" lon="2.398335">
        <ele>344.609</ele>
        <time>2024-12-13T11:38:10Z</time>
      </trkpt>
      <trkpt lat="41.620087" lon="2.398349">
        <ele>344.739</ele>
        <time>2024-12-13T11:38:12Z</time>
      </trkpt>
      <trkpt lat="41.620115" lon="2.398373">
        <ele>344.547</ele>
        <time>2024-12-13T11:38:14Z</time>
      </trkpt>
      <trkpt lat="41.620158" lon="2.398411">
        <ele>344.323</ele>
        <time>2024-12-13T11:38:17Z</time>
      </trkpt>
      <trkpt lat="41.620184" lon="2.398432">
        <ele>344.218</ele>
        <time>2024-12-13T11:38:19Z</time>
      </trkpt>
      <trkpt lat="41.620235" lon="2.398467">
        <ele>344.160</ele>
        <time>2024-12-13T11:38:23Z</time>
      </trkpt>
      <trkpt lat="41.620263" lon="2.398487">
        <ele>344.141</ele>
        <time>2024-12-13T11:38:25Z</time>
      </trkpt>
      <trkpt lat="41.620295" lon="2.398501">
        <ele>344.178</ele>
        <time>2024-12-13T11:38:27Z</time>
      </trkpt>
      <trkpt lat="41.620322" lon="2.398527">
        <ele>343.811</ele>
        <time>2024-12-13T11:38:29Z</time>
      </trkpt>
      <trkpt lat="41.620348" lon="2.398542">
        <ele>343.847</ele>
        <time>2024-12-13T11:38:31Z</time>
      </trkpt>
      <trkpt lat="41.620374" lon="2.398555">
        <ele>343.792</ele>
        <time>2024-12-13T11:38:33Z</time>
      </trkpt>
      <trkpt lat="41.620418" lon="2.398583">
        <ele>343.573</ele>
        <time>2024-12-13T11:38:37Z</time>
      </trkpt>
      <trkpt lat="41.620443" lon="2.398598">
        <ele>343.420</ele>
        <time>2024-12-13T11:38:39Z</time>
      </trkpt>
      <trkpt lat="41.620468" lon="2.398620">
        <ele>343.309</ele>
        <time>2024-12-13T11:38:41Z</time>
      </trkpt>
      <trkpt lat="41.620519" lon="2.398657">
        <ele>343.210</ele>
        <time>2024-12-13T11:38:45Z</time>
      </trkpt>
      <trkpt lat="41.620548" lon="2.398678">
        <ele>343.218</ele>
        <time>2024-12-13T11:38:47Z</time>
      </trkpt>
      <trkpt lat="41.620573" lon="2.398707">
        <ele>343.244</ele>
        <time>2024-12-13T11:38:49Z</time>
      </trkpt>
      <trkpt lat="41.620596" lon="2.398726">
        <ele>343.349</ele>
        <time>2024-12-13T11:38:51Z</time>
      </trkpt>
      <trkpt lat="41.620627" lon="2.398744">
        <ele>343.531</ele>
        <time>2024-12-13T11:38:53Z</time>
      </trkpt>
      <trkpt lat="41.620653" lon="2.398756">
        <ele>343.742</ele>
        <time>2024-12-13T11:38:55Z</time>
      </trkpt>
      <trkpt lat="41.620702" lon="2.398775">
        <ele>344.059</ele>
        <time>2024-12-13T11:38:58Z</time>
      </trkpt>
      <trkpt lat="41.620744" lon="2.398818">
        <ele>344.082</ele>
        <time>2024-12-13T11:39:01Z</time>
      </trkpt>
      <trkpt lat="41.620772" lon="2.398842">
        <ele>344.018</ele>
        <time>2024-12-13T11:39:03Z</time>
      </trkpt>
      <trkpt lat="41.620794" lon="2.398868">
        <ele>343.935</ele>
        <time>2024-12-13T11:39:05Z</time>
      </trkpt>
      <trkpt lat="41.620814" lon="2.398894">
        <ele>343.786</ele>
        <time>2024-12-13T11:39:07Z</time>
      </trkpt>
      <trkpt lat="41.620831" lon="2.398926">
        <ele>343.614</ele>
        <time>2024-12-13T11:39:09Z</time>
      </trkpt>
      <trkpt lat="41.620848" lon="2.398960">
        <ele>343.609</ele>
        <time>2024-12-13T11:39:11Z</time>
      </trkpt>
      <trkpt lat="41.620867" lon="2.398992">
        <ele>343.864</ele>
        <time>2024-12-13T11:39:13Z</time>
      </trkpt>
      <trkpt lat="41.620893" lon="2.399059">
        <ele>343.842</ele>
        <time>2024-12-13T11:39:17Z</time>
      </trkpt>
      <trkpt lat="41.620919" lon="2.399119">
        <ele>343.958</ele>
        <time>2024-12-13T11:39:21Z</time>
      </trkpt>
      <trkpt lat="41.620940" lon="2.399154">
        <ele>344.253</ele>
        <time>2024-12-13T11:39:23Z</time>
      </trkpt>
      <trkpt lat="41.620958" lon="2.399192">
        <ele>344.435</ele>
        <time>2024-12-13T11:39:25Z</time>
      </trkpt>
      <trkpt lat="41.620968" lon="2.399228">
        <ele>344.346</ele>
        <time>2024-12-13T11:39:27Z</time>
      </trkpt>
      <trkpt lat="41.620980" lon="2.399263">
        <ele>344.443</ele>
        <time>2024-12-13T11:39:29Z</time>
      </trkpt>
      <trkpt lat="41.620993" lon="2.399297">
        <ele>344.576</ele>
        <time>2024-12-13T11:39:31Z</time>
      </trkpt>
      <trkpt lat="41.621007" lon="2.399330">
        <ele>344.622</ele>
        <time>2024-12-13T11:39:33Z</time>
      </trkpt>
      <trkpt lat="41.621032" lon="2.399401">
        <ele>344.825</ele>
        <time>2024-12-13T11:39:37Z</time>
      </trkpt>
      <trkpt lat="41.621048" lon="2.399470">
        <ele>344.826</ele>
        <time>2024-12-13T11:39:41Z</time>
      </trkpt>
      <trkpt lat="41.621051" lon="2.399513">
        <ele>344.508</ele>
        <time>2024-12-13T11:39:43Z</time>
      </trkpt>
      <trkpt lat="41.621056" lon="2.399557">
        <ele>344.309</ele>
        <time>2024-12-13T11:39:45Z</time>
      </trkpt>
      <trkpt lat="41.621056" lon="2.399595">
        <ele>344.033</ele>
        <time>2024-12-13T11:39:47Z</time>
      </trkpt>
      <trkpt lat="41.621060" lon="2.399636">
        <ele>343.831</ele>
        <time>2024-12-13T11:39:49Z</time>
      </trkpt>
      <trkpt lat="41.621067" lon="2.399696">
        <ele>343.697</ele>
        <time>2024-12-13T11:39:52Z</time>
      </trkpt>
      <trkpt lat="41.621069" lon="2.399742">
        <ele>343.412</ele>
        <time>2024-12-13T11:39:54Z</time>
      </trkpt>
      <trkpt lat="41.621069" lon="2.399785">
        <ele>343.324</ele>
        <time>2024-12-13T11:39:56Z</time>
      </trkpt>
      <trkpt lat="41.621069" lon="2.399825">
        <ele>343.275</ele>
        <time>2024-12-13T11:39:58Z</time>
      </trkpt>
      <trkpt lat="41.621063" lon="2.399863">
        <ele>342.892</ele>
        <time>2024-12-13T11:40:00Z</time>
      </trkpt>
      <trkpt lat="41.621055" lon="2.399905">
        <ele>342.515</ele>
        <time>2024-12-13T11:40:02Z</time>
      </trkpt>
      <trkpt lat="41.621046" lon="2.399946">
        <ele>342.061</ele>
        <time>2024-12-13T11:40:04Z</time>
      </trkpt>
      <trkpt lat="41.621024" lon="2.400013">
        <ele>341.351</ele>
        <time>2024-12-13T11:40:08Z</time>
      </trkpt>
      <trkpt lat="41.621013" lon="2.400051">
        <ele>341.101</ele>
        <time>2024-12-13T11:40:10Z</time>
      </trkpt>
      <trkpt lat="41.621002" lon="2.400087">
        <ele>341.011</ele>
        <time>2024-12-13T11:40:12Z</time>
      </trkpt>
      <trkpt lat="41.620989" lon="2.400122">
        <ele>340.909</ele>
        <time>2024-12-13T11:40:14Z</time>
      </trkpt>
      <trkpt lat="41.620975" lon="2.400156">
        <ele>340.736</ele>
        <time>2024-12-13T11:40:16Z</time>
      </trkpt>
      <trkpt lat="41.620954" lon="2.400216">
        <ele>340.694</ele>
        <time>2024-12-13T11:40:19Z</time>
      </trkpt>
      <trkpt lat="41.620943" lon="2.400255">
        <ele>340.640</ele>
        <time>2024-12-13T11:40:21Z</time>
      </trkpt>
      <trkpt lat="41.620933" lon="2.400296">
        <ele>340.685</ele>
        <time>2024-12-13T11:40:23Z</time>
      </trkpt>
      <trkpt lat="41.620920" lon="2.400334">
        <ele>340.647</ele>
        <time>2024-12-13T11:40:25Z</time>
      </trkpt>
      <trkpt lat="41.620907" lon="2.400372">
        <ele>340.638</ele>
        <time>2024-12-13T11:40:27Z</time>
      </trkpt>
      <trkpt lat="41.620898" lon="2.400412">
        <ele>340.755</ele>
        <time>2024-12-13T11:40:29Z</time>
      </trkpt>
      <trkpt lat="41.620887" lon="2.400445">
        <ele>340.868</ele>
        <time>2024-12-13T11:40:31Z</time>
      </trkpt>
      <trkpt lat="41.620877" lon="2.400482">
        <ele>341.014</ele>
        <time>2024-12-13T11:40:33Z</time>
      </trkpt>
      <trkpt lat="41.620864" lon="2.400520">
        <ele>341.146</ele>
        <time>2024-12-13T11:40:35Z</time>
      </trkpt>
      <trkpt lat="41.620843" lon="2.400545">
        <ele>341.088</ele>
        <time>2024-12-13T11:40:37Z</time>
      </trkpt>
      <trkpt lat="41.620827" lon="2.400578">
        <ele>340.916</ele>
        <time>2024-12-13T11:40:39Z</time>
      </trkpt>
      <trkpt lat="41.620808" lon="2.400607">
        <ele>340.509</ele>
        <time>2024-12-13T11:40:41Z</time>
      </trkpt>
      <trkpt lat="41.620783" lon="2.400676">
        <ele>340.035</ele>
        <time>2024-12-13T11:40:45Z</time>
      </trkpt>
      <trkpt lat="41.620782" lon="2.400716">
        <ele>340.043</ele>
        <time>2024-12-13T11:40:47Z</time>
      </trkpt>
      <trkpt lat="41.620807" lon="2.400778">
        <ele>340.529</ele>
        <time>2024-12-13T11:40:51Z</time>
      </trkpt>
      <trkpt lat="41.620830" lon="2.400803">
        <ele>340.924</ele>
        <time>2024-12-13T11:40:53Z</time>
      </trkpt>
      <trkpt lat="41.620858" lon="2.400815">
        <ele>341.396</ele>
        <time>2024-12-13T11:40:55Z</time>
      </trkpt>
      <trkpt lat="41.620912" lon="2.400821">
        <ele>341.957</ele>
        <time>2024-12-13T11:40:59Z</time>
      </trkpt>
      <trkpt lat="41.620943" lon="2.400824">
        <ele>342.284</ele>
        <time>2024-12-13T11:41:01Z</time>
      </trkpt>
      <trkpt lat="41.620973" lon="2.400823">
        <ele>342.557</ele>
        <time>2024-12-13T11:41:03Z</time>
      </trkpt>
      <trkpt lat="41.621023" lon="2.400828">
        <ele>343.143</ele>
        <time>2024-12-13T11:41:07Z</time>
      </trkpt>
      <trkpt lat="41.621051" lon="2.400825">
        <ele>343.472</ele>
        <time>2024-12-13T11:41:09Z</time>
      </trkpt>
      <trkpt lat="41.621081" lon="2.400828">
        <ele>343.713</ele>
        <time>2024-12-13T11:41:11Z</time>
      </trkpt>
      <trkpt lat="41.621109" lon="2.400831">
        <ele>344.014</ele>
        <time>2024-12-13T11:41:13Z</time>
      </trkpt>
      <trkpt lat="41.621167" lon="2.400823">
        <ele>344.109</ele>
        <time>2024-12-13T11:41:17Z</time>
      </trkpt>
      <trkpt lat="41.621198" lon="2.400818">
        <ele>344.138</ele>
        <time>2024-12-13T11:41:19Z</time>
      </trkpt>
      <trkpt lat="41.621228" lon="2.400821">
        <ele>344.146</ele>
        <time>2024-12-13T11:41:21Z</time>
      </trkpt>
      <trkpt lat="41.621258" lon="2.400818">
        <ele>344.222</ele>
        <time>2024-12-13T11:41:23Z</time>
      </trkpt>
      <trkpt lat="41.621288" lon="2.400818">
        <ele>344.227</ele>
        <time>2024-12-13T11:41:25Z</time>
      </trkpt>
      <trkpt lat="41.621336" lon="2.400819">
        <ele>344.319</ele>
        <time>2024-12-13T11:41:28Z</time>
      </trkpt>
      <trkpt lat="41.621367" lon="2.400823">
        <ele>344.280</ele>
        <time>2024-12-13T11:41:30Z</time>
      </trkpt>
      <trkpt lat="41.621401" lon="2.400819">
        <ele>344.547</ele>
        <time>2024-12-13T11:41:32Z</time>
      </trkpt>
      <trkpt lat="41.621432" lon="2.400824">
        <ele>344.890</ele>
        <time>2024-12-13T11:41:34Z</time>
      </trkpt>
      <trkpt lat="41.621489" lon="2.400833">
        <ele>345.476</ele>
        <time>2024-12-13T11:41:38Z</time>
      </trkpt>
      <trkpt lat="41.621538" lon="2.400845">
        <ele>345.865</ele>
        <time>2024-12-13T11:41:42Z</time>
      </trkpt>
      <trkpt lat="41.621572" lon="2.400850">
        <ele>346.268</ele>
        <time>2024-12-13T11:41:44Z</time>
      </trkpt>
      <trkpt lat="41.621605" lon="2.400859">
        <ele>346.414</ele>
        <time>2024-12-13T11:41:46Z</time>
      </trkpt>
      <trkpt lat="41.621634" lon="2.400869">
        <ele>346.509</ele>
        <time>2024-12-13T11:41:48Z</time>
      </trkpt>
      <trkpt lat="41.621662" lon="2.400882">
        <ele>346.587</ele>
        <time>2024-12-13T11:41:50Z</time>
      </trkpt>
      <trkpt lat="41.621690" lon="2.400889">
        <ele>346.575</ele>
        <time>2024-12-13T11:41:52Z</time>
      </trkpt>
      <trkpt lat="41.621722" lon="2.400893">
        <ele>346.571</ele>
        <time>2024-12-13T11:41:54Z</time>
      </trkpt>
      <trkpt lat="41.621748" lon="2.400903">
        <ele>346.356</ele>
        <time>2024-12-13T11:41:56Z</time>
      </trkpt>
      <trkpt lat="41.621774" lon="2.400917">
        <ele>346.028</ele>
        <time>2024-12-13T11:41:58Z</time>
      </trkpt>
      <trkpt lat="41.621808" lon="2.400925">
        <ele>345.959</ele>
        <time>2024-12-13T11:42:00Z</time>
      </trkpt>
      <trkpt lat="41.621838" lon="2.400933">
        <ele>345.786</ele>
        <time>2024-12-13T11:42:02Z</time>
      </trkpt>
      <trkpt lat="41.621884" lon="2.400947">
        <ele>345.589</ele>
        <time>2024-12-13T11:42:06Z</time>
      </trkpt>
      <trkpt lat="41.621911" lon="2.400958">
        <ele>345.315</ele>
        <time>2024-12-13T11:42:08Z</time>
      </trkpt>
      <trkpt lat="41.621965" lon="2.400983">
        <ele>344.836</ele>
        <time>2024-12-13T11:42:12Z</time>
      </trkpt>
      <trkpt lat="41.621994" lon="2.400999">
        <ele>344.417</ele>
        <time>2024-12-13T11:42:14Z</time>
      </trkpt>
      <trkpt lat="41.622035" lon="2.401023">
        <ele>344.018</ele>
        <time>2024-12-13T11:42:17Z</time>
      </trkpt>
      <trkpt lat="41.622064" lon="2.401036">
        <ele>343.809</ele>
        <time>2024-12-13T11:42:19Z</time>
      </trkpt>
      <trkpt lat="41.622093" lon="2.401043">
        <ele>343.864</ele>
        <time>2024-12-13T11:42:21Z</time>
      </trkpt>
      <trkpt lat="41.622123" lon="2.401049">
        <ele>343.872</ele>
        <time>2024-12-13T11:42:23Z</time>
      </trkpt>
      <trkpt lat="41.622175" lon="2.401077">
        <ele>343.418</ele>
        <time>2024-12-13T11:42:26Z</time>
      </trkpt>
      <trkpt lat="41.622215" lon="2.401105">
        <ele>343.193</ele>
        <time>2024-12-13T11:42:29Z</time>
      </trkpt>
      <trkpt lat="41.622242" lon="2.401129">
        <ele>342.565</ele>
        <time>2024-12-13T11:42:31Z</time>
      </trkpt>
      <trkpt lat="41.622269" lon="2.401154">
        <ele>341.836</ele>
        <time>2024-12-13T11:42:33Z</time>
      </trkpt>
      <trkpt lat="41.622309" lon="2.401196">
        <ele>340.753</ele>
        <time>2024-12-13T11:42:36Z</time>
      </trkpt>
      <trkpt lat="41.622335" lon="2.401217">
        <ele>340.176</ele>
        <time>2024-12-13T11:42:38Z</time>
      </trkpt>
      <trkpt lat="41.622360" lon="2.401241">
        <ele>339.572</ele>
        <time>2024-12-13T11:42:40Z</time>
      </trkpt>
      <trkpt lat="41.622404" lon="2.401259">
        <ele>339.195</ele>
        <time>2024-12-13T11:42:44Z</time>
      </trkpt>
      <trkpt lat="41.622433" lon="2.401246">
        <ele>339.549</ele>
        <time>2024-12-13T11:42:46Z</time>
      </trkpt>
      <trkpt lat="41.622477" lon="2.401205">
        <ele>340.623</ele>
        <time>2024-12-13T11:42:49Z</time>
      </trkpt>
      <trkpt lat="41.622499" lon="2.401180">
        <ele>341.309</ele>
        <time>2024-12-13T11:42:51Z</time>
      </trkpt>
      <trkpt lat="41.622540" lon="2.401118">
        <ele>342.160</ele>
        <time>2024-12-13T11:42:55Z</time>
      </trkpt>
      <trkpt lat="41.622564" lon="2.401093">
        <ele>342.238</ele>
        <time>2024-12-13T11:42:57Z</time>
      </trkpt>
      <trkpt lat="41.622590" lon="2.401061">
        <ele>342.314</ele>
        <time>2024-12-13T11:42:59Z</time>
      </trkpt>
      <trkpt lat="41.622629" lon="2.401012">
        <ele>342.629</ele>
        <time>2024-12-13T11:43:03Z</time>
      </trkpt>
      <trkpt lat="41.622663" lon="2.400966">
        <ele>343.181</ele>
        <time>2024-12-13T11:43:07Z</time>
      </trkpt>
      <trkpt lat="41.622711" lon="2.400926">
        <ele>343.462</ele>
        <time>2024-12-13T11:43:11Z</time>
      </trkpt>
      <trkpt lat="41.622739" lon="2.400899">
        <ele>343.749</ele>
        <time>2024-12-13T11:43:13Z</time>
      </trkpt>
      <trkpt lat="41.622762" lon="2.400876">
        <ele>344.122</ele>
        <time>2024-12-13T11:43:15Z</time>
      </trkpt>
      <trkpt lat="41.622784" lon="2.400849">
        <ele>344.538</ele>
        <time>2024-12-13T11:43:17Z</time>
      </trkpt>
      <trkpt lat="41.622829" lon="2.400807">
        <ele>344.857</ele>
        <time>2024-12-13T11:43:21Z</time>
      </trkpt>
      <trkpt lat="41.622854" lon="2.400784">
        <ele>344.900</ele>
        <time>2024-12-13T11:43:23Z</time>
      </trkpt>
      <trkpt lat="41.622884" lon="2.400769">
        <ele>344.920</ele>
        <time>2024-12-13T11:43:25Z</time>
      </trkpt>
      <trkpt lat="41.622936" lon="2.400742">
        <ele>344.809</ele>
        <time>2024-12-13T11:43:29Z</time>
      </trkpt>
      <trkpt lat="41.622964" lon="2.400732">
        <ele>344.756</ele>
        <time>2024-12-13T11:43:31Z</time>
      </trkpt>
      <trkpt lat="41.622997" lon="2.400731">
        <ele>344.474</ele>
        <time>2024-12-13T11:43:33Z</time>
      </trkpt>
      <trkpt lat="41.623024" lon="2.400737">
        <ele>344.040</ele>
        <time>2024-12-13T11:43:35Z</time>
      </trkpt>
      <trkpt lat="41.623067" lon="2.400758">
        <ele>343.455</ele>
        <time>2024-12-13T11:43:38Z</time>
      </trkpt>
      <trkpt lat="41.623103" lon="2.400790">
        <ele>343.137</ele>
        <time>2024-12-13T11:43:41Z</time>
      </trkpt>
      <trkpt lat="41.623128" lon="2.400817">
        <ele>342.818</ele>
        <time>2024-12-13T11:43:43Z</time>
      </trkpt>
      <trkpt lat="41.623157" lon="2.400848">
        <ele>342.345</ele>
        <time>2024-12-13T11:43:45Z</time>
      </trkpt>
      <trkpt lat="41.623183" lon="2.400868">
        <ele>342.028</ele>
        <time>2024-12-13T11:43:47Z</time>
      </trkpt>
      <trkpt lat="41.623210" lon="2.400894">
        <ele>341.574</ele>
        <time>2024-12-13T11:43:49Z</time>
      </trkpt>
      <trkpt lat="41.623232" lon="2.400917">
        <ele>341.093</ele>
        <time>2024-12-13T11:43:51Z</time>
      </trkpt>
      <trkpt lat="41.623252" lon="2.400944">
        <ele>340.365</ele>
        <time>2024-12-13T11:43:53Z</time>
      </trkpt>
      <trkpt lat="41.623273" lon="2.400971">
        <ele>339.721</ele>
        <time>2024-12-13T11:43:55Z</time>
      </trkpt>
      <trkpt lat="41.623311" lon="2.401019">
        <ele>338.509</ele>
        <time>2024-12-13T11:43:59Z</time>
      </trkpt>
      <trkpt lat="41.623336" lon="2.401039">
        <ele>338.130</ele>
        <time>2024-12-13T11:44:01Z</time>
      </trkpt>
      <trkpt lat="41.623360" lon="2.401058">
        <ele>337.948</ele>
        <time>2024-12-13T11:44:03Z</time>
      </trkpt>
      <trkpt lat="41.623402" lon="2.401092">
        <ele>337.744</ele>
        <time>2024-12-13T11:44:06Z</time>
      </trkpt>
      <trkpt lat="41.623426" lon="2.401110">
        <ele>337.769</ele>
        <time>2024-12-13T11:44:08Z</time>
      </trkpt>
      <trkpt lat="41.623468" lon="2.401146">
        <ele>337.721</ele>
        <time>2024-12-13T11:44:12Z</time>
      </trkpt>
      <trkpt lat="41.623506" lon="2.401176">
        <ele>337.812</ele>
        <time>2024-12-13T11:44:15Z</time>
      </trkpt>
      <trkpt lat="41.623531" lon="2.401197">
        <ele>337.819</ele>
        <time>2024-12-13T11:44:17Z</time>
      </trkpt>
      <trkpt lat="41.623560" lon="2.401247">
        <ele>337.272</ele>
        <time>2024-12-13T11:44:21Z</time>
      </trkpt>
      <trkpt lat="41.623589" lon="2.401301">
        <ele>336.698</ele>
        <time>2024-12-13T11:44:25Z</time>
      </trkpt>
      <trkpt lat="41.623612" lon="2.401358">
        <ele>335.744</ele>
        <time>2024-12-13T11:44:29Z</time>
      </trkpt>
      <trkpt lat="41.623641" lon="2.401400">
        <ele>335.205</ele>
        <time>2024-12-13T11:44:33Z</time>
      </trkpt>
      <trkpt lat="41.623676" lon="2.401448">
        <ele>334.815</ele>
        <time>2024-12-13T11:44:37Z</time>
      </trkpt>
      <trkpt lat="41.623691" lon="2.401485">
        <ele>334.409</ele>
        <time>2024-12-13T11:44:39Z</time>
      </trkpt>
      <trkpt lat="41.623717" lon="2.401542">
        <ele>333.745</ele>
        <time>2024-12-13T11:44:43Z</time>
      </trkpt>
      <trkpt lat="41.623734" lon="2.401580">
        <ele>333.393</ele>
        <time>2024-12-13T11:44:46Z</time>
      </trkpt>
      <trkpt lat="41.623762" lon="2.401642">
        <ele>332.569</ele>
        <time>2024-12-13T11:44:49Z</time>
      </trkpt>
      <trkpt lat="41.623780" lon="2.401679">
        <ele>332.034</ele>
        <time>2024-12-13T11:44:51Z</time>
      </trkpt>
      <trkpt lat="41.623802" lon="2.401741">
        <ele>331.076</ele>
        <time>2024-12-13T11:44:55Z</time>
      </trkpt>
      <trkpt lat="41.623807" lon="2.401777">
        <ele>330.467</ele>
        <time>2024-12-13T11:44:57Z</time>
      </trkpt>
      <trkpt lat="41.623823" lon="2.401843">
        <ele>329.464</ele>
        <time>2024-12-13T11:45:01Z</time>
      </trkpt>
      <trkpt lat="41.623827" lon="2.401880">
        <ele>328.737</ele>
        <time>2024-12-13T11:45:03Z</time>
      </trkpt>
      <trkpt lat="41.623847" lon="2.401937">
        <ele>327.823</ele>
        <time>2024-12-13T11:45:07Z</time>
      </trkpt>
      <trkpt lat="41.623856" lon="2.401971">
        <ele>327.373</ele>
        <time>2024-12-13T11:45:09Z</time>
      </trkpt>
      <trkpt lat="41.623888" lon="2.402034">
        <ele>326.785</ele>
        <time>2024-12-13T11:45:13Z</time>
      </trkpt>
      <trkpt lat="41.623907" lon="2.402064">
        <ele>326.513</ele>
        <time>2024-12-13T11:45:15Z</time>
      </trkpt>
      <trkpt lat="41.623912" lon="2.402133">
        <ele>325.609</ele>
        <time>2024-12-13T11:45:19Z</time>
      </trkpt>
      <trkpt lat="41.623932" lon="2.402161">
        <ele>325.578</ele>
        <time>2024-12-13T11:45:21Z</time>
      </trkpt>
      <trkpt lat="41.623951" lon="2.402194">
        <ele>325.386</ele>
        <time>2024-12-13T11:45:23Z</time>
      </trkpt>
      <trkpt lat="41.623972" lon="2.402256">
        <ele>324.822</ele>
        <time>2024-12-13T11:45:27Z</time>
      </trkpt>
      <trkpt lat="41.623984" lon="2.402290">
        <ele>324.617</ele>
        <time>2024-12-13T11:45:29Z</time>
      </trkpt>
      <trkpt lat="41.623991" lon="2.402327">
        <ele>324.429</ele>
        <time>2024-12-13T11:45:31Z</time>
      </trkpt>
      <trkpt lat="41.624003" lon="2.402361">
        <ele>324.340</ele>
        <time>2024-12-13T11:45:33Z</time>
      </trkpt>
      <trkpt lat="41.624015" lon="2.402397">
        <ele>324.287</ele>
        <time>2024-12-13T11:45:35Z</time>
      </trkpt>
      <trkpt lat="41.624033" lon="2.402464">
        <ele>323.990</ele>
        <time>2024-12-13T11:45:39Z</time>
      </trkpt>
      <trkpt lat="41.624045" lon="2.402503">
        <ele>323.916</ele>
        <time>2024-12-13T11:45:41Z</time>
      </trkpt>
      <trkpt lat="41.624055" lon="2.402559">
        <ele>324.268</ele>
        <time>2024-12-13T11:45:44Z</time>
      </trkpt>
      <trkpt lat="41.624070" lon="2.402628">
        <ele>324.642</ele>
        <time>2024-12-13T11:45:48Z</time>
      </trkpt>
      <trkpt lat="41.624078" lon="2.402666">
        <ele>324.826</ele>
        <time>2024-12-13T11:45:50Z</time>
      </trkpt>
      <trkpt lat="41.624085" lon="2.402703">
        <ele>324.909</ele>
        <time>2024-12-13T11:45:52Z</time>
      </trkpt>
      <trkpt lat="41.624094" lon="2.402739">
        <ele>325.217</ele>
        <time>2024-12-13T11:45:54Z</time>
      </trkpt>
      <trkpt lat="41.624102" lon="2.402774">
        <ele>325.495</ele>
        <time>2024-12-13T11:45:56Z</time>
      </trkpt>
      <trkpt lat="41.624112" lon="2.402813">
        <ele>325.421</ele>
        <time>2024-12-13T11:45:58Z</time>
      </trkpt>
      <trkpt lat="41.624124" lon="2.402873">
        <ele>325.376</ele>
        <time>2024-12-13T11:46:01Z</time>
      </trkpt>
      <trkpt lat="41.624138" lon="2.402940">
        <ele>325.258</ele>
        <time>2024-12-13T11:46:05Z</time>
      </trkpt>
      <trkpt lat="41.624147" lon="2.402976">
        <ele>325.279</ele>
        <time>2024-12-13T11:46:07Z</time>
      </trkpt>
      <trkpt lat="41.624160" lon="2.403047">
        <ele>324.956</ele>
        <time>2024-12-13T11:46:11Z</time>
      </trkpt>
      <trkpt lat="41.624182" lon="2.403115">
        <ele>325.189</ele>
        <time>2024-12-13T11:46:15Z</time>
      </trkpt>
      <trkpt lat="41.624193" lon="2.403153">
        <ele>325.235</ele>
        <time>2024-12-13T11:46:17Z</time>
      </trkpt>
      <trkpt lat="41.624203" lon="2.403190">
        <ele>325.233</ele>
        <time>2024-12-13T11:46:19Z</time>
      </trkpt>
      <trkpt lat="41.624215" lon="2.403227">
        <ele>325.323</ele>
        <time>2024-12-13T11:46:21Z</time>
      </trkpt>
      <trkpt lat="41.624226" lon="2.403261">
        <ele>325.315</ele>
        <time>2024-12-13T11:46:23Z</time>
      </trkpt>
      <trkpt lat="41.624237" lon="2.403293">
        <ele>325.309</ele>
        <time>2024-12-13T11:46:25Z</time>
      </trkpt>
      <trkpt lat="41.624255" lon="2.403355">
        <ele>325.174</ele>
        <time>2024-12-13T11:46:29Z</time>
      </trkpt>
      <trkpt lat="41.624272" lon="2.403386">
        <ele>325.012</ele>
        <time>2024-12-13T11:46:31Z</time>
      </trkpt>
      <trkpt lat="41.624291" lon="2.403412">
        <ele>325.158</ele>
        <time>2024-12-13T11:46:33Z</time>
      </trkpt>
      <trkpt lat="41.624318" lon="2.403458">
        <ele>325.123</ele>
        <time>2024-12-13T11:46:36Z</time>
      </trkpt>
      <trkpt lat="41.624335" lon="2.403519">
        <ele>324.845</ele>
        <time>2024-12-13T11:46:40Z</time>
      </trkpt>
      <trkpt lat="41.624333" lon="2.403562">
        <ele>324.476</ele>
        <time>2024-12-13T11:46:42Z</time>
      </trkpt>
      <trkpt lat="41.624320" lon="2.403596">
        <ele>323.953</ele>
        <time>2024-12-13T11:46:44Z</time>
      </trkpt>
      <trkpt lat="41.624313" lon="2.403634">
        <ele>323.656</ele>
        <time>2024-12-13T11:46:58Z</time>
      </trkpt>
      <trkpt lat="41.624288" lon="2.403682">
        <ele>323.272</ele>
        <time>2024-12-13T11:47:02Z</time>
      </trkpt>
      <trkpt lat="41.624268" lon="2.403730">
        <ele>322.838</ele>
        <time>2024-12-13T11:47:06Z</time>
      </trkpt>
      <trkpt lat="41.624257" lon="2.403773">
        <ele>322.670</ele>
        <time>2024-12-13T11:47:08Z</time>
      </trkpt>
      <trkpt lat="41.624237" lon="2.403828">
        <ele>322.317</ele>
        <time>2024-12-13T11:47:13Z</time>
      </trkpt>
      <trkpt lat="41.624223" lon="2.403867">
        <ele>322.009</ele>
        <time>2024-12-13T11:47:16Z</time>
      </trkpt>
      <trkpt lat="41.624205" lon="2.403910">
        <ele>321.884</ele>
        <time>2024-12-13T11:47:18Z</time>
      </trkpt>
      <trkpt lat="41.624225" lon="2.403942">
        <ele>322.442</ele>
        <time>2024-12-13T11:47:20Z</time>
      </trkpt>
      <trkpt lat="41.624232" lon="2.403978">
        <ele>322.778</ele>
        <time>2024-12-13T11:47:22Z</time>
      </trkpt>
      <trkpt lat="41.624240" lon="2.404053">
        <ele>323.363</ele>
        <time>2024-12-13T11:47:36Z</time>
      </trkpt>
      <trkpt lat="41.624250" lon="2.404090">
        <ele>323.785</ele>
        <time>2024-12-13T11:47:38Z</time>
      </trkpt>
      <trkpt lat="41.624271" lon="2.404113">
        <ele>324.226</ele>
        <time>2024-12-13T11:47:40Z</time>
      </trkpt>
      <trkpt lat="41.624308" lon="2.404152">
        <ele>325.053</ele>
        <time>2024-12-13T11:47:44Z</time>
      </trkpt>
      <trkpt lat="41.624336" lon="2.404199">
        <ele>325.776</ele>
        <time>2024-12-13T11:47:48Z</time>
      </trkpt>
      <trkpt lat="41.624364" lon="2.404266">
        <ele>326.512</ele>
        <time>2024-12-13T11:47:52Z</time>
      </trkpt>
      <trkpt lat="41.624391" lon="2.404299">
        <ele>327.026</ele>
        <time>2024-12-13T11:48:01Z</time>
      </trkpt>
      <trkpt lat="41.624422" lon="2.404338">
        <ele>327.447</ele>
        <time>2024-12-13T11:48:05Z</time>
      </trkpt>
      <trkpt lat="41.624462" lon="2.404372">
        <ele>327.911</ele>
        <time>2024-12-13T11:48:09Z</time>
      </trkpt>
      <trkpt lat="41.624490" lon="2.404390">
        <ele>328.109</ele>
        <time>2024-12-13T11:48:12Z</time>
      </trkpt>
      <trkpt lat="41.624515" lon="2.404408">
        <ele>328.413</ele>
        <time>2024-12-13T11:48:15Z</time>
      </trkpt>
      <trkpt lat="41.624563" lon="2.404434">
        <ele>328.831</ele>
        <time>2024-12-13T11:48:18Z</time>
      </trkpt>
      <trkpt lat="41.624588" lon="2.404455">
        <ele>329.137</ele>
        <time>2024-12-13T11:48:20Z</time>
      </trkpt>
      <trkpt lat="41.624631" lon="2.404501">
        <ele>329.732</ele>
        <time>2024-12-13T11:48:24Z</time>
      </trkpt>
      <trkpt lat="41.624671" lon="2.404545">
        <ele>330.114</ele>
        <time>2024-12-13T11:48:28Z</time>
      </trkpt>
      <trkpt lat="41.624698" lon="2.404562">
        <ele>330.395</ele>
        <time>2024-12-13T11:48:30Z</time>
      </trkpt>
      <trkpt lat="41.624749" lon="2.404593">
        <ele>330.442</ele>
        <time>2024-12-13T11:48:34Z</time>
      </trkpt>
      <trkpt lat="41.624797" lon="2.404627">
        <ele>330.315</ele>
        <time>2024-12-13T11:48:38Z</time>
      </trkpt>
      <trkpt lat="41.624846" lon="2.404664">
        <ele>330.181</ele>
        <time>2024-12-13T11:48:42Z</time>
      </trkpt>
      <trkpt lat="41.624870" lon="2.404682">
        <ele>329.924</ele>
        <time>2024-12-13T11:48:44Z</time>
      </trkpt>
      <trkpt lat="41.624899" lon="2.404695">
        <ele>329.804</ele>
        <time>2024-12-13T11:48:46Z</time>
      </trkpt>
      <trkpt lat="41.624925" lon="2.404714">
        <ele>329.614</ele>
        <time>2024-12-13T11:48:48Z</time>
      </trkpt>
      <trkpt lat="41.624971" lon="2.404747">
        <ele>329.309</ele>
        <time>2024-12-13T11:48:52Z</time>
      </trkpt>
      <trkpt lat="41.625000" lon="2.404766">
        <ele>329.293</ele>
        <time>2024-12-13T11:48:54Z</time>
      </trkpt>
      <trkpt lat="41.625028" lon="2.404787">
        <ele>329.111</ele>
        <time>2024-12-13T11:48:56Z</time>
      </trkpt>
      <trkpt lat="41.625077" lon="2.404823">
        <ele>329.147</ele>
        <time>2024-12-13T11:49:00Z</time>
      </trkpt>
      <trkpt lat="41.625120" lon="2.404863">
        <ele>329.142</ele>
        <time>2024-12-13T11:49:04Z</time>
      </trkpt>
      <trkpt lat="41.625160" lon="2.404905">
        <ele>329.194</ele>
        <time>2024-12-13T11:49:08Z</time>
      </trkpt>
      <trkpt lat="41.625207" lon="2.404931">
        <ele>329.075</ele>
        <time>2024-12-13T11:49:12Z</time>
      </trkpt>
      <trkpt lat="41.625249" lon="2.404968">
        <ele>329.032</ele>
        <time>2024-12-13T11:49:16Z</time>
      </trkpt>
      <trkpt lat="41.625274" lon="2.404981">
        <ele>328.985</ele>
        <time>2024-12-13T11:49:18Z</time>
      </trkpt>
      <trkpt lat="41.625299" lon="2.404996">
        <ele>329.211</ele>
        <time>2024-12-13T11:49:20Z</time>
      </trkpt>
      <trkpt lat="41.625324" lon="2.405015">
        <ele>329.795</ele>
        <time>2024-12-13T11:49:22Z</time>
      </trkpt>
      <trkpt lat="41.625372" lon="2.405063">
        <ele>330.649</ele>
        <time>2024-12-13T11:49:26Z</time>
      </trkpt>
      <trkpt lat="41.625399" lon="2.405091">
        <ele>331.123</ele>
        <time>2024-12-13T11:49:28Z</time>
      </trkpt>
      <trkpt lat="41.625426" lon="2.405116">
        <ele>331.609</ele>
        <time>2024-12-13T11:49:30Z</time>
      </trkpt>
      <trkpt lat="41.625448" lon="2.405143">
        <ele>332.180</ele>
        <time>2024-12-13T11:49:32Z</time>
      </trkpt>
      <trkpt lat="41.625482" lon="2.405194">
        <ele>332.828</ele>
        <time>2024-12-13T11:49:36Z</time>
      </trkpt>
      <trkpt lat="41.625499" lon="2.405223">
        <ele>333.244</ele>
        <time>2024-12-13T11:49:38Z</time>
      </trkpt>
      <trkpt lat="41.625532" lon="2.405283">
        <ele>333.989</ele>
        <time>2024-12-13T11:49:42Z</time>
      </trkpt>
      <trkpt lat="41.625551" lon="2.405314">
        <ele>334.221</ele>
        <time>2024-12-13T11:49:44Z</time>
      </trkpt>
      <trkpt lat="41.625581" lon="2.405377">
        <ele>334.932</ele>
        <time>2024-12-13T11:49:48Z</time>
      </trkpt>
      <trkpt lat="41.625594" lon="2.405411">
        <ele>335.229</ele>
        <time>2024-12-13T11:49:50Z</time>
      </trkpt>
      <trkpt lat="41.625608" lon="2.405463">
        <ele>335.732</ele>
        <time>2024-12-13T11:49:54Z</time>
      </trkpt>
      <trkpt lat="41.625612" lon="2.405521">
        <ele>336.268</ele>
        <time>2024-12-13T11:50:04Z</time>
      </trkpt>
      <trkpt lat="41.625623" lon="2.405594">
        <ele>336.752</ele>
        <time>2024-12-13T11:50:08Z</time>
      </trkpt>
      <trkpt lat="41.625632" lon="2.405638">
        <ele>336.953</ele>
        <time>2024-12-13T11:50:10Z</time>
      </trkpt>
      <trkpt lat="41.625638" lon="2.405679">
        <ele>337.208</ele>
        <time>2024-12-13T11:50:12Z</time>
      </trkpt>
      <trkpt lat="41.625646" lon="2.405747">
        <ele>337.609</ele>
        <time>2024-12-13T11:50:16Z</time>
      </trkpt>
      <trkpt lat="41.625648" lon="2.405786">
        <ele>337.856</ele>
        <time>2024-12-13T11:50:18Z</time>
      </trkpt>
      <trkpt lat="41.625654" lon="2.405824">
        <ele>338.074</ele>
        <time>2024-12-13T11:50:20Z</time>
      </trkpt>
      <trkpt lat="41.625659" lon="2.405867">
        <ele>338.460</ele>
        <time>2024-12-13T11:50:22Z</time>
      </trkpt>
      <trkpt lat="41.625662" lon="2.405939">
        <ele>338.945</ele>
        <time>2024-12-13T11:50:26Z</time>
      </trkpt>
      <trkpt lat="41.625662" lon="2.406008">
        <ele>339.437</ele>
        <time>2024-12-13T11:50:30Z</time>
      </trkpt>
      <trkpt lat="41.625658" lon="2.406046">
        <ele>339.658</ele>
        <time>2024-12-13T11:50:32Z</time>
      </trkpt>
      <trkpt lat="41.625653" lon="2.406088">
        <ele>339.935</ele>
        <time>2024-12-13T11:50:34Z</time>
      </trkpt>
      <trkpt lat="41.625655" lon="2.406133">
        <ele>340.438</ele>
        <time>2024-12-13T11:50:36Z</time>
      </trkpt>
      <trkpt lat="41.625653" lon="2.406172">
        <ele>340.934</ele>
        <time>2024-12-13T11:50:38Z</time>
      </trkpt>
      <trkpt lat="41.625649" lon="2.406239">
        <ele>341.716</ele>
        <time>2024-12-13T11:50:42Z</time>
      </trkpt>
      <trkpt lat="41.625649" lon="2.406280">
        <ele>342.276</ele>
        <time>2024-12-13T11:50:44Z</time>
      </trkpt>
      <trkpt lat="41.625647" lon="2.406321">
        <ele>342.813</ele>
        <time>2024-12-13T11:50:46Z</time>
      </trkpt>
      <trkpt lat="41.625645" lon="2.406391">
        <ele>343.609</ele>
        <time>2024-12-13T11:50:50Z</time>
      </trkpt>
      <trkpt lat="41.625642" lon="2.406432">
        <ele>344.242</ele>
        <time>2024-12-13T11:50:52Z</time>
      </trkpt>
      <trkpt lat="41.625632" lon="2.406497">
        <ele>345.080</ele>
        <time>2024-12-13T11:50:56Z</time>
      </trkpt>
      <trkpt lat="41.625628" lon="2.406534">
        <ele>345.576</ele>
        <time>2024-12-13T11:50:58Z</time>
      </trkpt>
      <trkpt lat="41.625625" lon="2.406576">
        <ele>346.151</ele>
        <time>2024-12-13T11:51:00Z</time>
      </trkpt>
      <trkpt lat="41.625624" lon="2.406617">
        <ele>346.713</ele>
        <time>2024-12-13T11:51:02Z</time>
      </trkpt>
      <trkpt lat="41.625623" lon="2.406656">
        <ele>347.344</ele>
        <time>2024-12-13T11:51:04Z</time>
      </trkpt>
      <trkpt lat="41.625622" lon="2.406692">
        <ele>347.761</ele>
        <time>2024-12-13T11:51:06Z</time>
      </trkpt>
      <trkpt lat="41.625615" lon="2.406730">
        <ele>348.084</ele>
        <time>2024-12-13T11:51:08Z</time>
      </trkpt>
      <trkpt lat="41.625602" lon="2.406763">
        <ele>348.150</ele>
        <time>2024-12-13T11:51:10Z</time>
      </trkpt>
      <trkpt lat="41.625606" lon="2.406802">
        <ele>348.641</ele>
        <time>2024-12-13T11:51:12Z</time>
      </trkpt>
      <trkpt lat="41.625600" lon="2.406841">
        <ele>348.981</ele>
        <time>2024-12-13T11:51:14Z</time>
      </trkpt>
      <trkpt lat="41.625599" lon="2.406877">
        <ele>349.309</ele>
        <time>2024-12-13T11:51:16Z</time>
      </trkpt>
      <trkpt lat="41.625595" lon="2.406916">
        <ele>349.709</ele>
        <time>2024-12-13T11:51:18Z</time>
      </trkpt>
      <trkpt lat="41.625578" lon="2.406983">
        <ele>350.045</ele>
        <time>2024-12-13T11:51:22Z</time>
      </trkpt>
      <trkpt lat="41.625573" lon="2.407053">
        <ele>350.783</ele>
        <time>2024-12-13T11:51:26Z</time>
      </trkpt>
      <trkpt lat="41.625559" lon="2.407123">
        <ele>351.099</ele>
        <time>2024-12-13T11:51:30Z</time>
      </trkpt>
      <trkpt lat="41.625547" lon="2.407158">
        <ele>351.174</ele>
        <time>2024-12-13T11:51:32Z</time>
      </trkpt>
      <trkpt lat="41.625548" lon="2.407200">
        <ele>351.616</ele>
        <time>2024-12-13T11:51:34Z</time>
      </trkpt>
      <trkpt lat="41.625550" lon="2.407271">
        <ele>352.627</ele>
        <time>2024-12-13T11:51:38Z</time>
      </trkpt>
      <trkpt lat="41.625533" lon="2.407340">
        <ele>353.244</ele>
        <time>2024-12-13T11:51:42Z</time>
      </trkpt>
      <trkpt lat="41.625534" lon="2.407409">
        <ele>354.297</ele>
        <time>2024-12-13T11:51:46Z</time>
      </trkpt>
      <trkpt lat="41.625529" lon="2.407480">
        <ele>355.123</ele>
        <time>2024-12-13T11:51:50Z</time>
      </trkpt>
      <trkpt lat="41.625526" lon="2.407517">
        <ele>355.645</ele>
        <time>2024-12-13T11:51:52Z</time>
      </trkpt>
      <trkpt lat="41.625522" lon="2.407553">
        <ele>355.947</ele>
        <time>2024-12-13T11:51:54Z</time>
      </trkpt>
      <trkpt lat="41.625524" lon="2.407593">
        <ele>356.411</ele>
        <time>2024-12-13T11:51:56Z</time>
      </trkpt>
      <trkpt lat="41.625521" lon="2.407630">
        <ele>356.809</ele>
        <time>2024-12-13T11:51:58Z</time>
      </trkpt>
      <trkpt lat="41.625512" lon="2.407666">
        <ele>357.025</ele>
        <time>2024-12-13T11:52:00Z</time>
      </trkpt>
      <trkpt lat="41.625519" lon="2.407733">
        <ele>357.933</ele>
        <time>2024-12-13T11:52:04Z</time>
      </trkpt>
      <trkpt lat="41.625519" lon="2.407772">
        <ele>358.489</ele>
        <time>2024-12-13T11:52:06Z</time>
      </trkpt>
      <trkpt lat="41.625520" lon="2.407812">
        <ele>358.994</ele>
        <time>2024-12-13T11:52:08Z</time>
      </trkpt>
      <trkpt lat="41.625519" lon="2.407879">
        <ele>359.686</ele>
        <time>2024-12-13T11:52:12Z</time>
      </trkpt>
      <trkpt lat="41.625507" lon="2.407948">
        <ele>360.267</ele>
        <time>2024-12-13T11:52:16Z</time>
      </trkpt>
      <trkpt lat="41.625517" lon="2.408017">
        <ele>361.174</ele>
        <time>2024-12-13T11:52:20Z</time>
      </trkpt>
      <trkpt lat="41.625528" lon="2.408089">
        <ele>362.127</ele>
        <time>2024-12-13T11:52:24Z</time>
      </trkpt>
      <trkpt lat="41.625532" lon="2.408126">
        <ele>362.543</ele>
        <time>2024-12-13T11:52:26Z</time>
      </trkpt>
      <trkpt lat="41.625542" lon="2.408198">
        <ele>363.439</ele>
        <time>2024-12-13T11:52:30Z</time>
      </trkpt>
      <trkpt lat="41.625538" lon="2.408272">
        <ele>364.101</ele>
        <time>2024-12-13T11:52:34Z</time>
      </trkpt>
      <trkpt lat="41.625531" lon="2.408318">
        <ele>364.621</ele>
        <time>2024-12-13T11:52:36Z</time>
      </trkpt>
      <trkpt lat="41.625521" lon="2.408355">
        <ele>364.909</ele>
        <time>2024-12-13T11:52:38Z</time>
      </trkpt>
      <trkpt lat="41.625512" lon="2.408423">
        <ele>365.554</ele>
        <time>2024-12-13T11:52:42Z</time>
      </trkpt>
      <trkpt lat="41.625490" lon="2.408486">
        <ele>365.942</ele>
        <time>2024-12-13T11:52:46Z</time>
      </trkpt>
      <trkpt lat="41.625478" lon="2.408525">
        <ele>366.288</ele>
        <time>2024-12-13T11:52:48Z</time>
      </trkpt>
      <trkpt lat="41.625455" lon="2.408553">
        <ele>366.393</ele>
        <time>2024-12-13T11:52:50Z</time>
      </trkpt>
      <trkpt lat="41.625437" lon="2.408581">
        <ele>366.415</ele>
        <time>2024-12-13T11:52:52Z</time>
      </trkpt>
      <trkpt lat="41.625421" lon="2.408612">
        <ele>366.686</ele>
        <time>2024-12-13T11:52:54Z</time>
      </trkpt>
      <trkpt lat="41.625405" lon="2.408647">
        <ele>366.813</ele>
        <time>2024-12-13T11:52:56Z</time>
      </trkpt>
      <trkpt lat="41.625388" lon="2.408675">
        <ele>366.876</ele>
        <time>2024-12-13T11:52:58Z</time>
      </trkpt>
      <trkpt lat="41.625354" lon="2.408728">
        <ele>366.972</ele>
        <time>2024-12-13T11:53:02Z</time>
      </trkpt>
      <trkpt lat="41.625334" lon="2.408757">
        <ele>366.998</ele>
        <time>2024-12-13T11:53:04Z</time>
      </trkpt>
      <trkpt lat="41.625313" lon="2.408783">
        <ele>366.815</ele>
        <time>2024-12-13T11:53:06Z</time>
      </trkpt>
      <trkpt lat="41.625296" lon="2.408811">
        <ele>366.726</ele>
        <time>2024-12-13T11:53:08Z</time>
      </trkpt>
      <trkpt lat="41.625286" lon="2.408851">
        <ele>366.909</ele>
        <time>2024-12-13T11:53:10Z</time>
      </trkpt>
      <trkpt lat="41.625251" lon="2.408908">
        <ele>366.560</ele>
        <time>2024-12-13T11:53:14Z</time>
      </trkpt>
      <trkpt lat="41.625225" lon="2.408969">
        <ele>366.058</ele>
        <time>2024-12-13T11:53:18Z</time>
      </trkpt>
      <trkpt lat="41.625208" lon="2.409007">
        <ele>365.684</ele>
        <time>2024-12-13T11:53:20Z</time>
      </trkpt>
      <trkpt lat="41.625197" lon="2.409072">
        <ele>365.499</ele>
        <time>2024-12-13T11:53:24Z</time>
      </trkpt>
      <trkpt lat="41.625190" lon="2.409126">
        <ele>365.271</ele>
        <time>2024-12-13T11:53:28Z</time>
      </trkpt>
      <trkpt lat="41.625189" lon="2.409162">
        <ele>365.132</ele>
        <time>2024-12-13T11:53:30Z</time>
      </trkpt>
      <trkpt lat="41.625184" lon="2.409200">
        <ele>365.159</ele>
        <time>2024-12-13T11:53:32Z</time>
      </trkpt>
      <trkpt lat="41.625199" lon="2.409258">
        <ele>365.832</ele>
        <time>2024-12-13T11:53:36Z</time>
      </trkpt>
      <trkpt lat="41.625225" lon="2.409318">
        <ele>366.758</ele>
        <time>2024-12-13T11:53:40Z</time>
      </trkpt>
      <trkpt lat="41.625270" lon="2.409312">
        <ele>367.815</ele>
        <time>2024-12-13T11:53:44Z</time>
      </trkpt>
      <trkpt lat="41.625312" lon="2.409272">
        <ele>369.065</ele>
        <time>2024-12-13T11:53:48Z</time>
      </trkpt>
      <trkpt lat="41.625337" lon="2.409250">
        <ele>369.611</ele>
        <time>2024-12-13T11:53:50Z</time>
      </trkpt>
      <trkpt lat="41.625374" lon="2.409198">
        <ele>370.409</ele>
        <time>2024-12-13T11:53:54Z</time>
      </trkpt>
      <trkpt lat="41.625389" lon="2.409157">
        <ele>370.512</ele>
        <time>2024-12-13T11:53:56Z</time>
      </trkpt>
      <trkpt lat="41.625426" lon="2.409108">
        <ele>371.410</ele>
        <time>2024-12-13T11:54:00Z</time>
      </trkpt>
      <trkpt lat="41.625447" lon="2.409084">
        <ele>371.846</ele>
        <time>2024-12-13T11:54:02Z</time>
      </trkpt>
      <trkpt lat="41.625498" lon="2.409054">
        <ele>372.891</ele>
        <time>2024-12-13T11:54:06Z</time>
      </trkpt>
      <trkpt lat="41.625545" lon="2.409049">
        <ele>374.073</ele>
        <time>2024-12-13T11:54:10Z</time>
      </trkpt>
      <trkpt lat="41.625574" lon="2.409039">
        <ele>374.794</ele>
        <time>2024-12-13T11:54:12Z</time>
      </trkpt>
      <trkpt lat="41.625601" lon="2.409024">
        <ele>375.271</ele>
        <time>2024-12-13T11:54:14Z</time>
      </trkpt>
      <trkpt lat="41.625628" lon="2.409011">
        <ele>375.754</ele>
        <time>2024-12-13T11:54:16Z</time>
      </trkpt>
      <trkpt lat="41.625659" lon="2.409002">
        <ele>376.410</ele>
        <time>2024-12-13T11:54:18Z</time>
      </trkpt>
      <trkpt lat="41.625700" lon="2.408999">
        <ele>377.497</ele>
        <time>2024-12-13T11:54:21Z</time>
      </trkpt>
      <trkpt lat="41.625728" lon="2.408982">
        <ele>377.923</ele>
        <time>2024-12-13T11:54:23Z</time>
      </trkpt>
      <trkpt lat="41.625755" lon="2.408965">
        <ele>378.325</ele>
        <time>2024-12-13T11:54:25Z</time>
      </trkpt>
      <trkpt lat="41.625802" lon="2.408936">
        <ele>379.009</ele>
        <time>2024-12-13T11:54:29Z</time>
      </trkpt>
      <trkpt lat="41.625824" lon="2.408914">
        <ele>379.210</ele>
        <time>2024-12-13T11:54:31Z</time>
      </trkpt>
      <trkpt lat="41.625850" lon="2.408888">
        <ele>379.438</ele>
        <time>2024-12-13T11:54:33Z</time>
      </trkpt>
      <trkpt lat="41.625870" lon="2.408863">
        <ele>379.474</ele>
        <time>2024-12-13T11:54:35Z</time>
      </trkpt>
      <trkpt lat="41.625908" lon="2.408816">
        <ele>379.459</ele>
        <time>2024-12-13T11:54:39Z</time>
      </trkpt>
      <trkpt lat="41.625929" lon="2.408793">
        <ele>379.651</ele>
        <time>2024-12-13T11:54:41Z</time>
      </trkpt>
      <trkpt lat="41.625970" lon="2.408759">
        <ele>380.162</ele>
        <time>2024-12-13T11:54:45Z</time>
      </trkpt>
      <trkpt lat="41.626002" lon="2.408716">
        <ele>380.329</ele>
        <time>2024-12-13T11:54:48Z</time>
      </trkpt>
      <trkpt lat="41.626022" lon="2.408687">
        <ele>380.492</ele>
        <time>2024-12-13T11:54:50Z</time>
      </trkpt>
      <trkpt lat="41.626046" lon="2.408651">
        <ele>380.558</ele>
        <time>2024-12-13T11:54:52Z</time>
      </trkpt>
      <trkpt lat="41.626070" lon="2.408588">
        <ele>380.434</ele>
        <time>2024-12-13T11:54:56Z</time>
      </trkpt>
      <trkpt lat="41.626084" lon="2.408537">
        <ele>380.155</ele>
        <time>2024-12-13T11:54:58Z</time>
      </trkpt>
      <trkpt lat="41.626095" lon="2.408504">
        <ele>380.010</ele>
        <time>2024-12-13T11:55:00Z</time>
      </trkpt>
      <trkpt lat="41.626109" lon="2.408469">
        <ele>379.909</ele>
        <time>2024-12-13T11:55:02Z</time>
      </trkpt>
      <trkpt lat="41.626119" lon="2.408433">
        <ele>379.514</ele>
        <time>2024-12-13T11:55:04Z</time>
      </trkpt>
      <trkpt lat="41.626128" lon="2.408395">
        <ele>379.122</ele>
        <time>2024-12-13T11:55:06Z</time>
      </trkpt>
      <trkpt lat="41.626139" lon="2.408360">
        <ele>378.778</ele>
        <time>2024-12-13T11:55:08Z</time>
      </trkpt>
      <trkpt lat="41.626152" lon="2.408325">
        <ele>378.413</ele>
        <time>2024-12-13T11:55:10Z</time>
      </trkpt>
      <trkpt lat="41.626167" lon="2.408294">
        <ele>378.215</ele>
        <time>2024-12-13T11:55:12Z</time>
      </trkpt>
      <trkpt lat="41.626191" lon="2.408271">
        <ele>378.356</ele>
        <time>2024-12-13T11:55:14Z</time>
      </trkpt>
      <trkpt lat="41.626206" lon="2.408230">
        <ele>378.223</ele>
        <time>2024-12-13T11:55:16Z</time>
      </trkpt>
      <trkpt lat="41.626231" lon="2.408165">
        <ele>378.036</ele>
        <time>2024-12-13T11:55:20Z</time>
      </trkpt>
      <trkpt lat="41.626240" lon="2.408107">
        <ele>377.772</ele>
        <time>2024-12-13T11:55:24Z</time>
      </trkpt>
      <trkpt lat="41.626252" lon="2.408073">
        <ele>377.773</ele>
        <time>2024-12-13T11:55:26Z</time>
      </trkpt>
      <trkpt lat="41.626268" lon="2.408032">
        <ele>377.785</ele>
        <time>2024-12-13T11:55:28Z</time>
      </trkpt>
      <trkpt lat="41.626278" lon="2.407995">
        <ele>377.613</ele>
        <time>2024-12-13T11:55:30Z</time>
      </trkpt>
      <trkpt lat="41.626294" lon="2.407964">
        <ele>377.609</ele>
        <time>2024-12-13T11:55:32Z</time>
      </trkpt>
      <trkpt lat="41.626314" lon="2.407933">
        <ele>377.868</ele>
        <time>2024-12-13T11:55:34Z</time>
      </trkpt>
      <trkpt lat="41.626332" lon="2.407897">
        <ele>377.876</ele>
        <time>2024-12-13T11:55:37Z</time>
      </trkpt>
      <trkpt lat="41.626343" lon="2.407838">
        <ele>377.682</ele>
        <time>2024-12-13T11:55:41Z</time>
      </trkpt>
      <trkpt lat="41.626353" lon="2.407770">
        <ele>377.337</ele>
        <time>2024-12-13T11:55:47Z</time>
      </trkpt>
      <trkpt lat="41.626361" lon="2.407714">
        <ele>377.289</ele>
        <time>2024-12-13T11:55:49Z</time>
      </trkpt>
      <trkpt lat="41.626371" lon="2.407668">
        <ele>377.370</ele>
        <time>2024-12-13T11:55:53Z</time>
      </trkpt>
      <trkpt lat="41.626394" lon="2.407641">
        <ele>377.697</ele>
        <time>2024-12-13T11:56:09Z</time>
      </trkpt>
      <trkpt lat="41.626401" lon="2.407607">
        <ele>377.570</ele>
        <time>2024-12-13T11:56:14Z</time>
      </trkpt>
      <trkpt lat="41.626408" lon="2.407567">
        <ele>377.476</ele>
        <time>2024-12-13T11:56:18Z</time>
      </trkpt>
      <trkpt lat="41.626417" lon="2.407528">
        <ele>377.393</ele>
        <time>2024-12-13T11:56:22Z</time>
      </trkpt>
      <trkpt lat="41.626419" lon="2.407467">
        <ele>377.165</ele>
        <time>2024-12-13T11:56:26Z</time>
      </trkpt>
      <trkpt lat="41.626428" lon="2.407426">
        <ele>377.121</ele>
        <time>2024-12-13T11:56:30Z</time>
      </trkpt>
      <trkpt lat="41.626442" lon="2.407364">
        <ele>377.209</ele>
        <time>2024-12-13T11:56:34Z</time>
      </trkpt>
      <trkpt lat="41.626472" lon="2.407326">
        <ele>377.570</ele>
        <time>2024-12-13T11:56:39Z</time>
      </trkpt>
      <trkpt lat="41.626484" lon="2.407289">
        <ele>377.748</ele>
        <time>2024-12-13T11:56:43Z</time>
      </trkpt>
      <trkpt lat="41.626513" lon="2.407243">
        <ele>378.234</ele>
        <time>2024-12-13T11:56:50Z</time>
      </trkpt>
      <trkpt lat="41.626543" lon="2.407247">
        <ele>378.719</ele>
        <time>2024-12-13T11:56:59Z</time>
      </trkpt>
      <trkpt lat="41.626556" lon="2.407317">
        <ele>378.791</ele>
        <time>2024-12-13T11:57:05Z</time>
      </trkpt>
      <trkpt lat="41.626553" lon="2.407363">
        <ele>378.682</ele>
        <time>2024-12-13T11:57:08Z</time>
      </trkpt>
      <trkpt lat="41.626551" lon="2.407401">
        <ele>378.469</ele>
        <time>2024-12-13T11:57:10Z</time>
      </trkpt>
      <trkpt lat="41.626562" lon="2.407472">
        <ele>378.322</ele>
        <time>2024-12-13T11:57:14Z</time>
      </trkpt>
      <trkpt lat="41.626575" lon="2.407540">
        <ele>378.678</ele>
        <time>2024-12-13T11:57:19Z</time>
      </trkpt>
      <trkpt lat="41.626588" lon="2.407572">
        <ele>378.994</ele>
        <time>2024-12-13T11:57:21Z</time>
      </trkpt>
      <trkpt lat="41.626625" lon="2.407597">
        <ele>379.357</ele>
        <time>2024-12-13T11:57:25Z</time>
      </trkpt>
      <trkpt lat="41.626657" lon="2.407572">
        <ele>379.422</ele>
        <time>2024-12-13T11:57:30Z</time>
      </trkpt>
      <trkpt lat="41.626669" lon="2.407526">
        <ele>379.109</ele>
        <time>2024-12-13T11:57:34Z</time>
      </trkpt>
      <trkpt lat="41.626649" lon="2.407467">
        <ele>379.130</ele>
        <time>2024-12-13T11:57:41Z</time>
      </trkpt>
      <trkpt lat="41.626645" lon="2.407448">
        <ele>379.278</ele>
        <time>2024-12-13T12:03:34Z</time>
      </trkpt>
      <trkpt lat="41.626654" lon="2.407505">
        <ele>378.924</ele>
        <time>2024-12-13T12:03:43Z</time>
      </trkpt>
      <trkpt lat="41.626659" lon="2.407550">
        <ele>379.349</ele>
        <time>2024-12-13T12:04:45Z</time>
      </trkpt>
      <trkpt lat="41.626623" lon="2.407575">
        <ele>379.261</ele>
        <time>2024-12-13T12:04:49Z</time>
      </trkpt>
      <trkpt lat="41.626592" lon="2.407577">
        <ele>378.942</ele>
        <time>2024-12-13T12:04:52Z</time>
      </trkpt>
      <trkpt lat="41.626573" lon="2.407520">
        <ele>378.459</ele>
        <time>2024-12-13T12:04:56Z</time>
      </trkpt>
      <trkpt lat="41.626560" lon="2.407478">
        <ele>378.332</ele>
        <time>2024-12-13T12:04:58Z</time>
      </trkpt>
      <trkpt lat="41.626548" lon="2.407422">
        <ele>378.358</ele>
        <time>2024-12-13T12:05:01Z</time>
      </trkpt>
      <trkpt lat="41.626545" lon="2.407385">
        <ele>378.467</ele>
        <time>2024-12-13T12:05:03Z</time>
      </trkpt>
      <trkpt lat="41.626558" lon="2.407328">
        <ele>378.781</ele>
        <time>2024-12-13T12:05:07Z</time>
      </trkpt>
      <trkpt lat="41.626558" lon="2.407257">
        <ele>378.919</ele>
        <time>2024-12-13T12:05:13Z</time>
      </trkpt>
      <trkpt lat="41.626532" lon="2.407231">
        <ele>378.609</ele>
        <time>2024-12-13T12:05:19Z</time>
      </trkpt>
      <trkpt lat="41.626508" lon="2.407262">
        <ele>378.157</ele>
        <time>2024-12-13T12:05:32Z</time>
      </trkpt>
      <trkpt lat="41.626479" lon="2.407264">
        <ele>377.675</ele>
        <time>2024-12-13T12:05:34Z</time>
      </trkpt>
      <trkpt lat="41.626470" lon="2.407316">
        <ele>377.551</ele>
        <time>2024-12-13T12:05:46Z</time>
      </trkpt>
      <trkpt lat="41.626440" lon="2.407361">
        <ele>377.156</ele>
        <time>2024-12-13T12:05:52Z</time>
      </trkpt>
      <trkpt lat="41.626425" lon="2.407394">
        <ele>377.068</ele>
        <time>2024-12-13T12:05:55Z</time>
      </trkpt>
      <trkpt lat="41.626414" lon="2.407469">
        <ele>377.129</ele>
        <time>2024-12-13T12:05:59Z</time>
      </trkpt>
      <trkpt lat="41.626408" lon="2.407505">
        <ele>377.296</ele>
        <time>2024-12-13T12:06:01Z</time>
      </trkpt>
      <trkpt lat="41.626402" lon="2.407545">
        <ele>377.359</ele>
        <time>2024-12-13T12:06:03Z</time>
      </trkpt>
      <trkpt lat="41.626398" lon="2.407581">
        <ele>377.475</ele>
        <time>2024-12-13T12:06:05Z</time>
      </trkpt>
      <trkpt lat="41.626390" lon="2.407620">
        <ele>377.464</ele>
        <time>2024-12-13T12:06:07Z</time>
      </trkpt>
      <trkpt lat="41.626383" lon="2.407665">
        <ele>377.506</ele>
        <time>2024-12-13T12:06:09Z</time>
      </trkpt>
      <trkpt lat="41.626374" lon="2.407705">
        <ele>377.516</ele>
        <time>2024-12-13T12:06:11Z</time>
      </trkpt>
      <trkpt lat="41.626368" lon="2.407743">
        <ele>377.509</ele>
        <time>2024-12-13T12:06:13Z</time>
      </trkpt>
      <trkpt lat="41.626351" lon="2.407809">
        <ele>377.547</ele>
        <time>2024-12-13T12:06:16Z</time>
      </trkpt>
      <trkpt lat="41.626349" lon="2.407850">
        <ele>377.815</ele>
        <time>2024-12-13T12:06:18Z</time>
      </trkpt>
      <trkpt lat="41.626348" lon="2.407896">
        <ele>378.181</ele>
        <time>2024-12-13T12:06:20Z</time>
      </trkpt>
      <trkpt lat="41.626341" lon="2.407933">
        <ele>378.336</ele>
        <time>2024-12-13T12:06:22Z</time>
      </trkpt>
      <trkpt lat="41.626335" lon="2.408005">
        <ele>378.788</ele>
        <time>2024-12-13T12:06:26Z</time>
      </trkpt>
      <trkpt lat="41.626331" lon="2.408042">
        <ele>378.959</ele>
        <time>2024-12-13T12:06:28Z</time>
      </trkpt>
      <trkpt lat="41.626322" lon="2.408076">
        <ele>378.996</ele>
        <time>2024-12-13T12:06:30Z</time>
      </trkpt>
      <trkpt lat="41.626319" lon="2.408146">
        <ele>379.249</ele>
        <time>2024-12-13T12:06:34Z</time>
      </trkpt>
      <trkpt lat="41.626327" lon="2.408188">
        <ele>379.695</ele>
        <time>2024-12-13T12:06:36Z</time>
      </trkpt>
      <trkpt lat="41.626338" lon="2.408251">
        <ele>380.097</ele>
        <time>2024-12-13T12:06:40Z</time>
      </trkpt>
      <trkpt lat="41.626340" lon="2.408328">
        <ele>380.423</ele>
        <time>2024-12-13T12:06:44Z</time>
      </trkpt>
      <trkpt lat="41.626324" lon="2.408392">
        <ele>381.125</ele>
        <time>2024-12-13T12:06:48Z</time>
      </trkpt>
      <trkpt lat="41.626314" lon="2.408468">
        <ele>382.109</ele>
        <time>2024-12-13T12:06:52Z</time>
      </trkpt>
      <trkpt lat="41.626313" lon="2.408504">
        <ele>382.610</ele>
        <time>2024-12-13T12:06:54Z</time>
      </trkpt>
      <trkpt lat="41.626317" lon="2.408542">
        <ele>383.278</ele>
        <time>2024-12-13T12:06:56Z</time>
      </trkpt>
      <trkpt lat="41.626323" lon="2.408581">
        <ele>383.934</ele>
        <time>2024-12-13T12:06:58Z</time>
      </trkpt>
      <trkpt lat="41.626322" lon="2.408650">
        <ele>384.849</ele>
        <time>2024-12-13T12:07:02Z</time>
      </trkpt>
      <trkpt lat="41.626312" lon="2.408690">
        <ele>385.371</ele>
        <time>2024-12-13T12:07:04Z</time>
      </trkpt>
      <trkpt lat="41.626295" lon="2.408755">
        <ele>386.142</ele>
        <time>2024-12-13T12:07:08Z</time>
      </trkpt>
      <trkpt lat="41.626281" lon="2.408816">
        <ele>386.819</ele>
        <time>2024-12-13T12:07:12Z</time>
      </trkpt>
      <trkpt lat="41.626271" lon="2.408858">
        <ele>387.362</ele>
        <time>2024-12-13T12:07:14Z</time>
      </trkpt>
      <trkpt lat="41.626264" lon="2.408897">
        <ele>387.828</ele>
        <time>2024-12-13T12:07:16Z</time>
      </trkpt>
      <trkpt lat="41.626249" lon="2.408937">
        <ele>388.257</ele>
        <time>2024-12-13T12:07:18Z</time>
      </trkpt>
      <trkpt lat="41.626232" lon="2.408971">
        <ele>388.500</ele>
        <time>2024-12-13T12:07:20Z</time>
      </trkpt>
      <trkpt lat="41.626197" lon="2.409027">
        <ele>388.920</ele>
        <time>2024-12-13T12:07:24Z</time>
      </trkpt>
      <trkpt lat="41.626180" lon="2.409061">
        <ele>389.209</ele>
        <time>2024-12-13T12:07:26Z</time>
      </trkpt>
      <trkpt lat="41.626157" lon="2.409091">
        <ele>389.416</ele>
        <time>2024-12-13T12:07:28Z</time>
      </trkpt>
      <trkpt lat="41.626140" lon="2.409124">
        <ele>389.774</ele>
        <time>2024-12-13T12:07:30Z</time>
      </trkpt>
      <trkpt lat="41.626123" lon="2.409185">
        <ele>390.480</ele>
        <time>2024-12-13T12:07:34Z</time>
      </trkpt>
      <trkpt lat="41.626097" lon="2.409214">
        <ele>390.485</ele>
        <time>2024-12-13T12:07:36Z</time>
      </trkpt>
      <trkpt lat="41.626076" lon="2.409238">
        <ele>390.227</ele>
        <time>2024-12-13T12:07:38Z</time>
      </trkpt>
      <trkpt lat="41.626052" lon="2.409268">
        <ele>390.118</ele>
        <time>2024-12-13T12:07:40Z</time>
      </trkpt>
      <trkpt lat="41.626028" lon="2.409295">
        <ele>389.955</ele>
        <time>2024-12-13T12:07:42Z</time>
      </trkpt>
      <trkpt lat="41.626008" lon="2.409325">
        <ele>389.848</ele>
        <time>2024-12-13T12:07:44Z</time>
      </trkpt>
      <trkpt lat="41.625987" lon="2.409353">
        <ele>389.744</ele>
        <time>2024-12-13T12:07:46Z</time>
      </trkpt>
      <trkpt lat="41.625948" lon="2.409401">
        <ele>389.435</ele>
        <time>2024-12-13T12:07:50Z</time>
      </trkpt>
      <trkpt lat="41.625925" lon="2.409426">
        <ele>389.186</ele>
        <time>2024-12-13T12:07:52Z</time>
      </trkpt>
      <trkpt lat="41.625892" lon="2.409469">
        <ele>388.614</ele>
        <time>2024-12-13T12:07:56Z</time>
      </trkpt>
      <trkpt lat="41.625872" lon="2.409507">
        <ele>388.209</ele>
        <time>2024-12-13T12:07:58Z</time>
      </trkpt>
      <trkpt lat="41.625860" lon="2.409547">
        <ele>388.194</ele>
        <time>2024-12-13T12:08:00Z</time>
      </trkpt>
      <trkpt lat="41.625845" lon="2.409582">
        <ele>387.842</ele>
        <time>2024-12-13T12:08:02Z</time>
      </trkpt>
      <trkpt lat="41.625830" lon="2.409621">
        <ele>387.618</ele>
        <time>2024-12-13T12:08:04Z</time>
      </trkpt>
      <trkpt lat="41.625819" lon="2.409662">
        <ele>387.463</ele>
        <time>2024-12-13T12:08:06Z</time>
      </trkpt>
      <trkpt lat="41.625802" lon="2.409733">
        <ele>387.275</ele>
        <time>2024-12-13T12:08:10Z</time>
      </trkpt>
      <trkpt lat="41.625789" lon="2.409806">
        <ele>386.916</ele>
        <time>2024-12-13T12:08:14Z</time>
      </trkpt>
      <trkpt lat="41.625788" lon="2.409845">
        <ele>386.913</ele>
        <time>2024-12-13T12:08:16Z</time>
      </trkpt>
      <trkpt lat="41.625791" lon="2.409883">
        <ele>386.926</ele>
        <time>2024-12-13T12:08:18Z</time>
      </trkpt>
      <trkpt lat="41.625796" lon="2.409926">
        <ele>387.122</ele>
        <time>2024-12-13T12:08:20Z</time>
      </trkpt>
      <trkpt lat="41.625809" lon="2.409963">
        <ele>387.473</ele>
        <time>2024-12-13T12:08:22Z</time>
      </trkpt>
      <trkpt lat="41.625823" lon="2.410001">
        <ele>387.785</ele>
        <time>2024-12-13T12:08:24Z</time>
      </trkpt>
      <trkpt lat="41.625843" lon="2.410057">
        <ele>387.913</ele>
        <time>2024-12-13T12:08:27Z</time>
      </trkpt>
      <trkpt lat="41.625851" lon="2.410092">
        <ele>387.809</ele>
        <time>2024-12-13T12:08:29Z</time>
      </trkpt>
      <trkpt lat="41.625861" lon="2.410134">
        <ele>387.898</ele>
        <time>2024-12-13T12:08:31Z</time>
      </trkpt>
      <trkpt lat="41.625871" lon="2.410176">
        <ele>387.756</ele>
        <time>2024-12-13T12:08:33Z</time>
      </trkpt>
      <trkpt lat="41.625876" lon="2.410213">
        <ele>387.692</ele>
        <time>2024-12-13T12:08:35Z</time>
      </trkpt>
      <trkpt lat="41.625885" lon="2.410253">
        <ele>387.577</ele>
        <time>2024-12-13T12:08:37Z</time>
      </trkpt>
      <trkpt lat="41.625897" lon="2.410293">
        <ele>387.569</ele>
        <time>2024-12-13T12:08:39Z</time>
      </trkpt>
      <trkpt lat="41.625910" lon="2.410329">
        <ele>387.560</ele>
        <time>2024-12-13T12:08:41Z</time>
      </trkpt>
      <trkpt lat="41.625931" lon="2.410370">
        <ele>387.767</ele>
        <time>2024-12-13T12:08:43Z</time>
      </trkpt>
      <trkpt lat="41.625971" lon="2.410419">
        <ele>388.230</ele>
        <time>2024-12-13T12:08:47Z</time>
      </trkpt>
      <trkpt lat="41.625996" lon="2.410441">
        <ele>388.626</ele>
        <time>2024-12-13T12:08:49Z</time>
      </trkpt>
      <trkpt lat="41.626043" lon="2.410477">
        <ele>389.344</ele>
        <time>2024-12-13T12:08:53Z</time>
      </trkpt>
      <trkpt lat="41.626073" lon="2.410517">
        <ele>389.605</ele>
        <time>2024-12-13T12:08:55Z</time>
      </trkpt>
      <trkpt lat="41.626091" lon="2.410572">
        <ele>389.315</ele>
        <time>2024-12-13T12:09:38Z</time>
      </trkpt>
      <trkpt lat="41.626125" lon="2.410633">
        <ele>389.109</ele>
        <time>2024-12-13T12:09:43Z</time>
      </trkpt>
      <trkpt lat="41.626168" lon="2.410673">
        <ele>389.335</ele>
        <time>2024-12-13T12:09:47Z</time>
      </trkpt>
      <trkpt lat="41.626193" lon="2.410691">
        <ele>389.593</ele>
        <time>2024-12-13T12:09:49Z</time>
      </trkpt>
      <trkpt lat="41.626236" lon="2.410722">
        <ele>389.959</ele>
        <time>2024-12-13T12:09:53Z</time>
      </trkpt>
      <trkpt lat="41.626287" lon="2.410741">
        <ele>390.514</ele>
        <time>2024-12-13T12:09:57Z</time>
      </trkpt>
      <trkpt lat="41.626318" lon="2.410751">
        <ele>390.946</ele>
        <time>2024-12-13T12:09:59Z</time>
      </trkpt>
      <trkpt lat="41.626349" lon="2.410757">
        <ele>391.437</ele>
        <time>2024-12-13T12:10:01Z</time>
      </trkpt>
      <trkpt lat="41.626376" lon="2.410765">
        <ele>391.814</ele>
        <time>2024-12-13T12:10:03Z</time>
      </trkpt>
      <trkpt lat="41.626420" lon="2.410765">
        <ele>392.097</ele>
        <time>2024-12-13T12:10:06Z</time>
      </trkpt>
      <trkpt lat="41.626448" lon="2.410764">
        <ele>392.173</ele>
        <time>2024-12-13T12:10:08Z</time>
      </trkpt>
      <trkpt lat="41.626491" lon="2.410757">
        <ele>392.333</ele>
        <time>2024-12-13T12:10:12Z</time>
      </trkpt>
      <trkpt lat="41.626521" lon="2.410759">
        <ele>392.323</ele>
        <time>2024-12-13T12:10:16Z</time>
      </trkpt>
      <trkpt lat="41.626560" lon="2.410771">
        <ele>392.215</ele>
        <time>2024-12-13T12:10:20Z</time>
      </trkpt>
      <trkpt lat="41.626617" lon="2.410778">
        <ele>392.309</ele>
        <time>2024-12-13T12:10:23Z</time>
      </trkpt>
      <trkpt lat="41.626665" lon="2.410805">
        <ele>392.294</ele>
        <time>2024-12-13T12:10:27Z</time>
      </trkpt>
      <trkpt lat="41.626684" lon="2.410833">
        <ele>391.852</ele>
        <time>2024-12-13T12:10:29Z</time>
      </trkpt>
      <trkpt lat="41.626709" lon="2.410892">
        <ele>390.648</ele>
        <time>2024-12-13T12:10:34Z</time>
      </trkpt>
      <trkpt lat="41.626731" lon="2.410923">
        <ele>389.933</ele>
        <time>2024-12-13T12:10:40Z</time>
      </trkpt>
      <trkpt lat="41.626755" lon="2.410951">
        <ele>389.345</ele>
        <time>2024-12-13T12:10:42Z</time>
      </trkpt>
      <trkpt lat="41.626790" lon="2.411010">
        <ele>388.246</ele>
        <time>2024-12-13T12:10:46Z</time>
      </trkpt>
      <trkpt lat="41.626811" lon="2.411039">
        <ele>387.713</ele>
        <time>2024-12-13T12:10:48Z</time>
      </trkpt>
      <trkpt lat="41.626830" lon="2.411072">
        <ele>387.256</ele>
        <time>2024-12-13T12:10:50Z</time>
      </trkpt>
      <trkpt lat="41.626849" lon="2.411103">
        <ele>386.822</ele>
        <time>2024-12-13T12:10:52Z</time>
      </trkpt>
      <trkpt lat="41.626873" lon="2.411139">
        <ele>386.162</ele>
        <time>2024-12-13T12:10:54Z</time>
      </trkpt>
      <trkpt lat="41.626908" lon="2.411197">
        <ele>385.283</ele>
        <time>2024-12-13T12:10:58Z</time>
      </trkpt>
      <trkpt lat="41.626924" lon="2.411232">
        <ele>384.711</ele>
        <time>2024-12-13T12:11:00Z</time>
      </trkpt>
      <trkpt lat="41.626944" lon="2.411261">
        <ele>384.409</ele>
        <time>2024-12-13T12:11:02Z</time>
      </trkpt>
      <trkpt lat="41.626960" lon="2.411298">
        <ele>384.047</ele>
        <time>2024-12-13T12:11:04Z</time>
      </trkpt>
      <trkpt lat="41.626978" lon="2.411337">
        <ele>383.665</ele>
        <time>2024-12-13T12:11:06Z</time>
      </trkpt>
      <trkpt lat="41.626990" lon="2.411371">
        <ele>383.371</ele>
        <time>2024-12-13T12:11:08Z</time>
      </trkpt>
      <trkpt lat="41.627001" lon="2.411404">
        <ele>383.126</ele>
        <time>2024-12-13T12:11:10Z</time>
      </trkpt>
      <trkpt lat="41.627030" lon="2.411474">
        <ele>383.068</ele>
        <time>2024-12-13T12:11:14Z</time>
      </trkpt>
      <trkpt lat="41.627061" lon="2.411532">
        <ele>382.989</ele>
        <time>2024-12-13T12:11:18Z</time>
      </trkpt>
      <trkpt lat="41.627078" lon="2.411570">
        <ele>382.826</ele>
        <time>2024-12-13T12:11:20Z</time>
      </trkpt>
      <trkpt lat="41.627095" lon="2.411608">
        <ele>382.849</ele>
        <time>2024-12-13T12:11:22Z</time>
      </trkpt>
      <trkpt lat="41.627105" lon="2.411647">
        <ele>382.655</ele>
        <time>2024-12-13T12:11:24Z</time>
      </trkpt>
      <trkpt lat="41.627117" lon="2.411684">
        <ele>382.632</ele>
        <time>2024-12-13T12:11:26Z</time>
      </trkpt>
      <trkpt lat="41.627140" lon="2.411714">
        <ele>382.792</ele>
        <time>2024-12-13T12:11:28Z</time>
      </trkpt>
      <trkpt lat="41.627157" lon="2.411743">
        <ele>382.711</ele>
        <time>2024-12-13T12:11:30Z</time>
      </trkpt>
      <trkpt lat="41.627178" lon="2.411769">
        <ele>382.809</ele>
        <time>2024-12-13T12:11:32Z</time>
      </trkpt>
      <trkpt lat="41.627198" lon="2.411797">
        <ele>382.974</ele>
        <time>2024-12-13T12:11:34Z</time>
      </trkpt>
      <trkpt lat="41.627217" lon="2.411826">
        <ele>383.012</ele>
        <time>2024-12-13T12:11:36Z</time>
      </trkpt>
      <trkpt lat="41.627240" lon="2.411861">
        <ele>383.068</ele>
        <time>2024-12-13T12:11:38Z</time>
      </trkpt>
      <trkpt lat="41.627264" lon="2.411887">
        <ele>382.983</ele>
        <time>2024-12-13T12:11:40Z</time>
      </trkpt>
      <trkpt lat="41.627285" lon="2.411916">
        <ele>382.835</ele>
        <time>2024-12-13T12:11:42Z</time>
      </trkpt>
      <trkpt lat="41.627307" lon="2.411943">
        <ele>382.726</ele>
        <time>2024-12-13T12:11:44Z</time>
      </trkpt>
      <trkpt lat="41.627329" lon="2.411975">
        <ele>382.593</ele>
        <time>2024-12-13T12:11:46Z</time>
      </trkpt>
      <trkpt lat="41.627353" lon="2.412004">
        <ele>382.476</ele>
        <time>2024-12-13T12:11:48Z</time>
      </trkpt>
      <trkpt lat="41.627373" lon="2.412033">
        <ele>382.352</ele>
        <time>2024-12-13T12:11:50Z</time>
      </trkpt>
      <trkpt lat="41.627389" lon="2.412065">
        <ele>382.283</ele>
        <time>2024-12-13T12:11:52Z</time>
      </trkpt>
      <trkpt lat="41.627404" lon="2.412098">
        <ele>382.225</ele>
        <time>2024-12-13T12:11:54Z</time>
      </trkpt>
      <trkpt lat="41.627423" lon="2.412169">
        <ele>382.117</ele>
        <time>2024-12-13T12:11:58Z</time>
      </trkpt>
      <trkpt lat="41.627428" lon="2.412209">
        <ele>382.009</ele>
        <time>2024-12-13T12:12:00Z</time>
      </trkpt>
      <trkpt lat="41.627428" lon="2.412255">
        <ele>382.079</ele>
        <time>2024-12-13T12:12:02Z</time>
      </trkpt>
      <trkpt lat="41.627424" lon="2.412295">
        <ele>382.037</ele>
        <time>2024-12-13T12:12:04Z</time>
      </trkpt>
      <trkpt lat="41.627417" lon="2.412336">
        <ele>382.083</ele>
        <time>2024-12-13T12:12:06Z</time>
      </trkpt>
      <trkpt lat="41.627408" lon="2.412376">
        <ele>382.038</ele>
        <time>2024-12-13T12:12:08Z</time>
      </trkpt>
      <trkpt lat="41.627399" lon="2.412445">
        <ele>382.070</ele>
        <time>2024-12-13T12:12:12Z</time>
      </trkpt>
      <trkpt lat="41.627402" lon="2.412488">
        <ele>382.081</ele>
        <time>2024-12-13T12:12:14Z</time>
      </trkpt>
      <trkpt lat="41.627399" lon="2.412529">
        <ele>382.118</ele>
        <time>2024-12-13T12:12:16Z</time>
      </trkpt>
      <trkpt lat="41.627391" lon="2.412569">
        <ele>382.271</ele>
        <time>2024-12-13T12:12:18Z</time>
      </trkpt>
      <trkpt lat="41.627384" lon="2.412611">
        <ele>382.447</ele>
        <time>2024-12-13T12:12:20Z</time>
      </trkpt>
      <trkpt lat="41.627383" lon="2.412653">
        <ele>382.688</ele>
        <time>2024-12-13T12:12:22Z</time>
      </trkpt>
      <trkpt lat="41.627383" lon="2.412690">
        <ele>382.724</ele>
        <time>2024-12-13T12:12:24Z</time>
      </trkpt>
      <trkpt lat="41.627381" lon="2.412734">
        <ele>382.826</ele>
        <time>2024-12-13T12:12:26Z</time>
      </trkpt>
      <trkpt lat="41.627381" lon="2.412774">
        <ele>383.009</ele>
        <time>2024-12-13T12:12:28Z</time>
      </trkpt>
      <trkpt lat="41.627381" lon="2.412813">
        <ele>383.289</ele>
        <time>2024-12-13T12:12:30Z</time>
      </trkpt>
      <trkpt lat="41.627377" lon="2.412851">
        <ele>383.437</ele>
        <time>2024-12-13T12:12:32Z</time>
      </trkpt>
      <trkpt lat="41.627371" lon="2.412919">
        <ele>383.773</ele>
        <time>2024-12-13T12:12:36Z</time>
      </trkpt>
      <trkpt lat="41.627371" lon="2.412964">
        <ele>384.028</ele>
        <time>2024-12-13T12:12:38Z</time>
      </trkpt>
      <trkpt lat="41.627370" lon="2.413008">
        <ele>384.260</ele>
        <time>2024-12-13T12:12:40Z</time>
      </trkpt>
      <trkpt lat="41.627368" lon="2.413045">
        <ele>384.481</ele>
        <time>2024-12-13T12:12:42Z</time>
      </trkpt>
      <trkpt lat="41.627368" lon="2.413082">
        <ele>384.638</ele>
        <time>2024-12-13T12:12:44Z</time>
      </trkpt>
      <trkpt lat="41.627359" lon="2.413146">
        <ele>385.091</ele>
        <time>2024-12-13T12:12:48Z</time>
      </trkpt>
      <trkpt lat="41.627350" lon="2.413191">
        <ele>385.387</ele>
        <time>2024-12-13T12:12:50Z</time>
      </trkpt>
      <trkpt lat="41.627332" lon="2.413254">
        <ele>385.694</ele>
        <time>2024-12-13T12:12:53Z</time>
      </trkpt>
      <trkpt lat="41.627324" lon="2.413289">
        <ele>385.857</ele>
        <time>2024-12-13T12:12:55Z</time>
      </trkpt>
      <trkpt lat="41.627326" lon="2.413328">
        <ele>386.022</ele>
        <time>2024-12-13T12:12:57Z</time>
      </trkpt>
      <trkpt lat="41.627339" lon="2.413361">
        <ele>386.109</ele>
        <time>2024-12-13T12:12:59Z</time>
      </trkpt>
      <trkpt lat="41.627355" lon="2.413391">
        <ele>386.350</ele>
        <time>2024-12-13T12:13:01Z</time>
      </trkpt>
      <trkpt lat="41.627372" lon="2.413429">
        <ele>386.538</ele>
        <time>2024-12-13T12:13:03Z</time>
      </trkpt>
      <trkpt lat="41.627388" lon="2.413463">
        <ele>386.714</ele>
        <time>2024-12-13T12:13:05Z</time>
      </trkpt>
      <trkpt lat="41.627399" lon="2.413498">
        <ele>387.029</ele>
        <time>2024-12-13T12:13:07Z</time>
      </trkpt>
      <trkpt lat="41.627412" lon="2.413532">
        <ele>387.281</ele>
        <time>2024-12-13T12:13:09Z</time>
      </trkpt>
      <trkpt lat="41.627424" lon="2.413566">
        <ele>387.462</ele>
        <time>2024-12-13T12:13:11Z</time>
      </trkpt>
      <trkpt lat="41.627439" lon="2.413637">
        <ele>387.949</ele>
        <time>2024-12-13T12:13:15Z</time>
      </trkpt>
      <trkpt lat="41.627447" lon="2.413673">
        <ele>388.292</ele>
        <time>2024-12-13T12:13:17Z</time>
      </trkpt>
      <trkpt lat="41.627446" lon="2.413716">
        <ele>388.418</ele>
        <time>2024-12-13T12:13:19Z</time>
      </trkpt>
      <trkpt lat="41.627442" lon="2.413757">
        <ele>388.669</ele>
        <time>2024-12-13T12:13:21Z</time>
      </trkpt>
      <trkpt lat="41.627441" lon="2.413797">
        <ele>388.804</ele>
        <time>2024-12-13T12:13:23Z</time>
      </trkpt>
      <trkpt lat="41.627438" lon="2.413838">
        <ele>389.024</ele>
        <time>2024-12-13T12:13:25Z</time>
      </trkpt>
      <trkpt lat="41.627434" lon="2.413879">
        <ele>389.209</ele>
        <time>2024-12-13T12:13:27Z</time>
      </trkpt>
      <trkpt lat="41.627436" lon="2.413917">
        <ele>389.347</ele>
        <time>2024-12-13T12:13:29Z</time>
      </trkpt>
      <trkpt lat="41.627440" lon="2.413954">
        <ele>389.435</ele>
        <time>2024-12-13T12:13:31Z</time>
      </trkpt>
      <trkpt lat="41.627443" lon="2.413990">
        <ele>389.481</ele>
        <time>2024-12-13T12:13:33Z</time>
      </trkpt>
      <trkpt lat="41.627443" lon="2.414027">
        <ele>389.416</ele>
        <time>2024-12-13T12:13:35Z</time>
      </trkpt>
      <trkpt lat="41.627440" lon="2.414067">
        <ele>389.438</ele>
        <time>2024-12-13T12:13:37Z</time>
      </trkpt>
      <trkpt lat="41.627438" lon="2.414107">
        <ele>389.369</ele>
        <time>2024-12-13T12:13:39Z</time>
      </trkpt>
      <trkpt lat="41.627436" lon="2.414181">
        <ele>389.136</ele>
        <time>2024-12-13T12:13:43Z</time>
      </trkpt>
      <trkpt lat="41.627437" lon="2.414221">
        <ele>388.779</ele>
        <time>2024-12-13T12:13:45Z</time>
      </trkpt>
      <trkpt lat="41.627438" lon="2.414259">
        <ele>388.375</ele>
        <time>2024-12-13T12:13:47Z</time>
      </trkpt>
      <trkpt lat="41.627447" lon="2.414321">
        <ele>387.712</ele>
        <time>2024-12-13T12:13:51Z</time>
      </trkpt>
      <trkpt lat="41.627465" lon="2.414383">
        <ele>387.232</ele>
        <time>2024-12-13T12:13:55Z</time>
      </trkpt>
      <trkpt lat="41.627476" lon="2.414417">
        <ele>387.005</ele>
        <time>2024-12-13T12:13:57Z</time>
      </trkpt>
      <trkpt lat="41.627496" lon="2.414474">
        <ele>386.509</ele>
        <time>2024-12-13T12:14:01Z</time>
      </trkpt>
      <trkpt lat="41.627509" lon="2.414506">
        <ele>386.232</ele>
        <time>2024-12-13T12:14:03Z</time>
      </trkpt>
      <trkpt lat="41.627525" lon="2.414541">
        <ele>385.890</ele>
        <time>2024-12-13T12:14:05Z</time>
      </trkpt>
      <trkpt lat="41.627542" lon="2.414575">
        <ele>385.426</ele>
        <time>2024-12-13T12:14:07Z</time>
      </trkpt>
      <trkpt lat="41.627558" lon="2.414605">
        <ele>385.171</ele>
        <time>2024-12-13T12:14:09Z</time>
      </trkpt>
      <trkpt lat="41.627606" lon="2.414643">
        <ele>385.133</ele>
        <time>2024-12-13T12:14:13Z</time>
      </trkpt>
      <trkpt lat="41.627627" lon="2.414672">
        <ele>384.924</ele>
        <time>2024-12-13T12:14:15Z</time>
      </trkpt>
      <trkpt lat="41.627644" lon="2.414700">
        <ele>384.891</ele>
        <time>2024-12-13T12:14:17Z</time>
      </trkpt>
      <trkpt lat="41.627667" lon="2.414730">
        <ele>384.734</ele>
        <time>2024-12-13T12:14:19Z</time>
      </trkpt>
      <trkpt lat="41.627686" lon="2.414758">
        <ele>384.580</ele>
        <time>2024-12-13T12:14:21Z</time>
      </trkpt>
      <trkpt lat="41.627707" lon="2.414787">
        <ele>384.379</ele>
        <time>2024-12-13T12:14:23Z</time>
      </trkpt>
      <trkpt lat="41.627729" lon="2.414852">
        <ele>383.605</ele>
        <time>2024-12-13T12:14:27Z</time>
      </trkpt>
      <trkpt lat="41.627745" lon="2.414886">
        <ele>383.325</ele>
        <time>2024-12-13T12:14:29Z</time>
      </trkpt>
      <trkpt lat="41.627762" lon="2.414914">
        <ele>383.109</ele>
        <time>2024-12-13T12:14:31Z</time>
      </trkpt>
      <trkpt lat="41.627777" lon="2.414947">
        <ele>382.818</ele>
        <time>2024-12-13T12:14:33Z</time>
      </trkpt>
      <trkpt lat="41.627792" lon="2.414980">
        <ele>382.356</ele>
        <time>2024-12-13T12:14:35Z</time>
      </trkpt>
      <trkpt lat="41.627820" lon="2.415044">
        <ele>381.852</ele>
        <time>2024-12-13T12:14:39Z</time>
      </trkpt>
      <trkpt lat="41.627829" lon="2.415082">
        <ele>381.727</ele>
        <time>2024-12-13T12:14:41Z</time>
      </trkpt>
      <trkpt lat="41.627829" lon="2.415122">
        <ele>381.519</ele>
        <time>2024-12-13T12:14:43Z</time>
      </trkpt>
      <trkpt lat="41.627839" lon="2.415155">
        <ele>381.360</ele>
        <time>2024-12-13T12:14:45Z</time>
      </trkpt>
      <trkpt lat="41.627849" lon="2.415194">
        <ele>381.167</ele>
        <time>2024-12-13T12:14:47Z</time>
      </trkpt>
      <trkpt lat="41.627861" lon="2.415263">
        <ele>380.840</ele>
        <time>2024-12-13T12:14:51Z</time>
      </trkpt>
      <trkpt lat="41.627863" lon="2.415303">
        <ele>380.786</ele>
        <time>2024-12-13T12:14:53Z</time>
      </trkpt>
      <trkpt lat="41.627868" lon="2.415341">
        <ele>380.723</ele>
        <time>2024-12-13T12:14:55Z</time>
      </trkpt>
      <trkpt lat="41.627888" lon="2.415409">
        <ele>380.683</ele>
        <time>2024-12-13T12:14:59Z</time>
      </trkpt>
      <trkpt lat="41.627894" lon="2.415447">
        <ele>380.611</ele>
        <time>2024-12-13T12:15:01Z</time>
      </trkpt>
      <trkpt lat="41.627879" lon="2.415503">
        <ele>380.609</ele>
        <time>2024-12-13T12:15:05Z</time>
      </trkpt>
      <trkpt lat="41.627862" lon="2.415532">
        <ele>380.783</ele>
        <time>2024-12-13T12:15:07Z</time>
      </trkpt>
      <trkpt lat="41.627841" lon="2.415561">
        <ele>380.881</ele>
        <time>2024-12-13T12:15:09Z</time>
      </trkpt>
      <trkpt lat="41.627819" lon="2.415590">
        <ele>380.997</ele>
        <time>2024-12-13T12:15:11Z</time>
      </trkpt>
      <trkpt lat="41.627799" lon="2.415624">
        <ele>381.042</ele>
        <time>2024-12-13T12:15:14Z</time>
      </trkpt>
      <trkpt lat="41.627760" lon="2.415663">
        <ele>380.884</ele>
        <time>2024-12-13T12:15:18Z</time>
      </trkpt>
      <trkpt lat="41.627730" lon="2.415714">
        <ele>380.395</ele>
        <time>2024-12-13T12:15:22Z</time>
      </trkpt>
      <trkpt lat="41.627714" lon="2.415782">
        <ele>379.962</ele>
        <time>2024-12-13T12:15:26Z</time>
      </trkpt>
      <trkpt lat="41.627703" lon="2.415821">
        <ele>379.745</ele>
        <time>2024-12-13T12:15:29Z</time>
      </trkpt>
      <trkpt lat="41.627707" lon="2.415863">
        <ele>379.531</ele>
        <time>2024-12-13T12:15:38Z</time>
      </trkpt>
      <trkpt lat="41.627683" lon="2.415849">
        <ele>379.219</ele>
        <time>2024-12-13T12:18:01Z</time>
      </trkpt>
      <trkpt lat="41.627699" lon="2.415796">
        <ele>379.709</ele>
        <time>2024-12-13T12:18:05Z</time>
      </trkpt>
      <trkpt lat="41.627711" lon="2.415762">
        <ele>379.919</ele>
        <time>2024-12-13T12:18:07Z</time>
      </trkpt>
      <trkpt lat="41.627723" lon="2.415727">
        <ele>380.209</ele>
        <time>2024-12-13T12:18:09Z</time>
      </trkpt>
      <trkpt lat="41.627735" lon="2.415692">
        <ele>380.462</ele>
        <time>2024-12-13T12:18:11Z</time>
      </trkpt>
      <trkpt lat="41.627754" lon="2.415658">
        <ele>380.750</ele>
        <time>2024-12-13T12:18:13Z</time>
      </trkpt>
      <trkpt lat="41.627773" lon="2.415631">
        <ele>380.976</ele>
        <time>2024-12-13T12:18:15Z</time>
      </trkpt>
      <trkpt lat="41.627788" lon="2.415597">
        <ele>381.051</ele>
        <time>2024-12-13T12:18:17Z</time>
      </trkpt>
      <trkpt lat="41.627822" lon="2.415548">
        <ele>380.833</ele>
        <time>2024-12-13T12:18:20Z</time>
      </trkpt>
      <trkpt lat="41.627838" lon="2.415517">
        <ele>380.864</ele>
        <time>2024-12-13T12:18:22Z</time>
      </trkpt>
      <trkpt lat="41.627866" lon="2.415473">
        <ele>380.791</ele>
        <time>2024-12-13T12:18:25Z</time>
      </trkpt>
      <trkpt lat="41.627894" lon="2.415481">
        <ele>380.674</ele>
        <time>2024-12-13T12:18:27Z</time>
      </trkpt>
      <trkpt lat="41.627916" lon="2.415502">
        <ele>380.570</ele>
        <time>2024-12-13T12:18:29Z</time>
      </trkpt>
      <trkpt lat="41.627931" lon="2.415535">
        <ele>380.492</ele>
        <time>2024-12-13T12:18:31Z</time>
      </trkpt>
      <trkpt lat="41.627948" lon="2.415573">
        <ele>380.573</ele>
        <time>2024-12-13T12:18:33Z</time>
      </trkpt>
      <trkpt lat="41.627966" lon="2.415611">
        <ele>380.720</ele>
        <time>2024-12-13T12:18:35Z</time>
      </trkpt>
      <trkpt lat="41.627977" lon="2.415650">
        <ele>381.009</ele>
        <time>2024-12-13T12:18:37Z</time>
      </trkpt>
      <trkpt lat="41.627987" lon="2.415686">
        <ele>381.370</ele>
        <time>2024-12-13T12:18:39Z</time>
      </trkpt>
      <trkpt lat="41.628008" lon="2.415752">
        <ele>381.988</ele>
        <time>2024-12-13T12:18:43Z</time>
      </trkpt>
      <trkpt lat="41.628017" lon="2.415788">
        <ele>382.344</ele>
        <time>2024-12-13T12:18:45Z</time>
      </trkpt>
      <trkpt lat="41.628043" lon="2.415855">
        <ele>383.159</ele>
        <time>2024-12-13T12:18:49Z</time>
      </trkpt>
      <trkpt lat="41.628056" lon="2.415895">
        <ele>383.431</ele>
        <time>2024-12-13T12:18:51Z</time>
      </trkpt>
      <trkpt lat="41.628088" lon="2.415950">
        <ele>383.982</ele>
        <time>2024-12-13T12:18:55Z</time>
      </trkpt>
      <trkpt lat="41.628099" lon="2.415987">
        <ele>384.289</ele>
        <time>2024-12-13T12:18:57Z</time>
      </trkpt>
      <trkpt lat="41.628109" lon="2.416022">
        <ele>384.642</ele>
        <time>2024-12-13T12:18:59Z</time>
      </trkpt>
      <trkpt lat="41.628116" lon="2.416062">
        <ele>385.048</ele>
        <time>2024-12-13T12:19:44Z</time>
      </trkpt>
      <trkpt lat="41.628132" lon="2.416108">
        <ele>385.547</ele>
        <time>2024-12-13T12:19:53Z</time>
      </trkpt>
      <trkpt lat="41.628143" lon="2.416144">
        <ele>385.629</ele>
        <time>2024-12-13T12:19:55Z</time>
      </trkpt>
      <trkpt lat="41.628167" lon="2.416191">
        <ele>385.921</ele>
        <time>2024-12-13T12:19:59Z</time>
      </trkpt>
      <trkpt lat="41.628169" lon="2.416228">
        <ele>385.909</ele>
        <time>2024-12-13T12:20:01Z</time>
      </trkpt>
      <trkpt lat="41.628182" lon="2.416296">
        <ele>386.225</ele>
        <time>2024-12-13T12:20:05Z</time>
      </trkpt>
      <trkpt lat="41.628195" lon="2.416333">
        <ele>386.493</ele>
        <time>2024-12-13T12:20:07Z</time>
      </trkpt>
      <trkpt lat="41.628208" lon="2.416364">
        <ele>386.739</ele>
        <time>2024-12-13T12:20:09Z</time>
      </trkpt>
      <trkpt lat="41.628218" lon="2.416401">
        <ele>386.814</ele>
        <time>2024-12-13T12:20:11Z</time>
      </trkpt>
      <trkpt lat="41.628225" lon="2.416440">
        <ele>386.726</ele>
        <time>2024-12-13T12:20:13Z</time>
      </trkpt>
      <trkpt lat="41.628236" lon="2.416478">
        <ele>386.717</ele>
        <time>2024-12-13T12:20:15Z</time>
      </trkpt>
      <trkpt lat="41.628245" lon="2.416517">
        <ele>386.744</ele>
        <time>2024-12-13T12:20:17Z</time>
      </trkpt>
      <trkpt lat="41.628255" lon="2.416557">
        <ele>386.627</ele>
        <time>2024-12-13T12:20:19Z</time>
      </trkpt>
      <trkpt lat="41.628268" lon="2.416594">
        <ele>386.753</ele>
        <time>2024-12-13T12:20:21Z</time>
      </trkpt>
      <trkpt lat="41.628280" lon="2.416628">
        <ele>386.831</ele>
        <time>2024-12-13T12:20:23Z</time>
      </trkpt>
      <trkpt lat="41.628293" lon="2.416666">
        <ele>387.061</ele>
        <time>2024-12-13T12:20:25Z</time>
      </trkpt>
      <trkpt lat="41.628320" lon="2.416734">
        <ele>386.907</ele>
        <time>2024-12-13T12:20:29Z</time>
      </trkpt>
      <trkpt lat="41.628334" lon="2.416773">
        <ele>386.909</ele>
        <time>2024-12-13T12:20:31Z</time>
      </trkpt>
      <trkpt lat="41.628349" lon="2.416808">
        <ele>386.824</ele>
        <time>2024-12-13T12:20:33Z</time>
      </trkpt>
      <trkpt lat="41.628364" lon="2.416847">
        <ele>386.792</ele>
        <time>2024-12-13T12:20:35Z</time>
      </trkpt>
      <trkpt lat="41.628380" lon="2.416882">
        <ele>386.728</ele>
        <time>2024-12-13T12:20:37Z</time>
      </trkpt>
      <trkpt lat="41.628395" lon="2.416915">
        <ele>386.813</ele>
        <time>2024-12-13T12:20:39Z</time>
      </trkpt>
      <trkpt lat="41.628407" lon="2.416955">
        <ele>386.815</ele>
        <time>2024-12-13T12:20:41Z</time>
      </trkpt>
      <trkpt lat="41.628419" lon="2.416994">
        <ele>386.756</ele>
        <time>2024-12-13T12:20:43Z</time>
      </trkpt>
      <trkpt lat="41.628426" lon="2.417032">
        <ele>386.643</ele>
        <time>2024-12-13T12:20:45Z</time>
      </trkpt>
      <trkpt lat="41.628433" lon="2.417069">
        <ele>386.566</ele>
        <time>2024-12-13T12:20:47Z</time>
      </trkpt>
      <trkpt lat="41.628435" lon="2.417110">
        <ele>386.212</ele>
        <time>2024-12-13T12:20:49Z</time>
      </trkpt>
      <trkpt lat="41.628444" lon="2.417152">
        <ele>386.159</ele>
        <time>2024-12-13T12:20:51Z</time>
      </trkpt>
      <trkpt lat="41.628457" lon="2.417196">
        <ele>386.203</ele>
        <time>2024-12-13T12:20:53Z</time>
      </trkpt>
      <trkpt lat="41.628464" lon="2.417237">
        <ele>386.223</ele>
        <time>2024-12-13T12:20:55Z</time>
      </trkpt>
      <trkpt lat="41.628459" lon="2.417298">
        <ele>385.809</ele>
        <time>2024-12-13T12:20:58Z</time>
      </trkpt>
      <trkpt lat="41.628462" lon="2.417335">
        <ele>385.876</ele>
        <time>2024-12-13T12:21:00Z</time>
      </trkpt>
      <trkpt lat="41.628468" lon="2.417370">
        <ele>385.854</ele>
        <time>2024-12-13T12:21:02Z</time>
      </trkpt>
      <trkpt lat="41.628466" lon="2.417444">
        <ele>385.530</ele>
        <time>2024-12-13T12:21:05Z</time>
      </trkpt>
      <trkpt lat="41.628464" lon="2.417484">
        <ele>385.375</ele>
        <time>2024-12-13T12:21:07Z</time>
      </trkpt>
      <trkpt lat="41.628469" lon="2.417523">
        <ele>385.377</ele>
        <time>2024-12-13T12:21:09Z</time>
      </trkpt>
      <trkpt lat="41.628481" lon="2.417589">
        <ele>385.318</ele>
        <time>2024-12-13T12:21:12Z</time>
      </trkpt>
      <trkpt lat="41.628486" lon="2.417658">
        <ele>385.115</ele>
        <time>2024-12-13T12:21:15Z</time>
      </trkpt>
      <trkpt lat="41.628488" lon="2.417698">
        <ele>384.928</ele>
        <time>2024-12-13T12:21:17Z</time>
      </trkpt>
      <trkpt lat="41.628489" lon="2.417738">
        <ele>384.714</ele>
        <time>2024-12-13T12:21:19Z</time>
      </trkpt>
      <trkpt lat="41.628494" lon="2.417777">
        <ele>384.675</ele>
        <time>2024-12-13T12:21:21Z</time>
      </trkpt>
      <trkpt lat="41.628499" lon="2.417817">
        <ele>384.528</ele>
        <time>2024-12-13T12:21:23Z</time>
      </trkpt>
      <trkpt lat="41.628504" lon="2.417883">
        <ele>384.120</ele>
        <time>2024-12-13T12:21:27Z</time>
      </trkpt>
      <trkpt lat="41.628505" lon="2.417925">
        <ele>383.809</ele>
        <time>2024-12-13T12:21:29Z</time>
      </trkpt>
      <trkpt lat="41.628505" lon="2.417972">
        <ele>383.418</ele>
        <time>2024-12-13T12:21:31Z</time>
      </trkpt>
      <trkpt lat="41.628501" lon="2.418024">
        <ele>382.976</ele>
        <time>2024-12-13T12:21:33Z</time>
      </trkpt>
      <trkpt lat="41.628498" lon="2.418068">
        <ele>382.662</ele>
        <time>2024-12-13T12:21:35Z</time>
      </trkpt>
      <trkpt lat="41.628491" lon="2.418126">
        <ele>382.627</ele>
        <time>2024-12-13T12:21:38Z</time>
      </trkpt>
      <trkpt lat="41.628480" lon="2.418167">
        <ele>382.559</ele>
        <time>2024-12-13T12:21:40Z</time>
      </trkpt>
      <trkpt lat="41.628460" lon="2.418222">
        <ele>382.420</ele>
        <time>2024-12-13T12:21:43Z</time>
      </trkpt>
      <trkpt lat="41.628445" lon="2.418268">
        <ele>382.397</ele>
        <time>2024-12-13T12:21:45Z</time>
      </trkpt>
      <trkpt lat="41.628429" lon="2.418304">
        <ele>382.270</ele>
        <time>2024-12-13T12:21:47Z</time>
      </trkpt>
      <trkpt lat="41.628415" lon="2.418337">
        <ele>382.236</ele>
        <time>2024-12-13T12:21:49Z</time>
      </trkpt>
      <trkpt lat="41.628407" lon="2.418373">
        <ele>382.213</ele>
        <time>2024-12-13T12:21:51Z</time>
      </trkpt>
      <trkpt lat="41.628392" lon="2.418409">
        <ele>382.243</ele>
        <time>2024-12-13T12:21:53Z</time>
      </trkpt>
      <trkpt lat="41.628378" lon="2.418446">
        <ele>382.307</ele>
        <time>2024-12-13T12:21:55Z</time>
      </trkpt>
      <trkpt lat="41.628365" lon="2.418483">
        <ele>382.309</ele>
        <time>2024-12-13T12:21:57Z</time>
      </trkpt>
      <trkpt lat="41.628352" lon="2.418519">
        <ele>382.542</ele>
        <time>2024-12-13T12:21:59Z</time>
      </trkpt>
      <trkpt lat="41.628338" lon="2.418552">
        <ele>382.670</ele>
        <time>2024-12-13T12:22:01Z</time>
      </trkpt>
      <trkpt lat="41.628324" lon="2.418588">
        <ele>382.626</ele>
        <time>2024-12-13T12:22:03Z</time>
      </trkpt>
      <trkpt lat="41.628309" lon="2.418622">
        <ele>382.561</ele>
        <time>2024-12-13T12:22:05Z</time>
      </trkpt>
      <trkpt lat="41.628292" lon="2.418658">
        <ele>382.233</ele>
        <time>2024-12-13T12:22:07Z</time>
      </trkpt>
      <trkpt lat="41.628276" lon="2.418693">
        <ele>382.044</ele>
        <time>2024-12-13T12:22:09Z</time>
      </trkpt>
      <trkpt lat="41.628264" lon="2.418726">
        <ele>381.981</ele>
        <time>2024-12-13T12:22:11Z</time>
      </trkpt>
      <trkpt lat="41.628250" lon="2.418762">
        <ele>381.924</ele>
        <time>2024-12-13T12:22:13Z</time>
      </trkpt>
      <trkpt lat="41.628239" lon="2.418797">
        <ele>381.990</ele>
        <time>2024-12-13T12:22:15Z</time>
      </trkpt>
      <trkpt lat="41.628220" lon="2.418863">
        <ele>382.098</ele>
        <time>2024-12-13T12:22:19Z</time>
      </trkpt>
      <trkpt lat="41.628219" lon="2.418899">
        <ele>382.215</ele>
        <time>2024-12-13T12:22:21Z</time>
      </trkpt>
      <trkpt lat="41.628205" lon="2.418937">
        <ele>382.326</ele>
        <time>2024-12-13T12:22:23Z</time>
      </trkpt>
      <trkpt lat="41.628190" lon="2.418971">
        <ele>382.409</ele>
        <time>2024-12-13T12:22:25Z</time>
      </trkpt>
      <trkpt lat="41.628166" lon="2.419035">
        <ele>382.770</ele>
        <time>2024-12-13T12:22:29Z</time>
      </trkpt>
      <trkpt lat="41.628151" lon="2.419068">
        <ele>383.088</ele>
        <time>2024-12-13T12:22:31Z</time>
      </trkpt>
      <trkpt lat="41.628139" lon="2.419106">
        <ele>383.224</ele>
        <time>2024-12-13T12:22:33Z</time>
      </trkpt>
      <trkpt lat="41.628124" lon="2.419139">
        <ele>383.569</ele>
        <time>2024-12-13T12:22:35Z</time>
      </trkpt>
      <trkpt lat="41.628109" lon="2.419171">
        <ele>383.911</ele>
        <time>2024-12-13T12:22:37Z</time>
      </trkpt>
      <trkpt lat="41.628092" lon="2.419203">
        <ele>384.272</ele>
        <time>2024-12-13T12:22:39Z</time>
      </trkpt>
      <trkpt lat="41.628073" lon="2.419237">
        <ele>384.799</ele>
        <time>2024-12-13T12:22:41Z</time>
      </trkpt>
      <trkpt lat="41.628056" lon="2.419266">
        <ele>385.122</ele>
        <time>2024-12-13T12:22:43Z</time>
      </trkpt>
      <trkpt lat="41.628016" lon="2.419308">
        <ele>385.098</ele>
        <time>2024-12-13T12:22:47Z</time>
      </trkpt>
      <trkpt lat="41.627980" lon="2.419358">
        <ele>385.269</ele>
        <time>2024-12-13T12:22:51Z</time>
      </trkpt>
      <trkpt lat="41.627960" lon="2.419382">
        <ele>385.204</ele>
        <time>2024-12-13T12:22:53Z</time>
      </trkpt>
      <trkpt lat="41.627923" lon="2.419429">
        <ele>385.424</ele>
        <time>2024-12-13T12:22:57Z</time>
      </trkpt>
      <trkpt lat="41.627900" lon="2.419459">
        <ele>385.509</ele>
        <time>2024-12-13T12:22:59Z</time>
      </trkpt>
      <trkpt lat="41.627877" lon="2.419488">
        <ele>385.567</ele>
        <time>2024-12-13T12:23:01Z</time>
      </trkpt>
      <trkpt lat="41.627861" lon="2.419518">
        <ele>385.695</ele>
        <time>2024-12-13T12:23:03Z</time>
      </trkpt>
      <trkpt lat="41.627831" lon="2.419579">
        <ele>385.921</ele>
        <time>2024-12-13T12:23:07Z</time>
      </trkpt>
      <trkpt lat="41.627814" lon="2.419609">
        <ele>386.176</ele>
        <time>2024-12-13T12:23:09Z</time>
      </trkpt>
      <trkpt lat="41.627783" lon="2.419671">
        <ele>386.518</ele>
        <time>2024-12-13T12:23:13Z</time>
      </trkpt>
      <trkpt lat="41.627771" lon="2.419706">
        <ele>386.799</ele>
        <time>2024-12-13T12:23:15Z</time>
      </trkpt>
      <trkpt lat="41.627748" lon="2.419769">
        <ele>386.556</ele>
        <time>2024-12-13T12:23:19Z</time>
      </trkpt>
      <trkpt lat="41.627735" lon="2.419829">
        <ele>386.559</ele>
        <time>2024-12-13T12:23:23Z</time>
      </trkpt>
      <trkpt lat="41.627718" lon="2.419894">
        <ele>386.525</ele>
        <time>2024-12-13T12:23:27Z</time>
      </trkpt>
      <trkpt lat="41.627710" lon="2.419930">
        <ele>386.617</ele>
        <time>2024-12-13T12:23:29Z</time>
      </trkpt>
      <trkpt lat="41.627704" lon="2.419965">
        <ele>386.787</ele>
        <time>2024-12-13T12:23:31Z</time>
      </trkpt>
      <trkpt lat="41.627696" lon="2.420004">
        <ele>386.815</ele>
        <time>2024-12-13T12:23:33Z</time>
      </trkpt>
      <trkpt lat="41.627685" lon="2.420038">
        <ele>386.909</ele>
        <time>2024-12-13T12:23:35Z</time>
      </trkpt>
      <trkpt lat="41.627676" lon="2.420080">
        <ele>387.082</ele>
        <time>2024-12-13T12:23:37Z</time>
      </trkpt>
      <trkpt lat="41.627668" lon="2.420118">
        <ele>387.220</ele>
        <time>2024-12-13T12:23:39Z</time>
      </trkpt>
      <trkpt lat="41.627659" lon="2.420185">
        <ele>387.516</ele>
        <time>2024-12-13T12:23:43Z</time>
      </trkpt>
      <trkpt lat="41.627641" lon="2.420249">
        <ele>387.851</ele>
        <time>2024-12-13T12:23:47Z</time>
      </trkpt>
      <trkpt lat="41.627626" lon="2.420312">
        <ele>388.063</ele>
        <time>2024-12-13T12:23:51Z</time>
      </trkpt>
      <trkpt lat="41.627601" lon="2.420373">
        <ele>388.274</ele>
        <time>2024-12-13T12:23:55Z</time>
      </trkpt>
      <trkpt lat="41.627583" lon="2.420428">
        <ele>388.491</ele>
        <time>2024-12-13T12:23:59Z</time>
      </trkpt>
      <trkpt lat="41.627555" lon="2.420478">
        <ele>388.684</ele>
        <time>2024-12-13T12:24:04Z</time>
      </trkpt>
      <trkpt lat="41.627526" lon="2.420507">
        <ele>388.730</ele>
        <time>2024-12-13T12:24:11Z</time>
      </trkpt>
      <trkpt lat="41.627479" lon="2.420533">
        <ele>389.039</ele>
        <time>2024-12-13T12:24:15Z</time>
      </trkpt>
      <trkpt lat="41.627450" lon="2.420547">
        <ele>389.301</ele>
        <time>2024-12-13T12:24:17Z</time>
      </trkpt>
      <trkpt lat="41.627418" lon="2.420557">
        <ele>389.621</ele>
        <time>2024-12-13T12:24:19Z</time>
      </trkpt>
      <trkpt lat="41.627387" lon="2.420554">
        <ele>389.809</ele>
        <time>2024-12-13T12:24:21Z</time>
      </trkpt>
      <trkpt lat="41.627357" lon="2.420557">
        <ele>390.184</ele>
        <time>2024-12-13T12:24:23Z</time>
      </trkpt>
      <trkpt lat="41.627326" lon="2.420557">
        <ele>390.382</ele>
        <time>2024-12-13T12:24:25Z</time>
      </trkpt>
      <trkpt lat="41.627297" lon="2.420550">
        <ele>390.328</ele>
        <time>2024-12-13T12:24:27Z</time>
      </trkpt>
      <trkpt lat="41.627270" lon="2.420546">
        <ele>390.443</ele>
        <time>2024-12-13T12:24:29Z</time>
      </trkpt>
      <trkpt lat="41.627217" lon="2.420537">
        <ele>390.445</ele>
        <time>2024-12-13T12:24:33Z</time>
      </trkpt>
      <trkpt lat="41.627188" lon="2.420533">
        <ele>390.146</ele>
        <time>2024-12-13T12:24:35Z</time>
      </trkpt>
      <trkpt lat="41.627161" lon="2.420531">
        <ele>389.973</ele>
        <time>2024-12-13T12:24:37Z</time>
      </trkpt>
      <trkpt lat="41.627107" lon="2.420535">
        <ele>389.656</ele>
        <time>2024-12-13T12:24:41Z</time>
      </trkpt>
      <trkpt lat="41.627077" lon="2.420537">
        <ele>389.592</ele>
        <time>2024-12-13T12:24:43Z</time>
      </trkpt>
      <trkpt lat="41.627049" lon="2.420533">
        <ele>389.215</ele>
        <time>2024-12-13T12:24:45Z</time>
      </trkpt>
      <trkpt lat="41.627017" lon="2.420531">
        <ele>388.965</ele>
        <time>2024-12-13T12:24:47Z</time>
      </trkpt>
      <trkpt lat="41.626990" lon="2.420530">
        <ele>388.711</ele>
        <time>2024-12-13T12:24:49Z</time>
      </trkpt>
      <trkpt lat="41.626939" lon="2.420540">
        <ele>388.609</ele>
        <time>2024-12-13T12:24:53Z</time>
      </trkpt>
      <trkpt lat="41.626885" lon="2.420547">
        <ele>388.882</ele>
        <time>2024-12-13T12:24:56Z</time>
      </trkpt>
      <trkpt lat="41.626857" lon="2.420547">
        <ele>388.820</ele>
        <time>2024-12-13T12:24:58Z</time>
      </trkpt>
      <trkpt lat="41.626829" lon="2.420544">
        <ele>388.746</ele>
        <time>2024-12-13T12:25:00Z</time>
      </trkpt>
      <trkpt lat="41.626798" lon="2.420540">
        <ele>388.631</ele>
        <time>2024-12-13T12:25:02Z</time>
      </trkpt>
      <trkpt lat="41.626767" lon="2.420533">
        <ele>388.583</ele>
        <time>2024-12-13T12:25:04Z</time>
      </trkpt>
      <trkpt lat="41.626740" lon="2.420525">
        <ele>388.344</ele>
        <time>2024-12-13T12:25:06Z</time>
      </trkpt>
      <trkpt lat="41.626713" lon="2.420510">
        <ele>388.051</ele>
        <time>2024-12-13T12:25:08Z</time>
      </trkpt>
      <trkpt lat="41.626687" lon="2.420498">
        <ele>387.784</ele>
        <time>2024-12-13T12:25:10Z</time>
      </trkpt>
      <trkpt lat="41.626655" lon="2.420484">
        <ele>387.530</ele>
        <time>2024-12-13T12:25:12Z</time>
      </trkpt>
      <trkpt lat="41.626626" lon="2.420469">
        <ele>387.281</ele>
        <time>2024-12-13T12:25:14Z</time>
      </trkpt>
      <trkpt lat="41.626601" lon="2.420454">
        <ele>387.061</ele>
        <time>2024-12-13T12:25:16Z</time>
      </trkpt>
      <trkpt lat="41.626570" lon="2.420435">
        <ele>386.717</ele>
        <time>2024-12-13T12:25:18Z</time>
      </trkpt>
      <trkpt lat="41.626521" lon="2.420429">
        <ele>386.709</ele>
        <time>2024-12-13T12:25:22Z</time>
      </trkpt>
      <trkpt lat="41.626491" lon="2.420417">
        <ele>386.619</ele>
        <time>2024-12-13T12:25:24Z</time>
      </trkpt>
      <trkpt lat="41.626460" lon="2.420407">
        <ele>386.677</ele>
        <time>2024-12-13T12:25:26Z</time>
      </trkpt>
      <trkpt lat="41.626430" lon="2.420402">
        <ele>386.643</ele>
        <time>2024-12-13T12:25:28Z</time>
      </trkpt>
      <trkpt lat="41.626403" lon="2.420405">
        <ele>386.818</ele>
        <time>2024-12-13T12:25:30Z</time>
      </trkpt>
      <trkpt lat="41.626383" lon="2.420438">
        <ele>387.250</ele>
        <time>2024-12-13T12:25:33Z</time>
      </trkpt>
      <trkpt lat="41.626367" lon="2.420474">
        <ele>387.391</ele>
        <time>2024-12-13T12:25:35Z</time>
      </trkpt>
      <trkpt lat="41.626353" lon="2.420507">
        <ele>387.458</ele>
        <time>2024-12-13T12:25:37Z</time>
      </trkpt>
      <trkpt lat="41.626341" lon="2.420544">
        <ele>387.641</ele>
        <time>2024-12-13T12:25:39Z</time>
      </trkpt>
      <trkpt lat="41.626330" lon="2.420581">
        <ele>387.857</ele>
        <time>2024-12-13T12:25:41Z</time>
      </trkpt>
      <trkpt lat="41.626317" lon="2.420618">
        <ele>387.761</ele>
        <time>2024-12-13T12:25:43Z</time>
      </trkpt>
      <trkpt lat="41.626298" lon="2.420674">
        <ele>387.721</ele>
        <time>2024-12-13T12:25:47Z</time>
      </trkpt>
      <trkpt lat="41.626291" lon="2.420734">
        <ele>388.013</ele>
        <time>2024-12-13T12:25:50Z</time>
      </trkpt>
      <trkpt lat="41.626286" lon="2.420776">
        <ele>388.209</ele>
        <time>2024-12-13T12:25:52Z</time>
      </trkpt>
      <trkpt lat="41.626274" lon="2.420839">
        <ele>388.327</ele>
        <time>2024-12-13T12:25:56Z</time>
      </trkpt>
      <trkpt lat="41.626266" lon="2.420921">
        <ele>388.545</ele>
        <time>2024-12-13T12:26:00Z</time>
      </trkpt>
      <trkpt lat="41.626265" lon="2.420959">
        <ele>388.771</ele>
        <time>2024-12-13T12:26:02Z</time>
      </trkpt>
      <trkpt lat="41.626267" lon="2.420997">
        <ele>389.046</ele>
        <time>2024-12-13T12:26:04Z</time>
      </trkpt>
      <trkpt lat="41.626275" lon="2.421075">
        <ele>389.928</ele>
        <time>2024-12-13T12:26:08Z</time>
      </trkpt>
      <trkpt lat="41.626281" lon="2.421114">
        <ele>390.499</ele>
        <time>2024-12-13T12:26:10Z</time>
      </trkpt>
      <trkpt lat="41.626283" lon="2.421157">
        <ele>390.636</ele>
        <time>2024-12-13T12:26:12Z</time>
      </trkpt>
      <trkpt lat="41.626291" lon="2.421193">
        <ele>391.129</ele>
        <time>2024-12-13T12:26:14Z</time>
      </trkpt>
      <trkpt lat="41.626292" lon="2.421260">
        <ele>391.475</ele>
        <time>2024-12-13T12:26:17Z</time>
      </trkpt>
      <trkpt lat="41.626304" lon="2.421320">
        <ele>392.122</ele>
        <time>2024-12-13T12:26:20Z</time>
      </trkpt>
      <trkpt lat="41.626315" lon="2.421388">
        <ele>392.862</ele>
        <time>2024-12-13T12:26:24Z</time>
      </trkpt>
      <trkpt lat="41.626321" lon="2.421426">
        <ele>393.208</ele>
        <time>2024-12-13T12:26:26Z</time>
      </trkpt>
      <trkpt lat="41.626331" lon="2.421467">
        <ele>393.809</ele>
        <time>2024-12-13T12:26:28Z</time>
      </trkpt>
      <trkpt lat="41.626341" lon="2.421504">
        <ele>394.423</ele>
        <time>2024-12-13T12:26:30Z</time>
      </trkpt>
      <trkpt lat="41.626348" lon="2.421540">
        <ele>394.931</ele>
        <time>2024-12-13T12:26:32Z</time>
      </trkpt>
      <trkpt lat="41.626355" lon="2.421578">
        <ele>395.397</ele>
        <time>2024-12-13T12:26:34Z</time>
      </trkpt>
      <trkpt lat="41.626346" lon="2.421617">
        <ele>395.152</ele>
        <time>2024-12-13T12:26:36Z</time>
      </trkpt>
      <trkpt lat="41.626347" lon="2.421657">
        <ele>395.344</ele>
        <time>2024-12-13T12:26:38Z</time>
      </trkpt>
      <trkpt lat="41.626354" lon="2.421725">
        <ele>395.995</ele>
        <time>2024-12-13T12:26:42Z</time>
      </trkpt>
      <trkpt lat="41.626357" lon="2.421762">
        <ele>396.162</ele>
        <time>2024-12-13T12:26:44Z</time>
      </trkpt>
      <trkpt lat="41.626368" lon="2.421808">
        <ele>396.735</ele>
        <time>2024-12-13T12:26:46Z</time>
      </trkpt>
      <trkpt lat="41.626370" lon="2.421850">
        <ele>397.021</ele>
        <time>2024-12-13T12:26:48Z</time>
      </trkpt>
      <trkpt lat="41.626370" lon="2.421886">
        <ele>397.149</ele>
        <time>2024-12-13T12:26:50Z</time>
      </trkpt>
      <trkpt lat="41.626369" lon="2.421923">
        <ele>397.202</ele>
        <time>2024-12-13T12:26:52Z</time>
      </trkpt>
      <trkpt lat="41.626374" lon="2.421989">
        <ele>397.622</ele>
        <time>2024-12-13T12:26:55Z</time>
      </trkpt>
      <trkpt lat="41.626376" lon="2.422028">
        <ele>397.909</ele>
        <time>2024-12-13T12:26:57Z</time>
      </trkpt>
      <trkpt lat="41.626384" lon="2.422068">
        <ele>398.335</ele>
        <time>2024-12-13T12:26:59Z</time>
      </trkpt>
      <trkpt lat="41.626387" lon="2.422109">
        <ele>398.583</ele>
        <time>2024-12-13T12:27:01Z</time>
      </trkpt>
      <trkpt lat="41.626388" lon="2.422150">
        <ele>398.789</ele>
        <time>2024-12-13T12:27:03Z</time>
      </trkpt>
      <trkpt lat="41.626378" lon="2.422192">
        <ele>398.594</ele>
        <time>2024-12-13T12:27:05Z</time>
      </trkpt>
      <trkpt lat="41.626377" lon="2.422229">
        <ele>398.636</ele>
        <time>2024-12-13T12:27:07Z</time>
      </trkpt>
      <trkpt lat="41.626388" lon="2.422298">
        <ele>399.037</ele>
        <time>2024-12-13T12:27:11Z</time>
      </trkpt>
      <trkpt lat="41.626392" lon="2.422341">
        <ele>399.194</ele>
        <time>2024-12-13T12:27:13Z</time>
      </trkpt>
      <trkpt lat="41.626392" lon="2.422382">
        <ele>399.187</ele>
        <time>2024-12-13T12:27:15Z</time>
      </trkpt>
      <trkpt lat="41.626399" lon="2.422427">
        <ele>399.333</ele>
        <time>2024-12-13T12:27:17Z</time>
      </trkpt>
      <trkpt lat="41.626405" lon="2.422467">
        <ele>399.435</ele>
        <time>2024-12-13T12:27:19Z</time>
      </trkpt>
      <trkpt lat="41.626412" lon="2.422507">
        <ele>399.586</ele>
        <time>2024-12-13T12:27:21Z</time>
      </trkpt>
      <trkpt lat="41.626417" lon="2.422548">
        <ele>399.414</ele>
        <time>2024-12-13T12:27:23Z</time>
      </trkpt>
      <trkpt lat="41.626434" lon="2.422626">
        <ele>399.309</ele>
        <time>2024-12-13T12:27:27Z</time>
      </trkpt>
      <trkpt lat="41.626445" lon="2.422667">
        <ele>399.324</ele>
        <time>2024-12-13T12:27:29Z</time>
      </trkpt>
      <trkpt lat="41.626453" lon="2.422704">
        <ele>399.372</ele>
        <time>2024-12-13T12:27:31Z</time>
      </trkpt>
      <trkpt lat="41.626465" lon="2.422738">
        <ele>399.498</ele>
        <time>2024-12-13T12:27:33Z</time>
      </trkpt>
      <trkpt lat="41.626482" lon="2.422766">
        <ele>399.823</ele>
        <time>2024-12-13T12:27:35Z</time>
      </trkpt>
      <trkpt lat="41.626502" lon="2.422795">
        <ele>400.175</ele>
        <time>2024-12-13T12:27:37Z</time>
      </trkpt>
      <trkpt lat="41.626523" lon="2.422827">
        <ele>400.576</ele>
        <time>2024-12-13T12:27:39Z</time>
      </trkpt>
      <trkpt lat="41.626539" lon="2.422865">
        <ele>400.783</ele>
        <time>2024-12-13T12:27:41Z</time>
      </trkpt>
      <trkpt lat="41.626558" lon="2.422895">
        <ele>401.056</ele>
        <time>2024-12-13T12:27:43Z</time>
      </trkpt>
      <trkpt lat="41.626580" lon="2.422924">
        <ele>401.562</ele>
        <time>2024-12-13T12:27:45Z</time>
      </trkpt>
      <trkpt lat="41.626597" lon="2.422960">
        <ele>401.743</ele>
        <time>2024-12-13T12:27:47Z</time>
      </trkpt>
      <trkpt lat="41.626615" lon="2.422996">
        <ele>401.964</ele>
        <time>2024-12-13T12:27:49Z</time>
      </trkpt>
      <trkpt lat="41.626645" lon="2.423057">
        <ele>402.410</ele>
        <time>2024-12-13T12:27:53Z</time>
      </trkpt>
      <trkpt lat="41.626656" lon="2.423097">
        <ele>402.409</ele>
        <time>2024-12-13T12:27:55Z</time>
      </trkpt>
      <trkpt lat="41.626671" lon="2.423134">
        <ele>402.565</ele>
        <time>2024-12-13T12:27:57Z</time>
      </trkpt>
      <trkpt lat="41.626694" lon="2.423168">
        <ele>402.653</ele>
        <time>2024-12-13T12:27:59Z</time>
      </trkpt>
      <trkpt lat="41.626712" lon="2.423207">
        <ele>402.679</ele>
        <time>2024-12-13T12:28:01Z</time>
      </trkpt>
      <trkpt lat="41.626714" lon="2.423253">
        <ele>402.394</ele>
        <time>2024-12-13T12:28:03Z</time>
      </trkpt>
      <trkpt lat="41.626733" lon="2.423317">
        <ele>402.196</ele>
        <time>2024-12-13T12:28:07Z</time>
      </trkpt>
      <trkpt lat="41.626741" lon="2.423357">
        <ele>401.897</ele>
        <time>2024-12-13T12:28:09Z</time>
      </trkpt>
      <trkpt lat="41.626751" lon="2.423397">
        <ele>401.694</ele>
        <time>2024-12-13T12:28:11Z</time>
      </trkpt>
      <trkpt lat="41.626762" lon="2.423435">
        <ele>401.477</ele>
        <time>2024-12-13T12:28:13Z</time>
      </trkpt>
      <trkpt lat="41.626783" lon="2.423467">
        <ele>401.433</ele>
        <time>2024-12-13T12:28:15Z</time>
      </trkpt>
      <trkpt lat="41.626799" lon="2.423503">
        <ele>401.418</ele>
        <time>2024-12-13T12:28:17Z</time>
      </trkpt>
      <trkpt lat="41.626808" lon="2.423546">
        <ele>401.198</ele>
        <time>2024-12-13T12:28:19Z</time>
      </trkpt>
      <trkpt lat="41.626823" lon="2.423585">
        <ele>401.017</ele>
        <time>2024-12-13T12:28:21Z</time>
      </trkpt>
      <trkpt lat="41.626836" lon="2.423619">
        <ele>401.009</ele>
        <time>2024-12-13T12:28:23Z</time>
      </trkpt>
      <trkpt lat="41.626840" lon="2.423659">
        <ele>400.862</ele>
        <time>2024-12-13T12:28:25Z</time>
      </trkpt>
      <trkpt lat="41.626843" lon="2.423697">
        <ele>400.660</ele>
        <time>2024-12-13T12:28:27Z</time>
      </trkpt>
      <trkpt lat="41.626849" lon="2.423737">
        <ele>400.466</ele>
        <time>2024-12-13T12:28:29Z</time>
      </trkpt>
      <trkpt lat="41.626860" lon="2.423775">
        <ele>400.341</ele>
        <time>2024-12-13T12:28:31Z</time>
      </trkpt>
      <trkpt lat="41.626872" lon="2.423849">
        <ele>400.063</ele>
        <time>2024-12-13T12:28:35Z</time>
      </trkpt>
      <trkpt lat="41.626880" lon="2.423886">
        <ele>399.964</ele>
        <time>2024-12-13T12:28:37Z</time>
      </trkpt>
      <trkpt lat="41.626894" lon="2.423926">
        <ele>400.161</ele>
        <time>2024-12-13T12:28:39Z</time>
      </trkpt>
      <trkpt lat="41.626905" lon="2.423968">
        <ele>400.314</ele>
        <time>2024-12-13T12:28:41Z</time>
      </trkpt>
      <trkpt lat="41.626922" lon="2.424009">
        <ele>400.640</ele>
        <time>2024-12-13T12:28:43Z</time>
      </trkpt>
      <trkpt lat="41.626941" lon="2.424081">
        <ele>400.941</ele>
        <time>2024-12-13T12:28:47Z</time>
      </trkpt>
      <trkpt lat="41.626948" lon="2.424119">
        <ele>401.181</ele>
        <time>2024-12-13T12:28:49Z</time>
      </trkpt>
      <trkpt lat="41.626965" lon="2.424151">
        <ele>401.409</ele>
        <time>2024-12-13T12:28:51Z</time>
      </trkpt>
      <trkpt lat="41.626979" lon="2.424183">
        <ele>401.709</ele>
        <time>2024-12-13T12:28:53Z</time>
      </trkpt>
      <trkpt lat="41.626989" lon="2.424220">
        <ele>402.045</ele>
        <time>2024-12-13T12:28:55Z</time>
      </trkpt>
      <trkpt lat="41.627005" lon="2.424249">
        <ele>402.423</ele>
        <time>2024-12-13T12:28:57Z</time>
      </trkpt>
      <trkpt lat="41.627020" lon="2.424283">
        <ele>402.849</ele>
        <time>2024-12-13T12:28:59Z</time>
      </trkpt>
      <trkpt lat="41.627043" lon="2.424353">
        <ele>403.474</ele>
        <time>2024-12-13T12:29:03Z</time>
      </trkpt>
      <trkpt lat="41.627063" lon="2.424417">
        <ele>404.016</ele>
        <time>2024-12-13T12:29:07Z</time>
      </trkpt>
      <trkpt lat="41.627071" lon="2.424456">
        <ele>404.387</ele>
        <time>2024-12-13T12:29:09Z</time>
      </trkpt>
      <trkpt lat="41.627083" lon="2.424493">
        <ele>404.694</ele>
        <time>2024-12-13T12:29:11Z</time>
      </trkpt>
      <trkpt lat="41.627096" lon="2.424528">
        <ele>404.957</ele>
        <time>2024-12-13T12:29:13Z</time>
      </trkpt>
      <trkpt lat="41.627109" lon="2.424561">
        <ele>405.223</ele>
        <time>2024-12-13T12:29:15Z</time>
      </trkpt>
      <trkpt lat="41.627136" lon="2.424631">
        <ele>405.919</ele>
        <time>2024-12-13T12:29:19Z</time>
      </trkpt>
      <trkpt lat="41.627145" lon="2.424675">
        <ele>406.209</ele>
        <time>2024-12-13T12:29:21Z</time>
      </trkpt>
      <trkpt lat="41.627156" lon="2.424713">
        <ele>406.519</ele>
        <time>2024-12-13T12:29:23Z</time>
      </trkpt>
      <trkpt lat="41.627165" lon="2.424752">
        <ele>406.709</ele>
        <time>2024-12-13T12:29:25Z</time>
      </trkpt>
      <trkpt lat="41.627174" lon="2.424790">
        <ele>406.762</ele>
        <time>2024-12-13T12:29:27Z</time>
      </trkpt>
      <trkpt lat="41.627195" lon="2.424859">
        <ele>406.930</ele>
        <time>2024-12-13T12:29:31Z</time>
      </trkpt>
      <trkpt lat="41.627202" lon="2.424899">
        <ele>406.966</ele>
        <time>2024-12-13T12:29:33Z</time>
      </trkpt>
      <trkpt lat="41.627214" lon="2.424938">
        <ele>407.071</ele>
        <time>2024-12-13T12:29:35Z</time>
      </trkpt>
      <trkpt lat="41.627227" lon="2.424975">
        <ele>407.213</ele>
        <time>2024-12-13T12:29:37Z</time>
      </trkpt>
      <trkpt lat="41.627239" lon="2.425012">
        <ele>407.244</ele>
        <time>2024-12-13T12:29:39Z</time>
      </trkpt>
      <trkpt lat="41.627247" lon="2.425047">
        <ele>407.211</ele>
        <time>2024-12-13T12:29:41Z</time>
      </trkpt>
      <trkpt lat="41.627257" lon="2.425081">
        <ele>407.294</ele>
        <time>2024-12-13T12:29:43Z</time>
      </trkpt>
      <trkpt lat="41.627268" lon="2.425115">
        <ele>407.240</ele>
        <time>2024-12-13T12:29:45Z</time>
      </trkpt>
      <trkpt lat="41.627289" lon="2.425177">
        <ele>407.259</ele>
        <time>2024-12-13T12:29:49Z</time>
      </trkpt>
      <trkpt lat="41.627308" lon="2.425211">
        <ele>407.203</ele>
        <time>2024-12-13T12:29:51Z</time>
      </trkpt>
      <trkpt lat="41.627323" lon="2.425248">
        <ele>407.223</ele>
        <time>2024-12-13T12:29:53Z</time>
      </trkpt>
      <trkpt lat="41.627339" lon="2.425284">
        <ele>407.209</ele>
        <time>2024-12-13T12:29:55Z</time>
      </trkpt>
      <trkpt lat="41.627351" lon="2.425320">
        <ele>407.356</ele>
        <time>2024-12-13T12:29:57Z</time>
      </trkpt>
      <trkpt lat="41.627358" lon="2.425355">
        <ele>407.264</ele>
        <time>2024-12-13T12:29:59Z</time>
      </trkpt>
      <trkpt lat="41.627367" lon="2.425393">
        <ele>407.130</ele>
        <time>2024-12-13T12:30:01Z</time>
      </trkpt>
      <trkpt lat="41.627369" lon="2.425432">
        <ele>407.045</ele>
        <time>2024-12-13T12:30:03Z</time>
      </trkpt>
      <trkpt lat="41.627394" lon="2.425476">
        <ele>407.027</ele>
        <time>2024-12-13T12:30:33Z</time>
      </trkpt>
      <trkpt lat="41.627450" lon="2.425456">
        <ele>407.438</ele>
        <time>2024-12-13T12:30:39Z</time>
      </trkpt>
      <trkpt lat="41.627476" lon="2.425430">
        <ele>407.745</ele>
        <time>2024-12-13T12:31:17Z</time>
      </trkpt>
      <trkpt lat="41.627499" lon="2.425405">
        <ele>408.138</ele>
        <time>2024-12-13T12:31:19Z</time>
      </trkpt>
      <trkpt lat="41.627536" lon="2.425366">
        <ele>408.114</ele>
        <time>2024-12-13T12:31:23Z</time>
      </trkpt>
      <trkpt lat="41.627572" lon="2.425328">
        <ele>408.185</ele>
        <time>2024-12-13T12:31:27Z</time>
      </trkpt>
      <trkpt lat="41.627597" lon="2.425294">
        <ele>408.289</ele>
        <time>2024-12-13T12:31:29Z</time>
      </trkpt>
      <trkpt lat="41.627618" lon="2.425268">
        <ele>408.217</ele>
        <time>2024-12-13T12:31:31Z</time>
      </trkpt>
      <trkpt lat="41.627642" lon="2.425243">
        <ele>408.209</ele>
        <time>2024-12-13T12:31:33Z</time>
      </trkpt>
      <trkpt lat="41.627667" lon="2.425222">
        <ele>408.259</ele>
        <time>2024-12-13T12:31:35Z</time>
      </trkpt>
      <trkpt lat="41.627692" lon="2.425198">
        <ele>408.267</ele>
        <time>2024-12-13T12:31:37Z</time>
      </trkpt>
      <trkpt lat="41.627715" lon="2.425179">
        <ele>408.263</ele>
        <time>2024-12-13T12:31:39Z</time>
      </trkpt>
      <trkpt lat="41.627763" lon="2.425151">
        <ele>408.028</ele>
        <time>2024-12-13T12:31:43Z</time>
      </trkpt>
      <trkpt lat="41.627790" lon="2.425140">
        <ele>407.680</ele>
        <time>2024-12-13T12:31:45Z</time>
      </trkpt>
      <trkpt lat="41.627846" lon="2.425117">
        <ele>406.151</ele>
        <time>2024-12-13T12:31:49Z</time>
      </trkpt>
      <trkpt lat="41.627874" lon="2.425105">
        <ele>405.398</ele>
        <time>2024-12-13T12:31:51Z</time>
      </trkpt>
      <trkpt lat="41.627898" lon="2.425086">
        <ele>404.611</ele>
        <time>2024-12-13T12:31:53Z</time>
      </trkpt>
      <trkpt lat="41.627941" lon="2.425059">
        <ele>403.457</ele>
        <time>2024-12-13T12:31:57Z</time>
      </trkpt>
      <trkpt lat="41.627972" lon="2.425040">
        <ele>402.522</ele>
        <time>2024-12-13T12:31:59Z</time>
      </trkpt>
      <trkpt lat="41.628001" lon="2.425022">
        <ele>401.762</ele>
        <time>2024-12-13T12:32:01Z</time>
      </trkpt>
      <trkpt lat="41.628040" lon="2.424977">
        <ele>400.708</ele>
        <time>2024-12-13T12:32:05Z</time>
      </trkpt>
      <trkpt lat="41.628067" lon="2.424920">
        <ele>400.209</ele>
        <time>2024-12-13T12:32:09Z</time>
      </trkpt>
      <trkpt lat="41.628083" lon="2.424885">
        <ele>400.023</ele>
        <time>2024-12-13T12:32:11Z</time>
      </trkpt>
      <trkpt lat="41.628094" lon="2.424850">
        <ele>399.911</ele>
        <time>2024-12-13T12:32:13Z</time>
      </trkpt>
      <trkpt lat="41.628107" lon="2.424809">
        <ele>399.857</ele>
        <time>2024-12-13T12:32:15Z</time>
      </trkpt>
      <trkpt lat="41.628121" lon="2.424774">
        <ele>399.692</ele>
        <time>2024-12-13T12:32:17Z</time>
      </trkpt>
      <trkpt lat="41.628134" lon="2.424739">
        <ele>399.454</ele>
        <time>2024-12-13T12:32:19Z</time>
      </trkpt>
      <trkpt lat="41.628156" lon="2.424696">
        <ele>398.625</ele>
        <time>2024-12-13T12:32:22Z</time>
      </trkpt>
      <trkpt lat="41.628175" lon="2.424620">
        <ele>397.682</ele>
        <time>2024-12-13T12:32:26Z</time>
      </trkpt>
      <trkpt lat="41.628189" lon="2.424574">
        <ele>396.995</ele>
        <time>2024-12-13T12:32:28Z</time>
      </trkpt>
      <trkpt lat="41.628213" lon="2.424518">
        <ele>395.761</ele>
        <time>2024-12-13T12:32:32Z</time>
      </trkpt>
      <trkpt lat="41.628232" lon="2.424480">
        <ele>394.971</ele>
        <time>2024-12-13T12:32:34Z</time>
      </trkpt>
      <trkpt lat="41.628250" lon="2.424441">
        <ele>394.041</ele>
        <time>2024-12-13T12:32:36Z</time>
      </trkpt>
      <trkpt lat="41.628286" lon="2.424384">
        <ele>393.015</ele>
        <time>2024-12-13T12:32:40Z</time>
      </trkpt>
      <trkpt lat="41.628310" lon="2.424365">
        <ele>392.209</ele>
        <time>2024-12-13T12:32:42Z</time>
      </trkpt>
      <trkpt lat="41.628361" lon="2.424329">
        <ele>390.758</ele>
        <time>2024-12-13T12:32:46Z</time>
      </trkpt>
      <trkpt lat="41.628382" lon="2.424301">
        <ele>390.296</ele>
        <time>2024-12-13T12:32:48Z</time>
      </trkpt>
      <trkpt lat="41.628400" lon="2.424272">
        <ele>389.892</ele>
        <time>2024-12-13T12:32:50Z</time>
      </trkpt>
      <trkpt lat="41.628424" lon="2.424242">
        <ele>389.227</ele>
        <time>2024-12-13T12:32:52Z</time>
      </trkpt>
      <trkpt lat="41.628450" lon="2.424214">
        <ele>388.569</ele>
        <time>2024-12-13T12:32:54Z</time>
      </trkpt>
      <trkpt lat="41.628475" lon="2.424186">
        <ele>387.910</ele>
        <time>2024-12-13T12:32:56Z</time>
      </trkpt>
      <trkpt lat="41.628496" lon="2.424157">
        <ele>387.447</ele>
        <time>2024-12-13T12:32:58Z</time>
      </trkpt>
      <trkpt lat="41.628512" lon="2.424102">
        <ele>387.130</ele>
        <time>2024-12-13T12:33:01Z</time>
      </trkpt>
      <trkpt lat="41.628517" lon="2.424064">
        <ele>387.126</ele>
        <time>2024-12-13T12:33:03Z</time>
      </trkpt>
      <trkpt lat="41.628528" lon="2.424007">
        <ele>387.059</ele>
        <time>2024-12-13T12:33:06Z</time>
      </trkpt>
      <trkpt lat="41.628541" lon="2.423947">
        <ele>386.803</ele>
        <time>2024-12-13T12:33:09Z</time>
      </trkpt>
      <trkpt lat="41.628554" lon="2.423915">
        <ele>386.623</ele>
        <time>2024-12-13T12:33:11Z</time>
      </trkpt>
      <trkpt lat="41.628569" lon="2.423877">
        <ele>386.209</ele>
        <time>2024-12-13T12:33:13Z</time>
      </trkpt>
      <trkpt lat="41.628587" lon="2.423836">
        <ele>385.926</ele>
        <time>2024-12-13T12:33:15Z</time>
      </trkpt>
      <trkpt lat="41.628609" lon="2.423803">
        <ele>385.434</ele>
        <time>2024-12-13T12:33:17Z</time>
      </trkpt>
      <trkpt lat="41.628626" lon="2.423768">
        <ele>384.970</ele>
        <time>2024-12-13T12:33:19Z</time>
      </trkpt>
      <trkpt lat="41.628646" lon="2.423738">
        <ele>384.365</ele>
        <time>2024-12-13T12:33:21Z</time>
      </trkpt>
      <trkpt lat="41.628674" lon="2.423730">
        <ele>383.487</ele>
        <time>2024-12-13T12:33:23Z</time>
      </trkpt>
      <trkpt lat="41.628704" lon="2.423723">
        <ele>382.448</ele>
        <time>2024-12-13T12:33:25Z</time>
      </trkpt>
      <trkpt lat="41.628738" lon="2.423724">
        <ele>381.215</ele>
        <time>2024-12-13T12:33:27Z</time>
      </trkpt>
      <trkpt lat="41.628768" lon="2.423726">
        <ele>380.298</ele>
        <time>2024-12-13T12:33:29Z</time>
      </trkpt>
      <trkpt lat="41.628795" lon="2.423737">
        <ele>379.294</ele>
        <time>2024-12-13T12:33:31Z</time>
      </trkpt>
      <trkpt lat="41.628846" lon="2.423727">
        <ele>377.513</ele>
        <time>2024-12-13T12:33:35Z</time>
      </trkpt>
      <trkpt lat="41.628903" lon="2.423706">
        <ele>375.543</ele>
        <time>2024-12-13T12:33:39Z</time>
      </trkpt>
      <trkpt lat="41.628934" lon="2.423672">
        <ele>374.507</ele>
        <time>2024-12-13T12:33:41Z</time>
      </trkpt>
      <trkpt lat="41.628953" lon="2.423638">
        <ele>373.909</ele>
        <time>2024-12-13T12:33:43Z</time>
      </trkpt>
      <trkpt lat="41.628967" lon="2.423598">
        <ele>373.462</ele>
        <time>2024-12-13T12:33:45Z</time>
      </trkpt>
      <trkpt lat="41.628976" lon="2.423561">
        <ele>372.840</ele>
        <time>2024-12-13T12:33:48Z</time>
      </trkpt>
      <trkpt lat="41.628979" lon="2.423489">
        <ele>372.196</ele>
        <time>2024-12-13T12:33:52Z</time>
      </trkpt>
      <trkpt lat="41.628973" lon="2.423413">
        <ele>371.661</ele>
        <time>2024-12-13T12:33:56Z</time>
      </trkpt>
      <trkpt lat="41.628965" lon="2.423371">
        <ele>371.633</ele>
        <time>2024-12-13T12:33:58Z</time>
      </trkpt>
      <trkpt lat="41.628941" lon="2.423308">
        <ele>371.834</ele>
        <time>2024-12-13T12:34:02Z</time>
      </trkpt>
      <trkpt lat="41.628906" lon="2.423251">
        <ele>372.271</ele>
        <time>2024-12-13T12:34:06Z</time>
      </trkpt>
      <trkpt lat="41.628880" lon="2.423219">
        <ele>372.754</ele>
        <time>2024-12-13T12:34:08Z</time>
      </trkpt>
      <trkpt lat="41.628857" lon="2.423198">
        <ele>373.150</ele>
        <time>2024-12-13T12:34:10Z</time>
      </trkpt>
      <trkpt lat="41.628819" lon="2.423161">
        <ele>373.988</ele>
        <time>2024-12-13T12:34:13Z</time>
      </trkpt>
      <trkpt lat="41.628794" lon="2.423145">
        <ele>374.524</ele>
        <time>2024-12-13T12:34:15Z</time>
      </trkpt>
      <trkpt lat="41.628761" lon="2.423132">
        <ele>375.426</ele>
        <time>2024-12-13T12:34:17Z</time>
      </trkpt>
      <trkpt lat="41.628727" lon="2.423113">
        <ele>376.209</ele>
        <time>2024-12-13T12:34:19Z</time>
      </trkpt>
      <trkpt lat="41.628694" lon="2.423091">
        <ele>376.919</ele>
        <time>2024-12-13T12:34:21Z</time>
      </trkpt>
      <trkpt lat="41.628644" lon="2.423051">
        <ele>377.967</ele>
        <time>2024-12-13T12:34:25Z</time>
      </trkpt>
      <trkpt lat="41.628607" lon="2.423003">
        <ele>378.243</ele>
        <time>2024-12-13T12:34:29Z</time>
      </trkpt>
      <trkpt lat="41.628593" lon="2.422966">
        <ele>377.928</ele>
        <time>2024-12-13T12:34:31Z</time>
      </trkpt>
      <trkpt lat="41.628582" lon="2.422927">
        <ele>377.560</ele>
        <time>2024-12-13T12:34:33Z</time>
      </trkpt>
      <trkpt lat="41.628577" lon="2.422885">
        <ele>376.921</ele>
        <time>2024-12-13T12:34:35Z</time>
      </trkpt>
      <trkpt lat="41.628575" lon="2.422842">
        <ele>376.338</ele>
        <time>2024-12-13T12:34:37Z</time>
      </trkpt>
      <trkpt lat="41.628570" lon="2.422776">
        <ele>375.371</ele>
        <time>2024-12-13T12:34:40Z</time>
      </trkpt>
      <trkpt lat="41.628568" lon="2.422732">
        <ele>375.087</ele>
        <time>2024-12-13T12:34:42Z</time>
      </trkpt>
      <trkpt lat="41.628572" lon="2.422690">
        <ele>374.572</ele>
        <time>2024-12-13T12:34:44Z</time>
      </trkpt>
      <trkpt lat="41.628577" lon="2.422647">
        <ele>373.913</ele>
        <time>2024-12-13T12:34:46Z</time>
      </trkpt>
      <trkpt lat="41.628581" lon="2.422605">
        <ele>373.314</ele>
        <time>2024-12-13T12:34:48Z</time>
      </trkpt>
      <trkpt lat="41.628588" lon="2.422565">
        <ele>372.609</ele>
        <time>2024-12-13T12:34:50Z</time>
      </trkpt>
      <trkpt lat="41.628604" lon="2.422497">
        <ele>371.388</ele>
        <time>2024-12-13T12:34:54Z</time>
      </trkpt>
      <trkpt lat="41.628612" lon="2.422449">
        <ele>371.236</ele>
        <time>2024-12-13T12:34:56Z</time>
      </trkpt>
      <trkpt lat="41.628618" lon="2.422402">
        <ele>371.182</ele>
        <time>2024-12-13T12:34:58Z</time>
      </trkpt>
      <trkpt lat="41.628625" lon="2.422336">
        <ele>371.177</ele>
        <time>2024-12-13T12:35:01Z</time>
      </trkpt>
      <trkpt lat="41.628625" lon="2.422298">
        <ele>371.249</ele>
        <time>2024-12-13T12:35:03Z</time>
      </trkpt>
      <trkpt lat="41.628625" lon="2.422255">
        <ele>371.440</ele>
        <time>2024-12-13T12:35:05Z</time>
      </trkpt>
      <trkpt lat="41.628623" lon="2.422177">
        <ele>371.397</ele>
        <time>2024-12-13T12:35:09Z</time>
      </trkpt>
      <trkpt lat="41.628619" lon="2.422139">
        <ele>371.150</ele>
        <time>2024-12-13T12:35:11Z</time>
      </trkpt>
      <trkpt lat="41.628621" lon="2.422100">
        <ele>370.826</ele>
        <time>2024-12-13T12:35:13Z</time>
      </trkpt>
      <trkpt lat="41.628620" lon="2.422064">
        <ele>370.662</ele>
        <time>2024-12-13T12:35:15Z</time>
      </trkpt>
      <trkpt lat="41.628617" lon="2.422022">
        <ele>370.483</ele>
        <time>2024-12-13T12:35:17Z</time>
      </trkpt>
      <trkpt lat="41.628610" lon="2.421981">
        <ele>370.311</ele>
        <time>2024-12-13T12:35:19Z</time>
      </trkpt>
      <trkpt lat="41.628601" lon="2.421937">
        <ele>370.409</ele>
        <time>2024-12-13T12:35:21Z</time>
      </trkpt>
      <trkpt lat="41.628590" lon="2.421898">
        <ele>370.657</ele>
        <time>2024-12-13T12:35:23Z</time>
      </trkpt>
      <trkpt lat="41.628573" lon="2.421863">
        <ele>371.155</ele>
        <time>2024-12-13T12:35:25Z</time>
      </trkpt>
      <trkpt lat="41.628549" lon="2.421807">
        <ele>371.521</ele>
        <time>2024-12-13T12:35:29Z</time>
      </trkpt>
      <trkpt lat="41.628540" lon="2.421769">
        <ele>371.516</ele>
        <time>2024-12-13T12:35:31Z</time>
      </trkpt>
      <trkpt lat="41.628522" lon="2.421730">
        <ele>371.848</ele>
        <time>2024-12-13T12:35:33Z</time>
      </trkpt>
      <trkpt lat="41.628497" lon="2.421664">
        <ele>371.959</ele>
        <time>2024-12-13T12:35:36Z</time>
      </trkpt>
      <trkpt lat="41.628490" lon="2.421627">
        <ele>372.146</ele>
        <time>2024-12-13T12:35:38Z</time>
      </trkpt>
      <trkpt lat="41.628486" lon="2.421588">
        <ele>372.269</ele>
        <time>2024-12-13T12:35:40Z</time>
      </trkpt>
      <trkpt lat="41.628488" lon="2.421546">
        <ele>372.145</ele>
        <time>2024-12-13T12:35:42Z</time>
      </trkpt>
      <trkpt lat="41.628499" lon="2.421499">
        <ele>371.852</ele>
        <time>2024-12-13T12:35:44Z</time>
      </trkpt>
      <trkpt lat="41.628517" lon="2.421463">
        <ele>371.453</ele>
        <time>2024-12-13T12:35:46Z</time>
      </trkpt>
      <trkpt lat="41.628543" lon="2.421436">
        <ele>370.708</ele>
        <time>2024-12-13T12:35:48Z</time>
      </trkpt>
      <trkpt lat="41.628571" lon="2.421414">
        <ele>370.009</ele>
        <time>2024-12-13T12:35:50Z</time>
      </trkpt>
      <trkpt lat="41.628601" lon="2.421395">
        <ele>369.336</ele>
        <time>2024-12-13T12:35:52Z</time>
      </trkpt>
      <trkpt lat="41.628644" lon="2.421363">
        <ele>368.854</ele>
        <time>2024-12-13T12:35:56Z</time>
      </trkpt>
      <trkpt lat="41.628669" lon="2.421340">
        <ele>368.730</ele>
        <time>2024-12-13T12:35:58Z</time>
      </trkpt>
      <trkpt lat="41.628698" lon="2.421309">
        <ele>368.635</ele>
        <time>2024-12-13T12:36:00Z</time>
      </trkpt>
      <trkpt lat="41.628730" lon="2.421298">
        <ele>368.347</ele>
        <time>2024-12-13T12:36:02Z</time>
      </trkpt>
      <trkpt lat="41.628764" lon="2.421298">
        <ele>367.848</ele>
        <time>2024-12-13T12:36:04Z</time>
      </trkpt>
      <trkpt lat="41.628791" lon="2.421314">
        <ele>367.245</ele>
        <time>2024-12-13T12:36:06Z</time>
      </trkpt>
      <trkpt lat="41.628813" lon="2.421334">
        <ele>366.728</ele>
        <time>2024-12-13T12:36:08Z</time>
      </trkpt>
      <trkpt lat="41.628841" lon="2.421345">
        <ele>366.244</ele>
        <time>2024-12-13T12:36:10Z</time>
      </trkpt>
      <trkpt lat="41.628869" lon="2.421359">
        <ele>365.639</ele>
        <time>2024-12-13T12:36:12Z</time>
      </trkpt>
      <trkpt lat="41.628898" lon="2.421370">
        <ele>365.101</ele>
        <time>2024-12-13T12:36:14Z</time>
      </trkpt>
      <trkpt lat="41.628951" lon="2.421385">
        <ele>364.621</ele>
        <time>2024-12-13T12:36:18Z</time>
      </trkpt>
      <trkpt lat="41.629006" lon="2.421414">
        <ele>364.009</ele>
        <time>2024-12-13T12:36:22Z</time>
      </trkpt>
      <trkpt lat="41.629036" lon="2.421423">
        <ele>363.854</ele>
        <time>2024-12-13T12:36:24Z</time>
      </trkpt>
      <trkpt lat="41.629066" lon="2.421431">
        <ele>363.512</ele>
        <time>2024-12-13T12:36:26Z</time>
      </trkpt>
      <trkpt lat="41.629108" lon="2.421454">
        <ele>363.098</ele>
        <time>2024-12-13T12:36:29Z</time>
      </trkpt>
      <trkpt lat="41.629141" lon="2.421458">
        <ele>362.723</ele>
        <time>2024-12-13T12:36:31Z</time>
      </trkpt>
      <trkpt lat="41.629196" lon="2.421480">
        <ele>362.225</ele>
        <time>2024-12-13T12:36:35Z</time>
      </trkpt>
      <trkpt lat="41.629226" lon="2.421490">
        <ele>362.096</ele>
        <time>2024-12-13T12:36:37Z</time>
      </trkpt>
      <trkpt lat="41.629257" lon="2.421487">
        <ele>361.963</ele>
        <time>2024-12-13T12:36:39Z</time>
      </trkpt>
      <trkpt lat="41.629312" lon="2.421497">
        <ele>361.576</ele>
        <time>2024-12-13T12:36:43Z</time>
      </trkpt>
      <trkpt lat="41.629340" lon="2.421502">
        <ele>361.342</ele>
        <time>2024-12-13T12:36:45Z</time>
      </trkpt>
      <trkpt lat="41.629367" lon="2.421516">
        <ele>361.011</ele>
        <time>2024-12-13T12:36:47Z</time>
      </trkpt>
      <trkpt lat="41.629397" lon="2.421533">
        <ele>360.721</ele>
        <time>2024-12-13T12:36:49Z</time>
      </trkpt>
      <trkpt lat="41.629426" lon="2.421547">
        <ele>360.403</ele>
        <time>2024-12-13T12:36:51Z</time>
      </trkpt>
      <trkpt lat="41.629452" lon="2.421570">
        <ele>360.009</ele>
        <time>2024-12-13T12:36:53Z</time>
      </trkpt>
      <trkpt lat="41.629479" lon="2.421596">
        <ele>359.412</ele>
        <time>2024-12-13T12:36:55Z</time>
      </trkpt>
      <trkpt lat="41.629498" lon="2.421633">
        <ele>358.880</ele>
        <time>2024-12-13T12:36:57Z</time>
      </trkpt>
      <trkpt lat="41.629522" lon="2.421660">
        <ele>358.236</ele>
        <time>2024-12-13T12:36:59Z</time>
      </trkpt>
      <trkpt lat="41.629549" lon="2.421684">
        <ele>357.621</ele>
        <time>2024-12-13T12:37:01Z</time>
      </trkpt>
      <trkpt lat="41.629575" lon="2.421706">
        <ele>357.113</ele>
        <time>2024-12-13T12:37:03Z</time>
      </trkpt>
      <trkpt lat="41.629595" lon="2.421733">
        <ele>356.584</ele>
        <time>2024-12-13T12:37:05Z</time>
      </trkpt>
      <trkpt lat="41.629641" lon="2.421773">
        <ele>355.651</ele>
        <time>2024-12-13T12:37:09Z</time>
      </trkpt>
      <trkpt lat="41.629666" lon="2.421788">
        <ele>355.214</ele>
        <time>2024-12-13T12:37:11Z</time>
      </trkpt>
      <trkpt lat="41.629679" lon="2.421821">
        <ele>354.770</ele>
        <time>2024-12-13T12:37:13Z</time>
      </trkpt>
      <trkpt lat="41.629688" lon="2.421861">
        <ele>354.287</ele>
        <time>2024-12-13T12:37:15Z</time>
      </trkpt>
      <trkpt lat="41.629704" lon="2.421902">
        <ele>353.642</ele>
        <time>2024-12-13T12:37:17Z</time>
      </trkpt>
      <trkpt lat="41.629716" lon="2.421938">
        <ele>353.126</ele>
        <time>2024-12-13T12:37:19Z</time>
      </trkpt>
      <trkpt lat="41.629720" lon="2.421976">
        <ele>352.709</ele>
        <time>2024-12-13T12:37:21Z</time>
      </trkpt>
      <trkpt lat="41.629726" lon="2.422015">
        <ele>352.279</ele>
        <time>2024-12-13T12:37:23Z</time>
      </trkpt>
      <trkpt lat="41.629741" lon="2.422045">
        <ele>351.657</ele>
        <time>2024-12-13T12:37:25Z</time>
      </trkpt>
      <trkpt lat="41.629765" lon="2.422065">
        <ele>350.933</ele>
        <time>2024-12-13T12:37:27Z</time>
      </trkpt>
      <trkpt lat="41.629808" lon="2.422060">
        <ele>350.248</ele>
        <time>2024-12-13T12:37:30Z</time>
      </trkpt>
      <trkpt lat="41.629833" lon="2.422038">
        <ele>350.060</ele>
        <time>2024-12-13T12:37:32Z</time>
      </trkpt>
      <trkpt lat="41.629843" lon="2.422004">
        <ele>350.221</ele>
        <time>2024-12-13T12:37:34Z</time>
      </trkpt>
      <trkpt lat="41.629854" lon="2.421931">
        <ele>350.878</ele>
        <time>2024-12-13T12:37:38Z</time>
      </trkpt>
      <trkpt lat="41.629873" lon="2.421870">
        <ele>350.971</ele>
        <time>2024-12-13T12:37:41Z</time>
      </trkpt>
      <trkpt lat="41.629897" lon="2.421811">
        <ele>351.027</ele>
        <time>2024-12-13T12:37:45Z</time>
      </trkpt>
      <trkpt lat="41.629928" lon="2.421756">
        <ele>350.844</ele>
        <time>2024-12-13T12:37:49Z</time>
      </trkpt>
      <trkpt lat="41.629957" lon="2.421719">
        <ele>350.505</ele>
        <time>2024-12-13T12:37:51Z</time>
      </trkpt>
      <trkpt lat="41.629983" lon="2.421695">
        <ele>350.215</ele>
        <time>2024-12-13T12:37:53Z</time>
      </trkpt>
      <trkpt lat="41.630032" lon="2.421675">
        <ele>349.209</ele>
        <time>2024-12-13T12:37:57Z</time>
      </trkpt>
      <trkpt lat="41.630081" lon="2.421645">
        <ele>348.485</ele>
        <time>2024-12-13T12:38:01Z</time>
      </trkpt>
      <trkpt lat="41.630113" lon="2.421621">
        <ele>348.083</ele>
        <time>2024-12-13T12:38:03Z</time>
      </trkpt>
      <trkpt lat="41.630137" lon="2.421592">
        <ele>347.719</ele>
        <time>2024-12-13T12:38:05Z</time>
      </trkpt>
      <trkpt lat="41.630168" lon="2.421584">
        <ele>347.134</ele>
        <time>2024-12-13T12:38:07Z</time>
      </trkpt>
      <trkpt lat="41.630201" lon="2.421590">
        <ele>346.426</ele>
        <time>2024-12-13T12:38:09Z</time>
      </trkpt>
      <trkpt lat="41.630231" lon="2.421610">
        <ele>345.637</ele>
        <time>2024-12-13T12:38:11Z</time>
      </trkpt>
      <trkpt lat="41.630254" lon="2.421641">
        <ele>344.854</ele>
        <time>2024-12-13T12:38:13Z</time>
      </trkpt>
      <trkpt lat="41.630283" lon="2.421656">
        <ele>344.127</ele>
        <time>2024-12-13T12:38:15Z</time>
      </trkpt>
      <trkpt lat="41.630310" lon="2.421655">
        <ele>343.953</ele>
        <time>2024-12-13T12:38:17Z</time>
      </trkpt>
      <trkpt lat="41.630339" lon="2.421651">
        <ele>343.798</ele>
        <time>2024-12-13T12:38:19Z</time>
      </trkpt>
      <trkpt lat="41.630370" lon="2.421646">
        <ele>343.615</ele>
        <time>2024-12-13T12:38:21Z</time>
      </trkpt>
      <trkpt lat="41.630402" lon="2.421653">
        <ele>343.326</ele>
        <time>2024-12-13T12:38:23Z</time>
      </trkpt>
      <trkpt lat="41.630432" lon="2.421662">
        <ele>342.909</ele>
        <time>2024-12-13T12:38:25Z</time>
      </trkpt>
      <trkpt lat="41.630462" lon="2.421666">
        <ele>342.720</ele>
        <time>2024-12-13T12:38:27Z</time>
      </trkpt>
      <trkpt lat="41.630493" lon="2.421674">
        <ele>342.458</ele>
        <time>2024-12-13T12:38:29Z</time>
      </trkpt>
      <trkpt lat="41.630526" lon="2.421678">
        <ele>342.154</ele>
        <time>2024-12-13T12:38:31Z</time>
      </trkpt>
      <trkpt lat="41.630556" lon="2.421685">
        <ele>341.739</ele>
        <time>2024-12-13T12:38:33Z</time>
      </trkpt>
      <trkpt lat="41.630587" lon="2.421698">
        <ele>341.551</ele>
        <time>2024-12-13T12:38:35Z</time>
      </trkpt>
      <trkpt lat="41.630614" lon="2.421697">
        <ele>341.662</ele>
        <time>2024-12-13T12:38:37Z</time>
      </trkpt>
      <trkpt lat="41.630669" lon="2.421695">
        <ele>341.619</ele>
        <time>2024-12-13T12:38:41Z</time>
      </trkpt>
      <trkpt lat="41.630695" lon="2.421683">
        <ele>341.882</ele>
        <time>2024-12-13T12:38:43Z</time>
      </trkpt>
      <trkpt lat="41.630718" lon="2.421652">
        <ele>342.218</ele>
        <time>2024-12-13T12:38:45Z</time>
      </trkpt>
      <trkpt lat="41.630740" lon="2.421627">
        <ele>342.439</ele>
        <time>2024-12-13T12:38:47Z</time>
      </trkpt>
      <trkpt lat="41.630763" lon="2.421600">
        <ele>342.701</ele>
        <time>2024-12-13T12:38:49Z</time>
      </trkpt>
      <trkpt lat="41.630791" lon="2.421536">
        <ele>343.421</ele>
        <time>2024-12-13T12:38:53Z</time>
      </trkpt>
      <trkpt lat="41.630824" lon="2.421480">
        <ele>344.009</ele>
        <time>2024-12-13T12:38:56Z</time>
      </trkpt>
      <trkpt lat="41.630861" lon="2.421439">
        <ele>344.534</ele>
        <time>2024-12-13T12:39:00Z</time>
      </trkpt>
      <trkpt lat="41.630885" lon="2.421418">
        <ele>344.762</ele>
        <time>2024-12-13T12:39:02Z</time>
      </trkpt>
      <trkpt lat="41.630909" lon="2.421391">
        <ele>345.028</ele>
        <time>2024-12-13T12:39:04Z</time>
      </trkpt>
      <trkpt lat="41.630925" lon="2.421353">
        <ele>344.893</ele>
        <time>2024-12-13T12:39:06Z</time>
      </trkpt>
      <trkpt lat="41.630952" lon="2.421294">
        <ele>344.575</ele>
        <time>2024-12-13T12:39:10Z</time>
      </trkpt>
      <trkpt lat="41.630968" lon="2.421263">
        <ele>344.386</ele>
        <time>2024-12-13T12:39:12Z</time>
      </trkpt>
      <trkpt lat="41.630994" lon="2.421225">
        <ele>344.273</ele>
        <time>2024-12-13T12:39:14Z</time>
      </trkpt>
      <trkpt lat="41.631026" lon="2.421171">
        <ele>344.066</ele>
        <time>2024-12-13T12:39:17Z</time>
      </trkpt>
      <trkpt lat="41.631048" lon="2.421144">
        <ele>343.972</ele>
        <time>2024-12-13T12:39:19Z</time>
      </trkpt>
      <trkpt lat="41.631073" lon="2.421122">
        <ele>343.951</ele>
        <time>2024-12-13T12:39:21Z</time>
      </trkpt>
      <trkpt lat="41.631095" lon="2.421097">
        <ele>343.701</ele>
        <time>2024-12-13T12:39:23Z</time>
      </trkpt>
      <trkpt lat="41.631121" lon="2.421080">
        <ele>343.311</ele>
        <time>2024-12-13T12:39:25Z</time>
      </trkpt>
      <trkpt lat="41.631145" lon="2.421059">
        <ele>342.709</ele>
        <time>2024-12-13T12:39:27Z</time>
      </trkpt>
      <trkpt lat="41.631165" lon="2.421032">
        <ele>342.136</ele>
        <time>2024-12-13T12:39:29Z</time>
      </trkpt>
      <trkpt lat="41.631185" lon="2.421007">
        <ele>341.544</ele>
        <time>2024-12-13T12:39:31Z</time>
      </trkpt>
      <trkpt lat="41.631207" lon="2.420975">
        <ele>340.940</ele>
        <time>2024-12-13T12:39:33Z</time>
      </trkpt>
      <trkpt lat="41.631225" lon="2.420944">
        <ele>340.385</ele>
        <time>2024-12-13T12:39:35Z</time>
      </trkpt>
      <trkpt lat="41.631241" lon="2.420910">
        <ele>339.777</ele>
        <time>2024-12-13T12:39:37Z</time>
      </trkpt>
      <trkpt lat="41.631254" lon="2.420870">
        <ele>339.088</ele>
        <time>2024-12-13T12:39:39Z</time>
      </trkpt>
      <trkpt lat="41.631264" lon="2.420832">
        <ele>338.465</ele>
        <time>2024-12-13T12:39:41Z</time>
      </trkpt>
      <trkpt lat="41.631269" lon="2.420793">
        <ele>337.918</ele>
        <time>2024-12-13T12:39:43Z</time>
      </trkpt>
      <trkpt lat="41.631276" lon="2.420756">
        <ele>337.334</ele>
        <time>2024-12-13T12:39:45Z</time>
      </trkpt>
      <trkpt lat="41.631286" lon="2.420721">
        <ele>336.961</ele>
        <time>2024-12-13T12:39:47Z</time>
      </trkpt>
      <trkpt lat="41.631299" lon="2.420677">
        <ele>336.321</ele>
        <time>2024-12-13T12:39:49Z</time>
      </trkpt>
      <trkpt lat="41.631323" lon="2.420623">
        <ele>335.613</ele>
        <time>2024-12-13T12:39:52Z</time>
      </trkpt>
      <trkpt lat="41.631343" lon="2.420566">
        <ele>335.009</ele>
        <time>2024-12-13T12:39:56Z</time>
      </trkpt>
      <trkpt lat="41.631362" lon="2.420506">
        <ele>334.017</ele>
        <time>2024-12-13T12:40:00Z</time>
      </trkpt>
      <trkpt lat="41.631373" lon="2.420468">
        <ele>333.495</ele>
        <time>2024-12-13T12:40:02Z</time>
      </trkpt>
      <trkpt lat="41.631395" lon="2.420406">
        <ele>332.331</ele>
        <time>2024-12-13T12:40:05Z</time>
      </trkpt>
      <trkpt lat="41.631417" lon="2.420345">
        <ele>331.496</ele>
        <time>2024-12-13T12:40:09Z</time>
      </trkpt>
      <trkpt lat="41.631434" lon="2.420278">
        <ele>330.318</ele>
        <time>2024-12-13T12:40:13Z</time>
      </trkpt>
      <trkpt lat="41.631456" lon="2.420208">
        <ele>328.899</ele>
        <time>2024-12-13T12:40:17Z</time>
      </trkpt>
      <trkpt lat="41.631465" lon="2.420172">
        <ele>328.176</ele>
        <time>2024-12-13T12:40:19Z</time>
      </trkpt>
      <trkpt lat="41.631468" lon="2.420133">
        <ele>327.269</ele>
        <time>2024-12-13T12:40:21Z</time>
      </trkpt>
      <trkpt lat="41.631470" lon="2.420097">
        <ele>326.495</ele>
        <time>2024-12-13T12:40:23Z</time>
      </trkpt>
      <trkpt lat="41.631478" lon="2.420057">
        <ele>325.622</ele>
        <time>2024-12-13T12:40:25Z</time>
      </trkpt>
      <trkpt lat="41.631507" lon="2.420014">
        <ele>325.062</ele>
        <time>2024-12-13T12:40:29Z</time>
      </trkpt>
      <trkpt lat="41.631536" lon="2.419989">
        <ele>324.808</ele>
        <time>2024-12-13T12:40:31Z</time>
      </trkpt>
      <trkpt lat="41.631582" lon="2.419962">
        <ele>324.509</ele>
        <time>2024-12-13T12:40:34Z</time>
      </trkpt>
      <trkpt lat="41.631627" lon="2.419927">
        <ele>323.923</ele>
        <time>2024-12-13T12:40:38Z</time>
      </trkpt>
      <trkpt lat="41.631684" lon="2.419895">
        <ele>323.111</ele>
        <time>2024-12-13T12:40:42Z</time>
      </trkpt>
      <trkpt lat="41.631715" lon="2.419875">
        <ele>322.247</ele>
        <time>2024-12-13T12:40:44Z</time>
      </trkpt>
      <trkpt lat="41.631740" lon="2.419855">
        <ele>321.372</ele>
        <time>2024-12-13T12:40:46Z</time>
      </trkpt>
      <trkpt lat="41.631766" lon="2.419844">
        <ele>320.784</ele>
        <time>2024-12-13T12:40:48Z</time>
      </trkpt>
      <trkpt lat="41.631820" lon="2.419834">
        <ele>319.945</ele>
        <time>2024-12-13T12:40:52Z</time>
      </trkpt>
      <trkpt lat="41.631864" lon="2.419811">
        <ele>318.872</ele>
        <time>2024-12-13T12:40:56Z</time>
      </trkpt>
      <trkpt lat="41.631914" lon="2.419774">
        <ele>317.145</ele>
        <time>2024-12-13T12:41:00Z</time>
      </trkpt>
      <trkpt lat="41.631936" lon="2.419753">
        <ele>316.251</ele>
        <time>2024-12-13T12:41:02Z</time>
      </trkpt>
      <trkpt lat="41.631965" lon="2.419734">
        <ele>315.297</ele>
        <time>2024-12-13T12:41:04Z</time>
      </trkpt>
      <trkpt lat="41.632018" lon="2.419711">
        <ele>313.823</ele>
        <time>2024-12-13T12:41:08Z</time>
      </trkpt>
      <trkpt lat="41.632046" lon="2.419700">
        <ele>313.225</ele>
        <time>2024-12-13T12:41:10Z</time>
      </trkpt>
      <trkpt lat="41.632091" lon="2.419679">
        <ele>312.009</ele>
        <time>2024-12-13T12:41:14Z</time>
      </trkpt>
      <trkpt lat="41.632137" lon="2.419661">
        <ele>311.030</ele>
        <time>2024-12-13T12:41:18Z</time>
      </trkpt>
      <trkpt lat="41.632175" lon="2.419685">
        <ele>311.428</ele>
        <time>2024-12-13T12:41:21Z</time>
      </trkpt>
      <trkpt lat="41.632226" lon="2.419710">
        <ele>311.644</ele>
        <time>2024-12-13T12:41:25Z</time>
      </trkpt>
      <trkpt lat="41.632255" lon="2.419717">
        <ele>311.429</ele>
        <time>2024-12-13T12:41:27Z</time>
      </trkpt>
      <trkpt lat="41.632282" lon="2.419736">
        <ele>311.581</ele>
        <time>2024-12-13T12:41:29Z</time>
      </trkpt>
      <trkpt lat="41.632310" lon="2.419751">
        <ele>311.512</ele>
        <time>2024-12-13T12:41:31Z</time>
      </trkpt>
      <trkpt lat="41.632337" lon="2.419768">
        <ele>311.569</ele>
        <time>2024-12-13T12:41:33Z</time>
      </trkpt>
      <trkpt lat="41.632364" lon="2.419781">
        <ele>311.342</ele>
        <time>2024-12-13T12:41:35Z</time>
      </trkpt>
      <trkpt lat="41.632390" lon="2.419800">
        <ele>311.388</ele>
        <time>2024-12-13T12:41:37Z</time>
      </trkpt>
      <trkpt lat="41.632434" lon="2.419814">
        <ele>310.882</ele>
        <time>2024-12-13T12:41:41Z</time>
      </trkpt>
      <trkpt lat="41.632488" lon="2.419808">
        <ele>309.843</ele>
        <time>2024-12-13T12:41:45Z</time>
      </trkpt>
      <trkpt lat="41.632541" lon="2.419806">
        <ele>308.417</ele>
        <time>2024-12-13T12:41:48Z</time>
      </trkpt>
      <trkpt lat="41.632592" lon="2.419812">
        <ele>307.209</ele>
        <time>2024-12-13T12:41:51Z</time>
      </trkpt>
      <trkpt lat="41.632622" lon="2.419817">
        <ele>306.589</ele>
        <time>2024-12-13T12:41:53Z</time>
      </trkpt>
      <trkpt lat="41.632671" lon="2.419848">
        <ele>305.757</ele>
        <time>2024-12-13T12:41:56Z</time>
      </trkpt>
      <trkpt lat="41.632702" lon="2.419866">
        <ele>305.153</ele>
        <time>2024-12-13T12:41:58Z</time>
      </trkpt>
      <trkpt lat="41.632745" lon="2.419886">
        <ele>304.398</ele>
        <time>2024-12-13T12:42:01Z</time>
      </trkpt>
      <trkpt lat="41.632770" lon="2.419902">
        <ele>303.810</ele>
        <time>2024-12-13T12:42:03Z</time>
      </trkpt>
      <trkpt lat="41.632811" lon="2.419941">
        <ele>303.371</ele>
        <time>2024-12-13T12:42:07Z</time>
      </trkpt>
      <trkpt lat="41.632855" lon="2.419982">
        <ele>302.838</ele>
        <time>2024-12-13T12:42:11Z</time>
      </trkpt>
      <trkpt lat="41.632881" lon="2.419999">
        <ele>302.421</ele>
        <time>2024-12-13T12:42:13Z</time>
      </trkpt>
      <trkpt lat="41.632910" lon="2.420026">
        <ele>301.827</ele>
        <time>2024-12-13T12:42:15Z</time>
      </trkpt>
      <trkpt lat="41.632931" lon="2.420060">
        <ele>301.575</ele>
        <time>2024-12-13T12:42:17Z</time>
      </trkpt>
      <trkpt lat="41.632952" lon="2.420085">
        <ele>301.128</ele>
        <time>2024-12-13T12:42:19Z</time>
      </trkpt>
      <trkpt lat="41.632998" lon="2.420096">
        <ele>300.120</ele>
        <time>2024-12-13T12:42:22Z</time>
      </trkpt>
      <trkpt lat="41.633022" lon="2.420114">
        <ele>299.609</ele>
        <time>2024-12-13T12:42:24Z</time>
      </trkpt>
      <trkpt lat="41.633049" lon="2.420108">
        <ele>298.958</ele>
        <time>2024-12-13T12:42:26Z</time>
      </trkpt>
      <trkpt lat="41.633076" lon="2.420099">
        <ele>298.556</ele>
        <time>2024-12-13T12:42:28Z</time>
      </trkpt>
      <trkpt lat="41.633101" lon="2.420084">
        <ele>298.192</ele>
        <time>2024-12-13T12:42:30Z</time>
      </trkpt>
      <trkpt lat="41.633131" lon="2.420067">
        <ele>297.797</ele>
        <time>2024-12-13T12:42:32Z</time>
      </trkpt>
      <trkpt lat="41.633188" lon="2.420049">
        <ele>296.959</ele>
        <time>2024-12-13T12:42:36Z</time>
      </trkpt>
      <trkpt lat="41.633225" lon="2.420037">
        <ele>296.440</ele>
        <time>2024-12-13T12:42:38Z</time>
      </trkpt>
      <trkpt lat="41.633254" lon="2.420047">
        <ele>296.227</ele>
        <time>2024-12-13T12:42:40Z</time>
      </trkpt>
      <trkpt lat="41.633280" lon="2.420058">
        <ele>296.030</ele>
        <time>2024-12-13T12:42:42Z</time>
      </trkpt>
      <trkpt lat="41.633309" lon="2.420064">
        <ele>295.756</ele>
        <time>2024-12-13T12:42:44Z</time>
      </trkpt>
      <trkpt lat="41.633340" lon="2.420065">
        <ele>295.479</ele>
        <time>2024-12-13T12:42:46Z</time>
      </trkpt>
      <trkpt lat="41.633369" lon="2.420048">
        <ele>295.005</ele>
        <time>2024-12-13T12:42:48Z</time>
      </trkpt>
      <trkpt lat="41.633398" lon="2.420030">
        <ele>294.525</ele>
        <time>2024-12-13T12:42:50Z</time>
      </trkpt>
      <trkpt lat="41.633424" lon="2.420022">
        <ele>294.209</ele>
        <time>2024-12-13T12:42:52Z</time>
      </trkpt>
      <trkpt lat="41.633481" lon="2.420018">
        <ele>293.528</ele>
        <time>2024-12-13T12:42:56Z</time>
      </trkpt>
      <trkpt lat="41.633508" lon="2.420013">
        <ele>293.226</ele>
        <time>2024-12-13T12:42:58Z</time>
      </trkpt>
      <trkpt lat="41.633539" lon="2.420004">
        <ele>292.822</ele>
        <time>2024-12-13T12:43:00Z</time>
      </trkpt>
      <trkpt lat="41.633565" lon="2.419992">
        <ele>292.327</ele>
        <time>2024-12-13T12:43:02Z</time>
      </trkpt>
      <trkpt lat="41.633595" lon="2.419981">
        <ele>291.819</ele>
        <time>2024-12-13T12:43:04Z</time>
      </trkpt>
      <trkpt lat="41.633651" lon="2.419969">
        <ele>291.760</ele>
        <time>2024-12-13T12:43:08Z</time>
      </trkpt>
      <trkpt lat="41.633682" lon="2.419966">
        <ele>291.977</ele>
        <time>2024-12-13T12:43:10Z</time>
      </trkpt>
      <trkpt lat="41.633714" lon="2.419971">
        <ele>292.260</ele>
        <time>2024-12-13T12:43:12Z</time>
      </trkpt>
      <trkpt lat="41.633748" lon="2.419973">
        <ele>292.526</ele>
        <time>2024-12-13T12:43:14Z</time>
      </trkpt>
      <trkpt lat="41.633775" lon="2.419967">
        <ele>292.654</ele>
        <time>2024-12-13T12:43:16Z</time>
      </trkpt>
      <trkpt lat="41.633828" lon="2.419963">
        <ele>292.956</ele>
        <time>2024-12-13T12:43:20Z</time>
      </trkpt>
      <trkpt lat="41.633858" lon="2.419950">
        <ele>292.911</ele>
        <time>2024-12-13T12:43:22Z</time>
      </trkpt>
      <trkpt lat="41.633884" lon="2.419944">
        <ele>293.009</ele>
        <time>2024-12-13T12:43:24Z</time>
      </trkpt>
      <trkpt lat="41.633917" lon="2.419936">
        <ele>292.966</ele>
        <time>2024-12-13T12:43:26Z</time>
      </trkpt>
      <trkpt lat="41.633968" lon="2.419927">
        <ele>292.954</ele>
        <time>2024-12-13T12:43:29Z</time>
      </trkpt>
      <trkpt lat="41.633998" lon="2.419924">
        <ele>293.090</ele>
        <time>2024-12-13T12:43:31Z</time>
      </trkpt>
      <trkpt lat="41.634028" lon="2.419922">
        <ele>293.015</ele>
        <time>2024-12-13T12:43:33Z</time>
      </trkpt>
      <trkpt lat="41.634058" lon="2.419912">
        <ele>293.027</ele>
        <time>2024-12-13T12:43:35Z</time>
      </trkpt>
      <trkpt lat="41.634093" lon="2.419909">
        <ele>293.128</ele>
        <time>2024-12-13T12:43:37Z</time>
      </trkpt>
      <trkpt lat="41.634146" lon="2.419908">
        <ele>293.355</ele>
        <time>2024-12-13T12:43:41Z</time>
      </trkpt>
      <trkpt lat="41.634198" lon="2.419901">
        <ele>293.598</ele>
        <time>2024-12-13T12:43:45Z</time>
      </trkpt>
      <trkpt lat="41.634225" lon="2.419898">
        <ele>293.724</ele>
        <time>2024-12-13T12:43:47Z</time>
      </trkpt>
      <trkpt lat="41.634271" lon="2.419898">
        <ele>294.038</ele>
        <time>2024-12-13T12:43:50Z</time>
      </trkpt>
      <trkpt lat="41.634319" lon="2.419885">
        <ele>294.370</ele>
        <time>2024-12-13T12:43:53Z</time>
      </trkpt>
      <trkpt lat="41.634351" lon="2.419870">
        <ele>294.417</ele>
        <time>2024-12-13T12:43:55Z</time>
      </trkpt>
      <trkpt lat="41.634382" lon="2.419858">
        <ele>294.509</ele>
        <time>2024-12-13T12:43:57Z</time>
      </trkpt>
      <trkpt lat="41.634413" lon="2.419846">
        <ele>294.724</ele>
        <time>2024-12-13T12:43:59Z</time>
      </trkpt>
      <trkpt lat="41.634440" lon="2.419835">
        <ele>294.832</ele>
        <time>2024-12-13T12:44:01Z</time>
      </trkpt>
      <trkpt lat="41.634468" lon="2.419820">
        <ele>294.738</ele>
        <time>2024-12-13T12:44:03Z</time>
      </trkpt>
      <trkpt lat="41.634496" lon="2.419809">
        <ele>294.793</ele>
        <time>2024-12-13T12:44:05Z</time>
      </trkpt>
      <trkpt lat="41.634523" lon="2.419791">
        <ele>294.615</ele>
        <time>2024-12-13T12:44:07Z</time>
      </trkpt>
      <trkpt lat="41.634551" lon="2.419775">
        <ele>294.676</ele>
        <time>2024-12-13T12:44:09Z</time>
      </trkpt>
      <trkpt lat="41.634580" lon="2.419752">
        <ele>294.653</ele>
        <time>2024-12-13T12:44:11Z</time>
      </trkpt>
      <trkpt lat="41.634608" lon="2.419729">
        <ele>294.646</ele>
        <time>2024-12-13T12:44:13Z</time>
      </trkpt>
      <trkpt lat="41.634633" lon="2.419705">
        <ele>294.452</ele>
        <time>2024-12-13T12:44:15Z</time>
      </trkpt>
      <trkpt lat="41.634658" lon="2.419681">
        <ele>294.133</ele>
        <time>2024-12-13T12:44:17Z</time>
      </trkpt>
      <trkpt lat="41.634686" lon="2.419660">
        <ele>293.923</ele>
        <time>2024-12-13T12:44:19Z</time>
      </trkpt>
      <trkpt lat="41.634712" lon="2.419644">
        <ele>293.815</ele>
        <time>2024-12-13T12:44:21Z</time>
      </trkpt>
      <trkpt lat="41.634732" lon="2.419586">
        <ele>293.109</ele>
        <time>2024-12-13T12:44:24Z</time>
      </trkpt>
      <trkpt lat="41.634745" lon="2.419551">
        <ele>292.644</ele>
        <time>2024-12-13T12:44:26Z</time>
      </trkpt>
      <trkpt lat="41.634771" lon="2.419495">
        <ele>292.072</ele>
        <time>2024-12-13T12:44:30Z</time>
      </trkpt>
      <trkpt lat="41.634785" lon="2.419458">
        <ele>291.618</ele>
        <time>2024-12-13T12:44:32Z</time>
      </trkpt>
      <trkpt lat="41.634791" lon="2.419417">
        <ele>291.083</ele>
        <time>2024-12-13T12:44:34Z</time>
      </trkpt>
      <trkpt lat="41.634799" lon="2.419378">
        <ele>290.465</ele>
        <time>2024-12-13T12:44:36Z</time>
      </trkpt>
      <trkpt lat="41.634809" lon="2.419336">
        <ele>289.896</ele>
        <time>2024-12-13T12:44:38Z</time>
      </trkpt>
      <trkpt lat="41.634820" lon="2.419299">
        <ele>289.363</ele>
        <time>2024-12-13T12:44:40Z</time>
      </trkpt>
      <trkpt lat="41.634837" lon="2.419263">
        <ele>288.826</ele>
        <time>2024-12-13T12:44:42Z</time>
      </trkpt>
      <trkpt lat="41.634865" lon="2.419222">
        <ele>288.492</ele>
        <time>2024-12-13T12:44:45Z</time>
      </trkpt>
      <trkpt lat="41.634888" lon="2.419190">
        <ele>288.289</ele>
        <time>2024-12-13T12:44:47Z</time>
      </trkpt>
      <trkpt lat="41.634906" lon="2.419157">
        <ele>287.906</ele>
        <time>2024-12-13T12:44:49Z</time>
      </trkpt>
      <trkpt lat="41.634925" lon="2.419131">
        <ele>287.926</ele>
        <time>2024-12-13T12:44:51Z</time>
      </trkpt>
      <trkpt lat="41.634964" lon="2.419077">
        <ele>287.909</ele>
        <time>2024-12-13T12:44:55Z</time>
      </trkpt>
      <trkpt lat="41.634984" lon="2.419042">
        <ele>287.929</ele>
        <time>2024-12-13T12:44:57Z</time>
      </trkpt>
      <trkpt lat="41.635000" lon="2.419011">
        <ele>287.997</ele>
        <time>2024-12-13T12:44:59Z</time>
      </trkpt>
      <trkpt lat="41.635034" lon="2.418947">
        <ele>287.693</ele>
        <time>2024-12-13T12:45:03Z</time>
      </trkpt>
      <trkpt lat="41.635053" lon="2.418882">
        <ele>287.398</ele>
        <time>2024-12-13T12:45:07Z</time>
      </trkpt>
      <trkpt lat="41.635077" lon="2.418857">
        <ele>287.250</ele>
        <time>2024-12-13T12:45:09Z</time>
      </trkpt>
      <trkpt lat="41.635100" lon="2.418836">
        <ele>287.221</ele>
        <time>2024-12-13T12:45:11Z</time>
      </trkpt>
      <trkpt lat="41.635123" lon="2.418814">
        <ele>287.228</ele>
        <time>2024-12-13T12:45:13Z</time>
      </trkpt>
      <trkpt lat="41.635140" lon="2.418782">
        <ele>287.181</ele>
        <time>2024-12-13T12:45:15Z</time>
      </trkpt>
      <trkpt lat="41.635160" lon="2.418718">
        <ele>286.887</ele>
        <time>2024-12-13T12:45:19Z</time>
      </trkpt>
      <trkpt lat="41.635165" lon="2.418678">
        <ele>286.565</ele>
        <time>2024-12-13T12:45:21Z</time>
      </trkpt>
      <trkpt lat="41.635156" lon="2.418638">
        <ele>286.068</ele>
        <time>2024-12-13T12:45:23Z</time>
      </trkpt>
      <trkpt lat="41.635101" lon="2.418632">
        <ele>285.014</ele>
        <time>2024-12-13T12:45:27Z</time>
      </trkpt>
      <trkpt lat="41.635069" lon="2.418651">
        <ele>284.709</ele>
        <time>2024-12-13T12:45:29Z</time>
      </trkpt>
      <trkpt lat="41.635044" lon="2.418669">
        <ele>284.587</ele>
        <time>2024-12-13T12:45:31Z</time>
      </trkpt>
      <trkpt lat="41.635020" lon="2.418683">
        <ele>284.365</ele>
        <time>2024-12-13T12:45:33Z</time>
      </trkpt>
      <trkpt lat="41.634962" lon="2.418715">
        <ele>283.741</ele>
        <time>2024-12-13T12:45:38Z</time>
      </trkpt>
      <trkpt lat="41.634932" lon="2.418728">
        <ele>283.326</ele>
        <time>2024-12-13T12:45:40Z</time>
      </trkpt>
      <trkpt lat="41.634903" lon="2.418746">
        <ele>283.078</ele>
        <time>2024-12-13T12:45:42Z</time>
      </trkpt>
      <trkpt lat="41.634871" lon="2.418759">
        <ele>282.669</ele>
        <time>2024-12-13T12:45:44Z</time>
      </trkpt>
      <trkpt lat="41.634842" lon="2.418768">
        <ele>282.296</ele>
        <time>2024-12-13T12:45:46Z</time>
      </trkpt>
      <trkpt lat="41.634796" lon="2.418785">
        <ele>281.619</ele>
        <time>2024-12-13T12:45:50Z</time>
      </trkpt>
      <trkpt lat="41.634780" lon="2.418821">
        <ele>281.945</ele>
        <time>2024-12-13T12:45:52Z</time>
      </trkpt>
      <trkpt lat="41.634756" lon="2.418852">
        <ele>282.038</ele>
        <time>2024-12-13T12:45:54Z</time>
      </trkpt>
      <trkpt lat="41.634728" lon="2.418870">
        <ele>281.870</ele>
        <time>2024-12-13T12:45:56Z</time>
      </trkpt>
      <trkpt lat="41.634697" lon="2.418883">
        <ele>281.417</ele>
        <time>2024-12-13T12:45:58Z</time>
      </trkpt>
      <trkpt lat="41.634654" lon="2.418931">
        <ele>281.509</ele>
        <time>2024-12-13T12:46:02Z</time>
      </trkpt>
      <trkpt lat="41.634633" lon="2.418957">
        <ele>281.534</ele>
        <time>2024-12-13T12:46:04Z</time>
      </trkpt>
      <trkpt lat="41.634593" lon="2.419012">
        <ele>281.992</ele>
        <time>2024-12-13T12:46:08Z</time>
      </trkpt>
      <trkpt lat="41.634542" lon="2.419023">
        <ele>281.358</ele>
        <time>2024-12-13T12:46:11Z</time>
      </trkpt>
      <trkpt lat="41.634512" lon="2.419029">
        <ele>281.053</ele>
        <time>2024-12-13T12:46:13Z</time>
      </trkpt>
      <trkpt lat="41.634488" lon="2.419053">
        <ele>281.165</ele>
        <time>2024-12-13T12:46:15Z</time>
      </trkpt>
      <trkpt lat="41.634468" lon="2.419083">
        <ele>281.556</ele>
        <time>2024-12-13T12:46:17Z</time>
      </trkpt>
      <trkpt lat="41.634424" lon="2.419114">
        <ele>281.683</ele>
        <time>2024-12-13T12:46:21Z</time>
      </trkpt>
      <trkpt lat="41.634394" lon="2.419121">
        <ele>281.496</ele>
        <time>2024-12-13T12:46:23Z</time>
      </trkpt>
      <trkpt lat="41.634342" lon="2.419102">
        <ele>280.482</ele>
        <time>2024-12-13T12:46:26Z</time>
      </trkpt>
      <trkpt lat="41.634315" lon="2.419093">
        <ele>279.946</ele>
        <time>2024-12-13T12:46:28Z</time>
      </trkpt>
      <trkpt lat="41.634277" lon="2.419116">
        <ele>280.088</ele>
        <time>2024-12-13T12:46:30Z</time>
      </trkpt>
      <trkpt lat="41.634249" lon="2.419143">
        <ele>280.316</ele>
        <time>2024-12-13T12:46:32Z</time>
      </trkpt>
      <trkpt lat="41.634200" lon="2.419136">
        <ele>279.609</ele>
        <time>2024-12-13T12:46:35Z</time>
      </trkpt>
      <trkpt lat="41.634213" lon="2.419073">
        <ele>278.225</ele>
        <time>2024-12-13T12:46:39Z</time>
      </trkpt>
      <trkpt lat="41.634240" lon="2.419058">
        <ele>278.283</ele>
        <time>2024-12-13T12:46:41Z</time>
      </trkpt>
      <trkpt lat="41.634293" lon="2.419036">
        <ele>278.389</ele>
        <time>2024-12-13T12:46:45Z</time>
      </trkpt>
      <trkpt lat="41.634313" lon="2.419011">
        <ele>278.014</ele>
        <time>2024-12-13T12:46:47Z</time>
      </trkpt>
      <trkpt lat="41.634341" lon="2.418989">
        <ele>277.846</ele>
        <time>2024-12-13T12:46:49Z</time>
      </trkpt>
      <trkpt lat="41.634373" lon="2.418963">
        <ele>277.687</ele>
        <time>2024-12-13T12:46:51Z</time>
      </trkpt>
      <trkpt lat="41.634393" lon="2.418938">
        <ele>277.444</ele>
        <time>2024-12-13T12:46:53Z</time>
      </trkpt>
      <trkpt lat="41.634430" lon="2.418882">
        <ele>276.687</ele>
        <time>2024-12-13T12:46:57Z</time>
      </trkpt>
      <trkpt lat="41.634436" lon="2.418836">
        <ele>275.783</ele>
        <time>2024-12-13T12:46:59Z</time>
      </trkpt>
      <trkpt lat="41.634431" lon="2.418796">
        <ele>274.858</ele>
        <time>2024-12-13T12:47:01Z</time>
      </trkpt>
      <trkpt lat="41.634438" lon="2.418759">
        <ele>274.152</ele>
        <time>2024-12-13T12:47:03Z</time>
      </trkpt>
      <trkpt lat="41.634448" lon="2.418717">
        <ele>273.417</ele>
        <time>2024-12-13T12:47:05Z</time>
      </trkpt>
      <trkpt lat="41.634465" lon="2.418675">
        <ele>272.809</ele>
        <time>2024-12-13T12:47:07Z</time>
      </trkpt>
      <trkpt lat="41.634490" lon="2.418619">
        <ele>272.236</ele>
        <time>2024-12-13T12:47:11Z</time>
      </trkpt>
      <trkpt lat="41.634503" lon="2.418584">
        <ele>271.814</ele>
        <time>2024-12-13T12:47:13Z</time>
      </trkpt>
      <trkpt lat="41.634520" lon="2.418551">
        <ele>271.660</ele>
        <time>2024-12-13T12:47:15Z</time>
      </trkpt>
      <trkpt lat="41.634534" lon="2.418515">
        <ele>271.245</ele>
        <time>2024-12-13T12:47:17Z</time>
      </trkpt>
      <trkpt lat="41.634531" lon="2.418443">
        <ele>269.827</ele>
        <time>2024-12-13T12:47:20Z</time>
      </trkpt>
      <trkpt lat="41.634548" lon="2.418403">
        <ele>269.598</ele>
        <time>2024-12-13T12:47:22Z</time>
      </trkpt>
      <trkpt lat="41.634576" lon="2.418348">
        <ele>269.195</ele>
        <time>2024-12-13T12:47:26Z</time>
      </trkpt>
      <trkpt lat="41.634594" lon="2.418318">
        <ele>269.058</ele>
        <time>2024-12-13T12:47:28Z</time>
      </trkpt>
      <trkpt lat="41.634610" lon="2.418286">
        <ele>268.994</ele>
        <time>2024-12-13T12:47:30Z</time>
      </trkpt>
      <trkpt lat="41.634630" lon="2.418249">
        <ele>268.827</ele>
        <time>2024-12-13T12:47:32Z</time>
      </trkpt>
      <trkpt lat="41.634657" lon="2.418194">
        <ele>268.668</ele>
        <time>2024-12-13T12:47:35Z</time>
      </trkpt>
      <trkpt lat="41.634690" lon="2.418138">
        <ele>268.514</ele>
        <time>2024-12-13T12:47:38Z</time>
      </trkpt>
      <trkpt lat="41.634705" lon="2.418098">
        <ele>268.209</ele>
        <time>2024-12-13T12:47:40Z</time>
      </trkpt>
      <trkpt lat="41.634728" lon="2.418042">
        <ele>267.993</ele>
        <time>2024-12-13T12:47:43Z</time>
      </trkpt>
      <trkpt lat="41.634736" lon="2.418006">
        <ele>267.511</ele>
        <time>2024-12-13T12:47:45Z</time>
      </trkpt>
      <trkpt lat="41.634739" lon="2.417938">
        <ele>266.627</ele>
        <time>2024-12-13T12:47:49Z</time>
      </trkpt>
      <trkpt lat="41.634735" lon="2.417898">
        <ele>266.022</ele>
        <time>2024-12-13T12:47:51Z</time>
      </trkpt>
      <trkpt lat="41.634739" lon="2.417857">
        <ele>265.564</ele>
        <time>2024-12-13T12:47:53Z</time>
      </trkpt>
      <trkpt lat="41.634739" lon="2.417819">
        <ele>264.945</ele>
        <time>2024-12-13T12:47:55Z</time>
      </trkpt>
      <trkpt lat="41.634743" lon="2.417772">
        <ele>264.312</ele>
        <time>2024-12-13T12:47:57Z</time>
      </trkpt>
      <trkpt lat="41.634763" lon="2.417705">
        <ele>263.685</ele>
        <time>2024-12-13T12:48:00Z</time>
      </trkpt>
      <trkpt lat="41.634766" lon="2.417666">
        <ele>262.931</ele>
        <time>2024-12-13T12:48:02Z</time>
      </trkpt>
      <trkpt lat="41.634769" lon="2.417604">
        <ele>261.962</ele>
        <time>2024-12-13T12:48:05Z</time>
      </trkpt>
      <trkpt lat="41.634775" lon="2.417563">
        <ele>261.383</ele>
        <time>2024-12-13T12:48:07Z</time>
      </trkpt>
      <trkpt lat="41.634783" lon="2.417522">
        <ele>260.711</ele>
        <time>2024-12-13T12:48:09Z</time>
      </trkpt>
      <trkpt lat="41.634818" lon="2.417477">
        <ele>260.709</ele>
        <time>2024-12-13T12:48:13Z</time>
      </trkpt>
      <trkpt lat="41.634848" lon="2.417455">
        <ele>261.067</ele>
        <time>2024-12-13T12:48:15Z</time>
      </trkpt>
      <trkpt lat="41.634884" lon="2.417425">
        <ele>261.325</ele>
        <time>2024-12-13T12:48:17Z</time>
      </trkpt>
      <trkpt lat="41.634908" lon="2.417367">
        <ele>260.831</ele>
        <time>2024-12-13T12:48:20Z</time>
      </trkpt>
      <trkpt lat="41.634930" lon="2.417339">
        <ele>260.796</ele>
        <time>2024-12-13T12:48:22Z</time>
      </trkpt>
      <trkpt lat="41.634979" lon="2.417301">
        <ele>261.088</ele>
        <time>2024-12-13T12:48:26Z</time>
      </trkpt>
      <trkpt lat="41.635015" lon="2.417242">
        <ele>260.569</ele>
        <time>2024-12-13T12:48:30Z</time>
      </trkpt>
      <trkpt lat="41.635036" lon="2.417212">
        <ele>260.236</ele>
        <time>2024-12-13T12:48:32Z</time>
      </trkpt>
      <trkpt lat="41.635060" lon="2.417190">
        <ele>260.099</ele>
        <time>2024-12-13T12:48:34Z</time>
      </trkpt>
      <trkpt lat="41.635084" lon="2.417169">
        <ele>259.935</ele>
        <time>2024-12-13T12:48:36Z</time>
      </trkpt>
      <trkpt lat="41.635114" lon="2.417152">
        <ele>259.975</ele>
        <time>2024-12-13T12:48:38Z</time>
      </trkpt>
      <trkpt lat="41.635142" lon="2.417138">
        <ele>259.928</ele>
        <time>2024-12-13T12:48:40Z</time>
      </trkpt>
      <trkpt lat="41.635170" lon="2.417120">
        <ele>259.820</ele>
        <time>2024-12-13T12:48:42Z</time>
      </trkpt>
      <trkpt lat="41.635196" lon="2.417102">
        <ele>259.609</ele>
        <time>2024-12-13T12:48:44Z</time>
      </trkpt>
      <trkpt lat="41.635247" lon="2.417080">
        <ele>259.748</ele>
        <time>2024-12-13T12:48:48Z</time>
      </trkpt>
      <trkpt lat="41.635277" lon="2.417075">
        <ele>259.826</ele>
        <time>2024-12-13T12:48:50Z</time>
      </trkpt>
      <trkpt lat="41.635307" lon="2.417060">
        <ele>259.612</ele>
        <time>2024-12-13T12:48:52Z</time>
      </trkpt>
      <trkpt lat="41.635355" lon="2.417036">
        <ele>259.417</ele>
        <time>2024-12-13T12:48:55Z</time>
      </trkpt>
      <trkpt lat="41.635386" lon="2.417021">
        <ele>259.229</ele>
        <time>2024-12-13T12:48:57Z</time>
      </trkpt>
      <trkpt lat="41.635413" lon="2.417010">
        <ele>259.290</ele>
        <time>2024-12-13T12:48:59Z</time>
      </trkpt>
      <trkpt lat="41.635439" lon="2.416999">
        <ele>259.127</ele>
        <time>2024-12-13T12:49:01Z</time>
      </trkpt>
      <trkpt lat="41.635477" lon="2.416965">
        <ele>258.870</ele>
        <time>2024-12-13T12:49:05Z</time>
      </trkpt>
      <trkpt lat="41.635501" lon="2.416905">
        <ele>258.066</ele>
        <time>2024-12-13T12:49:09Z</time>
      </trkpt>
      <trkpt lat="41.635506" lon="2.416857">
        <ele>257.328</ele>
        <time>2024-12-13T12:49:11Z</time>
      </trkpt>
      <trkpt lat="41.635508" lon="2.416819">
        <ele>256.889</ele>
        <time>2024-12-13T12:49:13Z</time>
      </trkpt>
      <trkpt lat="41.635489" lon="2.416753">
        <ele>255.617</ele>
        <time>2024-12-13T12:49:17Z</time>
      </trkpt>
      <trkpt lat="41.635487" lon="2.416715">
        <ele>255.009</ele>
        <time>2024-12-13T12:49:19Z</time>
      </trkpt>
      <trkpt lat="41.635492" lon="2.416668">
        <ele>254.343</ele>
        <time>2024-12-13T12:49:21Z</time>
      </trkpt>
      <trkpt lat="41.635499" lon="2.416601">
        <ele>253.491</ele>
        <time>2024-12-13T12:49:25Z</time>
      </trkpt>
      <trkpt lat="41.635503" lon="2.416563">
        <ele>252.997</ele>
        <time>2024-12-13T12:49:27Z</time>
      </trkpt>
      <trkpt lat="41.635514" lon="2.416496">
        <ele>252.182</ele>
        <time>2024-12-13T12:49:30Z</time>
      </trkpt>
      <trkpt lat="41.635517" lon="2.416453">
        <ele>251.564</ele>
        <time>2024-12-13T12:49:32Z</time>
      </trkpt>
      <trkpt lat="41.635525" lon="2.416385">
        <ele>250.675</ele>
        <time>2024-12-13T12:49:35Z</time>
      </trkpt>
      <trkpt lat="41.635532" lon="2.416337">
        <ele>250.022</ele>
        <time>2024-12-13T12:49:37Z</time>
      </trkpt>
      <trkpt lat="41.635542" lon="2.416293">
        <ele>249.575</ele>
        <time>2024-12-13T12:49:39Z</time>
      </trkpt>
      <trkpt lat="41.635564" lon="2.416233">
        <ele>249.081</ele>
        <time>2024-12-13T12:49:43Z</time>
      </trkpt>
      <trkpt lat="41.635596" lon="2.416180">
        <ele>249.132</ele>
        <time>2024-12-13T12:49:47Z</time>
      </trkpt>
      <trkpt lat="41.635617" lon="2.416148">
        <ele>249.192</ele>
        <time>2024-12-13T12:49:49Z</time>
      </trkpt>
      <trkpt lat="41.635642" lon="2.416088">
        <ele>249.011</ele>
        <time>2024-12-13T12:49:52Z</time>
      </trkpt>
      <trkpt lat="41.635647" lon="2.416049">
        <ele>248.709</ele>
        <time>2024-12-13T12:49:54Z</time>
      </trkpt>
      <trkpt lat="41.635640" lon="2.416005">
        <ele>248.164</ele>
        <time>2024-12-13T12:49:57Z</time>
      </trkpt>
      <trkpt lat="41.635617" lon="2.415974">
        <ele>247.242</ele>
        <time>2024-12-13T12:49:59Z</time>
      </trkpt>
      <trkpt lat="41.635588" lon="2.415962">
        <ele>246.398</ele>
        <time>2024-12-13T12:50:01Z</time>
      </trkpt>
      <trkpt lat="41.635539" lon="2.415954">
        <ele>245.293</ele>
        <time>2024-12-13T12:50:04Z</time>
      </trkpt>
      <trkpt lat="41.635511" lon="2.415950">
        <ele>244.875</ele>
        <time>2024-12-13T12:50:06Z</time>
      </trkpt>
      <trkpt lat="41.635474" lon="2.415963">
        <ele>244.796</ele>
        <time>2024-12-13T12:50:10Z</time>
      </trkpt>
      <trkpt lat="41.635450" lon="2.415993">
        <ele>244.823</ele>
        <time>2024-12-13T12:50:12Z</time>
      </trkpt>
      <trkpt lat="41.635423" lon="2.416017">
        <ele>244.946</ele>
        <time>2024-12-13T12:50:14Z</time>
      </trkpt>
      <trkpt lat="41.635395" lon="2.416024">
        <ele>244.782</ele>
        <time>2024-12-13T12:50:16Z</time>
      </trkpt>
      <trkpt lat="41.635370" lon="2.416010">
        <ele>244.343</ele>
        <time>2024-12-13T12:50:18Z</time>
      </trkpt>
      <trkpt lat="41.635350" lon="2.415979">
        <ele>243.764</ele>
        <time>2024-12-13T12:50:20Z</time>
      </trkpt>
      <trkpt lat="41.635363" lon="2.415904">
        <ele>242.910</ele>
        <time>2024-12-13T12:50:24Z</time>
      </trkpt>
      <trkpt lat="41.635376" lon="2.415871">
        <ele>242.609</ele>
        <time>2024-12-13T12:50:26Z</time>
      </trkpt>
      <trkpt lat="41.635390" lon="2.415804">
        <ele>242.035</ele>
        <time>2024-12-13T12:50:30Z</time>
      </trkpt>
      <trkpt lat="41.635401" lon="2.415761">
        <ele>241.913</ele>
        <time>2024-12-13T12:50:32Z</time>
      </trkpt>
      <trkpt lat="41.635407" lon="2.415718">
        <ele>241.849</ele>
        <time>2024-12-13T12:50:34Z</time>
      </trkpt>
      <trkpt lat="41.635405" lon="2.415655">
        <ele>241.424</ele>
        <time>2024-12-13T12:50:38Z</time>
      </trkpt>
      <trkpt lat="41.635405" lon="2.415618">
        <ele>241.266</ele>
        <time>2024-12-13T12:50:40Z</time>
      </trkpt>
      <trkpt lat="41.635431" lon="2.415556">
        <ele>241.247</ele>
        <time>2024-12-13T12:50:44Z</time>
      </trkpt>
      <trkpt lat="41.635453" lon="2.415529">
        <ele>241.464</ele>
        <time>2024-12-13T12:50:46Z</time>
      </trkpt>
      <trkpt lat="41.635472" lon="2.415500">
        <ele>241.597</ele>
        <time>2024-12-13T12:50:48Z</time>
      </trkpt>
      <trkpt lat="41.635505" lon="2.415459">
        <ele>241.663</ele>
        <time>2024-12-13T12:50:51Z</time>
      </trkpt>
      <trkpt lat="41.635527" lon="2.415411">
        <ele>241.621</ele>
        <time>2024-12-13T12:50:54Z</time>
      </trkpt>
      <trkpt lat="41.635541" lon="2.415375">
        <ele>241.541</ele>
        <time>2024-12-13T12:50:56Z</time>
      </trkpt>
      <trkpt lat="41.635547" lon="2.415320">
        <ele>241.205</ele>
        <time>2024-12-13T12:51:00Z</time>
      </trkpt>
      <trkpt lat="41.635549" lon="2.415272">
        <ele>240.909</ele>
        <time>2024-12-13T12:51:02Z</time>
      </trkpt>
      <trkpt lat="41.635552" lon="2.415214">
        <ele>240.573</ele>
        <time>2024-12-13T12:51:04Z</time>
      </trkpt>
      <trkpt lat="41.635551" lon="2.415148">
        <ele>240.021</ele>
        <time>2024-12-13T12:51:07Z</time>
      </trkpt>
      <trkpt lat="41.635562" lon="2.415068">
        <ele>239.647</ele>
        <time>2024-12-13T12:51:11Z</time>
      </trkpt>
      <trkpt lat="41.635578" lon="2.415025">
        <ele>239.692</ele>
        <time>2024-12-13T12:51:13Z</time>
      </trkpt>
      <trkpt lat="41.635599" lon="2.414990">
        <ele>239.774</ele>
        <time>2024-12-13T12:51:15Z</time>
      </trkpt>
      <trkpt lat="41.635623" lon="2.414959">
        <ele>239.885</ele>
        <time>2024-12-13T12:51:17Z</time>
      </trkpt>
      <trkpt lat="41.635650" lon="2.414938">
        <ele>240.052</ele>
        <time>2024-12-13T12:51:19Z</time>
      </trkpt>
      <trkpt lat="41.635674" lon="2.414907">
        <ele>240.165</ele>
        <time>2024-12-13T12:51:21Z</time>
      </trkpt>
      <trkpt lat="41.635698" lon="2.414883">
        <ele>240.371</ele>
        <time>2024-12-13T12:51:23Z</time>
      </trkpt>
      <trkpt lat="41.635719" lon="2.414855">
        <ele>240.476</ele>
        <time>2024-12-13T12:51:25Z</time>
      </trkpt>
      <trkpt lat="41.635754" lon="2.414796">
        <ele>240.490</ele>
        <time>2024-12-13T12:51:29Z</time>
      </trkpt>
      <trkpt lat="41.635775" lon="2.414763">
        <ele>240.419</ele>
        <time>2024-12-13T12:51:31Z</time>
      </trkpt>
      <trkpt lat="41.635802" lon="2.414739">
        <ele>240.609</ele>
        <time>2024-12-13T12:51:33Z</time>
      </trkpt>
      <trkpt lat="41.635850" lon="2.414712">
        <ele>241.148</ele>
        <time>2024-12-13T12:51:36Z</time>
      </trkpt>
      <trkpt lat="41.635898" lon="2.414667">
        <ele>241.156</ele>
        <time>2024-12-13T12:51:40Z</time>
      </trkpt>
      <trkpt lat="41.635921" lon="2.414639">
        <ele>241.072</ele>
        <time>2024-12-13T12:51:42Z</time>
      </trkpt>
      <trkpt lat="41.635949" lon="2.414589">
        <ele>240.547</ele>
        <time>2024-12-13T12:51:46Z</time>
      </trkpt>
      <trkpt lat="41.635961" lon="2.414551">
        <ele>239.999</ele>
        <time>2024-12-13T12:51:48Z</time>
      </trkpt>
      <trkpt lat="41.635968" lon="2.414509">
        <ele>239.210</ele>
        <time>2024-12-13T12:51:50Z</time>
      </trkpt>
      <trkpt lat="41.635973" lon="2.414463">
        <ele>238.487</ele>
        <time>2024-12-13T12:51:52Z</time>
      </trkpt>
      <trkpt lat="41.635983" lon="2.414426">
        <ele>237.990</ele>
        <time>2024-12-13T12:51:54Z</time>
      </trkpt>
      <trkpt lat="41.636031" lon="2.414396">
        <ele>238.176</ele>
        <time>2024-12-13T12:51:58Z</time>
      </trkpt>
      <trkpt lat="41.636061" lon="2.414377">
        <ele>238.251</ele>
        <time>2024-12-13T12:52:00Z</time>
      </trkpt>
      <trkpt lat="41.636086" lon="2.414356">
        <ele>238.101</ele>
        <time>2024-12-13T12:52:02Z</time>
      </trkpt>
      <trkpt lat="41.636115" lon="2.414333">
        <ele>238.011</ele>
        <time>2024-12-13T12:52:04Z</time>
      </trkpt>
      <trkpt lat="41.636142" lon="2.414311">
        <ele>237.909</ele>
        <time>2024-12-13T12:52:06Z</time>
      </trkpt>
      <trkpt lat="41.636170" lon="2.414290">
        <ele>237.796</ele>
        <time>2024-12-13T12:52:08Z</time>
      </trkpt>
      <trkpt lat="41.636197" lon="2.414269">
        <ele>237.664</ele>
        <time>2024-12-13T12:52:10Z</time>
      </trkpt>
      <trkpt lat="41.636222" lon="2.414246">
        <ele>237.360</ele>
        <time>2024-12-13T12:52:12Z</time>
      </trkpt>
      <trkpt lat="41.636258" lon="2.414194">
        <ele>236.625</ele>
        <time>2024-12-13T12:52:16Z</time>
      </trkpt>
      <trkpt lat="41.636279" lon="2.414170">
        <ele>236.327</ele>
        <time>2024-12-13T12:52:18Z</time>
      </trkpt>
      <trkpt lat="41.636330" lon="2.414145">
        <ele>236.238</ele>
        <time>2024-12-13T12:52:22Z</time>
      </trkpt>
      <trkpt lat="41.636357" lon="2.414122">
        <ele>236.085</ele>
        <time>2024-12-13T12:52:24Z</time>
      </trkpt>
      <trkpt lat="41.636380" lon="2.414103">
        <ele>235.898</ele>
        <time>2024-12-13T12:52:26Z</time>
      </trkpt>
      <trkpt lat="41.636403" lon="2.414082">
        <ele>235.544</ele>
        <time>2024-12-13T12:52:28Z</time>
      </trkpt>
      <trkpt lat="41.636428" lon="2.414058">
        <ele>235.072</ele>
        <time>2024-12-13T12:52:30Z</time>
      </trkpt>
      <trkpt lat="41.636468" lon="2.414033">
        <ele>234.513</ele>
        <time>2024-12-13T12:52:34Z</time>
      </trkpt>
      <trkpt lat="41.636494" lon="2.414015">
        <ele>234.114</ele>
        <time>2024-12-13T12:52:36Z</time>
      </trkpt>
      <trkpt lat="41.636524" lon="2.413993">
        <ele>233.609</ele>
        <time>2024-12-13T12:52:38Z</time>
      </trkpt>
      <trkpt lat="41.636559" lon="2.413945">
        <ele>232.598</ele>
        <time>2024-12-13T12:52:41Z</time>
      </trkpt>
      <trkpt lat="41.636580" lon="2.413916">
        <ele>231.926</ele>
        <time>2024-12-13T12:52:43Z</time>
      </trkpt>
      <trkpt lat="41.636606" lon="2.413899">
        <ele>231.472</ele>
        <time>2024-12-13T12:52:45Z</time>
      </trkpt>
      <trkpt lat="41.636633" lon="2.413884">
        <ele>231.057</ele>
        <time>2024-12-13T12:52:47Z</time>
      </trkpt>
      <trkpt lat="41.636680" lon="2.413866">
        <ele>230.519</ele>
        <time>2024-12-13T12:52:51Z</time>
      </trkpt>
      <trkpt lat="41.636725" lon="2.413826">
        <ele>229.570</ele>
        <time>2024-12-13T12:52:55Z</time>
      </trkpt>
      <trkpt lat="41.636745" lon="2.413800">
        <ele>229.097</ele>
        <time>2024-12-13T12:52:57Z</time>
      </trkpt>
      <trkpt lat="41.636770" lon="2.413749">
        <ele>228.170</ele>
        <time>2024-12-13T12:53:01Z</time>
      </trkpt>
      <trkpt lat="41.636787" lon="2.413717">
        <ele>227.566</ele>
        <time>2024-12-13T12:53:03Z</time>
      </trkpt>
      <trkpt lat="41.636804" lon="2.413681">
        <ele>226.991</ele>
        <time>2024-12-13T12:53:05Z</time>
      </trkpt>
      <trkpt lat="41.636820" lon="2.413645">
        <ele>226.381</ele>
        <time>2024-12-13T12:53:07Z</time>
      </trkpt>
      <trkpt lat="41.636836" lon="2.413613">
        <ele>225.819</ele>
        <time>2024-12-13T12:53:09Z</time>
      </trkpt>
      <trkpt lat="41.636880" lon="2.413570">
        <ele>225.209</ele>
        <time>2024-12-13T12:53:13Z</time>
      </trkpt>
      <trkpt lat="41.636907" lon="2.413544">
        <ele>224.810</ele>
        <time>2024-12-13T12:53:15Z</time>
      </trkpt>
      <trkpt lat="41.636931" lon="2.413513">
        <ele>224.428</ele>
        <time>2024-12-13T12:53:17Z</time>
      </trkpt>
      <trkpt lat="41.636955" lon="2.413488">
        <ele>223.914</ele>
        <time>2024-12-13T12:53:19Z</time>
      </trkpt>
      <trkpt lat="41.637004" lon="2.413483">
        <ele>223.179</ele>
        <time>2024-12-13T12:53:23Z</time>
      </trkpt>
      <trkpt lat="41.637056" lon="2.413473">
        <ele>222.261</ele>
        <time>2024-12-13T12:53:27Z</time>
      </trkpt>
      <trkpt lat="41.637085" lon="2.413463">
        <ele>221.782</ele>
        <time>2024-12-13T12:53:29Z</time>
      </trkpt>
      <trkpt lat="41.637115" lon="2.413451">
        <ele>221.119</ele>
        <time>2024-12-13T12:53:31Z</time>
      </trkpt>
      <trkpt lat="41.637145" lon="2.413434">
        <ele>220.682</ele>
        <time>2024-12-13T12:53:33Z</time>
      </trkpt>
      <trkpt lat="41.637173" lon="2.413414">
        <ele>220.168</ele>
        <time>2024-12-13T12:53:35Z</time>
      </trkpt>
      <trkpt lat="41.637196" lon="2.413393">
        <ele>219.613</ele>
        <time>2024-12-13T12:53:37Z</time>
      </trkpt>
      <trkpt lat="41.637223" lon="2.413369">
        <ele>219.143</ele>
        <time>2024-12-13T12:53:39Z</time>
      </trkpt>
      <trkpt lat="41.637259" lon="2.413323">
        <ele>218.507</ele>
        <time>2024-12-13T12:53:42Z</time>
      </trkpt>
      <trkpt lat="41.637292" lon="2.413281">
        <ele>218.209</ele>
        <time>2024-12-13T12:53:46Z</time>
      </trkpt>
      <trkpt lat="41.637327" lon="2.413225">
        <ele>217.962</ele>
        <time>2024-12-13T12:53:50Z</time>
      </trkpt>
      <trkpt lat="41.637352" lon="2.413186">
        <ele>217.750</ele>
        <time>2024-12-13T12:53:52Z</time>
      </trkpt>
      <trkpt lat="41.637378" lon="2.413146">
        <ele>217.426</ele>
        <time>2024-12-13T12:53:54Z</time>
      </trkpt>
      <trkpt lat="41.637417" lon="2.413100">
        <ele>217.091</ele>
        <time>2024-12-13T12:53:57Z</time>
      </trkpt>
      <trkpt lat="41.637438" lon="2.413072">
        <ele>216.853</ele>
        <time>2024-12-13T12:53:59Z</time>
      </trkpt>
      <trkpt lat="41.637466" lon="2.413020">
        <ele>216.554</ele>
        <time>2024-12-13T12:54:03Z</time>
      </trkpt>
      <trkpt lat="41.637471" lon="2.412982">
        <ele>216.471</ele>
        <time>2024-12-13T12:54:06Z</time>
      </trkpt>
      <trkpt lat="41.637481" lon="2.412938">
        <ele>216.374</ele>
        <time>2024-12-13T12:54:08Z</time>
      </trkpt>
      <trkpt lat="41.637495" lon="2.412905">
        <ele>216.110</ele>
        <time>2024-12-13T12:54:10Z</time>
      </trkpt>
      <trkpt lat="41.637514" lon="2.412835">
        <ele>215.783</ele>
        <time>2024-12-13T12:54:14Z</time>
      </trkpt>
      <trkpt lat="41.637525" lon="2.412790">
        <ele>215.625</ele>
        <time>2024-12-13T12:54:16Z</time>
      </trkpt>
      <trkpt lat="41.637539" lon="2.412753">
        <ele>215.217</ele>
        <time>2024-12-13T12:54:18Z</time>
      </trkpt>
      <trkpt lat="41.637545" lon="2.412681">
        <ele>214.809</ele>
        <time>2024-12-13T12:54:22Z</time>
      </trkpt>
      <trkpt lat="41.637544" lon="2.412640">
        <ele>214.749</ele>
        <time>2024-12-13T12:54:24Z</time>
      </trkpt>
      <trkpt lat="41.637543" lon="2.412599">
        <ele>214.687</ele>
        <time>2024-12-13T12:54:26Z</time>
      </trkpt>
      <trkpt lat="41.637542" lon="2.412556">
        <ele>214.413</ele>
        <time>2024-12-13T12:54:28Z</time>
      </trkpt>
      <trkpt lat="41.637549" lon="2.412514">
        <ele>214.278</ele>
        <time>2024-12-13T12:54:30Z</time>
      </trkpt>
      <trkpt lat="41.637560" lon="2.412473">
        <ele>213.920</ele>
        <time>2024-12-13T12:54:32Z</time>
      </trkpt>
      <trkpt lat="41.637571" lon="2.412433">
        <ele>213.751</ele>
        <time>2024-12-13T12:54:34Z</time>
      </trkpt>
      <trkpt lat="41.637599" lon="2.412379">
        <ele>213.268</ele>
        <time>2024-12-13T12:54:38Z</time>
      </trkpt>
      <trkpt lat="41.637623" lon="2.412357">
        <ele>212.881</ele>
        <time>2024-12-13T12:54:40Z</time>
      </trkpt>
      <trkpt lat="41.637662" lon="2.412332">
        <ele>212.177</ele>
        <time>2024-12-13T12:54:44Z</time>
      </trkpt>
      <trkpt lat="41.637689" lon="2.412307">
        <ele>211.682</ele>
        <time>2024-12-13T12:54:46Z</time>
      </trkpt>
      <trkpt lat="41.637709" lon="2.412280">
        <ele>211.243</ele>
        <time>2024-12-13T12:54:48Z</time>
      </trkpt>
      <trkpt lat="41.637728" lon="2.412248">
        <ele>210.917</ele>
        <time>2024-12-13T12:54:50Z</time>
      </trkpt>
      <trkpt lat="41.637745" lon="2.412215">
        <ele>210.609</ele>
        <time>2024-12-13T12:54:52Z</time>
      </trkpt>
      <trkpt lat="41.637767" lon="2.412148">
        <ele>210.259</ele>
        <time>2024-12-13T12:54:56Z</time>
      </trkpt>
      <trkpt lat="41.637776" lon="2.412110">
        <ele>210.017</ele>
        <time>2024-12-13T12:54:58Z</time>
      </trkpt>
      <trkpt lat="41.637790" lon="2.412043">
        <ele>209.863</ele>
        <time>2024-12-13T12:55:02Z</time>
      </trkpt>
      <trkpt lat="41.637799" lon="2.412003">
        <ele>209.798</ele>
        <time>2024-12-13T12:55:04Z</time>
      </trkpt>
      <trkpt lat="41.637814" lon="2.411964">
        <ele>209.550</ele>
        <time>2024-12-13T12:55:06Z</time>
      </trkpt>
      <trkpt lat="41.637847" lon="2.411907">
        <ele>208.731</ele>
        <time>2024-12-13T12:55:10Z</time>
      </trkpt>
      <trkpt lat="41.637864" lon="2.411875">
        <ele>208.238</ele>
        <time>2024-12-13T12:55:12Z</time>
      </trkpt>
      <trkpt lat="41.637895" lon="2.411834">
        <ele>207.331</ele>
        <time>2024-12-13T12:55:16Z</time>
      </trkpt>
      <trkpt lat="41.637915" lon="2.411806">
        <ele>206.817</ele>
        <time>2024-12-13T12:55:18Z</time>
      </trkpt>
      <trkpt lat="41.637934" lon="2.411777">
        <ele>206.298</ele>
        <time>2024-12-13T12:55:20Z</time>
      </trkpt>
      <trkpt lat="41.637953" lon="2.411747">
        <ele>205.615</ele>
        <time>2024-12-13T12:55:22Z</time>
      </trkpt>
      <trkpt lat="41.637974" lon="2.411715">
        <ele>204.926</ele>
        <time>2024-12-13T12:55:24Z</time>
      </trkpt>
      <trkpt lat="41.637996" lon="2.411684">
        <ele>204.209</ele>
        <time>2024-12-13T12:55:26Z</time>
      </trkpt>
      <trkpt lat="41.638018" lon="2.411658">
        <ele>203.510</ele>
        <time>2024-12-13T12:55:28Z</time>
      </trkpt>
      <trkpt lat="41.638053" lon="2.411606">
        <ele>202.278</ele>
        <time>2024-12-13T12:55:32Z</time>
      </trkpt>
      <trkpt lat="41.638073" lon="2.411565">
        <ele>201.274</ele>
        <time>2024-12-13T12:55:34Z</time>
      </trkpt>
      <trkpt lat="41.638086" lon="2.411530">
        <ele>200.539</ele>
        <time>2024-12-13T12:55:36Z</time>
      </trkpt>
      <trkpt lat="41.638085" lon="2.411483">
        <ele>199.851</ele>
        <time>2024-12-13T12:55:38Z</time>
      </trkpt>
      <trkpt lat="41.638081" lon="2.411438">
        <ele>199.232</ele>
        <time>2024-12-13T12:55:40Z</time>
      </trkpt>
      <trkpt lat="41.638075" lon="2.411397">
        <ele>198.869</ele>
        <time>2024-12-13T12:55:42Z</time>
      </trkpt>
      <trkpt lat="41.638064" lon="2.411334">
        <ele>198.312</ele>
        <time>2024-12-13T12:55:46Z</time>
      </trkpt>
      <trkpt lat="41.638053" lon="2.411269">
        <ele>197.778</ele>
        <time>2024-12-13T12:55:50Z</time>
      </trkpt>
      <trkpt lat="41.638044" lon="2.411227">
        <ele>197.484</ele>
        <time>2024-12-13T12:55:52Z</time>
      </trkpt>
      <trkpt lat="41.638037" lon="2.411183">
        <ele>196.907</ele>
        <time>2024-12-13T12:55:54Z</time>
      </trkpt>
      <trkpt lat="41.638023" lon="2.411124">
        <ele>196.417</ele>
        <time>2024-12-13T12:55:56Z</time>
      </trkpt>
      <trkpt lat="41.638009" lon="2.411079">
        <ele>195.909</ele>
        <time>2024-12-13T12:55:58Z</time>
      </trkpt>
      <trkpt lat="41.637993" lon="2.411047">
        <ele>195.529</ele>
        <time>2024-12-13T12:56:00Z</time>
      </trkpt>
      <trkpt lat="41.637975" lon="2.411018">
        <ele>195.267</ele>
        <time>2024-12-13T12:56:02Z</time>
      </trkpt>
      <trkpt lat="41.637956" lon="2.410991">
        <ele>195.013</ele>
        <time>2024-12-13T12:56:04Z</time>
      </trkpt>
      <trkpt lat="41.637941" lon="2.410957">
        <ele>194.628</ele>
        <time>2024-12-13T12:56:06Z</time>
      </trkpt>
      <trkpt lat="41.637923" lon="2.410902">
        <ele>193.960</ele>
        <time>2024-12-13T12:56:09Z</time>
      </trkpt>
      <trkpt lat="41.637904" lon="2.410865">
        <ele>193.541</ele>
        <time>2024-12-13T12:56:11Z</time>
      </trkpt>
      <trkpt lat="41.637888" lon="2.410826">
        <ele>193.118</ele>
        <time>2024-12-13T12:56:13Z</time>
      </trkpt>
      <trkpt lat="41.637876" lon="2.410783">
        <ele>192.771</ele>
        <time>2024-12-13T12:56:15Z</time>
      </trkpt>
      <trkpt lat="41.637864" lon="2.410748">
        <ele>192.437</ele>
        <time>2024-12-13T12:56:17Z</time>
      </trkpt>
      <trkpt lat="41.637844" lon="2.410688">
        <ele>191.839</ele>
        <time>2024-12-13T12:56:21Z</time>
      </trkpt>
      <trkpt lat="41.637815" lon="2.410621">
        <ele>191.301</ele>
        <time>2024-12-13T12:56:25Z</time>
      </trkpt>
      <trkpt lat="41.637803" lon="2.410579">
        <ele>191.021</ele>
        <time>2024-12-13T12:56:27Z</time>
      </trkpt>
      <trkpt lat="41.637790" lon="2.410540">
        <ele>190.709</ele>
        <time>2024-12-13T12:56:29Z</time>
      </trkpt>
      <trkpt lat="41.637779" lon="2.410505">
        <ele>190.444</ele>
        <time>2024-12-13T12:56:31Z</time>
      </trkpt>
      <trkpt lat="41.637771" lon="2.410465">
        <ele>190.172</ele>
        <time>2024-12-13T12:56:33Z</time>
      </trkpt>
      <trkpt lat="41.637763" lon="2.410423">
        <ele>189.858</ele>
        <time>2024-12-13T12:56:35Z</time>
      </trkpt>
      <trkpt lat="41.637753" lon="2.410387">
        <ele>189.543</ele>
        <time>2024-12-13T12:56:37Z</time>
      </trkpt>
      <trkpt lat="41.637746" lon="2.410315">
        <ele>188.965</ele>
        <time>2024-12-13T12:56:41Z</time>
      </trkpt>
      <trkpt lat="41.637748" lon="2.410279">
        <ele>188.486</ele>
        <time>2024-12-13T12:56:43Z</time>
      </trkpt>
      <trkpt lat="41.637751" lon="2.410237">
        <ele>188.113</ele>
        <time>2024-12-13T12:56:45Z</time>
      </trkpt>
      <trkpt lat="41.637762" lon="2.410196">
        <ele>187.626</ele>
        <time>2024-12-13T12:56:47Z</time>
      </trkpt>
      <trkpt lat="41.637791" lon="2.410140">
        <ele>186.962</ele>
        <time>2024-12-13T12:56:50Z</time>
      </trkpt>
      <trkpt lat="41.637819" lon="2.410090">
        <ele>186.373</ele>
        <time>2024-12-13T12:56:53Z</time>
      </trkpt>
      <trkpt lat="41.637815" lon="2.410026">
        <ele>185.985</ele>
        <time>2024-12-13T12:56:57Z</time>
      </trkpt>
      <trkpt lat="41.637776" lon="2.409979">
        <ele>185.913</ele>
        <time>2024-12-13T12:57:00Z</time>
      </trkpt>
      <trkpt lat="41.637754" lon="2.409949">
        <ele>186.009</ele>
        <time>2024-12-13T12:57:02Z</time>
      </trkpt>
      <trkpt lat="41.637727" lon="2.409895">
        <ele>186.078</ele>
        <time>2024-12-13T12:57:06Z</time>
      </trkpt>
      <trkpt lat="41.637718" lon="2.409843">
        <ele>185.836</ele>
        <time>2024-12-13T12:57:19Z</time>
      </trkpt>
      <trkpt lat="41.637725" lon="2.409786">
        <ele>185.562</ele>
        <time>2024-12-13T12:57:24Z</time>
      </trkpt>
      <trkpt lat="41.637761" lon="2.409768">
        <ele>185.237</ele>
        <time>2024-12-13T12:57:27Z</time>
      </trkpt>
      <trkpt lat="41.637789" lon="2.409742">
        <ele>185.079</ele>
        <time>2024-12-13T12:57:29Z</time>
      </trkpt>
      <trkpt lat="41.637810" lon="2.409717">
        <ele>184.920</ele>
        <time>2024-12-13T12:57:30Z</time>
      </trkpt>
      <trkpt lat="41.637834" lon="2.409696">
        <ele>184.847</ele>
        <time>2024-12-13T12:57:32Z</time>
      </trkpt>
      <trkpt lat="41.637857" lon="2.409669">
        <ele>184.770</ele>
        <time>2024-12-13T12:57:34Z</time>
      </trkpt>
      <trkpt lat="41.637896" lon="2.409639">
        <ele>184.656</ele>
        <time>2024-12-13T12:57:37Z</time>
      </trkpt>
      <trkpt lat="41.637917" lon="2.409615">
        <ele>184.595</ele>
        <time>2024-12-13T12:57:39Z</time>
      </trkpt>
      <trkpt lat="41.637944" lon="2.409589">
        <ele>184.449</ele>
        <time>2024-12-13T12:57:41Z</time>
      </trkpt>
      <trkpt lat="41.637990" lon="2.409562">
        <ele>184.223</ele>
        <time>2024-12-13T12:57:47Z</time>
      </trkpt>
      <trkpt lat="41.638021" lon="2.409560">
        <ele>184.109</ele>
        <time>2024-12-13T12:57:49Z</time>
      </trkpt>
      <trkpt lat="41.638046" lon="2.409541">
        <ele>184.020</ele>
        <time>2024-12-13T12:57:51Z</time>
      </trkpt>
      <trkpt lat="41.638070" lon="2.409522">
        <ele>184.018</ele>
        <time>2024-12-13T12:57:53Z</time>
      </trkpt>
      <trkpt lat="41.638096" lon="2.409500">
        <ele>184.084</ele>
        <time>2024-12-13T12:57:55Z</time>
      </trkpt>
      <trkpt lat="41.638121" lon="2.409479">
        <ele>184.099</ele>
        <time>2024-12-13T12:57:57Z</time>
      </trkpt>
      <trkpt lat="41.638147" lon="2.409467">
        <ele>184.021</ele>
        <time>2024-12-13T12:57:59Z</time>
      </trkpt>
      <trkpt lat="41.638179" lon="2.409448">
        <ele>184.082</ele>
        <time>2024-12-13T12:58:01Z</time>
      </trkpt>
      <trkpt lat="41.638205" lon="2.409430">
        <ele>184.049</ele>
        <time>2024-12-13T12:58:03Z</time>
      </trkpt>
      <trkpt lat="41.638234" lon="2.409413">
        <ele>184.042</ele>
        <time>2024-12-13T12:58:05Z</time>
      </trkpt>
      <trkpt lat="41.638267" lon="2.409388">
        <ele>184.078</ele>
        <time>2024-12-13T12:58:07Z</time>
      </trkpt>
      <trkpt lat="41.638293" lon="2.409364">
        <ele>184.096</ele>
        <time>2024-12-13T12:58:09Z</time>
      </trkpt>
      <trkpt lat="41.638329" lon="2.409333">
        <ele>184.031</ele>
        <time>2024-12-13T12:58:13Z</time>
      </trkpt>
      <trkpt lat="41.638369" lon="2.409302">
        <ele>184.124</ele>
        <time>2024-12-13T12:58:15Z</time>
      </trkpt>
      <trkpt lat="41.638398" lon="2.409285">
        <ele>184.109</ele>
        <time>2024-12-13T12:58:18Z</time>
      </trkpt>
      <trkpt lat="41.638433" lon="2.409266">
        <ele>184.220</ele>
        <time>2024-12-13T12:58:20Z</time>
      </trkpt>
      <trkpt lat="41.638479" lon="2.409236">
        <ele>184.498</ele>
        <time>2024-12-13T12:58:24Z</time>
      </trkpt>
      <trkpt lat="41.638511" lon="2.409214">
        <ele>184.594</ele>
        <time>2024-12-13T12:58:26Z</time>
      </trkpt>
      <trkpt lat="41.638547" lon="2.409175">
        <ele>184.749</ele>
        <time>2024-12-13T12:58:29Z</time>
      </trkpt>
      <trkpt lat="41.638569" lon="2.409150">
        <ele>184.811</ele>
        <time>2024-12-13T12:58:31Z</time>
      </trkpt>
      <trkpt lat="41.638598" lon="2.409114">
        <ele>185.042</ele>
        <time>2024-12-13T12:58:35Z</time>
      </trkpt>
      <trkpt lat="41.638642" lon="2.409087">
        <ele>185.149</ele>
        <time>2024-12-13T12:59:35Z</time>
      </trkpt>
      <trkpt lat="41.638672" lon="2.409080">
        <ele>185.292</ele>
        <time>2024-12-13T12:59:37Z</time>
      </trkpt>
      <trkpt lat="41.638719" lon="2.409057">
        <ele>185.498</ele>
        <time>2024-12-13T12:59:41Z</time>
      </trkpt>
      <trkpt lat="41.638746" lon="2.409049">
        <ele>185.591</ele>
        <time>2024-12-13T12:59:43Z</time>
      </trkpt>
      <trkpt lat="41.638771" lon="2.409034">
        <ele>185.681</ele>
        <time>2024-12-13T12:59:45Z</time>
      </trkpt>
      <trkpt lat="41.638799" lon="2.409017">
        <ele>185.719</ele>
        <time>2024-12-13T12:59:47Z</time>
      </trkpt>
      <trkpt lat="41.638844" lon="2.408989">
        <ele>185.809</ele>
        <time>2024-12-13T12:59:50Z</time>
      </trkpt>
      <trkpt lat="41.638876" lon="2.408973">
        <ele>186.040</ele>
        <time>2024-12-13T12:59:52Z</time>
      </trkpt>
      <trkpt lat="41.638920" lon="2.408950">
        <ele>186.268</ele>
        <time>2024-12-13T12:59:55Z</time>
      </trkpt>
      <trkpt lat="41.638949" lon="2.408942">
        <ele>186.324</ele>
        <time>2024-12-13T12:59:57Z</time>
      </trkpt>
      <trkpt lat="41.638981" lon="2.408929">
        <ele>186.499</ele>
        <time>2024-12-13T12:59:59Z</time>
      </trkpt>
      <trkpt lat="41.639009" lon="2.408918">
        <ele>186.581</ele>
        <time>2024-12-13T13:00:01Z</time>
      </trkpt>
      <trkpt lat="41.639057" lon="2.408902">
        <ele>186.782</ele>
        <time>2024-12-13T13:00:06Z</time>
      </trkpt>
      <trkpt lat="41.639111" lon="2.408881">
        <ele>186.859</ele>
        <time>2024-12-13T13:00:10Z</time>
      </trkpt>
      <trkpt lat="41.639166" lon="2.408864">
        <ele>186.912</ele>
        <time>2024-12-13T13:00:13Z</time>
      </trkpt>
      <trkpt lat="41.639201" lon="2.408855">
        <ele>186.998</ele>
        <time>2024-12-13T13:00:15Z</time>
      </trkpt>
      <trkpt lat="41.639251" lon="2.408827">
        <ele>186.884</ele>
        <time>2024-12-13T13:00:18Z</time>
      </trkpt>
      <trkpt lat="41.639280" lon="2.408813">
        <ele>186.707</ele>
        <time>2024-12-13T13:00:20Z</time>
      </trkpt>
      <trkpt lat="41.639327" lon="2.408793">
        <ele>186.717</ele>
        <time>2024-12-13T13:00:23Z</time>
      </trkpt>
      <trkpt lat="41.639355" lon="2.408779">
        <ele>186.609</ele>
        <time>2024-12-13T13:00:25Z</time>
      </trkpt>
      <trkpt lat="41.639385" lon="2.408767">
        <ele>186.659</ele>
        <time>2024-12-13T13:00:27Z</time>
      </trkpt>
      <trkpt lat="41.639415" lon="2.408755">
        <ele>186.587</ele>
        <time>2024-12-13T13:00:29Z</time>
      </trkpt>
      <trkpt lat="41.639448" lon="2.408743">
        <ele>186.543</ele>
        <time>2024-12-13T13:00:31Z</time>
      </trkpt>
      <trkpt lat="41.639476" lon="2.408735">
        <ele>186.328</ele>
        <time>2024-12-13T13:00:33Z</time>
      </trkpt>
      <trkpt lat="41.639506" lon="2.408722">
        <ele>186.030</ele>
        <time>2024-12-13T13:00:35Z</time>
      </trkpt>
      <trkpt lat="41.639533" lon="2.408709">
        <ele>185.821</ele>
        <time>2024-12-13T13:00:37Z</time>
      </trkpt>
      <trkpt lat="41.639585" lon="2.408682">
        <ele>185.418</ele>
        <time>2024-12-13T13:00:41Z</time>
      </trkpt>
      <trkpt lat="41.639617" lon="2.408671">
        <ele>185.191</ele>
        <time>2024-12-13T13:00:43Z</time>
      </trkpt>
      <trkpt lat="41.639650" lon="2.408657">
        <ele>184.867</ele>
        <time>2024-12-13T13:00:45Z</time>
      </trkpt>
      <trkpt lat="41.639684" lon="2.408644">
        <ele>184.529</ele>
        <time>2024-12-13T13:00:47Z</time>
      </trkpt>
      <trkpt lat="41.639715" lon="2.408632">
        <ele>184.200</ele>
        <time>2024-12-13T13:00:49Z</time>
      </trkpt>
      <trkpt lat="41.639749" lon="2.408624">
        <ele>184.120</ele>
        <time>2024-12-13T13:00:51Z</time>
      </trkpt>
      <trkpt lat="41.639799" lon="2.408597">
        <ele>184.009</ele>
        <time>2024-12-13T13:00:55Z</time>
      </trkpt>
      <trkpt lat="41.639826" lon="2.408581">
        <ele>184.083</ele>
        <time>2024-12-13T13:00:57Z</time>
      </trkpt>
      <trkpt lat="41.639877" lon="2.408562">
        <ele>184.061</ele>
        <time>2024-12-13T13:01:01Z</time>
      </trkpt>
      <trkpt lat="41.639912" lon="2.408569">
        <ele>184.047</ele>
        <time>2024-12-13T13:01:11Z</time>
      </trkpt>
      <trkpt lat="41.639942" lon="2.408592">
        <ele>184.082</ele>
        <time>2024-12-13T13:01:17Z</time>
      </trkpt>
      <trkpt lat="41.639963" lon="2.408556">
        <ele>184.074</ele>
        <time>2024-12-13T13:01:36Z</time>
      </trkpt>
      <trkpt lat="41.640001" lon="2.408549">
        <ele>184.095</ele>
        <time>2024-12-13T13:03:05Z</time>
      </trkpt>
      <trkpt lat="41.640040" lon="2.408524">
        <ele>184.072</ele>
        <time>2024-12-13T13:03:09Z</time>
      </trkpt>
      <trkpt lat="41.640066" lon="2.408509">
        <ele>184.195</ele>
        <time>2024-12-13T13:03:11Z</time>
      </trkpt>
      <trkpt lat="41.640105" lon="2.408488">
        <ele>184.271</ele>
        <time>2024-12-13T13:03:14Z</time>
      </trkpt>
      <trkpt lat="41.640136" lon="2.408474">
        <ele>184.261</ele>
        <time>2024-12-13T13:03:16Z</time>
      </trkpt>
      <trkpt lat="41.640180" lon="2.408443">
        <ele>184.421</ele>
        <time>2024-12-13T13:03:19Z</time>
      </trkpt>
      <trkpt lat="41.640211" lon="2.408432">
        <ele>184.513</ele>
        <time>2024-12-13T13:03:21Z</time>
      </trkpt>
      <trkpt lat="41.640243" lon="2.408418">
        <ele>184.609</ele>
        <time>2024-12-13T13:03:23Z</time>
      </trkpt>
      <trkpt lat="41.640271" lon="2.408409">
        <ele>184.747</ele>
        <time>2024-12-13T13:03:25Z</time>
      </trkpt>
      <trkpt lat="41.640298" lon="2.408401">
        <ele>184.895</ele>
        <time>2024-12-13T13:03:27Z</time>
      </trkpt>
      <trkpt lat="41.640350" lon="2.408384">
        <ele>184.981</ele>
        <time>2024-12-13T13:03:31Z</time>
      </trkpt>
      <trkpt lat="41.640399" lon="2.408375">
        <ele>184.956</ele>
        <time>2024-12-13T13:03:35Z</time>
      </trkpt>
      <trkpt lat="41.640447" lon="2.408349">
        <ele>185.098</ele>
        <time>2024-12-13T13:03:39Z</time>
      </trkpt>
      <trkpt lat="41.640465" lon="2.408315">
        <ele>185.019</ele>
        <time>2024-12-13T13:03:41Z</time>
      </trkpt>
      <trkpt lat="41.640458" lon="2.408273">
        <ele>185.026</ele>
        <time>2024-12-13T13:03:43Z</time>
      </trkpt>
      <trkpt lat="41.640428" lon="2.408217">
        <ele>185.029</ele>
        <time>2024-12-13T13:03:47Z</time>
      </trkpt>
      <trkpt lat="41.640410" lon="2.408187">
        <ele>185.085</ele>
        <time>2024-12-13T13:03:49Z</time>
      </trkpt>
      <trkpt lat="41.640381" lon="2.408126">
        <ele>185.077</ele>
        <time>2024-12-13T13:03:52Z</time>
      </trkpt>
      <trkpt lat="41.640365" lon="2.408087">
        <ele>185.061</ele>
        <time>2024-12-13T13:03:54Z</time>
      </trkpt>
      <trkpt lat="41.640338" lon="2.408029">
        <ele>184.927</ele>
        <time>2024-12-13T13:03:57Z</time>
      </trkpt>
      <trkpt lat="41.640318" lon="2.407999">
        <ele>184.809</ele>
        <time>2024-12-13T13:03:59Z</time>
      </trkpt>
      <trkpt lat="41.640297" lon="2.407973">
        <ele>184.778</ele>
        <time>2024-12-13T13:04:01Z</time>
      </trkpt>
      <trkpt lat="41.640271" lon="2.407940">
        <ele>184.626</ele>
        <time>2024-12-13T13:04:03Z</time>
      </trkpt>
      <trkpt lat="41.640257" lon="2.407901">
        <ele>184.452</ele>
        <time>2024-12-13T13:04:05Z</time>
      </trkpt>
      <trkpt lat="41.640239" lon="2.407868">
        <ele>184.317</ele>
        <time>2024-12-13T13:04:07Z</time>
      </trkpt>
      <trkpt lat="41.640223" lon="2.407833">
        <ele>184.259</ele>
        <time>2024-12-13T13:04:09Z</time>
      </trkpt>
      <trkpt lat="41.640201" lon="2.407805">
        <ele>184.150</ele>
        <time>2024-12-13T13:04:11Z</time>
      </trkpt>
      <trkpt lat="41.640187" lon="2.407772">
        <ele>184.057</ele>
        <time>2024-12-13T13:04:13Z</time>
      </trkpt>
      <trkpt lat="41.640171" lon="2.407741">
        <ele>184.120</ele>
        <time>2024-12-13T13:04:15Z</time>
      </trkpt>
      <trkpt lat="41.640159" lon="2.407705">
        <ele>184.186</ele>
        <time>2024-12-13T13:04:17Z</time>
      </trkpt>
      <trkpt lat="41.640129" lon="2.407641">
        <ele>184.347</ele>
        <time>2024-12-13T13:04:21Z</time>
      </trkpt>
      <trkpt lat="41.640110" lon="2.407607">
        <ele>184.429</ele>
        <time>2024-12-13T13:04:23Z</time>
      </trkpt>
      <trkpt lat="41.640089" lon="2.407571">
        <ele>184.521</ele>
        <time>2024-12-13T13:04:25Z</time>
      </trkpt>
      <trkpt lat="41.640059" lon="2.407512">
        <ele>184.809</ele>
        <time>2024-12-13T13:04:28Z</time>
      </trkpt>
      <trkpt lat="41.640043" lon="2.407482">
        <ele>184.965</ele>
        <time>2024-12-13T13:04:30Z</time>
      </trkpt>
      <trkpt lat="41.640021" lon="2.407448">
        <ele>185.043</ele>
        <time>2024-12-13T13:04:32Z</time>
      </trkpt>
      <trkpt lat="41.640002" lon="2.407410">
        <ele>185.039</ele>
        <time>2024-12-13T13:04:34Z</time>
      </trkpt>
      <trkpt lat="41.639987" lon="2.407379">
        <ele>185.024</ele>
        <time>2024-12-13T13:04:36Z</time>
      </trkpt>
      <trkpt lat="41.639975" lon="2.407344">
        <ele>185.036</ele>
        <time>2024-12-13T13:04:38Z</time>
      </trkpt>
      <trkpt lat="41.639954" lon="2.407312">
        <ele>185.077</ele>
        <time>2024-12-13T13:04:40Z</time>
      </trkpt>
      <trkpt lat="41.639938" lon="2.407282">
        <ele>185.034</ele>
        <time>2024-12-13T13:04:42Z</time>
      </trkpt>
      <trkpt lat="41.639925" lon="2.407248">
        <ele>185.027</ele>
        <time>2024-12-13T13:04:44Z</time>
      </trkpt>
      <trkpt lat="41.639904" lon="2.407209">
        <ele>185.093</ele>
        <time>2024-12-13T13:04:46Z</time>
      </trkpt>
      <trkpt lat="41.639887" lon="2.407173">
        <ele>185.117</ele>
        <time>2024-12-13T13:04:48Z</time>
      </trkpt>
      <trkpt lat="41.639873" lon="2.407137">
        <ele>185.287</ele>
        <time>2024-12-13T13:04:50Z</time>
      </trkpt>
      <trkpt lat="41.639855" lon="2.407107">
        <ele>185.215</ele>
        <time>2024-12-13T13:04:52Z</time>
      </trkpt>
      <trkpt lat="41.639839" lon="2.407071">
        <ele>185.209</ele>
        <time>2024-12-13T13:04:54Z</time>
      </trkpt>
      <trkpt lat="41.639827" lon="2.407038">
        <ele>185.352</ele>
        <time>2024-12-13T13:04:56Z</time>
      </trkpt>
      <trkpt lat="41.639814" lon="2.407004">
        <ele>185.360</ele>
        <time>2024-12-13T13:04:58Z</time>
      </trkpt>
      <trkpt lat="41.639796" lon="2.406969">
        <ele>185.236</ele>
        <time>2024-12-13T13:05:00Z</time>
      </trkpt>
      <trkpt lat="41.639776" lon="2.406936">
        <ele>185.291</ele>
        <time>2024-12-13T13:05:02Z</time>
      </trkpt>
      <trkpt lat="41.639759" lon="2.406903">
        <ele>185.323</ele>
        <time>2024-12-13T13:05:04Z</time>
      </trkpt>
      <trkpt lat="41.639743" lon="2.406873">
        <ele>185.374</ele>
        <time>2024-12-13T13:05:06Z</time>
      </trkpt>
      <trkpt lat="41.639720" lon="2.406847">
        <ele>185.361</ele>
        <time>2024-12-13T13:05:08Z</time>
      </trkpt>
      <trkpt lat="41.639696" lon="2.406814">
        <ele>185.454</ele>
        <time>2024-12-13T13:05:10Z</time>
      </trkpt>
      <trkpt lat="41.639677" lon="2.406779">
        <ele>185.460</ele>
        <time>2024-12-13T13:05:12Z</time>
      </trkpt>
      <trkpt lat="41.639665" lon="2.406740">
        <ele>185.595</ele>
        <time>2024-12-13T13:05:14Z</time>
      </trkpt>
      <trkpt lat="41.639639" lon="2.406709">
        <ele>185.549</ele>
        <time>2024-12-13T13:05:16Z</time>
      </trkpt>
      <trkpt lat="41.639619" lon="2.406681">
        <ele>185.623</ele>
        <time>2024-12-13T13:05:18Z</time>
      </trkpt>
      <trkpt lat="41.639597" lon="2.406649">
        <ele>185.609</ele>
        <time>2024-12-13T13:05:20Z</time>
      </trkpt>
      <trkpt lat="41.639564" lon="2.406595">
        <ele>185.710</ele>
        <time>2024-12-13T13:05:23Z</time>
      </trkpt>
      <trkpt lat="41.639545" lon="2.406560">
        <ele>185.788</ele>
        <time>2024-12-13T13:05:25Z</time>
      </trkpt>
      <trkpt lat="41.639531" lon="2.406524">
        <ele>185.814</ele>
        <time>2024-12-13T13:05:27Z</time>
      </trkpt>
      <trkpt lat="41.639516" lon="2.406489">
        <ele>185.939</ele>
        <time>2024-12-13T13:05:29Z</time>
      </trkpt>
      <trkpt lat="41.639505" lon="2.406452">
        <ele>186.061</ele>
        <time>2024-12-13T13:05:31Z</time>
      </trkpt>
      <trkpt lat="41.639493" lon="2.406414">
        <ele>186.132</ele>
        <time>2024-12-13T13:05:33Z</time>
      </trkpt>
      <trkpt lat="41.639461" lon="2.406365">
        <ele>186.039</ele>
        <time>2024-12-13T13:05:37Z</time>
      </trkpt>
      <trkpt lat="41.639440" lon="2.406330">
        <ele>185.852</ele>
        <time>2024-12-13T13:05:39Z</time>
      </trkpt>
      <trkpt lat="41.639419" lon="2.406297">
        <ele>185.558</ele>
        <time>2024-12-13T13:05:41Z</time>
      </trkpt>
      <trkpt lat="41.639400" lon="2.406263">
        <ele>185.398</ele>
        <time>2024-12-13T13:05:43Z</time>
      </trkpt>
      <trkpt lat="41.639379" lon="2.406227">
        <ele>185.115</ele>
        <time>2024-12-13T13:05:45Z</time>
      </trkpt>
      <trkpt lat="41.639357" lon="2.406193">
        <ele>184.926</ele>
        <time>2024-12-13T13:05:47Z</time>
      </trkpt>
      <trkpt lat="41.639337" lon="2.406158">
        <ele>184.709</ele>
        <time>2024-12-13T13:05:49Z</time>
      </trkpt>
      <trkpt lat="41.639321" lon="2.406127">
        <ele>184.680</ele>
        <time>2024-12-13T13:05:51Z</time>
      </trkpt>
      <trkpt lat="41.639307" lon="2.406095">
        <ele>184.518</ele>
        <time>2024-12-13T13:05:53Z</time>
      </trkpt>
      <trkpt lat="41.639280" lon="2.406034">
        <ele>184.394</ele>
        <time>2024-12-13T13:05:57Z</time>
      </trkpt>
      <trkpt lat="41.639258" lon="2.405996">
        <ele>184.269</ele>
        <time>2024-12-13T13:05:59Z</time>
      </trkpt>
      <trkpt lat="41.639231" lon="2.405931">
        <ele>184.181</ele>
        <time>2024-12-13T13:06:03Z</time>
      </trkpt>
      <trkpt lat="41.639210" lon="2.405900">
        <ele>184.052</ele>
        <time>2024-12-13T13:06:05Z</time>
      </trkpt>
      <trkpt lat="41.639188" lon="2.405871">
        <ele>184.019</ele>
        <time>2024-12-13T13:06:07Z</time>
      </trkpt>
      <trkpt lat="41.639168" lon="2.405832">
        <ele>184.022</ele>
        <time>2024-12-13T13:06:10Z</time>
      </trkpt>
      <trkpt lat="41.639160" lon="2.405788">
        <ele>184.178</ele>
        <time>2024-12-13T13:06:12Z</time>
      </trkpt>
      <trkpt lat="41.639132" lon="2.405718">
        <ele>184.313</ele>
        <time>2024-12-13T13:06:16Z</time>
      </trkpt>
      <trkpt lat="41.639116" lon="2.405679">
        <ele>184.543</ele>
        <time>2024-12-13T13:06:18Z</time>
      </trkpt>
      <trkpt lat="41.639094" lon="2.405655">
        <ele>184.507</ele>
        <time>2024-12-13T13:06:20Z</time>
      </trkpt>
      <trkpt lat="41.639070" lon="2.405619">
        <ele>184.709</ele>
        <time>2024-12-13T13:06:22Z</time>
      </trkpt>
      <trkpt lat="41.639035" lon="2.405577">
        <ele>184.922</ele>
        <time>2024-12-13T13:06:25Z</time>
      </trkpt>
      <trkpt lat="41.639018" lon="2.405542">
        <ele>185.120</ele>
        <time>2024-12-13T13:06:27Z</time>
      </trkpt>
      <trkpt lat="41.639004" lon="2.405511">
        <ele>185.316</ele>
        <time>2024-12-13T13:06:29Z</time>
      </trkpt>
      <trkpt lat="41.638991" lon="2.405477">
        <ele>185.591</ele>
        <time>2024-12-13T13:06:31Z</time>
      </trkpt>
      <trkpt lat="41.638975" lon="2.405437">
        <ele>185.733</ele>
        <time>2024-12-13T13:06:33Z</time>
      </trkpt>
      <trkpt lat="41.638961" lon="2.405399">
        <ele>186.024</ele>
        <time>2024-12-13T13:06:35Z</time>
      </trkpt>
      <trkpt lat="41.638946" lon="2.405368">
        <ele>186.241</ele>
        <time>2024-12-13T13:06:37Z</time>
      </trkpt>
      <trkpt lat="41.638918" lon="2.405305">
        <ele>186.734</ele>
        <time>2024-12-13T13:06:41Z</time>
      </trkpt>
      <trkpt lat="41.638903" lon="2.405263">
        <ele>187.030</ele>
        <time>2024-12-13T13:06:44Z</time>
      </trkpt>
      <trkpt lat="41.638889" lon="2.405206">
        <ele>187.051</ele>
        <time>2024-12-13T13:06:48Z</time>
      </trkpt>
      <trkpt lat="41.638886" lon="2.405164">
        <ele>187.001</ele>
        <time>2024-12-13T13:06:50Z</time>
      </trkpt>
      <trkpt lat="41.638877" lon="2.405123">
        <ele>187.011</ele>
        <time>2024-12-13T13:06:52Z</time>
      </trkpt>
      <trkpt lat="41.638870" lon="2.405057">
        <ele>187.009</ele>
        <time>2024-12-13T13:06:55Z</time>
      </trkpt>
      <trkpt lat="41.638865" lon="2.405019">
        <ele>187.086</ele>
        <time>2024-12-13T13:06:57Z</time>
      </trkpt>
      <trkpt lat="41.638858" lon="2.404965">
        <ele>187.144</ele>
        <time>2024-12-13T13:06:58Z</time>
      </trkpt>
      <trkpt lat="41.638851" lon="2.404922">
        <ele>187.230</ele>
        <time>2024-12-13T13:07:00Z</time>
      </trkpt>
      <trkpt lat="41.638838" lon="2.404886">
        <ele>187.395</ele>
        <time>2024-12-13T13:07:02Z</time>
      </trkpt>
      <trkpt lat="41.638831" lon="2.404848">
        <ele>187.457</ele>
        <time>2024-12-13T13:07:04Z</time>
      </trkpt>
      <trkpt lat="41.638819" lon="2.404780">
        <ele>187.668</ele>
        <time>2024-12-13T13:07:08Z</time>
      </trkpt>
      <trkpt lat="41.638813" lon="2.404744">
        <ele>187.765</ele>
        <time>2024-12-13T13:07:10Z</time>
      </trkpt>
      <trkpt lat="41.638805" lon="2.404692">
        <ele>187.818</ele>
        <time>2024-12-13T13:07:13Z</time>
      </trkpt>
      <trkpt lat="41.638797" lon="2.404652">
        <ele>187.814</ele>
        <time>2024-12-13T13:07:16Z</time>
      </trkpt>
      <trkpt lat="41.638792" lon="2.404611">
        <ele>187.942</ele>
        <time>2024-12-13T13:07:18Z</time>
      </trkpt>
      <trkpt lat="41.638785" lon="2.404564">
        <ele>188.022</ele>
        <time>2024-12-13T13:07:21Z</time>
      </trkpt>
      <trkpt lat="41.638774" lon="2.404512">
        <ele>188.014</ele>
        <time>2024-12-13T13:07:24Z</time>
      </trkpt>
      <trkpt lat="41.638764" lon="2.404464">
        <ele>188.109</ele>
        <time>2024-12-13T13:07:25Z</time>
      </trkpt>
      <trkpt lat="41.638729" lon="2.404435">
        <ele>187.865</ele>
        <time>2024-12-13T13:07:28Z</time>
      </trkpt>
      <trkpt lat="41.638680" lon="2.404438">
        <ele>187.593</ele>
        <time>2024-12-13T13:07:30Z</time>
      </trkpt>
      <trkpt lat="41.638634" lon="2.404439">
        <ele>187.129</ele>
        <time>2024-12-13T13:07:32Z</time>
      </trkpt>
      <trkpt lat="41.638582" lon="2.404449">
        <ele>186.874</ele>
        <time>2024-12-13T13:07:35Z</time>
      </trkpt>
      <trkpt lat="41.638550" lon="2.404457">
        <ele>186.666</ele>
        <time>2024-12-13T13:07:37Z</time>
      </trkpt>
      <trkpt lat="41.638498" lon="2.404467">
        <ele>186.227</ele>
        <time>2024-12-13T13:07:41Z</time>
      </trkpt>
      <trkpt lat="41.638466" lon="2.404480">
        <ele>186.054</ele>
        <time>2024-12-13T13:07:43Z</time>
      </trkpt>
      <trkpt lat="41.638435" lon="2.404488">
        <ele>185.877</ele>
        <time>2024-12-13T13:07:45Z</time>
      </trkpt>
      <trkpt lat="41.638405" lon="2.404501">
        <ele>185.723</ele>
        <time>2024-12-13T13:07:47Z</time>
      </trkpt>
      <trkpt lat="41.638375" lon="2.404519">
        <ele>185.531</ele>
        <time>2024-12-13T13:07:49Z</time>
      </trkpt>
      <trkpt lat="41.638351" lon="2.404539">
        <ele>185.461</ele>
        <time>2024-12-13T13:07:51Z</time>
      </trkpt>
      <trkpt lat="41.638309" lon="2.404570">
        <ele>185.307</ele>
        <time>2024-12-13T13:07:54Z</time>
      </trkpt>
      <trkpt lat="41.638270" lon="2.404599">
        <ele>185.209</ele>
        <time>2024-12-13T13:07:58Z</time>
      </trkpt>
      <trkpt lat="41.638244" lon="2.404611">
        <ele>185.174</ele>
        <time>2024-12-13T13:08:00Z</time>
      </trkpt>
      <trkpt lat="41.638212" lon="2.404627">
        <ele>184.942</ele>
        <time>2024-12-13T13:08:02Z</time>
      </trkpt>
      <trkpt lat="41.638185" lon="2.404581">
        <ele>184.728</ele>
        <time>2024-12-13T13:08:05Z</time>
      </trkpt>
    </trkseg>
  </trk></gpx>