<?xml version="1.0" encoding="UTF-8"?>
<gpx creator="Wikiloc - https://www.wikiloc.com" version="1.1" xmlns="http://www.topografix.com/GPX/1/1" xmlns:xsi="http://www.w3.org/2001/XMLSchema-instance" xsi:schemaLocation="http://www.topografix.com/GPX/1/1 http://www.topografix.com/GPX/1/1/gpx.xsd">
  <metadata>
    <name>Wikiloc - 284. Senderisme en tren. De Calella a Pineda de Mar per St. Andreu d'Arboceda i el Montpalau (100 Cims)</name>
    <author>
      <name>Senderisme en tren</name>
      <link href="https://www.wikiloc.com/wikiloc/user.do?id=438461">
        <text>Senderisme en tren on Wikiloc</text>
      </link>
    </author>
    <link href="https://www.wikiloc.com/hiking-trails/284-senderisme-en-tren-de-calella-a-pineda-de-mar-per-st-andreu-darboceda-i-el-montpalau-100-cims-197640158">
      <text>284. Senderisme en tren. De Calella a Pineda de Mar per St. Andreu d'Arboceda i el Montpalau (100 Cims) on Wikiloc</text>
    </link>
    <time>2025-01-11T15:06:04.323Z</time>
  </metadata>
  <wpt lat="41.606447" lon="2.642953">
    <ele>13.7</ele>
    <time>2024-12-23T08:46:53Z</time>
    <name>'Mirador de la Petona'</name>
    <cmt></cmt>
    <desc></desc>
  </wpt>
  <wpt lat="41.641982" lon="2.666652">
    <ele>197.8</ele>
    <time>2024-12-23T08:53:13Z</time>
    <name>Bifurcació al Montpalau</name>
    <cmt></cmt>
    <desc></desc>
  </wpt>
  <wpt lat="41.627513" lon="2.689394">
    <ele>11.0</ele>
    <time>2024-12-23T08:56:32Z</time>
    <name>Ajuntament de Pineda</name>
    <cmt></cmt>
    <desc></desc>
  </wpt>
  <wpt lat="41.645800" lon="2.677630">
    <ele>64.3</ele>
    <time>2024-12-23T09:37:04Z</time>
    <name>Aqüeducte romà</name>
    <cmt></cmt>
    <desc></desc>
  </wpt>
  <wpt lat="41.636747" lon="2.631099">
    <ele>278.0</ele>
    <time>2024-12-23T08:49:27Z</time>
    <name>Ca l'Estolt (ruïnes)</name>
    <cmt></cmt>
    <desc></desc>
  </wpt>
  <wpt lat="41.634802" lon="2.628243">
    <ele>227.6</ele>
    <time>2024-12-23T09:15:56Z</time>
    <name>Carretera d'Hortsavinya</name>
    <cmt></cmt>
    <desc></desc>
  </wpt>
  <wpt lat="41.632774" lon="2.628304">
    <ele>183.0</ele>
    <time>2024-12-23T08:48:16Z</time>
    <name>Coll de l'Era d'en Móra</name>
    <cmt></cmt>
    <desc></desc>
  </wpt>
  <wpt lat="41.641660" lon="2.665687">
    <ele>193.5</ele>
    <time>2024-12-23T08:02:43Z</time>
    <name>Coll dels Altars</name>
    <cmt></cmt>
    <desc></desc>
  </wpt>
  <wpt lat="41.643051" lon="2.629695">
    <ele>270.9</ele>
    <time>2024-12-23T08:09:10Z</time>
    <name>Collet de Sant Andreu (pàrquing)</name>
    <cmt></cmt>
    <desc></desc>
  </wpt>
  <wpt lat="41.640372" lon="2.636611">
    <ele>384.5</ele>
    <time>2024-12-23T09:32:56Z</time>
    <name>Coll de la punta de Garbí</name>
    <cmt></cmt>
    <desc></desc>
  </wpt>
  <wpt lat="41.614588" lon="2.665483">
    <ele>7.8</ele>
    <time>2024-12-23T08:58:03Z</time>
    <name>Estació de Calella</name>
    <cmt></cmt>
    <desc></desc>
  </wpt>
  <wpt lat="41.622410" lon="2.693493">
    <ele>9.0</ele>
    <time>2024-12-23T08:57:29Z</time>
    <name>Estació de Pineda de Mar</name>
    <cmt></cmt>
    <desc></desc>
  </wpt>
  <wpt lat="41.608356" lon="2.646140">
    <ele>36.0</ele>
    <time>2024-12-23T08:04:57Z</time>
    <name>Far de Calella</name>
    <cmt></cmt>
    <desc></desc>
  </wpt>
  <wpt lat="41.645768" lon="2.677509">
    <ele>62.7</ele>
    <time>2024-12-23T09:37:52Z</time>
    <name>Font del Ferro</name>
    <cmt></cmt>
    <desc></desc>
  </wpt>
  <wpt lat="41.639367" lon="2.657038">
    <ele>231.8</ele>
    <time>2024-12-25T18:46:18Z</time>
    <name>Font Fresca</name>
    <cmt></cmt>
    <desc></desc>
  </wpt>
  <wpt lat="41.646420" lon="2.675291">
    <ele>52.1</ele>
    <time>2024-12-23T07:59:02Z</time>
    <name>Forn de calç de Can Marquès</name>
    <cmt></cmt>
    <desc></desc>
  </wpt>
  <wpt lat="41.607865" lon="2.641789">
    <ele>82.9</ele>
    <time>2024-12-23T08:03:55Z</time>
    <name>Les Torretes</name>
    <cmt></cmt>
    <desc></desc>
  </wpt>
  <wpt lat="41.646103" lon="2.675913">
    <ele>52.4</ele>
    <time>2024-12-23T07:59:15Z</time>
    <name>Molí fariner de Can Marquès</name>
    <cmt></cmt>
    <desc></desc>
  </wpt>
  <wpt lat="41.642229" lon="2.670391">
    <ele>254.5</ele>
    <time>2024-12-23T09:19:35Z</time>
    <name>Castell de Montpalau (100 Cims)</name>
    <cmt></cmt>
    <desc></desc>
  </wpt>
  <wpt lat="41.629179" lon="2.689528">
    <ele>16.7</ele>
    <time>2024-12-23T08:55:38Z</time>
    <name>Pas inferior</name>
    <cmt></cmt>
    <desc></desc>
  </wpt>
  <wpt lat="41.644492" lon="2.677295">
    <ele>53.6</ele>
    <time>2024-12-25T08:47:23Z</time>
    <name>Pas sota C-32</name>
    <cmt></cmt>
    <desc></desc>
  </wpt>
  <wpt lat="41.606083" lon="2.640839">
    <ele>25.0</ele>
    <time>2024-12-23T08:46:29Z</time>
    <name>Passarel·la vianants</name>
    <cmt></cmt>
    <desc></desc>
  </wpt>
  <wpt lat="41.613709" lon="2.663873">
    <ele>8.7</ele>
    <time>2024-12-23T09:26:32Z</time>
    <name>Platja Gran de Calella</name>
    <cmt></cmt>
    <desc></desc>
  </wpt>
  <wpt lat="41.641020" lon="2.665015">
    <ele>197.1</ele>
    <time>2024-12-23T08:52:11Z</time>
    <name>Retrobem PR C-146</name>
    <cmt></cmt>
    <desc></desc>
  </wpt>
  <wpt lat="41.643937" lon="2.629154">
    <ele>284.4</ele>
    <time>2024-12-23T08:08:47Z</time>
    <name>Sant Andreu de l'Arboceda</name>
    <cmt></cmt>
    <desc></desc>
  </wpt>
  <wpt lat="41.628788" lon="2.689609">
    <ele>16.4</ele>
    <time>2024-12-23T08:55:47Z</time>
    <name>Santa Maria de Pineda</name>
    <cmt></cmt>
    <desc></desc>
  </wpt>
  <wpt lat="41.640029" lon="2.634521">
    <ele>411.2</ele>
    <time>2024-12-23T08:50:49Z</time>
    <name>Turó de Garbí (antena AENA)</name>
    <cmt></cmt>
    <desc></desc>
  </wpt>
  <wpt lat="41.616591" lon="2.642358">
    <ele>82.1</ele>
    <time>2024-12-23T08:06:02Z</time>
    <name>Túnel C-32</name>
    <cmt></cmt>
    <desc></desc>
  </wpt>
  <wpt lat="41.643441" lon="2.672167">
    <ele>161.3</ele>
    <time>2024-12-23T08:53:03Z</time>
    <name>Final descens Montpalau</name>
    <cmt></cmt>
    <desc></desc>
  </wpt>
  <wpt lat="41.642160" lon="2.682077">
    <ele>78.5</ele>
    <time>2024-12-23T08:54:31Z</time>
    <name>Vistes aqüeducte?</name>
    <cmt></cmt>
    <desc></desc>
  </wpt>
  <wpt lat="41.624039" lon="2.633979">
    <ele>247.1</ele>
    <time>2025-01-11T18:34:17Z</time>
    <name>Puig de Golinons</name>
    <cmt></cmt>
    <desc></desc>
  </wpt>
  <trk>
    <name>284. Senderisme en tren. De Calella a Pineda de Mar per St. Andreu d'Arboceda i el Montpalau (100 Cims) - Wikiloc</name>
    <cmt>&lt;strong&gt;LA TRAVESSA&lt;/strong&gt; &lt;b&gt;&lt;/b&gt; 
 
Atractiva ruta que ens portarà de l'estació de Calella a la de Pineda de Mar resseguint els límits del parc del Montnegre amb el PR C-146 com a fil conductor. A més a més de visitar ermites, antigues &lt;b&gt;torres de telegrafia òptica&lt;/b&gt;, un &lt;b&gt;far&lt;/b&gt; o un bocí d'un antic &lt;b&gt;aqüeducte romà&lt;/b&gt;. També ascendirem el &lt;b&gt;Montpalau&lt;/b&gt;, un cim inclòs en la llista dels &lt;b&gt;100 Cims&lt;/b&gt; de la FEEC. Des de dalt, gaudirem de magnífiques panoràmiques de la costa del Maresme i hi visitarem les restes d'un antic castell. 
 
Com totes les rutes que des de la costa del Maresme s'enlairen cap a la muntanya, el més complicat és trobar un camí agradable que no segueix en excés asfalt, tant a la pujada com a la baixada. En aquesta caminada creiem que podem estar contents que pocs carrers/urbanitzacions seguirem. 
 
Podem dividir la ruta en tres sectors: 
 
1. &lt;b&gt;L'ascens&lt;/b&gt;: en aquest tram abandonem la costa per enfilar-nos cap al Montnegre. La pujada és agradable, amb poc asfalt, resseguint la platja de Garbí de Calella i visitant punts d'interès com les Torretes, el Far de Calella o el turó de Garbí, on hi ha una antena d'AENA. 
 
2. &lt;b&gt;Recorregut per la carena&lt;/b&gt;: un cop assolim la part elevada de la muntanya continuarem elevats, però paral·lels a la costa seguint pistes boscoses que de tant en tant, quan els boscos ens ho permeten, tindrem vistes cap al Montnegre. 
En aquest tram abandonarem el PR C-146 per seguir pistes i corriols que van pel vessant nord per evitar els carrers asfaltats d'una urbanització. El recorregut s'allarga, però creiem que paga la pena sempre que es pugui, evitar el paviment dur. 
Abans d'iniciar la baixada farem el &lt;b&gt;Montpalau&lt;/b&gt;, un 100 Cims dalt del qual hi ha les restes d'un antic castell. Des de dalt es tenen magnífiques vistes de Pineda i la costa maresmenca. 
 
3. &lt;b&gt;Descens a la costa&lt;/b&gt;: els punts d'interès al Maresme s'incrementen a mesura que perdem alçada. Després del Montpalau ens trobarem amb el forn de calç i el molí fariner de Can Marquès i un tram d'aqüeducte romà a tocar de la font Fresca. L'entrada a Pineda és agradable, amb tram de camí entre zona agrícola fins poc abans d'arribar a l'església de Santa Maria. 
 
 
 &lt;strong&gt;PUNTS D'INTERÈS&lt;/strong&gt; &lt;b&gt;&lt;/b&gt; &lt;u&gt;&lt;/u&gt; 
 
La travessa té diferents elements d'interès escampats durant el seu recorregut. Així mateix, no podem oblidar, com passa en les rutes que discorren pel Maresme, els mateixos nuclis de les localitats, en aquest cas, Calella i Pineda de Mar. 
 
Així, per ordre de visita, trobarem: 
 
- &lt;b&gt;Les Torretes&lt;/b&gt;: resten dempeus, tot i que malmeses, dues torres de telegrafia òptica, una al costat de l'altre, corresponent a la línia civil i militar d'aquest sistema de comunicació construït al s. XIX. No és gaire habitual trobar dues torres juntes construïdes de nou com aquí. Sovint s'aprofitaven torres de defensa o castells per instal·lar el punt d'observació. No en aquest cas, on ambdues conviuen una a tocar de l'altra. 
- &lt;u&gt;TORRE SUD&lt;/u&gt;: formava part de la línia militar que unia Barcelona i Girona. Es comunicava al sud amb la torre dels Encants (Caldetes), mentre que pel nord ho feia amb la de Blanes, situada al castell de Sant Joan. 
- &lt;u&gt;TORRE NORD&lt;/u&gt;: element de la línia civil Barcelona-La Jonquera. Al nord connectava amb la torre Montagut (Malgrat de Mar), al sud amb la torre Vella (Caldetes). 
Més informació de la telegrafia òptica a &lt;a href="https://www.coettc.info/telegrafia-optica-coettc/" target="_blank" rel="nofollow noopener"&gt;COETTC&lt;/a&gt;. 
 
- &lt;b&gt;Far de Calella&lt;/b&gt;: també conegut com a Far de Capaspre, acull el Centre d’Interpretació del Far de Calella. Va ser construït el 1859 sobre la Torreta, el punt tradicional de guaita de la localitat, i de la qual no en queden rastres. 2 € preu entrada normal. 
 
- &lt;b&gt;Sant Andreu d'Arboceda&lt;/b&gt;: la primera referència és de l'any 1079. Està situada sobre un turonet. És de planta rectangular i una sola nau, amb un edifici adossat al sud que havia estat destinat a l’habitatge de l’ermità, i amb un espaiós porxo davant la façana principal. A finals del s. XIX es va abandonar definitivament, i no ha estat recuperada fins al 2019, gràcies a l'Associació Amics Escoltes del Montnegre. 
 
- &lt;b&gt;Castell de Montpalau. 100 Cims&lt;/b&gt;: antic castell documentat del 1082 totalment enrunat, amb vestigis d'haver estat construït sobre alguna base ibèrica. La seva funció hauria estat de fortalesa, d'intimidació enfront la pagesia i control costaner, no residencial. A la part més alta es pot observar part d'una torre, ara tombada. 
 
- &lt;b&gt;Forn de Calç de Can Marquès&lt;/b&gt;: construcció excavada a nivell del sòl amb una base inferior de 3,2 m i una alçada de 5,3 m. Reconstruït el 2009. 
 
- &lt;b&gt;Molí de Can Marquès&lt;/b&gt;: antic molí fariner documentat per primer cop de l'any 1505. Utilitzava l'aigua de la riera de Pineda per a omplir la gran bassa que encara existeix per a moldre farina. El conjunt va ser restaurat el 2002. El curs de l'aigua podria ser el mateix que l'antic curs de l'antic aqüeducte romà. 
 
- &lt;b&gt;Aqüeducte romà i font del Ferro&lt;/b&gt;: restes d'un aqüeducte romà (s. II-III) que conduïa aigua fins a la vil·la romana de Can Roig, ara una masia encara existent. 
 
- &lt;b&gt;Santa Maria de Pineda&lt;/b&gt;: església parroquial. La part més antiga és la nau central que data de finals del segle XV-XVI. La façana principal, la porta lateral de Sant Joan, l'Altar Major i la capella lateral són recobertes amb esgrafiats. 
 
 
&lt;strong&gt;DIFICULTAT&lt;/strong&gt; &lt;b&gt;&lt;/b&gt; 
 
Travessa que no presenta cap dificultat. Orientació fàcil gràcies al seguiment en bona part de la ruta de senders homologats. El desnivell no és important i hi ha poques pujades sostingudes. 
 
 
&lt;strong&gt;ELS SENDERS&lt;/strong&gt; 
 
La ruta està ben senyalitzada amb indicadors verticals, tot i que no tots els senders són homologats i marcats com ho són els SL, PR o GR. 
 
Així, durant la ruta seguirem en diferents moments: 
 
 - &lt;b&gt;PR C-146 Sender de Calella a Tordera&lt;/b&gt;: seguirem bona estona aquest sender de 34 km que uneix les poblacions de Calella i Tordera per l'interior. Sortirem del seu traçat per evitar la part asfaltada que travessa la urbanització de Can Carreres. 
 
- &lt;b&gt;Eix Central del Maresme&lt;/b&gt;: camí no homologat ideat pel Consorci de Promoció Turística Costa del Maresme. Està format per 7 etapes i té 140 km de llargària. Té el seu inici a l'estació de Rodalies de Montgat i acaba a la de Malgrat, recorrent tota la comarca per l'interior. 
 
- &lt;b&gt;SL C-101 La vall de la riera de Pineda&lt;/b&gt;: sender local circular de 9,1 km amb sortida i arribada a Pineda. Envolta el cim de Montpalau. 
 
- &lt;b&gt;SL C-102 Les Torrenteres&lt;/b&gt;: sender local de 10,4 km amb inici i final a Sant Cebrià de Vallalta passant per Sant Andreu d'Arboceda i l'Era d'en Mora. 
 
 
&lt;b&gt;ELS TRENS&lt;/b&gt; 
 
Ambdues estacions són contigües i formen part de la línia de Rodalies de Catalunya que uneix Barcelona i Massanet-Massanes per la costa. Circulen nombrosos trens per direcció. 
 
- &lt;u&gt;ESTACIÓ DE SORTIDA&lt;/u&gt;: &lt;b&gt;Calella (Rodalies)&lt;/b&gt;. Va entrar en servei el 1859 quan es va ampliar la línia d'Arenys a Tordera. Hi ha una petita cafeteria al seu interior. 
 
- &lt;u&gt;ESTACIÓ D'ARRIBADA&lt;/u&gt;: &lt;b&gt;Pineda de Mar (Rodalies)&lt;/b&gt;. L'edifici dona a una ampla plaça amb bars i restaurants a tocar. 
 
Podeu consultar tots els &lt;b&gt;horaris&lt;/b&gt; a: 
 
&lt;b&gt;- &lt;a href="https://rodalies.gencat.cat/ca/inici" target="_blank" rel="nofollow noopener"&gt;Rodalies de Catalunya&lt;/a&gt;&lt;/b&gt;</cmt>
    <desc>&lt;strong&gt;LA TRAVESSA&lt;/strong&gt; &lt;b&gt;&lt;/b&gt; 
 
Atractiva ruta que ens portarà de l'estació de Calella a la de Pineda de Mar resseguint els límits del parc del Montnegre amb el PR C-146 com a fil conductor. A més a més de visitar ermites, antigues &lt;b&gt;torres de telegrafia òptica&lt;/b&gt;, un &lt;b&gt;far&lt;/b&gt; o un bocí d'un antic &lt;b&gt;aqüeducte romà&lt;/b&gt;. També ascendirem el &lt;b&gt;Montpalau&lt;/b&gt;, un cim inclòs en la llista dels &lt;b&gt;100 Cims&lt;/b&gt; de la FEEC. Des de dalt, gaudirem de magnífiques panoràmiques de la costa del Maresme i hi visitarem les restes d'un antic castell. 
 
Com totes les rutes que des de la costa del Maresme s'enlairen cap a la muntanya, el més complicat és trobar un camí agradable que no segueix en excés asfalt, tant a la pujada com a la baixada. En aquesta caminada creiem que podem estar contents que pocs carrers/urbanitzacions seguirem. 
 
Podem dividir la ruta en tres sectors: 
 
1. &lt;b&gt;L'ascens&lt;/b&gt;: en aquest tram abandonem la costa per enfilar-nos cap al Montnegre. La pujada és agradable, amb poc asfalt, resseguint la platja de Garbí de Calella i visitant punts d'interès com les Torretes, el Far de Calella o el turó de Garbí, on hi ha una antena d'AENA. 
 
2. &lt;b&gt;Recorregut per la carena&lt;/b&gt;: un cop assolim la part elevada de la muntanya continuarem elevats, però paral·lels a la costa seguint pistes boscoses que de tant en tant, quan els boscos ens ho permeten, tindrem vistes cap al Montnegre. 
En aquest tram abandonarem el PR C-146 per seguir pistes i corriols que van pel vessant nord per evitar els carrers asfaltats d'una urbanització. El recorregut s'allarga, però creiem que paga la pena sempre que es pugui, evitar el paviment dur. 
Abans d'iniciar la baixada farem el &lt;b&gt;Montpalau&lt;/b&gt;, un 100 Cims dalt del qual hi ha les restes d'un antic castell. Des de dalt es tenen magnífiques vistes de Pineda i la costa maresmenca. 
 
3. &lt;b&gt;Descens a la costa&lt;/b&gt;: els punts d'interès al Maresme s'incrementen a mesura que perdem alçada. Després del Montpalau ens trobarem amb el forn de calç i el molí fariner de Can Marquès i un tram d'aqüeducte romà a tocar de la font Fresca. L'entrada a Pineda és agradable, amb tram de camí entre zona agrícola fins poc abans d'arribar a l'església de Santa Maria. 
 
 
 &lt;strong&gt;PUNTS D'INTERÈS&lt;/strong&gt; &lt;b&gt;&lt;/b&gt; &lt;u&gt;&lt;/u&gt; 
 
La travessa té diferents elements d'interès escampats durant el seu recorregut. Així mateix, no podem oblidar, com passa en les rutes que discorren pel Maresme, els mateixos nuclis de les localitats, en aquest cas, Calella i Pineda de Mar. 
 
Així, per ordre de visita, trobarem: 
 
- &lt;b&gt;Les Torretes&lt;/b&gt;: resten dempeus, tot i que malmeses, dues torres de telegrafia òptica, una al costat de l'altre, corresponent a la línia civil i militar d'aquest sistema de comunicació construït al s. XIX. No és gaire habitual trobar dues torres juntes construïdes de nou com aquí. Sovint s'aprofitaven torres de defensa o castells per instal·lar el punt d'observació. No en aquest cas, on ambdues conviuen una a tocar de l'altra. 
- &lt;u&gt;TORRE SUD&lt;/u&gt;: formava part de la línia militar que unia Barcelona i Girona. Es comunicava al sud amb la torre dels Encants (Caldetes), mentre que pel nord ho feia amb la de Blanes, situada al castell de Sant Joan. 
- &lt;u&gt;TORRE NORD&lt;/u&gt;: element de la línia civil Barcelona-La Jonquera. Al nord connectava amb la torre Montagut (Malgrat de Mar), al sud amb la torre Vella (Caldetes). 
Més informació de la telegrafia òptica a &lt;a href="https://www.coettc.info/telegrafia-optica-coettc/" target="_blank" rel="nofollow noopener"&gt;COETTC&lt;/a&gt;. 
 
- &lt;b&gt;Far de Calella&lt;/b&gt;: també conegut com a Far de Capaspre, acull el Centre d’Interpretació del Far de Calella. Va ser construït el 1859 sobre la Torreta, el punt tradicional de guaita de la localitat, i de la qual no en queden rastres. 2 € preu entrada normal. 
 
- &lt;b&gt;Sant Andreu d'Arboceda&lt;/b&gt;: la primera referència és de l'any 1079. Està situada sobre un turonet. És de planta rectangular i una sola nau, amb un edifici adossat al sud que havia estat destinat a l’habitatge de l’ermità, i amb un espaiós porxo davant la façana principal. A finals del s. XIX es va abandonar definitivament, i no ha estat recuperada fins al 2019, gràcies a l'Associació Amics Escoltes del Montnegre. 
 
- &lt;b&gt;Castell de Montpalau. 100 Cims&lt;/b&gt;: antic castell documentat del 1082 totalment enrunat, amb vestigis d'haver estat construït sobre alguna base ibèrica. La seva funció hauria estat de fortalesa, d'intimidació enfront la pagesia i control costaner, no residencial. A la part més alta es pot observar part d'una torre, ara tombada. 
 
- &lt;b&gt;Forn de Calç de Can Marquès&lt;/b&gt;: construcció excavada a nivell del sòl amb una base inferior de 3,2 m i una alçada de 5,3 m. Reconstruït el 2009. 
 
- &lt;b&gt;Molí de Can Marquès&lt;/b&gt;: antic molí fariner documentat per primer cop de l'any 1505. Utilitzava l'aigua de la riera de Pineda per a omplir la gran bassa que encara existeix per a moldre farina. El conjunt va ser restaurat el 2002. El curs de l'aigua podria ser el mateix que l'antic curs de l'antic aqüeducte romà. 
 
- &lt;b&gt;Aqüeducte romà i font del Ferro&lt;/b&gt;: restes d'un aqüeducte romà (s. II-III) que conduïa aigua fins a la vil·la romana de Can Roig, ara una masia encara existent. 
 
- &lt;b&gt;Santa Maria de Pineda&lt;/b&gt;: església parroquial. La part més antiga és la nau central que data de finals del segle XV-XVI. La façana principal, la porta lateral de Sant Joan, l'Altar Major i la capella lateral són recobertes amb esgrafiats. 
 
 
&lt;strong&gt;DIFICULTAT&lt;/strong&gt; &lt;b&gt;&lt;/b&gt; 
 
Travessa que no presenta cap dificultat. Orientació fàcil gràcies al seguiment en bona part de la ruta de senders homologats. El desnivell no és important i hi ha poques pujades sostingudes. 
 
 
&lt;strong&gt;ELS SENDERS&lt;/strong&gt; 
 
La ruta està ben senyalitzada amb indicadors verticals, tot i que no tots els senders són homologats i marcats com ho són els SL, PR o GR. 
 
Així, durant la ruta seguirem en diferents moments: 
 
 - &lt;b&gt;PR C-146 Sender de Calella a Tordera&lt;/b&gt;: seguirem bona estona aquest sender de 34 km que uneix les poblacions de Calella i Tordera per l'interior. Sortirem del seu traçat per evitar la part asfaltada que travessa la urbanització de Can Carreres. 
 
- &lt;b&gt;Eix Central del Maresme&lt;/b&gt;: camí no homologat ideat pel Consorci de Promoció Turística Costa del Maresme. Està format per 7 etapes i té 140 km de llargària. Té el seu inici a l'estació de Rodalies de Montgat i acaba a la de Malgrat, recorrent tota la comarca per l'interior. 
 
- &lt;b&gt;SL C-101 La vall de la riera de Pineda&lt;/b&gt;: sender local circular de 9,1 km amb sortida i arribada a Pineda. Envolta el cim de Montpalau. 
 
- &lt;b&gt;SL C-102 Les Torrenteres&lt;/b&gt;: sender local de 10,4 km amb inici i final a Sant Cebrià de Vallalta passant per Sant Andreu d'Arboceda i l'Era d'en Mora. 
 
 
&lt;b&gt;ELS TRENS&lt;/b&gt; 
 
Ambdues estacions són contigües i formen part de la línia de Rodalies de Catalunya que uneix Barcelona i Massanet-Massanes per la costa. Circulen nombrosos trens per direcció. 
 
- &lt;u&gt;ESTACIÓ DE SORTIDA&lt;/u&gt;: &lt;b&gt;Calella (Rodalies)&lt;/b&gt;. Va entrar en servei el 1859 quan es va ampliar la línia d'Arenys a Tordera. Hi ha una petita cafeteria al seu interior. 
 
- &lt;u&gt;ESTACIÓ D'ARRIBADA&lt;/u&gt;: &lt;b&gt;Pineda de Mar (Rodalies)&lt;/b&gt;. L'edifici dona a una ampla plaça amb bars i restaurants a tocar. 
 
Podeu consultar tots els &lt;b&gt;horaris&lt;/b&gt; a: 
 
&lt;b&gt;- &lt;a href="https://rodalies.gencat.cat/ca/inici" target="_blank" rel="nofollow noopener"&gt;Rodalies de Catalunya&lt;/a&gt;&lt;/b&gt;</desc>
    <trkseg>
      <trkpt lat="41.614568" lon="2.665472">
        <ele>7.739</ele>
        <time>2026-05-09T12:26:07.849610199Z</time>
      </trkpt>
      <trkpt lat="41.614534" lon="2.665408">
        <ele>7.901</ele>
        <time>2026-05-09T12:26:47.849624977Z</time>
      </trkpt>
      <trkpt lat="41.614523" lon="2.665371">
        <ele>7.921</ele>
        <time>2026-05-09T12:27:27.849633673Z</time>
      </trkpt>
      <trkpt lat="41.614511" lon="2.665338">
        <ele>8.009</ele>
        <time>2026-05-09T12:28:07.849641618Z</time>
      </trkpt>
      <trkpt lat="41.614487" lon="2.665286">
        <ele>8.174</ele>
        <time>2026-05-09T12:28:47.849649363Z</time>
      </trkpt>
      <trkpt lat="41.614466" lon="2.665245">
        <ele>8.262</ele>
        <time>2026-05-09T12:29:27.849656256Z</time>
      </trkpt>
      <trkpt lat="41.614445" lon="2.665221">
        <ele>8.280</ele>
        <time>2026-05-09T12:30:07.849663179Z</time>
      </trkpt>
      <trkpt lat="41.614406" lon="2.665181">
        <ele>8.229</ele>
        <time>2026-05-09T12:30:47.849670102Z</time>
      </trkpt>
      <trkpt lat="41.614394" lon="2.665144">
        <ele>8.227</ele>
        <time>2026-05-09T12:31:27.849677085Z</time>
      </trkpt>
      <trkpt lat="41.614379" lon="2.665109">
        <ele>8.213</ele>
        <time>2026-05-09T12:32:07.849683947Z</time>
      </trkpt>
      <trkpt lat="41.614368" lon="2.665074">
        <ele>8.364</ele>
        <time>2026-05-09T12:32:47.849690890Z</time>
      </trkpt>
      <trkpt lat="41.614361" lon="2.665032">
        <ele>8.378</ele>
        <time>2026-05-09T12:33:27.849697693Z</time>
      </trkpt>
      <trkpt lat="41.614334" lon="2.664966">
        <ele>8.391</ele>
        <time>2026-05-09T12:34:07.849712471Z</time>
      </trkpt>
      <trkpt lat="41.614318" lon="2.664901">
        <ele>8.358</ele>
        <time>2026-05-09T12:34:47.849719654Z</time>
      </trkpt>
      <trkpt lat="41.614292" lon="2.664844">
        <ele>8.252</ele>
        <time>2026-05-09T12:35:27.849726818Z</time>
      </trkpt>
      <trkpt lat="41.614280" lon="2.664807">
        <ele>8.217</ele>
        <time>2026-05-09T12:36:07.849733751Z</time>
      </trkpt>
      <trkpt lat="41.614266" lon="2.664773">
        <ele>8.209</ele>
        <time>2026-05-09T12:36:47.849740864Z</time>
      </trkpt>
      <trkpt lat="41.614251" lon="2.664737">
        <ele>8.386</ele>
        <time>2026-05-09T12:37:27.849747747Z</time>
      </trkpt>
      <trkpt lat="41.614238" lon="2.664704">
        <ele>8.354</ele>
        <time>2026-05-09T12:38:07.849754940Z</time>
      </trkpt>
      <trkpt lat="41.614223" lon="2.664670">
        <ele>8.462</ele>
        <time>2026-05-09T12:38:47.849761994Z</time>
      </trkpt>
      <trkpt lat="41.614209" lon="2.664625">
        <ele>8.511</ele>
        <time>2026-05-09T12:39:27.849768997Z</time>
      </trkpt>
      <trkpt lat="41.614200" lon="2.664585">
        <ele>8.619</ele>
        <time>2026-05-09T12:40:07.849775960Z</time>
      </trkpt>
      <trkpt lat="41.614172" lon="2.664520">
        <ele>8.735</ele>
        <time>2026-05-09T12:40:47.849782863Z</time>
      </trkpt>
      <trkpt lat="41.614158" lon="2.664486">
        <ele>8.846</ele>
        <time>2026-05-09T12:41:27.849789806Z</time>
      </trkpt>
      <trkpt lat="41.614136" lon="2.664413">
        <ele>8.960</ele>
        <time>2026-05-09T12:42:07.849796688Z</time>
      </trkpt>
      <trkpt lat="41.614122" lon="2.664373">
        <ele>9.063</ele>
        <time>2026-05-09T12:42:47.849803601Z</time>
      </trkpt>
      <trkpt lat="41.614108" lon="2.664337">
        <ele>9.084</ele>
        <time>2026-05-09T12:43:27.849810554Z</time>
      </trkpt>
      <trkpt lat="41.614097" lon="2.664302">
        <ele>9.107</ele>
        <time>2026-05-09T12:44:07.849817417Z</time>
      </trkpt>
      <trkpt lat="41.614085" lon="2.664266">
        <ele>9.217</ele>
        <time>2026-05-09T12:44:47.849824240Z</time>
      </trkpt>
      <trkpt lat="41.614074" lon="2.664230">
        <ele>9.409</ele>
        <time>2026-05-09T12:45:27.849831053Z</time>
      </trkpt>
      <trkpt lat="41.614062" lon="2.664194">
        <ele>9.539</ele>
        <time>2026-05-09T12:46:07.849837876Z</time>
      </trkpt>
      <trkpt lat="41.614050" lon="2.664157">
        <ele>9.627</ele>
        <time>2026-05-09T12:46:47.849844708Z</time>
      </trkpt>
      <trkpt lat="41.614021" lon="2.664100">
        <ele>9.725</ele>
        <time>2026-05-09T12:47:27.849851531Z</time>
      </trkpt>
      <trkpt lat="41.614014" lon="2.664055">
        <ele>9.934</ele>
        <time>2026-05-09T12:48:07.849858514Z</time>
      </trkpt>
      <trkpt lat="41.614001" lon="2.664017">
        <ele>9.942</ele>
        <time>2026-05-09T12:48:47.849865467Z</time>
      </trkpt>
      <trkpt lat="41.613987" lon="2.663982">
        <ele>10.078</ele>
        <time>2026-05-09T12:49:27.849872560Z</time>
      </trkpt>
      <trkpt lat="41.613977" lon="2.663943">
        <ele>10.179</ele>
        <time>2026-05-09T12:50:07.849879784Z</time>
      </trkpt>
      <trkpt lat="41.613964" lon="2.663911">
        <ele>10.223</ele>
        <time>2026-05-09T12:50:47.849886887Z</time>
      </trkpt>
      <trkpt lat="41.613932" lon="2.663857">
        <ele>10.296</ele>
        <time>2026-05-09T12:51:27.849901515Z</time>
      </trkpt>
      <trkpt lat="41.613895" lon="2.663855">
        <ele>10.063</ele>
        <time>2026-05-09T12:52:07.849908638Z</time>
      </trkpt>
      <trkpt lat="41.613849" lon="2.663895">
        <ele>9.744</ele>
        <time>2026-05-09T12:52:47.849915651Z</time>
      </trkpt>
      <trkpt lat="41.613819" lon="2.663913">
        <ele>9.418</ele>
        <time>2026-05-09T12:53:27.849922604Z</time>
      </trkpt>
      <trkpt lat="41.613777" lon="2.663935">
        <ele>9.009</ele>
        <time>2026-05-09T12:54:07.849929527Z</time>
      </trkpt>
      <trkpt lat="41.613732" lon="2.663898">
        <ele>8.867</ele>
        <time>2026-05-09T12:54:47.849936420Z</time>
      </trkpt>
      <trkpt lat="41.613716" lon="2.663867">
        <ele>8.825</ele>
        <time>2026-05-09T12:55:27.849943293Z</time>
      </trkpt>
      <trkpt lat="41.613700" lon="2.663833">
        <ele>8.653</ele>
        <time>2026-05-09T12:56:07.849950186Z</time>
      </trkpt>
      <trkpt lat="41.613682" lon="2.663803">
        <ele>8.552</ele>
        <time>2026-05-09T12:56:47.849957029Z</time>
      </trkpt>
      <trkpt lat="41.613672" lon="2.663769">
        <ele>8.410</ele>
        <time>2026-05-09T12:57:27.849963921Z</time>
      </trkpt>
      <trkpt lat="41.613661" lon="2.663734">
        <ele>8.496</ele>
        <time>2026-05-09T12:58:07.849970774Z</time>
      </trkpt>
      <trkpt lat="41.613636" lon="2.663666">
        <ele>8.237</ele>
        <time>2026-05-09T12:58:47.849977657Z</time>
      </trkpt>
      <trkpt lat="41.613621" lon="2.663627">
        <ele>8.131</ele>
        <time>2026-05-09T12:59:27.849984500Z</time>
      </trkpt>
      <trkpt lat="41.613609" lon="2.663568">
        <ele>8.154</ele>
        <time>2026-05-09T13:00:07.849991353Z</time>
      </trkpt>
      <trkpt lat="41.613592" lon="2.663515">
        <ele>8.236</ele>
        <time>2026-05-09T13:00:47.849998256Z</time>
      </trkpt>
      <trkpt lat="41.613578" lon="2.663461">
        <ele>8.317</ele>
        <time>2026-05-09T13:01:27.850005259Z</time>
      </trkpt>
      <trkpt lat="41.613567" lon="2.663426">
        <ele>8.318</ele>
        <time>2026-05-09T13:02:07.850012112Z</time>
      </trkpt>
      <trkpt lat="41.613556" lon="2.663386">
        <ele>8.409</ele>
        <time>2026-05-09T13:02:47.850019035Z</time>
      </trkpt>
      <trkpt lat="41.613545" lon="2.663344">
        <ele>8.514</ele>
        <time>2026-05-09T13:03:27.850025867Z</time>
      </trkpt>
      <trkpt lat="41.613534" lon="2.663309">
        <ele>8.652</ele>
        <time>2026-05-09T13:04:07.850032740Z</time>
      </trkpt>
      <trkpt lat="41.613519" lon="2.663244">
        <ele>9.180</ele>
        <time>2026-05-09T13:04:47.850039683Z</time>
      </trkpt>
      <trkpt lat="41.613498" lon="2.663190">
        <ele>9.439</ele>
        <time>2026-05-09T13:05:27.850046526Z</time>
      </trkpt>
      <trkpt lat="41.613485" lon="2.663146">
        <ele>9.717</ele>
        <time>2026-05-09T13:06:07.850053429Z</time>
      </trkpt>
      <trkpt lat="41.613472" lon="2.663111">
        <ele>10.073</ele>
        <time>2026-05-09T13:06:47.850060362Z</time>
      </trkpt>
      <trkpt lat="41.613458" lon="2.663057">
        <ele>10.434</ele>
        <time>2026-05-09T13:07:27.850067505Z</time>
      </trkpt>
      <trkpt lat="41.613443" lon="2.663025">
        <ele>10.628</ele>
        <time>2026-05-09T13:08:07.850074458Z</time>
      </trkpt>
      <trkpt lat="41.613431" lon="2.662975">
        <ele>10.881</ele>
        <time>2026-05-09T13:08:47.850081772Z</time>
      </trkpt>
      <trkpt lat="41.613412" lon="2.662922">
        <ele>11.156</ele>
        <time>2026-05-09T13:09:27.850089757Z</time>
      </trkpt>
      <trkpt lat="41.613396" lon="2.662873">
        <ele>11.459</ele>
        <time>2026-05-09T13:10:07.850096880Z</time>
      </trkpt>
      <trkpt lat="41.613378" lon="2.662807">
        <ele>11.814</ele>
        <time>2026-05-09T13:10:47.850103943Z</time>
      </trkpt>
      <trkpt lat="41.613362" lon="2.662770">
        <ele>12.009</ele>
        <time>2026-05-09T13:11:27.850111067Z</time>
      </trkpt>
      <trkpt lat="41.613345" lon="2.662714">
        <ele>11.846</ele>
        <time>2026-05-09T13:12:07.850118150Z</time>
      </trkpt>
      <trkpt lat="41.613332" lon="2.662674">
        <ele>11.674</ele>
        <time>2026-05-09T13:12:47.850125033Z</time>
      </trkpt>
      <trkpt lat="41.613311" lon="2.662609">
        <ele>11.492</ele>
        <time>2026-05-09T13:13:27.850131856Z</time>
      </trkpt>
      <trkpt lat="41.613294" lon="2.662558">
        <ele>11.271</ele>
        <time>2026-05-09T13:14:07.850145371Z</time>
      </trkpt>
      <trkpt lat="41.613280" lon="2.662518">
        <ele>11.179</ele>
        <time>2026-05-09T13:14:47.850152374Z</time>
      </trkpt>
      <trkpt lat="41.613267" lon="2.662483">
        <ele>10.915</ele>
        <time>2026-05-09T13:15:27.850159267Z</time>
      </trkpt>
      <trkpt lat="41.613251" lon="2.662446">
        <ele>10.846</ele>
        <time>2026-05-09T13:16:07.850166140Z</time>
      </trkpt>
      <trkpt lat="41.613237" lon="2.662404">
        <ele>10.750</ele>
        <time>2026-05-09T13:16:47.850173073Z</time>
      </trkpt>
      <trkpt lat="41.613224" lon="2.662352">
        <ele>10.563</ele>
        <time>2026-05-09T13:17:27.850179986Z</time>
      </trkpt>
      <trkpt lat="41.613211" lon="2.662309">
        <ele>10.373</ele>
        <time>2026-05-09T13:18:07.850186989Z</time>
      </trkpt>
      <trkpt lat="41.613198" lon="2.662275">
        <ele>10.285</ele>
        <time>2026-05-09T13:18:47.850193972Z</time>
      </trkpt>
      <trkpt lat="41.613183" lon="2.662228">
        <ele>10.013</ele>
        <time>2026-05-09T13:19:27.850200835Z</time>
      </trkpt>
      <trkpt lat="41.613163" lon="2.662150">
        <ele>10.009</ele>
        <time>2026-05-09T13:20:07.850207778Z</time>
      </trkpt>
      <trkpt lat="41.613151" lon="2.662111">
        <ele>10.088</ele>
        <time>2026-05-09T13:20:47.850214671Z</time>
      </trkpt>
      <trkpt lat="41.613135" lon="2.662054">
        <ele>10.016</ele>
        <time>2026-05-09T13:21:27.850221493Z</time>
      </trkpt>
      <trkpt lat="41.613114" lon="2.661994">
        <ele>10.054</ele>
        <time>2026-05-09T13:22:07.850228406Z</time>
      </trkpt>
      <trkpt lat="41.613082" lon="2.661917">
        <ele>10.193</ele>
        <time>2026-05-09T13:22:47.850235289Z</time>
      </trkpt>
      <trkpt lat="41.613074" lon="2.661879">
        <ele>10.271</ele>
        <time>2026-05-09T13:23:27.850242172Z</time>
      </trkpt>
      <trkpt lat="41.613050" lon="2.661819">
        <ele>10.487</ele>
        <time>2026-05-09T13:24:07.850249055Z</time>
      </trkpt>
      <trkpt lat="41.613036" lon="2.661783">
        <ele>10.538</ele>
        <time>2026-05-09T13:24:47.850256088Z</time>
      </trkpt>
      <trkpt lat="41.613020" lon="2.661731">
        <ele>10.672</ele>
        <time>2026-05-09T13:25:27.850262931Z</time>
      </trkpt>
      <trkpt lat="41.613009" lon="2.661694">
        <ele>10.785</ele>
        <time>2026-05-09T13:26:07.850269744Z</time>
      </trkpt>
      <trkpt lat="41.612995" lon="2.661658">
        <ele>10.877</ele>
        <time>2026-05-09T13:26:47.850276717Z</time>
      </trkpt>
      <trkpt lat="41.612980" lon="2.661614">
        <ele>10.861</ele>
        <time>2026-05-09T13:27:27.850283650Z</time>
      </trkpt>
      <trkpt lat="41.612962" lon="2.661550">
        <ele>10.827</ele>
        <time>2026-05-09T13:28:07.850290563Z</time>
      </trkpt>
      <trkpt lat="41.612948" lon="2.661501">
        <ele>10.809</ele>
        <time>2026-05-09T13:28:47.850297456Z</time>
      </trkpt>
      <trkpt lat="41.612933" lon="2.661464">
        <ele>10.928</ele>
        <time>2026-05-09T13:29:27.850304349Z</time>
      </trkpt>
      <trkpt lat="41.612919" lon="2.661426">
        <ele>10.976</ele>
        <time>2026-05-09T13:30:07.850311312Z</time>
      </trkpt>
      <trkpt lat="41.612903" lon="2.661376">
        <ele>11.194</ele>
        <time>2026-05-09T13:30:47.850318154Z</time>
      </trkpt>
      <trkpt lat="41.612888" lon="2.661334">
        <ele>11.313</ele>
        <time>2026-05-09T13:31:27.850325027Z</time>
      </trkpt>
      <trkpt lat="41.612869" lon="2.661273">
        <ele>11.681</ele>
        <time>2026-05-09T13:32:07.850331840Z</time>
      </trkpt>
      <trkpt lat="41.612850" lon="2.661225">
        <ele>11.777</ele>
        <time>2026-05-09T13:32:47.850338763Z</time>
      </trkpt>
      <trkpt lat="41.612840" lon="2.661187">
        <ele>11.988</ele>
        <time>2026-05-09T13:33:27.850345576Z</time>
      </trkpt>
      <trkpt lat="41.612821" lon="2.661127">
        <ele>12.112</ele>
        <time>2026-05-09T13:34:07.850352449Z</time>
      </trkpt>
      <trkpt lat="41.612801" lon="2.661074">
        <ele>12.295</ele>
        <time>2026-05-09T13:34:47.850359351Z</time>
      </trkpt>
      <trkpt lat="41.612779" lon="2.661003">
        <ele>12.466</ele>
        <time>2026-05-09T13:35:27.850366284Z</time>
      </trkpt>
      <trkpt lat="41.612759" lon="2.660945">
        <ele>12.529</ele>
        <time>2026-05-09T13:36:07.850373147Z</time>
      </trkpt>
      <trkpt lat="41.612740" lon="2.660887">
        <ele>12.721</ele>
        <time>2026-05-09T13:36:47.850380060Z</time>
      </trkpt>
      <trkpt lat="41.612719" lon="2.660830">
        <ele>12.809</ele>
        <time>2026-05-09T13:37:27.850386963Z</time>
      </trkpt>
      <trkpt lat="41.612707" lon="2.660791">
        <ele>12.787</ele>
        <time>2026-05-09T13:38:07.850393846Z</time>
      </trkpt>
      <trkpt lat="41.612692" lon="2.660756">
        <ele>12.725</ele>
        <time>2026-05-09T13:38:47.850400729Z</time>
      </trkpt>
      <trkpt lat="41.612678" lon="2.660718">
        <ele>12.613</ele>
        <time>2026-05-09T13:39:27.850407562Z</time>
      </trkpt>
      <trkpt lat="41.612674" lon="2.660682">
        <ele>12.692</ele>
        <time>2026-05-09T13:40:07.850414415Z</time>
      </trkpt>
      <trkpt lat="41.612657" lon="2.660626">
        <ele>12.630</ele>
        <time>2026-05-09T13:40:47.850421257Z</time>
      </trkpt>
      <trkpt lat="41.612628" lon="2.660555">
        <ele>12.596</ele>
        <time>2026-05-09T13:41:27.850428050Z</time>
      </trkpt>
      <trkpt lat="41.612611" lon="2.660499">
        <ele>12.537</ele>
        <time>2026-05-09T13:42:07.850440844Z</time>
      </trkpt>
      <trkpt lat="41.612593" lon="2.660442">
        <ele>12.561</ele>
        <time>2026-05-09T13:42:47.850447867Z</time>
      </trkpt>
      <trkpt lat="41.612579" lon="2.660409">
        <ele>12.454</ele>
        <time>2026-05-09T13:43:27.850454710Z</time>
      </trkpt>
      <trkpt lat="41.612562" lon="2.660355">
        <ele>12.436</ele>
        <time>2026-05-09T13:44:07.850461823Z</time>
      </trkpt>
      <trkpt lat="41.612544" lon="2.660299">
        <ele>12.317</ele>
        <time>2026-05-09T13:44:47.850468736Z</time>
      </trkpt>
      <trkpt lat="41.612517" lon="2.660210">
        <ele>12.418</ele>
        <time>2026-05-09T13:45:27.850475699Z</time>
      </trkpt>
      <trkpt lat="41.612496" lon="2.660145">
        <ele>12.409</ele>
        <time>2026-05-09T13:46:07.850482542Z</time>
      </trkpt>
      <trkpt lat="41.612473" lon="2.660072">
        <ele>12.444</ele>
        <time>2026-05-09T13:46:47.850489595Z</time>
      </trkpt>
      <trkpt lat="41.612450" lon="2.660003">
        <ele>12.392</ele>
        <time>2026-05-09T13:47:27.850496458Z</time>
      </trkpt>
      <trkpt lat="41.612424" lon="2.659941">
        <ele>12.080</ele>
        <time>2026-05-09T13:48:07.850503401Z</time>
      </trkpt>
      <trkpt lat="41.612412" lon="2.659907">
        <ele>11.839</ele>
        <time>2026-05-09T13:48:47.850510284Z</time>
      </trkpt>
      <trkpt lat="41.612400" lon="2.659873">
        <ele>11.737</ele>
        <time>2026-05-09T13:49:27.850517117Z</time>
      </trkpt>
      <trkpt lat="41.612376" lon="2.659800">
        <ele>11.563</ele>
        <time>2026-05-09T13:50:07.850524070Z</time>
      </trkpt>
      <trkpt lat="41.612356" lon="2.659735">
        <ele>11.414</ele>
        <time>2026-05-09T13:50:47.850530953Z</time>
      </trkpt>
      <trkpt lat="41.612341" lon="2.659683">
        <ele>11.448</ele>
        <time>2026-05-09T13:51:27.850537835Z</time>
      </trkpt>
      <trkpt lat="41.612328" lon="2.659641">
        <ele>11.321</ele>
        <time>2026-05-09T13:52:07.850544698Z</time>
      </trkpt>
      <trkpt lat="41.612309" lon="2.659599">
        <ele>11.218</ele>
        <time>2026-05-09T13:52:47.850551772Z</time>
      </trkpt>
      <trkpt lat="41.612295" lon="2.659546">
        <ele>11.398</ele>
        <time>2026-05-09T13:53:27.850564636Z</time>
      </trkpt>
      <trkpt lat="41.612281" lon="2.659511">
        <ele>11.217</ele>
        <time>2026-05-09T13:54:07.850571789Z</time>
      </trkpt>
      <trkpt lat="41.612267" lon="2.659474">
        <ele>11.209</ele>
        <time>2026-05-09T13:54:47.850578762Z</time>
      </trkpt>
      <trkpt lat="41.612258" lon="2.659433">
        <ele>11.212</ele>
        <time>2026-05-09T13:55:27.850585715Z</time>
      </trkpt>
      <trkpt lat="41.612249" lon="2.659397">
        <ele>11.070</ele>
        <time>2026-05-09T13:56:07.850592648Z</time>
      </trkpt>
      <trkpt lat="41.612237" lon="2.659363">
        <ele>10.848</ele>
        <time>2026-05-09T13:56:47.850599481Z</time>
      </trkpt>
      <trkpt lat="41.612227" lon="2.659323">
        <ele>10.697</ele>
        <time>2026-05-09T13:57:27.850606404Z</time>
      </trkpt>
      <trkpt lat="41.612217" lon="2.659282">
        <ele>10.465</ele>
        <time>2026-05-09T13:58:07.850613247Z</time>
      </trkpt>
      <trkpt lat="41.612205" lon="2.659239">
        <ele>10.181</ele>
        <time>2026-05-09T13:58:47.850620150Z</time>
      </trkpt>
      <trkpt lat="41.612192" lon="2.659199">
        <ele>9.972</ele>
        <time>2026-05-09T13:59:27.850627423Z</time>
      </trkpt>
      <trkpt lat="41.612183" lon="2.659163">
        <ele>9.776</ele>
        <time>2026-05-09T14:00:07.850634376Z</time>
      </trkpt>
      <trkpt lat="41.612170" lon="2.659129">
        <ele>9.859</ele>
        <time>2026-05-09T14:00:47.850641279Z</time>
      </trkpt>
      <trkpt lat="41.612160" lon="2.659095">
        <ele>9.813</ele>
        <time>2026-05-09T14:01:27.850648262Z</time>
      </trkpt>
      <trkpt lat="41.612149" lon="2.659054">
        <ele>9.943</ele>
        <time>2026-05-09T14:02:07.850655155Z</time>
      </trkpt>
      <trkpt lat="41.612138" lon="2.659015">
        <ele>9.907</ele>
        <time>2026-05-09T14:02:47.850662078Z</time>
      </trkpt>
      <trkpt lat="41.612119" lon="2.658946">
        <ele>10.109</ele>
        <time>2026-05-09T14:03:27.850669031Z</time>
      </trkpt>
      <trkpt lat="41.612100" lon="2.658877">
        <ele>10.292</ele>
        <time>2026-05-09T14:04:07.850675924Z</time>
      </trkpt>
      <trkpt lat="41.612089" lon="2.658834">
        <ele>10.320</ele>
        <time>2026-05-09T14:04:47.850682827Z</time>
      </trkpt>
      <trkpt lat="41.612081" lon="2.658798">
        <ele>10.558</ele>
        <time>2026-05-09T14:05:27.850689680Z</time>
      </trkpt>
      <trkpt lat="41.612058" lon="2.658723">
        <ele>10.847</ele>
        <time>2026-05-09T14:06:07.850696553Z</time>
      </trkpt>
      <trkpt lat="41.612050" lon="2.658688">
        <ele>10.975</ele>
        <time>2026-05-09T14:06:47.850703415Z</time>
      </trkpt>
      <trkpt lat="41.612041" lon="2.658646">
        <ele>11.111</ele>
        <time>2026-05-09T14:07:27.850710288Z</time>
      </trkpt>
      <trkpt lat="41.612035" lon="2.658602">
        <ele>11.362</ele>
        <time>2026-05-09T14:08:07.850717141Z</time>
      </trkpt>
      <trkpt lat="41.612024" lon="2.658567">
        <ele>11.236</ele>
        <time>2026-05-09T14:08:47.850724064Z</time>
      </trkpt>
      <trkpt lat="41.612013" lon="2.658530">
        <ele>11.059</ele>
        <time>2026-05-09T14:09:27.850730947Z</time>
      </trkpt>
      <trkpt lat="41.611990" lon="2.658457">
        <ele>10.714</ele>
        <time>2026-05-09T14:10:07.850738030Z</time>
      </trkpt>
      <trkpt lat="41.611979" lon="2.658416">
        <ele>10.554</ele>
        <time>2026-05-09T14:10:47.850744933Z</time>
      </trkpt>
      <trkpt lat="41.611971" lon="2.658376">
        <ele>10.309</ele>
        <time>2026-05-09T14:11:27.850751916Z</time>
      </trkpt>
      <trkpt lat="41.611959" lon="2.658336">
        <ele>10.109</ele>
        <time>2026-05-09T14:12:07.850758779Z</time>
      </trkpt>
      <trkpt lat="41.611946" lon="2.658295">
        <ele>10.062</ele>
        <time>2026-05-09T14:12:47.850765632Z</time>
      </trkpt>
      <trkpt lat="41.611938" lon="2.658258">
        <ele>10.090</ele>
        <time>2026-05-09T14:13:27.850772495Z</time>
      </trkpt>
      <trkpt lat="41.611931" lon="2.658223">
        <ele>9.948</ele>
        <time>2026-05-09T14:14:07.850779378Z</time>
      </trkpt>
      <trkpt lat="41.611922" lon="2.658185">
        <ele>9.927</ele>
        <time>2026-05-09T14:14:47.850786190Z</time>
      </trkpt>
      <trkpt lat="41.611910" lon="2.658146">
        <ele>9.875</ele>
        <time>2026-05-09T14:15:27.850793203Z</time>
      </trkpt>
      <trkpt lat="41.611898" lon="2.658105">
        <ele>9.881</ele>
        <time>2026-05-09T14:16:07.850800176Z</time>
      </trkpt>
      <trkpt lat="41.611889" lon="2.658066">
        <ele>9.892</ele>
        <time>2026-05-09T14:16:47.850806989Z</time>
      </trkpt>
      <trkpt lat="41.611881" lon="2.658026">
        <ele>9.836</ele>
        <time>2026-05-09T14:17:27.850813812Z</time>
      </trkpt>
      <trkpt lat="41.611869" lon="2.657983">
        <ele>9.839</ele>
        <time>2026-05-09T14:18:07.850820645Z</time>
      </trkpt>
      <trkpt lat="41.611863" lon="2.657946">
        <ele>9.819</ele>
        <time>2026-05-09T14:18:47.850827628Z</time>
      </trkpt>
      <trkpt lat="41.611852" lon="2.657907">
        <ele>9.809</ele>
        <time>2026-05-09T14:19:27.850834491Z</time>
      </trkpt>
      <trkpt lat="41.611840" lon="2.657871">
        <ele>9.919</ele>
        <time>2026-05-09T14:20:07.850841524Z</time>
      </trkpt>
      <trkpt lat="41.611832" lon="2.657833">
        <ele>9.909</ele>
        <time>2026-05-09T14:20:47.850848387Z</time>
      </trkpt>
      <trkpt lat="41.611823" lon="2.657793">
        <ele>10.042</ele>
        <time>2026-05-09T14:21:27.850855330Z</time>
      </trkpt>
      <trkpt lat="41.611816" lon="2.657755">
        <ele>10.160</ele>
        <time>2026-05-09T14:22:07.850862172Z</time>
      </trkpt>
      <trkpt lat="41.611805" lon="2.657716">
        <ele>10.318</ele>
        <time>2026-05-09T14:22:47.850869105Z</time>
      </trkpt>
      <trkpt lat="41.611797" lon="2.657680">
        <ele>10.537</ele>
        <time>2026-05-09T14:23:27.850876038Z</time>
      </trkpt>
      <trkpt lat="41.611788" lon="2.657644">
        <ele>10.825</ele>
        <time>2026-05-09T14:24:07.850882951Z</time>
      </trkpt>
      <trkpt lat="41.611780" lon="2.657604">
        <ele>11.041</ele>
        <time>2026-05-09T14:24:47.850889934Z</time>
      </trkpt>
      <trkpt lat="41.611768" lon="2.657568">
        <ele>11.212</ele>
        <time>2026-05-09T14:25:27.850896817Z</time>
      </trkpt>
      <trkpt lat="41.611759" lon="2.657531">
        <ele>11.546</ele>
        <time>2026-05-09T14:26:07.850903720Z</time>
      </trkpt>
      <trkpt lat="41.611750" lon="2.657495">
        <ele>11.799</ele>
        <time>2026-05-09T14:26:47.850910573Z</time>
      </trkpt>
      <trkpt lat="41.611733" lon="2.657427">
        <ele>12.029</ele>
        <time>2026-05-09T14:27:27.850917466Z</time>
      </trkpt>
      <trkpt lat="41.611725" lon="2.657387">
        <ele>12.200</ele>
        <time>2026-05-09T14:28:07.850924409Z</time>
      </trkpt>
      <trkpt lat="41.611719" lon="2.657348">
        <ele>12.420</ele>
        <time>2026-05-09T14:28:47.850931432Z</time>
      </trkpt>
      <trkpt lat="41.611712" lon="2.657311">
        <ele>12.509</ele>
        <time>2026-05-09T14:29:27.850938295Z</time>
      </trkpt>
      <trkpt lat="41.611703" lon="2.657276">
        <ele>12.753</ele>
        <time>2026-05-09T14:30:07.850945208Z</time>
      </trkpt>
      <trkpt lat="41.611685" lon="2.657207">
        <ele>12.941</ele>
        <time>2026-05-09T14:30:47.850952081Z</time>
      </trkpt>
      <trkpt lat="41.611678" lon="2.657170">
        <ele>13.019</ele>
        <time>2026-05-09T14:31:27.850958944Z</time>
      </trkpt>
      <trkpt lat="41.611667" lon="2.657133">
        <ele>13.018</ele>
        <time>2026-05-09T14:32:07.850965696Z</time>
      </trkpt>
      <trkpt lat="41.611659" lon="2.657097">
        <ele>12.846</ele>
        <time>2026-05-09T14:32:47.850972519Z</time>
      </trkpt>
      <trkpt lat="41.611651" lon="2.657062">
        <ele>12.752</ele>
        <time>2026-05-09T14:33:27.850985543Z</time>
      </trkpt>
      <trkpt lat="41.611641" lon="2.657027">
        <ele>12.683</ele>
        <time>2026-05-09T14:34:07.850992446Z</time>
      </trkpt>
      <trkpt lat="41.611630" lon="2.656991">
        <ele>12.757</ele>
        <time>2026-05-09T14:34:47.850999379Z</time>
      </trkpt>
      <trkpt lat="41.611616" lon="2.656924">
        <ele>13.030</ele>
        <time>2026-05-09T14:35:27.851006322Z</time>
      </trkpt>
      <trkpt lat="41.611601" lon="2.656855">
        <ele>12.892</ele>
        <time>2026-05-09T14:36:07.851013255Z</time>
      </trkpt>
      <trkpt lat="41.611586" lon="2.656782">
        <ele>12.773</ele>
        <time>2026-05-09T14:36:47.851023825Z</time>
      </trkpt>
      <trkpt lat="41.611569" lon="2.656717">
        <ele>12.420</ele>
        <time>2026-05-09T14:37:27.851030748Z</time>
      </trkpt>
      <trkpt lat="41.611557" lon="2.656683">
        <ele>12.309</ele>
        <time>2026-05-09T14:38:07.851037601Z</time>
      </trkpt>
      <trkpt lat="41.611540" lon="2.656614">
        <ele>11.940</ele>
        <time>2026-05-09T14:38:47.851046898Z</time>
      </trkpt>
      <trkpt lat="41.611522" lon="2.656551">
        <ele>11.538</ele>
        <time>2026-05-09T14:39:27.851053991Z</time>
      </trkpt>
      <trkpt lat="41.611503" lon="2.656498">
        <ele>11.276</ele>
        <time>2026-05-09T14:40:07.851060834Z</time>
      </trkpt>
      <trkpt lat="41.611493" lon="2.656457">
        <ele>11.085</ele>
        <time>2026-05-09T14:40:47.851067747Z</time>
      </trkpt>
      <trkpt lat="41.611483" lon="2.656416">
        <ele>10.823</ele>
        <time>2026-05-09T14:41:27.851074610Z</time>
      </trkpt>
      <trkpt lat="41.611477" lon="2.656379">
        <ele>10.669</ele>
        <time>2026-05-09T14:42:07.851081583Z</time>
      </trkpt>
      <trkpt lat="41.611471" lon="2.656343">
        <ele>10.660</ele>
        <time>2026-05-09T14:42:47.851088436Z</time>
      </trkpt>
      <trkpt lat="41.611464" lon="2.656308">
        <ele>10.584</ele>
        <time>2026-05-09T14:43:27.851095259Z</time>
      </trkpt>
      <trkpt lat="41.611459" lon="2.656271">
        <ele>10.587</ele>
        <time>2026-05-09T14:44:07.851102152Z</time>
      </trkpt>
      <trkpt lat="41.611453" lon="2.656235">
        <ele>10.572</ele>
        <time>2026-05-09T14:44:47.851109045Z</time>
      </trkpt>
      <trkpt lat="41.611447" lon="2.656198">
        <ele>10.413</ele>
        <time>2026-05-09T14:45:27.851115957Z</time>
      </trkpt>
      <trkpt lat="41.611439" lon="2.656164">
        <ele>10.414</ele>
        <time>2026-05-09T14:46:07.851126197Z</time>
      </trkpt>
      <trkpt lat="41.611420" lon="2.656088">
        <ele>10.209</ele>
        <time>2026-05-09T14:46:47.851133140Z</time>
      </trkpt>
      <trkpt lat="41.611406" lon="2.656053">
        <ele>10.148</ele>
        <time>2026-05-09T14:47:27.851140063Z</time>
      </trkpt>
      <trkpt lat="41.611391" lon="2.656016">
        <ele>10.036</ele>
        <time>2026-05-09T14:48:07.851146935Z</time>
      </trkpt>
      <trkpt lat="41.611375" lon="2.655980">
        <ele>9.934</ele>
        <time>2026-05-09T14:48:47.851153748Z</time>
      </trkpt>
      <trkpt lat="41.611357" lon="2.655919">
        <ele>9.823</ele>
        <time>2026-05-09T14:49:27.851161022Z</time>
      </trkpt>
      <trkpt lat="41.611344" lon="2.655882">
        <ele>9.721</ele>
        <time>2026-05-09T14:50:07.851167835Z</time>
      </trkpt>
      <trkpt lat="41.611335" lon="2.655843">
        <ele>9.647</ele>
        <time>2026-05-09T14:50:47.851174687Z</time>
      </trkpt>
      <trkpt lat="41.611315" lon="2.655772">
        <ele>9.538</ele>
        <time>2026-05-09T14:51:27.851181500Z</time>
      </trkpt>
      <trkpt lat="41.611308" lon="2.655736">
        <ele>9.442</ele>
        <time>2026-05-09T14:52:07.851188343Z</time>
      </trkpt>
      <trkpt lat="41.611301" lon="2.655697">
        <ele>9.415</ele>
        <time>2026-05-09T14:52:47.851195156Z</time>
      </trkpt>
      <trkpt lat="41.611286" lon="2.655666">
        <ele>9.355</ele>
        <time>2026-05-09T14:53:27.851202069Z</time>
      </trkpt>
      <trkpt lat="41.611278" lon="2.655631">
        <ele>9.207</ele>
        <time>2026-05-09T14:54:07.851208961Z</time>
      </trkpt>
      <trkpt lat="41.611255" lon="2.655564">
        <ele>9.017</ele>
        <time>2026-05-09T14:54:47.851215854Z</time>
      </trkpt>
      <trkpt lat="41.611242" lon="2.655523">
        <ele>8.909</ele>
        <time>2026-05-09T14:55:27.851222787Z</time>
      </trkpt>
      <trkpt lat="41.611235" lon="2.655488">
        <ele>8.916</ele>
        <time>2026-05-09T14:56:07.851229610Z</time>
      </trkpt>
      <trkpt lat="41.611223" lon="2.655450">
        <ele>8.844</ele>
        <time>2026-05-09T14:56:47.851236493Z</time>
      </trkpt>
      <trkpt lat="41.611210" lon="2.655418">
        <ele>8.782</ele>
        <time>2026-05-09T14:57:27.851243316Z</time>
      </trkpt>
      <trkpt lat="41.611199" lon="2.655378">
        <ele>8.661</ele>
        <time>2026-05-09T14:58:07.851250219Z</time>
      </trkpt>
      <trkpt lat="41.611183" lon="2.655306">
        <ele>8.589</ele>
        <time>2026-05-09T14:58:47.851257142Z</time>
      </trkpt>
      <trkpt lat="41.611164" lon="2.655237">
        <ele>8.595</ele>
        <time>2026-05-09T14:59:27.851264215Z</time>
      </trkpt>
      <trkpt lat="41.611155" lon="2.655201">
        <ele>8.566</ele>
        <time>2026-05-09T15:00:07.851271228Z</time>
      </trkpt>
      <trkpt lat="41.611145" lon="2.655162">
        <ele>8.660</ele>
        <time>2026-05-09T15:00:47.851278271Z</time>
      </trkpt>
      <trkpt lat="41.611130" lon="2.655124">
        <ele>8.793</ele>
        <time>2026-05-09T15:01:27.851285134Z</time>
      </trkpt>
      <trkpt lat="41.611120" lon="2.655085">
        <ele>8.721</ele>
        <time>2026-05-09T15:02:07.851292037Z</time>
      </trkpt>
      <trkpt lat="41.611109" lon="2.655046">
        <ele>8.841</ele>
        <time>2026-05-09T15:02:47.851298870Z</time>
      </trkpt>
      <trkpt lat="41.611097" lon="2.655009">
        <ele>8.905</ele>
        <time>2026-05-09T15:03:27.851305753Z</time>
      </trkpt>
      <trkpt lat="41.611085" lon="2.654971">
        <ele>8.909</ele>
        <time>2026-05-09T15:04:07.851312666Z</time>
      </trkpt>
      <trkpt lat="41.611076" lon="2.654936">
        <ele>8.913</ele>
        <time>2026-05-09T15:04:47.851319659Z</time>
      </trkpt>
      <trkpt lat="41.611064" lon="2.654897">
        <ele>9.011</ele>
        <time>2026-05-09T15:05:27.851326511Z</time>
      </trkpt>
      <trkpt lat="41.611051" lon="2.654861">
        <ele>9.039</ele>
        <time>2026-05-09T15:06:07.851333334Z</time>
      </trkpt>
      <trkpt lat="41.611042" lon="2.654823">
        <ele>9.088</ele>
        <time>2026-05-09T15:06:47.851340157Z</time>
      </trkpt>
      <trkpt lat="41.611034" lon="2.654781">
        <ele>9.066</ele>
        <time>2026-05-09T15:07:27.851346950Z</time>
      </trkpt>
      <trkpt lat="41.611026" lon="2.654746">
        <ele>9.072</ele>
        <time>2026-05-09T15:08:07.851353762Z</time>
      </trkpt>
      <trkpt lat="41.611013" lon="2.654709">
        <ele>9.053</ele>
        <time>2026-05-09T15:08:47.851360555Z</time>
      </trkpt>
      <trkpt lat="41.611001" lon="2.654672">
        <ele>9.057</ele>
        <time>2026-05-09T15:09:27.851367368Z</time>
      </trkpt>
      <trkpt lat="41.610990" lon="2.654631">
        <ele>9.070</ele>
        <time>2026-05-09T15:10:07.851374241Z</time>
      </trkpt>
      <trkpt lat="41.610980" lon="2.654591">
        <ele>9.166</ele>
        <time>2026-05-09T15:10:47.851381224Z</time>
      </trkpt>
      <trkpt lat="41.610973" lon="2.654552">
        <ele>9.129</ele>
        <time>2026-05-09T15:11:27.851388107Z</time>
      </trkpt>
      <trkpt lat="41.610951" lon="2.654480">
        <ele>9.121</ele>
        <time>2026-05-09T15:12:07.851394940Z</time>
      </trkpt>
      <trkpt lat="41.610942" lon="2.654442">
        <ele>9.209</ele>
        <time>2026-05-09T15:12:47.851408435Z</time>
      </trkpt>
      <trkpt lat="41.610933" lon="2.654402">
        <ele>9.287</ele>
        <time>2026-05-09T15:13:27.851415498Z</time>
      </trkpt>
      <trkpt lat="41.610922" lon="2.654366">
        <ele>9.275</ele>
        <time>2026-05-09T15:14:07.851422341Z</time>
      </trkpt>
      <trkpt lat="41.610915" lon="2.654331">
        <ele>9.383</ele>
        <time>2026-05-09T15:14:47.851429134Z</time>
      </trkpt>
      <trkpt lat="41.610908" lon="2.654295">
        <ele>9.362</ele>
        <time>2026-05-09T15:15:27.851435966Z</time>
      </trkpt>
      <trkpt lat="41.610898" lon="2.654259">
        <ele>9.460</ele>
        <time>2026-05-09T15:16:07.851442799Z</time>
      </trkpt>
      <trkpt lat="41.610888" lon="2.654220">
        <ele>9.476</ele>
        <time>2026-05-09T15:16:47.851449632Z</time>
      </trkpt>
      <trkpt lat="41.610880" lon="2.654185">
        <ele>9.457</ele>
        <time>2026-05-09T15:17:27.851456535Z</time>
      </trkpt>
      <trkpt lat="41.610870" lon="2.654146">
        <ele>9.311</ele>
        <time>2026-05-09T15:18:07.851463408Z</time>
      </trkpt>
      <trkpt lat="41.610861" lon="2.654108">
        <ele>9.124</ele>
        <time>2026-05-09T15:18:47.851470301Z</time>
      </trkpt>
      <trkpt lat="41.610852" lon="2.654070">
        <ele>8.934</ele>
        <time>2026-05-09T15:19:27.851477414Z</time>
      </trkpt>
      <trkpt lat="41.610830" lon="2.653996">
        <ele>8.455</ele>
        <time>2026-05-09T15:20:07.851484287Z</time>
      </trkpt>
      <trkpt lat="41.610821" lon="2.653957">
        <ele>8.210</ele>
        <time>2026-05-09T15:20:47.851491210Z</time>
      </trkpt>
      <trkpt lat="41.610808" lon="2.653900">
        <ele>8.009</ele>
        <time>2026-05-09T15:21:27.851498113Z</time>
      </trkpt>
      <trkpt lat="41.610794" lon="2.653847">
        <ele>8.124</ele>
        <time>2026-05-09T15:22:07.851504955Z</time>
      </trkpt>
      <trkpt lat="41.610782" lon="2.653795">
        <ele>8.362</ele>
        <time>2026-05-09T15:22:47.851511798Z</time>
      </trkpt>
      <trkpt lat="41.610773" lon="2.653750">
        <ele>8.470</ele>
        <time>2026-05-09T15:23:27.851518701Z</time>
      </trkpt>
      <trkpt lat="41.610755" lon="2.653675">
        <ele>8.689</ele>
        <time>2026-05-09T15:24:07.851525554Z</time>
      </trkpt>
      <trkpt lat="41.610739" lon="2.653602">
        <ele>8.727</ele>
        <time>2026-05-09T15:24:47.851532417Z</time>
      </trkpt>
      <trkpt lat="41.610729" lon="2.653563">
        <ele>8.753</ele>
        <time>2026-05-09T15:25:27.851539270Z</time>
      </trkpt>
      <trkpt lat="41.610717" lon="2.653524">
        <ele>8.894</ele>
        <time>2026-05-09T15:26:07.851546213Z</time>
      </trkpt>
      <trkpt lat="41.610707" lon="2.653490">
        <ele>8.868</ele>
        <time>2026-05-09T15:26:47.851553005Z</time>
      </trkpt>
      <trkpt lat="41.610698" lon="2.653451">
        <ele>8.851</ele>
        <time>2026-05-09T15:27:27.851559828Z</time>
      </trkpt>
      <trkpt lat="41.610688" lon="2.653410">
        <ele>8.885</ele>
        <time>2026-05-09T15:28:07.851566681Z</time>
      </trkpt>
      <trkpt lat="41.610681" lon="2.653369">
        <ele>8.889</ele>
        <time>2026-05-09T15:28:47.851573544Z</time>
      </trkpt>
      <trkpt lat="41.610673" lon="2.653330">
        <ele>8.917</ele>
        <time>2026-05-09T15:29:27.851580437Z</time>
      </trkpt>
      <trkpt lat="41.610665" lon="2.653294">
        <ele>9.009</ele>
        <time>2026-05-09T15:30:07.851587360Z</time>
      </trkpt>
      <trkpt lat="41.610655" lon="2.653254">
        <ele>9.189</ele>
        <time>2026-05-09T15:30:47.851594182Z</time>
      </trkpt>
      <trkpt lat="41.610647" lon="2.653217">
        <ele>9.257</ele>
        <time>2026-05-09T15:31:27.851601095Z</time>
      </trkpt>
      <trkpt lat="41.610637" lon="2.653179">
        <ele>9.365</ele>
        <time>2026-05-09T15:32:07.851607908Z</time>
      </trkpt>
      <trkpt lat="41.610624" lon="2.653138">
        <ele>9.484</ele>
        <time>2026-05-09T15:32:47.851614721Z</time>
      </trkpt>
      <trkpt lat="41.610616" lon="2.653102">
        <ele>9.492</ele>
        <time>2026-05-09T15:33:27.851621544Z</time>
      </trkpt>
      <trkpt lat="41.610608" lon="2.653066">
        <ele>9.578</ele>
        <time>2026-05-09T15:34:07.851628326Z</time>
      </trkpt>
      <trkpt lat="41.610598" lon="2.653026">
        <ele>9.719</ele>
        <time>2026-05-09T15:34:47.851635079Z</time>
      </trkpt>
      <trkpt lat="41.610589" lon="2.652990">
        <ele>9.983</ele>
        <time>2026-05-09T15:35:27.851641922Z</time>
      </trkpt>
      <trkpt lat="41.610578" lon="2.652950">
        <ele>10.156</ele>
        <time>2026-05-09T15:36:07.851648915Z</time>
      </trkpt>
      <trkpt lat="41.610567" lon="2.652911">
        <ele>10.298</ele>
        <time>2026-05-09T15:36:47.851655858Z</time>
      </trkpt>
      <trkpt lat="41.610553" lon="2.652873">
        <ele>10.215</ele>
        <time>2026-05-09T15:37:27.851662781Z</time>
      </trkpt>
      <trkpt lat="41.610539" lon="2.652834">
        <ele>10.026</ele>
        <time>2026-05-09T15:38:07.851669784Z</time>
      </trkpt>
      <trkpt lat="41.610526" lon="2.652798">
        <ele>9.709</ele>
        <time>2026-05-09T15:38:47.851676687Z</time>
      </trkpt>
      <trkpt lat="41.610512" lon="2.652764">
        <ele>9.380</ele>
        <time>2026-05-09T15:39:27.851683590Z</time>
      </trkpt>
      <trkpt lat="41.610499" lon="2.652730">
        <ele>8.858</ele>
        <time>2026-05-09T15:40:07.851690753Z</time>
      </trkpt>
      <trkpt lat="41.610484" lon="2.652697">
        <ele>8.246</ele>
        <time>2026-05-09T15:40:47.851697706Z</time>
      </trkpt>
      <trkpt lat="41.610470" lon="2.652661">
        <ele>7.615</ele>
        <time>2026-05-09T15:41:27.851704659Z</time>
      </trkpt>
      <trkpt lat="41.610457" lon="2.652625">
        <ele>7.123</ele>
        <time>2026-05-09T15:42:07.851711512Z</time>
      </trkpt>
      <trkpt lat="41.610443" lon="2.652590">
        <ele>6.539</ele>
        <time>2026-05-09T15:42:47.851718405Z</time>
      </trkpt>
      <trkpt lat="41.610427" lon="2.652555">
        <ele>5.940</ele>
        <time>2026-05-09T15:43:27.851725578Z</time>
      </trkpt>
      <trkpt lat="41.610409" lon="2.652522">
        <ele>5.244</ele>
        <time>2026-05-09T15:44:07.851732461Z</time>
      </trkpt>
      <trkpt lat="41.610397" lon="2.652485">
        <ele>4.937</ele>
        <time>2026-05-09T15:44:47.851739384Z</time>
      </trkpt>
      <trkpt lat="41.610389" lon="2.652449">
        <ele>5.014</ele>
        <time>2026-05-09T15:45:27.851746317Z</time>
      </trkpt>
      <trkpt lat="41.610380" lon="2.652412">
        <ele>5.154</ele>
        <time>2026-05-09T15:46:07.851753210Z</time>
      </trkpt>
      <trkpt lat="41.610371" lon="2.652374">
        <ele>5.309</ele>
        <time>2026-05-09T15:46:47.851760093Z</time>
      </trkpt>
      <trkpt lat="41.610366" lon="2.652334">
        <ele>5.809</ele>
        <time>2026-05-09T15:47:27.851767126Z</time>
      </trkpt>
      <trkpt lat="41.610364" lon="2.652295">
        <ele>6.242</ele>
        <time>2026-05-09T15:48:07.851774019Z</time>
      </trkpt>
      <trkpt lat="41.610363" lon="2.652258">
        <ele>6.730</ele>
        <time>2026-05-09T15:48:47.851780932Z</time>
      </trkpt>
      <trkpt lat="41.610359" lon="2.652217">
        <ele>7.288</ele>
        <time>2026-05-09T15:49:27.851787835Z</time>
      </trkpt>
      <trkpt lat="41.610355" lon="2.652179">
        <ele>7.377</ele>
        <time>2026-05-09T15:50:07.851794658Z</time>
      </trkpt>
      <trkpt lat="41.610355" lon="2.652134">
        <ele>7.415</ele>
        <time>2026-05-09T15:50:47.851801561Z</time>
      </trkpt>
      <trkpt lat="41.610355" lon="2.652092">
        <ele>7.671</ele>
        <time>2026-05-09T15:51:27.851808504Z</time>
      </trkpt>
      <trkpt lat="41.610355" lon="2.652052">
        <ele>7.722</ele>
        <time>2026-05-09T15:52:07.851815316Z</time>
      </trkpt>
      <trkpt lat="41.610351" lon="2.652010">
        <ele>7.886</ele>
        <time>2026-05-09T15:52:47.851827920Z</time>
      </trkpt>
      <trkpt lat="41.610344" lon="2.651967">
        <ele>7.989</ele>
        <time>2026-05-09T15:53:27.851835063Z</time>
      </trkpt>
      <trkpt lat="41.610325" lon="2.651894">
        <ele>7.898</ele>
        <time>2026-05-09T15:54:07.851842036Z</time>
      </trkpt>
      <trkpt lat="41.610313" lon="2.651854">
        <ele>7.815</ele>
        <time>2026-05-09T15:54:47.851848989Z</time>
      </trkpt>
      <trkpt lat="41.610307" lon="2.651817">
        <ele>7.826</ele>
        <time>2026-05-09T15:55:27.851855842Z</time>
      </trkpt>
      <trkpt lat="41.610297" lon="2.651780">
        <ele>7.809</ele>
        <time>2026-05-09T15:56:07.851862705Z</time>
      </trkpt>
      <trkpt lat="41.610286" lon="2.651738">
        <ele>7.870</ele>
        <time>2026-05-09T15:56:47.851869658Z</time>
      </trkpt>
      <trkpt lat="41.610278" lon="2.651698">
        <ele>7.948</ele>
        <time>2026-05-09T15:57:27.851876501Z</time>
      </trkpt>
      <trkpt lat="41.610270" lon="2.651659">
        <ele>8.046</ele>
        <time>2026-05-09T15:58:07.851883374Z</time>
      </trkpt>
      <trkpt lat="41.610264" lon="2.651619">
        <ele>8.135</ele>
        <time>2026-05-09T15:58:47.851890226Z</time>
      </trkpt>
      <trkpt lat="41.610256" lon="2.651581">
        <ele>8.223</ele>
        <time>2026-05-09T15:59:27.851897089Z</time>
      </trkpt>
      <trkpt lat="41.610245" lon="2.651539">
        <ele>8.299</ele>
        <time>2026-05-09T16:00:07.851903862Z</time>
      </trkpt>
      <trkpt lat="41.610236" lon="2.651503">
        <ele>8.350</ele>
        <time>2026-05-09T16:00:47.851910705Z</time>
      </trkpt>
      <trkpt lat="41.610215" lon="2.651433">
        <ele>8.464</ele>
        <time>2026-05-09T16:01:27.851917497Z</time>
      </trkpt>
      <trkpt lat="41.610202" lon="2.651393">
        <ele>8.427</ele>
        <time>2026-05-09T16:02:07.851924320Z</time>
      </trkpt>
      <trkpt lat="41.610193" lon="2.651356">
        <ele>8.334</ele>
        <time>2026-05-09T16:02:47.851931223Z</time>
      </trkpt>
      <trkpt lat="41.610182" lon="2.651316">
        <ele>8.155</ele>
        <time>2026-05-09T16:03:27.851938076Z</time>
      </trkpt>
      <trkpt lat="41.610173" lon="2.651281">
        <ele>8.010</ele>
        <time>2026-05-09T16:04:07.851944899Z</time>
      </trkpt>
      <trkpt lat="41.610165" lon="2.651247">
        <ele>7.909</ele>
        <time>2026-05-09T16:04:47.851951742Z</time>
      </trkpt>
      <trkpt lat="41.610154" lon="2.651206">
        <ele>7.764</ele>
        <time>2026-05-09T16:05:27.851958574Z</time>
      </trkpt>
      <trkpt lat="41.610142" lon="2.651166">
        <ele>7.642</ele>
        <time>2026-05-09T16:06:07.851965407Z</time>
      </trkpt>
      <trkpt lat="41.610134" lon="2.651130">
        <ele>7.530</ele>
        <time>2026-05-09T16:06:47.851972250Z</time>
      </trkpt>
      <trkpt lat="41.610114" lon="2.651063">
        <ele>7.539</ele>
        <time>2026-05-09T16:07:27.851979083Z</time>
      </trkpt>
      <trkpt lat="41.610103" lon="2.651025">
        <ele>7.647</ele>
        <time>2026-05-09T16:08:07.851986016Z</time>
      </trkpt>
      <trkpt lat="41.610092" lon="2.650984">
        <ele>7.683</ele>
        <time>2026-05-09T16:08:47.851992838Z</time>
      </trkpt>
      <trkpt lat="41.610085" lon="2.650943">
        <ele>7.754</ele>
        <time>2026-05-09T16:09:27.852001395Z</time>
      </trkpt>
      <trkpt lat="41.610077" lon="2.650906">
        <ele>7.838</ele>
        <time>2026-05-09T16:10:07.852017625Z</time>
      </trkpt>
      <trkpt lat="41.610068" lon="2.650866">
        <ele>7.941</ele>
        <time>2026-05-09T16:10:47.852024608Z</time>
      </trkpt>
      <trkpt lat="41.610058" lon="2.650830">
        <ele>8.078</ele>
        <time>2026-05-09T16:11:27.852035498Z</time>
      </trkpt>
      <trkpt lat="41.610046" lon="2.650790">
        <ele>8.033</ele>
        <time>2026-05-09T16:12:07.852042401Z</time>
      </trkpt>
      <trkpt lat="41.610038" lon="2.650753">
        <ele>8.026</ele>
        <time>2026-05-09T16:12:47.852049444Z</time>
      </trkpt>
      <trkpt lat="41.610030" lon="2.650716">
        <ele>8.009</ele>
        <time>2026-05-09T16:13:27.852056377Z</time>
      </trkpt>
      <trkpt lat="41.610014" lon="2.650641">
        <ele>8.068</ele>
        <time>2026-05-09T16:14:07.852063431Z</time>
      </trkpt>
      <trkpt lat="41.610004" lon="2.650605">
        <ele>8.066</ele>
        <time>2026-05-09T16:14:47.852070334Z</time>
      </trkpt>
      <trkpt lat="41.609994" lon="2.650568">
        <ele>7.844</ele>
        <time>2026-05-09T16:15:27.852077216Z</time>
      </trkpt>
      <trkpt lat="41.609985" lon="2.650531">
        <ele>7.763</ele>
        <time>2026-05-09T16:16:07.852084049Z</time>
      </trkpt>
      <trkpt lat="41.609977" lon="2.650494">
        <ele>7.551</ele>
        <time>2026-05-09T16:16:47.852090882Z</time>
      </trkpt>
      <trkpt lat="41.609970" lon="2.650459">
        <ele>7.487</ele>
        <time>2026-05-09T16:17:27.852097765Z</time>
      </trkpt>
      <trkpt lat="41.609950" lon="2.650386">
        <ele>7.158</ele>
        <time>2026-05-09T16:18:07.852104638Z</time>
      </trkpt>
      <trkpt lat="41.609938" lon="2.650346">
        <ele>6.892</ele>
        <time>2026-05-09T16:18:47.852111731Z</time>
      </trkpt>
      <trkpt lat="41.609927" lon="2.650310">
        <ele>6.585</ele>
        <time>2026-05-09T16:19:27.852118574Z</time>
      </trkpt>
      <trkpt lat="41.609915" lon="2.650273">
        <ele>6.347</ele>
        <time>2026-05-09T16:20:07.852125477Z</time>
      </trkpt>
      <trkpt lat="41.609903" lon="2.650237">
        <ele>6.429</ele>
        <time>2026-05-09T16:20:47.852132420Z</time>
      </trkpt>
      <trkpt lat="41.609893" lon="2.650198">
        <ele>6.721</ele>
        <time>2026-05-09T16:21:27.852139313Z</time>
      </trkpt>
      <trkpt lat="41.609881" lon="2.650157">
        <ele>7.109</ele>
        <time>2026-05-09T16:22:07.852146125Z</time>
      </trkpt>
      <trkpt lat="41.609871" lon="2.650120">
        <ele>7.535</ele>
        <time>2026-05-09T16:22:47.852153028Z</time>
      </trkpt>
      <trkpt lat="41.609858" lon="2.650082">
        <ele>8.043</ele>
        <time>2026-05-09T16:23:27.852159921Z</time>
      </trkpt>
      <trkpt lat="41.609847" lon="2.650049">
        <ele>8.581</ele>
        <time>2026-05-09T16:24:07.852166704Z</time>
      </trkpt>
      <trkpt lat="41.609836" lon="2.650015">
        <ele>9.140</ele>
        <time>2026-05-09T16:24:47.852173587Z</time>
      </trkpt>
      <trkpt lat="41.609824" lon="2.649980">
        <ele>9.468</ele>
        <time>2026-05-09T16:25:27.852180379Z</time>
      </trkpt>
      <trkpt lat="41.609812" lon="2.649936">
        <ele>9.594</ele>
        <time>2026-05-09T16:26:07.852187182Z</time>
      </trkpt>
      <trkpt lat="41.609799" lon="2.649900">
        <ele>9.525</ele>
        <time>2026-05-09T16:26:47.852194025Z</time>
      </trkpt>
      <trkpt lat="41.609785" lon="2.649864">
        <ele>9.659</ele>
        <time>2026-05-09T16:27:27.852200788Z</time>
      </trkpt>
      <trkpt lat="41.609773" lon="2.649829">
        <ele>9.722</ele>
        <time>2026-05-09T16:28:07.852207590Z</time>
      </trkpt>
      <trkpt lat="41.609749" lon="2.649757">
        <ele>9.931</ele>
        <time>2026-05-09T16:28:47.852214463Z</time>
      </trkpt>
      <trkpt lat="41.609738" lon="2.649723">
        <ele>10.061</ele>
        <time>2026-05-09T16:29:27.852221376Z</time>
      </trkpt>
      <trkpt lat="41.609729" lon="2.649688">
        <ele>10.107</ele>
        <time>2026-05-09T16:30:07.852228880Z</time>
      </trkpt>
      <trkpt lat="41.609717" lon="2.649654">
        <ele>10.109</ele>
        <time>2026-05-09T16:30:47.852235733Z</time>
      </trkpt>
      <trkpt lat="41.609704" lon="2.649619">
        <ele>9.954</ele>
        <time>2026-05-09T16:31:27.852242506Z</time>
      </trkpt>
      <trkpt lat="41.609693" lon="2.649581">
        <ele>9.842</ele>
        <time>2026-05-09T16:32:07.852249359Z</time>
      </trkpt>
      <trkpt lat="41.609679" lon="2.649544">
        <ele>9.860</ele>
        <time>2026-05-09T16:32:47.852262834Z</time>
      </trkpt>
      <trkpt lat="41.609664" lon="2.649503">
        <ele>9.989</ele>
        <time>2026-05-09T16:33:27.852269707Z</time>
      </trkpt>
      <trkpt lat="41.609650" lon="2.649466">
        <ele>10.017</ele>
        <time>2026-05-09T16:34:07.852276590Z</time>
      </trkpt>
      <trkpt lat="41.609635" lon="2.649428">
        <ele>10.163</ele>
        <time>2026-05-09T16:34:47.852283523Z</time>
      </trkpt>
      <trkpt lat="41.609622" lon="2.649395">
        <ele>10.044</ele>
        <time>2026-05-09T16:35:27.852290375Z</time>
      </trkpt>
      <trkpt lat="41.609599" lon="2.649330">
        <ele>10.088</ele>
        <time>2026-05-09T16:36:07.852297198Z</time>
      </trkpt>
      <trkpt lat="41.609575" lon="2.649263">
        <ele>10.111</ele>
        <time>2026-05-09T16:36:47.852304061Z</time>
      </trkpt>
      <trkpt lat="41.609559" lon="2.649228">
        <ele>10.221</ele>
        <time>2026-05-09T16:37:27.852310924Z</time>
      </trkpt>
      <trkpt lat="41.609544" lon="2.649192">
        <ele>10.241</ele>
        <time>2026-05-09T16:38:07.852317837Z</time>
      </trkpt>
      <trkpt lat="41.609527" lon="2.649154">
        <ele>10.305</ele>
        <time>2026-05-09T16:38:47.852324690Z</time>
      </trkpt>
      <trkpt lat="41.609512" lon="2.649116">
        <ele>10.409</ele>
        <time>2026-05-09T16:39:27.852331582Z</time>
      </trkpt>
      <trkpt lat="41.609499" lon="2.649084">
        <ele>10.493</ele>
        <time>2026-05-09T16:40:07.852338495Z</time>
      </trkpt>
      <trkpt lat="41.609480" lon="2.649052">
        <ele>10.531</ele>
        <time>2026-05-09T16:40:47.852345438Z</time>
      </trkpt>
      <trkpt lat="41.609460" lon="2.649020">
        <ele>10.639</ele>
        <time>2026-05-09T16:41:27.852352281Z</time>
      </trkpt>
      <trkpt lat="41.609440" lon="2.648990">
        <ele>10.668</ele>
        <time>2026-05-09T16:42:07.852359134Z</time>
      </trkpt>
      <trkpt lat="41.609421" lon="2.648960">
        <ele>10.556</ele>
        <time>2026-05-09T16:42:47.852365967Z</time>
      </trkpt>
      <trkpt lat="41.609402" lon="2.648931">
        <ele>10.572</ele>
        <time>2026-05-09T16:43:27.852372820Z</time>
      </trkpt>
      <trkpt lat="41.609383" lon="2.648901">
        <ele>10.683</ele>
        <time>2026-05-09T16:44:07.852379662Z</time>
      </trkpt>
      <trkpt lat="41.609362" lon="2.648867">
        <ele>10.687</ele>
        <time>2026-05-09T16:44:47.852386696Z</time>
      </trkpt>
      <trkpt lat="41.609344" lon="2.648833">
        <ele>10.590</ele>
        <time>2026-05-09T16:45:27.852393498Z</time>
      </trkpt>
      <trkpt lat="41.609310" lon="2.648775">
        <ele>10.399</ele>
        <time>2026-05-09T16:46:07.852400401Z</time>
      </trkpt>
      <trkpt lat="41.609282" lon="2.648706">
        <ele>10.107</ele>
        <time>2026-05-09T16:46:47.852407254Z</time>
      </trkpt>
      <trkpt lat="41.609268" lon="2.648671">
        <ele>10.127</ele>
        <time>2026-05-09T16:47:27.852418946Z</time>
      </trkpt>
      <trkpt lat="41.609252" lon="2.648632">
        <ele>10.009</ele>
        <time>2026-05-09T16:48:07.852426891Z</time>
      </trkpt>
      <trkpt lat="41.609237" lon="2.648595">
        <ele>9.910</ele>
        <time>2026-05-09T16:48:47.852433884Z</time>
      </trkpt>
      <trkpt lat="41.609229" lon="2.648559">
        <ele>9.688</ele>
        <time>2026-05-09T16:49:27.852440867Z</time>
      </trkpt>
      <trkpt lat="41.609220" lon="2.648525">
        <ele>9.436</ele>
        <time>2026-05-09T16:50:07.852447820Z</time>
      </trkpt>
      <trkpt lat="41.609214" lon="2.648486">
        <ele>9.135</ele>
        <time>2026-05-09T16:50:47.852454773Z</time>
      </trkpt>
      <trkpt lat="41.609212" lon="2.648448">
        <ele>8.883</ele>
        <time>2026-05-09T16:51:27.852461666Z</time>
      </trkpt>
      <trkpt lat="41.609208" lon="2.648407">
        <ele>8.539</ele>
        <time>2026-05-09T16:52:07.852468469Z</time>
      </trkpt>
      <trkpt lat="41.609203" lon="2.648365">
        <ele>8.250</ele>
        <time>2026-05-09T16:52:47.852475291Z</time>
      </trkpt>
      <trkpt lat="41.609199" lon="2.648327">
        <ele>8.094</ele>
        <time>2026-05-09T16:53:27.852482144Z</time>
      </trkpt>
      <trkpt lat="41.609191" lon="2.648289">
        <ele>7.817</ele>
        <time>2026-05-09T16:54:07.852488977Z</time>
      </trkpt>
      <trkpt lat="41.609182" lon="2.648254">
        <ele>7.737</ele>
        <time>2026-05-09T16:54:47.852495870Z</time>
      </trkpt>
      <trkpt lat="41.609170" lon="2.648218">
        <ele>7.649</ele>
        <time>2026-05-09T16:55:27.852502733Z</time>
      </trkpt>
      <trkpt lat="41.609157" lon="2.648183">
        <ele>7.413</ele>
        <time>2026-05-09T16:56:07.852509596Z</time>
      </trkpt>
      <trkpt lat="41.609144" lon="2.648147">
        <ele>7.209</ele>
        <time>2026-05-09T16:56:47.852516468Z</time>
      </trkpt>
      <trkpt lat="41.609132" lon="2.648109">
        <ele>7.014</ele>
        <time>2026-05-09T16:57:27.852523291Z</time>
      </trkpt>
      <trkpt lat="41.609116" lon="2.648071">
        <ele>6.712</ele>
        <time>2026-05-09T16:58:07.852530224Z</time>
      </trkpt>
      <trkpt lat="41.609099" lon="2.648033">
        <ele>6.520</ele>
        <time>2026-05-09T16:58:47.852537007Z</time>
      </trkpt>
      <trkpt lat="41.609080" lon="2.647997">
        <ele>6.449</ele>
        <time>2026-05-09T16:59:27.852543870Z</time>
      </trkpt>
      <trkpt lat="41.609063" lon="2.647966">
        <ele>6.417</ele>
        <time>2026-05-09T17:00:07.852550713Z</time>
      </trkpt>
      <trkpt lat="41.609032" lon="2.647902">
        <ele>6.343</ele>
        <time>2026-05-09T17:00:47.852557505Z</time>
      </trkpt>
      <trkpt lat="41.609014" lon="2.647866">
        <ele>6.374</ele>
        <time>2026-05-09T17:01:27.852564338Z</time>
      </trkpt>
      <trkpt lat="41.608983" lon="2.647812">
        <ele>6.388</ele>
        <time>2026-05-09T17:02:07.852571191Z</time>
      </trkpt>
      <trkpt lat="41.608966" lon="2.647774">
        <ele>6.391</ele>
        <time>2026-05-09T17:02:47.852578014Z</time>
      </trkpt>
      <trkpt lat="41.608940" lon="2.647717">
        <ele>6.875</ele>
        <time>2026-05-09T17:03:27.852584967Z</time>
      </trkpt>
      <trkpt lat="41.608923" lon="2.647677">
        <ele>7.228</ele>
        <time>2026-05-09T17:04:07.852591960Z</time>
      </trkpt>
      <trkpt lat="41.608904" lon="2.647644">
        <ele>7.520</ele>
        <time>2026-05-09T17:04:47.852598813Z</time>
      </trkpt>
      <trkpt lat="41.608869" lon="2.647592">
        <ele>8.009</ele>
        <time>2026-05-09T17:05:27.852605655Z</time>
      </trkpt>
      <trkpt lat="41.608847" lon="2.647562">
        <ele>8.418</ele>
        <time>2026-05-09T17:06:07.852612608Z</time>
      </trkpt>
      <trkpt lat="41.608822" lon="2.647537">
        <ele>8.836</ele>
        <time>2026-05-09T17:06:47.852619421Z</time>
      </trkpt>
      <trkpt lat="41.608799" lon="2.647513">
        <ele>9.214</ele>
        <time>2026-05-09T17:07:27.852626364Z</time>
      </trkpt>
      <trkpt lat="41.608777" lon="2.647490">
        <ele>9.723</ele>
        <time>2026-05-09T17:08:07.852633267Z</time>
      </trkpt>
      <trkpt lat="41.608754" lon="2.647472">
        <ele>10.331</ele>
        <time>2026-05-09T17:08:47.852640090Z</time>
      </trkpt>
      <trkpt lat="41.608729" lon="2.647449">
        <ele>11.087</ele>
        <time>2026-05-09T17:09:27.852647023Z</time>
      </trkpt>
      <trkpt lat="41.608701" lon="2.647433">
        <ele>11.558</ele>
        <time>2026-05-09T17:10:07.852653916Z</time>
      </trkpt>
      <trkpt lat="41.608654" lon="2.647417">
        <ele>12.092</ele>
        <time>2026-05-09T17:10:47.852660789Z</time>
      </trkpt>
      <trkpt lat="41.608632" lon="2.647383">
        <ele>12.945</ele>
        <time>2026-05-09T17:11:27.852667671Z</time>
      </trkpt>
      <trkpt lat="41.608610" lon="2.647355">
        <ele>13.615</ele>
        <time>2026-05-09T17:12:07.852674715Z</time>
      </trkpt>
      <trkpt lat="41.608593" lon="2.647320">
        <ele>14.165</ele>
        <time>2026-05-09T17:12:47.852687719Z</time>
      </trkpt>
      <trkpt lat="41.608566" lon="2.647298">
        <ele>13.911</ele>
        <time>2026-05-09T17:13:27.852694762Z</time>
      </trkpt>
      <trkpt lat="41.608515" lon="2.647314">
        <ele>12.309</ele>
        <time>2026-05-09T17:14:07.852701645Z</time>
      </trkpt>
      <trkpt lat="41.608483" lon="2.647307">
        <ele>11.652</ele>
        <time>2026-05-09T17:14:47.852708488Z</time>
      </trkpt>
      <trkpt lat="41.608452" lon="2.647298">
        <ele>10.980</ele>
        <time>2026-05-09T17:15:27.852715381Z</time>
      </trkpt>
      <trkpt lat="41.608400" lon="2.647278">
        <ele>9.718</ele>
        <time>2026-05-09T17:16:07.852722264Z</time>
      </trkpt>
      <trkpt lat="41.608371" lon="2.647266">
        <ele>8.987</ele>
        <time>2026-05-09T17:16:47.852729066Z</time>
      </trkpt>
      <trkpt lat="41.608344" lon="2.647260">
        <ele>8.235</ele>
        <time>2026-05-09T17:17:27.852735939Z</time>
      </trkpt>
      <trkpt lat="41.608292" lon="2.647249">
        <ele>7.581</ele>
        <time>2026-05-09T17:18:07.852742802Z</time>
      </trkpt>
      <trkpt lat="41.608238" lon="2.647241">
        <ele>7.152</ele>
        <time>2026-05-09T17:18:47.852752630Z</time>
      </trkpt>
      <trkpt lat="41.608204" lon="2.647235">
        <ele>6.946</ele>
        <time>2026-05-09T17:19:27.852759513Z</time>
      </trkpt>
      <trkpt lat="41.608176" lon="2.647223">
        <ele>6.969</ele>
        <time>2026-05-09T17:20:07.852766376Z</time>
      </trkpt>
      <trkpt lat="41.608141" lon="2.647171">
        <ele>7.641</ele>
        <time>2026-05-09T17:20:47.852773780Z</time>
      </trkpt>
      <trkpt lat="41.608129" lon="2.647137">
        <ele>8.181</ele>
        <time>2026-05-09T17:21:27.852780813Z</time>
      </trkpt>
      <trkpt lat="41.608119" lon="2.647095">
        <ele>8.709</ele>
        <time>2026-05-09T17:22:07.852787666Z</time>
      </trkpt>
      <trkpt lat="41.608099" lon="2.647050">
        <ele>8.909</ele>
        <time>2026-05-09T17:22:47.852794569Z</time>
      </trkpt>
      <trkpt lat="41.608086" lon="2.647012">
        <ele>9.275</ele>
        <time>2026-05-09T17:23:27.852801342Z</time>
      </trkpt>
      <trkpt lat="41.608076" lon="2.646944">
        <ele>9.843</ele>
        <time>2026-05-09T17:24:07.852808194Z</time>
      </trkpt>
      <trkpt lat="41.608046" lon="2.646891">
        <ele>11.351</ele>
        <time>2026-05-09T17:24:47.852815087Z</time>
      </trkpt>
      <trkpt lat="41.608021" lon="2.646874">
        <ele>11.830</ele>
        <time>2026-05-09T17:25:27.852821920Z</time>
      </trkpt>
      <trkpt lat="41.607978" lon="2.646843">
        <ele>12.738</ele>
        <time>2026-05-09T17:26:07.852828873Z</time>
      </trkpt>
      <trkpt lat="41.607933" lon="2.646796">
        <ele>13.814</ele>
        <time>2026-05-09T17:26:47.852835736Z</time>
      </trkpt>
      <trkpt lat="41.607908" lon="2.646773">
        <ele>14.115</ele>
        <time>2026-05-09T17:27:27.852842629Z</time>
      </trkpt>
      <trkpt lat="41.607883" lon="2.646747">
        <ele>14.459</ele>
        <time>2026-05-09T17:28:07.852849512Z</time>
      </trkpt>
      <trkpt lat="41.607843" lon="2.646707">
        <ele>14.722</ele>
        <time>2026-05-09T17:28:47.852856345Z</time>
      </trkpt>
      <trkpt lat="41.607821" lon="2.646680">
        <ele>14.851</ele>
        <time>2026-05-09T17:29:27.852863257Z</time>
      </trkpt>
      <trkpt lat="41.607801" lon="2.646651">
        <ele>14.901</ele>
        <time>2026-05-09T17:30:07.852870100Z</time>
      </trkpt>
      <trkpt lat="41.607783" lon="2.646623">
        <ele>14.911</ele>
        <time>2026-05-09T17:30:47.852876923Z</time>
      </trkpt>
      <trkpt lat="41.607769" lon="2.646592">
        <ele>15.009</ele>
        <time>2026-05-09T17:31:27.852883716Z</time>
      </trkpt>
      <trkpt lat="41.607742" lon="2.646548">
        <ele>14.746</ele>
        <time>2026-05-09T17:32:07.852890549Z</time>
      </trkpt>
      <trkpt lat="41.607702" lon="2.646491">
        <ele>14.444</ele>
        <time>2026-05-09T17:32:47.852897421Z</time>
      </trkpt>
      <trkpt lat="41.607671" lon="2.646444">
        <ele>14.542</ele>
        <time>2026-05-09T17:33:27.852904274Z</time>
      </trkpt>
      <trkpt lat="41.607655" lon="2.646414">
        <ele>14.881</ele>
        <time>2026-05-09T17:34:07.852911368Z</time>
      </trkpt>
      <trkpt lat="41.607626" lon="2.646352">
        <ele>15.099</ele>
        <time>2026-05-09T17:34:47.852918321Z</time>
      </trkpt>
      <trkpt lat="41.607611" lon="2.646316">
        <ele>15.025</ele>
        <time>2026-05-09T17:35:27.852925324Z</time>
      </trkpt>
      <trkpt lat="41.607596" lon="2.646276">
        <ele>15.026</ele>
        <time>2026-05-09T17:36:07.852932126Z</time>
      </trkpt>
      <trkpt lat="41.607572" lon="2.646208">
        <ele>15.020</ele>
        <time>2026-05-09T17:36:47.852938999Z</time>
      </trkpt>
      <trkpt lat="41.607562" lon="2.646165">
        <ele>15.263</ele>
        <time>2026-05-09T17:37:27.852945862Z</time>
      </trkpt>
      <trkpt lat="41.607555" lon="2.646125">
        <ele>15.485</ele>
        <time>2026-05-09T17:38:07.852952795Z</time>
      </trkpt>
      <trkpt lat="41.607552" lon="2.646083">
        <ele>15.689</ele>
        <time>2026-05-09T17:38:47.852959658Z</time>
      </trkpt>
      <trkpt lat="41.607544" lon="2.646046">
        <ele>15.517</ele>
        <time>2026-05-09T17:39:27.852966571Z</time>
      </trkpt>
      <trkpt lat="41.607529" lon="2.645972">
        <ele>15.309</ele>
        <time>2026-05-09T17:40:07.852973384Z</time>
      </trkpt>
      <trkpt lat="41.607523" lon="2.645934">
        <ele>15.299</ele>
        <time>2026-05-09T17:40:47.852980266Z</time>
      </trkpt>
      <trkpt lat="41.607516" lon="2.645895">
        <ele>15.287</ele>
        <time>2026-05-09T17:41:27.852987119Z</time>
      </trkpt>
      <trkpt lat="41.607516" lon="2.645858">
        <ele>15.385</ele>
        <time>2026-05-09T17:42:07.852993942Z</time>
      </trkpt>
      <trkpt lat="41.607514" lon="2.645814">
        <ele>15.384</ele>
        <time>2026-05-09T17:42:47.853000745Z</time>
      </trkpt>
      <trkpt lat="41.607512" lon="2.645776">
        <ele>15.162</ele>
        <time>2026-05-09T17:43:27.853007618Z</time>
      </trkpt>
      <trkpt lat="41.607507" lon="2.645740">
        <ele>14.888</ele>
        <time>2026-05-09T17:44:07.853014501Z</time>
      </trkpt>
      <trkpt lat="41.607503" lon="2.645700">
        <ele>14.689</ele>
        <time>2026-05-09T17:44:47.853021353Z</time>
      </trkpt>
      <trkpt lat="41.607499" lon="2.645658">
        <ele>14.313</ele>
        <time>2026-05-09T17:45:27.853028196Z</time>
      </trkpt>
      <trkpt lat="41.607494" lon="2.645621">
        <ele>13.936</ele>
        <time>2026-05-09T17:46:07.853035149Z</time>
      </trkpt>
      <trkpt lat="41.607490" lon="2.645581">
        <ele>13.612</ele>
        <time>2026-05-09T17:46:47.853042132Z</time>
      </trkpt>
      <trkpt lat="41.607485" lon="2.645542">
        <ele>13.332</ele>
        <time>2026-05-09T17:47:27.853049045Z</time>
      </trkpt>
      <trkpt lat="41.607482" lon="2.645505">
        <ele>13.205</ele>
        <time>2026-05-09T17:48:07.853055948Z</time>
      </trkpt>
      <trkpt lat="41.607480" lon="2.645469">
        <ele>13.309</ele>
        <time>2026-05-09T17:48:47.853062971Z</time>
      </trkpt>
      <trkpt lat="41.607475" lon="2.645428">
        <ele>13.282</ele>
        <time>2026-05-09T17:49:27.853069774Z</time>
      </trkpt>
      <trkpt lat="41.607464" lon="2.645391">
        <ele>13.160</ele>
        <time>2026-05-09T17:50:07.853076627Z</time>
      </trkpt>
      <trkpt lat="41.607454" lon="2.645351">
        <ele>13.188</ele>
        <time>2026-05-09T17:50:47.853083480Z</time>
      </trkpt>
      <trkpt lat="41.607450" lon="2.645312">
        <ele>13.497</ele>
        <time>2026-05-09T17:51:27.853090352Z</time>
      </trkpt>
      <trkpt lat="41.607444" lon="2.645272">
        <ele>13.645</ele>
        <time>2026-05-09T17:52:07.853102726Z</time>
      </trkpt>
      <trkpt lat="41.607440" lon="2.645232">
        <ele>13.991</ele>
        <time>2026-05-09T17:52:47.853109759Z</time>
      </trkpt>
      <trkpt lat="41.607435" lon="2.645191">
        <ele>14.222</ele>
        <time>2026-05-09T17:53:27.853116602Z</time>
      </trkpt>
      <trkpt lat="41.607431" lon="2.645153">
        <ele>14.526</ele>
        <time>2026-05-09T17:54:07.853123424Z</time>
      </trkpt>
      <trkpt lat="41.607427" lon="2.645115">
        <ele>14.879</ele>
        <time>2026-05-09T17:54:47.853130287Z</time>
      </trkpt>
      <trkpt lat="41.607418" lon="2.645051">
        <ele>15.342</ele>
        <time>2026-05-09T17:55:27.853137461Z</time>
      </trkpt>
      <trkpt lat="41.607418" lon="2.644996">
        <ele>15.822</ele>
        <time>2026-05-09T17:56:07.853144364Z</time>
      </trkpt>
      <trkpt lat="41.607415" lon="2.644957">
        <ele>16.214</ele>
        <time>2026-05-09T17:56:47.853151287Z</time>
      </trkpt>
      <trkpt lat="41.607398" lon="2.644889">
        <ele>16.909</ele>
        <time>2026-05-09T17:57:27.853158179Z</time>
      </trkpt>
      <trkpt lat="41.607393" lon="2.644848">
        <ele>17.445</ele>
        <time>2026-05-09T17:58:07.853164942Z</time>
      </trkpt>
      <trkpt lat="41.607385" lon="2.644810">
        <ele>17.883</ele>
        <time>2026-05-09T17:58:47.853171835Z</time>
      </trkpt>
      <trkpt lat="41.607375" lon="2.644773">
        <ele>18.111</ele>
        <time>2026-05-09T17:59:27.853178838Z</time>
      </trkpt>
      <trkpt lat="41.607367" lon="2.644735">
        <ele>18.490</ele>
        <time>2026-05-09T18:00:07.853185641Z</time>
      </trkpt>
      <trkpt lat="41.607361" lon="2.644695">
        <ele>19.118</ele>
        <time>2026-05-09T18:00:47.853192484Z</time>
      </trkpt>
      <trkpt lat="41.607354" lon="2.644653">
        <ele>20.084</ele>
        <time>2026-05-09T18:01:27.853199346Z</time>
      </trkpt>
      <trkpt lat="41.607343" lon="2.644608">
        <ele>20.965</ele>
        <time>2026-05-09T18:02:07.853206319Z</time>
      </trkpt>
      <trkpt lat="41.607325" lon="2.644538">
        <ele>22.219</ele>
        <time>2026-05-09T18:02:47.853214294Z</time>
      </trkpt>
      <trkpt lat="41.607315" lon="2.644497">
        <ele>22.952</ele>
        <time>2026-05-09T18:03:27.853221398Z</time>
      </trkpt>
      <trkpt lat="41.607305" lon="2.644461">
        <ele>23.439</ele>
        <time>2026-05-09T18:04:07.853228361Z</time>
      </trkpt>
      <trkpt lat="41.607290" lon="2.644424">
        <ele>24.001</ele>
        <time>2026-05-09T18:04:47.853235384Z</time>
      </trkpt>
      <trkpt lat="41.607280" lon="2.644386">
        <ele>24.821</ele>
        <time>2026-05-09T18:05:27.853242237Z</time>
      </trkpt>
      <trkpt lat="41.607267" lon="2.644352">
        <ele>25.409</ele>
        <time>2026-05-09T18:06:07.853249180Z</time>
      </trkpt>
      <trkpt lat="41.607251" lon="2.644316">
        <ele>25.984</ele>
        <time>2026-05-09T18:06:47.853256073Z</time>
      </trkpt>
      <trkpt lat="41.607237" lon="2.644276">
        <ele>26.622</ele>
        <time>2026-05-09T18:07:27.853262875Z</time>
      </trkpt>
      <trkpt lat="41.607221" lon="2.644243">
        <ele>27.050</ele>
        <time>2026-05-09T18:08:07.853269638Z</time>
      </trkpt>
      <trkpt lat="41.607203" lon="2.644181">
        <ele>27.789</ele>
        <time>2026-05-09T18:08:47.853276541Z</time>
      </trkpt>
      <trkpt lat="41.607182" lon="2.644135">
        <ele>27.887</ele>
        <time>2026-05-09T18:09:27.853283434Z</time>
      </trkpt>
      <trkpt lat="41.607162" lon="2.644100">
        <ele>27.653</ele>
        <time>2026-05-09T18:10:07.853290317Z</time>
      </trkpt>
      <trkpt lat="41.607145" lon="2.644066">
        <ele>27.524</ele>
        <time>2026-05-09T18:10:47.853297170Z</time>
      </trkpt>
      <trkpt lat="41.607132" lon="2.644031">
        <ele>27.778</ele>
        <time>2026-05-09T18:11:27.853304032Z</time>
      </trkpt>
      <trkpt lat="41.607115" lon="2.643994">
        <ele>27.761</ele>
        <time>2026-05-09T18:12:07.853310895Z</time>
      </trkpt>
      <trkpt lat="41.607101" lon="2.643957">
        <ele>27.826</ele>
        <time>2026-05-09T18:12:47.853317808Z</time>
      </trkpt>
      <trkpt lat="41.607088" lon="2.643921">
        <ele>28.047</ele>
        <time>2026-05-09T18:13:27.853324841Z</time>
      </trkpt>
      <trkpt lat="41.607075" lon="2.643886">
        <ele>28.111</ele>
        <time>2026-05-09T18:14:07.853331754Z</time>
      </trkpt>
      <trkpt lat="41.607060" lon="2.643849">
        <ele>28.409</ele>
        <time>2026-05-09T18:14:47.853338888Z</time>
      </trkpt>
      <trkpt lat="41.607044" lon="2.643815">
        <ele>28.513</ele>
        <time>2026-05-09T18:15:27.853345801Z</time>
      </trkpt>
      <trkpt lat="41.607028" lon="2.643785">
        <ele>28.521</ele>
        <time>2026-05-09T18:16:07.853352683Z</time>
      </trkpt>
      <trkpt lat="41.607017" lon="2.643746">
        <ele>29.019</ele>
        <time>2026-05-09T18:16:47.853359887Z</time>
      </trkpt>
      <trkpt lat="41.607001" lon="2.643714">
        <ele>29.198</ele>
        <time>2026-05-09T18:17:27.853366740Z</time>
      </trkpt>
      <trkpt lat="41.606983" lon="2.643679">
        <ele>29.196</ele>
        <time>2026-05-09T18:18:07.853373953Z</time>
      </trkpt>
      <trkpt lat="41.606973" lon="2.643640">
        <ele>29.752</ele>
        <time>2026-05-09T18:18:47.853380736Z</time>
      </trkpt>
      <trkpt lat="41.606956" lon="2.643606">
        <ele>29.843</ele>
        <time>2026-05-09T18:19:27.853387549Z</time>
      </trkpt>
      <trkpt lat="41.606935" lon="2.643577">
        <ele>29.257</ele>
        <time>2026-05-09T18:20:07.853394712Z</time>
      </trkpt>
      <trkpt lat="41.606913" lon="2.643552">
        <ele>28.530</ele>
        <time>2026-05-09T18:20:47.853401665Z</time>
      </trkpt>
      <trkpt lat="41.606888" lon="2.643531">
        <ele>27.438</ele>
        <time>2026-05-09T18:21:27.853408638Z</time>
      </trkpt>
      <trkpt lat="41.606864" lon="2.643507">
        <ele>26.470</ele>
        <time>2026-05-09T18:22:07.853415511Z</time>
      </trkpt>
      <trkpt lat="41.606845" lon="2.643479">
        <ele>25.917</ele>
        <time>2026-05-09T18:22:47.853422755Z</time>
      </trkpt>
      <trkpt lat="41.606810" lon="2.643421">
        <ele>25.109</ele>
        <time>2026-05-09T18:23:27.853429657Z</time>
      </trkpt>
      <trkpt lat="41.606792" lon="2.643391">
        <ele>24.784</ele>
        <time>2026-05-09T18:24:07.853436721Z</time>
      </trkpt>
      <trkpt lat="41.606773" lon="2.643359">
        <ele>24.212</ele>
        <time>2026-05-09T18:24:47.853443563Z</time>
      </trkpt>
      <trkpt lat="41.606754" lon="2.643330">
        <ele>23.750</ele>
        <time>2026-05-09T18:25:27.853450426Z</time>
      </trkpt>
      <trkpt lat="41.606738" lon="2.643299">
        <ele>23.169</ele>
        <time>2026-05-09T18:26:07.853457299Z</time>
      </trkpt>
      <trkpt lat="41.606722" lon="2.643270">
        <ele>22.457</ele>
        <time>2026-05-09T18:26:47.853464122Z</time>
      </trkpt>
      <trkpt lat="41.606703" lon="2.643241">
        <ele>21.623</ele>
        <time>2026-05-09T18:27:27.853471025Z</time>
      </trkpt>
      <trkpt lat="41.606685" lon="2.643211">
        <ele>20.934</ele>
        <time>2026-05-09T18:28:07.853477918Z</time>
      </trkpt>
      <trkpt lat="41.606668" lon="2.643179">
        <ele>20.368</ele>
        <time>2026-05-09T18:28:47.853484791Z</time>
      </trkpt>
      <trkpt lat="41.606650" lon="2.643151">
        <ele>20.031</ele>
        <time>2026-05-09T18:29:27.853491573Z</time>
      </trkpt>
      <trkpt lat="41.606632" lon="2.643124">
        <ele>19.746</ele>
        <time>2026-05-09T18:30:07.853498486Z</time>
      </trkpt>
      <trkpt lat="41.606602" lon="2.643087">
        <ele>19.188</ele>
        <time>2026-05-09T18:30:47.853505399Z</time>
      </trkpt>
      <trkpt lat="41.606575" lon="2.643066">
        <ele>18.316</ele>
        <time>2026-05-09T18:31:27.853518133Z</time>
      </trkpt>
      <trkpt lat="41.606527" lon="2.643023">
        <ele>16.609</ele>
        <time>2026-05-09T18:32:07.853525166Z</time>
      </trkpt>
      <trkpt lat="41.606500" lon="2.643007">
        <ele>15.615</ele>
        <time>2026-05-09T18:32:47.853532049Z</time>
      </trkpt>
      <trkpt lat="41.606475" lon="2.642979">
        <ele>14.783</ele>
        <time>2026-05-09T18:33:27.853538922Z</time>
      </trkpt>
      <trkpt lat="41.606442" lon="2.642941">
        <ele>13.511</ele>
        <time>2026-05-09T18:34:07.853545825Z</time>
      </trkpt>
      <trkpt lat="41.606428" lon="2.642902">
        <ele>13.120</ele>
        <time>2026-05-09T18:34:47.853552648Z</time>
      </trkpt>
      <trkpt lat="41.606414" lon="2.642866">
        <ele>12.748</ele>
        <time>2026-05-09T18:35:27.853559470Z</time>
      </trkpt>
      <trkpt lat="41.606406" lon="2.642827">
        <ele>12.524</ele>
        <time>2026-05-09T18:36:07.853566323Z</time>
      </trkpt>
      <trkpt lat="41.606390" lon="2.642769">
        <ele>12.195</ele>
        <time>2026-05-09T18:36:47.853573176Z</time>
      </trkpt>
      <trkpt lat="41.606382" lon="2.642727">
        <ele>12.519</ele>
        <time>2026-05-09T18:37:27.853580009Z</time>
      </trkpt>
      <trkpt lat="41.606393" lon="2.642693">
        <ele>13.192</ele>
        <time>2026-05-09T18:38:07.853586802Z</time>
      </trkpt>
      <trkpt lat="41.606435" lon="2.642660">
        <ele>15.041</ele>
        <time>2026-05-09T18:38:47.853593755Z</time>
      </trkpt>
      <trkpt lat="41.606461" lon="2.642643">
        <ele>16.181</ele>
        <time>2026-05-09T18:39:27.853600678Z</time>
      </trkpt>
      <trkpt lat="41.606515" lon="2.642644">
        <ele>18.009</ele>
        <time>2026-05-09T18:40:07.853607530Z</time>
      </trkpt>
      <trkpt lat="41.606547" lon="2.642642">
        <ele>19.209</ele>
        <time>2026-05-09T18:40:47.853614383Z</time>
      </trkpt>
      <trkpt lat="41.606576" lon="2.642629">
        <ele>20.315</ele>
        <time>2026-05-09T18:41:27.853621266Z</time>
      </trkpt>
      <trkpt lat="41.606604" lon="2.642606">
        <ele>21.493</ele>
        <time>2026-05-09T18:42:07.853628199Z</time>
      </trkpt>
      <trkpt lat="41.606630" lon="2.642576">
        <ele>22.541</ele>
        <time>2026-05-09T18:42:47.853635072Z</time>
      </trkpt>
      <trkpt lat="41.606651" lon="2.642545">
        <ele>23.380</ele>
        <time>2026-05-09T18:43:27.853641935Z</time>
      </trkpt>
      <trkpt lat="41.606666" lon="2.642504">
        <ele>24.048</ele>
        <time>2026-05-09T18:44:07.853648727Z</time>
      </trkpt>
      <trkpt lat="41.606678" lon="2.642467">
        <ele>24.774</ele>
        <time>2026-05-09T18:44:47.853655560Z</time>
      </trkpt>
      <trkpt lat="41.606686" lon="2.642432">
        <ele>25.315</ele>
        <time>2026-05-09T18:45:27.853662463Z</time>
      </trkpt>
      <trkpt lat="41.606696" lon="2.642393">
        <ele>26.149</ele>
        <time>2026-05-09T18:46:07.853669276Z</time>
      </trkpt>
      <trkpt lat="41.606703" lon="2.642354">
        <ele>26.712</ele>
        <time>2026-05-09T18:46:47.853676269Z</time>
      </trkpt>
      <trkpt lat="41.606705" lon="2.642273">
        <ele>27.423</ele>
        <time>2026-05-09T18:47:27.853683122Z</time>
      </trkpt>
      <trkpt lat="41.606704" lon="2.642229">
        <ele>27.783</ele>
        <time>2026-05-09T18:48:07.853689985Z</time>
      </trkpt>
      <trkpt lat="41.606703" lon="2.642191">
        <ele>28.111</ele>
        <time>2026-05-09T18:48:47.853696827Z</time>
      </trkpt>
      <trkpt lat="41.606697" lon="2.642150">
        <ele>28.409</ele>
        <time>2026-05-09T18:49:27.853703700Z</time>
      </trkpt>
      <trkpt lat="41.606692" lon="2.642107">
        <ele>28.873</ele>
        <time>2026-05-09T18:50:07.853710553Z</time>
      </trkpt>
      <trkpt lat="41.606688" lon="2.642065">
        <ele>29.241</ele>
        <time>2026-05-09T18:50:47.853717376Z</time>
      </trkpt>
      <trkpt lat="41.606680" lon="2.642024">
        <ele>29.429</ele>
        <time>2026-05-09T18:51:27.853724189Z</time>
      </trkpt>
      <trkpt lat="41.606672" lon="2.641977">
        <ele>29.838</ele>
        <time>2026-05-09T18:52:07.853731082Z</time>
      </trkpt>
      <trkpt lat="41.606666" lon="2.641938">
        <ele>30.066</ele>
        <time>2026-05-09T18:52:47.853738666Z</time>
      </trkpt>
      <trkpt lat="41.606656" lon="2.641898">
        <ele>29.622</ele>
        <time>2026-05-09T18:53:27.853745489Z</time>
      </trkpt>
      <trkpt lat="41.606648" lon="2.641859">
        <ele>29.273</ele>
        <time>2026-05-09T18:54:07.853752311Z</time>
      </trkpt>
      <trkpt lat="41.606639" lon="2.641816">
        <ele>28.737</ele>
        <time>2026-05-09T18:54:47.853759164Z</time>
      </trkpt>
      <trkpt lat="41.606619" lon="2.641743">
        <ele>27.630</ele>
        <time>2026-05-09T18:55:27.853766077Z</time>
      </trkpt>
      <trkpt lat="41.606607" lon="2.641701">
        <ele>26.984</ele>
        <time>2026-05-09T18:56:07.853772960Z</time>
      </trkpt>
      <trkpt lat="41.606597" lon="2.641662">
        <ele>26.307</ele>
        <time>2026-05-09T18:56:47.853779873Z</time>
      </trkpt>
      <trkpt lat="41.606585" lon="2.641622">
        <ele>26.517</ele>
        <time>2026-05-09T18:57:27.853786726Z</time>
      </trkpt>
      <trkpt lat="41.606571" lon="2.641581">
        <ele>26.609</ele>
        <time>2026-05-09T18:58:07.853793548Z</time>
      </trkpt>
      <trkpt lat="41.606556" lon="2.641545">
        <ele>26.679</ele>
        <time>2026-05-09T18:58:47.853800361Z</time>
      </trkpt>
      <trkpt lat="41.606539" lon="2.641509">
        <ele>26.797</ele>
        <time>2026-05-09T18:59:27.853807194Z</time>
      </trkpt>
      <trkpt lat="41.606527" lon="2.641468">
        <ele>27.155</ele>
        <time>2026-05-09T19:00:07.853814007Z</time>
      </trkpt>
      <trkpt lat="41.606513" lon="2.641431">
        <ele>27.414</ele>
        <time>2026-05-09T19:00:47.853820960Z</time>
      </trkpt>
      <trkpt lat="41.606506" lon="2.641396">
        <ele>28.072</ele>
        <time>2026-05-09T19:01:27.853827933Z</time>
      </trkpt>
      <trkpt lat="41.606490" lon="2.641363">
        <ele>28.498</ele>
        <time>2026-05-09T19:02:07.853834806Z</time>
      </trkpt>
      <trkpt lat="41.606466" lon="2.641326">
        <ele>28.719</ele>
        <time>2026-05-09T19:02:47.853841769Z</time>
      </trkpt>
      <trkpt lat="41.606455" lon="2.641286">
        <ele>29.423</ele>
        <time>2026-05-09T19:03:27.853848732Z</time>
      </trkpt>
      <trkpt lat="41.606440" lon="2.641247">
        <ele>30.016</ele>
        <time>2026-05-09T19:04:07.853855635Z</time>
      </trkpt>
      <trkpt lat="41.606427" lon="2.641210">
        <ele>30.671</ele>
        <time>2026-05-09T19:04:47.853862638Z</time>
      </trkpt>
      <trkpt lat="41.606411" lon="2.641172">
        <ele>31.141</ele>
        <time>2026-05-09T19:05:27.853869561Z</time>
      </trkpt>
      <trkpt lat="41.606391" lon="2.641144">
        <ele>31.115</ele>
        <time>2026-05-09T19:06:07.853876384Z</time>
      </trkpt>
      <trkpt lat="41.606363" lon="2.641092">
        <ele>31.609</ele>
        <time>2026-05-09T19:06:47.853883206Z</time>
      </trkpt>
      <trkpt lat="41.606347" lon="2.641060">
        <ele>31.818</ele>
        <time>2026-05-09T19:07:27.853890049Z</time>
      </trkpt>
      <trkpt lat="41.606326" lon="2.641020">
        <ele>31.986</ele>
        <time>2026-05-09T19:08:07.853896902Z</time>
      </trkpt>
      <trkpt lat="41.606310" lon="2.640982">
        <ele>32.034</ele>
        <time>2026-05-09T19:08:47.853903725Z</time>
      </trkpt>
      <trkpt lat="41.606292" lon="2.640951">
        <ele>31.963</ele>
        <time>2026-05-09T19:09:27.853910517Z</time>
      </trkpt>
      <trkpt lat="41.606254" lon="2.640912">
        <ele>31.091</ele>
        <time>2026-05-09T19:10:07.853917370Z</time>
      </trkpt>
      <trkpt lat="41.606235" lon="2.640882">
        <ele>30.777</ele>
        <time>2026-05-09T19:10:47.853924273Z</time>
      </trkpt>
      <trkpt lat="41.606212" lon="2.640857">
        <ele>30.168</ele>
        <time>2026-05-09T19:11:27.853936646Z</time>
      </trkpt>
      <trkpt lat="41.606184" lon="2.640829">
        <ele>29.282</ele>
        <time>2026-05-09T19:12:07.853943509Z</time>
      </trkpt>
      <trkpt lat="41.606160" lon="2.640807">
        <ele>28.475</ele>
        <time>2026-05-09T19:12:47.853950362Z</time>
      </trkpt>
      <trkpt lat="41.606137" lon="2.640787">
        <ele>27.636</ele>
        <time>2026-05-09T19:13:27.853957255Z</time>
      </trkpt>
      <trkpt lat="41.606112" lon="2.640766">
        <ele>26.817</ele>
        <time>2026-05-09T19:14:07.853964188Z</time>
      </trkpt>
      <trkpt lat="41.606081" lon="2.640747">
        <ele>25.818</ele>
        <time>2026-05-09T19:14:47.853971111Z</time>
      </trkpt>
      <trkpt lat="41.606050" lon="2.640744">
        <ele>24.809</ele>
        <time>2026-05-09T19:15:27.853977924Z</time>
      </trkpt>
      <trkpt lat="41.606019" lon="2.640740">
        <ele>23.784</ele>
        <time>2026-05-09T19:16:07.853984796Z</time>
      </trkpt>
      <trkpt lat="41.605992" lon="2.640722">
        <ele>22.952</ele>
        <time>2026-05-09T19:16:47.853991609Z</time>
      </trkpt>
      <trkpt lat="41.605966" lon="2.640705">
        <ele>22.290</ele>
        <time>2026-05-09T19:17:27.853998492Z</time>
      </trkpt>
      <trkpt lat="41.605939" lon="2.640708">
        <ele>21.249</ele>
        <time>2026-05-09T19:18:07.854005355Z</time>
      </trkpt>
      <trkpt lat="41.605916" lon="2.640728">
        <ele>20.127</ele>
        <time>2026-05-09T19:18:47.854012228Z</time>
      </trkpt>
      <trkpt lat="41.605955" lon="2.640754">
        <ele>21.233</ele>
        <time>2026-05-09T19:19:27.854019051Z</time>
      </trkpt>
      <trkpt lat="41.605986" lon="2.640768">
        <ele>22.264</ele>
        <time>2026-05-09T19:20:07.854025813Z</time>
      </trkpt>
      <trkpt lat="41.606031" lon="2.640788">
        <ele>23.668</ele>
        <time>2026-05-09T19:20:47.854032666Z</time>
      </trkpt>
      <trkpt lat="41.606082" lon="2.640810">
        <ele>25.221</ele>
        <time>2026-05-09T19:21:27.854039529Z</time>
      </trkpt>
      <trkpt lat="41.606111" lon="2.640823">
        <ele>26.154</ele>
        <time>2026-05-09T19:22:07.854046452Z</time>
      </trkpt>
      <trkpt lat="41.606157" lon="2.640844">
        <ele>27.956</ele>
        <time>2026-05-09T19:22:47.854053635Z</time>
      </trkpt>
      <trkpt lat="41.606190" lon="2.640868">
        <ele>29.011</ele>
        <time>2026-05-09T19:23:27.854060478Z</time>
      </trkpt>
      <trkpt lat="41.606229" lon="2.640877">
        <ele>30.509</ele>
        <time>2026-05-09T19:24:07.854067331Z</time>
      </trkpt>
      <trkpt lat="41.606256" lon="2.640888">
        <ele>31.526</ele>
        <time>2026-05-09T19:24:47.854074254Z</time>
      </trkpt>
      <trkpt lat="41.606282" lon="2.640901">
        <ele>32.324</ele>
        <time>2026-05-09T19:25:27.854081087Z</time>
      </trkpt>
      <trkpt lat="41.606335" lon="2.640924">
        <ele>34.012</ele>
        <time>2026-05-09T19:26:07.854088Z</time>
      </trkpt>
      <trkpt lat="41.606361" lon="2.640936">
        <ele>34.741</ele>
        <time>2026-05-09T19:26:47.854094862Z</time>
      </trkpt>
      <trkpt lat="41.606390" lon="2.640947">
        <ele>35.679</ele>
        <time>2026-05-09T19:27:27.854101715Z</time>
      </trkpt>
      <trkpt lat="41.606419" lon="2.640953">
        <ele>36.575</ele>
        <time>2026-05-09T19:28:07.854108588Z</time>
      </trkpt>
      <trkpt lat="41.606446" lon="2.640963">
        <ele>37.426</ele>
        <time>2026-05-09T19:28:47.854115561Z</time>
      </trkpt>
      <trkpt lat="41.606471" lon="2.640975">
        <ele>38.010</ele>
        <time>2026-05-09T19:29:27.854122434Z</time>
      </trkpt>
      <trkpt lat="41.606519" lon="2.641001">
        <ele>39.333</ele>
        <time>2026-05-09T19:30:07.854129377Z</time>
      </trkpt>
      <trkpt lat="41.606548" lon="2.641010">
        <ele>40.356</ele>
        <time>2026-05-09T19:30:47.854136290Z</time>
      </trkpt>
      <trkpt lat="41.606579" lon="2.641015">
        <ele>41.459</ele>
        <time>2026-05-09T19:31:27.854143253Z</time>
      </trkpt>
      <trkpt lat="41.606612" lon="2.641027">
        <ele>42.414</ele>
        <time>2026-05-09T19:32:07.854150106Z</time>
      </trkpt>
      <trkpt lat="41.606637" lon="2.641076">
        <ele>42.509</ele>
        <time>2026-05-09T19:32:47.854156969Z</time>
      </trkpt>
      <trkpt lat="41.606669" lon="2.641140">
        <ele>42.186</ele>
        <time>2026-05-09T19:33:27.854163821Z</time>
      </trkpt>
      <trkpt lat="41.606689" lon="2.641173">
        <ele>41.844</ele>
        <time>2026-05-09T19:34:07.854170634Z</time>
      </trkpt>
      <trkpt lat="41.606703" lon="2.641209">
        <ele>41.312</ele>
        <time>2026-05-09T19:34:47.854177457Z</time>
      </trkpt>
      <trkpt lat="41.606718" lon="2.641244">
        <ele>40.961</ele>
        <time>2026-05-09T19:35:27.854184290Z</time>
      </trkpt>
      <trkpt lat="41.606737" lon="2.641272">
        <ele>40.959</ele>
        <time>2026-05-09T19:36:07.854191183Z</time>
      </trkpt>
      <trkpt lat="41.606752" lon="2.641302">
        <ele>40.835</ele>
        <time>2026-05-09T19:36:47.854198056Z</time>
      </trkpt>
      <trkpt lat="41.606767" lon="2.641334">
        <ele>40.826</ele>
        <time>2026-05-09T19:37:27.854204988Z</time>
      </trkpt>
      <trkpt lat="41.606783" lon="2.641367">
        <ele>40.840</ele>
        <time>2026-05-09T19:38:07.854211931Z</time>
      </trkpt>
      <trkpt lat="41.606821" lon="2.641421">
        <ele>41.933</ele>
        <time>2026-05-09T19:38:47.854218854Z</time>
      </trkpt>
      <trkpt lat="41.606842" lon="2.641453">
        <ele>42.752</ele>
        <time>2026-05-09T19:39:27.854225757Z</time>
      </trkpt>
      <trkpt lat="41.606858" lon="2.641491">
        <ele>43.153</ele>
        <time>2026-05-09T19:40:07.854232700Z</time>
      </trkpt>
      <trkpt lat="41.606888" lon="2.641536">
        <ele>44.308</ele>
        <time>2026-05-09T19:40:47.854239593Z</time>
      </trkpt>
      <trkpt lat="41.606906" lon="2.641562">
        <ele>45.009</ele>
        <time>2026-05-09T19:41:27.854246446Z</time>
      </trkpt>
      <trkpt lat="41.606926" lon="2.641591">
        <ele>45.896</ele>
        <time>2026-05-09T19:42:07.854253299Z</time>
      </trkpt>
      <trkpt lat="41.606941" lon="2.641631">
        <ele>46.274</ele>
        <time>2026-05-09T19:42:47.854261825Z</time>
      </trkpt>
      <trkpt lat="41.606967" lon="2.641695">
        <ele>46.752</ele>
        <time>2026-05-09T19:43:27.854272605Z</time>
      </trkpt>
      <trkpt lat="41.606975" lon="2.641735">
        <ele>46.581</ele>
        <time>2026-05-09T19:44:07.854279538Z</time>
      </trkpt>
      <trkpt lat="41.606988" lon="2.641780">
        <ele>46.629</ele>
        <time>2026-05-09T19:44:47.854286451Z</time>
      </trkpt>
      <trkpt lat="41.606979" lon="2.641819">
        <ele>45.685</ele>
        <time>2026-05-09T19:45:27.854293274Z</time>
      </trkpt>
      <trkpt lat="41.606974" lon="2.641857">
        <ele>44.996</ele>
        <time>2026-05-09T19:46:07.854300227Z</time>
      </trkpt>
      <trkpt lat="41.606966" lon="2.641899">
        <ele>43.960</ele>
        <time>2026-05-09T19:46:47.854307110Z</time>
      </trkpt>
      <trkpt lat="41.606955" lon="2.641940">
        <ele>42.733</ele>
        <time>2026-05-09T19:47:27.854314033Z</time>
      </trkpt>
      <trkpt lat="41.606946" lon="2.641981">
        <ele>41.782</ele>
        <time>2026-05-09T19:48:07.854320966Z</time>
      </trkpt>
      <trkpt lat="41.606952" lon="2.642046">
        <ele>41.343</ele>
        <time>2026-05-09T19:48:47.854327989Z</time>
      </trkpt>
      <trkpt lat="41.606973" lon="2.642096">
        <ele>42.017</ele>
        <time>2026-05-09T19:49:27.854334942Z</time>
      </trkpt>
      <trkpt lat="41.607005" lon="2.642040">
        <ele>44.509</ele>
        <time>2026-05-09T19:50:07.854341925Z</time>
      </trkpt>
      <trkpt lat="41.607022" lon="2.641991">
        <ele>46.029</ele>
        <time>2026-05-09T19:50:47.854355009Z</time>
      </trkpt>
      <trkpt lat="41.607037" lon="2.641931">
        <ele>47.557</ele>
        <time>2026-05-09T19:51:27.854362453Z</time>
      </trkpt>
      <trkpt lat="41.607042" lon="2.641894">
        <ele>48.255</ele>
        <time>2026-05-09T19:52:07.854369336Z</time>
      </trkpt>
      <trkpt lat="41.607045" lon="2.641858">
        <ele>48.774</ele>
        <time>2026-05-09T19:52:47.854376419Z</time>
      </trkpt>
      <trkpt lat="41.607066" lon="2.641791">
        <ele>50.542</ele>
        <time>2026-05-09T19:53:27.854383392Z</time>
      </trkpt>
      <trkpt lat="41.607091" lon="2.641740">
        <ele>52.268</ele>
        <time>2026-05-09T19:54:07.854390235Z</time>
      </trkpt>
      <trkpt lat="41.607138" lon="2.641710">
        <ele>54.869</ele>
        <time>2026-05-09T19:54:47.854398130Z</time>
      </trkpt>
      <trkpt lat="41.607129" lon="2.641640">
        <ele>54.713</ele>
        <time>2026-05-09T19:55:27.854405063Z</time>
      </trkpt>
      <trkpt lat="41.607093" lon="2.641590">
        <ele>53.226</ele>
        <time>2026-05-09T19:56:07.854411916Z</time>
      </trkpt>
      <trkpt lat="41.607095" lon="2.641526">
        <ele>53.586</ele>
        <time>2026-05-09T19:56:47.854419069Z</time>
      </trkpt>
      <trkpt lat="41.607102" lon="2.641463">
        <ele>53.960</ele>
        <time>2026-05-09T19:57:27.854426343Z</time>
      </trkpt>
      <trkpt lat="41.607105" lon="2.641399">
        <ele>54.226</ele>
        <time>2026-05-09T19:58:07.854433256Z</time>
      </trkpt>
      <trkpt lat="41.607150" lon="2.641405">
        <ele>55.709</ele>
        <time>2026-05-09T19:58:47.854440229Z</time>
      </trkpt>
      <trkpt lat="41.607185" lon="2.641456">
        <ele>56.989</ele>
        <time>2026-05-09T19:59:27.854447092Z</time>
      </trkpt>
      <trkpt lat="41.607199" lon="2.641488">
        <ele>57.537</ele>
        <time>2026-05-09T20:00:07.854453904Z</time>
      </trkpt>
      <trkpt lat="41.607231" lon="2.641534">
        <ele>58.975</ele>
        <time>2026-05-09T20:00:47.854461028Z</time>
      </trkpt>
      <trkpt lat="41.607260" lon="2.641588">
        <ele>60.574</ele>
        <time>2026-05-09T20:01:27.854468071Z</time>
      </trkpt>
      <trkpt lat="41.607296" lon="2.641631">
        <ele>62.532</ele>
        <time>2026-05-09T20:02:07.854475014Z</time>
      </trkpt>
      <trkpt lat="41.607315" lon="2.641658">
        <ele>63.678</ele>
        <time>2026-05-09T20:02:47.854482297Z</time>
      </trkpt>
      <trkpt lat="41.607332" lon="2.641710">
        <ele>64.479</ele>
        <time>2026-05-09T20:03:27.854489451Z</time>
      </trkpt>
      <trkpt lat="41.607348" lon="2.641744">
        <ele>65.253</ele>
        <time>2026-05-09T20:04:07.854496364Z</time>
      </trkpt>
      <trkpt lat="41.607360" lon="2.641780">
        <ele>65.746</ele>
        <time>2026-05-09T20:04:47.854503337Z</time>
      </trkpt>
      <trkpt lat="41.607365" lon="2.641847">
        <ele>65.961</ele>
        <time>2026-05-09T20:05:27.854510290Z</time>
      </trkpt>
      <trkpt lat="41.607367" lon="2.641885">
        <ele>65.921</ele>
        <time>2026-05-09T20:06:07.854517193Z</time>
      </trkpt>
      <trkpt lat="41.607368" lon="2.641922">
        <ele>65.913</ele>
        <time>2026-05-09T20:06:47.854524106Z</time>
      </trkpt>
      <trkpt lat="41.607363" lon="2.641991">
        <ele>65.409</ele>
        <time>2026-05-09T20:07:27.854531049Z</time>
      </trkpt>
      <trkpt lat="41.607366" lon="2.642062">
        <ele>65.287</ele>
        <time>2026-05-09T20:08:07.854538022Z</time>
      </trkpt>
      <trkpt lat="41.607372" lon="2.642105">
        <ele>65.385</ele>
        <time>2026-05-09T20:08:47.854544875Z</time>
      </trkpt>
      <trkpt lat="41.607378" lon="2.642150">
        <ele>65.413</ele>
        <time>2026-05-09T20:09:27.854551727Z</time>
      </trkpt>
      <trkpt lat="41.607390" lon="2.642217">
        <ele>65.982</ele>
        <time>2026-05-09T20:10:07.854558690Z</time>
      </trkpt>
      <trkpt lat="41.607395" lon="2.642260">
        <ele>65.850</ele>
        <time>2026-05-09T20:10:47.854565573Z</time>
      </trkpt>
      <trkpt lat="41.607394" lon="2.642296">
        <ele>65.496</ele>
        <time>2026-05-09T20:11:27.854572476Z</time>
      </trkpt>
      <trkpt lat="41.607397" lon="2.642335">
        <ele>65.227</ele>
        <time>2026-05-09T20:12:07.854579479Z</time>
      </trkpt>
      <trkpt lat="41.607388" lon="2.642396">
        <ele>64.081</ele>
        <time>2026-05-09T20:12:47.854586402Z</time>
      </trkpt>
      <trkpt lat="41.607388" lon="2.642435">
        <ele>63.684</ele>
        <time>2026-05-09T20:13:27.854593325Z</time>
      </trkpt>
      <trkpt lat="41.607413" lon="2.642448">
        <ele>64.944</ele>
        <time>2026-05-09T20:14:07.854600258Z</time>
      </trkpt>
      <trkpt lat="41.607449" lon="2.642412">
        <ele>67.305</ele>
        <time>2026-05-09T20:14:47.854607181Z</time>
      </trkpt>
      <trkpt lat="41.607467" lon="2.642384">
        <ele>68.715</ele>
        <time>2026-05-09T20:15:27.854614074Z</time>
      </trkpt>
      <trkpt lat="41.607484" lon="2.642354">
        <ele>70.109</ele>
        <time>2026-05-09T20:16:07.854620977Z</time>
      </trkpt>
      <trkpt lat="41.607517" lon="2.642299">
        <ele>72.295</ele>
        <time>2026-05-09T20:16:47.854627840Z</time>
      </trkpt>
      <trkpt lat="41.607547" lon="2.642254">
        <ele>73.463</ele>
        <time>2026-05-09T20:17:27.854634693Z</time>
      </trkpt>
      <trkpt lat="41.607576" lon="2.642212">
        <ele>74.451</ele>
        <time>2026-05-09T20:18:07.854641646Z</time>
      </trkpt>
      <trkpt lat="41.607595" lon="2.642147">
        <ele>75.020</ele>
        <time>2026-05-09T20:18:47.854648519Z</time>
      </trkpt>
      <trkpt lat="41.607611" lon="2.642080">
        <ele>75.688</ele>
        <time>2026-05-09T20:19:27.854655462Z</time>
      </trkpt>
      <trkpt lat="41.607632" lon="2.642021">
        <ele>76.444</ele>
        <time>2026-05-09T20:20:07.854662344Z</time>
      </trkpt>
      <trkpt lat="41.607664" lon="2.641993">
        <ele>77.495</ele>
        <time>2026-05-09T20:20:47.854669247Z</time>
      </trkpt>
      <trkpt lat="41.607676" lon="2.641936">
        <ele>78.169</ele>
        <time>2026-05-09T20:21:27.854676120Z</time>
      </trkpt>
      <trkpt lat="41.607656" lon="2.641976">
        <ele>77.312</ele>
        <time>2026-05-09T20:22:07.854683033Z</time>
      </trkpt>
      <trkpt lat="41.607643" lon="2.642014">
        <ele>76.761</ele>
        <time>2026-05-09T20:22:47.854689956Z</time>
      </trkpt>
      <trkpt lat="41.607633" lon="2.642050">
        <ele>76.321</ele>
        <time>2026-05-09T20:23:27.854696899Z</time>
      </trkpt>
      <trkpt lat="41.607610" lon="2.642102">
        <ele>75.513</ele>
        <time>2026-05-09T20:24:07.854703762Z</time>
      </trkpt>
      <trkpt lat="41.607583" lon="2.642166">
        <ele>74.709</ele>
        <time>2026-05-09T20:24:47.854710715Z</time>
      </trkpt>
      <trkpt lat="41.607562" lon="2.642224">
        <ele>74.167</ele>
        <time>2026-05-09T20:25:27.854717608Z</time>
      </trkpt>
      <trkpt lat="41.607547" lon="2.642256">
        <ele>73.425</ele>
        <time>2026-05-09T20:26:07.854724541Z</time>
      </trkpt>
      <trkpt lat="41.607507" lon="2.642314">
        <ele>71.893</ele>
        <time>2026-05-09T20:26:47.854731414Z</time>
      </trkpt>
      <trkpt lat="41.607486" lon="2.642342">
        <ele>70.432</ele>
        <time>2026-05-09T20:27:27.854738226Z</time>
      </trkpt>
      <trkpt lat="41.607465" lon="2.642373">
        <ele>68.870</ele>
        <time>2026-05-09T20:28:07.854745079Z</time>
      </trkpt>
      <trkpt lat="41.607441" lon="2.642429">
        <ele>66.736</ele>
        <time>2026-05-09T20:28:47.854751972Z</time>
      </trkpt>
      <trkpt lat="41.607423" lon="2.642458">
        <ele>65.357</ele>
        <time>2026-05-09T20:29:27.854758815Z</time>
      </trkpt>
      <trkpt lat="41.607384" lon="2.642507">
        <ele>62.761</ele>
        <time>2026-05-09T20:30:07.854771208Z</time>
      </trkpt>
      <trkpt lat="41.607380" lon="2.642567">
        <ele>62.024</ele>
        <time>2026-05-09T20:30:47.854778261Z</time>
      </trkpt>
      <trkpt lat="41.607388" lon="2.642602">
        <ele>62.152</ele>
        <time>2026-05-09T20:31:27.854785274Z</time>
      </trkpt>
      <trkpt lat="41.607367" lon="2.642666">
        <ele>60.653</ele>
        <time>2026-05-09T20:32:07.854792177Z</time>
      </trkpt>
      <trkpt lat="41.607352" lon="2.642704">
        <ele>59.608</ele>
        <time>2026-05-09T20:32:47.854799421Z</time>
      </trkpt>
      <trkpt lat="41.607347" lon="2.642740">
        <ele>59.109</ele>
        <time>2026-05-09T20:33:27.854806324Z</time>
      </trkpt>
      <trkpt lat="41.607343" lon="2.642785">
        <ele>58.616</ele>
        <time>2026-05-09T20:34:07.854813197Z</time>
      </trkpt>
      <trkpt lat="41.607339" lon="2.642821">
        <ele>58.034</ele>
        <time>2026-05-09T20:34:47.854820090Z</time>
      </trkpt>
      <trkpt lat="41.607356" lon="2.642876">
        <ele>58.152</ele>
        <time>2026-05-09T20:35:27.854827003Z</time>
      </trkpt>
      <trkpt lat="41.607375" lon="2.642910">
        <ele>58.421</ele>
        <time>2026-05-09T20:36:07.854833926Z</time>
      </trkpt>
      <trkpt lat="41.607392" lon="2.642942">
        <ele>58.529</ele>
        <time>2026-05-09T20:36:47.854840989Z</time>
      </trkpt>
      <trkpt lat="41.607415" lon="2.642970">
        <ele>58.975</ele>
        <time>2026-05-09T20:37:27.854847952Z</time>
      </trkpt>
      <trkpt lat="41.607438" lon="2.642995">
        <ele>59.336</ele>
        <time>2026-05-09T20:38:07.854854895Z</time>
      </trkpt>
      <trkpt lat="41.607461" lon="2.643031">
        <ele>59.350</ele>
        <time>2026-05-09T20:38:47.854861838Z</time>
      </trkpt>
      <trkpt lat="41.607487" lon="2.643092">
        <ele>59.283</ele>
        <time>2026-05-09T20:39:27.854868901Z</time>
      </trkpt>
      <trkpt lat="41.607502" lon="2.643124">
        <ele>59.321</ele>
        <time>2026-05-09T20:40:07.854875904Z</time>
      </trkpt>
      <trkpt lat="41.607540" lon="2.643170">
        <ele>58.841</ele>
        <time>2026-05-09T20:40:47.854882927Z</time>
      </trkpt>
      <trkpt lat="41.607562" lon="2.643193">
        <ele>58.505</ele>
        <time>2026-05-09T20:41:27.854889830Z</time>
      </trkpt>
      <trkpt lat="41.607602" lon="2.643238">
        <ele>57.809</ele>
        <time>2026-05-09T20:42:07.854896693Z</time>
      </trkpt>
      <trkpt lat="41.607651" lon="2.643262">
        <ele>57.283</ele>
        <time>2026-05-09T20:42:47.854903626Z</time>
      </trkpt>
      <trkpt lat="41.607679" lon="2.643275">
        <ele>56.991</ele>
        <time>2026-05-09T20:43:27.854910459Z</time>
      </trkpt>
      <trkpt lat="41.607730" lon="2.643303">
        <ele>56.099</ele>
        <time>2026-05-09T20:44:07.854917322Z</time>
      </trkpt>
      <trkpt lat="41.607759" lon="2.643309">
        <ele>55.728</ele>
        <time>2026-05-09T20:44:47.854924245Z</time>
      </trkpt>
      <trkpt lat="41.607800" lon="2.643314">
        <ele>55.596</ele>
        <time>2026-05-09T20:45:27.854931188Z</time>
      </trkpt>
      <trkpt lat="41.607853" lon="2.643322">
        <ele>55.332</ele>
        <time>2026-05-09T20:46:07.854938121Z</time>
      </trkpt>
      <trkpt lat="41.607888" lon="2.643322">
        <ele>55.363</ele>
        <time>2026-05-09T20:46:47.854945074Z</time>
      </trkpt>
      <trkpt lat="41.607918" lon="2.643317">
        <ele>55.427</ele>
        <time>2026-05-09T20:47:27.854951976Z</time>
      </trkpt>
      <trkpt lat="41.607966" lon="2.643309">
        <ele>55.630</ele>
        <time>2026-05-09T20:48:07.854958929Z</time>
      </trkpt>
      <trkpt lat="41.608021" lon="2.643319">
        <ele>55.346</ele>
        <time>2026-05-09T20:48:47.854965953Z</time>
      </trkpt>
      <trkpt lat="41.608052" lon="2.643330">
        <ele>55.188</ele>
        <time>2026-05-09T20:49:27.854972946Z</time>
      </trkpt>
      <trkpt lat="41.608075" lon="2.643360">
        <ele>54.616</ele>
        <time>2026-05-09T20:50:07.854979949Z</time>
      </trkpt>
      <trkpt lat="41.608088" lon="2.643409">
        <ele>53.709</ele>
        <time>2026-05-09T20:50:47.854986932Z</time>
      </trkpt>
      <trkpt lat="41.608098" lon="2.643451">
        <ele>52.985</ele>
        <time>2026-05-09T20:51:27.854993885Z</time>
      </trkpt>
      <trkpt lat="41.608107" lon="2.643488">
        <ele>52.213</ele>
        <time>2026-05-09T20:52:07.855000838Z</time>
      </trkpt>
      <trkpt lat="41.608125" lon="2.643545">
        <ele>51.261</ele>
        <time>2026-05-09T20:52:47.855007801Z</time>
      </trkpt>
      <trkpt lat="41.608140" lon="2.643580">
        <ele>50.680</ele>
        <time>2026-05-09T20:53:27.855014794Z</time>
      </trkpt>
      <trkpt lat="41.608148" lon="2.643621">
        <ele>49.758</ele>
        <time>2026-05-09T20:54:07.855021757Z</time>
      </trkpt>
      <trkpt lat="41.608152" lon="2.643659">
        <ele>48.714</ele>
        <time>2026-05-09T20:54:47.855028700Z</time>
      </trkpt>
      <trkpt lat="41.608162" lon="2.643695">
        <ele>47.865</ele>
        <time>2026-05-09T20:55:27.855035643Z</time>
      </trkpt>
      <trkpt lat="41.608188" lon="2.643734">
        <ele>46.999</ele>
        <time>2026-05-09T20:56:07.855042576Z</time>
      </trkpt>
      <trkpt lat="41.608216" lon="2.643787">
        <ele>45.632</ele>
        <time>2026-05-09T20:56:47.855049489Z</time>
      </trkpt>
      <trkpt lat="41.608230" lon="2.643820">
        <ele>44.759</ele>
        <time>2026-05-09T20:57:27.855056522Z</time>
      </trkpt>
      <trkpt lat="41.608245" lon="2.643856">
        <ele>43.703</ele>
        <time>2026-05-09T20:58:07.855063505Z</time>
      </trkpt>
      <trkpt lat="41.608256" lon="2.643892">
        <ele>42.723</ele>
        <time>2026-05-09T20:58:47.855070448Z</time>
      </trkpt>
      <trkpt lat="41.608263" lon="2.643930">
        <ele>41.909</ele>
        <time>2026-05-09T20:59:27.855077421Z</time>
      </trkpt>
      <trkpt lat="41.608268" lon="2.643968">
        <ele>41.186</ele>
        <time>2026-05-09T21:00:07.855084364Z</time>
      </trkpt>
      <trkpt lat="41.608277" lon="2.644032">
        <ele>39.814</ele>
        <time>2026-05-09T21:00:47.855091407Z</time>
      </trkpt>
      <trkpt lat="41.608284" lon="2.644068">
        <ele>39.112</ele>
        <time>2026-05-09T21:01:27.855098380Z</time>
      </trkpt>
      <trkpt lat="41.608249" lon="2.644097">
        <ele>38.471</ele>
        <time>2026-05-09T21:02:07.855105424Z</time>
      </trkpt>
      <trkpt lat="41.608201" lon="2.644122">
        <ele>37.919</ele>
        <time>2026-05-09T21:02:47.855112387Z</time>
      </trkpt>
      <trkpt lat="41.608173" lon="2.644128">
        <ele>37.815</ele>
        <time>2026-05-09T21:03:27.855119260Z</time>
      </trkpt>
      <trkpt lat="41.608144" lon="2.644143">
        <ele>37.556</ele>
        <time>2026-05-09T21:04:07.855126213Z</time>
      </trkpt>
      <trkpt lat="41.608084" lon="2.644155">
        <ele>37.220</ele>
        <time>2026-05-09T21:04:47.855133316Z</time>
      </trkpt>
      <trkpt lat="41.608046" lon="2.644156">
        <ele>37.243</ele>
        <time>2026-05-09T21:05:27.855140239Z</time>
      </trkpt>
      <trkpt lat="41.608013" lon="2.644156">
        <ele>37.322</ele>
        <time>2026-05-09T21:06:07.855147292Z</time>
      </trkpt>
      <trkpt lat="41.607982" lon="2.644154">
        <ele>37.562</ele>
        <time>2026-05-09T21:06:47.855154245Z</time>
      </trkpt>
      <trkpt lat="41.607949" lon="2.644155">
        <ele>37.608</ele>
        <time>2026-05-09T21:07:27.855161228Z</time>
      </trkpt>
      <trkpt lat="41.607885" lon="2.644163">
        <ele>37.709</ele>
        <time>2026-05-09T21:08:07.855168191Z</time>
      </trkpt>
      <trkpt lat="41.607855" lon="2.644202">
        <ele>36.953</ele>
        <time>2026-05-09T21:08:47.855175164Z</time>
      </trkpt>
      <trkpt lat="41.607835" lon="2.644254">
        <ele>35.861</ele>
        <time>2026-05-09T21:09:27.855182117Z</time>
      </trkpt>
      <trkpt lat="41.607833" lon="2.644302">
        <ele>34.759</ele>
        <time>2026-05-09T21:10:07.855194791Z</time>
      </trkpt>
      <trkpt lat="41.607820" lon="2.644340">
        <ele>33.828</ele>
        <time>2026-05-09T21:10:47.855201894Z</time>
      </trkpt>
      <trkpt lat="41.607808" lon="2.644378">
        <ele>32.816</ele>
        <time>2026-05-09T21:11:27.855209048Z</time>
      </trkpt>
      <trkpt lat="41.607799" lon="2.644419">
        <ele>31.852</ele>
        <time>2026-05-09T21:12:07.855216011Z</time>
      </trkpt>
      <trkpt lat="41.607802" lon="2.644458">
        <ele>30.993</ele>
        <time>2026-05-09T21:12:47.855223004Z</time>
      </trkpt>
      <trkpt lat="41.607825" lon="2.644484">
        <ele>30.557</ele>
        <time>2026-05-09T21:13:27.855229957Z</time>
      </trkpt>
      <trkpt lat="41.607848" lon="2.644506">
        <ele>30.370</ele>
        <time>2026-05-09T21:14:07.855236930Z</time>
      </trkpt>
      <trkpt lat="41.607874" lon="2.644530">
        <ele>30.124</ele>
        <time>2026-05-09T21:14:47.855243973Z</time>
      </trkpt>
      <trkpt lat="41.607906" lon="2.644546">
        <ele>30.104</ele>
        <time>2026-05-09T21:15:27.855250916Z</time>
      </trkpt>
      <trkpt lat="41.607936" lon="2.644560">
        <ele>30.114</ele>
        <time>2026-05-09T21:16:07.855257859Z</time>
      </trkpt>
      <trkpt lat="41.607968" lon="2.644571">
        <ele>30.309</ele>
        <time>2026-05-09T21:16:47.855264992Z</time>
      </trkpt>
      <trkpt lat="41.608000" lon="2.644583">
        <ele>30.433</ele>
        <time>2026-05-09T21:17:27.855272146Z</time>
      </trkpt>
      <trkpt lat="41.608047" lon="2.644599">
        <ele>30.741</ele>
        <time>2026-05-09T21:18:07.855279209Z</time>
      </trkpt>
      <trkpt lat="41.608076" lon="2.644616">
        <ele>30.659</ele>
        <time>2026-05-09T21:18:47.855286092Z</time>
      </trkpt>
      <trkpt lat="41.608109" lon="2.644627">
        <ele>30.558</ele>
        <time>2026-05-09T21:19:27.855293015Z</time>
      </trkpt>
      <trkpt lat="41.608138" lon="2.644641">
        <ele>30.416</ele>
        <time>2026-05-09T21:20:07.855299958Z</time>
      </trkpt>
      <trkpt lat="41.608166" lon="2.644656">
        <ele>30.322</ele>
        <time>2026-05-09T21:20:47.855306861Z</time>
      </trkpt>
      <trkpt lat="41.608195" lon="2.644676">
        <ele>30.113</ele>
        <time>2026-05-09T21:21:27.855313864Z</time>
      </trkpt>
      <trkpt lat="41.608222" lon="2.644704">
        <ele>29.847</ele>
        <time>2026-05-09T21:22:07.855320897Z</time>
      </trkpt>
      <trkpt lat="41.608243" lon="2.644742">
        <ele>29.440</ele>
        <time>2026-05-09T21:22:47.855328311Z</time>
      </trkpt>
      <trkpt lat="41.608263" lon="2.644778">
        <ele>29.159</ele>
        <time>2026-05-09T21:23:27.855335314Z</time>
      </trkpt>
      <trkpt lat="41.608295" lon="2.644839">
        <ele>28.803</ele>
        <time>2026-05-09T21:24:07.855342307Z</time>
      </trkpt>
      <trkpt lat="41.608307" lon="2.644875">
        <ele>28.623</ele>
        <time>2026-05-09T21:24:47.855349250Z</time>
      </trkpt>
      <trkpt lat="41.608318" lon="2.644914">
        <ele>28.409</ele>
        <time>2026-05-09T21:25:27.855356253Z</time>
      </trkpt>
      <trkpt lat="41.608327" lon="2.644958">
        <ele>28.216</ele>
        <time>2026-05-09T21:26:07.855363186Z</time>
      </trkpt>
      <trkpt lat="41.608329" lon="2.645007">
        <ele>27.994</ele>
        <time>2026-05-09T21:26:47.855370029Z</time>
      </trkpt>
      <trkpt lat="41.608341" lon="2.645077">
        <ele>27.912</ele>
        <time>2026-05-09T21:27:27.855376882Z</time>
      </trkpt>
      <trkpt lat="41.608365" lon="2.645102">
        <ele>28.361</ele>
        <time>2026-05-09T21:28:07.855383765Z</time>
      </trkpt>
      <trkpt lat="41.608399" lon="2.645138">
        <ele>29.079</ele>
        <time>2026-05-09T21:28:47.855390667Z</time>
      </trkpt>
      <trkpt lat="41.608424" lon="2.645180">
        <ele>29.655</ele>
        <time>2026-05-09T21:29:27.855397520Z</time>
      </trkpt>
      <trkpt lat="41.608470" lon="2.645179">
        <ele>30.826</ele>
        <time>2026-05-09T21:30:07.855404373Z</time>
      </trkpt>
      <trkpt lat="41.608495" lon="2.645163">
        <ele>31.310</ele>
        <time>2026-05-09T21:30:47.855414171Z</time>
      </trkpt>
      <trkpt lat="41.608537" lon="2.645132">
        <ele>32.253</ele>
        <time>2026-05-09T21:31:27.855422447Z</time>
      </trkpt>
      <trkpt lat="41.608562" lon="2.645114">
        <ele>32.762</ele>
        <time>2026-05-09T21:32:07.855429420Z</time>
      </trkpt>
      <trkpt lat="41.608611" lon="2.645088">
        <ele>33.683</ele>
        <time>2026-05-09T21:32:47.855436513Z</time>
      </trkpt>
      <trkpt lat="41.608639" lon="2.645096">
        <ele>34.411</ele>
        <time>2026-05-09T21:33:27.855443446Z</time>
      </trkpt>
      <trkpt lat="41.608660" lon="2.645123">
        <ele>35.209</ele>
        <time>2026-05-09T21:34:07.855450379Z</time>
      </trkpt>
      <trkpt lat="41.608676" lon="2.645177">
        <ele>36.127</ele>
        <time>2026-05-09T21:34:47.855457292Z</time>
      </trkpt>
      <trkpt lat="41.608676" lon="2.645246">
        <ele>36.835</ele>
        <time>2026-05-09T21:35:27.855464255Z</time>
      </trkpt>
      <trkpt lat="41.608676" lon="2.645300">
        <ele>37.443</ele>
        <time>2026-05-09T21:36:07.855471138Z</time>
      </trkpt>
      <trkpt lat="41.608674" lon="2.645338">
        <ele>38.032</ele>
        <time>2026-05-09T21:36:47.855478011Z</time>
      </trkpt>
      <trkpt lat="41.608669" lon="2.645377">
        <ele>38.490</ele>
        <time>2026-05-09T21:37:27.855484914Z</time>
      </trkpt>
      <trkpt lat="41.608671" lon="2.645426">
        <ele>39.246</ele>
        <time>2026-05-09T21:38:07.855491837Z</time>
      </trkpt>
      <trkpt lat="41.608670" lon="2.645485">
        <ele>40.157</ele>
        <time>2026-05-09T21:38:47.855498710Z</time>
      </trkpt>
      <trkpt lat="41.608667" lon="2.645526">
        <ele>40.691</ele>
        <time>2026-05-09T21:39:27.855505613Z</time>
      </trkpt>
      <trkpt lat="41.608669" lon="2.645565">
        <ele>41.244</ele>
        <time>2026-05-09T21:40:07.855512536Z</time>
      </trkpt>
      <trkpt lat="41.608671" lon="2.645609">
        <ele>41.832</ele>
        <time>2026-05-09T21:40:47.855519509Z</time>
      </trkpt>
      <trkpt lat="41.608669" lon="2.645649">
        <ele>42.192</ele>
        <time>2026-05-09T21:41:27.855526411Z</time>
      </trkpt>
      <trkpt lat="41.608664" lon="2.645714">
        <ele>42.811</ele>
        <time>2026-05-09T21:42:07.855533375Z</time>
      </trkpt>
      <trkpt lat="41.608656" lon="2.645786">
        <ele>43.409</ele>
        <time>2026-05-09T21:42:47.855540297Z</time>
      </trkpt>
      <trkpt lat="41.608643" lon="2.645833">
        <ele>43.714</ele>
        <time>2026-05-09T21:43:27.855547321Z</time>
      </trkpt>
      <trkpt lat="41.608626" lon="2.645907">
        <ele>42.822</ele>
        <time>2026-05-09T21:44:07.855554244Z</time>
      </trkpt>
      <trkpt lat="41.608605" lon="2.645939">
        <ele>42.150</ele>
        <time>2026-05-09T21:44:47.855561136Z</time>
      </trkpt>
      <trkpt lat="41.608562" lon="2.645974">
        <ele>40.849</ele>
        <time>2026-05-09T21:45:27.855568039Z</time>
      </trkpt>
      <trkpt lat="41.608534" lon="2.645999">
        <ele>40.177</ele>
        <time>2026-05-09T21:46:07.855574852Z</time>
      </trkpt>
      <trkpt lat="41.608506" lon="2.646017">
        <ele>39.433</ele>
        <time>2026-05-09T21:46:47.855581795Z</time>
      </trkpt>
      <trkpt lat="41.608477" lon="2.646037">
        <ele>38.754</ele>
        <time>2026-05-09T21:47:27.855588658Z</time>
      </trkpt>
      <trkpt lat="41.608452" lon="2.646050">
        <ele>38.268</ele>
        <time>2026-05-09T21:48:07.855595531Z</time>
      </trkpt>
      <trkpt lat="41.608428" lon="2.646067">
        <ele>37.731</ele>
        <time>2026-05-09T21:48:47.855602414Z</time>
      </trkpt>
      <trkpt lat="41.608400" lon="2.646082">
        <ele>37.287</ele>
        <time>2026-05-09T21:49:27.855615338Z</time>
      </trkpt>
      <trkpt lat="41.608375" lon="2.646100">
        <ele>36.742</ele>
        <time>2026-05-09T21:50:07.855622411Z</time>
      </trkpt>
      <trkpt lat="41.608372" lon="2.646164">
        <ele>36.026</ele>
        <time>2026-05-09T21:50:47.855629364Z</time>
      </trkpt>
      <trkpt lat="41.608400" lon="2.646218">
        <ele>35.809</ele>
        <time>2026-05-09T21:51:27.855636257Z</time>
      </trkpt>
      <trkpt lat="41.608417" lon="2.646246">
        <ele>35.929</ele>
        <time>2026-05-09T21:52:07.855643190Z</time>
      </trkpt>
      <trkpt lat="41.608446" lon="2.646299">
        <ele>35.977</ele>
        <time>2026-05-09T21:52:47.855650153Z</time>
      </trkpt>
      <trkpt lat="41.608484" lon="2.646370">
        <ele>36.045</ele>
        <time>2026-05-09T21:53:27.855657026Z</time>
      </trkpt>
      <trkpt lat="41.608500" lon="2.646399">
        <ele>36.194</ele>
        <time>2026-05-09T21:54:07.855663909Z</time>
      </trkpt>
      <trkpt lat="41.608537" lon="2.646437">
        <ele>36.552</ele>
        <time>2026-05-09T21:54:47.855670842Z</time>
      </trkpt>
      <trkpt lat="41.608571" lon="2.646455">
        <ele>37.138</ele>
        <time>2026-05-09T21:55:27.855677775Z</time>
      </trkpt>
      <trkpt lat="41.608598" lon="2.646462">
        <ele>37.679</ele>
        <time>2026-05-09T21:56:07.855684668Z</time>
      </trkpt>
      <trkpt lat="41.608626" lon="2.646472">
        <ele>38.293</ele>
        <time>2026-05-09T21:56:47.855691621Z</time>
      </trkpt>
      <trkpt lat="41.608659" lon="2.646481">
        <ele>39.156</ele>
        <time>2026-05-09T21:57:27.855698504Z</time>
      </trkpt>
      <trkpt lat="41.608680" lon="2.646446">
        <ele>40.249</ele>
        <time>2026-05-09T21:58:07.855705406Z</time>
      </trkpt>
      <trkpt lat="41.608734" lon="2.646458">
        <ele>41.702</ele>
        <time>2026-05-09T21:58:47.855712289Z</time>
      </trkpt>
      <trkpt lat="41.608783" lon="2.646475">
        <ele>42.922</ele>
        <time>2026-05-09T21:59:27.855719192Z</time>
      </trkpt>
      <trkpt lat="41.608812" lon="2.646464">
        <ele>43.909</ele>
        <time>2026-05-09T22:00:07.855726145Z</time>
      </trkpt>
      <trkpt lat="41.608828" lon="2.646434">
        <ele>44.765</ele>
        <time>2026-05-09T22:00:47.855732998Z</time>
      </trkpt>
      <trkpt lat="41.608849" lon="2.646390">
        <ele>45.873</ele>
        <time>2026-05-09T22:01:27.855739881Z</time>
      </trkpt>
      <trkpt lat="41.608868" lon="2.646328">
        <ele>46.651</ele>
        <time>2026-05-09T22:02:07.855746824Z</time>
      </trkpt>
      <trkpt lat="41.608883" lon="2.646296">
        <ele>47.260</ele>
        <time>2026-05-09T22:02:47.855753667Z</time>
      </trkpt>
      <trkpt lat="41.608899" lon="2.646221">
        <ele>47.898</ele>
        <time>2026-05-09T22:03:27.855760570Z</time>
      </trkpt>
      <trkpt lat="41.608913" lon="2.646174">
        <ele>48.484</ele>
        <time>2026-05-09T22:04:07.855767483Z</time>
      </trkpt>
      <trkpt lat="41.608933" lon="2.646114">
        <ele>49.145</ele>
        <time>2026-05-09T22:04:47.855774446Z</time>
      </trkpt>
      <trkpt lat="41.608951" lon="2.646079">
        <ele>49.739</ele>
        <time>2026-05-09T22:05:27.855781309Z</time>
      </trkpt>
      <trkpt lat="41.608985" lon="2.646027">
        <ele>50.732</ele>
        <time>2026-05-09T22:06:07.855788191Z</time>
      </trkpt>
      <trkpt lat="41.609003" lon="2.645997">
        <ele>51.315</ele>
        <time>2026-05-09T22:06:47.855795154Z</time>
      </trkpt>
      <trkpt lat="41.609032" lon="2.645930">
        <ele>52.365</ele>
        <time>2026-05-09T22:07:27.855802057Z</time>
      </trkpt>
      <trkpt lat="41.609047" lon="2.645893">
        <ele>52.811</ele>
        <time>2026-05-09T22:08:07.855808980Z</time>
      </trkpt>
      <trkpt lat="41.609066" lon="2.645857">
        <ele>53.409</ele>
        <time>2026-05-09T22:08:47.855815943Z</time>
      </trkpt>
      <trkpt lat="41.609080" lon="2.645810">
        <ele>53.842</ele>
        <time>2026-05-09T22:09:27.855822806Z</time>
      </trkpt>
      <trkpt lat="41.609089" lon="2.645767">
        <ele>53.940</ele>
        <time>2026-05-09T22:10:07.855829960Z</time>
      </trkpt>
      <trkpt lat="41.609099" lon="2.645726">
        <ele>54.078</ele>
        <time>2026-05-09T22:10:47.855836832Z</time>
      </trkpt>
      <trkpt lat="41.609116" lon="2.645687">
        <ele>54.387</ele>
        <time>2026-05-09T22:11:27.855843725Z</time>
      </trkpt>
      <trkpt lat="41.609123" lon="2.645649">
        <ele>54.365</ele>
        <time>2026-05-09T22:12:07.855850578Z</time>
      </trkpt>
      <trkpt lat="41.609133" lon="2.645610">
        <ele>54.471</ele>
        <time>2026-05-09T22:12:47.855857431Z</time>
      </trkpt>
      <trkpt lat="41.609149" lon="2.645571">
        <ele>54.782</ele>
        <time>2026-05-09T22:13:27.855865296Z</time>
      </trkpt>
      <trkpt lat="41.609162" lon="2.645535">
        <ele>54.696</ele>
        <time>2026-05-09T22:14:07.855872309Z</time>
      </trkpt>
      <trkpt lat="41.609172" lon="2.645501">
        <ele>54.319</ele>
        <time>2026-05-09T22:14:47.855879292Z</time>
      </trkpt>
      <trkpt lat="41.609191" lon="2.645466">
        <ele>54.087</ele>
        <time>2026-05-09T22:15:27.855886335Z</time>
      </trkpt>
      <trkpt lat="41.609216" lon="2.645443">
        <ele>54.042</ele>
        <time>2026-05-09T22:16:07.855893358Z</time>
      </trkpt>
      <trkpt lat="41.609259" lon="2.645399">
        <ele>54.026</ele>
        <time>2026-05-09T22:16:47.855900271Z</time>
      </trkpt>
      <trkpt lat="41.609308" lon="2.645403">
        <ele>54.709</ele>
        <time>2026-05-09T22:17:27.855907214Z</time>
      </trkpt>
      <trkpt lat="41.609332" lon="2.645420">
        <ele>55.129</ele>
        <time>2026-05-09T22:18:07.855914067Z</time>
      </trkpt>
      <trkpt lat="41.609383" lon="2.645418">
        <ele>55.737</ele>
        <time>2026-05-09T22:18:47.855920940Z</time>
      </trkpt>
      <trkpt lat="41.609408" lon="2.645404">
        <ele>56.065</ele>
        <time>2026-05-09T22:19:27.855927893Z</time>
      </trkpt>
      <trkpt lat="41.609438" lon="2.645400">
        <ele>56.464</ele>
        <time>2026-05-09T22:20:07.855934796Z</time>
      </trkpt>
      <trkpt lat="41.609467" lon="2.645393">
        <ele>56.532</ele>
        <time>2026-05-09T22:20:47.855941679Z</time>
      </trkpt>
      <trkpt lat="41.609495" lon="2.645383">
        <ele>56.648</ele>
        <time>2026-05-09T22:21:27.855948582Z</time>
      </trkpt>
      <trkpt lat="41.609520" lon="2.645364">
        <ele>56.789</ele>
        <time>2026-05-09T22:22:07.855955474Z</time>
      </trkpt>
      <trkpt lat="41.609544" lon="2.645338">
        <ele>56.893</ele>
        <time>2026-05-09T22:22:47.855962427Z</time>
      </trkpt>
      <trkpt lat="41.609565" lon="2.645312">
        <ele>56.966</ele>
        <time>2026-05-09T22:23:27.855969411Z</time>
      </trkpt>
      <trkpt lat="41.609590" lon="2.645287">
        <ele>57.074</ele>
        <time>2026-05-09T22:24:07.855976444Z</time>
      </trkpt>
      <trkpt lat="41.609613" lon="2.645258">
        <ele>57.056</ele>
        <time>2026-05-09T22:24:47.855983517Z</time>
      </trkpt>
      <trkpt lat="41.609641" lon="2.645237">
        <ele>57.021</ele>
        <time>2026-05-09T22:25:27.855990480Z</time>
      </trkpt>
      <trkpt lat="41.609683" lon="2.645192">
        <ele>57.009</ele>
        <time>2026-05-09T22:26:07.855997383Z</time>
      </trkpt>
      <trkpt lat="41.609711" lon="2.645178">
        <ele>57.258</ele>
        <time>2026-05-09T22:26:47.856010628Z</time>
      </trkpt>
      <trkpt lat="41.609742" lon="2.645182">
        <ele>57.456</ele>
        <time>2026-05-09T22:27:27.856018372Z</time>
      </trkpt>
      <trkpt lat="41.609774" lon="2.645192">
        <ele>57.624</ele>
        <time>2026-05-09T22:28:07.856025245Z</time>
      </trkpt>
      <trkpt lat="41.609802" lon="2.645186">
        <ele>57.623</ele>
        <time>2026-05-09T22:28:47.856032128Z</time>
      </trkpt>
      <trkpt lat="41.609832" lon="2.645187">
        <ele>57.721</ele>
        <time>2026-05-09T22:29:27.856044852Z</time>
      </trkpt>
      <trkpt lat="41.609861" lon="2.645182">
        <ele>57.857</ele>
        <time>2026-05-09T22:30:07.856051755Z</time>
      </trkpt>
      <trkpt lat="41.609891" lon="2.645186">
        <ele>57.978</ele>
        <time>2026-05-09T22:30:47.856058648Z</time>
      </trkpt>
      <trkpt lat="41.609955" lon="2.645154">
        <ele>58.292</ele>
        <time>2026-05-09T22:31:27.856065540Z</time>
      </trkpt>
      <trkpt lat="41.610004" lon="2.645118">
        <ele>58.625</ele>
        <time>2026-05-09T22:32:07.856072403Z</time>
      </trkpt>
      <trkpt lat="41.610057" lon="2.645093">
        <ele>59.367</ele>
        <time>2026-05-09T22:32:47.856079517Z</time>
      </trkpt>
      <trkpt lat="41.610083" lon="2.645072">
        <ele>59.881</ele>
        <time>2026-05-09T22:33:27.856086430Z</time>
      </trkpt>
      <trkpt lat="41.610114" lon="2.645072">
        <ele>60.219</ele>
        <time>2026-05-09T22:34:07.856093332Z</time>
      </trkpt>
      <trkpt lat="41.610144" lon="2.645061">
        <ele>60.709</ele>
        <time>2026-05-09T22:34:47.856100275Z</time>
      </trkpt>
      <trkpt lat="41.610168" lon="2.645045">
        <ele>61.337</ele>
        <time>2026-05-09T22:35:27.856107148Z</time>
      </trkpt>
      <trkpt lat="41.610193" lon="2.645022">
        <ele>62.155</ele>
        <time>2026-05-09T22:36:07.856113991Z</time>
      </trkpt>
      <trkpt lat="41.610216" lon="2.644996">
        <ele>62.943</ele>
        <time>2026-05-09T22:36:47.856120974Z</time>
      </trkpt>
      <trkpt lat="41.610249" lon="2.644948">
        <ele>64.392</ele>
        <time>2026-05-09T22:37:27.856127897Z</time>
      </trkpt>
      <trkpt lat="41.610280" lon="2.644892">
        <ele>66.030</ele>
        <time>2026-05-09T22:38:07.856134860Z</time>
      </trkpt>
      <trkpt lat="41.610311" lon="2.644844">
        <ele>67.456</ele>
        <time>2026-05-09T22:38:47.856141833Z</time>
      </trkpt>
      <trkpt lat="41.610323" lon="2.644787">
        <ele>68.757</ele>
        <time>2026-05-09T22:39:27.856148736Z</time>
      </trkpt>
      <trkpt lat="41.610330" lon="2.644721">
        <ele>70.181</ele>
        <time>2026-05-09T22:40:07.856155589Z</time>
      </trkpt>
      <trkpt lat="41.610345" lon="2.644652">
        <ele>70.614</ele>
        <time>2026-05-09T22:40:47.856162472Z</time>
      </trkpt>
      <trkpt lat="41.610366" lon="2.644602">
        <ele>71.211</ele>
        <time>2026-05-09T22:41:27.856169425Z</time>
      </trkpt>
      <trkpt lat="41.610387" lon="2.644551">
        <ele>71.821</ele>
        <time>2026-05-09T22:42:07.856176298Z</time>
      </trkpt>
      <trkpt lat="41.610393" lon="2.644513">
        <ele>72.103</ele>
        <time>2026-05-09T22:42:47.856183201Z</time>
      </trkpt>
      <trkpt lat="41.610422" lon="2.644457">
        <ele>73.109</ele>
        <time>2026-05-09T22:43:27.856190104Z</time>
      </trkpt>
      <trkpt lat="41.610435" lon="2.644392">
        <ele>73.332</ele>
        <time>2026-05-09T22:44:07.856196936Z</time>
      </trkpt>
      <trkpt lat="41.610461" lon="2.644346">
        <ele>73.970</ele>
        <time>2026-05-09T22:44:47.856203799Z</time>
      </trkpt>
      <trkpt lat="41.610482" lon="2.644318">
        <ele>74.438</ele>
        <time>2026-05-09T22:45:27.856210652Z</time>
      </trkpt>
      <trkpt lat="41.610515" lon="2.644279">
        <ele>75.247</ele>
        <time>2026-05-09T22:46:07.856217545Z</time>
      </trkpt>
      <trkpt lat="41.610559" lon="2.644256">
        <ele>76.475</ele>
        <time>2026-05-09T22:46:47.856224428Z</time>
      </trkpt>
      <trkpt lat="41.610582" lon="2.644200">
        <ele>76.661</ele>
        <time>2026-05-09T22:47:27.856231271Z</time>
      </trkpt>
      <trkpt lat="41.610625" lon="2.644183">
        <ele>77.352</ele>
        <time>2026-05-09T22:48:07.856238234Z</time>
      </trkpt>
      <trkpt lat="41.610653" lon="2.644134">
        <ele>77.596</ele>
        <time>2026-05-09T22:48:47.856245077Z</time>
      </trkpt>
      <trkpt lat="41.610668" lon="2.644104">
        <ele>77.639</ele>
        <time>2026-05-09T22:49:27.856252080Z</time>
      </trkpt>
      <trkpt lat="41.610694" lon="2.644091">
        <ele>77.995</ele>
        <time>2026-05-09T22:50:07.856259003Z</time>
      </trkpt>
      <trkpt lat="41.610737" lon="2.644059">
        <ele>78.549</ele>
        <time>2026-05-09T22:50:47.856265895Z</time>
      </trkpt>
      <trkpt lat="41.610777" lon="2.644025">
        <ele>79.023</ele>
        <time>2026-05-09T22:51:27.856272778Z</time>
      </trkpt>
      <trkpt lat="41.610824" lon="2.644026">
        <ele>79.809</ele>
        <time>2026-05-09T22:52:07.856279661Z</time>
      </trkpt>
      <trkpt lat="41.610877" lon="2.644042">
        <ele>80.290</ele>
        <time>2026-05-09T22:52:47.856286524Z</time>
      </trkpt>
      <trkpt lat="41.610925" lon="2.644055">
        <ele>80.558</ele>
        <time>2026-05-09T22:53:27.856293457Z</time>
      </trkpt>
      <trkpt lat="41.610974" lon="2.644038">
        <ele>80.526</ele>
        <time>2026-05-09T22:54:07.856300390Z</time>
      </trkpt>
      <trkpt lat="41.611004" lon="2.644031">
        <ele>80.665</ele>
        <time>2026-05-09T22:54:47.856307383Z</time>
      </trkpt>
      <trkpt lat="41.611051" lon="2.643995">
        <ele>80.773</ele>
        <time>2026-05-09T22:55:27.856314276Z</time>
      </trkpt>
      <trkpt lat="41.611082" lon="2.643982">
        <ele>80.999</ele>
        <time>2026-05-09T22:56:07.856321139Z</time>
      </trkpt>
      <trkpt lat="41.611133" lon="2.643959">
        <ele>81.050</ele>
        <time>2026-05-09T22:56:47.856328042Z</time>
      </trkpt>
      <trkpt lat="41.611152" lon="2.643934">
        <ele>81.174</ele>
        <time>2026-05-09T22:57:27.856334935Z</time>
      </trkpt>
      <trkpt lat="41.611176" lon="2.643908">
        <ele>81.217</ele>
        <time>2026-05-09T22:58:07.856341908Z</time>
      </trkpt>
      <trkpt lat="41.611227" lon="2.643884">
        <ele>81.472</ele>
        <time>2026-05-09T22:58:47.856348871Z</time>
      </trkpt>
      <trkpt lat="41.611265" lon="2.643879">
        <ele>81.513</ele>
        <time>2026-05-09T22:59:27.856355804Z</time>
      </trkpt>
      <trkpt lat="41.611293" lon="2.643858">
        <ele>81.414</ele>
        <time>2026-05-09T23:00:07.856362667Z</time>
      </trkpt>
      <trkpt lat="41.611321" lon="2.643831">
        <ele>81.209</ele>
        <time>2026-05-09T23:00:47.856369630Z</time>
      </trkpt>
      <trkpt lat="41.611345" lon="2.643805">
        <ele>81.168</ele>
        <time>2026-05-09T23:01:27.856376613Z</time>
      </trkpt>
      <trkpt lat="41.611396" lon="2.643781">
        <ele>81.216</ele>
        <time>2026-05-09T23:02:07.856383546Z</time>
      </trkpt>
      <trkpt lat="41.611423" lon="2.643783">
        <ele>81.354</ele>
        <time>2026-05-09T23:02:47.856390489Z</time>
      </trkpt>
      <trkpt lat="41.611451" lon="2.643777">
        <ele>81.473</ele>
        <time>2026-05-09T23:03:27.856397772Z</time>
      </trkpt>
      <trkpt lat="41.611478" lon="2.643780">
        <ele>81.561</ele>
        <time>2026-05-09T23:04:07.856404655Z</time>
      </trkpt>
      <trkpt lat="41.611518" lon="2.643839">
        <ele>81.887</ele>
        <time>2026-05-09T23:04:47.856411608Z</time>
      </trkpt>
      <trkpt lat="41.611550" lon="2.643890">
        <ele>82.098</ele>
        <time>2026-05-09T23:05:27.856418511Z</time>
      </trkpt>
      <trkpt lat="41.611580" lon="2.643892">
        <ele>82.072</ele>
        <time>2026-05-09T23:06:07.856425384Z</time>
      </trkpt>
      <trkpt lat="41.611607" lon="2.643884">
        <ele>82.055</ele>
        <time>2026-05-09T23:06:47.856432297Z</time>
      </trkpt>
      <trkpt lat="41.611661" lon="2.643867">
        <ele>82.012</ele>
        <time>2026-05-09T23:07:27.856439280Z</time>
      </trkpt>
      <trkpt lat="41.611688" lon="2.643855">
        <ele>82.032</ele>
        <time>2026-05-09T23:08:07.856446273Z</time>
      </trkpt>
      <trkpt lat="41.611717" lon="2.643842">
        <ele>82.005</ele>
        <time>2026-05-09T23:08:47.856459007Z</time>
      </trkpt>
      <trkpt lat="41.611746" lon="2.643826">
        <ele>82.109</ele>
        <time>2026-05-09T23:09:27.856466Z</time>
      </trkpt>
      <trkpt lat="41.611787" lon="2.643799">
        <ele>82.182</ele>
        <time>2026-05-09T23:10:07.856472943Z</time>
      </trkpt>
      <trkpt lat="41.611823" lon="2.643782">
        <ele>82.280</ele>
        <time>2026-05-09T23:10:47.856479806Z</time>
      </trkpt>
      <trkpt lat="41.611883" lon="2.643762">
        <ele>82.488</ele>
        <time>2026-05-09T23:11:27.856486829Z</time>
      </trkpt>
      <trkpt lat="41.611931" lon="2.643774">
        <ele>82.487</ele>
        <time>2026-05-09T23:12:07.856493702Z</time>
      </trkpt>
      <trkpt lat="41.611990" lon="2.643781">
        <ele>82.845</ele>
        <time>2026-05-09T23:12:47.856500585Z</time>
      </trkpt>
      <trkpt lat="41.612045" lon="2.643761">
        <ele>83.431</ele>
        <time>2026-05-09T23:13:27.856507448Z</time>
      </trkpt>
      <trkpt lat="41.612072" lon="2.643747">
        <ele>83.782</ele>
        <time>2026-05-09T23:14:07.856514411Z</time>
      </trkpt>
      <trkpt lat="41.612099" lon="2.643740">
        <ele>83.966</ele>
        <time>2026-05-09T23:14:47.856521283Z</time>
      </trkpt>
      <trkpt lat="41.612149" lon="2.643741">
        <ele>84.419</ele>
        <time>2026-05-09T23:15:27.856528166Z</time>
      </trkpt>
      <trkpt lat="41.612172" lon="2.643762">
        <ele>84.551</ele>
        <time>2026-05-09T23:16:07.856535069Z</time>
      </trkpt>
      <trkpt lat="41.612197" lon="2.643785">
        <ele>84.501</ele>
        <time>2026-05-09T23:16:47.856544838Z</time>
      </trkpt>
      <trkpt lat="41.612225" lon="2.643766">
        <ele>84.911</ele>
        <time>2026-05-09T23:17:27.856551811Z</time>
      </trkpt>
      <trkpt lat="41.612251" lon="2.643751">
        <ele>85.309</ele>
        <time>2026-05-09T23:18:07.856558764Z</time>
      </trkpt>
      <trkpt lat="41.612278" lon="2.643739">
        <ele>85.716</ele>
        <time>2026-05-09T23:18:47.856565697Z</time>
      </trkpt>
      <trkpt lat="41.612330" lon="2.643708">
        <ele>86.534</ele>
        <time>2026-05-09T23:19:27.856572549Z</time>
      </trkpt>
      <trkpt lat="41.612383" lon="2.643688">
        <ele>87.262</ele>
        <time>2026-05-09T23:20:07.856579392Z</time>
      </trkpt>
      <trkpt lat="41.612411" lon="2.643677">
        <ele>87.671</ele>
        <time>2026-05-09T23:20:47.856586275Z</time>
      </trkpt>
      <trkpt lat="41.612441" lon="2.643671">
        <ele>87.959</ele>
        <time>2026-05-09T23:21:27.856593138Z</time>
      </trkpt>
      <trkpt lat="41.612476" lon="2.643660">
        <ele>88.455</ele>
        <time>2026-05-09T23:22:07.856600011Z</time>
      </trkpt>
      <trkpt lat="41.612504" lon="2.643645">
        <ele>88.716</ele>
        <time>2026-05-09T23:22:47.856606874Z</time>
      </trkpt>
      <trkpt lat="41.612533" lon="2.643628">
        <ele>88.830</ele>
        <time>2026-05-09T23:23:27.856613827Z</time>
      </trkpt>
      <trkpt lat="41.612563" lon="2.643608">
        <ele>88.713</ele>
        <time>2026-05-09T23:24:07.856620750Z</time>
      </trkpt>
      <trkpt lat="41.612587" lon="2.643590">
        <ele>88.453</ele>
        <time>2026-05-09T23:24:47.856627753Z</time>
      </trkpt>
      <trkpt lat="41.612613" lon="2.643569">
        <ele>88.004</ele>
        <time>2026-05-09T23:25:27.856634706Z</time>
      </trkpt>
      <trkpt lat="41.612636" lon="2.643549">
        <ele>87.714</ele>
        <time>2026-05-09T23:26:07.856641659Z</time>
      </trkpt>
      <trkpt lat="41.612664" lon="2.643522">
        <ele>87.309</ele>
        <time>2026-05-09T23:26:47.856648552Z</time>
      </trkpt>
      <trkpt lat="41.612706" lon="2.643485">
        <ele>86.886</ele>
        <time>2026-05-09T23:27:27.856655425Z</time>
      </trkpt>
      <trkpt lat="41.612751" lon="2.643440">
        <ele>86.294</ele>
        <time>2026-05-09T23:28:07.856662267Z</time>
      </trkpt>
      <trkpt lat="41.612770" lon="2.643411">
        <ele>85.832</ele>
        <time>2026-05-09T23:28:47.856669130Z</time>
      </trkpt>
      <trkpt lat="41.612808" lon="2.643370">
        <ele>85.051</ele>
        <time>2026-05-09T23:29:27.856676063Z</time>
      </trkpt>
      <trkpt lat="41.612856" lon="2.643323">
        <ele>84.019</ele>
        <time>2026-05-09T23:30:07.856683036Z</time>
      </trkpt>
      <trkpt lat="41.612882" lon="2.643288">
        <ele>83.345</ele>
        <time>2026-05-09T23:30:47.856689979Z</time>
      </trkpt>
      <trkpt lat="41.612924" lon="2.643252">
        <ele>82.616</ele>
        <time>2026-05-09T23:31:27.856696862Z</time>
      </trkpt>
      <trkpt lat="41.612964" lon="2.643212">
        <ele>82.060</ele>
        <time>2026-05-09T23:32:07.856703725Z</time>
      </trkpt>
      <trkpt lat="41.612988" lon="2.643192">
        <ele>81.743</ele>
        <time>2026-05-09T23:32:47.856710618Z</time>
      </trkpt>
      <trkpt lat="41.613030" lon="2.643152">
        <ele>81.433</ele>
        <time>2026-05-09T23:33:27.856717571Z</time>
      </trkpt>
      <trkpt lat="41.613052" lon="2.643125">
        <ele>81.323</ele>
        <time>2026-05-09T23:34:07.856724434Z</time>
      </trkpt>
      <trkpt lat="41.613073" lon="2.643100">
        <ele>81.015</ele>
        <time>2026-05-09T23:34:47.856731377Z</time>
      </trkpt>
      <trkpt lat="41.613096" lon="2.643079">
        <ele>80.709</ele>
        <time>2026-05-09T23:35:27.856738250Z</time>
      </trkpt>
      <trkpt lat="41.613138" lon="2.643035">
        <ele>80.294</ele>
        <time>2026-05-09T23:36:07.856745132Z</time>
      </trkpt>
      <trkpt lat="41.613169" lon="2.643003">
        <ele>79.862</ele>
        <time>2026-05-09T23:36:47.856752005Z</time>
      </trkpt>
      <trkpt lat="41.613192" lon="2.642978">
        <ele>79.630</ele>
        <time>2026-05-09T23:37:27.856758888Z</time>
      </trkpt>
      <trkpt lat="41.613215" lon="2.642956">
        <ele>79.459</ele>
        <time>2026-05-09T23:38:07.856765861Z</time>
      </trkpt>
      <trkpt lat="41.613242" lon="2.642933">
        <ele>79.487</ele>
        <time>2026-05-09T23:38:47.856772724Z</time>
      </trkpt>
      <trkpt lat="41.613262" lon="2.642907">
        <ele>79.483</ele>
        <time>2026-05-09T23:39:27.856779577Z</time>
      </trkpt>
      <trkpt lat="41.613315" lon="2.642862">
        <ele>79.674</ele>
        <time>2026-05-09T23:40:07.856786420Z</time>
      </trkpt>
      <trkpt lat="41.613341" lon="2.642843">
        <ele>79.878</ele>
        <time>2026-05-09T23:40:47.856793443Z</time>
      </trkpt>
      <trkpt lat="41.613370" lon="2.642822">
        <ele>80.061</ele>
        <time>2026-05-09T23:41:27.856800386Z</time>
      </trkpt>
      <trkpt lat="41.613395" lon="2.642799">
        <ele>80.327</ele>
        <time>2026-05-09T23:42:07.856807359Z</time>
      </trkpt>
      <trkpt lat="41.613420" lon="2.642780">
        <ele>80.668</ele>
        <time>2026-05-09T23:42:47.856814312Z</time>
      </trkpt>
      <trkpt lat="41.613448" lon="2.642759">
        <ele>80.714</ele>
        <time>2026-05-09T23:43:27.856821235Z</time>
      </trkpt>
      <trkpt lat="41.613473" lon="2.642735">
        <ele>80.909</ele>
        <time>2026-05-09T23:44:07.856828068Z</time>
      </trkpt>
      <trkpt lat="41.613526" lon="2.642704">
        <ele>81.293</ele>
        <time>2026-05-09T23:44:47.856835001Z</time>
      </trkpt>
      <trkpt lat="41.613552" lon="2.642686">
        <ele>81.451</ele>
        <time>2026-05-09T23:45:27.856841854Z</time>
      </trkpt>
      <trkpt lat="41.613584" lon="2.642636">
        <ele>81.789</ele>
        <time>2026-05-09T23:46:07.856848746Z</time>
      </trkpt>
      <trkpt lat="41.613610" lon="2.642612">
        <ele>82.048</ele>
        <time>2026-05-09T23:46:47.856855619Z</time>
      </trkpt>
      <trkpt lat="41.613635" lon="2.642590">
        <ele>81.826</ele>
        <time>2026-05-09T23:47:27.856862522Z</time>
      </trkpt>
      <trkpt lat="41.613653" lon="2.642557">
        <ele>81.832</ele>
        <time>2026-05-09T23:48:07.856875386Z</time>
      </trkpt>
      <trkpt lat="41.613677" lon="2.642524">
        <ele>81.763</ele>
        <time>2026-05-09T23:48:47.856882409Z</time>
      </trkpt>
      <trkpt lat="41.613703" lon="2.642498">
        <ele>81.777</ele>
        <time>2026-05-09T23:49:27.856889322Z</time>
      </trkpt>
      <trkpt lat="41.613731" lon="2.642483">
        <ele>81.610</ele>
        <time>2026-05-09T23:50:07.856896366Z</time>
      </trkpt>
      <trkpt lat="41.613760" lon="2.642485">
        <ele>81.551</ele>
        <time>2026-05-09T23:50:47.856903409Z</time>
      </trkpt>
      <trkpt lat="41.613790" lon="2.642487">
        <ele>81.401</ele>
        <time>2026-05-09T23:51:27.856910422Z</time>
      </trkpt>
      <trkpt lat="41.613817" lon="2.642498">
        <ele>81.311</ele>
        <time>2026-05-09T23:52:07.856917395Z</time>
      </trkpt>
      <trkpt lat="41.613849" lon="2.642501">
        <ele>81.109</ele>
        <time>2026-05-09T23:52:47.856924298Z</time>
      </trkpt>
      <trkpt lat="41.613879" lon="2.642492">
        <ele>81.166</ele>
        <time>2026-05-09T23:53:27.856931812Z</time>
      </trkpt>
      <trkpt lat="41.613909" lon="2.642484">
        <ele>80.764</ele>
        <time>2026-05-09T23:54:07.856938735Z</time>
      </trkpt>
      <trkpt lat="41.613958" lon="2.642462">
        <ele>79.922</ele>
        <time>2026-05-09T23:54:47.856945638Z</time>
      </trkpt>
      <trkpt lat="41.613984" lon="2.642438">
        <ele>79.691</ele>
        <time>2026-05-09T23:55:27.856952541Z</time>
      </trkpt>
      <trkpt lat="41.614009" lon="2.642411">
        <ele>79.519</ele>
        <time>2026-05-09T23:56:07.856959414Z</time>
      </trkpt>
      <trkpt lat="41.614036" lon="2.642388">
        <ele>79.345</ele>
        <time>2026-05-09T23:56:47.856966326Z</time>
      </trkpt>
      <trkpt lat="41.614057" lon="2.642361">
        <ele>79.346</ele>
        <time>2026-05-09T23:57:27.856973269Z</time>
      </trkpt>
      <trkpt lat="41.614082" lon="2.642335">
        <ele>79.390</ele>
        <time>2026-05-09T23:58:07.856980162Z</time>
      </trkpt>
      <trkpt lat="41.614103" lon="2.642309">
        <ele>79.343</ele>
        <time>2026-05-09T23:58:47.856987025Z</time>
      </trkpt>
      <trkpt lat="41.614126" lon="2.642286">
        <ele>79.481</ele>
        <time>2026-05-09T23:59:27.856993988Z</time>
      </trkpt>
      <trkpt lat="41.614152" lon="2.642262">
        <ele>79.561</ele>
        <time>2026-05-10T00:00:07.857000921Z</time>
      </trkpt>
      <trkpt lat="41.614180" lon="2.642242">
        <ele>79.417</ele>
        <time>2026-05-10T00:00:47.857007864Z</time>
      </trkpt>
      <trkpt lat="41.614227" lon="2.642206">
        <ele>79.409</ele>
        <time>2026-05-10T00:01:27.857014767Z</time>
      </trkpt>
      <trkpt lat="41.614243" lon="2.642175">
        <ele>79.799</ele>
        <time>2026-05-10T00:02:07.857021680Z</time>
      </trkpt>
      <trkpt lat="41.614284" lon="2.642118">
        <ele>80.397</ele>
        <time>2026-05-10T00:02:47.857028623Z</time>
      </trkpt>
      <trkpt lat="41.614304" lon="2.642091">
        <ele>80.625</ele>
        <time>2026-05-10T00:03:27.857035516Z</time>
      </trkpt>
      <trkpt lat="41.614342" lon="2.642042">
        <ele>81.324</ele>
        <time>2026-05-10T00:04:07.857042389Z</time>
      </trkpt>
      <trkpt lat="41.614364" lon="2.642010">
        <ele>81.822</ele>
        <time>2026-05-10T00:04:47.857049282Z</time>
      </trkpt>
      <trkpt lat="41.614406" lon="2.641968">
        <ele>82.618</ele>
        <time>2026-05-10T00:05:27.857056155Z</time>
      </trkpt>
      <trkpt lat="41.614436" lon="2.641944">
        <ele>83.099</ele>
        <time>2026-05-10T00:06:07.857062987Z</time>
      </trkpt>
      <trkpt lat="41.614468" lon="2.641942">
        <ele>83.293</ele>
        <time>2026-05-10T00:06:47.857069850Z</time>
      </trkpt>
      <trkpt lat="41.614500" lon="2.641952">
        <ele>83.246</ele>
        <time>2026-05-10T00:07:27.857076803Z</time>
      </trkpt>
      <trkpt lat="41.614530" lon="2.641947">
        <ele>83.534</ele>
        <time>2026-05-10T00:08:07.857083786Z</time>
      </trkpt>
      <trkpt lat="41.614577" lon="2.641985">
        <ele>82.955</ele>
        <time>2026-05-10T00:08:47.857090759Z</time>
      </trkpt>
      <trkpt lat="41.614617" lon="2.642024">
        <ele>82.110</ele>
        <time>2026-05-10T00:09:27.857097622Z</time>
      </trkpt>
      <trkpt lat="41.614650" lon="2.642043">
        <ele>81.709</ele>
        <time>2026-05-10T00:10:07.857104505Z</time>
      </trkpt>
      <trkpt lat="41.614679" lon="2.642065">
        <ele>81.334</ele>
        <time>2026-05-10T00:10:47.857111458Z</time>
      </trkpt>
      <trkpt lat="41.614702" lon="2.642089">
        <ele>80.712</ele>
        <time>2026-05-10T00:11:27.857118371Z</time>
      </trkpt>
      <trkpt lat="41.614722" lon="2.642124">
        <ele>79.850</ele>
        <time>2026-05-10T00:12:07.857125274Z</time>
      </trkpt>
      <trkpt lat="41.614749" lon="2.642179">
        <ele>78.559</ele>
        <time>2026-05-10T00:12:47.857132227Z</time>
      </trkpt>
      <trkpt lat="41.614765" lon="2.642212">
        <ele>77.897</ele>
        <time>2026-05-10T00:13:27.857139120Z</time>
      </trkpt>
      <trkpt lat="41.614784" lon="2.642246">
        <ele>77.093</ele>
        <time>2026-05-10T00:14:07.857146033Z</time>
      </trkpt>
      <trkpt lat="41.614795" lon="2.642286">
        <ele>76.134</ele>
        <time>2026-05-10T00:14:47.857152886Z</time>
      </trkpt>
      <trkpt lat="41.614809" lon="2.642325">
        <ele>75.238</ele>
        <time>2026-05-10T00:15:27.857159829Z</time>
      </trkpt>
      <trkpt lat="41.614820" lon="2.642360">
        <ele>74.481</ele>
        <time>2026-05-10T00:16:07.857166742Z</time>
      </trkpt>
      <trkpt lat="41.614835" lon="2.642397">
        <ele>73.729</ele>
        <time>2026-05-10T00:16:47.857173715Z</time>
      </trkpt>
      <trkpt lat="41.614844" lon="2.642432">
        <ele>72.900</ele>
        <time>2026-05-10T00:17:27.857180648Z</time>
      </trkpt>
      <trkpt lat="41.614855" lon="2.642466">
        <ele>72.320</ele>
        <time>2026-05-10T00:18:07.857187541Z</time>
      </trkpt>
      <trkpt lat="41.614871" lon="2.642503">
        <ele>71.609</ele>
        <time>2026-05-10T00:18:47.857194383Z</time>
      </trkpt>
      <trkpt lat="41.614886" lon="2.642541">
        <ele>71.343</ele>
        <time>2026-05-10T00:19:27.857201226Z</time>
      </trkpt>
      <trkpt lat="41.614900" lon="2.642577">
        <ele>71.061</ele>
        <time>2026-05-10T00:20:07.857208069Z</time>
      </trkpt>
      <trkpt lat="41.614917" lon="2.642611">
        <ele>70.759</ele>
        <time>2026-05-10T00:20:47.857214902Z</time>
      </trkpt>
      <trkpt lat="41.614943" lon="2.642678">
        <ele>70.048</ele>
        <time>2026-05-10T00:21:27.857221775Z</time>
      </trkpt>
      <trkpt lat="41.614957" lon="2.642711">
        <ele>69.766</ele>
        <time>2026-05-10T00:22:07.857228668Z</time>
      </trkpt>
      <trkpt lat="41.614971" lon="2.642743">
        <ele>69.382</ele>
        <time>2026-05-10T00:22:47.857235560Z</time>
      </trkpt>
      <trkpt lat="41.614986" lon="2.642784">
        <ele>68.823</ele>
        <time>2026-05-10T00:23:27.857242463Z</time>
      </trkpt>
      <trkpt lat="41.615002" lon="2.642822">
        <ele>68.747</ele>
        <time>2026-05-10T00:24:07.857249466Z</time>
      </trkpt>
      <trkpt lat="41.615019" lon="2.642855">
        <ele>68.750</ele>
        <time>2026-05-10T00:24:47.857256399Z</time>
      </trkpt>
      <trkpt lat="41.615033" lon="2.642888">
        <ele>68.616</ele>
        <time>2026-05-10T00:25:27.857263342Z</time>
      </trkpt>
      <trkpt lat="41.615046" lon="2.642921">
        <ele>68.576</ele>
        <time>2026-05-10T00:26:07.857270265Z</time>
      </trkpt>
      <trkpt lat="41.615064" lon="2.642950">
        <ele>68.513</ele>
        <time>2026-05-10T00:26:47.857277238Z</time>
      </trkpt>
      <trkpt lat="41.615095" lon="2.643004">
        <ele>68.509</ele>
        <time>2026-05-10T00:27:27.857284101Z</time>
      </trkpt>
      <trkpt lat="41.615119" lon="2.643024">
        <ele>68.662</ele>
        <time>2026-05-10T00:28:07.857297086Z</time>
      </trkpt>
      <trkpt lat="41.615143" lon="2.643046">
        <ele>68.620</ele>
        <time>2026-05-10T00:28:47.857304019Z</time>
      </trkpt>
      <trkpt lat="41.615169" lon="2.643067">
        <ele>68.658</ele>
        <time>2026-05-10T00:29:27.857310911Z</time>
      </trkpt>
      <trkpt lat="41.615197" lon="2.643086">
        <ele>68.757</ele>
        <time>2026-05-10T00:30:07.857317874Z</time>
      </trkpt>
      <trkpt lat="41.615250" lon="2.643101">
        <ele>69.095</ele>
        <time>2026-05-10T00:30:47.857324787Z</time>
      </trkpt>
      <trkpt lat="41.615302" lon="2.643101">
        <ele>69.611</ele>
        <time>2026-05-10T00:31:27.857331630Z</time>
      </trkpt>
      <trkpt lat="41.615354" lon="2.643089">
        <ele>70.432</ele>
        <time>2026-05-10T00:32:07.857338513Z</time>
      </trkpt>
      <trkpt lat="41.615387" lon="2.643082">
        <ele>70.866</ele>
        <time>2026-05-10T00:32:47.857345366Z</time>
      </trkpt>
      <trkpt lat="41.615419" lon="2.643074">
        <ele>71.319</ele>
        <time>2026-05-10T00:33:27.857352249Z</time>
      </trkpt>
      <trkpt lat="41.615451" lon="2.643065">
        <ele>71.826</ele>
        <time>2026-05-10T00:34:07.857359282Z</time>
      </trkpt>
      <trkpt lat="41.615500" lon="2.643052">
        <ele>72.447</ele>
        <time>2026-05-10T00:34:47.857366165Z</time>
      </trkpt>
      <trkpt lat="41.615546" lon="2.643046">
        <ele>72.911</ele>
        <time>2026-05-10T00:35:27.857373058Z</time>
      </trkpt>
      <trkpt lat="41.615574" lon="2.643036">
        <ele>73.309</ele>
        <time>2026-05-10T00:36:07.857379991Z</time>
      </trkpt>
      <trkpt lat="41.615601" lon="2.643028">
        <ele>73.623</ele>
        <time>2026-05-10T00:36:47.857386864Z</time>
      </trkpt>
      <trkpt lat="41.615632" lon="2.643030">
        <ele>73.961</ele>
        <time>2026-05-10T00:37:27.857393686Z</time>
      </trkpt>
      <trkpt lat="41.615658" lon="2.643045">
        <ele>74.269</ele>
        <time>2026-05-10T00:38:07.857400539Z</time>
      </trkpt>
      <trkpt lat="41.615686" lon="2.643063">
        <ele>74.368</ele>
        <time>2026-05-10T00:38:47.857407352Z</time>
      </trkpt>
      <trkpt lat="41.615713" lon="2.643084">
        <ele>74.566</ele>
        <time>2026-05-10T00:39:27.857414205Z</time>
      </trkpt>
      <trkpt lat="41.615737" lon="2.643113">
        <ele>74.582</ele>
        <time>2026-05-10T00:40:07.857421078Z</time>
      </trkpt>
      <trkpt lat="41.615757" lon="2.643138">
        <ele>74.523</ele>
        <time>2026-05-10T00:40:47.857427910Z</time>
      </trkpt>
      <trkpt lat="41.615778" lon="2.643164">
        <ele>74.577</ele>
        <time>2026-05-10T00:41:27.857434763Z</time>
      </trkpt>
      <trkpt lat="41.615796" lon="2.643199">
        <ele>74.520</ele>
        <time>2026-05-10T00:42:07.857441666Z</time>
      </trkpt>
      <trkpt lat="41.615815" lon="2.643234">
        <ele>74.567</ele>
        <time>2026-05-10T00:42:47.857448659Z</time>
      </trkpt>
      <trkpt lat="41.615833" lon="2.643274">
        <ele>74.481</ele>
        <time>2026-05-10T00:43:27.857456294Z</time>
      </trkpt>
      <trkpt lat="41.615849" lon="2.643304">
        <ele>74.419</ele>
        <time>2026-05-10T00:44:07.857463307Z</time>
      </trkpt>
      <trkpt lat="41.615871" lon="2.643364">
        <ele>74.509</ele>
        <time>2026-05-10T00:44:47.857470230Z</time>
      </trkpt>
      <trkpt lat="41.615893" lon="2.643394">
        <ele>74.957</ele>
        <time>2026-05-10T00:45:27.857477213Z</time>
      </trkpt>
      <trkpt lat="41.615923" lon="2.643403">
        <ele>75.265</ele>
        <time>2026-05-10T00:46:07.857484036Z</time>
      </trkpt>
      <trkpt lat="41.615954" lon="2.643354">
        <ele>75.423</ele>
        <time>2026-05-10T00:46:47.857490858Z</time>
      </trkpt>
      <trkpt lat="41.615965" lon="2.643320">
        <ele>75.552</ele>
        <time>2026-05-10T00:47:27.857497711Z</time>
      </trkpt>
      <trkpt lat="41.615978" lon="2.643286">
        <ele>75.820</ele>
        <time>2026-05-10T00:48:07.857504664Z</time>
      </trkpt>
      <trkpt lat="41.615988" lon="2.643252">
        <ele>76.176</ele>
        <time>2026-05-10T00:48:47.857511547Z</time>
      </trkpt>
      <trkpt lat="41.616014" lon="2.643185">
        <ele>76.787</ele>
        <time>2026-05-10T00:49:27.857518370Z</time>
      </trkpt>
      <trkpt lat="41.616039" lon="2.643137">
        <ele>77.191</ele>
        <time>2026-05-10T00:50:07.857525213Z</time>
      </trkpt>
      <trkpt lat="41.616057" lon="2.643104">
        <ele>77.424</ele>
        <time>2026-05-10T00:50:47.857532115Z</time>
      </trkpt>
      <trkpt lat="41.616097" lon="2.643051">
        <ele>78.056</ele>
        <time>2026-05-10T00:51:27.857539038Z</time>
      </trkpt>
      <trkpt lat="41.616139" lon="2.643028">
        <ele>78.159</ele>
        <time>2026-05-10T00:52:07.857545961Z</time>
      </trkpt>
      <trkpt lat="41.616163" lon="2.643005">
        <ele>78.214</ele>
        <time>2026-05-10T00:52:47.857553035Z</time>
      </trkpt>
      <trkpt lat="41.616187" lon="2.642977">
        <ele>78.309</ele>
        <time>2026-05-10T00:53:27.857559938Z</time>
      </trkpt>
      <trkpt lat="41.616212" lon="2.642950">
        <ele>78.416</ele>
        <time>2026-05-10T00:54:07.857566851Z</time>
      </trkpt>
      <trkpt lat="41.616237" lon="2.642925">
        <ele>78.584</ele>
        <time>2026-05-10T00:54:47.857573783Z</time>
      </trkpt>
      <trkpt lat="41.616261" lon="2.642905">
        <ele>78.512</ele>
        <time>2026-05-10T00:55:27.857580777Z</time>
      </trkpt>
      <trkpt lat="41.616283" lon="2.642881">
        <ele>78.771</ele>
        <time>2026-05-10T00:56:07.857587639Z</time>
      </trkpt>
      <trkpt lat="41.616306" lon="2.642853">
        <ele>78.849</ele>
        <time>2026-05-10T00:56:47.857594502Z</time>
      </trkpt>
      <trkpt lat="41.616330" lon="2.642826">
        <ele>78.955</ele>
        <time>2026-05-10T00:57:27.857601355Z</time>
      </trkpt>
      <trkpt lat="41.616346" lon="2.642798">
        <ele>79.286</ele>
        <time>2026-05-10T00:58:07.857608248Z</time>
      </trkpt>
      <trkpt lat="41.616387" lon="2.642743">
        <ele>79.620</ele>
        <time>2026-05-10T00:58:47.857615121Z</time>
      </trkpt>
      <trkpt lat="41.616407" lon="2.642716">
        <ele>79.783</ele>
        <time>2026-05-10T00:59:27.857621954Z</time>
      </trkpt>
      <trkpt lat="41.616430" lon="2.642684">
        <ele>79.745</ele>
        <time>2026-05-10T01:00:07.857628897Z</time>
      </trkpt>
      <trkpt lat="41.616453" lon="2.642655">
        <ele>79.747</ele>
        <time>2026-05-10T01:00:47.857635790Z</time>
      </trkpt>
      <trkpt lat="41.616478" lon="2.642628">
        <ele>79.611</ele>
        <time>2026-05-10T01:01:27.857642702Z</time>
      </trkpt>
      <trkpt lat="41.616495" lon="2.642600">
        <ele>79.809</ele>
        <time>2026-05-10T01:02:07.857649605Z</time>
      </trkpt>
      <trkpt lat="41.616517" lon="2.642566">
        <ele>79.945</ele>
        <time>2026-05-10T01:02:47.857656508Z</time>
      </trkpt>
      <trkpt lat="41.616530" lon="2.642531">
        <ele>80.333</ele>
        <time>2026-05-10T01:03:27.857663391Z</time>
      </trkpt>
      <trkpt lat="41.616540" lon="2.642492">
        <ele>80.951</ele>
        <time>2026-05-10T01:04:07.857671266Z</time>
      </trkpt>
      <trkpt lat="41.616558" lon="2.642430">
        <ele>81.580</ele>
        <time>2026-05-10T01:04:47.857681936Z</time>
      </trkpt>
      <trkpt lat="41.616571" lon="2.642395">
        <ele>81.828</ele>
        <time>2026-05-10T01:05:27.857690272Z</time>
      </trkpt>
      <trkpt lat="41.616583" lon="2.642362">
        <ele>82.184</ele>
        <time>2026-05-10T01:06:07.857699048Z</time>
      </trkpt>
      <trkpt lat="41.616589" lon="2.642325">
        <ele>82.715</ele>
        <time>2026-05-10T01:06:47.857706111Z</time>
      </trkpt>
      <trkpt lat="41.616596" lon="2.642286">
        <ele>83.229</ele>
        <time>2026-05-10T01:07:27.857719376Z</time>
      </trkpt>
      <trkpt lat="41.616615" lon="2.642222">
        <ele>83.942</ele>
        <time>2026-05-10T01:08:07.857726319Z</time>
      </trkpt>
      <trkpt lat="41.616623" lon="2.642152">
        <ele>84.039</ele>
        <time>2026-05-10T01:08:47.857733302Z</time>
      </trkpt>
      <trkpt lat="41.616628" lon="2.642110">
        <ele>84.101</ele>
        <time>2026-05-10T01:09:27.857740245Z</time>
      </trkpt>
      <trkpt lat="41.616641" lon="2.642060">
        <ele>84.021</ele>
        <time>2026-05-10T01:10:07.857747168Z</time>
      </trkpt>
      <trkpt lat="41.616655" lon="2.641998">
        <ele>84.009</ele>
        <time>2026-05-10T01:10:47.857754031Z</time>
      </trkpt>
      <trkpt lat="41.616660" lon="2.641946">
        <ele>84.164</ele>
        <time>2026-05-10T01:11:27.857760894Z</time>
      </trkpt>
      <trkpt lat="41.616671" lon="2.641912">
        <ele>84.052</ele>
        <time>2026-05-10T01:12:07.857768247Z</time>
      </trkpt>
      <trkpt lat="41.616679" lon="2.641854">
        <ele>84.080</ele>
        <time>2026-05-10T01:12:47.857775140Z</time>
      </trkpt>
      <trkpt lat="41.616689" lon="2.641808">
        <ele>83.969</ele>
        <time>2026-05-10T01:13:27.857782013Z</time>
      </trkpt>
      <trkpt lat="41.616692" lon="2.641750">
        <ele>84.177</ele>
        <time>2026-05-10T01:14:07.857788906Z</time>
      </trkpt>
      <trkpt lat="41.616693" lon="2.641710">
        <ele>84.293</ele>
        <time>2026-05-10T01:14:47.857795769Z</time>
      </trkpt>
      <trkpt lat="41.616694" lon="2.641671">
        <ele>84.344</ele>
        <time>2026-05-10T01:15:27.857802632Z</time>
      </trkpt>
      <trkpt lat="41.616676" lon="2.641619">
        <ele>85.158</ele>
        <time>2026-05-10T01:16:07.857809475Z</time>
      </trkpt>
      <trkpt lat="41.616658" lon="2.641569">
        <ele>85.991</ele>
        <time>2026-05-10T01:16:47.857816538Z</time>
      </trkpt>
      <trkpt lat="41.616633" lon="2.641549">
        <ele>86.599</ele>
        <time>2026-05-10T01:17:27.857823471Z</time>
      </trkpt>
      <trkpt lat="41.616607" lon="2.641528">
        <ele>87.107</ele>
        <time>2026-05-10T01:18:07.857830404Z</time>
      </trkpt>
      <trkpt lat="41.616563" lon="2.641488">
        <ele>88.227</ele>
        <time>2026-05-10T01:18:47.857837297Z</time>
      </trkpt>
      <trkpt lat="41.616534" lon="2.641472">
        <ele>88.809</ele>
        <time>2026-05-10T01:19:27.857844811Z</time>
      </trkpt>
      <trkpt lat="41.616504" lon="2.641471">
        <ele>89.320</ele>
        <time>2026-05-10T01:20:07.857851654Z</time>
      </trkpt>
      <trkpt lat="41.616476" lon="2.641477">
        <ele>89.818</ele>
        <time>2026-05-10T01:20:47.857858607Z</time>
      </trkpt>
      <trkpt lat="41.616443" lon="2.641481">
        <ele>90.446</ele>
        <time>2026-05-10T01:21:27.857865560Z</time>
      </trkpt>
      <trkpt lat="41.616411" lon="2.641481">
        <ele>90.945</ele>
        <time>2026-05-10T01:22:07.857872513Z</time>
      </trkpt>
      <trkpt lat="41.616381" lon="2.641485">
        <ele>91.453</ele>
        <time>2026-05-10T01:22:47.857879496Z</time>
      </trkpt>
      <trkpt lat="41.616350" lon="2.641491">
        <ele>91.669</ele>
        <time>2026-05-10T01:23:27.857886369Z</time>
      </trkpt>
      <trkpt lat="41.616300" lon="2.641499">
        <ele>92.020</ele>
        <time>2026-05-10T01:24:07.857893271Z</time>
      </trkpt>
      <trkpt lat="41.616251" lon="2.641496">
        <ele>92.564</ele>
        <time>2026-05-10T01:24:47.857900204Z</time>
      </trkpt>
      <trkpt lat="41.616197" lon="2.641495">
        <ele>93.047</ele>
        <time>2026-05-10T01:25:27.857907167Z</time>
      </trkpt>
      <trkpt lat="41.616169" lon="2.641486">
        <ele>93.413</ele>
        <time>2026-05-10T01:26:07.857914100Z</time>
      </trkpt>
      <trkpt lat="41.616143" lon="2.641475">
        <ele>93.843</ele>
        <time>2026-05-10T01:26:47.857921074Z</time>
      </trkpt>
      <trkpt lat="41.616094" lon="2.641439">
        <ele>94.507</ele>
        <time>2026-05-10T01:27:27.857928037Z</time>
      </trkpt>
      <trkpt lat="41.616057" lon="2.641391">
        <ele>95.209</ele>
        <time>2026-05-10T01:28:07.857934899Z</time>
      </trkpt>
      <trkpt lat="41.616039" lon="2.641362">
        <ele>95.682</ele>
        <time>2026-05-10T01:28:47.857941832Z</time>
      </trkpt>
      <trkpt lat="41.616018" lon="2.641332">
        <ele>96.070</ele>
        <time>2026-05-10T01:29:27.857948755Z</time>
      </trkpt>
      <trkpt lat="41.616002" lon="2.641302">
        <ele>96.378</ele>
        <time>2026-05-10T01:30:07.857955618Z</time>
      </trkpt>
      <trkpt lat="41.615990" lon="2.641264">
        <ele>96.887</ele>
        <time>2026-05-10T01:30:47.857962471Z</time>
      </trkpt>
      <trkpt lat="41.615965" lon="2.641197">
        <ele>97.615</ele>
        <time>2026-05-10T01:31:27.857969354Z</time>
      </trkpt>
      <trkpt lat="41.615938" lon="2.641132">
        <ele>98.491</ele>
        <time>2026-05-10T01:32:07.857976207Z</time>
      </trkpt>
      <trkpt lat="41.615941" lon="2.641093">
        <ele>98.822</ele>
        <time>2026-05-10T01:32:47.857983080Z</time>
      </trkpt>
      <trkpt lat="41.615955" lon="2.641057">
        <ele>99.296</ele>
        <time>2026-05-10T01:33:27.857990854Z</time>
      </trkpt>
      <trkpt lat="41.615972" lon="2.641023">
        <ele>99.619</ele>
        <time>2026-05-10T01:34:07.857997747Z</time>
      </trkpt>
      <trkpt lat="41.616010" lon="2.640967">
        <ele>100.356</ele>
        <time>2026-05-10T01:34:47.858004840Z</time>
      </trkpt>
      <trkpt lat="41.616027" lon="2.640940">
        <ele>100.659</ele>
        <time>2026-05-10T01:35:27.858011853Z</time>
      </trkpt>
      <trkpt lat="41.616060" lon="2.640880">
        <ele>101.414</ele>
        <time>2026-05-10T01:36:07.858018847Z</time>
      </trkpt>
      <trkpt lat="41.616094" lon="2.640823">
        <ele>102.209</ele>
        <time>2026-05-10T01:36:47.858025769Z</time>
      </trkpt>
      <trkpt lat="41.616125" lon="2.640763">
        <ele>103.116</ele>
        <time>2026-05-10T01:37:27.858032682Z</time>
      </trkpt>
      <trkpt lat="41.616142" lon="2.640731">
        <ele>103.574</ele>
        <time>2026-05-10T01:38:07.858039665Z</time>
      </trkpt>
      <trkpt lat="41.616152" lon="2.640696">
        <ele>104.062</ele>
        <time>2026-05-10T01:38:47.858046578Z</time>
      </trkpt>
      <trkpt lat="41.616171" lon="2.640636">
        <ele>104.821</ele>
        <time>2026-05-10T01:39:27.858053491Z</time>
      </trkpt>
      <trkpt lat="41.616175" lon="2.640567">
        <ele>105.919</ele>
        <time>2026-05-10T01:40:07.858060424Z</time>
      </trkpt>
      <trkpt lat="41.616173" lon="2.640531">
        <ele>106.785</ele>
        <time>2026-05-10T01:40:47.858067317Z</time>
      </trkpt>
      <trkpt lat="41.616165" lon="2.640469">
        <ele>108.276</ele>
        <time>2026-05-10T01:41:27.858074220Z</time>
      </trkpt>
      <trkpt lat="41.616159" lon="2.640406">
        <ele>109.880</ele>
        <time>2026-05-10T01:42:07.858081133Z</time>
      </trkpt>
      <trkpt lat="41.616156" lon="2.640333">
        <ele>111.683</ele>
        <time>2026-05-10T01:42:47.858088046Z</time>
      </trkpt>
      <trkpt lat="41.616156" lon="2.640293">
        <ele>112.519</ele>
        <time>2026-05-10T01:43:27.858095009Z</time>
      </trkpt>
      <trkpt lat="41.616163" lon="2.640229">
        <ele>113.609</ele>
        <time>2026-05-10T01:44:07.858101912Z</time>
      </trkpt>
      <trkpt lat="41.616167" lon="2.640190">
        <ele>114.219</ele>
        <time>2026-05-10T01:44:47.858108905Z</time>
      </trkpt>
      <trkpt lat="41.616175" lon="2.640126">
        <ele>115.109</ele>
        <time>2026-05-10T01:45:27.858115788Z</time>
      </trkpt>
      <trkpt lat="41.616178" lon="2.640086">
        <ele>115.842</ele>
        <time>2026-05-10T01:46:07.858122741Z</time>
      </trkpt>
      <trkpt lat="41.616178" lon="2.640020">
        <ele>117.020</ele>
        <time>2026-05-10T01:46:47.858140935Z</time>
      </trkpt>
      <trkpt lat="41.616175" lon="2.639962">
        <ele>117.818</ele>
        <time>2026-05-10T01:47:27.858148048Z</time>
      </trkpt>
      <trkpt lat="41.616167" lon="2.639910">
        <ele>118.547</ele>
        <time>2026-05-10T01:48:07.858154991Z</time>
      </trkpt>
      <trkpt lat="41.616149" lon="2.639863">
        <ele>119.565</ele>
        <time>2026-05-10T01:48:47.858161884Z</time>
      </trkpt>
      <trkpt lat="41.616115" lon="2.639829">
        <ele>120.791</ele>
        <time>2026-05-10T01:49:27.858168797Z</time>
      </trkpt>
      <trkpt lat="41.616081" lon="2.639782">
        <ele>122.082</ele>
        <time>2026-05-10T01:50:07.858175680Z</time>
      </trkpt>
      <trkpt lat="41.616045" lon="2.639746">
        <ele>123.276</ele>
        <time>2026-05-10T01:50:47.858182613Z</time>
      </trkpt>
      <trkpt lat="41.616010" lon="2.639682">
        <ele>124.329</ele>
        <time>2026-05-10T01:51:27.858189656Z</time>
      </trkpt>
      <trkpt lat="41.615993" lon="2.639654">
        <ele>124.865</ele>
        <time>2026-05-10T01:52:07.858196639Z</time>
      </trkpt>
      <trkpt lat="41.615965" lon="2.639603">
        <ele>125.668</ele>
        <time>2026-05-10T01:52:47.858203582Z</time>
      </trkpt>
      <trkpt lat="41.615933" lon="2.639552">
        <ele>126.614</ele>
        <time>2026-05-10T01:53:27.858210505Z</time>
      </trkpt>
      <trkpt lat="41.615919" lon="2.639521">
        <ele>127.209</ele>
        <time>2026-05-10T01:54:07.858217468Z</time>
      </trkpt>
      <trkpt lat="41.615907" lon="2.639486">
        <ele>127.787</ele>
        <time>2026-05-10T01:54:47.858224391Z</time>
      </trkpt>
      <trkpt lat="41.615894" lon="2.639448">
        <ele>128.245</ele>
        <time>2026-05-10T01:55:27.858231214Z</time>
      </trkpt>
      <trkpt lat="41.615882" lon="2.639415">
        <ele>128.673</ele>
        <time>2026-05-10T01:56:07.858238057Z</time>
      </trkpt>
      <trkpt lat="41.615862" lon="2.639350">
        <ele>129.192</ele>
        <time>2026-05-10T01:56:47.858244950Z</time>
      </trkpt>
      <trkpt lat="41.615854" lon="2.639313">
        <ele>129.490</ele>
        <time>2026-05-10T01:57:27.858251823Z</time>
      </trkpt>
      <trkpt lat="41.615839" lon="2.639253">
        <ele>129.876</ele>
        <time>2026-05-10T01:58:07.858258826Z</time>
      </trkpt>
      <trkpt lat="41.615823" lon="2.639183">
        <ele>130.327</ele>
        <time>2026-05-10T01:58:47.858265719Z</time>
      </trkpt>
      <trkpt lat="41.615813" lon="2.639150">
        <ele>130.871</ele>
        <time>2026-05-10T01:59:27.858272682Z</time>
      </trkpt>
      <trkpt lat="41.615801" lon="2.639115">
        <ele>131.464</ele>
        <time>2026-05-10T02:00:07.858279595Z</time>
      </trkpt>
      <trkpt lat="41.615784" lon="2.639053">
        <ele>132.527</ele>
        <time>2026-05-10T02:00:47.858286578Z</time>
      </trkpt>
      <trkpt lat="41.615770" lon="2.638983">
        <ele>133.568</ele>
        <time>2026-05-10T02:01:27.858293521Z</time>
      </trkpt>
      <trkpt lat="41.615760" lon="2.638913">
        <ele>134.414</ele>
        <time>2026-05-10T02:02:07.858300434Z</time>
      </trkpt>
      <trkpt lat="41.615758" lon="2.638877">
        <ele>134.909</ele>
        <time>2026-05-10T02:02:47.858307427Z</time>
      </trkpt>
      <trkpt lat="41.615770" lon="2.638805">
        <ele>135.573</ele>
        <time>2026-05-10T02:03:27.858314330Z</time>
      </trkpt>
      <trkpt lat="41.615783" lon="2.638740">
        <ele>136.031</ele>
        <time>2026-05-10T02:04:07.858321283Z</time>
      </trkpt>
      <trkpt lat="41.615797" lon="2.638680">
        <ele>136.379</ele>
        <time>2026-05-10T02:04:47.858328186Z</time>
      </trkpt>
      <trkpt lat="41.615807" lon="2.638613">
        <ele>136.918</ele>
        <time>2026-05-10T02:05:27.858335149Z</time>
      </trkpt>
      <trkpt lat="41.615821" lon="2.638555">
        <ele>138.156</ele>
        <time>2026-05-10T02:06:07.858342011Z</time>
      </trkpt>
      <trkpt lat="41.615841" lon="2.638492">
        <ele>139.262</ele>
        <time>2026-05-10T02:06:47.858348924Z</time>
      </trkpt>
      <trkpt lat="41.615853" lon="2.638454">
        <ele>139.853</ele>
        <time>2026-05-10T02:07:27.858355877Z</time>
      </trkpt>
      <trkpt lat="41.615872" lon="2.638389">
        <ele>141.067</ele>
        <time>2026-05-10T02:08:07.858362760Z</time>
      </trkpt>
      <trkpt lat="41.615892" lon="2.638330">
        <ele>142.030</ele>
        <time>2026-05-10T02:08:47.858369693Z</time>
      </trkpt>
      <trkpt lat="41.615914" lon="2.638270">
        <ele>142.876</ele>
        <time>2026-05-10T02:09:27.858376807Z</time>
      </trkpt>
      <trkpt lat="41.615938" lon="2.638214">
        <ele>143.490</ele>
        <time>2026-05-10T02:10:07.858383780Z</time>
      </trkpt>
      <trkpt lat="41.615964" lon="2.638165">
        <ele>143.819</ele>
        <time>2026-05-10T02:10:47.858390833Z</time>
      </trkpt>
      <trkpt lat="41.615989" lon="2.638114">
        <ele>144.409</ele>
        <time>2026-05-10T02:11:27.858397696Z</time>
      </trkpt>
      <trkpt lat="41.616015" lon="2.638046">
        <ele>145.268</ele>
        <time>2026-05-10T02:12:07.858404579Z</time>
      </trkpt>
      <trkpt lat="41.616045" lon="2.637991">
        <ele>145.176</ele>
        <time>2026-05-10T02:12:47.858411471Z</time>
      </trkpt>
      <trkpt lat="41.616059" lon="2.637953">
        <ele>145.384</ele>
        <time>2026-05-10T02:13:27.858418374Z</time>
      </trkpt>
      <trkpt lat="41.616070" lon="2.637878">
        <ele>146.283</ele>
        <time>2026-05-10T02:14:07.858425337Z</time>
      </trkpt>
      <trkpt lat="41.616091" lon="2.637813">
        <ele>146.881</ele>
        <time>2026-05-10T02:14:47.858432280Z</time>
      </trkpt>
      <trkpt lat="41.616109" lon="2.637748">
        <ele>147.077</ele>
        <time>2026-05-10T02:15:27.858439203Z</time>
      </trkpt>
      <trkpt lat="41.616126" lon="2.637686">
        <ele>146.998</ele>
        <time>2026-05-10T02:16:07.858446056Z</time>
      </trkpt>
      <trkpt lat="41.616136" lon="2.637652">
        <ele>146.892</ele>
        <time>2026-05-10T02:16:47.858452919Z</time>
      </trkpt>
      <trkpt lat="41.616140" lon="2.637612">
        <ele>146.885</ele>
        <time>2026-05-10T02:17:27.858459882Z</time>
      </trkpt>
      <trkpt lat="41.616148" lon="2.637575">
        <ele>146.852</ele>
        <time>2026-05-10T02:18:07.858466875Z</time>
      </trkpt>
      <trkpt lat="41.616156" lon="2.637539">
        <ele>146.853</ele>
        <time>2026-05-10T02:18:47.858473808Z</time>
      </trkpt>
      <trkpt lat="41.616156" lon="2.637500">
        <ele>146.808</ele>
        <time>2026-05-10T02:19:27.858480771Z</time>
      </trkpt>
      <trkpt lat="41.616158" lon="2.637459">
        <ele>146.909</ele>
        <time>2026-05-10T02:20:07.858487664Z</time>
      </trkpt>
      <trkpt lat="41.616162" lon="2.637422">
        <ele>146.916</ele>
        <time>2026-05-10T02:20:47.858494637Z</time>
      </trkpt>
      <trkpt lat="41.616166" lon="2.637384">
        <ele>146.984</ele>
        <time>2026-05-10T02:21:27.858501490Z</time>
      </trkpt>
      <trkpt lat="41.616173" lon="2.637345">
        <ele>146.942</ele>
        <time>2026-05-10T02:22:07.858508393Z</time>
      </trkpt>
      <trkpt lat="41.616185" lon="2.637309">
        <ele>146.911</ele>
        <time>2026-05-10T02:22:47.858515296Z</time>
      </trkpt>
      <trkpt lat="41.616200" lon="2.637274">
        <ele>146.929</ele>
        <time>2026-05-10T02:23:27.858522890Z</time>
      </trkpt>
      <trkpt lat="41.616218" lon="2.637240">
        <ele>147.025</ele>
        <time>2026-05-10T02:24:07.858529763Z</time>
      </trkpt>
      <trkpt lat="41.616236" lon="2.637202">
        <ele>147.036</ele>
        <time>2026-05-10T02:24:47.858536676Z</time>
      </trkpt>
      <trkpt lat="41.616253" lon="2.637166">
        <ele>146.960</ele>
        <time>2026-05-10T02:25:27.858543549Z</time>
      </trkpt>
      <trkpt lat="41.616269" lon="2.637131">
        <ele>146.983</ele>
        <time>2026-05-10T02:26:07.858556262Z</time>
      </trkpt>
      <trkpt lat="41.616284" lon="2.637098">
        <ele>146.911</ele>
        <time>2026-05-10T02:26:47.858563406Z</time>
      </trkpt>
      <trkpt lat="41.616296" lon="2.637064">
        <ele>147.021</ele>
        <time>2026-05-10T02:27:27.858570319Z</time>
      </trkpt>
      <trkpt lat="41.616313" lon="2.637035">
        <ele>147.103</ele>
        <time>2026-05-10T02:28:07.858577192Z</time>
      </trkpt>
      <trkpt lat="41.616322" lon="2.636999">
        <ele>147.209</ele>
        <time>2026-05-10T02:28:47.858584115Z</time>
      </trkpt>
      <trkpt lat="41.616336" lon="2.636961">
        <ele>147.412</ele>
        <time>2026-05-10T02:29:27.858590987Z</time>
      </trkpt>
      <trkpt lat="41.616355" lon="2.636902">
        <ele>147.670</ele>
        <time>2026-05-10T02:30:07.858597930Z</time>
      </trkpt>
      <trkpt lat="41.616366" lon="2.636869">
        <ele>147.788</ele>
        <time>2026-05-10T02:30:47.858604923Z</time>
      </trkpt>
      <trkpt lat="41.616385" lon="2.636802">
        <ele>147.997</ele>
        <time>2026-05-10T02:31:27.858611836Z</time>
      </trkpt>
      <trkpt lat="41.616398" lon="2.636762">
        <ele>148.185</ele>
        <time>2026-05-10T02:32:07.858618759Z</time>
      </trkpt>
      <trkpt lat="41.616411" lon="2.636725">
        <ele>148.181</ele>
        <time>2026-05-10T02:32:47.858625652Z</time>
      </trkpt>
      <trkpt lat="41.616422" lon="2.636689">
        <ele>148.262</ele>
        <time>2026-05-10T02:33:27.858632615Z</time>
      </trkpt>
      <trkpt lat="41.616434" lon="2.636652">
        <ele>148.236</ele>
        <time>2026-05-10T02:34:07.858639719Z</time>
      </trkpt>
      <trkpt lat="41.616445" lon="2.636619">
        <ele>148.199</ele>
        <time>2026-05-10T02:34:47.858646682Z</time>
      </trkpt>
      <trkpt lat="41.616452" lon="2.636580">
        <ele>147.929</ele>
        <time>2026-05-10T02:35:27.858653655Z</time>
      </trkpt>
      <trkpt lat="41.616455" lon="2.636538">
        <ele>147.700</ele>
        <time>2026-05-10T02:36:07.858660618Z</time>
      </trkpt>
      <trkpt lat="41.616458" lon="2.636496">
        <ele>147.420</ele>
        <time>2026-05-10T02:36:47.858667551Z</time>
      </trkpt>
      <trkpt lat="41.616462" lon="2.636458">
        <ele>147.209</ele>
        <time>2026-05-10T02:37:27.858674414Z</time>
      </trkpt>
      <trkpt lat="41.616462" lon="2.636419">
        <ele>147.043</ele>
        <time>2026-05-10T02:38:07.858681326Z</time>
      </trkpt>
      <trkpt lat="41.616458" lon="2.636382">
        <ele>146.731</ele>
        <time>2026-05-10T02:38:47.858688330Z</time>
      </trkpt>
      <trkpt lat="41.616452" lon="2.636339">
        <ele>146.719</ele>
        <time>2026-05-10T02:39:27.858695353Z</time>
      </trkpt>
      <trkpt lat="41.616451" lon="2.636296">
        <ele>146.788</ele>
        <time>2026-05-10T02:40:07.858702246Z</time>
      </trkpt>
      <trkpt lat="41.616445" lon="2.636255">
        <ele>146.636</ele>
        <time>2026-05-10T02:40:47.858709169Z</time>
      </trkpt>
      <trkpt lat="41.616441" lon="2.636211">
        <ele>146.622</ele>
        <time>2026-05-10T02:41:27.858716102Z</time>
      </trkpt>
      <trkpt lat="41.616449" lon="2.636136">
        <ele>146.623</ele>
        <time>2026-05-10T02:42:07.858723025Z</time>
      </trkpt>
      <trkpt lat="41.616462" lon="2.636098">
        <ele>146.847</ele>
        <time>2026-05-10T02:42:47.858729887Z</time>
      </trkpt>
      <trkpt lat="41.616477" lon="2.636061">
        <ele>147.290</ele>
        <time>2026-05-10T02:43:27.858736780Z</time>
      </trkpt>
      <trkpt lat="41.616500" lon="2.636027">
        <ele>147.695</ele>
        <time>2026-05-10T02:44:07.858743763Z</time>
      </trkpt>
      <trkpt lat="41.616522" lon="2.635998">
        <ele>148.049</ele>
        <time>2026-05-10T02:44:47.858750696Z</time>
      </trkpt>
      <trkpt lat="41.616548" lon="2.635979">
        <ele>148.523</ele>
        <time>2026-05-10T02:45:27.858757549Z</time>
      </trkpt>
      <trkpt lat="41.616594" lon="2.635949">
        <ele>149.209</ele>
        <time>2026-05-10T02:46:07.858764442Z</time>
      </trkpt>
      <trkpt lat="41.616622" lon="2.635922">
        <ele>149.890</ele>
        <time>2026-05-10T02:46:47.858771365Z</time>
      </trkpt>
      <trkpt lat="41.616646" lon="2.635896">
        <ele>150.378</ele>
        <time>2026-05-10T02:47:27.858778258Z</time>
      </trkpt>
      <trkpt lat="41.616669" lon="2.635873">
        <ele>150.736</ele>
        <time>2026-05-10T02:48:07.858785161Z</time>
      </trkpt>
      <trkpt lat="41.616708" lon="2.635829">
        <ele>150.995</ele>
        <time>2026-05-10T02:48:47.858792064Z</time>
      </trkpt>
      <trkpt lat="41.616732" lon="2.635802">
        <ele>151.383</ele>
        <time>2026-05-10T02:49:27.858798917Z</time>
      </trkpt>
      <trkpt lat="41.616759" lon="2.635770">
        <ele>151.819</ele>
        <time>2026-05-10T02:50:07.858805799Z</time>
      </trkpt>
      <trkpt lat="41.616781" lon="2.635737">
        <ele>152.470</ele>
        <time>2026-05-10T02:50:47.858812662Z</time>
      </trkpt>
      <trkpt lat="41.616807" lon="2.635711">
        <ele>152.984</ele>
        <time>2026-05-10T02:51:27.858819575Z</time>
      </trkpt>
      <trkpt lat="41.616832" lon="2.635695">
        <ele>153.377</ele>
        <time>2026-05-10T02:52:07.858826448Z</time>
      </trkpt>
      <trkpt lat="41.616862" lon="2.635676">
        <ele>153.848</ele>
        <time>2026-05-10T02:52:47.858833451Z</time>
      </trkpt>
      <trkpt lat="41.616891" lon="2.635655">
        <ele>154.361</ele>
        <time>2026-05-10T02:53:27.858840414Z</time>
      </trkpt>
      <trkpt lat="41.616936" lon="2.635629">
        <ele>155.117</ele>
        <time>2026-05-10T02:54:07.858847528Z</time>
      </trkpt>
      <trkpt lat="41.616965" lon="2.635616">
        <ele>155.209</ele>
        <time>2026-05-10T02:54:47.858854441Z</time>
      </trkpt>
      <trkpt lat="41.616990" lon="2.635601">
        <ele>155.285</ele>
        <time>2026-05-10T02:55:27.858861373Z</time>
      </trkpt>
      <trkpt lat="41.617045" lon="2.635571">
        <ele>155.253</ele>
        <time>2026-05-10T02:56:07.858868276Z</time>
      </trkpt>
      <trkpt lat="41.617087" lon="2.635551">
        <ele>155.031</ele>
        <time>2026-05-10T02:56:47.858875139Z</time>
      </trkpt>
      <trkpt lat="41.617120" lon="2.635538">
        <ele>154.850</ele>
        <time>2026-05-10T02:57:27.858882042Z</time>
      </trkpt>
      <trkpt lat="41.617147" lon="2.635520">
        <ele>154.988</ele>
        <time>2026-05-10T02:58:07.858888975Z</time>
      </trkpt>
      <trkpt lat="41.617172" lon="2.635503">
        <ele>154.914</ele>
        <time>2026-05-10T02:58:47.858895878Z</time>
      </trkpt>
      <trkpt lat="41.617198" lon="2.635487">
        <ele>155.035</ele>
        <time>2026-05-10T02:59:27.858902741Z</time>
      </trkpt>
      <trkpt lat="41.617227" lon="2.635471">
        <ele>155.129</ele>
        <time>2026-05-10T03:00:07.858909614Z</time>
      </trkpt>
      <trkpt lat="41.617255" lon="2.635451">
        <ele>155.332</ele>
        <time>2026-05-10T03:00:47.858916527Z</time>
      </trkpt>
      <trkpt lat="41.617300" lon="2.635410">
        <ele>156.052</ele>
        <time>2026-05-10T03:01:27.858923490Z</time>
      </trkpt>
      <trkpt lat="41.617328" lon="2.635390">
        <ele>156.353</ele>
        <time>2026-05-10T03:02:07.858930463Z</time>
      </trkpt>
      <trkpt lat="41.617357" lon="2.635374">
        <ele>156.408</ele>
        <time>2026-05-10T03:02:47.858937326Z</time>
      </trkpt>
      <trkpt lat="41.617382" lon="2.635357">
        <ele>156.709</ele>
        <time>2026-05-10T03:03:27.858944259Z</time>
      </trkpt>
      <trkpt lat="41.617405" lon="2.635327">
        <ele>157.356</ele>
        <time>2026-05-10T03:04:07.858951162Z</time>
      </trkpt>
      <trkpt lat="41.617427" lon="2.635305">
        <ele>157.884</ele>
        <time>2026-05-10T03:04:47.858958064Z</time>
      </trkpt>
      <trkpt lat="41.617468" lon="2.635254">
        <ele>159.052</ele>
        <time>2026-05-10T03:05:27.858970438Z</time>
      </trkpt>
      <trkpt lat="41.617508" lon="2.635209">
        <ele>160.241</ele>
        <time>2026-05-10T03:06:07.858977401Z</time>
      </trkpt>
      <trkpt lat="41.617546" lon="2.635178">
        <ele>161.099</ele>
        <time>2026-05-10T03:06:47.858984364Z</time>
      </trkpt>
      <trkpt lat="41.617588" lon="2.635141">
        <ele>162.025</ele>
        <time>2026-05-10T03:07:27.858991227Z</time>
      </trkpt>
      <trkpt lat="41.617635" lon="2.635109">
        <ele>162.856</ele>
        <time>2026-05-10T03:08:07.858998139Z</time>
      </trkpt>
      <trkpt lat="41.617659" lon="2.635092">
        <ele>163.390</ele>
        <time>2026-05-10T03:08:47.859005032Z</time>
      </trkpt>
      <trkpt lat="41.617703" lon="2.635068">
        <ele>163.993</ele>
        <time>2026-05-10T03:09:27.859011985Z</time>
      </trkpt>
      <trkpt lat="41.617748" lon="2.635035">
        <ele>164.929</ele>
        <time>2026-05-10T03:10:07.859018958Z</time>
      </trkpt>
      <trkpt lat="41.617790" lon="2.635005">
        <ele>165.700</ele>
        <time>2026-05-10T03:10:47.859025901Z</time>
      </trkpt>
      <trkpt lat="41.617815" lon="2.634991">
        <ele>165.920</ele>
        <time>2026-05-10T03:11:27.859032814Z</time>
      </trkpt>
      <trkpt lat="41.617856" lon="2.634951">
        <ele>166.509</ele>
        <time>2026-05-10T03:12:07.859039747Z</time>
      </trkpt>
      <trkpt lat="41.617886" lon="2.634897">
        <ele>167.453</ele>
        <time>2026-05-10T03:12:47.859046670Z</time>
      </trkpt>
      <trkpt lat="41.617901" lon="2.634836">
        <ele>168.751</ele>
        <time>2026-05-10T03:13:27.859054375Z</time>
      </trkpt>
      <trkpt lat="41.617895" lon="2.634771">
        <ele>170.149</ele>
        <time>2026-05-10T03:14:07.859061368Z</time>
      </trkpt>
      <trkpt lat="41.617894" lon="2.634734">
        <ele>170.928</ele>
        <time>2026-05-10T03:14:47.859068261Z</time>
      </trkpt>
      <trkpt lat="41.617889" lon="2.634695">
        <ele>171.336</ele>
        <time>2026-05-10T03:15:27.859075174Z</time>
      </trkpt>
      <trkpt lat="41.617880" lon="2.634659">
        <ele>171.672</ele>
        <time>2026-05-10T03:16:07.859082026Z</time>
      </trkpt>
      <trkpt lat="41.617870" lon="2.634623">
        <ele>171.813</ele>
        <time>2026-05-10T03:16:47.859088949Z</time>
      </trkpt>
      <trkpt lat="41.617853" lon="2.634589">
        <ele>172.147</ele>
        <time>2026-05-10T03:17:27.859095862Z</time>
      </trkpt>
      <trkpt lat="41.617841" lon="2.634547">
        <ele>172.330</ele>
        <time>2026-05-10T03:18:07.859102795Z</time>
      </trkpt>
      <trkpt lat="41.617835" lon="2.634506">
        <ele>172.532</ele>
        <time>2026-05-10T03:18:47.859109768Z</time>
      </trkpt>
      <trkpt lat="41.617838" lon="2.634436">
        <ele>172.892</ele>
        <time>2026-05-10T03:19:27.859116751Z</time>
      </trkpt>
      <trkpt lat="41.617843" lon="2.634399">
        <ele>172.611</ele>
        <time>2026-05-10T03:20:07.859123925Z</time>
      </trkpt>
      <trkpt lat="41.617853" lon="2.634359">
        <ele>172.509</ele>
        <time>2026-05-10T03:20:47.859130838Z</time>
      </trkpt>
      <trkpt lat="41.617869" lon="2.634324">
        <ele>172.464</ele>
        <time>2026-05-10T03:21:27.859137761Z</time>
      </trkpt>
      <trkpt lat="41.617884" lon="2.634292">
        <ele>172.382</ele>
        <time>2026-05-10T03:22:07.859144634Z</time>
      </trkpt>
      <trkpt lat="41.617903" lon="2.634264">
        <ele>172.270</ele>
        <time>2026-05-10T03:22:47.859151517Z</time>
      </trkpt>
      <trkpt lat="41.617919" lon="2.634232">
        <ele>172.139</ele>
        <time>2026-05-10T03:23:27.859158339Z</time>
      </trkpt>
      <trkpt lat="41.617938" lon="2.634205">
        <ele>172.157</ele>
        <time>2026-05-10T03:24:07.859165222Z</time>
      </trkpt>
      <trkpt lat="41.617962" lon="2.634183">
        <ele>172.043</ele>
        <time>2026-05-10T03:24:47.859172135Z</time>
      </trkpt>
      <trkpt lat="41.618023" lon="2.634134">
        <ele>171.954</ele>
        <time>2026-05-10T03:25:27.859179118Z</time>
      </trkpt>
      <trkpt lat="41.618051" lon="2.634122">
        <ele>172.058</ele>
        <time>2026-05-10T03:26:07.859186001Z</time>
      </trkpt>
      <trkpt lat="41.618081" lon="2.634107">
        <ele>172.061</ele>
        <time>2026-05-10T03:26:47.859192974Z</time>
      </trkpt>
      <trkpt lat="41.618109" lon="2.634087">
        <ele>172.131</ele>
        <time>2026-05-10T03:27:27.859199917Z</time>
      </trkpt>
      <trkpt lat="41.618135" lon="2.634064">
        <ele>172.261</ele>
        <time>2026-05-10T03:28:07.859206810Z</time>
      </trkpt>
      <trkpt lat="41.618157" lon="2.634039">
        <ele>172.307</ele>
        <time>2026-05-10T03:28:47.859213783Z</time>
      </trkpt>
      <trkpt lat="41.618182" lon="2.634019">
        <ele>172.509</ele>
        <time>2026-05-10T03:29:27.859220636Z</time>
      </trkpt>
      <trkpt lat="41.618212" lon="2.634000">
        <ele>172.784</ele>
        <time>2026-05-10T03:30:07.859227539Z</time>
      </trkpt>
      <trkpt lat="41.618239" lon="2.633986">
        <ele>172.952</ele>
        <time>2026-05-10T03:30:47.859234482Z</time>
      </trkpt>
      <trkpt lat="41.618265" lon="2.633967">
        <ele>173.140</ele>
        <time>2026-05-10T03:31:27.859241405Z</time>
      </trkpt>
      <trkpt lat="41.618292" lon="2.633947">
        <ele>173.369</ele>
        <time>2026-05-10T03:32:07.859248338Z</time>
      </trkpt>
      <trkpt lat="41.618320" lon="2.633934">
        <ele>173.637</ele>
        <time>2026-05-10T03:32:47.859255211Z</time>
      </trkpt>
      <trkpt lat="41.618348" lon="2.633919">
        <ele>173.933</ele>
        <time>2026-05-10T03:33:27.859262094Z</time>
      </trkpt>
      <trkpt lat="41.618378" lon="2.633903">
        <ele>174.274</ele>
        <time>2026-05-10T03:34:07.859268996Z</time>
      </trkpt>
      <trkpt lat="41.618421" lon="2.633882">
        <ele>174.618</ele>
        <time>2026-05-10T03:34:47.859275990Z</time>
      </trkpt>
      <trkpt lat="41.618447" lon="2.633866">
        <ele>174.841</ele>
        <time>2026-05-10T03:35:27.859283193Z</time>
      </trkpt>
      <trkpt lat="41.618476" lon="2.633847">
        <ele>175.088</ele>
        <time>2026-05-10T03:36:07.859294154Z</time>
      </trkpt>
      <trkpt lat="41.618503" lon="2.633829">
        <ele>175.324</ele>
        <time>2026-05-10T03:36:47.859301107Z</time>
      </trkpt>
      <trkpt lat="41.618533" lon="2.633814">
        <ele>175.626</ele>
        <time>2026-05-10T03:37:27.859307969Z</time>
      </trkpt>
      <trkpt lat="41.618564" lon="2.633804">
        <ele>175.909</ele>
        <time>2026-05-10T03:38:07.859315574Z</time>
      </trkpt>
      <trkpt lat="41.618593" lon="2.633796">
        <ele>176.289</ele>
        <time>2026-05-10T03:38:47.859322346Z</time>
      </trkpt>
      <trkpt lat="41.618622" lon="2.633791">
        <ele>176.537</ele>
        <time>2026-05-10T03:39:27.859329179Z</time>
      </trkpt>
      <trkpt lat="41.618649" lon="2.633784">
        <ele>177.055</ele>
        <time>2026-05-10T03:40:07.859336002Z</time>
      </trkpt>
      <trkpt lat="41.618700" lon="2.633773">
        <ele>177.854</ele>
        <time>2026-05-10T03:40:47.859342865Z</time>
      </trkpt>
      <trkpt lat="41.618726" lon="2.633759">
        <ele>178.332</ele>
        <time>2026-05-10T03:41:27.859349687Z</time>
      </trkpt>
      <trkpt lat="41.618755" lon="2.633747">
        <ele>178.858</ele>
        <time>2026-05-10T03:42:07.859356550Z</time>
      </trkpt>
      <trkpt lat="41.618783" lon="2.633739">
        <ele>179.369</ele>
        <time>2026-05-10T03:42:47.859363403Z</time>
      </trkpt>
      <trkpt lat="41.618813" lon="2.633727">
        <ele>179.953</ele>
        <time>2026-05-10T03:43:27.859370386Z</time>
      </trkpt>
      <trkpt lat="41.618843" lon="2.633715">
        <ele>180.546</ele>
        <time>2026-05-10T03:44:07.859377189Z</time>
      </trkpt>
      <trkpt lat="41.618872" lon="2.633706">
        <ele>181.015</ele>
        <time>2026-05-10T03:44:47.859389863Z</time>
      </trkpt>
      <trkpt lat="41.618899" lon="2.633694">
        <ele>181.565</ele>
        <time>2026-05-10T03:45:27.859396826Z</time>
      </trkpt>
      <trkpt lat="41.618928" lon="2.633682">
        <ele>181.911</ele>
        <time>2026-05-10T03:46:07.859403749Z</time>
      </trkpt>
      <trkpt lat="41.618958" lon="2.633671">
        <ele>182.409</ele>
        <time>2026-05-10T03:46:47.859410932Z</time>
      </trkpt>
      <trkpt lat="41.618988" lon="2.633660">
        <ele>182.892</ele>
        <time>2026-05-10T03:47:27.859417765Z</time>
      </trkpt>
      <trkpt lat="41.619015" lon="2.633652">
        <ele>183.190</ele>
        <time>2026-05-10T03:48:07.859424638Z</time>
      </trkpt>
      <trkpt lat="41.619042" lon="2.633647">
        <ele>183.538</ele>
        <time>2026-05-10T03:48:47.859431491Z</time>
      </trkpt>
      <trkpt lat="41.619070" lon="2.633640">
        <ele>183.897</ele>
        <time>2026-05-10T03:49:27.859438404Z</time>
      </trkpt>
      <trkpt lat="41.619113" lon="2.633620">
        <ele>184.455</ele>
        <time>2026-05-10T03:50:07.859445316Z</time>
      </trkpt>
      <trkpt lat="41.619158" lon="2.633609">
        <ele>184.981</ele>
        <time>2026-05-10T03:50:47.859452189Z</time>
      </trkpt>
      <trkpt lat="41.619206" lon="2.633590">
        <ele>185.612</ele>
        <time>2026-05-10T03:51:27.859459032Z</time>
      </trkpt>
      <trkpt lat="41.619252" lon="2.633556">
        <ele>186.396</ele>
        <time>2026-05-10T03:52:07.859465915Z</time>
      </trkpt>
      <trkpt lat="41.619273" lon="2.633531">
        <ele>186.599</ele>
        <time>2026-05-10T03:52:47.859472768Z</time>
      </trkpt>
      <trkpt lat="41.619316" lon="2.633488">
        <ele>187.031</ele>
        <time>2026-05-10T03:53:27.859479731Z</time>
      </trkpt>
      <trkpt lat="41.619350" lon="2.633437">
        <ele>187.361</ele>
        <time>2026-05-10T03:54:07.859486634Z</time>
      </trkpt>
      <trkpt lat="41.619389" lon="2.633386">
        <ele>187.507</ele>
        <time>2026-05-10T03:54:47.859493477Z</time>
      </trkpt>
      <trkpt lat="41.619415" lon="2.633363">
        <ele>187.809</ele>
        <time>2026-05-10T03:55:27.859500329Z</time>
      </trkpt>
      <trkpt lat="41.619439" lon="2.633342">
        <ele>188.054</ele>
        <time>2026-05-10T03:56:07.859507212Z</time>
      </trkpt>
      <trkpt lat="41.619461" lon="2.633319">
        <ele>188.382</ele>
        <time>2026-05-10T03:56:47.859514045Z</time>
      </trkpt>
      <trkpt lat="41.619498" lon="2.633277">
        <ele>188.720</ele>
        <time>2026-05-10T03:57:27.859520918Z</time>
      </trkpt>
      <trkpt lat="41.619537" lon="2.633240">
        <ele>189.369</ele>
        <time>2026-05-10T03:58:07.859527761Z</time>
      </trkpt>
      <trkpt lat="41.619575" lon="2.633203">
        <ele>189.997</ele>
        <time>2026-05-10T03:58:47.859534914Z</time>
      </trkpt>
      <trkpt lat="41.619618" lon="2.633160">
        <ele>190.543</ele>
        <time>2026-05-10T03:59:27.859541777Z</time>
      </trkpt>
      <trkpt lat="41.619641" lon="2.633139">
        <ele>190.964</ele>
        <time>2026-05-10T04:00:07.859548970Z</time>
      </trkpt>
      <trkpt lat="41.619663" lon="2.633116">
        <ele>191.248</ele>
        <time>2026-05-10T04:00:47.859555944Z</time>
      </trkpt>
      <trkpt lat="41.619687" lon="2.633093">
        <ele>191.551</ele>
        <time>2026-05-10T04:01:27.859563077Z</time>
      </trkpt>
      <trkpt lat="41.619714" lon="2.633083">
        <ele>192.129</ele>
        <time>2026-05-10T04:02:07.859570020Z</time>
      </trkpt>
      <trkpt lat="41.619739" lon="2.633061">
        <ele>192.500</ele>
        <time>2026-05-10T04:02:47.859577133Z</time>
      </trkpt>
      <trkpt lat="41.619783" lon="2.633026">
        <ele>193.220</ele>
        <time>2026-05-10T04:03:27.859584647Z</time>
      </trkpt>
      <trkpt lat="41.619811" lon="2.633009">
        <ele>193.709</ele>
        <time>2026-05-10T04:04:07.859591530Z</time>
      </trkpt>
      <trkpt lat="41.619858" lon="2.632992">
        <ele>194.663</ele>
        <time>2026-05-10T04:04:47.859598373Z</time>
      </trkpt>
      <trkpt lat="41.619909" lon="2.632981">
        <ele>195.761</ele>
        <time>2026-05-10T04:05:27.859606398Z</time>
      </trkpt>
      <trkpt lat="41.619938" lon="2.632977">
        <ele>196.429</ele>
        <time>2026-05-10T04:06:07.859613531Z</time>
      </trkpt>
      <trkpt lat="41.619965" lon="2.632978">
        <ele>197.098</ele>
        <time>2026-05-10T04:06:47.859620404Z</time>
      </trkpt>
      <trkpt lat="41.620010" lon="2.632975">
        <ele>198.046</ele>
        <time>2026-05-10T04:07:27.859627648Z</time>
      </trkpt>
      <trkpt lat="41.620042" lon="2.632982">
        <ele>198.552</ele>
        <time>2026-05-10T04:08:07.859634521Z</time>
      </trkpt>
      <trkpt lat="41.620071" lon="2.632986">
        <ele>199.033</ele>
        <time>2026-05-10T04:08:47.859641363Z</time>
      </trkpt>
      <trkpt lat="41.620099" lon="2.632994">
        <ele>199.557</ele>
        <time>2026-05-10T04:09:27.859648216Z</time>
      </trkpt>
      <trkpt lat="41.620127" lon="2.633010">
        <ele>200.240</ele>
        <time>2026-05-10T04:10:07.859655119Z</time>
      </trkpt>
      <trkpt lat="41.620154" lon="2.633026">
        <ele>200.842</ele>
        <time>2026-05-10T04:10:47.859662052Z</time>
      </trkpt>
      <trkpt lat="41.620170" lon="2.633056">
        <ele>201.522</ele>
        <time>2026-05-10T04:11:27.859669005Z</time>
      </trkpt>
      <trkpt lat="41.620191" lon="2.633082">
        <ele>201.914</ele>
        <time>2026-05-10T04:12:07.859675928Z</time>
      </trkpt>
      <trkpt lat="41.620219" lon="2.633096">
        <ele>202.309</ele>
        <time>2026-05-10T04:12:47.859682811Z</time>
      </trkpt>
      <trkpt lat="41.620246" lon="2.633113">
        <ele>202.835</ele>
        <time>2026-05-10T04:13:27.859689694Z</time>
      </trkpt>
      <trkpt lat="41.620271" lon="2.633133">
        <ele>203.283</ele>
        <time>2026-05-10T04:14:07.859696557Z</time>
      </trkpt>
      <trkpt lat="41.620297" lon="2.633143">
        <ele>203.321</ele>
        <time>2026-05-10T04:14:47.859703510Z</time>
      </trkpt>
      <trkpt lat="41.620345" lon="2.633173">
        <ele>203.310</ele>
        <time>2026-05-10T04:15:27.859710393Z</time>
      </trkpt>
      <trkpt lat="41.620372" lon="2.633186">
        <ele>203.328</ele>
        <time>2026-05-10T04:16:07.859717326Z</time>
      </trkpt>
      <trkpt lat="41.620399" lon="2.633206">
        <ele>203.324</ele>
        <time>2026-05-10T04:16:47.859724168Z</time>
      </trkpt>
      <trkpt lat="41.620447" lon="2.633237">
        <ele>203.495</ele>
        <time>2026-05-10T04:17:27.859731141Z</time>
      </trkpt>
      <trkpt lat="41.620472" lon="2.633255">
        <ele>203.599</ele>
        <time>2026-05-10T04:18:07.859737964Z</time>
      </trkpt>
      <trkpt lat="41.620495" lon="2.633277">
        <ele>203.632</ele>
        <time>2026-05-10T04:18:47.859744787Z</time>
      </trkpt>
      <trkpt lat="41.620521" lon="2.633296">
        <ele>203.787</ele>
        <time>2026-05-10T04:19:27.859751670Z</time>
      </trkpt>
      <trkpt lat="41.620545" lon="2.633317">
        <ele>203.942</ele>
        <time>2026-05-10T04:20:07.859758643Z</time>
      </trkpt>
      <trkpt lat="41.620570" lon="2.633340">
        <ele>203.826</ele>
        <time>2026-05-10T04:20:47.859765556Z</time>
      </trkpt>
      <trkpt lat="41.620594" lon="2.633361">
        <ele>203.409</ele>
        <time>2026-05-10T04:21:27.859772439Z</time>
      </trkpt>
      <trkpt lat="41.620640" lon="2.633404">
        <ele>202.719</ele>
        <time>2026-05-10T04:22:07.859779342Z</time>
      </trkpt>
      <trkpt lat="41.620665" lon="2.633429">
        <ele>202.317</ele>
        <time>2026-05-10T04:22:47.859786215Z</time>
      </trkpt>
      <trkpt lat="41.620693" lon="2.633443">
        <ele>202.075</ele>
        <time>2026-05-10T04:23:27.859793057Z</time>
      </trkpt>
      <trkpt lat="41.620719" lon="2.633461">
        <ele>201.724</ele>
        <time>2026-05-10T04:24:07.859805260Z</time>
      </trkpt>
      <trkpt lat="41.620746" lon="2.633471">
        <ele>201.582</ele>
        <time>2026-05-10T04:24:47.859812253Z</time>
      </trkpt>
      <trkpt lat="41.620774" lon="2.633481">
        <ele>201.358</ele>
        <time>2026-05-10T04:25:27.859819116Z</time>
      </trkpt>
      <trkpt lat="41.620802" lon="2.633489">
        <ele>201.029</ele>
        <time>2026-05-10T04:26:07.859826009Z</time>
      </trkpt>
      <trkpt lat="41.620830" lon="2.633494">
        <ele>200.953</ele>
        <time>2026-05-10T04:26:47.859832862Z</time>
      </trkpt>
      <trkpt lat="41.620860" lon="2.633495">
        <ele>200.726</ele>
        <time>2026-05-10T04:27:27.859839745Z</time>
      </trkpt>
      <trkpt lat="41.620889" lon="2.633499">
        <ele>200.687</ele>
        <time>2026-05-10T04:28:07.859846638Z</time>
      </trkpt>
      <trkpt lat="41.620920" lon="2.633499">
        <ele>200.542</ele>
        <time>2026-05-10T04:28:47.859853531Z</time>
      </trkpt>
      <trkpt lat="41.620969" lon="2.633488">
        <ele>200.426</ele>
        <time>2026-05-10T04:29:27.859860423Z</time>
      </trkpt>
      <trkpt lat="41.620998" lon="2.633490">
        <ele>200.309</ele>
        <time>2026-05-10T04:30:07.859867316Z</time>
      </trkpt>
      <trkpt lat="41.621052" lon="2.633487">
        <ele>200.159</ele>
        <time>2026-05-10T04:30:47.859874279Z</time>
      </trkpt>
      <trkpt lat="41.621079" lon="2.633477">
        <ele>200.137</ele>
        <time>2026-05-10T04:31:27.859881152Z</time>
      </trkpt>
      <trkpt lat="41.621136" lon="2.633462">
        <ele>200.335</ele>
        <time>2026-05-10T04:32:07.859888025Z</time>
      </trkpt>
      <trkpt lat="41.621166" lon="2.633450">
        <ele>200.654</ele>
        <time>2026-05-10T04:32:47.859894898Z</time>
      </trkpt>
      <trkpt lat="41.621192" lon="2.633433">
        <ele>200.932</ele>
        <time>2026-05-10T04:33:27.859901761Z</time>
      </trkpt>
      <trkpt lat="41.621219" lon="2.633425">
        <ele>201.198</ele>
        <time>2026-05-10T04:34:07.859908634Z</time>
      </trkpt>
      <trkpt lat="41.621268" lon="2.633404">
        <ele>201.649</ele>
        <time>2026-05-10T04:34:47.859915517Z</time>
      </trkpt>
      <trkpt lat="41.621318" lon="2.633391">
        <ele>202.123</ele>
        <time>2026-05-10T04:35:27.859922389Z</time>
      </trkpt>
      <trkpt lat="41.621369" lon="2.633377">
        <ele>202.576</ele>
        <time>2026-05-10T04:36:07.859929252Z</time>
      </trkpt>
      <trkpt lat="41.621397" lon="2.633380">
        <ele>202.877</ele>
        <time>2026-05-10T04:36:47.859936195Z</time>
      </trkpt>
      <trkpt lat="41.621428" lon="2.633377">
        <ele>203.661</ele>
        <time>2026-05-10T04:37:27.859943118Z</time>
      </trkpt>
      <trkpt lat="41.621457" lon="2.633372">
        <ele>204.227</ele>
        <time>2026-05-10T04:38:07.859950051Z</time>
      </trkpt>
      <trkpt lat="41.621512" lon="2.633361">
        <ele>205.509</ele>
        <time>2026-05-10T04:38:47.859956954Z</time>
      </trkpt>
      <trkpt lat="41.621560" lon="2.633362">
        <ele>206.678</ele>
        <time>2026-05-10T04:39:27.859963957Z</time>
      </trkpt>
      <trkpt lat="41.621611" lon="2.633362">
        <ele>207.746</ele>
        <time>2026-05-10T04:40:07.859970820Z</time>
      </trkpt>
      <trkpt lat="41.621639" lon="2.633355">
        <ele>208.364</ele>
        <time>2026-05-10T04:40:47.859977723Z</time>
      </trkpt>
      <trkpt lat="41.621693" lon="2.633370">
        <ele>209.783</ele>
        <time>2026-05-10T04:41:27.859984576Z</time>
      </trkpt>
      <trkpt lat="41.621743" lon="2.633365">
        <ele>211.351</ele>
        <time>2026-05-10T04:42:07.859991509Z</time>
      </trkpt>
      <trkpt lat="41.621795" lon="2.633371">
        <ele>212.887</ele>
        <time>2026-05-10T04:42:47.859998372Z</time>
      </trkpt>
      <trkpt lat="41.621821" lon="2.633380">
        <ele>213.698</ele>
        <time>2026-05-10T04:43:27.860011957Z</time>
      </trkpt>
      <trkpt lat="41.621873" lon="2.633397">
        <ele>214.972</ele>
        <time>2026-05-10T04:44:07.860018990Z</time>
      </trkpt>
      <trkpt lat="41.621919" lon="2.633406">
        <ele>216.255</ele>
        <time>2026-05-10T04:44:47.860025933Z</time>
      </trkpt>
      <trkpt lat="41.621963" lon="2.633413">
        <ele>217.494</ele>
        <time>2026-05-10T04:45:27.860033016Z</time>
      </trkpt>
      <trkpt lat="41.622012" lon="2.633429">
        <ele>218.757</ele>
        <time>2026-05-10T04:46:07.860039929Z</time>
      </trkpt>
      <trkpt lat="41.622064" lon="2.633447">
        <ele>220.122</ele>
        <time>2026-05-10T04:46:47.860046902Z</time>
      </trkpt>
      <trkpt lat="41.622105" lon="2.633472">
        <ele>220.909</ele>
        <time>2026-05-10T04:47:27.860053785Z</time>
      </trkpt>
      <trkpt lat="41.622146" lon="2.633496">
        <ele>221.880</ele>
        <time>2026-05-10T04:48:07.860060849Z</time>
      </trkpt>
      <trkpt lat="41.622184" lon="2.633521">
        <ele>222.548</ele>
        <time>2026-05-10T04:48:47.860067671Z</time>
      </trkpt>
      <trkpt lat="41.622228" lon="2.633552">
        <ele>223.246</ele>
        <time>2026-05-10T04:49:27.860074534Z</time>
      </trkpt>
      <trkpt lat="41.622267" lon="2.633576">
        <ele>224.165</ele>
        <time>2026-05-10T04:50:07.860081477Z</time>
      </trkpt>
      <trkpt lat="41.622302" lon="2.633611">
        <ele>224.653</ele>
        <time>2026-05-10T04:50:47.860088350Z</time>
      </trkpt>
      <trkpt lat="41.622337" lon="2.633624">
        <ele>225.499</ele>
        <time>2026-05-10T04:51:27.860095213Z</time>
      </trkpt>
      <trkpt lat="41.622383" lon="2.633622">
        <ele>226.960</ele>
        <time>2026-05-10T04:52:07.860102096Z</time>
      </trkpt>
      <trkpt lat="41.622427" lon="2.633618">
        <ele>228.584</ele>
        <time>2026-05-10T04:52:47.860108979Z</time>
      </trkpt>
      <trkpt lat="41.622475" lon="2.633609">
        <ele>230.287</ele>
        <time>2026-05-10T04:53:27.860116202Z</time>
      </trkpt>
      <trkpt lat="41.622514" lon="2.633598">
        <ele>231.522</ele>
        <time>2026-05-10T04:54:07.860123135Z</time>
      </trkpt>
      <trkpt lat="41.622564" lon="2.633594">
        <ele>232.862</ele>
        <time>2026-05-10T04:54:47.860130068Z</time>
      </trkpt>
      <trkpt lat="41.622608" lon="2.633611">
        <ele>233.708</ele>
        <time>2026-05-10T04:55:27.860137011Z</time>
      </trkpt>
      <trkpt lat="41.622654" lon="2.633632">
        <ele>234.609</ele>
        <time>2026-05-10T04:56:07.860143864Z</time>
      </trkpt>
      <trkpt lat="41.622701" lon="2.633652">
        <ele>235.533</ele>
        <time>2026-05-10T04:56:47.860150677Z</time>
      </trkpt>
      <trkpt lat="41.622747" lon="2.633674">
        <ele>236.521</ele>
        <time>2026-05-10T04:57:27.860157499Z</time>
      </trkpt>
      <trkpt lat="41.622789" lon="2.633692">
        <ele>237.319</ele>
        <time>2026-05-10T04:58:07.860164372Z</time>
      </trkpt>
      <trkpt lat="41.622834" lon="2.633696">
        <ele>237.938</ele>
        <time>2026-05-10T04:58:47.860171245Z</time>
      </trkpt>
      <trkpt lat="41.622884" lon="2.633693">
        <ele>238.776</ele>
        <time>2026-05-10T04:59:27.860178088Z</time>
      </trkpt>
      <trkpt lat="41.622926" lon="2.633682">
        <ele>239.462</ele>
        <time>2026-05-10T05:00:07.860184971Z</time>
      </trkpt>
      <trkpt lat="41.622973" lon="2.633694">
        <ele>240.173</ele>
        <time>2026-05-10T05:00:47.860191844Z</time>
      </trkpt>
      <trkpt lat="41.623015" lon="2.633709">
        <ele>240.797</ele>
        <time>2026-05-10T05:01:27.860198677Z</time>
      </trkpt>
      <trkpt lat="41.623062" lon="2.633709">
        <ele>241.520</ele>
        <time>2026-05-10T05:02:07.860205499Z</time>
      </trkpt>
      <trkpt lat="41.623109" lon="2.633716">
        <ele>242.225</ele>
        <time>2026-05-10T05:02:47.860212472Z</time>
      </trkpt>
      <trkpt lat="41.623164" lon="2.633733">
        <ele>243.326</ele>
        <time>2026-05-10T05:03:27.860225507Z</time>
      </trkpt>
      <trkpt lat="41.623192" lon="2.633737">
        <ele>243.808</ele>
        <time>2026-05-10T05:04:07.860232450Z</time>
      </trkpt>
      <trkpt lat="41.623236" lon="2.633739">
        <ele>244.609</ele>
        <time>2026-05-10T05:04:47.860239343Z</time>
      </trkpt>
      <trkpt lat="41.623286" lon="2.633738">
        <ele>245.593</ele>
        <time>2026-05-10T05:05:27.860246286Z</time>
      </trkpt>
      <trkpt lat="41.623331" lon="2.633746">
        <ele>246.421</ele>
        <time>2026-05-10T05:06:07.860253239Z</time>
      </trkpt>
      <trkpt lat="41.623377" lon="2.633735">
        <ele>247.129</ele>
        <time>2026-05-10T05:06:47.860260322Z</time>
      </trkpt>
      <trkpt lat="41.623404" lon="2.633725">
        <ele>247.528</ele>
        <time>2026-05-10T05:07:27.860267205Z</time>
      </trkpt>
      <trkpt lat="41.623433" lon="2.633729">
        <ele>248.136</ele>
        <time>2026-05-10T05:08:07.860274108Z</time>
      </trkpt>
      <trkpt lat="41.623461" lon="2.633742">
        <ele>248.972</ele>
        <time>2026-05-10T05:08:47.860285128Z</time>
      </trkpt>
      <trkpt lat="41.623507" lon="2.633748">
        <ele>249.983</ele>
        <time>2026-05-10T05:09:27.860292091Z</time>
      </trkpt>
      <trkpt lat="41.623551" lon="2.633750">
        <ele>250.847</ele>
        <time>2026-05-10T05:10:07.860299054Z</time>
      </trkpt>
      <trkpt lat="41.623591" lon="2.633773">
        <ele>251.920</ele>
        <time>2026-05-10T05:10:47.860305987Z</time>
      </trkpt>
      <trkpt lat="41.623634" lon="2.633782">
        <ele>252.673</ele>
        <time>2026-05-10T05:11:27.860313021Z</time>
      </trkpt>
      <trkpt lat="41.623682" lon="2.633798">
        <ele>253.385</ele>
        <time>2026-05-10T05:12:07.860320054Z</time>
      </trkpt>
      <trkpt lat="41.623709" lon="2.633799">
        <ele>253.513</ele>
        <time>2026-05-10T05:12:47.860327027Z</time>
      </trkpt>
      <trkpt lat="41.623758" lon="2.633809">
        <ele>254.109</ele>
        <time>2026-05-10T05:13:27.860333950Z</time>
      </trkpt>
      <trkpt lat="41.623810" lon="2.633810">
        <ele>254.638</ele>
        <time>2026-05-10T05:14:07.860340913Z</time>
      </trkpt>
      <trkpt lat="41.623862" lon="2.633826">
        <ele>255.416</ele>
        <time>2026-05-10T05:14:47.860347866Z</time>
      </trkpt>
      <trkpt lat="41.623883" lon="2.633850">
        <ele>256.114</ele>
        <time>2026-05-10T05:15:27.860354829Z</time>
      </trkpt>
      <trkpt lat="41.623924" lon="2.633896">
        <ele>257.093</ele>
        <time>2026-05-10T05:16:07.860361782Z</time>
      </trkpt>
      <trkpt lat="41.623966" lon="2.633939">
        <ele>256.721</ele>
        <time>2026-05-10T05:16:47.860368725Z</time>
      </trkpt>
      <trkpt lat="41.624001" lon="2.633957">
        <ele>256.677</ele>
        <time>2026-05-10T05:17:27.860375618Z</time>
      </trkpt>
      <trkpt lat="41.624028" lon="2.633963">
        <ele>256.678</ele>
        <time>2026-05-10T05:18:07.860382541Z</time>
      </trkpt>
      <trkpt lat="41.624071" lon="2.633945">
        <ele>256.712</ele>
        <time>2026-05-10T05:18:47.860389474Z</time>
      </trkpt>
      <trkpt lat="41.624100" lon="2.633935">
        <ele>256.835</ele>
        <time>2026-05-10T05:19:27.860396397Z</time>
      </trkpt>
      <trkpt lat="41.624154" lon="2.633931">
        <ele>256.826</ele>
        <time>2026-05-10T05:20:07.860403340Z</time>
      </trkpt>
      <trkpt lat="41.624204" lon="2.633921">
        <ele>256.647</ele>
        <time>2026-05-10T05:20:47.860410343Z</time>
      </trkpt>
      <trkpt lat="41.624237" lon="2.633915">
        <ele>256.411</ele>
        <time>2026-05-10T05:21:27.860417336Z</time>
      </trkpt>
      <trkpt lat="41.624266" lon="2.633912">
        <ele>256.209</ele>
        <time>2026-05-10T05:22:07.860424379Z</time>
      </trkpt>
      <trkpt lat="41.624297" lon="2.633904">
        <ele>256.023</ele>
        <time>2026-05-10T05:22:47.860431392Z</time>
      </trkpt>
      <trkpt lat="41.624327" lon="2.633896">
        <ele>255.841</ele>
        <time>2026-05-10T05:23:27.860438285Z</time>
      </trkpt>
      <trkpt lat="41.624357" lon="2.633890">
        <ele>255.619</ele>
        <time>2026-05-10T05:24:07.860445168Z</time>
      </trkpt>
      <trkpt lat="41.624413" lon="2.633874">
        <ele>255.088</ele>
        <time>2026-05-10T05:24:47.860452061Z</time>
      </trkpt>
      <trkpt lat="41.624440" lon="2.633868">
        <ele>254.796</ele>
        <time>2026-05-10T05:25:27.860459044Z</time>
      </trkpt>
      <trkpt lat="41.624467" lon="2.633867">
        <ele>254.342</ele>
        <time>2026-05-10T05:26:07.860466007Z</time>
      </trkpt>
      <trkpt lat="41.624496" lon="2.633857">
        <ele>253.733</ele>
        <time>2026-05-10T05:26:47.860472910Z</time>
      </trkpt>
      <trkpt lat="41.624525" lon="2.633845">
        <ele>253.147</ele>
        <time>2026-05-10T05:27:27.860479843Z</time>
      </trkpt>
      <trkpt lat="41.624557" lon="2.633833">
        <ele>252.440</ele>
        <time>2026-05-10T05:28:07.860486796Z</time>
      </trkpt>
      <trkpt lat="41.624585" lon="2.633832">
        <ele>252.047</ele>
        <time>2026-05-10T05:28:47.860493829Z</time>
      </trkpt>
      <trkpt lat="41.624616" lon="2.633831">
        <ele>251.529</ele>
        <time>2026-05-10T05:29:27.860500822Z</time>
      </trkpt>
      <trkpt lat="41.624646" lon="2.633822">
        <ele>250.921</ele>
        <time>2026-05-10T05:30:07.860507755Z</time>
      </trkpt>
      <trkpt lat="41.624681" lon="2.633812">
        <ele>250.309</ele>
        <time>2026-05-10T05:30:47.860514718Z</time>
      </trkpt>
      <trkpt lat="41.624707" lon="2.633806">
        <ele>249.965</ele>
        <time>2026-05-10T05:31:27.860521651Z</time>
      </trkpt>
      <trkpt lat="41.624751" lon="2.633793">
        <ele>249.563</ele>
        <time>2026-05-10T05:32:07.860528554Z</time>
      </trkpt>
      <trkpt lat="41.624803" lon="2.633780">
        <ele>249.141</ele>
        <time>2026-05-10T05:32:47.860535497Z</time>
      </trkpt>
      <trkpt lat="41.624831" lon="2.633776">
        <ele>249.090</ele>
        <time>2026-05-10T05:33:27.860542440Z</time>
      </trkpt>
      <trkpt lat="41.624882" lon="2.633770">
        <ele>248.758</ele>
        <time>2026-05-10T05:34:07.860549393Z</time>
      </trkpt>
      <trkpt lat="41.624911" lon="2.633765">
        <ele>248.594</ele>
        <time>2026-05-10T05:34:47.860556406Z</time>
      </trkpt>
      <trkpt lat="41.624942" lon="2.633765">
        <ele>248.345</ele>
        <time>2026-05-10T05:35:27.860563339Z</time>
      </trkpt>
      <trkpt lat="41.624970" lon="2.633754">
        <ele>248.259</ele>
        <time>2026-05-10T05:36:07.860570322Z</time>
      </trkpt>
      <trkpt lat="41.624998" lon="2.633736">
        <ele>248.012</ele>
        <time>2026-05-10T05:36:47.860577255Z</time>
      </trkpt>
      <trkpt lat="41.625024" lon="2.633717">
        <ele>247.943</ele>
        <time>2026-05-10T05:37:27.860584258Z</time>
      </trkpt>
      <trkpt lat="41.625056" lon="2.633705">
        <ele>247.964</ele>
        <time>2026-05-10T05:38:07.860591181Z</time>
      </trkpt>
      <trkpt lat="41.625086" lon="2.633697">
        <ele>247.810</ele>
        <time>2026-05-10T05:38:47.860598144Z</time>
      </trkpt>
      <trkpt lat="41.625115" lon="2.633686">
        <ele>247.809</ele>
        <time>2026-05-10T05:39:27.860605037Z</time>
      </trkpt>
      <trkpt lat="41.625145" lon="2.633674">
        <ele>247.845</ele>
        <time>2026-05-10T05:40:07.860611940Z</time>
      </trkpt>
      <trkpt lat="41.625173" lon="2.633659">
        <ele>247.843</ele>
        <time>2026-05-10T05:40:47.860618943Z</time>
      </trkpt>
      <trkpt lat="41.625203" lon="2.633644">
        <ele>247.861</ele>
        <time>2026-05-10T05:41:27.860625876Z</time>
      </trkpt>
      <trkpt lat="41.625233" lon="2.633633">
        <ele>247.990</ele>
        <time>2026-05-10T05:42:07.860632779Z</time>
      </trkpt>
      <trkpt lat="41.625260" lon="2.633615">
        <ele>248.068</ele>
        <time>2026-05-10T05:42:47.860645843Z</time>
      </trkpt>
      <trkpt lat="41.625288" lon="2.633605">
        <ele>247.794</ele>
        <time>2026-05-10T05:43:27.860653197Z</time>
      </trkpt>
      <trkpt lat="41.625316" lon="2.633595">
        <ele>247.155</ele>
        <time>2026-05-10T05:44:07.860660150Z</time>
      </trkpt>
      <trkpt lat="41.625348" lon="2.633590">
        <ele>246.519</ele>
        <time>2026-05-10T05:44:47.860667173Z</time>
      </trkpt>
      <trkpt lat="41.625378" lon="2.633580">
        <ele>245.982</ele>
        <time>2026-05-10T05:45:27.860674106Z</time>
      </trkpt>
      <trkpt lat="41.625410" lon="2.633574">
        <ele>245.314</ele>
        <time>2026-05-10T05:46:07.860681099Z</time>
      </trkpt>
      <trkpt lat="41.625443" lon="2.633564">
        <ele>244.754</ele>
        <time>2026-05-10T05:46:47.860688042Z</time>
      </trkpt>
      <trkpt lat="41.625472" lon="2.633556">
        <ele>244.109</ele>
        <time>2026-05-10T05:47:27.860694995Z</time>
      </trkpt>
      <trkpt lat="41.625501" lon="2.633558">
        <ele>243.709</ele>
        <time>2026-05-10T05:48:07.860701958Z</time>
      </trkpt>
      <trkpt lat="41.625560" lon="2.633537">
        <ele>242.712</ele>
        <time>2026-05-10T05:48:47.860708982Z</time>
      </trkpt>
      <trkpt lat="41.625591" lon="2.633533">
        <ele>242.460</ele>
        <time>2026-05-10T05:49:27.860715925Z</time>
      </trkpt>
      <trkpt lat="41.625618" lon="2.633529">
        <ele>242.138</ele>
        <time>2026-05-10T05:50:07.860722787Z</time>
      </trkpt>
      <trkpt lat="41.625645" lon="2.633519">
        <ele>241.887</ele>
        <time>2026-05-10T05:50:47.860729750Z</time>
      </trkpt>
      <trkpt lat="41.625672" lon="2.633519">
        <ele>241.695</ele>
        <time>2026-05-10T05:51:27.860736693Z</time>
      </trkpt>
      <trkpt lat="41.625699" lon="2.633517">
        <ele>241.361</ele>
        <time>2026-05-10T05:52:07.860743697Z</time>
      </trkpt>
      <trkpt lat="41.625755" lon="2.633508">
        <ele>240.722</ele>
        <time>2026-05-10T05:52:47.860750960Z</time>
      </trkpt>
      <trkpt lat="41.625782" lon="2.633501">
        <ele>240.596</ele>
        <time>2026-05-10T05:53:27.860757873Z</time>
      </trkpt>
      <trkpt lat="41.625838" lon="2.633502">
        <ele>240.029</ele>
        <time>2026-05-10T05:54:07.860764896Z</time>
      </trkpt>
      <trkpt lat="41.625870" lon="2.633501">
        <ele>239.783</ele>
        <time>2026-05-10T05:54:47.860771939Z</time>
      </trkpt>
      <trkpt lat="41.625898" lon="2.633491">
        <ele>239.425</ele>
        <time>2026-05-10T05:55:27.860778952Z</time>
      </trkpt>
      <trkpt lat="41.625926" lon="2.633485">
        <ele>239.217</ele>
        <time>2026-05-10T05:56:07.860785905Z</time>
      </trkpt>
      <trkpt lat="41.625956" lon="2.633481">
        <ele>238.909</ele>
        <time>2026-05-10T05:56:47.860792828Z</time>
      </trkpt>
      <trkpt lat="41.625985" lon="2.633478">
        <ele>238.619</ele>
        <time>2026-05-10T05:57:27.860799761Z</time>
      </trkpt>
      <trkpt lat="41.626012" lon="2.633476">
        <ele>238.437</ele>
        <time>2026-05-10T05:58:07.860806734Z</time>
      </trkpt>
      <trkpt lat="41.626064" lon="2.633463">
        <ele>238.015</ele>
        <time>2026-05-10T05:58:47.860813637Z</time>
      </trkpt>
      <trkpt lat="41.626092" lon="2.633462">
        <ele>237.794</ele>
        <time>2026-05-10T05:59:27.860820590Z</time>
      </trkpt>
      <trkpt lat="41.626121" lon="2.633457">
        <ele>237.452</ele>
        <time>2026-05-10T06:00:07.860827533Z</time>
      </trkpt>
      <trkpt lat="41.626170" lon="2.633444">
        <ele>236.538</ele>
        <time>2026-05-10T06:00:47.860834496Z</time>
      </trkpt>
      <trkpt lat="41.626200" lon="2.633440">
        <ele>236.089</ele>
        <time>2026-05-10T06:01:27.860841469Z</time>
      </trkpt>
      <trkpt lat="41.626227" lon="2.633435">
        <ele>235.523</ele>
        <time>2026-05-10T06:02:07.860848412Z</time>
      </trkpt>
      <trkpt lat="41.626256" lon="2.633428">
        <ele>235.136</ele>
        <time>2026-05-10T06:02:47.860855325Z</time>
      </trkpt>
      <trkpt lat="41.626284" lon="2.633432">
        <ele>234.565</ele>
        <time>2026-05-10T06:03:27.860862339Z</time>
      </trkpt>
      <trkpt lat="41.626313" lon="2.633428">
        <ele>234.068</ele>
        <time>2026-05-10T06:04:07.860869241Z</time>
      </trkpt>
      <trkpt lat="41.626344" lon="2.633420">
        <ele>233.514</ele>
        <time>2026-05-10T06:04:47.860876194Z</time>
      </trkpt>
      <trkpt lat="41.626372" lon="2.633410">
        <ele>233.009</ele>
        <time>2026-05-10T06:05:27.860883107Z</time>
      </trkpt>
      <trkpt lat="41.626424" lon="2.633404">
        <ele>231.747</ele>
        <time>2026-05-10T06:06:07.860890100Z</time>
      </trkpt>
      <trkpt lat="41.626453" lon="2.633399">
        <ele>230.935</ele>
        <time>2026-05-10T06:06:47.860897013Z</time>
      </trkpt>
      <trkpt lat="41.626483" lon="2.633399">
        <ele>230.073</ele>
        <time>2026-05-10T06:07:27.860903976Z</time>
      </trkpt>
      <trkpt lat="41.626513" lon="2.633398">
        <ele>229.292</ele>
        <time>2026-05-10T06:08:07.860910950Z</time>
      </trkpt>
      <trkpt lat="41.626542" lon="2.633403">
        <ele>228.380</ele>
        <time>2026-05-10T06:08:47.860917893Z</time>
      </trkpt>
      <trkpt lat="41.626591" lon="2.633399">
        <ele>226.996</ele>
        <time>2026-05-10T06:09:27.860924846Z</time>
      </trkpt>
      <trkpt lat="41.626647" lon="2.633404">
        <ele>225.327</ele>
        <time>2026-05-10T06:10:07.860931768Z</time>
      </trkpt>
      <trkpt lat="41.626681" lon="2.633397">
        <ele>224.641</ele>
        <time>2026-05-10T06:10:47.860938752Z</time>
      </trkpt>
      <trkpt lat="41.626713" lon="2.633396">
        <ele>224.334</ele>
        <time>2026-05-10T06:11:27.860945695Z</time>
      </trkpt>
      <trkpt lat="41.626741" lon="2.633398">
        <ele>224.022</ele>
        <time>2026-05-10T06:12:07.860952718Z</time>
      </trkpt>
      <trkpt lat="41.626771" lon="2.633395">
        <ele>223.762</ele>
        <time>2026-05-10T06:12:47.860959721Z</time>
      </trkpt>
      <trkpt lat="41.626823" lon="2.633390">
        <ele>223.308</ele>
        <time>2026-05-10T06:13:27.860966694Z</time>
      </trkpt>
      <trkpt lat="41.626854" lon="2.633391">
        <ele>223.009</ele>
        <time>2026-05-10T06:14:07.860973607Z</time>
      </trkpt>
      <trkpt lat="41.626889" lon="2.633390">
        <ele>222.713</ele>
        <time>2026-05-10T06:14:47.860980540Z</time>
      </trkpt>
      <trkpt lat="41.626921" lon="2.633393">
        <ele>222.451</ele>
        <time>2026-05-10T06:15:27.860987543Z</time>
      </trkpt>
      <trkpt lat="41.626950" lon="2.633393">
        <ele>222.389</ele>
        <time>2026-05-10T06:16:07.860994516Z</time>
      </trkpt>
      <trkpt lat="41.626978" lon="2.633406">
        <ele>222.668</ele>
        <time>2026-05-10T06:16:47.861001479Z</time>
      </trkpt>
      <trkpt lat="41.627005" lon="2.633410">
        <ele>222.956</ele>
        <time>2026-05-10T06:17:27.861008392Z</time>
      </trkpt>
      <trkpt lat="41.627036" lon="2.633417">
        <ele>223.312</ele>
        <time>2026-05-10T06:18:07.861015305Z</time>
      </trkpt>
      <trkpt lat="41.627067" lon="2.633426">
        <ele>223.753</ele>
        <time>2026-05-10T06:18:47.861022238Z</time>
      </trkpt>
      <trkpt lat="41.627097" lon="2.633433">
        <ele>224.077</ele>
        <time>2026-05-10T06:19:27.861029191Z</time>
      </trkpt>
      <trkpt lat="41.627145" lon="2.633456">
        <ele>224.680</ele>
        <time>2026-05-10T06:20:07.861036144Z</time>
      </trkpt>
      <trkpt lat="41.627176" lon="2.633471">
        <ele>225.049</ele>
        <time>2026-05-10T06:20:47.861043397Z</time>
      </trkpt>
      <trkpt lat="41.627204" lon="2.633476">
        <ele>225.302</ele>
        <time>2026-05-10T06:21:27.861050431Z</time>
      </trkpt>
      <trkpt lat="41.627235" lon="2.633479">
        <ele>225.522</ele>
        <time>2026-05-10T06:22:07.861062924Z</time>
      </trkpt>
      <trkpt lat="41.627267" lon="2.633477">
        <ele>225.309</ele>
        <time>2026-05-10T06:22:47.861070037Z</time>
      </trkpt>
      <trkpt lat="41.627297" lon="2.633469">
        <ele>225.175</ele>
        <time>2026-05-10T06:23:27.861076940Z</time>
      </trkpt>
      <trkpt lat="41.627345" lon="2.633466">
        <ele>224.843</ele>
        <time>2026-05-10T06:24:07.861083843Z</time>
      </trkpt>
      <trkpt lat="41.627367" lon="2.633442">
        <ele>224.821</ele>
        <time>2026-05-10T06:24:47.861090776Z</time>
      </trkpt>
      <trkpt lat="41.627385" lon="2.633416">
        <ele>224.890</ele>
        <time>2026-05-10T06:25:27.861097709Z</time>
      </trkpt>
      <trkpt lat="41.627406" lon="2.633388">
        <ele>224.898</ele>
        <time>2026-05-10T06:26:07.861104762Z</time>
      </trkpt>
      <trkpt lat="41.627426" lon="2.633359">
        <ele>224.964</ele>
        <time>2026-05-10T06:26:47.861111695Z</time>
      </trkpt>
      <trkpt lat="41.627450" lon="2.633336">
        <ele>225.085</ele>
        <time>2026-05-10T06:27:27.861118648Z</time>
      </trkpt>
      <trkpt lat="41.627471" lon="2.633309">
        <ele>225.249</ele>
        <time>2026-05-10T06:28:07.861125561Z</time>
      </trkpt>
      <trkpt lat="41.627509" lon="2.633267">
        <ele>225.572</ele>
        <time>2026-05-10T06:28:47.861132554Z</time>
      </trkpt>
      <trkpt lat="41.627531" lon="2.633239">
        <ele>225.477</ele>
        <time>2026-05-10T06:29:27.861139527Z</time>
      </trkpt>
      <trkpt lat="41.627554" lon="2.633208">
        <ele>225.461</ele>
        <time>2026-05-10T06:30:07.861146530Z</time>
      </trkpt>
      <trkpt lat="41.627578" lon="2.633183">
        <ele>225.427</ele>
        <time>2026-05-10T06:30:47.861153483Z</time>
      </trkpt>
      <trkpt lat="41.627600" lon="2.633154">
        <ele>225.609</ele>
        <time>2026-05-10T06:31:27.861160416Z</time>
      </trkpt>
      <trkpt lat="41.627622" lon="2.633127">
        <ele>225.828</ele>
        <time>2026-05-10T06:32:07.861167369Z</time>
      </trkpt>
      <trkpt lat="41.627643" lon="2.633097">
        <ele>226.116</ele>
        <time>2026-05-10T06:32:47.861174312Z</time>
      </trkpt>
      <trkpt lat="41.627665" lon="2.633067">
        <ele>226.614</ele>
        <time>2026-05-10T06:33:27.861181616Z</time>
      </trkpt>
      <trkpt lat="41.627690" lon="2.633040">
        <ele>226.913</ele>
        <time>2026-05-10T06:34:07.861188709Z</time>
      </trkpt>
      <trkpt lat="41.627713" lon="2.633017">
        <ele>227.141</ele>
        <time>2026-05-10T06:34:47.861195873Z</time>
      </trkpt>
      <trkpt lat="41.627736" lon="2.632994">
        <ele>227.577</ele>
        <time>2026-05-10T06:35:27.861202896Z</time>
      </trkpt>
      <trkpt lat="41.627761" lon="2.632969">
        <ele>227.988</ele>
        <time>2026-05-10T06:36:07.861209799Z</time>
      </trkpt>
      <trkpt lat="41.627783" lon="2.632946">
        <ele>228.342</ele>
        <time>2026-05-10T06:36:47.861216752Z</time>
      </trkpt>
      <trkpt lat="41.627805" lon="2.632924">
        <ele>228.535</ele>
        <time>2026-05-10T06:37:27.861223735Z</time>
      </trkpt>
      <trkpt lat="41.627831" lon="2.632898">
        <ele>228.745</ele>
        <time>2026-05-10T06:38:07.861230748Z</time>
      </trkpt>
      <trkpt lat="41.627857" lon="2.632873">
        <ele>229.047</ele>
        <time>2026-05-10T06:38:47.861237701Z</time>
      </trkpt>
      <trkpt lat="41.627884" lon="2.632848">
        <ele>229.211</ele>
        <time>2026-05-10T06:39:27.861244704Z</time>
      </trkpt>
      <trkpt lat="41.627909" lon="2.632823">
        <ele>229.509</ele>
        <time>2026-05-10T06:40:07.861251727Z</time>
      </trkpt>
      <trkpt lat="41.627932" lon="2.632801">
        <ele>229.895</ele>
        <time>2026-05-10T06:40:47.861258740Z</time>
      </trkpt>
      <trkpt lat="41.627956" lon="2.632776">
        <ele>230.173</ele>
        <time>2026-05-10T06:41:27.861265754Z</time>
      </trkpt>
      <trkpt lat="41.627981" lon="2.632754">
        <ele>229.961</ele>
        <time>2026-05-10T06:42:07.861272697Z</time>
      </trkpt>
      <trkpt lat="41.628003" lon="2.632734">
        <ele>229.820</ele>
        <time>2026-05-10T06:42:47.861279670Z</time>
      </trkpt>
      <trkpt lat="41.628027" lon="2.632714">
        <ele>229.738</ele>
        <time>2026-05-10T06:43:27.861286603Z</time>
      </trkpt>
      <trkpt lat="41.628049" lon="2.632684">
        <ele>229.794</ele>
        <time>2026-05-10T06:44:07.861293525Z</time>
      </trkpt>
      <trkpt lat="41.628071" lon="2.632622">
        <ele>229.785</ele>
        <time>2026-05-10T06:44:47.861300519Z</time>
      </trkpt>
      <trkpt lat="41.628063" lon="2.632553">
        <ele>230.469</ele>
        <time>2026-05-10T06:45:27.861307532Z</time>
      </trkpt>
      <trkpt lat="41.628057" lon="2.632515">
        <ele>230.972</ele>
        <time>2026-05-10T06:46:07.861314545Z</time>
      </trkpt>
      <trkpt lat="41.628038" lon="2.632477">
        <ele>231.045</ele>
        <time>2026-05-10T06:46:47.861321588Z</time>
      </trkpt>
      <trkpt lat="41.628019" lon="2.632444">
        <ele>231.047</ele>
        <time>2026-05-10T06:47:27.861328591Z</time>
      </trkpt>
      <trkpt lat="41.628004" lon="2.632411">
        <ele>230.911</ele>
        <time>2026-05-10T06:48:07.861335554Z</time>
      </trkpt>
      <trkpt lat="41.627990" lon="2.632378">
        <ele>230.909</ele>
        <time>2026-05-10T06:48:47.861342517Z</time>
      </trkpt>
      <trkpt lat="41.627971" lon="2.632344">
        <ele>230.975</ele>
        <time>2026-05-10T06:49:27.861349470Z</time>
      </trkpt>
      <trkpt lat="41.627938" lon="2.632304">
        <ele>231.093</ele>
        <time>2026-05-10T06:50:07.861356433Z</time>
      </trkpt>
      <trkpt lat="41.627899" lon="2.632256">
        <ele>231.281</ele>
        <time>2026-05-10T06:50:47.861363627Z</time>
      </trkpt>
      <trkpt lat="41.627888" lon="2.632189">
        <ele>231.060</ele>
        <time>2026-05-10T06:51:27.861370600Z</time>
      </trkpt>
      <trkpt lat="41.627896" lon="2.632150">
        <ele>230.768</ele>
        <time>2026-05-10T06:52:07.861377523Z</time>
      </trkpt>
      <trkpt lat="41.627903" lon="2.632110">
        <ele>230.484</ele>
        <time>2026-05-10T06:52:47.861384526Z</time>
      </trkpt>
      <trkpt lat="41.627914" lon="2.632040">
        <ele>230.095</ele>
        <time>2026-05-10T06:53:27.861391449Z</time>
      </trkpt>
      <trkpt lat="41.627926" lon="2.631969">
        <ele>229.779</ele>
        <time>2026-05-10T06:54:07.861398502Z</time>
      </trkpt>
      <trkpt lat="41.627939" lon="2.631901">
        <ele>229.382</ele>
        <time>2026-05-10T06:54:47.861405445Z</time>
      </trkpt>
      <trkpt lat="41.627940" lon="2.631861">
        <ele>229.067</ele>
        <time>2026-05-10T06:55:27.861412478Z</time>
      </trkpt>
      <trkpt lat="41.627942" lon="2.631801">
        <ele>228.681</ele>
        <time>2026-05-10T06:56:07.861419471Z</time>
      </trkpt>
      <trkpt lat="41.627943" lon="2.631774">
        <ele>228.419</ele>
        <time>2026-05-10T06:56:47.861426424Z</time>
      </trkpt>
      <trkpt lat="41.627956" lon="2.631715">
        <ele>228.009</ele>
        <time>2026-05-10T06:57:27.861433387Z</time>
      </trkpt>
      <trkpt lat="41.627970" lon="2.631656">
        <ele>227.617</ele>
        <time>2026-05-10T06:58:07.861440360Z</time>
      </trkpt>
      <trkpt lat="41.627981" lon="2.631623">
        <ele>227.645</ele>
        <time>2026-05-10T06:58:47.861447424Z</time>
      </trkpt>
      <trkpt lat="41.627993" lon="2.631584">
        <ele>227.573</ele>
        <time>2026-05-10T06:59:27.861454767Z</time>
      </trkpt>
      <trkpt lat="41.628008" lon="2.631546">
        <ele>227.592</ele>
        <time>2026-05-10T07:00:07.861461730Z</time>
      </trkpt>
      <trkpt lat="41.628017" lon="2.631507">
        <ele>227.570</ele>
        <time>2026-05-10T07:00:47.861468743Z</time>
      </trkpt>
      <trkpt lat="41.628027" lon="2.631468">
        <ele>227.656</ele>
        <time>2026-05-10T07:01:27.861482159Z</time>
      </trkpt>
      <trkpt lat="41.628039" lon="2.631434">
        <ele>227.737</ele>
        <time>2026-05-10T07:02:07.861489252Z</time>
      </trkpt>
      <trkpt lat="41.628054" lon="2.631403">
        <ele>228.071</ele>
        <time>2026-05-10T07:02:47.861496716Z</time>
      </trkpt>
      <trkpt lat="41.628069" lon="2.631370">
        <ele>227.684</ele>
        <time>2026-05-10T07:03:27.861503679Z</time>
      </trkpt>
      <trkpt lat="41.628077" lon="2.631298">
        <ele>227.113</ele>
        <time>2026-05-10T07:04:07.861510682Z</time>
      </trkpt>
      <trkpt lat="41.628083" lon="2.631263">
        <ele>226.843</ele>
        <time>2026-05-10T07:04:47.861517925Z</time>
      </trkpt>
      <trkpt lat="41.628087" lon="2.631224">
        <ele>226.507</ele>
        <time>2026-05-10T07:05:27.861524909Z</time>
      </trkpt>
      <trkpt lat="41.628097" lon="2.631185">
        <ele>226.209</ele>
        <time>2026-05-10T07:06:07.861531902Z</time>
      </trkpt>
      <trkpt lat="41.628105" lon="2.631145">
        <ele>226.072</ele>
        <time>2026-05-10T07:06:47.861538805Z</time>
      </trkpt>
      <trkpt lat="41.628108" lon="2.631106">
        <ele>225.850</ele>
        <time>2026-05-10T07:07:27.861545738Z</time>
      </trkpt>
      <trkpt lat="41.628117" lon="2.631060">
        <ele>225.568</ele>
        <time>2026-05-10T07:08:07.861552841Z</time>
      </trkpt>
      <trkpt lat="41.628128" lon="2.631019">
        <ele>225.267</ele>
        <time>2026-05-10T07:08:47.861559794Z</time>
      </trkpt>
      <trkpt lat="41.628138" lon="2.630980">
        <ele>225.055</ele>
        <time>2026-05-10T07:09:27.861566767Z</time>
      </trkpt>
      <trkpt lat="41.628149" lon="2.630940">
        <ele>224.871</ele>
        <time>2026-05-10T07:10:07.861573710Z</time>
      </trkpt>
      <trkpt lat="41.628162" lon="2.630901">
        <ele>224.782</ele>
        <time>2026-05-10T07:10:47.861580973Z</time>
      </trkpt>
      <trkpt lat="41.628172" lon="2.630864">
        <ele>224.586</ele>
        <time>2026-05-10T07:11:27.861587886Z</time>
      </trkpt>
      <trkpt lat="41.628186" lon="2.630832">
        <ele>224.539</ele>
        <time>2026-05-10T07:12:07.861594859Z</time>
      </trkpt>
      <trkpt lat="41.628205" lon="2.630800">
        <ele>224.311</ele>
        <time>2026-05-10T07:12:47.861601923Z</time>
      </trkpt>
      <trkpt lat="41.628226" lon="2.630765">
        <ele>224.221</ele>
        <time>2026-05-10T07:13:27.861608946Z</time>
      </trkpt>
      <trkpt lat="41.628250" lon="2.630740">
        <ele>224.203</ele>
        <time>2026-05-10T07:14:07.861615909Z</time>
      </trkpt>
      <trkpt lat="41.628273" lon="2.630718">
        <ele>224.209</ele>
        <time>2026-05-10T07:14:47.861622942Z</time>
      </trkpt>
      <trkpt lat="41.628315" lon="2.630674">
        <ele>224.382</ele>
        <time>2026-05-10T07:15:27.861629875Z</time>
      </trkpt>
      <trkpt lat="41.628343" lon="2.630652">
        <ele>224.340</ele>
        <time>2026-05-10T07:16:07.861636798Z</time>
      </trkpt>
      <trkpt lat="41.628367" lon="2.630628">
        <ele>224.018</ele>
        <time>2026-05-10T07:16:47.861643771Z</time>
      </trkpt>
      <trkpt lat="41.628416" lon="2.630584">
        <ele>223.717</ele>
        <time>2026-05-10T07:17:27.861650684Z</time>
      </trkpt>
      <trkpt lat="41.628438" lon="2.630557">
        <ele>223.675</ele>
        <time>2026-05-10T07:18:07.861657567Z</time>
      </trkpt>
      <trkpt lat="41.628462" lon="2.630530">
        <ele>223.391</ele>
        <time>2026-05-10T07:18:47.861664530Z</time>
      </trkpt>
      <trkpt lat="41.628482" lon="2.630505">
        <ele>223.152</ele>
        <time>2026-05-10T07:19:27.861671393Z</time>
      </trkpt>
      <trkpt lat="41.628504" lon="2.630479">
        <ele>223.056</ele>
        <time>2026-05-10T07:20:07.861678326Z</time>
      </trkpt>
      <trkpt lat="41.628533" lon="2.630424">
        <ele>222.719</ele>
        <time>2026-05-10T07:20:47.861685289Z</time>
      </trkpt>
      <trkpt lat="41.628569" lon="2.630366">
        <ele>222.779</ele>
        <time>2026-05-10T07:21:27.861692282Z</time>
      </trkpt>
      <trkpt lat="41.628586" lon="2.630334">
        <ele>222.805</ele>
        <time>2026-05-10T07:22:07.861699225Z</time>
      </trkpt>
      <trkpt lat="41.628605" lon="2.630299">
        <ele>222.925</ele>
        <time>2026-05-10T07:22:47.861706759Z</time>
      </trkpt>
      <trkpt lat="41.628623" lon="2.630265">
        <ele>222.709</ele>
        <time>2026-05-10T07:23:27.861713722Z</time>
      </trkpt>
      <trkpt lat="41.628640" lon="2.630233">
        <ele>222.088</ele>
        <time>2026-05-10T07:24:07.861720635Z</time>
      </trkpt>
      <trkpt lat="41.628657" lon="2.630203">
        <ele>221.446</ele>
        <time>2026-05-10T07:24:47.861727608Z</time>
      </trkpt>
      <trkpt lat="41.628674" lon="2.630168">
        <ele>220.954</ele>
        <time>2026-05-10T07:25:27.861734551Z</time>
      </trkpt>
      <trkpt lat="41.628689" lon="2.630135">
        <ele>220.483</ele>
        <time>2026-05-10T07:26:07.861741474Z</time>
      </trkpt>
      <trkpt lat="41.628704" lon="2.630104">
        <ele>220.081</ele>
        <time>2026-05-10T07:26:47.861748427Z</time>
      </trkpt>
      <trkpt lat="41.628716" lon="2.630066">
        <ele>219.647</ele>
        <time>2026-05-10T07:27:27.861755360Z</time>
      </trkpt>
      <trkpt lat="41.628735" lon="2.630034">
        <ele>219.338</ele>
        <time>2026-05-10T07:28:07.861762293Z</time>
      </trkpt>
      <trkpt lat="41.628752" lon="2.630002">
        <ele>219.012</ele>
        <time>2026-05-10T07:28:47.861769226Z</time>
      </trkpt>
      <trkpt lat="41.628767" lon="2.629968">
        <ele>218.895</ele>
        <time>2026-05-10T07:29:27.861776209Z</time>
      </trkpt>
      <trkpt lat="41.628785" lon="2.629938">
        <ele>218.855</ele>
        <time>2026-05-10T07:30:07.861783172Z</time>
      </trkpt>
      <trkpt lat="41.628811" lon="2.629887">
        <ele>218.707</ele>
        <time>2026-05-10T07:30:47.861790175Z</time>
      </trkpt>
      <trkpt lat="41.628829" lon="2.629856">
        <ele>218.717</ele>
        <time>2026-05-10T07:31:27.861797068Z</time>
      </trkpt>
      <trkpt lat="41.628843" lon="2.629819">
        <ele>218.709</ele>
        <time>2026-05-10T07:32:07.861803981Z</time>
      </trkpt>
      <trkpt lat="41.628857" lon="2.629787">
        <ele>218.796</ele>
        <time>2026-05-10T07:32:47.861811004Z</time>
      </trkpt>
      <trkpt lat="41.628874" lon="2.629754">
        <ele>218.924</ele>
        <time>2026-05-10T07:33:27.861817947Z</time>
      </trkpt>
      <trkpt lat="41.628893" lon="2.629720">
        <ele>219.092</ele>
        <time>2026-05-10T07:34:07.861824860Z</time>
      </trkpt>
      <trkpt lat="41.628911" lon="2.629686">
        <ele>219.041</ele>
        <time>2026-05-10T07:34:47.861831813Z</time>
      </trkpt>
      <trkpt lat="41.628941" lon="2.629642">
        <ele>219.189</ele>
        <time>2026-05-10T07:35:27.861838726Z</time>
      </trkpt>
      <trkpt lat="41.628966" lon="2.629613">
        <ele>219.285</ele>
        <time>2026-05-10T07:36:07.861845639Z</time>
      </trkpt>
      <trkpt lat="41.628979" lon="2.629577">
        <ele>219.476</ele>
        <time>2026-05-10T07:36:47.861852572Z</time>
      </trkpt>
      <trkpt lat="41.628993" lon="2.629542">
        <ele>219.650</ele>
        <time>2026-05-10T07:37:27.861859505Z</time>
      </trkpt>
      <trkpt lat="41.629010" lon="2.629507">
        <ele>219.933</ele>
        <time>2026-05-10T07:38:07.861866478Z</time>
      </trkpt>
      <trkpt lat="41.629024" lon="2.629476">
        <ele>220.265</ele>
        <time>2026-05-10T07:38:47.861873431Z</time>
      </trkpt>
      <trkpt lat="41.629038" lon="2.629435">
        <ele>220.568</ele>
        <time>2026-05-10T07:39:27.861880404Z</time>
      </trkpt>
      <trkpt lat="41.629054" lon="2.629398">
        <ele>220.514</ele>
        <time>2026-05-10T07:40:07.861887347Z</time>
      </trkpt>
      <trkpt lat="41.629060" lon="2.629363">
        <ele>220.509</ele>
        <time>2026-05-10T07:40:47.861899800Z</time>
      </trkpt>
      <trkpt lat="41.629068" lon="2.629323">
        <ele>220.527</ele>
        <time>2026-05-10T07:41:27.861906783Z</time>
      </trkpt>
      <trkpt lat="41.629079" lon="2.629284">
        <ele>220.595</ele>
        <time>2026-05-10T07:42:07.861913726Z</time>
      </trkpt>
      <trkpt lat="41.629091" lon="2.629247">
        <ele>220.743</ele>
        <time>2026-05-10T07:42:47.861920659Z</time>
      </trkpt>
      <trkpt lat="41.629103" lon="2.629206">
        <ele>220.892</ele>
        <time>2026-05-10T07:43:27.861927612Z</time>
      </trkpt>
      <trkpt lat="41.629116" lon="2.629169">
        <ele>221.160</ele>
        <time>2026-05-10T07:44:07.861934545Z</time>
      </trkpt>
      <trkpt lat="41.629132" lon="2.629137">
        <ele>221.266</ele>
        <time>2026-05-10T07:44:47.861941478Z</time>
      </trkpt>
      <trkpt lat="41.629161" lon="2.629075">
        <ele>221.247</ele>
        <time>2026-05-10T07:45:27.861948371Z</time>
      </trkpt>
      <trkpt lat="41.629187" lon="2.629051">
        <ele>221.071</ele>
        <time>2026-05-10T07:46:07.861955344Z</time>
      </trkpt>
      <trkpt lat="41.629213" lon="2.629029">
        <ele>220.624</ele>
        <time>2026-05-10T07:46:47.861962237Z</time>
      </trkpt>
      <trkpt lat="41.629240" lon="2.629012">
        <ele>220.332</ele>
        <time>2026-05-10T07:47:27.861969290Z</time>
      </trkpt>
      <trkpt lat="41.629265" lon="2.628992">
        <ele>220.092</ele>
        <time>2026-05-10T07:48:07.861976263Z</time>
      </trkpt>
      <trkpt lat="41.629290" lon="2.628976">
        <ele>219.811</ele>
        <time>2026-05-10T07:48:47.861983206Z</time>
      </trkpt>
      <trkpt lat="41.629344" lon="2.628943">
        <ele>219.409</ele>
        <time>2026-05-10T07:49:27.861990139Z</time>
      </trkpt>
      <trkpt lat="41.629391" lon="2.628912">
        <ele>219.264</ele>
        <time>2026-05-10T07:50:07.861997022Z</time>
      </trkpt>
      <trkpt lat="41.629438" lon="2.628885">
        <ele>219.142</ele>
        <time>2026-05-10T07:50:47.862003965Z</time>
      </trkpt>
      <trkpt lat="41.629485" lon="2.628855">
        <ele>218.780</ele>
        <time>2026-05-10T07:51:27.862010828Z</time>
      </trkpt>
      <trkpt lat="41.629511" lon="2.628840">
        <ele>218.469</ele>
        <time>2026-05-10T07:52:07.862017801Z</time>
      </trkpt>
      <trkpt lat="41.629556" lon="2.628807">
        <ele>218.177</ele>
        <time>2026-05-10T07:52:47.862024754Z</time>
      </trkpt>
      <trkpt lat="41.629598" lon="2.628780">
        <ele>217.853</ele>
        <time>2026-05-10T07:53:27.862031817Z</time>
      </trkpt>
      <trkpt lat="41.629651" lon="2.628754">
        <ele>217.414</ele>
        <time>2026-05-10T07:54:07.862038830Z</time>
      </trkpt>
      <trkpt lat="41.629685" lon="2.628744">
        <ele>217.098</ele>
        <time>2026-05-10T07:54:47.862045823Z</time>
      </trkpt>
      <trkpt lat="41.629731" lon="2.628714">
        <ele>216.811</ele>
        <time>2026-05-10T07:55:27.862052837Z</time>
      </trkpt>
      <trkpt lat="41.629757" lon="2.628695">
        <ele>216.921</ele>
        <time>2026-05-10T07:56:07.862059880Z</time>
      </trkpt>
      <trkpt lat="41.629810" lon="2.628676">
        <ele>216.841</ele>
        <time>2026-05-10T07:56:47.862072113Z</time>
      </trkpt>
      <trkpt lat="41.629838" lon="2.628654">
        <ele>216.805</ele>
        <time>2026-05-10T07:57:27.862079917Z</time>
      </trkpt>
      <trkpt lat="41.629864" lon="2.628629">
        <ele>216.909</ele>
        <time>2026-05-10T07:58:07.862086920Z</time>
      </trkpt>
      <trkpt lat="41.629893" lon="2.628608">
        <ele>216.883</ele>
        <time>2026-05-10T07:58:47.862096809Z</time>
      </trkpt>
      <trkpt lat="41.629925" lon="2.628597">
        <ele>216.511</ele>
        <time>2026-05-10T07:59:27.862103852Z</time>
      </trkpt>
      <trkpt lat="41.629959" lon="2.628590">
        <ele>216.379</ele>
        <time>2026-05-10T08:00:07.862110815Z</time>
      </trkpt>
      <trkpt lat="41.629988" lon="2.628587">
        <ele>216.158</ele>
        <time>2026-05-10T08:00:47.862120313Z</time>
      </trkpt>
      <trkpt lat="41.630015" lon="2.628578">
        <ele>216.076</ele>
        <time>2026-05-10T08:01:27.862127336Z</time>
      </trkpt>
      <trkpt lat="41.630044" lon="2.628565">
        <ele>216.012</ele>
        <time>2026-05-10T08:02:07.862134259Z</time>
      </trkpt>
      <trkpt lat="41.630099" lon="2.628561">
        <ele>216.063</ele>
        <time>2026-05-10T08:02:47.862143496Z</time>
      </trkpt>
      <trkpt lat="41.630127" lon="2.628567">
        <ele>216.017</ele>
        <time>2026-05-10T08:03:27.862150379Z</time>
      </trkpt>
      <trkpt lat="41.630154" lon="2.628576">
        <ele>216.020</ele>
        <time>2026-05-10T08:04:07.862159476Z</time>
      </trkpt>
      <trkpt lat="41.630180" lon="2.628563">
        <ele>216.061</ele>
        <time>2026-05-10T08:04:47.862166880Z</time>
      </trkpt>
      <trkpt lat="41.630234" lon="2.628555">
        <ele>216.021</ele>
        <time>2026-05-10T08:05:27.862174003Z</time>
      </trkpt>
      <trkpt lat="41.630262" lon="2.628553">
        <ele>216.013</ele>
        <time>2026-05-10T08:06:07.862180996Z</time>
      </trkpt>
      <trkpt lat="41.630291" lon="2.628547">
        <ele>215.809</ele>
        <time>2026-05-10T08:06:47.862190284Z</time>
      </trkpt>
      <trkpt lat="41.630321" lon="2.628538">
        <ele>215.247</ele>
        <time>2026-05-10T08:07:27.862197287Z</time>
      </trkpt>
      <trkpt lat="41.630349" lon="2.628538">
        <ele>214.735</ele>
        <time>2026-05-10T08:08:07.862204270Z</time>
      </trkpt>
      <trkpt lat="41.630403" lon="2.628505">
        <ele>214.083</ele>
        <time>2026-05-10T08:08:47.862211193Z</time>
      </trkpt>
      <trkpt lat="41.630427" lon="2.628474">
        <ele>213.852</ele>
        <time>2026-05-10T08:09:27.862218146Z</time>
      </trkpt>
      <trkpt lat="41.630475" lon="2.628449">
        <ele>213.470</ele>
        <time>2026-05-10T08:10:07.862225099Z</time>
      </trkpt>
      <trkpt lat="41.630502" lon="2.628439">
        <ele>213.276</ele>
        <time>2026-05-10T08:10:47.862231982Z</time>
      </trkpt>
      <trkpt lat="41.630531" lon="2.628418">
        <ele>213.177</ele>
        <time>2026-05-10T08:11:27.862238955Z</time>
      </trkpt>
      <trkpt lat="41.630576" lon="2.628381">
        <ele>213.041</ele>
        <time>2026-05-10T08:12:07.862246349Z</time>
      </trkpt>
      <trkpt lat="41.630625" lon="2.628362">
        <ele>212.694</ele>
        <time>2026-05-10T08:12:47.862253562Z</time>
      </trkpt>
      <trkpt lat="41.630657" lon="2.628361">
        <ele>212.136</ele>
        <time>2026-05-10T08:13:27.862260555Z</time>
      </trkpt>
      <trkpt lat="41.630688" lon="2.628345">
        <ele>211.917</ele>
        <time>2026-05-10T08:14:07.862267568Z</time>
      </trkpt>
      <trkpt lat="41.630718" lon="2.628336">
        <ele>211.618</ele>
        <time>2026-05-10T08:14:47.862274561Z</time>
      </trkpt>
      <trkpt lat="41.630765" lon="2.628318">
        <ele>211.209</ele>
        <time>2026-05-10T08:15:27.862281504Z</time>
      </trkpt>
      <trkpt lat="41.630796" lon="2.628312">
        <ele>210.894</ele>
        <time>2026-05-10T08:16:07.862288437Z</time>
      </trkpt>
      <trkpt lat="41.630827" lon="2.628307">
        <ele>210.572</ele>
        <time>2026-05-10T08:16:47.862295431Z</time>
      </trkpt>
      <trkpt lat="41.630866" lon="2.628302">
        <ele>210.390</ele>
        <time>2026-05-10T08:17:27.862302404Z</time>
      </trkpt>
      <trkpt lat="41.630916" lon="2.628302">
        <ele>210.269</ele>
        <time>2026-05-10T08:18:07.862309307Z</time>
      </trkpt>
      <trkpt lat="41.630944" lon="2.628307">
        <ele>210.017</ele>
        <time>2026-05-10T08:18:47.862316290Z</time>
      </trkpt>
      <trkpt lat="41.630973" lon="2.628316">
        <ele>209.743</ele>
        <time>2026-05-10T08:19:27.862323253Z</time>
      </trkpt>
      <trkpt lat="41.631003" lon="2.628326">
        <ele>209.524</ele>
        <time>2026-05-10T08:20:07.862336257Z</time>
      </trkpt>
      <trkpt lat="41.631052" lon="2.628346">
        <ele>209.068</ele>
        <time>2026-05-10T08:20:47.862343220Z</time>
      </trkpt>
      <trkpt lat="41.631079" lon="2.628365">
        <ele>208.561</ele>
        <time>2026-05-10T08:21:27.862350213Z</time>
      </trkpt>
      <trkpt lat="41.631105" lon="2.628388">
        <ele>208.043</ele>
        <time>2026-05-10T08:22:07.862360763Z</time>
      </trkpt>
      <trkpt lat="41.631144" lon="2.628430">
        <ele>207.464</ele>
        <time>2026-05-10T08:22:47.862371653Z</time>
      </trkpt>
      <trkpt lat="41.631166" lon="2.628453">
        <ele>207.110</ele>
        <time>2026-05-10T08:23:27.862382764Z</time>
      </trkpt>
      <trkpt lat="41.631205" lon="2.628489">
        <ele>206.709</ele>
        <time>2026-05-10T08:24:07.862393935Z</time>
      </trkpt>
      <trkpt lat="41.631225" lon="2.628514">
        <ele>206.455</ele>
        <time>2026-05-10T08:24:47.862405256Z</time>
      </trkpt>
      <trkpt lat="41.631266" lon="2.628564">
        <ele>205.933</ele>
        <time>2026-05-10T08:25:27.862412309Z</time>
      </trkpt>
      <trkpt lat="41.631287" lon="2.628595">
        <ele>205.521</ele>
        <time>2026-05-10T08:26:07.862419322Z</time>
      </trkpt>
      <trkpt lat="41.631310" lon="2.628625">
        <ele>205.110</ele>
        <time>2026-05-10T08:26:47.862426305Z</time>
      </trkpt>
      <trkpt lat="41.631334" lon="2.628650">
        <ele>204.618</ele>
        <time>2026-05-10T08:27:27.862433389Z</time>
      </trkpt>
      <trkpt lat="41.631349" lon="2.628683">
        <ele>203.914</ele>
        <time>2026-05-10T08:28:07.862440362Z</time>
      </trkpt>
      <trkpt lat="41.631368" lon="2.628715">
        <ele>203.285</ele>
        <time>2026-05-10T08:28:47.862447265Z</time>
      </trkpt>
      <trkpt lat="41.631386" lon="2.628745">
        <ele>202.699</ele>
        <time>2026-05-10T08:29:27.862454248Z</time>
      </trkpt>
      <trkpt lat="41.631405" lon="2.628779">
        <ele>201.812</ele>
        <time>2026-05-10T08:30:07.862461221Z</time>
      </trkpt>
      <trkpt lat="41.631424" lon="2.628810">
        <ele>201.112</ele>
        <time>2026-05-10T08:30:47.862468244Z</time>
      </trkpt>
      <trkpt lat="41.631452" lon="2.628872">
        <ele>199.632</ele>
        <time>2026-05-10T08:31:27.862475327Z</time>
      </trkpt>
      <trkpt lat="41.631477" lon="2.628935">
        <ele>197.905</ele>
        <time>2026-05-10T08:32:07.862482320Z</time>
      </trkpt>
      <trkpt lat="41.631499" lon="2.628959">
        <ele>197.309</ele>
        <time>2026-05-10T08:32:47.862489273Z</time>
      </trkpt>
      <trkpt lat="41.631525" lon="2.628980">
        <ele>196.932</ele>
        <time>2026-05-10T08:33:27.862496206Z</time>
      </trkpt>
      <trkpt lat="41.631552" lon="2.628994">
        <ele>196.620</ele>
        <time>2026-05-10T08:34:07.862503300Z</time>
      </trkpt>
      <trkpt lat="41.631599" lon="2.628976">
        <ele>197.438</ele>
        <time>2026-05-10T08:34:47.862510273Z</time>
      </trkpt>
      <trkpt lat="41.631624" lon="2.628958">
        <ele>198.047</ele>
        <time>2026-05-10T08:35:27.862517216Z</time>
      </trkpt>
      <trkpt lat="41.631650" lon="2.628948">
        <ele>198.425</ele>
        <time>2026-05-10T08:36:07.862524229Z</time>
      </trkpt>
      <trkpt lat="41.631702" lon="2.628929">
        <ele>198.231</ele>
        <time>2026-05-10T08:36:47.862531202Z</time>
      </trkpt>
      <trkpt lat="41.631748" lon="2.628900">
        <ele>198.022</ele>
        <time>2026-05-10T08:37:27.862538115Z</time>
      </trkpt>
      <trkpt lat="41.631774" lon="2.628884">
        <ele>197.886</ele>
        <time>2026-05-10T08:38:07.862545018Z</time>
      </trkpt>
      <trkpt lat="41.631798" lon="2.628868">
        <ele>197.639</ele>
        <time>2026-05-10T08:38:47.862551951Z</time>
      </trkpt>
      <trkpt lat="41.631821" lon="2.628844">
        <ele>197.668</ele>
        <time>2026-05-10T08:39:27.862558994Z</time>
      </trkpt>
      <trkpt lat="41.631846" lon="2.628824">
        <ele>197.542</ele>
        <time>2026-05-10T08:40:07.862565947Z</time>
      </trkpt>
      <trkpt lat="41.631886" lon="2.628786">
        <ele>197.526</ele>
        <time>2026-05-10T08:40:47.862572890Z</time>
      </trkpt>
      <trkpt lat="41.631901" lon="2.628754">
        <ele>197.909</ele>
        <time>2026-05-10T08:41:27.862579813Z</time>
      </trkpt>
      <trkpt lat="41.631926" lon="2.628729">
        <ele>197.987</ele>
        <time>2026-05-10T08:42:07.862586756Z</time>
      </trkpt>
      <trkpt lat="41.631969" lon="2.628680">
        <ele>197.885</ele>
        <time>2026-05-10T08:42:47.862593769Z</time>
      </trkpt>
      <trkpt lat="41.631988" lon="2.628654">
        <ele>197.753</ele>
        <time>2026-05-10T08:43:27.862600722Z</time>
      </trkpt>
      <trkpt lat="41.632005" lon="2.628625">
        <ele>197.882</ele>
        <time>2026-05-10T08:44:07.862607625Z</time>
      </trkpt>
      <trkpt lat="41.632041" lon="2.628580">
        <ele>197.050</ele>
        <time>2026-05-10T08:44:47.862614548Z</time>
      </trkpt>
      <trkpt lat="41.632064" lon="2.628545">
        <ele>196.396</ele>
        <time>2026-05-10T08:45:27.862621491Z</time>
      </trkpt>
      <trkpt lat="41.632085" lon="2.628512">
        <ele>195.667</ele>
        <time>2026-05-10T08:46:07.862628394Z</time>
      </trkpt>
      <trkpt lat="41.632105" lon="2.628488">
        <ele>194.961</ele>
        <time>2026-05-10T08:46:47.862635367Z</time>
      </trkpt>
      <trkpt lat="41.632128" lon="2.628463">
        <ele>194.134</ele>
        <time>2026-05-10T08:47:27.862642530Z</time>
      </trkpt>
      <trkpt lat="41.632169" lon="2.628415">
        <ele>192.449</ele>
        <time>2026-05-10T08:48:07.862649533Z</time>
      </trkpt>
      <trkpt lat="41.632192" lon="2.628392">
        <ele>191.402</ele>
        <time>2026-05-10T08:48:47.862656546Z</time>
      </trkpt>
      <trkpt lat="41.632236" lon="2.628358">
        <ele>189.722</ele>
        <time>2026-05-10T08:49:27.862663489Z</time>
      </trkpt>
      <trkpt lat="41.632261" lon="2.628342">
        <ele>189.109</ele>
        <time>2026-05-10T08:50:07.862670432Z</time>
      </trkpt>
      <trkpt lat="41.632287" lon="2.628329">
        <ele>188.425</ele>
        <time>2026-05-10T08:50:47.862677476Z</time>
      </trkpt>
      <trkpt lat="41.632315" lon="2.628321">
        <ele>187.633</ele>
        <time>2026-05-10T08:51:27.862684368Z</time>
      </trkpt>
      <trkpt lat="41.632344" lon="2.628313">
        <ele>186.931</ele>
        <time>2026-05-10T08:52:07.862691382Z</time>
      </trkpt>
      <trkpt lat="41.632371" lon="2.628297">
        <ele>186.280</ele>
        <time>2026-05-10T08:52:47.862698445Z</time>
      </trkpt>
      <trkpt lat="41.632401" lon="2.628290">
        <ele>185.498</ele>
        <time>2026-05-10T08:53:27.862705448Z</time>
      </trkpt>
      <trkpt lat="41.632429" lon="2.628284">
        <ele>184.734</ele>
        <time>2026-05-10T08:54:07.862712491Z</time>
      </trkpt>
      <trkpt lat="41.632472" lon="2.628292">
        <ele>183.745</ele>
        <time>2026-05-10T08:54:47.862719454Z</time>
      </trkpt>
      <trkpt lat="41.632526" lon="2.628279">
        <ele>183.029</ele>
        <time>2026-05-10T08:55:27.862726407Z</time>
      </trkpt>
      <trkpt lat="41.632555" lon="2.628277">
        <ele>183.052</ele>
        <time>2026-05-10T08:56:07.862733350Z</time>
      </trkpt>
      <trkpt lat="41.632583" lon="2.628275">
        <ele>183.087</ele>
        <time>2026-05-10T08:56:47.862740343Z</time>
      </trkpt>
      <trkpt lat="41.632611" lon="2.628282">
        <ele>183.042</ele>
        <time>2026-05-10T08:57:27.862747376Z</time>
      </trkpt>
      <trkpt lat="41.632645" lon="2.628280">
        <ele>183.026</ele>
        <time>2026-05-10T08:58:07.862754359Z</time>
      </trkpt>
      <trkpt lat="41.632692" lon="2.628275">
        <ele>183.009</ele>
        <time>2026-05-10T08:58:47.862761302Z</time>
      </trkpt>
      <trkpt lat="41.632720" lon="2.628279">
        <ele>183.069</ele>
        <time>2026-05-10T08:59:27.862775659Z</time>
      </trkpt>
      <trkpt lat="41.632752" lon="2.628292">
        <ele>183.077</ele>
        <time>2026-05-10T09:00:07.862782642Z</time>
      </trkpt>
      <trkpt lat="41.632781" lon="2.628305">
        <ele>183.115</ele>
        <time>2026-05-10T09:00:47.862789635Z</time>
      </trkpt>
      <trkpt lat="41.632808" lon="2.628317">
        <ele>183.664</ele>
        <time>2026-05-10T09:01:27.862796588Z</time>
      </trkpt>
      <trkpt lat="41.632847" lon="2.628355">
        <ele>184.372</ele>
        <time>2026-05-10T09:02:07.862803551Z</time>
      </trkpt>
      <trkpt lat="41.632878" lon="2.628371">
        <ele>184.878</ele>
        <time>2026-05-10T09:02:47.862811356Z</time>
      </trkpt>
      <trkpt lat="41.632944" lon="2.628370">
        <ele>185.949</ele>
        <time>2026-05-10T09:03:27.862818359Z</time>
      </trkpt>
      <trkpt lat="41.632994" lon="2.628339">
        <ele>186.913</ele>
        <time>2026-05-10T09:04:07.862825332Z</time>
      </trkpt>
      <trkpt lat="41.633025" lon="2.628339">
        <ele>187.486</ele>
        <time>2026-05-10T09:04:47.862832245Z</time>
      </trkpt>
      <trkpt lat="41.633075" lon="2.628317">
        <ele>188.426</ele>
        <time>2026-05-10T09:05:27.862839228Z</time>
      </trkpt>
      <trkpt lat="41.633102" lon="2.628305">
        <ele>189.047</ele>
        <time>2026-05-10T09:06:07.862846231Z</time>
      </trkpt>
      <trkpt lat="41.633142" lon="2.628269">
        <ele>190.011</ele>
        <time>2026-05-10T09:06:47.862853565Z</time>
      </trkpt>
      <trkpt lat="41.633156" lon="2.628237">
        <ele>190.509</ele>
        <time>2026-05-10T09:07:27.862860518Z</time>
      </trkpt>
      <trkpt lat="41.633168" lon="2.628203">
        <ele>191.123</ele>
        <time>2026-05-10T09:08:07.862867752Z</time>
      </trkpt>
      <trkpt lat="41.633192" lon="2.628138">
        <ele>192.261</ele>
        <time>2026-05-10T09:08:47.862874675Z</time>
      </trkpt>
      <trkpt lat="41.633211" lon="2.628111">
        <ele>192.989</ele>
        <time>2026-05-10T09:09:27.862881868Z</time>
      </trkpt>
      <trkpt lat="41.633230" lon="2.628083">
        <ele>193.798</ele>
        <time>2026-05-10T09:10:07.862888871Z</time>
      </trkpt>
      <trkpt lat="41.633252" lon="2.628060">
        <ele>194.636</ele>
        <time>2026-05-10T09:10:47.862895824Z</time>
      </trkpt>
      <trkpt lat="41.633280" lon="2.628038">
        <ele>195.762</ele>
        <time>2026-05-10T09:11:27.862902757Z</time>
      </trkpt>
      <trkpt lat="41.633310" lon="2.628026">
        <ele>196.793</ele>
        <time>2026-05-10T09:12:07.862910902Z</time>
      </trkpt>
      <trkpt lat="41.633339" lon="2.628029">
        <ele>197.517</ele>
        <time>2026-05-10T09:12:47.862918687Z</time>
      </trkpt>
      <trkpt lat="41.633389" lon="2.628036">
        <ele>198.530</ele>
        <time>2026-05-10T09:13:27.862925670Z</time>
      </trkpt>
      <trkpt lat="41.633418" lon="2.628037">
        <ele>199.122</ele>
        <time>2026-05-10T09:14:07.862932783Z</time>
      </trkpt>
      <trkpt lat="41.633447" lon="2.628039">
        <ele>199.762</ele>
        <time>2026-05-10T09:14:47.862940057Z</time>
      </trkpt>
      <trkpt lat="41.633474" lon="2.628048">
        <ele>200.208</ele>
        <time>2026-05-10T09:15:27.862946960Z</time>
      </trkpt>
      <trkpt lat="41.633521" lon="2.628051">
        <ele>201.109</ele>
        <time>2026-05-10T09:16:07.862954324Z</time>
      </trkpt>
      <trkpt lat="41.633570" lon="2.628037">
        <ele>202.573</ele>
        <time>2026-05-10T09:16:47.862961297Z</time>
      </trkpt>
      <trkpt lat="41.633614" lon="2.628000">
        <ele>204.331</ele>
        <time>2026-05-10T09:17:27.862968420Z</time>
      </trkpt>
      <trkpt lat="41.633634" lon="2.627974">
        <ele>205.269</ele>
        <time>2026-05-10T09:18:07.862975423Z</time>
      </trkpt>
      <trkpt lat="41.633654" lon="2.627949">
        <ele>206.278</ele>
        <time>2026-05-10T09:18:47.862982346Z</time>
      </trkpt>
      <trkpt lat="41.633699" lon="2.627899">
        <ele>208.366</ele>
        <time>2026-05-10T09:19:27.862989319Z</time>
      </trkpt>
      <trkpt lat="41.633738" lon="2.627863">
        <ele>210.122</ele>
        <time>2026-05-10T09:20:07.862996252Z</time>
      </trkpt>
      <trkpt lat="41.633783" lon="2.627834">
        <ele>211.963</ele>
        <time>2026-05-10T09:20:47.863003145Z</time>
      </trkpt>
      <trkpt lat="41.633822" lon="2.627789">
        <ele>214.097</ele>
        <time>2026-05-10T09:21:27.863010068Z</time>
      </trkpt>
      <trkpt lat="41.633854" lon="2.627752">
        <ele>215.740</ele>
        <time>2026-05-10T09:22:07.863017021Z</time>
      </trkpt>
      <trkpt lat="41.633881" lon="2.627740">
        <ele>216.754</ele>
        <time>2026-05-10T09:22:47.863023984Z</time>
      </trkpt>
      <trkpt lat="41.633912" lon="2.627724">
        <ele>217.956</ele>
        <time>2026-05-10T09:23:27.863030987Z</time>
      </trkpt>
      <trkpt lat="41.633958" lon="2.627709">
        <ele>219.511</ele>
        <time>2026-05-10T09:24:07.863037950Z</time>
      </trkpt>
      <trkpt lat="41.634004" lon="2.627692">
        <ele>221.109</ele>
        <time>2026-05-10T09:24:47.863045013Z</time>
      </trkpt>
      <trkpt lat="41.634034" lon="2.627690">
        <ele>221.966</ele>
        <time>2026-05-10T09:25:27.863052077Z</time>
      </trkpt>
      <trkpt lat="41.634068" lon="2.627682">
        <ele>222.964</ele>
        <time>2026-05-10T09:26:07.863059070Z</time>
      </trkpt>
      <trkpt lat="41.634121" lon="2.627677">
        <ele>224.442</ele>
        <time>2026-05-10T09:26:47.863066133Z</time>
      </trkpt>
      <trkpt lat="41.634182" lon="2.627674">
        <ele>226.251</ele>
        <time>2026-05-10T09:27:27.863073066Z</time>
      </trkpt>
      <trkpt lat="41.634211" lon="2.627691">
        <ele>226.879</ele>
        <time>2026-05-10T09:28:07.863079979Z</time>
      </trkpt>
      <trkpt lat="41.634256" lon="2.627715">
        <ele>227.845</ele>
        <time>2026-05-10T09:28:47.863086862Z</time>
      </trkpt>
      <trkpt lat="41.634296" lon="2.627747">
        <ele>228.446</ele>
        <time>2026-05-10T09:29:27.863093775Z</time>
      </trkpt>
      <trkpt lat="41.634326" lon="2.627806">
        <ele>227.950</ele>
        <time>2026-05-10T09:30:07.863100708Z</time>
      </trkpt>
      <trkpt lat="41.634349" lon="2.627872">
        <ele>226.663</ele>
        <time>2026-05-10T09:30:47.863107641Z</time>
      </trkpt>
      <trkpt lat="41.634355" lon="2.627909">
        <ele>225.763</ele>
        <time>2026-05-10T09:31:27.863114634Z</time>
      </trkpt>
      <trkpt lat="41.634348" lon="2.627972">
        <ele>223.544</ele>
        <time>2026-05-10T09:32:07.863121617Z</time>
      </trkpt>
      <trkpt lat="41.634343" lon="2.628007">
        <ele>222.218</ele>
        <time>2026-05-10T09:32:47.863128600Z</time>
      </trkpt>
      <trkpt lat="41.634339" lon="2.628044">
        <ele>220.909</ele>
        <time>2026-05-10T09:33:27.863135543Z</time>
      </trkpt>
      <trkpt lat="41.634349" lon="2.628081">
        <ele>220.127</ele>
        <time>2026-05-10T09:34:07.863142416Z</time>
      </trkpt>
      <trkpt lat="41.634351" lon="2.628146">
        <ele>218.235</ele>
        <time>2026-05-10T09:34:47.863149339Z</time>
      </trkpt>
      <trkpt lat="41.634355" lon="2.628215">
        <ele>216.143</ele>
        <time>2026-05-10T09:35:27.863156252Z</time>
      </trkpt>
      <trkpt lat="41.634380" lon="2.628269">
        <ele>215.242</ele>
        <time>2026-05-10T09:36:07.863163195Z</time>
      </trkpt>
      <trkpt lat="41.634410" lon="2.628328">
        <ele>214.210</ele>
        <time>2026-05-10T09:36:47.863170158Z</time>
      </trkpt>
      <trkpt lat="41.634436" lon="2.628365">
        <ele>213.876</ele>
        <time>2026-05-10T09:37:27.863177161Z</time>
      </trkpt>
      <trkpt lat="41.634483" lon="2.628389">
        <ele>214.467</ele>
        <time>2026-05-10T09:38:07.863189524Z</time>
      </trkpt>
      <trkpt lat="41.634510" lon="2.628399">
        <ele>214.861</ele>
        <time>2026-05-10T09:38:47.863196567Z</time>
      </trkpt>
      <trkpt lat="41.634558" lon="2.628405">
        <ele>215.854</ele>
        <time>2026-05-10T09:39:27.863203570Z</time>
      </trkpt>
      <trkpt lat="41.634608" lon="2.628406">
        <ele>217.058</ele>
        <time>2026-05-10T09:40:07.863210613Z</time>
      </trkpt>
      <trkpt lat="41.634635" lon="2.628401">
        <ele>217.952</ele>
        <time>2026-05-10T09:40:47.863217737Z</time>
      </trkpt>
      <trkpt lat="41.634682" lon="2.628395">
        <ele>219.217</ele>
        <time>2026-05-10T09:41:27.863224690Z</time>
      </trkpt>
      <trkpt lat="41.634724" lon="2.628380">
        <ele>220.709</ele>
        <time>2026-05-10T09:42:07.863231733Z</time>
      </trkpt>
      <trkpt lat="41.634754" lon="2.628364">
        <ele>221.996</ele>
        <time>2026-05-10T09:42:47.863238686Z</time>
      </trkpt>
      <trkpt lat="41.634780" lon="2.628353">
        <ele>222.964</ele>
        <time>2026-05-10T09:43:27.863245589Z</time>
      </trkpt>
      <trkpt lat="41.634807" lon="2.628327">
        <ele>224.422</ele>
        <time>2026-05-10T09:44:07.863252492Z</time>
      </trkpt>
      <trkpt lat="41.634812" lon="2.628268">
        <ele>226.961</ele>
        <time>2026-05-10T09:44:47.863259385Z</time>
      </trkpt>
      <trkpt lat="41.634786" lon="2.628212">
        <ele>228.459</ele>
        <time>2026-05-10T09:45:27.863266358Z</time>
      </trkpt>
      <trkpt lat="41.634806" lon="2.628154">
        <ele>231.235</ele>
        <time>2026-05-10T09:46:07.863273381Z</time>
      </trkpt>
      <trkpt lat="41.634823" lon="2.628123">
        <ele>232.976</ele>
        <time>2026-05-10T09:46:47.863280334Z</time>
      </trkpt>
      <trkpt lat="41.634862" lon="2.628100">
        <ele>234.840</ele>
        <time>2026-05-10T09:47:27.863287267Z</time>
      </trkpt>
      <trkpt lat="41.634887" lon="2.628088">
        <ele>235.963</ele>
        <time>2026-05-10T09:48:07.863294180Z</time>
      </trkpt>
      <trkpt lat="41.634915" lon="2.628084">
        <ele>236.726</ele>
        <time>2026-05-10T09:48:47.863301243Z</time>
      </trkpt>
      <trkpt lat="41.634964" lon="2.628089">
        <ele>237.847</ele>
        <time>2026-05-10T09:49:27.863314127Z</time>
      </trkpt>
      <trkpt lat="41.635010" lon="2.628102">
        <ele>238.411</ele>
        <time>2026-05-10T09:50:07.863321090Z</time>
      </trkpt>
      <trkpt lat="41.635051" lon="2.628114">
        <ele>238.809</ele>
        <time>2026-05-10T09:50:47.863328143Z</time>
      </trkpt>
      <trkpt lat="41.635100" lon="2.628125">
        <ele>239.463</ele>
        <time>2026-05-10T09:51:27.863335186Z</time>
      </trkpt>
      <trkpt lat="41.635144" lon="2.628136">
        <ele>239.911</ele>
        <time>2026-05-10T09:52:07.863342099Z</time>
      </trkpt>
      <trkpt lat="41.635196" lon="2.628120">
        <ele>241.769</ele>
        <time>2026-05-10T09:52:47.863349653Z</time>
      </trkpt>
      <trkpt lat="41.635206" lon="2.628067">
        <ele>244.098</ele>
        <time>2026-05-10T09:53:27.863356627Z</time>
      </trkpt>
      <trkpt lat="41.635193" lon="2.628010">
        <ele>245.786</ele>
        <time>2026-05-10T09:54:07.863363630Z</time>
      </trkpt>
      <trkpt lat="41.635170" lon="2.627953">
        <ele>247.122</ele>
        <time>2026-05-10T09:54:47.863370623Z</time>
      </trkpt>
      <trkpt lat="41.635137" lon="2.627905">
        <ele>248.153</ele>
        <time>2026-05-10T09:55:27.863377586Z</time>
      </trkpt>
      <trkpt lat="41.635090" lon="2.627869">
        <ele>248.497</ele>
        <time>2026-05-10T09:56:07.863384539Z</time>
      </trkpt>
      <trkpt lat="41.635040" lon="2.627849">
        <ele>248.280</ele>
        <time>2026-05-10T09:56:47.863391512Z</time>
      </trkpt>
      <trkpt lat="41.634987" lon="2.627839">
        <ele>247.449</ele>
        <time>2026-05-10T09:57:27.863398565Z</time>
      </trkpt>
      <trkpt lat="41.634940" lon="2.627831">
        <ele>246.402</ele>
        <time>2026-05-10T09:58:07.863405538Z</time>
      </trkpt>
      <trkpt lat="41.634912" lon="2.627829">
        <ele>245.722</ele>
        <time>2026-05-10T09:58:47.863412501Z</time>
      </trkpt>
      <trkpt lat="41.634885" lon="2.627822">
        <ele>245.209</ele>
        <time>2026-05-10T09:59:27.863419544Z</time>
      </trkpt>
      <trkpt lat="41.634846" lon="2.627788">
        <ele>245.235</ele>
        <time>2026-05-10T10:00:07.863426477Z</time>
      </trkpt>
      <trkpt lat="41.634822" lon="2.627732">
        <ele>245.963</ele>
        <time>2026-05-10T10:00:47.863433440Z</time>
      </trkpt>
      <trkpt lat="41.634828" lon="2.627693">
        <ele>247.021</ele>
        <time>2026-05-10T10:01:27.863440413Z</time>
      </trkpt>
      <trkpt lat="41.634842" lon="2.627659">
        <ele>248.240</ele>
        <time>2026-05-10T10:02:07.863447366Z</time>
      </trkpt>
      <trkpt lat="41.634881" lon="2.627611">
        <ele>250.528</ele>
        <time>2026-05-10T10:02:47.863454309Z</time>
      </trkpt>
      <trkpt lat="41.634925" lon="2.627578">
        <ele>252.734</ele>
        <time>2026-05-10T10:03:27.863461222Z</time>
      </trkpt>
      <trkpt lat="41.634973" lon="2.627544">
        <ele>255.045</ele>
        <time>2026-05-10T10:04:07.863468125Z</time>
      </trkpt>
      <trkpt lat="41.635017" lon="2.627504">
        <ele>257.449</ele>
        <time>2026-05-10T10:04:47.863475068Z</time>
      </trkpt>
      <trkpt lat="41.635066" lon="2.627488">
        <ele>259.392</ele>
        <time>2026-05-10T10:05:27.863481991Z</time>
      </trkpt>
      <trkpt lat="41.635093" lon="2.627482">
        <ele>260.234</ele>
        <time>2026-05-10T10:06:07.863489014Z</time>
      </trkpt>
      <trkpt lat="41.635150" lon="2.627483">
        <ele>261.855</ele>
        <time>2026-05-10T10:06:47.863496017Z</time>
      </trkpt>
      <trkpt lat="41.635182" lon="2.627492">
        <ele>262.410</ele>
        <time>2026-05-10T10:07:27.863502900Z</time>
      </trkpt>
      <trkpt lat="41.635209" lon="2.627505">
        <ele>262.909</ele>
        <time>2026-05-10T10:08:07.863509913Z</time>
      </trkpt>
      <trkpt lat="41.635230" lon="2.627528">
        <ele>262.754</ele>
        <time>2026-05-10T10:08:47.863516977Z</time>
      </trkpt>
      <trkpt lat="41.635270" lon="2.627585">
        <ele>261.792</ele>
        <time>2026-05-10T10:09:27.863523900Z</time>
      </trkpt>
      <trkpt lat="41.635289" lon="2.627617">
        <ele>261.060</ele>
        <time>2026-05-10T10:10:07.863530833Z</time>
      </trkpt>
      <trkpt lat="41.635308" lon="2.627645">
        <ele>260.319</ele>
        <time>2026-05-10T10:10:47.863537906Z</time>
      </trkpt>
      <trkpt lat="41.635330" lon="2.627674">
        <ele>259.637</ele>
        <time>2026-05-10T10:11:27.863544889Z</time>
      </trkpt>
      <trkpt lat="41.635353" lon="2.627693">
        <ele>259.343</ele>
        <time>2026-05-10T10:12:07.863551862Z</time>
      </trkpt>
      <trkpt lat="41.635391" lon="2.627736">
        <ele>258.584</ele>
        <time>2026-05-10T10:12:47.863558795Z</time>
      </trkpt>
      <trkpt lat="41.635417" lon="2.627758">
        <ele>258.288</ele>
        <time>2026-05-10T10:13:27.863565858Z</time>
      </trkpt>
      <trkpt lat="41.635444" lon="2.627776">
        <ele>258.111</ele>
        <time>2026-05-10T10:14:07.863572751Z</time>
      </trkpt>
      <trkpt lat="41.635471" lon="2.627794">
        <ele>258.034</ele>
        <time>2026-05-10T10:14:47.863579794Z</time>
      </trkpt>
      <trkpt lat="41.635521" lon="2.627818">
        <ele>258.155</ele>
        <time>2026-05-10T10:15:27.863586747Z</time>
      </trkpt>
      <trkpt lat="41.635549" lon="2.627830">
        <ele>258.210</ele>
        <time>2026-05-10T10:16:07.863593700Z</time>
      </trkpt>
      <trkpt lat="41.635578" lon="2.627840">
        <ele>258.709</ele>
        <time>2026-05-10T10:16:47.863600703Z</time>
      </trkpt>
      <trkpt lat="41.635604" lon="2.627850">
        <ele>259.174</ele>
        <time>2026-05-10T10:17:27.863613277Z</time>
      </trkpt>
      <trkpt lat="41.635658" lon="2.627864">
        <ele>260.472</ele>
        <time>2026-05-10T10:18:07.863620290Z</time>
      </trkpt>
      <trkpt lat="41.635711" lon="2.627881">
        <ele>261.530</ele>
        <time>2026-05-10T10:18:47.863627263Z</time>
      </trkpt>
      <trkpt lat="41.635765" lon="2.627894">
        <ele>262.959</ele>
        <time>2026-05-10T10:19:27.863634196Z</time>
      </trkpt>
      <trkpt lat="41.635792" lon="2.627906">
        <ele>263.487</ele>
        <time>2026-05-10T10:20:07.863641109Z</time>
      </trkpt>
      <trkpt lat="41.635822" lon="2.627915">
        <ele>264.283</ele>
        <time>2026-05-10T10:20:47.863648042Z</time>
      </trkpt>
      <trkpt lat="41.635864" lon="2.627941">
        <ele>264.774</ele>
        <time>2026-05-10T10:21:27.863655085Z</time>
      </trkpt>
      <trkpt lat="41.635888" lon="2.627960">
        <ele>265.018</ele>
        <time>2026-05-10T10:22:07.863662369Z</time>
      </trkpt>
      <trkpt lat="41.635935" lon="2.628000">
        <ele>265.581</ele>
        <time>2026-05-10T10:22:47.863669322Z</time>
      </trkpt>
      <trkpt lat="41.635970" lon="2.628038">
        <ele>265.887</ele>
        <time>2026-05-10T10:23:27.863676305Z</time>
      </trkpt>
      <trkpt lat="41.635988" lon="2.628069">
        <ele>265.642</ele>
        <time>2026-05-10T10:24:07.863683268Z</time>
      </trkpt>
      <trkpt lat="41.636012" lon="2.628129">
        <ele>264.826</ele>
        <time>2026-05-10T10:24:47.863690271Z</time>
      </trkpt>
      <trkpt lat="41.636027" lon="2.628164">
        <ele>264.509</ele>
        <time>2026-05-10T10:25:27.863697224Z</time>
      </trkpt>
      <trkpt lat="41.636039" lon="2.628197">
        <ele>264.149</ele>
        <time>2026-05-10T10:26:07.863704187Z</time>
      </trkpt>
      <trkpt lat="41.636051" lon="2.628234">
        <ele>263.647</ele>
        <time>2026-05-10T10:26:47.863711120Z</time>
      </trkpt>
      <trkpt lat="41.636060" lon="2.628269">
        <ele>263.245</ele>
        <time>2026-05-10T10:27:27.863718113Z</time>
      </trkpt>
      <trkpt lat="41.636072" lon="2.628303">
        <ele>262.934</ele>
        <time>2026-05-10T10:28:07.863725056Z</time>
      </trkpt>
      <trkpt lat="41.636085" lon="2.628341">
        <ele>262.522</ele>
        <time>2026-05-10T10:28:47.863731999Z</time>
      </trkpt>
      <trkpt lat="41.636105" lon="2.628393">
        <ele>261.398</ele>
        <time>2026-05-10T10:29:27.863738892Z</time>
      </trkpt>
      <trkpt lat="41.636141" lon="2.628446">
        <ele>260.789</ele>
        <time>2026-05-10T10:30:07.863745835Z</time>
      </trkpt>
      <trkpt lat="41.636159" lon="2.628482">
        <ele>260.093</ele>
        <time>2026-05-10T10:30:47.863752798Z</time>
      </trkpt>
      <trkpt lat="41.636177" lon="2.628513">
        <ele>259.656</ele>
        <time>2026-05-10T10:31:27.863759751Z</time>
      </trkpt>
      <trkpt lat="41.636217" lon="2.628565">
        <ele>259.582</ele>
        <time>2026-05-10T10:32:07.863766724Z</time>
      </trkpt>
      <trkpt lat="41.636239" lon="2.628594">
        <ele>259.543</ele>
        <time>2026-05-10T10:32:47.863773677Z</time>
      </trkpt>
      <trkpt lat="41.636264" lon="2.628623">
        <ele>259.917</ele>
        <time>2026-05-10T10:33:27.863780640Z</time>
      </trkpt>
      <trkpt lat="41.636285" lon="2.628648">
        <ele>260.509</ele>
        <time>2026-05-10T10:34:07.863787573Z</time>
      </trkpt>
      <trkpt lat="41.636303" lon="2.628676">
        <ele>260.829</ele>
        <time>2026-05-10T10:34:47.863794486Z</time>
      </trkpt>
      <trkpt lat="41.636325" lon="2.628701">
        <ele>261.557</ele>
        <time>2026-05-10T10:35:27.863801409Z</time>
      </trkpt>
      <trkpt lat="41.636347" lon="2.628726">
        <ele>262.225</ele>
        <time>2026-05-10T10:36:07.863808362Z</time>
      </trkpt>
      <trkpt lat="41.636374" lon="2.628743">
        <ele>263.324</ele>
        <time>2026-05-10T10:36:47.863815285Z</time>
      </trkpt>
      <trkpt lat="41.636401" lon="2.628753">
        <ele>264.572</ele>
        <time>2026-05-10T10:37:27.863822228Z</time>
      </trkpt>
      <trkpt lat="41.636455" lon="2.628745">
        <ele>266.828</ele>
        <time>2026-05-10T10:38:07.863829151Z</time>
      </trkpt>
      <trkpt lat="41.636486" lon="2.628738">
        <ele>268.229</ele>
        <time>2026-05-10T10:38:47.863836084Z</time>
      </trkpt>
      <trkpt lat="41.636518" lon="2.628740">
        <ele>269.573</ele>
        <time>2026-05-10T10:39:27.863843007Z</time>
      </trkpt>
      <trkpt lat="41.636548" lon="2.628752">
        <ele>270.626</ele>
        <time>2026-05-10T10:40:07.863849950Z</time>
      </trkpt>
      <trkpt lat="41.636572" lon="2.628778">
        <ele>271.286</ele>
        <time>2026-05-10T10:40:47.863856983Z</time>
      </trkpt>
      <trkpt lat="41.636586" lon="2.628809">
        <ele>271.560</ele>
        <time>2026-05-10T10:41:27.863863926Z</time>
      </trkpt>
      <trkpt lat="41.636608" lon="2.628872">
        <ele>271.726</ele>
        <time>2026-05-10T10:42:07.863870829Z</time>
      </trkpt>
      <trkpt lat="41.636621" lon="2.628935">
        <ele>271.809</ele>
        <time>2026-05-10T10:42:47.863878112Z</time>
      </trkpt>
      <trkpt lat="41.636627" lon="2.628972">
        <ele>271.999</ele>
        <time>2026-05-10T10:43:27.863885065Z</time>
      </trkpt>
      <trkpt lat="41.636639" lon="2.629036">
        <ele>272.267</ele>
        <time>2026-05-10T10:44:07.863891988Z</time>
      </trkpt>
      <trkpt lat="41.636646" lon="2.629078">
        <ele>272.425</ele>
        <time>2026-05-10T10:44:47.863898941Z</time>
      </trkpt>
      <trkpt lat="41.636655" lon="2.629114">
        <ele>272.764</ele>
        <time>2026-05-10T10:45:27.863905854Z</time>
      </trkpt>
      <trkpt lat="41.636666" lon="2.629183">
        <ele>273.092</ele>
        <time>2026-05-10T10:46:07.863912757Z</time>
      </trkpt>
      <trkpt lat="41.636670" lon="2.629221">
        <ele>273.488</ele>
        <time>2026-05-10T10:46:47.863919700Z</time>
      </trkpt>
      <trkpt lat="41.636666" lon="2.629260">
        <ele>273.329</ele>
        <time>2026-05-10T10:47:27.863926623Z</time>
      </trkpt>
      <trkpt lat="41.636656" lon="2.629330">
        <ele>273.293</ele>
        <time>2026-05-10T10:48:07.863933606Z</time>
      </trkpt>
      <trkpt lat="41.636640" lon="2.629363">
        <ele>272.786</ele>
        <time>2026-05-10T10:48:47.863940609Z</time>
      </trkpt>
      <trkpt lat="41.636622" lon="2.629398">
        <ele>272.341</ele>
        <time>2026-05-10T10:49:27.863947663Z</time>
      </trkpt>
      <trkpt lat="41.636611" lon="2.629463">
        <ele>272.381</ele>
        <time>2026-05-10T10:50:07.863954636Z</time>
      </trkpt>
      <trkpt lat="41.636604" lon="2.629503">
        <ele>272.309</ele>
        <time>2026-05-10T10:50:47.863961559Z</time>
      </trkpt>
      <trkpt lat="41.636604" lon="2.629544">
        <ele>272.509</ele>
        <time>2026-05-10T10:51:27.863968532Z</time>
      </trkpt>
      <trkpt lat="41.636598" lon="2.629600">
        <ele>272.635</ele>
        <time>2026-05-10T10:52:07.863975465Z</time>
      </trkpt>
      <trkpt lat="41.636603" lon="2.629641">
        <ele>273.033</ele>
        <time>2026-05-10T10:52:47.863982398Z</time>
      </trkpt>
      <trkpt lat="41.636593" lon="2.629707">
        <ele>273.141</ele>
        <time>2026-05-10T10:53:27.863989281Z</time>
      </trkpt>
      <trkpt lat="41.636581" lon="2.629774">
        <ele>273.390</ele>
        <time>2026-05-10T10:54:07.863996193Z</time>
      </trkpt>
      <trkpt lat="41.636570" lon="2.629808">
        <ele>273.398</ele>
        <time>2026-05-10T10:54:47.864007555Z</time>
      </trkpt>
      <trkpt lat="41.636548" lon="2.629869">
        <ele>273.344</ele>
        <time>2026-05-10T10:55:27.864017333Z</time>
      </trkpt>
      <trkpt lat="41.636516" lon="2.629930">
        <ele>273.115</ele>
        <time>2026-05-10T10:56:07.864024246Z</time>
      </trkpt>
      <trkpt lat="41.636497" lon="2.629957">
        <ele>272.969</ele>
        <time>2026-05-10T10:56:47.864036930Z</time>
      </trkpt>
      <trkpt lat="41.636492" lon="2.629993">
        <ele>273.222</ele>
        <time>2026-05-10T10:57:27.864043963Z</time>
      </trkpt>
      <trkpt lat="41.636481" lon="2.630028">
        <ele>273.159</ele>
        <time>2026-05-10T10:58:07.864050986Z</time>
      </trkpt>
      <trkpt lat="41.636476" lon="2.630065">
        <ele>273.103</ele>
        <time>2026-05-10T10:58:47.864058049Z</time>
      </trkpt>
      <trkpt lat="41.636466" lon="2.630100">
        <ele>273.023</ele>
        <time>2026-05-10T10:59:27.864065032Z</time>
      </trkpt>
      <trkpt lat="41.636470" lon="2.630139">
        <ele>273.209</ele>
        <time>2026-05-10T11:00:07.864071985Z</time>
      </trkpt>
      <trkpt lat="41.636473" lon="2.630179">
        <ele>273.426</ele>
        <time>2026-05-10T11:00:47.864078968Z</time>
      </trkpt>
      <trkpt lat="41.636470" lon="2.630221">
        <ele>273.434</ele>
        <time>2026-05-10T11:01:27.864085971Z</time>
      </trkpt>
      <trkpt lat="41.636471" lon="2.630263">
        <ele>273.612</ele>
        <time>2026-05-10T11:02:07.864092975Z</time>
      </trkpt>
      <trkpt lat="41.636470" lon="2.630338">
        <ele>273.651</ele>
        <time>2026-05-10T11:02:47.864100008Z</time>
      </trkpt>
      <trkpt lat="41.636473" lon="2.630381">
        <ele>273.639</ele>
        <time>2026-05-10T11:03:27.864106981Z</time>
      </trkpt>
      <trkpt lat="41.636474" lon="2.630422">
        <ele>273.645</ele>
        <time>2026-05-10T11:04:07.864113974Z</time>
      </trkpt>
      <trkpt lat="41.636476" lon="2.630459">
        <ele>273.696</ele>
        <time>2026-05-10T11:04:47.864120917Z</time>
      </trkpt>
      <trkpt lat="41.636477" lon="2.630502">
        <ele>273.650</ele>
        <time>2026-05-10T11:05:27.864127830Z</time>
      </trkpt>
      <trkpt lat="41.636485" lon="2.630537">
        <ele>273.893</ele>
        <time>2026-05-10T11:06:07.864134823Z</time>
      </trkpt>
      <trkpt lat="41.636486" lon="2.630609">
        <ele>273.541</ele>
        <time>2026-05-10T11:06:47.864141856Z</time>
      </trkpt>
      <trkpt lat="41.636488" lon="2.630676">
        <ele>273.381</ele>
        <time>2026-05-10T11:07:27.864152897Z</time>
      </trkpt>
      <trkpt lat="41.636495" lon="2.630715">
        <ele>273.309</ele>
        <time>2026-05-10T11:08:07.864159830Z</time>
      </trkpt>
      <trkpt lat="41.636520" lon="2.630780">
        <ele>273.609</ele>
        <time>2026-05-10T11:08:47.864166933Z</time>
      </trkpt>
      <trkpt lat="41.636544" lon="2.630816">
        <ele>274.085</ele>
        <time>2026-05-10T11:09:27.864174066Z</time>
      </trkpt>
      <trkpt lat="41.636579" lon="2.630861">
        <ele>274.683</ele>
        <time>2026-05-10T11:10:07.864181019Z</time>
      </trkpt>
      <trkpt lat="41.636599" lon="2.630892">
        <ele>274.971</ele>
        <time>2026-05-10T11:10:47.864187962Z</time>
      </trkpt>
      <trkpt lat="41.636618" lon="2.630922">
        <ele>275.210</ele>
        <time>2026-05-10T11:11:27.864194915Z</time>
      </trkpt>
      <trkpt lat="41.636639" lon="2.630950">
        <ele>275.538</ele>
        <time>2026-05-10T11:12:07.864201848Z</time>
      </trkpt>
      <trkpt lat="41.636685" lon="2.630991">
        <ele>276.574</ele>
        <time>2026-05-10T11:12:47.864208771Z</time>
      </trkpt>
      <trkpt lat="41.636709" lon="2.631014">
        <ele>277.285</ele>
        <time>2026-05-10T11:13:27.864215704Z</time>
      </trkpt>
      <trkpt lat="41.636735" lon="2.631073">
        <ele>277.719</ele>
        <time>2026-05-10T11:14:07.864222637Z</time>
      </trkpt>
      <trkpt lat="41.636765" lon="2.631155">
        <ele>278.282</ele>
        <time>2026-05-10T11:14:47.864229600Z</time>
      </trkpt>
      <trkpt lat="41.636778" lon="2.631192">
        <ele>278.478</ele>
        <time>2026-05-10T11:15:27.864236563Z</time>
      </trkpt>
      <trkpt lat="41.636790" lon="2.631227">
        <ele>278.633</ele>
        <time>2026-05-10T11:16:07.864243556Z</time>
      </trkpt>
      <trkpt lat="41.636801" lon="2.631292">
        <ele>278.526</ele>
        <time>2026-05-10T11:16:47.864250519Z</time>
      </trkpt>
      <trkpt lat="41.636829" lon="2.631354">
        <ele>279.109</ele>
        <time>2026-05-10T11:17:27.864257513Z</time>
      </trkpt>
      <trkpt lat="41.636859" lon="2.631409">
        <ele>279.698</ele>
        <time>2026-05-10T11:18:07.864264445Z</time>
      </trkpt>
      <trkpt lat="41.636883" lon="2.631426">
        <ele>280.386</ele>
        <time>2026-05-10T11:18:47.864271358Z</time>
      </trkpt>
      <trkpt lat="41.636908" lon="2.631441">
        <ele>280.934</ele>
        <time>2026-05-10T11:19:27.864278341Z</time>
      </trkpt>
      <trkpt lat="41.636933" lon="2.631461">
        <ele>281.673</ele>
        <time>2026-05-10T11:20:07.864285585Z</time>
      </trkpt>
      <trkpt lat="41.636981" lon="2.631472">
        <ele>283.321</ele>
        <time>2026-05-10T11:20:47.864292578Z</time>
      </trkpt>
      <trkpt lat="41.637008" lon="2.631482">
        <ele>284.397</ele>
        <time>2026-05-10T11:21:27.864299902Z</time>
      </trkpt>
      <trkpt lat="41.637057" lon="2.631485">
        <ele>286.338</ele>
        <time>2026-05-10T11:22:07.864306905Z</time>
      </trkpt>
      <trkpt lat="41.637105" lon="2.631504">
        <ele>288.062</ele>
        <time>2026-05-10T11:22:47.864314108Z</time>
      </trkpt>
      <trkpt lat="41.637153" lon="2.631527">
        <ele>289.675</ele>
        <time>2026-05-10T11:23:27.864321162Z</time>
      </trkpt>
      <trkpt lat="41.637197" lon="2.631544">
        <ele>291.215</ele>
        <time>2026-05-10T11:24:07.864328475Z</time>
      </trkpt>
      <trkpt lat="41.637230" lon="2.631579">
        <ele>291.965</ele>
        <time>2026-05-10T11:24:47.864335609Z</time>
      </trkpt>
      <trkpt lat="41.637282" lon="2.631598">
        <ele>293.311</ele>
        <time>2026-05-10T11:25:27.864342572Z</time>
      </trkpt>
      <trkpt lat="41.637313" lon="2.631598">
        <ele>294.409</ele>
        <time>2026-05-10T11:26:07.864349525Z</time>
      </trkpt>
      <trkpt lat="41.637360" lon="2.631598">
        <ele>296.162</ele>
        <time>2026-05-10T11:26:47.864356798Z</time>
      </trkpt>
      <trkpt lat="41.637376" lon="2.631546">
        <ele>297.990</ele>
        <time>2026-05-10T11:27:27.864363801Z</time>
      </trkpt>
      <trkpt lat="41.637369" lon="2.631491">
        <ele>298.958</ele>
        <time>2026-05-10T11:28:07.864371115Z</time>
      </trkpt>
      <trkpt lat="41.637352" lon="2.631460">
        <ele>299.087</ele>
        <time>2026-05-10T11:28:47.864378068Z</time>
      </trkpt>
      <trkpt lat="41.637341" lon="2.631403">
        <ele>299.825</ele>
        <time>2026-05-10T11:29:27.864385021Z</time>
      </trkpt>
      <trkpt lat="41.637348" lon="2.631339">
        <ele>301.031</ele>
        <time>2026-05-10T11:30:07.864391944Z</time>
      </trkpt>
      <trkpt lat="41.637356" lon="2.631263">
        <ele>302.352</ele>
        <time>2026-05-10T11:30:47.864398887Z</time>
      </trkpt>
      <trkpt lat="41.637359" lon="2.631227">
        <ele>302.946</ele>
        <time>2026-05-10T11:31:27.864405820Z</time>
      </trkpt>
      <trkpt lat="41.637367" lon="2.631163">
        <ele>304.239</ele>
        <time>2026-05-10T11:32:07.864412783Z</time>
      </trkpt>
      <trkpt lat="41.637363" lon="2.631100">
        <ele>304.781</ele>
        <time>2026-05-10T11:32:47.864420237Z</time>
      </trkpt>
      <trkpt lat="41.637382" lon="2.631041">
        <ele>306.361</ele>
        <time>2026-05-10T11:33:27.864427230Z</time>
      </trkpt>
      <trkpt lat="41.637391" lon="2.630987">
        <ele>307.317</ele>
        <time>2026-05-10T11:34:07.864434163Z</time>
      </trkpt>
      <trkpt lat="41.637410" lon="2.630929">
        <ele>308.909</ele>
        <time>2026-05-10T11:34:47.864441176Z</time>
      </trkpt>
      <trkpt lat="41.637447" lon="2.630876">
        <ele>311.599</ele>
        <time>2026-05-10T11:35:27.864448119Z</time>
      </trkpt>
      <trkpt lat="41.637468" lon="2.630820">
        <ele>313.187</ele>
        <time>2026-05-10T11:36:07.864461875Z</time>
      </trkpt>
      <trkpt lat="41.637493" lon="2.630757">
        <ele>314.315</ele>
        <time>2026-05-10T11:36:47.864468858Z</time>
      </trkpt>
      <trkpt lat="41.637514" lon="2.630714">
        <ele>315.454</ele>
        <time>2026-05-10T11:37:27.864475901Z</time>
      </trkpt>
      <trkpt lat="41.637532" lon="2.630658">
        <ele>316.432</ele>
        <time>2026-05-10T11:38:07.864482834Z</time>
      </trkpt>
      <trkpt lat="41.637555" lon="2.630602">
        <ele>317.768</ele>
        <time>2026-05-10T11:38:47.864489757Z</time>
      </trkpt>
      <trkpt lat="41.637565" lon="2.630567">
        <ele>318.289</ele>
        <time>2026-05-10T11:39:27.864496720Z</time>
      </trkpt>
      <trkpt lat="41.637580" lon="2.630537">
        <ele>319.153</ele>
        <time>2026-05-10T11:40:07.864503693Z</time>
      </trkpt>
      <trkpt lat="41.637600" lon="2.630471">
        <ele>320.356</ele>
        <time>2026-05-10T11:40:47.864510787Z</time>
      </trkpt>
      <trkpt lat="41.637616" lon="2.630413">
        <ele>321.144</ele>
        <time>2026-05-10T11:41:27.864517870Z</time>
      </trkpt>
      <trkpt lat="41.637630" lon="2.630354">
        <ele>321.705</ele>
        <time>2026-05-10T11:42:07.864524943Z</time>
      </trkpt>
      <trkpt lat="41.637644" lon="2.630303">
        <ele>322.415</ele>
        <time>2026-05-10T11:42:47.864531916Z</time>
      </trkpt>
      <trkpt lat="41.637651" lon="2.630243">
        <ele>322.609</ele>
        <time>2026-05-10T11:43:27.864538829Z</time>
      </trkpt>
      <trkpt lat="41.637667" lon="2.630188">
        <ele>323.355</ele>
        <time>2026-05-10T11:44:07.864545882Z</time>
      </trkpt>
      <trkpt lat="41.637684" lon="2.630137">
        <ele>324.193</ele>
        <time>2026-05-10T11:44:47.864552845Z</time>
      </trkpt>
      <trkpt lat="41.637695" lon="2.630075">
        <ele>324.561</ele>
        <time>2026-05-10T11:45:27.864559768Z</time>
      </trkpt>
      <trkpt lat="41.637699" lon="2.630014">
        <ele>324.580</ele>
        <time>2026-05-10T11:46:07.864566731Z</time>
      </trkpt>
      <trkpt lat="41.637700" lon="2.629960">
        <ele>324.798</ele>
        <time>2026-05-10T11:46:47.864573694Z</time>
      </trkpt>
      <trkpt lat="41.637704" lon="2.629898">
        <ele>325.294</ele>
        <time>2026-05-10T11:47:27.864580707Z</time>
      </trkpt>
      <trkpt lat="41.637714" lon="2.629831">
        <ele>326.185</ele>
        <time>2026-05-10T11:48:07.864587640Z</time>
      </trkpt>
      <trkpt lat="41.637719" lon="2.629769">
        <ele>326.669</ele>
        <time>2026-05-10T11:48:47.864594784Z</time>
      </trkpt>
      <trkpt lat="41.637727" lon="2.629692">
        <ele>327.642</ele>
        <time>2026-05-10T11:49:27.864601707Z</time>
      </trkpt>
      <trkpt lat="41.637731" lon="2.629627">
        <ele>328.437</ele>
        <time>2026-05-10T11:50:07.864609060Z</time>
      </trkpt>
      <trkpt lat="41.637730" lon="2.629588">
        <ele>328.849</ele>
        <time>2026-05-10T11:50:47.864616054Z</time>
      </trkpt>
      <trkpt lat="41.637727" lon="2.629520">
        <ele>329.313</ele>
        <time>2026-05-10T11:51:27.864622966Z</time>
      </trkpt>
      <trkpt lat="41.637714" lon="2.629464">
        <ele>329.109</ele>
        <time>2026-05-10T11:52:07.864629859Z</time>
      </trkpt>
      <trkpt lat="41.637713" lon="2.629400">
        <ele>329.734</ele>
        <time>2026-05-10T11:52:47.864636802Z</time>
      </trkpt>
      <trkpt lat="41.637710" lon="2.629337">
        <ele>330.262</ele>
        <time>2026-05-10T11:53:27.864643745Z</time>
      </trkpt>
      <trkpt lat="41.637702" lon="2.629271">
        <ele>330.360</ele>
        <time>2026-05-10T11:54:07.864650859Z</time>
      </trkpt>
      <trkpt lat="41.637694" lon="2.629210">
        <ele>330.539</ele>
        <time>2026-05-10T11:54:47.864657802Z</time>
      </trkpt>
      <trkpt lat="41.637688" lon="2.629155">
        <ele>330.627</ele>
        <time>2026-05-10T11:55:27.864664755Z</time>
      </trkpt>
      <trkpt lat="41.637685" lon="2.629119">
        <ele>330.763</ele>
        <time>2026-05-10T11:56:07.864672148Z</time>
      </trkpt>
      <trkpt lat="41.637685" lon="2.629082">
        <ele>331.054</ele>
        <time>2026-05-10T11:56:47.864679071Z</time>
      </trkpt>
      <trkpt lat="41.637690" lon="2.629044">
        <ele>331.758</ele>
        <time>2026-05-10T11:57:27.864686045Z</time>
      </trkpt>
      <trkpt lat="41.637688" lon="2.628986">
        <ele>332.061</ele>
        <time>2026-05-10T11:58:07.864692937Z</time>
      </trkpt>
      <trkpt lat="41.637689" lon="2.628949">
        <ele>332.467</ele>
        <time>2026-05-10T11:58:47.864700191Z</time>
      </trkpt>
      <trkpt lat="41.637691" lon="2.628910">
        <ele>332.881</ele>
        <time>2026-05-10T11:59:27.864707204Z</time>
      </trkpt>
      <trkpt lat="41.637689" lon="2.628870">
        <ele>333.019</ele>
        <time>2026-05-10T12:00:07.864714127Z</time>
      </trkpt>
      <trkpt lat="41.637689" lon="2.628832">
        <ele>333.209</ele>
        <time>2026-05-10T12:00:47.864721280Z</time>
      </trkpt>
      <trkpt lat="41.637691" lon="2.628793">
        <ele>333.557</ele>
        <time>2026-05-10T12:01:27.864728233Z</time>
      </trkpt>
      <trkpt lat="41.637696" lon="2.628755">
        <ele>333.965</ele>
        <time>2026-05-10T12:02:07.864735136Z</time>
      </trkpt>
      <trkpt lat="41.637707" lon="2.628715">
        <ele>334.743</ele>
        <time>2026-05-10T12:02:47.864742109Z</time>
      </trkpt>
      <trkpt lat="41.637717" lon="2.628641">
        <ele>335.692</ele>
        <time>2026-05-10T12:03:27.864749062Z</time>
      </trkpt>
      <trkpt lat="41.637721" lon="2.628602">
        <ele>336.040</ele>
        <time>2026-05-10T12:04:07.864755975Z</time>
      </trkpt>
      <trkpt lat="41.637723" lon="2.628564">
        <ele>336.536</ele>
        <time>2026-05-10T12:04:47.864762908Z</time>
      </trkpt>
      <trkpt lat="41.637726" lon="2.628527">
        <ele>337.167</ele>
        <time>2026-05-10T12:05:27.864769851Z</time>
      </trkpt>
      <trkpt lat="41.637732" lon="2.628455">
        <ele>338.181</ele>
        <time>2026-05-10T12:06:07.864776834Z</time>
      </trkpt>
      <trkpt lat="41.637728" lon="2.628386">
        <ele>338.674</ele>
        <time>2026-05-10T12:06:47.864783737Z</time>
      </trkpt>
      <trkpt lat="41.637725" lon="2.628313">
        <ele>339.142</ele>
        <time>2026-05-10T12:07:27.864790730Z</time>
      </trkpt>
      <trkpt lat="41.637715" lon="2.628246">
        <ele>339.022</ele>
        <time>2026-05-10T12:08:07.864797734Z</time>
      </trkpt>
      <trkpt lat="41.637712" lon="2.628209">
        <ele>339.114</ele>
        <time>2026-05-10T12:08:47.864804677Z</time>
      </trkpt>
      <trkpt lat="41.637711" lon="2.628169">
        <ele>339.309</ele>
        <time>2026-05-10T12:09:27.864811650Z</time>
      </trkpt>
      <trkpt lat="41.637701" lon="2.628133">
        <ele>339.165</ele>
        <time>2026-05-10T12:10:07.864818713Z</time>
      </trkpt>
      <trkpt lat="41.637694" lon="2.628091">
        <ele>339.143</ele>
        <time>2026-05-10T12:10:47.864825676Z</time>
      </trkpt>
      <trkpt lat="41.637687" lon="2.628054">
        <ele>339.191</ele>
        <time>2026-05-10T12:11:27.864832699Z</time>
      </trkpt>
      <trkpt lat="41.637680" lon="2.628018">
        <ele>339.220</ele>
        <time>2026-05-10T12:12:07.864839682Z</time>
      </trkpt>
      <trkpt lat="41.637671" lon="2.627978">
        <ele>339.248</ele>
        <time>2026-05-10T12:12:47.864846695Z</time>
      </trkpt>
      <trkpt lat="41.637662" lon="2.627939">
        <ele>339.334</ele>
        <time>2026-05-10T12:13:27.864853558Z</time>
      </trkpt>
      <trkpt lat="41.637658" lon="2.627901">
        <ele>339.595</ele>
        <time>2026-05-10T12:14:07.864860561Z</time>
      </trkpt>
      <trkpt lat="41.637651" lon="2.627863">
        <ele>339.699</ele>
        <time>2026-05-10T12:14:47.864867574Z</time>
      </trkpt>
      <trkpt lat="41.637700" lon="2.627834">
        <ele>342.042</ele>
        <time>2026-05-10T12:15:27.864880709Z</time>
      </trkpt>
      <trkpt lat="41.637731" lon="2.627845">
        <ele>343.316</ele>
        <time>2026-05-10T12:16:07.864887902Z</time>
      </trkpt>
      <trkpt lat="41.637752" lon="2.627871">
        <ele>343.976</ele>
        <time>2026-05-10T12:16:47.864895046Z</time>
      </trkpt>
      <trkpt lat="41.637771" lon="2.627898">
        <ele>344.413</ele>
        <time>2026-05-10T12:17:27.864902079Z</time>
      </trkpt>
      <trkpt lat="41.637803" lon="2.627941">
        <ele>344.909</ele>
        <time>2026-05-10T12:18:07.864909232Z</time>
      </trkpt>
      <trkpt lat="41.637826" lon="2.627994">
        <ele>345.112</ele>
        <time>2026-05-10T12:18:47.864916245Z</time>
      </trkpt>
      <trkpt lat="41.637860" lon="2.628031">
        <ele>345.960</ele>
        <time>2026-05-10T12:19:27.864923278Z</time>
      </trkpt>
      <trkpt lat="41.637890" lon="2.628068">
        <ele>346.698</ele>
        <time>2026-05-10T12:20:07.864930362Z</time>
      </trkpt>
      <trkpt lat="41.637924" lon="2.628106">
        <ele>347.637</ele>
        <time>2026-05-10T12:20:47.864937415Z</time>
      </trkpt>
      <trkpt lat="41.637956" lon="2.628147">
        <ele>348.455</ele>
        <time>2026-05-10T12:21:27.864944408Z</time>
      </trkpt>
      <trkpt lat="41.637993" lon="2.628194">
        <ele>349.551</ele>
        <time>2026-05-10T12:22:07.864951371Z</time>
      </trkpt>
      <trkpt lat="41.638027" lon="2.628234">
        <ele>350.422</ele>
        <time>2026-05-10T12:22:47.864958785Z</time>
      </trkpt>
      <trkpt lat="41.638049" lon="2.628285">
        <ele>351.046</ele>
        <time>2026-05-10T12:23:27.864965808Z</time>
      </trkpt>
      <trkpt lat="41.638057" lon="2.628321">
        <ele>351.059</ele>
        <time>2026-05-10T12:24:07.864972781Z</time>
      </trkpt>
      <trkpt lat="41.638063" lon="2.628358">
        <ele>350.917</ele>
        <time>2026-05-10T12:24:47.864979774Z</time>
      </trkpt>
      <trkpt lat="41.638079" lon="2.628388">
        <ele>350.787</ele>
        <time>2026-05-10T12:25:27.864986757Z</time>
      </trkpt>
      <trkpt lat="41.638104" lon="2.628448">
        <ele>350.715</ele>
        <time>2026-05-10T12:26:07.864993710Z</time>
      </trkpt>
      <trkpt lat="41.638116" lon="2.628487">
        <ele>350.709</ele>
        <time>2026-05-10T12:26:47.865000603Z</time>
      </trkpt>
      <trkpt lat="41.638128" lon="2.628520">
        <ele>350.842</ele>
        <time>2026-05-10T12:27:27.865007536Z</time>
      </trkpt>
      <trkpt lat="41.638131" lon="2.628562">
        <ele>351.010</ele>
        <time>2026-05-10T12:28:07.865014489Z</time>
      </trkpt>
      <trkpt lat="41.638139" lon="2.628599">
        <ele>351.268</ele>
        <time>2026-05-10T12:28:47.865021552Z</time>
      </trkpt>
      <trkpt lat="41.638142" lon="2.628635">
        <ele>351.377</ele>
        <time>2026-05-10T12:29:27.865028525Z</time>
      </trkpt>
      <trkpt lat="41.638148" lon="2.628697">
        <ele>351.265</ele>
        <time>2026-05-10T12:30:07.865035418Z</time>
      </trkpt>
      <trkpt lat="41.638147" lon="2.628761">
        <ele>351.271</ele>
        <time>2026-05-10T12:30:47.865042381Z</time>
      </trkpt>
      <trkpt lat="41.638145" lon="2.628834">
        <ele>351.112</ele>
        <time>2026-05-10T12:31:27.865049324Z</time>
      </trkpt>
      <trkpt lat="41.638149" lon="2.628889">
        <ele>351.026</ele>
        <time>2026-05-10T12:32:07.865056257Z</time>
      </trkpt>
      <trkpt lat="41.638156" lon="2.628930">
        <ele>350.999</ele>
        <time>2026-05-10T12:32:47.865063220Z</time>
      </trkpt>
      <trkpt lat="41.638161" lon="2.628968">
        <ele>350.988</ele>
        <time>2026-05-10T12:33:27.865070264Z</time>
      </trkpt>
      <trkpt lat="41.638166" lon="2.629005">
        <ele>350.824</ele>
        <time>2026-05-10T12:34:07.865077277Z</time>
      </trkpt>
      <trkpt lat="41.638183" lon="2.629039">
        <ele>350.926</ele>
        <time>2026-05-10T12:34:47.865084290Z</time>
      </trkpt>
      <trkpt lat="41.638196" lon="2.629076">
        <ele>351.009</ele>
        <time>2026-05-10T12:35:27.865091263Z</time>
      </trkpt>
      <trkpt lat="41.638212" lon="2.629119">
        <ele>351.259</ele>
        <time>2026-05-10T12:36:07.865098206Z</time>
      </trkpt>
      <trkpt lat="41.638226" lon="2.629159">
        <ele>351.487</ele>
        <time>2026-05-10T12:36:47.865105199Z</time>
      </trkpt>
      <trkpt lat="41.638246" lon="2.629222">
        <ele>351.425</ele>
        <time>2026-05-10T12:37:27.865112122Z</time>
      </trkpt>
      <trkpt lat="41.638257" lon="2.629257">
        <ele>351.464</ele>
        <time>2026-05-10T12:38:07.865119025Z</time>
      </trkpt>
      <trkpt lat="41.638277" lon="2.629314">
        <ele>351.462</ele>
        <time>2026-05-10T12:38:47.865126278Z</time>
      </trkpt>
      <trkpt lat="41.638288" lon="2.629348">
        <ele>351.548</ele>
        <time>2026-05-10T12:39:27.865133211Z</time>
      </trkpt>
      <trkpt lat="41.638308" lon="2.629405">
        <ele>351.659</ele>
        <time>2026-05-10T12:40:07.865140164Z</time>
      </trkpt>
      <trkpt lat="41.638323" lon="2.629440">
        <ele>351.823</ele>
        <time>2026-05-10T12:40:47.865147137Z</time>
      </trkpt>
      <trkpt lat="41.638331" lon="2.629480">
        <ele>352.236</ele>
        <time>2026-05-10T12:41:27.865154120Z</time>
      </trkpt>
      <trkpt lat="41.638341" lon="2.629519">
        <ele>352.475</ele>
        <time>2026-05-10T12:42:07.865161184Z</time>
      </trkpt>
      <trkpt lat="41.638368" lon="2.629592">
        <ele>352.328</ele>
        <time>2026-05-10T12:42:47.865168217Z</time>
      </trkpt>
      <trkpt lat="41.638388" lon="2.629652">
        <ele>352.420</ele>
        <time>2026-05-10T12:43:27.865175290Z</time>
      </trkpt>
      <trkpt lat="41.638396" lon="2.629687">
        <ele>352.609</ele>
        <time>2026-05-10T12:44:07.865182273Z</time>
      </trkpt>
      <trkpt lat="41.638402" lon="2.629722">
        <ele>352.878</ele>
        <time>2026-05-10T12:44:47.865189306Z</time>
      </trkpt>
      <trkpt lat="41.638413" lon="2.629757">
        <ele>352.726</ele>
        <time>2026-05-10T12:45:27.865196239Z</time>
      </trkpt>
      <trkpt lat="41.638414" lon="2.629794">
        <ele>352.864</ele>
        <time>2026-05-10T12:46:07.865203242Z</time>
      </trkpt>
      <trkpt lat="41.638418" lon="2.629832">
        <ele>353.033</ele>
        <time>2026-05-10T12:46:47.865210155Z</time>
      </trkpt>
      <trkpt lat="41.638423" lon="2.629871">
        <ele>353.151</ele>
        <time>2026-05-10T12:47:27.865217108Z</time>
      </trkpt>
      <trkpt lat="41.638435" lon="2.629908">
        <ele>353.117</ele>
        <time>2026-05-10T12:48:07.865224122Z</time>
      </trkpt>
      <trkpt lat="41.638442" lon="2.629945">
        <ele>353.358</ele>
        <time>2026-05-10T12:48:47.865231085Z</time>
      </trkpt>
      <trkpt lat="41.638449" lon="2.630012">
        <ele>353.742</ele>
        <time>2026-05-10T12:49:27.865238028Z</time>
      </trkpt>
      <trkpt lat="41.638455" lon="2.630049">
        <ele>353.975</ele>
        <time>2026-05-10T12:50:07.865245031Z</time>
      </trkpt>
      <trkpt lat="41.638460" lon="2.630090">
        <ele>354.276</ele>
        <time>2026-05-10T12:50:47.865252074Z</time>
      </trkpt>
      <trkpt lat="41.638464" lon="2.630129">
        <ele>354.490</ele>
        <time>2026-05-10T12:51:27.865259047Z</time>
      </trkpt>
      <trkpt lat="41.638466" lon="2.630167">
        <ele>354.719</ele>
        <time>2026-05-10T12:52:07.865266020Z</time>
      </trkpt>
      <trkpt lat="41.638470" lon="2.630209">
        <ele>355.009</ele>
        <time>2026-05-10T12:52:47.865273304Z</time>
      </trkpt>
      <trkpt lat="41.638476" lon="2.630248">
        <ele>355.398</ele>
        <time>2026-05-10T12:53:27.865280267Z</time>
      </trkpt>
      <trkpt lat="41.638481" lon="2.630285">
        <ele>355.566</ele>
        <time>2026-05-10T12:54:07.865287660Z</time>
      </trkpt>
      <trkpt lat="41.638483" lon="2.630323">
        <ele>355.644</ele>
        <time>2026-05-10T12:54:47.865300685Z</time>
      </trkpt>
      <trkpt lat="41.638487" lon="2.630390">
        <ele>355.653</ele>
        <time>2026-05-10T12:55:27.865308039Z</time>
      </trkpt>
      <trkpt lat="41.638488" lon="2.630466">
        <ele>355.661</ele>
        <time>2026-05-10T12:56:07.865314972Z</time>
      </trkpt>
      <trkpt lat="41.638490" lon="2.630507">
        <ele>355.787</ele>
        <time>2026-05-10T12:56:47.865321955Z</time>
      </trkpt>
      <trkpt lat="41.638488" lon="2.630544">
        <ele>355.788</ele>
        <time>2026-05-10T12:57:27.865328928Z</time>
      </trkpt>
      <trkpt lat="41.638489" lon="2.630582">
        <ele>355.782</ele>
        <time>2026-05-10T12:58:07.865336502Z</time>
      </trkpt>
      <trkpt lat="41.638496" lon="2.630620">
        <ele>355.975</ele>
        <time>2026-05-10T12:58:47.865343475Z</time>
      </trkpt>
      <trkpt lat="41.638510" lon="2.630688">
        <ele>356.242</ele>
        <time>2026-05-10T12:59:27.865350478Z</time>
      </trkpt>
      <trkpt lat="41.638519" lon="2.630730">
        <ele>356.422</ele>
        <time>2026-05-10T13:00:07.865357561Z</time>
      </trkpt>
      <trkpt lat="41.638525" lon="2.630767">
        <ele>356.614</ele>
        <time>2026-05-10T13:00:47.865364534Z</time>
      </trkpt>
      <trkpt lat="41.638539" lon="2.630802">
        <ele>356.909</ele>
        <time>2026-05-10T13:01:27.865371778Z</time>
      </trkpt>
      <trkpt lat="41.638560" lon="2.630839">
        <ele>357.375</ele>
        <time>2026-05-10T13:02:07.865378771Z</time>
      </trkpt>
      <trkpt lat="41.638576" lon="2.630870">
        <ele>357.673</ele>
        <time>2026-05-10T13:02:47.865386035Z</time>
      </trkpt>
      <trkpt lat="41.638611" lon="2.630921">
        <ele>358.381</ele>
        <time>2026-05-10T13:03:27.865393018Z</time>
      </trkpt>
      <trkpt lat="41.638645" lon="2.630974">
        <ele>358.370</ele>
        <time>2026-05-10T13:04:07.865399951Z</time>
      </trkpt>
      <trkpt lat="41.638662" lon="2.631007">
        <ele>358.438</ele>
        <time>2026-05-10T13:04:47.865406994Z</time>
      </trkpt>
      <trkpt lat="41.638686" lon="2.631031">
        <ele>358.484</ele>
        <time>2026-05-10T13:05:27.865413967Z</time>
      </trkpt>
      <trkpt lat="41.638732" lon="2.631066">
        <ele>358.635</ele>
        <time>2026-05-10T13:06:07.865420890Z</time>
      </trkpt>
      <trkpt lat="41.638777" lon="2.631110">
        <ele>359.019</ele>
        <time>2026-05-10T13:06:47.865427823Z</time>
      </trkpt>
      <trkpt lat="41.638799" lon="2.631134">
        <ele>358.812</ele>
        <time>2026-05-10T13:07:27.865434776Z</time>
      </trkpt>
      <trkpt lat="41.638834" lon="2.631188">
        <ele>358.574</ele>
        <time>2026-05-10T13:08:07.865441749Z</time>
      </trkpt>
      <trkpt lat="41.638862" lon="2.631202">
        <ele>358.556</ele>
        <time>2026-05-10T13:08:47.865448772Z</time>
      </trkpt>
      <trkpt lat="41.638907" lon="2.631246">
        <ele>358.321</ele>
        <time>2026-05-10T13:09:27.865455725Z</time>
      </trkpt>
      <trkpt lat="41.638929" lon="2.631278">
        <ele>358.109</ele>
        <time>2026-05-10T13:10:07.865462718Z</time>
      </trkpt>
      <trkpt lat="41.638979" lon="2.631315">
        <ele>358.038</ele>
        <time>2026-05-10T13:10:47.865469651Z</time>
      </trkpt>
      <trkpt lat="41.639006" lon="2.631336">
        <ele>358.166</ele>
        <time>2026-05-10T13:11:27.865476594Z</time>
      </trkpt>
      <trkpt lat="41.639031" lon="2.631356">
        <ele>358.234</ele>
        <time>2026-05-10T13:12:07.865483567Z</time>
      </trkpt>
      <trkpt lat="41.639056" lon="2.631381">
        <ele>358.593</ele>
        <time>2026-05-10T13:12:47.865491532Z</time>
      </trkpt>
      <trkpt lat="41.639081" lon="2.631414">
        <ele>358.751</ele>
        <time>2026-05-10T13:13:27.865498615Z</time>
      </trkpt>
      <trkpt lat="41.639119" lon="2.631462">
        <ele>359.187</ele>
        <time>2026-05-10T13:14:07.865505688Z</time>
      </trkpt>
      <trkpt lat="41.639137" lon="2.631491">
        <ele>359.498</ele>
        <time>2026-05-10T13:14:47.865512651Z</time>
      </trkpt>
      <trkpt lat="41.639159" lon="2.631524">
        <ele>359.992</ele>
        <time>2026-05-10T13:15:27.865519574Z</time>
      </trkpt>
      <trkpt lat="41.639189" lon="2.631571">
        <ele>360.295</ele>
        <time>2026-05-10T13:16:07.865526507Z</time>
      </trkpt>
      <trkpt lat="41.639224" lon="2.631620">
        <ele>360.672</ele>
        <time>2026-05-10T13:16:47.865533581Z</time>
      </trkpt>
      <trkpt lat="41.639247" lon="2.631648">
        <ele>361.013</ele>
        <time>2026-05-10T13:17:27.865540564Z</time>
      </trkpt>
      <trkpt lat="41.639277" lon="2.631673">
        <ele>361.414</ele>
        <time>2026-05-10T13:18:07.865547527Z</time>
      </trkpt>
      <trkpt lat="41.639294" lon="2.631701">
        <ele>361.709</ele>
        <time>2026-05-10T13:18:47.865554600Z</time>
      </trkpt>
      <trkpt lat="41.639323" lon="2.631746">
        <ele>362.318</ele>
        <time>2026-05-10T13:19:27.865561613Z</time>
      </trkpt>
      <trkpt lat="41.639334" lon="2.631782">
        <ele>362.846</ele>
        <time>2026-05-10T13:20:07.865568676Z</time>
      </trkpt>
      <trkpt lat="41.639353" lon="2.631823">
        <ele>363.674</ele>
        <time>2026-05-10T13:20:47.865575629Z</time>
      </trkpt>
      <trkpt lat="41.639366" lon="2.631863">
        <ele>364.443</ele>
        <time>2026-05-10T13:21:27.865582622Z</time>
      </trkpt>
      <trkpt lat="41.639372" lon="2.631905">
        <ele>365.191</ele>
        <time>2026-05-10T13:22:07.865589555Z</time>
      </trkpt>
      <trkpt lat="41.639387" lon="2.631949">
        <ele>366.197</ele>
        <time>2026-05-10T13:22:47.865596498Z</time>
      </trkpt>
      <trkpt lat="41.639398" lon="2.632002">
        <ele>366.428</ele>
        <time>2026-05-10T13:23:27.865603431Z</time>
      </trkpt>
      <trkpt lat="41.639379" lon="2.632077">
        <ele>365.772</ele>
        <time>2026-05-10T13:24:07.865610364Z</time>
      </trkpt>
      <trkpt lat="41.639382" lon="2.632147">
        <ele>365.615</ele>
        <time>2026-05-10T13:24:47.865617277Z</time>
      </trkpt>
      <trkpt lat="41.639386" lon="2.632188">
        <ele>365.757</ele>
        <time>2026-05-10T13:25:27.865624300Z</time>
      </trkpt>
      <trkpt lat="41.639397" lon="2.632225">
        <ele>366.100</ele>
        <time>2026-05-10T13:26:07.865631344Z</time>
      </trkpt>
      <trkpt lat="41.639411" lon="2.632256">
        <ele>366.620</ele>
        <time>2026-05-10T13:26:47.865638307Z</time>
      </trkpt>
      <trkpt lat="41.639443" lon="2.632308">
        <ele>367.909</ele>
        <time>2026-05-10T13:27:27.865645300Z</time>
      </trkpt>
      <trkpt lat="41.639464" lon="2.632335">
        <ele>368.726</ele>
        <time>2026-05-10T13:28:07.865652193Z</time>
      </trkpt>
      <trkpt lat="41.639506" lon="2.632384">
        <ele>370.394</ele>
        <time>2026-05-10T13:28:47.865659116Z</time>
      </trkpt>
      <trkpt lat="41.639528" lon="2.632407">
        <ele>371.162</ele>
        <time>2026-05-10T13:29:27.865666059Z</time>
      </trkpt>
      <trkpt lat="41.639553" lon="2.632432">
        <ele>372.181</ele>
        <time>2026-05-10T13:30:07.865672982Z</time>
      </trkpt>
      <trkpt lat="41.639575" lon="2.632462">
        <ele>373.039</ele>
        <time>2026-05-10T13:30:47.865679915Z</time>
      </trkpt>
      <trkpt lat="41.639593" lon="2.632497">
        <ele>373.945</ele>
        <time>2026-05-10T13:31:27.865686837Z</time>
      </trkpt>
      <trkpt lat="41.639609" lon="2.632527">
        <ele>374.576</ele>
        <time>2026-05-10T13:32:07.865693760Z</time>
      </trkpt>
      <trkpt lat="41.639626" lon="2.632561">
        <ele>375.120</ele>
        <time>2026-05-10T13:32:47.865700713Z</time>
      </trkpt>
      <trkpt lat="41.639650" lon="2.632626">
        <ele>376.083</ele>
        <time>2026-05-10T13:33:27.865707656Z</time>
      </trkpt>
      <trkpt lat="41.639668" lon="2.632689">
        <ele>376.714</ele>
        <time>2026-05-10T13:34:07.865720661Z</time>
      </trkpt>
      <trkpt lat="41.639679" lon="2.632726">
        <ele>377.254</ele>
        <time>2026-05-10T13:34:47.865727844Z</time>
      </trkpt>
      <trkpt lat="41.639702" lon="2.632790">
        <ele>378.209</ele>
        <time>2026-05-10T13:35:27.865734927Z</time>
      </trkpt>
      <trkpt lat="41.639714" lon="2.632826">
        <ele>378.809</ele>
        <time>2026-05-10T13:36:07.865741931Z</time>
      </trkpt>
      <trkpt lat="41.639732" lon="2.632888">
        <ele>379.772</ele>
        <time>2026-05-10T13:36:47.865748894Z</time>
      </trkpt>
      <trkpt lat="41.639745" lon="2.632959">
        <ele>380.470</ele>
        <time>2026-05-10T13:37:27.865755857Z</time>
      </trkpt>
      <trkpt lat="41.639749" lon="2.632997">
        <ele>380.798</ele>
        <time>2026-05-10T13:38:07.865762850Z</time>
      </trkpt>
      <trkpt lat="41.639739" lon="2.633066">
        <ele>380.777</ele>
        <time>2026-05-10T13:38:47.865769833Z</time>
      </trkpt>
      <trkpt lat="41.639744" lon="2.633111">
        <ele>381.595</ele>
        <time>2026-05-10T13:39:27.865776756Z</time>
      </trkpt>
      <trkpt lat="41.639738" lon="2.633182">
        <ele>382.411</ele>
        <time>2026-05-10T13:40:07.865783739Z</time>
      </trkpt>
      <trkpt lat="41.639735" lon="2.633220">
        <ele>382.892</ele>
        <time>2026-05-10T13:40:47.865790722Z</time>
      </trkpt>
      <trkpt lat="41.639727" lon="2.633293">
        <ele>383.656</ele>
        <time>2026-05-10T13:41:27.865797695Z</time>
      </trkpt>
      <trkpt lat="41.639716" lon="2.633330">
        <ele>383.739</ele>
        <time>2026-05-10T13:42:07.865804718Z</time>
      </trkpt>
      <trkpt lat="41.639710" lon="2.633370">
        <ele>384.598</ele>
        <time>2026-05-10T13:42:47.865813214Z</time>
      </trkpt>
      <trkpt lat="41.639698" lon="2.633407">
        <ele>385.015</ele>
        <time>2026-05-10T13:43:27.865823553Z</time>
      </trkpt>
      <trkpt lat="41.639682" lon="2.633473">
        <ele>386.126</ele>
        <time>2026-05-10T13:44:07.865834173Z</time>
      </trkpt>
      <trkpt lat="41.639667" lon="2.633510">
        <ele>386.509</ele>
        <time>2026-05-10T13:44:47.865845304Z</time>
      </trkpt>
      <trkpt lat="41.639665" lon="2.633554">
        <ele>387.520</ele>
        <time>2026-05-10T13:45:27.865856816Z</time>
      </trkpt>
      <trkpt lat="41.639624" lon="2.633600">
        <ele>387.258</ele>
        <time>2026-05-10T13:46:07.865868487Z</time>
      </trkpt>
      <trkpt lat="41.639595" lon="2.633652">
        <ele>387.516</ele>
        <time>2026-05-10T13:46:47.865880009Z</time>
      </trkpt>
      <trkpt lat="41.639558" lon="2.633700">
        <ele>387.585</ele>
        <time>2026-05-10T13:47:27.865888435Z</time>
      </trkpt>
      <trkpt lat="41.639532" lon="2.633752">
        <ele>388.113</ele>
        <time>2026-05-10T13:48:07.865895448Z</time>
      </trkpt>
      <trkpt lat="41.639504" lon="2.633806">
        <ele>388.699</ele>
        <time>2026-05-10T13:48:47.865902401Z</time>
      </trkpt>
      <trkpt lat="41.639482" lon="2.633835">
        <ele>388.760</ele>
        <time>2026-05-10T13:49:27.865909384Z</time>
      </trkpt>
      <trkpt lat="41.639462" lon="2.633860">
        <ele>388.724</ele>
        <time>2026-05-10T13:50:07.865916377Z</time>
      </trkpt>
      <trkpt lat="41.639415" lon="2.633904">
        <ele>388.447</ele>
        <time>2026-05-10T13:50:47.865923330Z</time>
      </trkpt>
      <trkpt lat="41.639386" lon="2.633932">
        <ele>388.015</ele>
        <time>2026-05-10T13:51:27.865930473Z</time>
      </trkpt>
      <trkpt lat="41.639358" lon="2.633950">
        <ele>387.565</ele>
        <time>2026-05-10T13:52:07.865937507Z</time>
      </trkpt>
      <trkpt lat="41.639331" lon="2.633964">
        <ele>386.911</ele>
        <time>2026-05-10T13:52:47.865944510Z</time>
      </trkpt>
      <trkpt lat="41.639303" lon="2.633980">
        <ele>386.409</ele>
        <time>2026-05-10T13:53:27.865951523Z</time>
      </trkpt>
      <trkpt lat="41.639276" lon="2.633991">
        <ele>385.772</ele>
        <time>2026-05-10T13:54:07.865958456Z</time>
      </trkpt>
      <trkpt lat="41.639249" lon="2.634005">
        <ele>385.220</ele>
        <time>2026-05-10T13:54:47.865965359Z</time>
      </trkpt>
      <trkpt lat="41.639212" lon="2.634061">
        <ele>385.268</ele>
        <time>2026-05-10T13:55:27.865972262Z</time>
      </trkpt>
      <trkpt lat="41.639200" lon="2.634093">
        <ele>385.587</ele>
        <time>2026-05-10T13:56:07.865979205Z</time>
      </trkpt>
      <trkpt lat="41.639190" lon="2.634130">
        <ele>386.085</ele>
        <time>2026-05-10T13:56:47.865986258Z</time>
      </trkpt>
      <trkpt lat="41.639187" lon="2.634169">
        <ele>386.751</ele>
        <time>2026-05-10T13:57:27.865993231Z</time>
      </trkpt>
      <trkpt lat="41.639195" lon="2.634211">
        <ele>387.132</ele>
        <time>2026-05-10T13:58:07.866000164Z</time>
      </trkpt>
      <trkpt lat="41.639206" lon="2.634245">
        <ele>387.646</ele>
        <time>2026-05-10T13:58:47.866007047Z</time>
      </trkpt>
      <trkpt lat="41.639244" lon="2.634289">
        <ele>389.219</ele>
        <time>2026-05-10T13:59:27.866014130Z</time>
      </trkpt>
      <trkpt lat="41.639259" lon="2.634320">
        <ele>389.981</ele>
        <time>2026-05-10T14:00:07.866021183Z</time>
      </trkpt>
      <trkpt lat="41.639295" lon="2.634372">
        <ele>391.661</ele>
        <time>2026-05-10T14:00:47.866028266Z</time>
      </trkpt>
      <trkpt lat="41.639328" lon="2.634426">
        <ele>393.217</ele>
        <time>2026-05-10T14:01:27.866035199Z</time>
      </trkpt>
      <trkpt lat="41.639343" lon="2.634460">
        <ele>393.809</ele>
        <time>2026-05-10T14:02:07.866042854Z</time>
      </trkpt>
      <trkpt lat="41.639354" lon="2.634494">
        <ele>393.999</ele>
        <time>2026-05-10T14:02:47.866049837Z</time>
      </trkpt>
      <trkpt lat="41.639363" lon="2.634528">
        <ele>393.957</ele>
        <time>2026-05-10T14:03:27.866056780Z</time>
      </trkpt>
      <trkpt lat="41.639378" lon="2.634563">
        <ele>394.125</ele>
        <time>2026-05-10T14:04:07.866063813Z</time>
      </trkpt>
      <trkpt lat="41.639392" lon="2.634601">
        <ele>394.274</ele>
        <time>2026-05-10T14:04:47.866071067Z</time>
      </trkpt>
      <trkpt lat="41.639404" lon="2.634639">
        <ele>394.352</ele>
        <time>2026-05-10T14:05:27.866078040Z</time>
      </trkpt>
      <trkpt lat="41.639417" lon="2.634677">
        <ele>394.448</ele>
        <time>2026-05-10T14:06:07.866085013Z</time>
      </trkpt>
      <trkpt lat="41.639421" lon="2.634714">
        <ele>394.219</ele>
        <time>2026-05-10T14:06:47.866092016Z</time>
      </trkpt>
      <trkpt lat="41.639439" lon="2.634748">
        <ele>394.233</ele>
        <time>2026-05-10T14:07:27.866098949Z</time>
      </trkpt>
      <trkpt lat="41.639455" lon="2.634787">
        <ele>394.016</ele>
        <time>2026-05-10T14:08:07.866105892Z</time>
      </trkpt>
      <trkpt lat="41.639466" lon="2.634820">
        <ele>393.814</ele>
        <time>2026-05-10T14:08:47.866112905Z</time>
      </trkpt>
      <trkpt lat="41.639472" lon="2.634857">
        <ele>393.354</ele>
        <time>2026-05-10T14:09:27.866119908Z</time>
      </trkpt>
      <trkpt lat="41.639478" lon="2.634895">
        <ele>392.809</ele>
        <time>2026-05-10T14:10:07.866126841Z</time>
      </trkpt>
      <trkpt lat="41.639505" lon="2.634960">
        <ele>392.809</ele>
        <time>2026-05-10T14:10:47.866133994Z</time>
      </trkpt>
      <trkpt lat="41.639524" lon="2.634994">
        <ele>393.172</ele>
        <time>2026-05-10T14:11:27.866140917Z</time>
      </trkpt>
      <trkpt lat="41.639544" lon="2.635025">
        <ele>393.340</ele>
        <time>2026-05-10T14:12:07.866147860Z</time>
      </trkpt>
      <trkpt lat="41.639567" lon="2.635056">
        <ele>393.728</ele>
        <time>2026-05-10T14:12:47.866154863Z</time>
      </trkpt>
      <trkpt lat="41.639604" lon="2.635107">
        <ele>394.277</ele>
        <time>2026-05-10T14:13:27.866169651Z</time>
      </trkpt>
      <trkpt lat="41.639619" lon="2.635140">
        <ele>394.145</ele>
        <time>2026-05-10T14:14:07.866176704Z</time>
      </trkpt>
      <trkpt lat="41.639639" lon="2.635168">
        <ele>394.441</ele>
        <time>2026-05-10T14:14:47.866183717Z</time>
      </trkpt>
      <trkpt lat="41.639656" lon="2.635200">
        <ele>394.572</ele>
        <time>2026-05-10T14:15:27.866190660Z</time>
      </trkpt>
      <trkpt lat="41.639676" lon="2.635234">
        <ele>394.676</ele>
        <time>2026-05-10T14:16:07.866197583Z</time>
      </trkpt>
      <trkpt lat="41.639696" lon="2.635264">
        <ele>394.999</ele>
        <time>2026-05-10T14:16:47.866204566Z</time>
      </trkpt>
      <trkpt lat="41.639711" lon="2.635298">
        <ele>395.046</ele>
        <time>2026-05-10T14:17:27.866211580Z</time>
      </trkpt>
      <trkpt lat="41.639732" lon="2.635331">
        <ele>395.288</ele>
        <time>2026-05-10T14:18:07.866218603Z</time>
      </trkpt>
      <trkpt lat="41.639753" lon="2.635361">
        <ele>395.316</ele>
        <time>2026-05-10T14:18:47.866225606Z</time>
      </trkpt>
      <trkpt lat="41.639766" lon="2.635396">
        <ele>395.009</ele>
        <time>2026-05-10T14:19:27.866232699Z</time>
      </trkpt>
      <trkpt lat="41.639794" lon="2.635456">
        <ele>394.685</ele>
        <time>2026-05-10T14:20:07.866239662Z</time>
      </trkpt>
      <trkpt lat="41.639807" lon="2.635493">
        <ele>394.263</ele>
        <time>2026-05-10T14:20:47.866246625Z</time>
      </trkpt>
      <trkpt lat="41.639821" lon="2.635529">
        <ele>393.881</ele>
        <time>2026-05-10T14:21:27.866253568Z</time>
      </trkpt>
      <trkpt lat="41.639836" lon="2.635561">
        <ele>393.530</ele>
        <time>2026-05-10T14:22:07.866260471Z</time>
      </trkpt>
      <trkpt lat="41.639851" lon="2.635594">
        <ele>393.258</ele>
        <time>2026-05-10T14:22:47.866267434Z</time>
      </trkpt>
      <trkpt lat="41.639867" lon="2.635625">
        <ele>392.944</ele>
        <time>2026-05-10T14:23:27.866274347Z</time>
      </trkpt>
      <trkpt lat="41.639881" lon="2.635664">
        <ele>392.495</ele>
        <time>2026-05-10T14:24:07.866281290Z</time>
      </trkpt>
      <trkpt lat="41.639895" lon="2.635697">
        <ele>392.019</ele>
        <time>2026-05-10T14:24:47.866288263Z</time>
      </trkpt>
      <trkpt lat="41.639912" lon="2.635732">
        <ele>391.732</ele>
        <time>2026-05-10T14:25:27.866295216Z</time>
      </trkpt>
      <trkpt lat="41.639928" lon="2.635765">
        <ele>391.482</ele>
        <time>2026-05-10T14:26:07.866302249Z</time>
      </trkpt>
      <trkpt lat="41.639944" lon="2.635798">
        <ele>391.143</ele>
        <time>2026-05-10T14:26:47.866309242Z</time>
      </trkpt>
      <trkpt lat="41.639957" lon="2.635832">
        <ele>390.617</ele>
        <time>2026-05-10T14:27:27.866320243Z</time>
      </trkpt>
      <trkpt lat="41.639970" lon="2.635875">
        <ele>390.409</ele>
        <time>2026-05-10T14:28:07.866327256Z</time>
      </trkpt>
      <trkpt lat="41.639984" lon="2.635913">
        <ele>390.329</ele>
        <time>2026-05-10T14:28:47.866334239Z</time>
      </trkpt>
      <trkpt lat="41.640001" lon="2.635946">
        <ele>390.447</ele>
        <time>2026-05-10T14:29:27.866341192Z</time>
      </trkpt>
      <trkpt lat="41.640014" lon="2.635981">
        <ele>390.135</ele>
        <time>2026-05-10T14:30:07.866348105Z</time>
      </trkpt>
      <trkpt lat="41.640030" lon="2.636015">
        <ele>389.934</ele>
        <time>2026-05-10T14:30:47.866354998Z</time>
      </trkpt>
      <trkpt lat="41.640045" lon="2.636055">
        <ele>389.542</ele>
        <time>2026-05-10T14:31:27.866361941Z</time>
      </trkpt>
      <trkpt lat="41.640060" lon="2.636086">
        <ele>389.368</ele>
        <time>2026-05-10T14:32:07.866368884Z</time>
      </trkpt>
      <trkpt lat="41.640076" lon="2.636117">
        <ele>389.069</ele>
        <time>2026-05-10T14:32:47.866375837Z</time>
      </trkpt>
      <trkpt lat="41.640091" lon="2.636157">
        <ele>388.713</ele>
        <time>2026-05-10T14:33:27.866382740Z</time>
      </trkpt>
      <trkpt lat="41.640110" lon="2.636194">
        <ele>388.636</ele>
        <time>2026-05-10T14:34:07.866389633Z</time>
      </trkpt>
      <trkpt lat="41.640139" lon="2.636253">
        <ele>388.566</ele>
        <time>2026-05-10T14:34:47.866396596Z</time>
      </trkpt>
      <trkpt lat="41.640169" lon="2.636311">
        <ele>388.629</ele>
        <time>2026-05-10T14:35:27.866403559Z</time>
      </trkpt>
      <trkpt lat="41.640186" lon="2.636341">
        <ele>388.821</ele>
        <time>2026-05-10T14:36:07.866410432Z</time>
      </trkpt>
      <trkpt lat="41.640202" lon="2.636373">
        <ele>388.909</ele>
        <time>2026-05-10T14:36:47.866417485Z</time>
      </trkpt>
      <trkpt lat="41.640216" lon="2.636406">
        <ele>388.867</ele>
        <time>2026-05-10T14:37:27.866424398Z</time>
      </trkpt>
      <trkpt lat="41.640234" lon="2.636438">
        <ele>388.655</ele>
        <time>2026-05-10T14:38:07.866431551Z</time>
      </trkpt>
      <trkpt lat="41.640250" lon="2.636477">
        <ele>388.193</ele>
        <time>2026-05-10T14:38:47.866438524Z</time>
      </trkpt>
      <trkpt lat="41.640291" lon="2.636519">
        <ele>387.542</ele>
        <time>2026-05-10T14:39:27.866445978Z</time>
      </trkpt>
      <trkpt lat="41.640344" lon="2.636544">
        <ele>386.270</ele>
        <time>2026-05-10T14:40:07.866452961Z</time>
      </trkpt>
      <trkpt lat="41.640361" lon="2.636495">
        <ele>387.036</ele>
        <time>2026-05-10T14:40:47.866460365Z</time>
      </trkpt>
      <trkpt lat="41.640355" lon="2.636459">
        <ele>387.877</ele>
        <time>2026-05-10T14:41:27.866467278Z</time>
      </trkpt>
      <trkpt lat="41.640351" lon="2.636418">
        <ele>388.881</ele>
        <time>2026-05-10T14:42:07.866474411Z</time>
      </trkpt>
      <trkpt lat="41.640343" lon="2.636355">
        <ele>389.744</ele>
        <time>2026-05-10T14:42:47.866481364Z</time>
      </trkpt>
      <trkpt lat="41.640339" lon="2.636296">
        <ele>390.017</ele>
        <time>2026-05-10T14:43:27.866488558Z</time>
      </trkpt>
      <trkpt lat="41.640329" lon="2.636238">
        <ele>390.487</ele>
        <time>2026-05-10T14:44:07.866495481Z</time>
      </trkpt>
      <trkpt lat="41.640316" lon="2.636187">
        <ele>390.915</ele>
        <time>2026-05-10T14:44:47.866502614Z</time>
      </trkpt>
      <trkpt lat="41.640306" lon="2.636126">
        <ele>391.309</ele>
        <time>2026-05-10T14:45:27.866509527Z</time>
      </trkpt>
      <trkpt lat="41.640289" lon="2.636065">
        <ele>392.742</ele>
        <time>2026-05-10T14:46:07.866516701Z</time>
      </trkpt>
      <trkpt lat="41.640280" lon="2.636027">
        <ele>393.840</ele>
        <time>2026-05-10T14:46:47.866523644Z</time>
      </trkpt>
      <trkpt lat="41.640263" lon="2.635957">
        <ele>395.198</ele>
        <time>2026-05-10T14:47:27.866530677Z</time>
      </trkpt>
      <trkpt lat="41.640248" lon="2.635896">
        <ele>396.197</ele>
        <time>2026-05-10T14:48:07.866537570Z</time>
      </trkpt>
      <trkpt lat="41.640230" lon="2.635826">
        <ele>397.185</ele>
        <time>2026-05-10T14:48:47.866544483Z</time>
      </trkpt>
      <trkpt lat="41.640226" lon="2.635783">
        <ele>397.941</ele>
        <time>2026-05-10T14:49:27.866551395Z</time>
      </trkpt>
      <trkpt lat="41.640223" lon="2.635717">
        <ele>399.152</ele>
        <time>2026-05-10T14:50:07.866558268Z</time>
      </trkpt>
      <trkpt lat="41.640219" lon="2.635676">
        <ele>399.846</ele>
        <time>2026-05-10T14:50:47.866565151Z</time>
      </trkpt>
      <trkpt lat="41.640212" lon="2.635612">
        <ele>400.989</ele>
        <time>2026-05-10T14:51:27.866572084Z</time>
      </trkpt>
      <trkpt lat="41.640214" lon="2.635574">
        <ele>401.761</ele>
        <time>2026-05-10T14:52:07.866579708Z</time>
      </trkpt>
      <trkpt lat="41.640205" lon="2.635508">
        <ele>402.921</ele>
        <time>2026-05-10T14:52:47.866593093Z</time>
      </trkpt>
      <trkpt lat="41.640221" lon="2.635449">
        <ele>404.313</ele>
        <time>2026-05-10T14:53:27.866600087Z</time>
      </trkpt>
      <trkpt lat="41.640225" lon="2.635408">
        <ele>405.109</ele>
        <time>2026-05-10T14:54:07.866607080Z</time>
      </trkpt>
      <trkpt lat="41.640220" lon="2.635339">
        <ele>406.417</ele>
        <time>2026-05-10T14:54:47.866614133Z</time>
      </trkpt>
      <trkpt lat="41.640212" lon="2.635275">
        <ele>407.655</ele>
        <time>2026-05-10T14:55:27.866621106Z</time>
      </trkpt>
      <trkpt lat="41.640201" lon="2.635210">
        <ele>408.153</ele>
        <time>2026-05-10T14:56:07.866628079Z</time>
      </trkpt>
      <trkpt lat="41.640189" lon="2.635147">
        <ele>408.672</ele>
        <time>2026-05-10T14:56:47.866635102Z</time>
      </trkpt>
      <trkpt lat="41.640166" lon="2.635087">
        <ele>409.140</ele>
        <time>2026-05-10T14:57:27.866642065Z</time>
      </trkpt>
      <trkpt lat="41.640154" lon="2.635024">
        <ele>409.896</ele>
        <time>2026-05-10T14:58:07.866648998Z</time>
      </trkpt>
      <trkpt lat="41.640131" lon="2.634973">
        <ele>410.137</ele>
        <time>2026-05-10T14:58:47.866655871Z</time>
      </trkpt>
      <trkpt lat="41.640107" lon="2.634919">
        <ele>410.521</ele>
        <time>2026-05-10T14:59:27.866662934Z</time>
      </trkpt>
      <trkpt lat="41.640070" lon="2.634893">
        <ele>410.764</ele>
        <time>2026-05-10T15:00:07.866669867Z</time>
      </trkpt>
      <trkpt lat="41.640034" lon="2.634860">
        <ele>410.975</ele>
        <time>2026-05-10T15:00:47.866677081Z</time>
      </trkpt>
      <trkpt lat="41.639998" lon="2.634818">
        <ele>411.328</ele>
        <time>2026-05-10T15:01:27.866683994Z</time>
      </trkpt>
      <trkpt lat="41.639968" lon="2.634774">
        <ele>410.920</ele>
        <time>2026-05-10T15:02:07.866690947Z</time>
      </trkpt>
      <trkpt lat="41.639950" lon="2.634703">
        <ele>410.909</ele>
        <time>2026-05-10T15:02:47.866697960Z</time>
      </trkpt>
      <trkpt lat="41.639946" lon="2.634660">
        <ele>410.768</ele>
        <time>2026-05-10T15:03:27.866704973Z</time>
      </trkpt>
      <trkpt lat="41.639944" lon="2.634592">
        <ele>410.456</ele>
        <time>2026-05-10T15:04:07.866711926Z</time>
      </trkpt>
      <trkpt lat="41.639971" lon="2.634537">
        <ele>410.874</ele>
        <time>2026-05-10T15:04:47.866719019Z</time>
      </trkpt>
      <trkpt lat="41.640002" lon="2.634525">
        <ele>411.363</ele>
        <time>2026-05-10T15:05:27.866726153Z</time>
      </trkpt>
      <trkpt lat="41.640028" lon="2.634514">
        <ele>411.211</ele>
        <time>2026-05-10T15:06:07.866733166Z</time>
      </trkpt>
      <trkpt lat="41.640069" lon="2.634491">
        <ele>410.937</ele>
        <time>2026-05-10T15:06:47.866740129Z</time>
      </trkpt>
      <trkpt lat="41.640106" lon="2.634530">
        <ele>410.948</ele>
        <time>2026-05-10T15:07:27.866747052Z</time>
      </trkpt>
      <trkpt lat="41.640125" lon="2.634588">
        <ele>411.132</ele>
        <time>2026-05-10T15:08:07.866754055Z</time>
      </trkpt>
      <trkpt lat="41.640141" lon="2.634652">
        <ele>411.255</ele>
        <time>2026-05-10T15:08:47.866761048Z</time>
      </trkpt>
      <trkpt lat="41.640153" lon="2.634691">
        <ele>411.327</ele>
        <time>2026-05-10T15:09:27.866768031Z</time>
      </trkpt>
      <trkpt lat="41.640153" lon="2.634735">
        <ele>411.468</ele>
        <time>2026-05-10T15:10:07.866775054Z</time>
      </trkpt>
      <trkpt lat="41.640139" lon="2.634784">
        <ele>411.214</ele>
        <time>2026-05-10T15:10:47.866782027Z</time>
      </trkpt>
      <trkpt lat="41.640109" lon="2.634833">
        <ele>411.009</ele>
        <time>2026-05-10T15:11:27.866788960Z</time>
      </trkpt>
      <trkpt lat="41.640124" lon="2.634905">
        <ele>410.553</ele>
        <time>2026-05-10T15:12:07.866795913Z</time>
      </trkpt>
      <trkpt lat="41.640135" lon="2.634945">
        <ele>410.311</ele>
        <time>2026-05-10T15:12:47.866802806Z</time>
      </trkpt>
      <trkpt lat="41.640147" lon="2.634980">
        <ele>410.199</ele>
        <time>2026-05-10T15:13:27.866809679Z</time>
      </trkpt>
      <trkpt lat="41.640167" lon="2.635053">
        <ele>409.568</ele>
        <time>2026-05-10T15:14:07.866816622Z</time>
      </trkpt>
      <trkpt lat="41.640181" lon="2.635085">
        <ele>409.286</ele>
        <time>2026-05-10T15:14:47.866823565Z</time>
      </trkpt>
      <trkpt lat="41.640196" lon="2.635152">
        <ele>408.622</ele>
        <time>2026-05-10T15:15:27.866830488Z</time>
      </trkpt>
      <trkpt lat="41.640205" lon="2.635193">
        <ele>408.273</ele>
        <time>2026-05-10T15:16:07.866837451Z</time>
      </trkpt>
      <trkpt lat="41.640205" lon="2.635230">
        <ele>407.977</ele>
        <time>2026-05-10T15:16:47.866844474Z</time>
      </trkpt>
      <trkpt lat="41.640207" lon="2.635266">
        <ele>407.670</ele>
        <time>2026-05-10T15:17:27.866851527Z</time>
      </trkpt>
      <trkpt lat="41.640212" lon="2.635303">
        <ele>407.038</ele>
        <time>2026-05-10T15:18:07.866858661Z</time>
      </trkpt>
      <trkpt lat="41.640218" lon="2.635347">
        <ele>406.270</ele>
        <time>2026-05-10T15:18:47.866865684Z</time>
      </trkpt>
      <trkpt lat="41.640215" lon="2.635385">
        <ele>405.417</ele>
        <time>2026-05-10T15:19:27.866872567Z</time>
      </trkpt>
      <trkpt lat="41.640225" lon="2.635463">
        <ele>404.009</ele>
        <time>2026-05-10T15:20:07.866879469Z</time>
      </trkpt>
      <trkpt lat="41.640224" lon="2.635502">
        <ele>403.374</ele>
        <time>2026-05-10T15:20:47.866886412Z</time>
      </trkpt>
      <trkpt lat="41.640224" lon="2.635574">
        <ele>401.932</ele>
        <time>2026-05-10T15:21:27.866893265Z</time>
      </trkpt>
      <trkpt lat="41.640222" lon="2.635619">
        <ele>401.010</ele>
        <time>2026-05-10T15:22:07.866900218Z</time>
      </trkpt>
      <trkpt lat="41.640222" lon="2.635661">
        <ele>400.199</ele>
        <time>2026-05-10T15:22:47.866907131Z</time>
      </trkpt>
      <trkpt lat="41.640227" lon="2.635699">
        <ele>399.537</ele>
        <time>2026-05-10T15:23:27.866914074Z</time>
      </trkpt>
      <trkpt lat="41.640229" lon="2.635740">
        <ele>398.713</ele>
        <time>2026-05-10T15:24:07.866921037Z</time>
      </trkpt>
      <trkpt lat="41.640236" lon="2.635778">
        <ele>398.294</ele>
        <time>2026-05-10T15:24:47.866927950Z</time>
      </trkpt>
      <trkpt lat="41.640235" lon="2.635818">
        <ele>397.438</ele>
        <time>2026-05-10T15:25:27.866934843Z</time>
      </trkpt>
      <trkpt lat="41.640240" lon="2.635855">
        <ele>396.761</ele>
        <time>2026-05-10T15:26:07.866941796Z</time>
      </trkpt>
      <trkpt lat="41.640255" lon="2.635890">
        <ele>396.389</ele>
        <time>2026-05-10T15:26:47.866948789Z</time>
      </trkpt>
      <trkpt lat="41.640265" lon="2.635928">
        <ele>395.706</ele>
        <time>2026-05-10T15:27:27.866955732Z</time>
      </trkpt>
      <trkpt lat="41.640273" lon="2.635964">
        <ele>395.126</ele>
        <time>2026-05-10T15:28:07.866962635Z</time>
      </trkpt>
      <trkpt lat="41.640280" lon="2.636002">
        <ele>394.309</ele>
        <time>2026-05-10T15:28:47.866969568Z</time>
      </trkpt>
      <trkpt lat="41.640285" lon="2.636039">
        <ele>393.479</ele>
        <time>2026-05-10T15:29:27.866976461Z</time>
      </trkpt>
      <trkpt lat="41.640293" lon="2.636075">
        <ele>392.467</ele>
        <time>2026-05-10T15:30:07.866983404Z</time>
      </trkpt>
      <trkpt lat="41.640300" lon="2.636115">
        <ele>391.515</ele>
        <time>2026-05-10T15:30:47.866990347Z</time>
      </trkpt>
      <trkpt lat="41.640310" lon="2.636173">
        <ele>391.154</ele>
        <time>2026-05-10T15:31:27.866997510Z</time>
      </trkpt>
      <trkpt lat="41.640329" lon="2.636222">
        <ele>390.592</ele>
        <time>2026-05-10T15:32:07.867010986Z</time>
      </trkpt>
      <trkpt lat="41.640339" lon="2.636290">
        <ele>390.088</ele>
        <time>2026-05-10T15:32:47.867018039Z</time>
      </trkpt>
      <trkpt lat="41.640351" lon="2.636362">
        <ele>389.589</ele>
        <time>2026-05-10T15:33:27.867024992Z</time>
      </trkpt>
      <trkpt lat="41.640357" lon="2.636427">
        <ele>388.533</ele>
        <time>2026-05-10T15:34:07.867031915Z</time>
      </trkpt>
      <trkpt lat="41.640355" lon="2.636499">
        <ele>387.056</ele>
        <time>2026-05-10T15:34:47.867039128Z</time>
      </trkpt>
      <trkpt lat="41.640361" lon="2.636539">
        <ele>386.141</ele>
        <time>2026-05-10T15:35:27.867046161Z</time>
      </trkpt>
      <trkpt lat="41.640391" lon="2.636541">
        <ele>385.681</ele>
        <time>2026-05-10T15:36:07.867053385Z</time>
      </trkpt>
      <trkpt lat="41.640406" lon="2.636509">
        <ele>386.009</ele>
        <time>2026-05-10T15:36:47.867060308Z</time>
      </trkpt>
      <trkpt lat="41.640418" lon="2.636442">
        <ele>387.009</ele>
        <time>2026-05-10T15:37:27.867067201Z</time>
      </trkpt>
      <trkpt lat="41.640428" lon="2.636407">
        <ele>387.435</ele>
        <time>2026-05-10T15:38:07.867074134Z</time>
      </trkpt>
      <trkpt lat="41.640442" lon="2.636372">
        <ele>387.593</ele>
        <time>2026-05-10T15:38:47.867081037Z</time>
      </trkpt>
      <trkpt lat="41.640450" lon="2.636332">
        <ele>387.511</ele>
        <time>2026-05-10T15:39:27.867087970Z</time>
      </trkpt>
      <trkpt lat="41.640461" lon="2.636258">
        <ele>387.520</ele>
        <time>2026-05-10T15:40:07.867094903Z</time>
      </trkpt>
      <trkpt lat="41.640463" lon="2.636217">
        <ele>387.698</ele>
        <time>2026-05-10T15:40:47.867101896Z</time>
      </trkpt>
      <trkpt lat="41.640465" lon="2.636179">
        <ele>387.724</ele>
        <time>2026-05-10T15:41:27.867108799Z</time>
      </trkpt>
      <trkpt lat="41.640477" lon="2.636113">
        <ele>387.755</ele>
        <time>2026-05-10T15:42:07.867116393Z</time>
      </trkpt>
      <trkpt lat="41.640485" lon="2.636075">
        <ele>387.719</ele>
        <time>2026-05-10T15:42:47.867123326Z</time>
      </trkpt>
      <trkpt lat="41.640493" lon="2.636039">
        <ele>387.742</ele>
        <time>2026-05-10T15:43:27.867130279Z</time>
      </trkpt>
      <trkpt lat="41.640500" lon="2.636002">
        <ele>387.757</ele>
        <time>2026-05-10T15:44:07.867137282Z</time>
      </trkpt>
      <trkpt lat="41.640506" lon="2.635959">
        <ele>387.700</ele>
        <time>2026-05-10T15:44:47.867144285Z</time>
      </trkpt>
      <trkpt lat="41.640513" lon="2.635921">
        <ele>387.520</ele>
        <time>2026-05-10T15:45:27.867151218Z</time>
      </trkpt>
      <trkpt lat="41.640519" lon="2.635852">
        <ele>387.509</ele>
        <time>2026-05-10T15:46:07.867158221Z</time>
      </trkpt>
      <trkpt lat="41.640541" lon="2.635786">
        <ele>387.546</ele>
        <time>2026-05-10T15:46:47.867165114Z</time>
      </trkpt>
      <trkpt lat="41.640552" lon="2.635751">
        <ele>387.644</ele>
        <time>2026-05-10T15:47:27.867172057Z</time>
      </trkpt>
      <trkpt lat="41.640572" lon="2.635687">
        <ele>387.442</ele>
        <time>2026-05-10T15:48:07.867178940Z</time>
      </trkpt>
      <trkpt lat="41.640583" lon="2.635647">
        <ele>387.391</ele>
        <time>2026-05-10T15:48:47.867185833Z</time>
      </trkpt>
      <trkpt lat="41.640596" lon="2.635613">
        <ele>387.039</ele>
        <time>2026-05-10T15:49:27.867192726Z</time>
      </trkpt>
      <trkpt lat="41.640600" lon="2.635577">
        <ele>387.385</ele>
        <time>2026-05-10T15:50:07.867199639Z</time>
      </trkpt>
      <trkpt lat="41.640620" lon="2.635536">
        <ele>386.536</ele>
        <time>2026-05-10T15:50:47.867206612Z</time>
      </trkpt>
      <trkpt lat="41.640634" lon="2.635504">
        <ele>385.910</ele>
        <time>2026-05-10T15:51:27.867213575Z</time>
      </trkpt>
      <trkpt lat="41.640649" lon="2.635471">
        <ele>385.453</ele>
        <time>2026-05-10T15:52:07.867220528Z</time>
      </trkpt>
      <trkpt lat="41.640678" lon="2.635419">
        <ele>384.023</ele>
        <time>2026-05-10T15:52:47.867227541Z</time>
      </trkpt>
      <trkpt lat="41.640699" lon="2.635369">
        <ele>383.283</ele>
        <time>2026-05-10T15:53:27.867234574Z</time>
      </trkpt>
      <trkpt lat="41.640715" lon="2.635312">
        <ele>382.811</ele>
        <time>2026-05-10T15:54:07.867241537Z</time>
      </trkpt>
      <trkpt lat="41.640734" lon="2.635251">
        <ele>381.909</ele>
        <time>2026-05-10T15:54:47.867248470Z</time>
      </trkpt>
      <trkpt lat="41.640757" lon="2.635196">
        <ele>380.073</ele>
        <time>2026-05-10T15:55:27.867255393Z</time>
      </trkpt>
      <trkpt lat="41.640769" lon="2.635138">
        <ele>379.181</ele>
        <time>2026-05-10T15:56:07.867262276Z</time>
      </trkpt>
      <trkpt lat="41.640778" lon="2.635083">
        <ele>378.429</ele>
        <time>2026-05-10T15:56:47.867269179Z</time>
      </trkpt>
      <trkpt lat="41.640787" lon="2.635026">
        <ele>377.718</ele>
        <time>2026-05-10T15:57:27.867276052Z</time>
      </trkpt>
      <trkpt lat="41.640800" lon="2.634966">
        <ele>376.656</ele>
        <time>2026-05-10T15:58:07.867282965Z</time>
      </trkpt>
      <trkpt lat="41.640820" lon="2.634903">
        <ele>375.012</ele>
        <time>2026-05-10T15:58:47.867290048Z</time>
      </trkpt>
      <trkpt lat="41.640831" lon="2.634837">
        <ele>374.233</ele>
        <time>2026-05-10T15:59:27.867297101Z</time>
      </trkpt>
      <trkpt lat="41.640845" lon="2.634776">
        <ele>373.147</ele>
        <time>2026-05-10T16:00:07.867304074Z</time>
      </trkpt>
      <trkpt lat="41.640866" lon="2.634707">
        <ele>371.550</ele>
        <time>2026-05-10T16:00:47.867311067Z</time>
      </trkpt>
      <trkpt lat="41.640878" lon="2.634673">
        <ele>370.413</ele>
        <time>2026-05-10T16:01:27.867318040Z</time>
      </trkpt>
      <trkpt lat="41.640895" lon="2.634612">
        <ele>368.943</ele>
        <time>2026-05-10T16:02:07.867325053Z</time>
      </trkpt>
      <trkpt lat="41.640915" lon="2.634560">
        <ele>367.207</ele>
        <time>2026-05-10T16:02:47.867332046Z</time>
      </trkpt>
      <trkpt lat="41.640931" lon="2.634526">
        <ele>365.909</ele>
        <time>2026-05-10T16:03:27.867339070Z</time>
      </trkpt>
      <trkpt lat="41.640936" lon="2.634486">
        <ele>365.452</ele>
        <time>2026-05-10T16:04:07.867345972Z</time>
      </trkpt>
      <trkpt lat="41.640940" lon="2.634446">
        <ele>364.960</ele>
        <time>2026-05-10T16:04:47.867352996Z</time>
      </trkpt>
      <trkpt lat="41.640941" lon="2.634407">
        <ele>364.958</ele>
        <time>2026-05-10T16:05:27.867359939Z</time>
      </trkpt>
      <trkpt lat="41.640944" lon="2.634343">
        <ele>364.727</ele>
        <time>2026-05-10T16:06:07.867366892Z</time>
      </trkpt>
      <trkpt lat="41.640944" lon="2.634301">
        <ele>364.795</ele>
        <time>2026-05-10T16:06:47.867373945Z</time>
      </trkpt>
      <trkpt lat="41.640942" lon="2.634232">
        <ele>365.051</ele>
        <time>2026-05-10T16:07:27.867380928Z</time>
      </trkpt>
      <trkpt lat="41.640935" lon="2.634193">
        <ele>365.612</ele>
        <time>2026-05-10T16:08:07.867387891Z</time>
      </trkpt>
      <trkpt lat="41.640933" lon="2.634150">
        <ele>365.536</ele>
        <time>2026-05-10T16:08:47.867395104Z</time>
      </trkpt>
      <trkpt lat="41.640929" lon="2.634063">
        <ele>364.799</ele>
        <time>2026-05-10T16:09:27.867402118Z</time>
      </trkpt>
      <trkpt lat="41.640921" lon="2.634007">
        <ele>364.628</ele>
        <time>2026-05-10T16:10:07.867409151Z</time>
      </trkpt>
      <trkpt lat="41.640916" lon="2.633970">
        <ele>364.589</ele>
        <time>2026-05-10T16:10:47.867416144Z</time>
      </trkpt>
      <trkpt lat="41.640910" lon="2.633928">
        <ele>364.517</ele>
        <time>2026-05-10T16:11:27.867428908Z</time>
      </trkpt>
      <trkpt lat="41.640915" lon="2.633887">
        <ele>363.509</ele>
        <time>2026-05-10T16:12:07.867435921Z</time>
      </trkpt>
      <trkpt lat="41.640911" lon="2.633812">
        <ele>363.893</ele>
        <time>2026-05-10T16:12:47.867443044Z</time>
      </trkpt>
      <trkpt lat="41.640910" lon="2.633775">
        <ele>363.941</ele>
        <time>2026-05-10T16:13:27.867450067Z</time>
      </trkpt>
      <trkpt lat="41.640899" lon="2.633736">
        <ele>364.849</ele>
        <time>2026-05-10T16:14:07.867457131Z</time>
      </trkpt>
      <trkpt lat="41.640891" lon="2.633695">
        <ele>365.418</ele>
        <time>2026-05-10T16:14:47.867464053Z</time>
      </trkpt>
      <trkpt lat="41.640886" lon="2.633657">
        <ele>365.896</ele>
        <time>2026-05-10T16:15:27.867471027Z</time>
      </trkpt>
      <trkpt lat="41.640878" lon="2.633585">
        <ele>366.382</ele>
        <time>2026-05-10T16:16:07.867478Z</time>
      </trkpt>
      <trkpt lat="41.640918" lon="2.633592">
        <ele>363.213</ele>
        <time>2026-05-10T16:16:47.867484923Z</time>
      </trkpt>
      <trkpt lat="41.640925" lon="2.633628">
        <ele>362.757</ele>
        <time>2026-05-10T16:17:27.867491956Z</time>
      </trkpt>
      <trkpt lat="41.640931" lon="2.633671">
        <ele>362.350</ele>
        <time>2026-05-10T16:18:07.867498879Z</time>
      </trkpt>
      <trkpt lat="41.640944" lon="2.633743">
        <ele>361.273</ele>
        <time>2026-05-10T16:18:47.867505892Z</time>
      </trkpt>
      <trkpt lat="41.640973" lon="2.633798">
        <ele>358.985</ele>
        <time>2026-05-10T16:19:27.867512855Z</time>
      </trkpt>
      <trkpt lat="41.640997" lon="2.633847">
        <ele>357.013</ele>
        <time>2026-05-10T16:20:07.867519818Z</time>
      </trkpt>
      <trkpt lat="41.641026" lon="2.633911">
        <ele>355.009</ele>
        <time>2026-05-10T16:20:47.867526731Z</time>
      </trkpt>
      <trkpt lat="41.641039" lon="2.633945">
        <ele>354.428</ele>
        <time>2026-05-10T16:21:27.867533644Z</time>
      </trkpt>
      <trkpt lat="41.641056" lon="2.633979">
        <ele>353.486</ele>
        <time>2026-05-10T16:22:07.867540517Z</time>
      </trkpt>
      <trkpt lat="41.641082" lon="2.634033">
        <ele>351.964</ele>
        <time>2026-05-10T16:22:47.867547440Z</time>
      </trkpt>
      <trkpt lat="41.641104" lon="2.634065">
        <ele>350.513</ele>
        <time>2026-05-10T16:23:27.867554443Z</time>
      </trkpt>
      <trkpt lat="41.641123" lon="2.634103">
        <ele>349.491</ele>
        <time>2026-05-10T16:24:07.867561396Z</time>
      </trkpt>
      <trkpt lat="41.641138" lon="2.634134">
        <ele>348.667</ele>
        <time>2026-05-10T16:24:47.867568349Z</time>
      </trkpt>
      <trkpt lat="41.641168" lon="2.634187">
        <ele>346.858</ele>
        <time>2026-05-10T16:25:27.867575292Z</time>
      </trkpt>
      <trkpt lat="41.641198" lon="2.634253">
        <ele>345.092</ele>
        <time>2026-05-10T16:26:07.867582255Z</time>
      </trkpt>
      <trkpt lat="41.641208" lon="2.634294">
        <ele>344.615</ele>
        <time>2026-05-10T16:26:47.867589298Z</time>
      </trkpt>
      <trkpt lat="41.641223" lon="2.634326">
        <ele>343.869</ele>
        <time>2026-05-10T16:27:27.867596381Z</time>
      </trkpt>
      <trkpt lat="41.641248" lon="2.634390">
        <ele>342.604</ele>
        <time>2026-05-10T16:28:07.867603414Z</time>
      </trkpt>
      <trkpt lat="41.641263" lon="2.634427">
        <ele>342.024</ele>
        <time>2026-05-10T16:28:47.867610437Z</time>
      </trkpt>
      <trkpt lat="41.641264" lon="2.634469">
        <ele>342.209</ele>
        <time>2026-05-10T16:29:27.867617451Z</time>
      </trkpt>
      <trkpt lat="41.641274" lon="2.634543">
        <ele>341.857</ele>
        <time>2026-05-10T16:30:07.867624404Z</time>
      </trkpt>
      <trkpt lat="41.641284" lon="2.634580">
        <ele>341.325</ele>
        <time>2026-05-10T16:30:47.867631337Z</time>
      </trkpt>
      <trkpt lat="41.641296" lon="2.634650">
        <ele>340.883</ele>
        <time>2026-05-10T16:31:27.867638310Z</time>
      </trkpt>
      <trkpt lat="41.641301" lon="2.634685">
        <ele>340.662</ele>
        <time>2026-05-10T16:32:07.867646104Z</time>
      </trkpt>
      <trkpt lat="41.641315" lon="2.634723">
        <ele>339.860</ele>
        <time>2026-05-10T16:32:47.867653077Z</time>
      </trkpt>
      <trkpt lat="41.641327" lon="2.634760">
        <ele>339.376</ele>
        <time>2026-05-10T16:33:27.867660060Z</time>
      </trkpt>
      <trkpt lat="41.641337" lon="2.634798">
        <ele>338.937</ele>
        <time>2026-05-10T16:34:07.867667023Z</time>
      </trkpt>
      <trkpt lat="41.641348" lon="2.634834">
        <ele>338.461</ele>
        <time>2026-05-10T16:34:47.867673976Z</time>
      </trkpt>
      <trkpt lat="41.641354" lon="2.634871">
        <ele>338.374</ele>
        <time>2026-05-10T16:35:27.867680919Z</time>
      </trkpt>
      <trkpt lat="41.641377" lon="2.634934">
        <ele>337.395</ele>
        <time>2026-05-10T16:36:07.867687882Z</time>
      </trkpt>
      <trkpt lat="41.641381" lon="2.634975">
        <ele>337.349</ele>
        <time>2026-05-10T16:36:47.867694815Z</time>
      </trkpt>
      <trkpt lat="41.641397" lon="2.635043">
        <ele>336.623</ele>
        <time>2026-05-10T16:37:27.867701708Z</time>
      </trkpt>
      <trkpt lat="41.641397" lon="2.635086">
        <ele>336.609</ele>
        <time>2026-05-10T16:38:07.867708671Z</time>
      </trkpt>
      <trkpt lat="41.641419" lon="2.635111">
        <ele>335.380</ele>
        <time>2026-05-10T16:38:47.867715594Z</time>
      </trkpt>
      <trkpt lat="41.641444" lon="2.635094">
        <ele>334.098</ele>
        <time>2026-05-10T16:39:27.867722537Z</time>
      </trkpt>
      <trkpt lat="41.641438" lon="2.635053">
        <ele>334.366</ele>
        <time>2026-05-10T16:40:07.867729540Z</time>
      </trkpt>
      <trkpt lat="41.641435" lon="2.635010">
        <ele>334.565</ele>
        <time>2026-05-10T16:40:47.867736423Z</time>
      </trkpt>
      <trkpt lat="41.641441" lon="2.634971">
        <ele>334.043</ele>
        <time>2026-05-10T16:41:27.867743296Z</time>
      </trkpt>
      <trkpt lat="41.641446" lon="2.634935">
        <ele>333.449</ele>
        <time>2026-05-10T16:42:07.867750199Z</time>
      </trkpt>
      <trkpt lat="41.641447" lon="2.634895">
        <ele>333.160</ele>
        <time>2026-05-10T16:42:47.867757142Z</time>
      </trkpt>
      <trkpt lat="41.641447" lon="2.634823">
        <ele>332.674</ele>
        <time>2026-05-10T16:43:27.867764035Z</time>
      </trkpt>
      <trkpt lat="41.641453" lon="2.634757">
        <ele>331.857</ele>
        <time>2026-05-10T16:44:07.867770938Z</time>
      </trkpt>
      <trkpt lat="41.641452" lon="2.634717">
        <ele>331.665</ele>
        <time>2026-05-10T16:44:47.867777871Z</time>
      </trkpt>
      <trkpt lat="41.641461" lon="2.634681">
        <ele>330.968</ele>
        <time>2026-05-10T16:45:27.867784804Z</time>
      </trkpt>
      <trkpt lat="41.641470" lon="2.634606">
        <ele>330.114</ele>
        <time>2026-05-10T16:46:07.867791767Z</time>
      </trkpt>
      <trkpt lat="41.641477" lon="2.634570">
        <ele>329.509</ele>
        <time>2026-05-10T16:46:47.867798680Z</time>
      </trkpt>
      <trkpt lat="41.641477" lon="2.634528">
        <ele>329.347</ele>
        <time>2026-05-10T16:47:27.867806765Z</time>
      </trkpt>
      <trkpt lat="41.641489" lon="2.634457">
        <ele>328.325</ele>
        <time>2026-05-10T16:48:07.867815571Z</time>
      </trkpt>
      <trkpt lat="41.641499" lon="2.634416">
        <ele>327.393</ele>
        <time>2026-05-10T16:48:47.867822554Z</time>
      </trkpt>
      <trkpt lat="41.641495" lon="2.634380">
        <ele>327.122</ele>
        <time>2026-05-10T16:49:27.867829568Z</time>
      </trkpt>
      <trkpt lat="41.641493" lon="2.634338">
        <ele>326.860</ele>
        <time>2026-05-10T16:50:07.867836591Z</time>
      </trkpt>
      <trkpt lat="41.641491" lon="2.634266">
        <ele>326.056</ele>
        <time>2026-05-10T16:50:47.867849866Z</time>
      </trkpt>
      <trkpt lat="41.641500" lon="2.634232">
        <ele>325.287</ele>
        <time>2026-05-10T16:51:27.867857019Z</time>
      </trkpt>
      <trkpt lat="41.641508" lon="2.634167">
        <ele>324.041</ele>
        <time>2026-05-10T16:52:07.867863962Z</time>
      </trkpt>
      <trkpt lat="41.641506" lon="2.634130">
        <ele>324.064</ele>
        <time>2026-05-10T16:52:47.867870905Z</time>
      </trkpt>
      <trkpt lat="41.641512" lon="2.634068">
        <ele>323.413</ele>
        <time>2026-05-10T16:53:27.867878118Z</time>
      </trkpt>
      <trkpt lat="41.641520" lon="2.634028">
        <ele>322.943</ele>
        <time>2026-05-10T16:54:07.867885101Z</time>
      </trkpt>
      <trkpt lat="41.641507" lon="2.633979">
        <ele>323.407</ele>
        <time>2026-05-10T16:54:47.867892034Z</time>
      </trkpt>
      <trkpt lat="41.641506" lon="2.633912">
        <ele>323.209</ele>
        <time>2026-05-10T16:55:27.867898967Z</time>
      </trkpt>
      <trkpt lat="41.641498" lon="2.633870">
        <ele>323.412</ele>
        <time>2026-05-10T16:56:07.867905910Z</time>
      </trkpt>
      <trkpt lat="41.641506" lon="2.633805">
        <ele>322.670</ele>
        <time>2026-05-10T16:56:47.867912813Z</time>
      </trkpt>
      <trkpt lat="41.641521" lon="2.633768">
        <ele>321.718</ele>
        <time>2026-05-10T16:57:27.867919786Z</time>
      </trkpt>
      <trkpt lat="41.641534" lon="2.633734">
        <ele>320.917</ele>
        <time>2026-05-10T16:58:07.867926729Z</time>
      </trkpt>
      <trkpt lat="41.641536" lon="2.633696">
        <ele>320.615</ele>
        <time>2026-05-10T16:58:47.867933672Z</time>
      </trkpt>
      <trkpt lat="41.641554" lon="2.633628">
        <ele>319.421</ele>
        <time>2026-05-10T16:59:27.867940645Z</time>
      </trkpt>
      <trkpt lat="41.641567" lon="2.633595">
        <ele>318.772</ele>
        <time>2026-05-10T17:00:07.867947568Z</time>
      </trkpt>
      <trkpt lat="41.641584" lon="2.633562">
        <ele>317.986</ele>
        <time>2026-05-10T17:00:47.867954501Z</time>
      </trkpt>
      <trkpt lat="41.641594" lon="2.633528">
        <ele>317.389</ele>
        <time>2026-05-10T17:01:27.867961795Z</time>
      </trkpt>
      <trkpt lat="41.641602" lon="2.633492">
        <ele>316.912</ele>
        <time>2026-05-10T17:02:07.867968898Z</time>
      </trkpt>
      <trkpt lat="41.641613" lon="2.633453">
        <ele>316.332</ele>
        <time>2026-05-10T17:02:47.867975931Z</time>
      </trkpt>
      <trkpt lat="41.641625" lon="2.633417">
        <ele>315.605</ele>
        <time>2026-05-10T17:03:27.867982904Z</time>
      </trkpt>
      <trkpt lat="41.641636" lon="2.633381">
        <ele>314.909</ele>
        <time>2026-05-10T17:04:07.867989797Z</time>
      </trkpt>
      <trkpt lat="41.641649" lon="2.633345">
        <ele>314.162</ele>
        <time>2026-05-10T17:04:47.867996740Z</time>
      </trkpt>
      <trkpt lat="41.641679" lon="2.633292">
        <ele>312.390</ele>
        <time>2026-05-10T17:05:27.868007060Z</time>
      </trkpt>
      <trkpt lat="41.641705" lon="2.633229">
        <ele>311.178</ele>
        <time>2026-05-10T17:06:07.868019984Z</time>
      </trkpt>
      <trkpt lat="41.641724" lon="2.633191">
        <ele>310.237</ele>
        <time>2026-05-10T17:06:47.868027879Z</time>
      </trkpt>
      <trkpt lat="41.641757" lon="2.633127">
        <ele>308.835</ele>
        <time>2026-05-10T17:07:27.868034852Z</time>
      </trkpt>
      <trkpt lat="41.641771" lon="2.633083">
        <ele>308.311</ele>
        <time>2026-05-10T17:08:07.868041865Z</time>
      </trkpt>
      <trkpt lat="41.641786" lon="2.633043">
        <ele>307.722</ele>
        <time>2026-05-10T17:08:47.868048798Z</time>
      </trkpt>
      <trkpt lat="41.641803" lon="2.633001">
        <ele>306.946</ele>
        <time>2026-05-10T17:09:27.868055901Z</time>
      </trkpt>
      <trkpt lat="41.641815" lon="2.632966">
        <ele>306.329</ele>
        <time>2026-05-10T17:10:07.868062904Z</time>
      </trkpt>
      <trkpt lat="41.641819" lon="2.632928">
        <ele>306.158</ele>
        <time>2026-05-10T17:10:47.868069997Z</time>
      </trkpt>
      <trkpt lat="41.641826" lon="2.632886">
        <ele>305.752</ele>
        <time>2026-05-10T17:11:27.868077241Z</time>
      </trkpt>
      <trkpt lat="41.641837" lon="2.632811">
        <ele>305.017</ele>
        <time>2026-05-10T17:12:07.868084234Z</time>
      </trkpt>
      <trkpt lat="41.641846" lon="2.632773">
        <ele>304.609</ele>
        <time>2026-05-10T17:12:47.868091217Z</time>
      </trkpt>
      <trkpt lat="41.641856" lon="2.632733">
        <ele>304.566</ele>
        <time>2026-05-10T17:13:27.868098150Z</time>
      </trkpt>
      <trkpt lat="41.641857" lon="2.632685">
        <ele>304.774</ele>
        <time>2026-05-10T17:14:07.868105364Z</time>
      </trkpt>
      <trkpt lat="41.641866" lon="2.632621">
        <ele>304.882</ele>
        <time>2026-05-10T17:14:47.868112317Z</time>
      </trkpt>
      <trkpt lat="41.641876" lon="2.632587">
        <ele>304.781</ele>
        <time>2026-05-10T17:15:27.868119380Z</time>
      </trkpt>
      <trkpt lat="41.641891" lon="2.632520">
        <ele>304.659</ele>
        <time>2026-05-10T17:16:07.868126383Z</time>
      </trkpt>
      <trkpt lat="41.641900" lon="2.632477">
        <ele>304.465</ele>
        <time>2026-05-10T17:16:47.868133306Z</time>
      </trkpt>
      <trkpt lat="41.641911" lon="2.632437">
        <ele>303.946</ele>
        <time>2026-05-10T17:17:27.868140299Z</time>
      </trkpt>
      <trkpt lat="41.641918" lon="2.632400">
        <ele>303.630</ele>
        <time>2026-05-10T17:18:07.868147232Z</time>
      </trkpt>
      <trkpt lat="41.641930" lon="2.632332">
        <ele>303.043</ele>
        <time>2026-05-10T17:18:47.868154195Z</time>
      </trkpt>
      <trkpt lat="41.641945" lon="2.632287">
        <ele>302.259</ele>
        <time>2026-05-10T17:19:27.868161188Z</time>
      </trkpt>
      <trkpt lat="41.641942" lon="2.632248">
        <ele>302.203</ele>
        <time>2026-05-10T17:20:07.868168221Z</time>
      </trkpt>
      <trkpt lat="41.641934" lon="2.632180">
        <ele>302.523</ele>
        <time>2026-05-10T17:20:47.868175144Z</time>
      </trkpt>
      <trkpt lat="41.641942" lon="2.632120">
        <ele>302.109</ele>
        <time>2026-05-10T17:21:27.868182087Z</time>
      </trkpt>
      <trkpt lat="41.641951" lon="2.632082">
        <ele>301.756</ele>
        <time>2026-05-10T17:22:07.868189962Z</time>
      </trkpt>
      <trkpt lat="41.641973" lon="2.632016">
        <ele>300.884</ele>
        <time>2026-05-10T17:22:47.868196875Z</time>
      </trkpt>
      <trkpt lat="41.642010" lon="2.631960">
        <ele>299.232</ele>
        <time>2026-05-10T17:23:27.868203798Z</time>
      </trkpt>
      <trkpt lat="41.642030" lon="2.631925">
        <ele>298.331</ele>
        <time>2026-05-10T17:24:07.868210721Z</time>
      </trkpt>
      <trkpt lat="41.642048" lon="2.631890">
        <ele>297.499</ele>
        <time>2026-05-10T17:24:47.868217684Z</time>
      </trkpt>
      <trkpt lat="41.642072" lon="2.631863">
        <ele>296.295</ele>
        <time>2026-05-10T17:25:27.868224617Z</time>
      </trkpt>
      <trkpt lat="41.642107" lon="2.631807">
        <ele>294.436</ele>
        <time>2026-05-10T17:26:07.868231550Z</time>
      </trkpt>
      <trkpt lat="41.642126" lon="2.631770">
        <ele>293.310</ele>
        <time>2026-05-10T17:26:47.868238543Z</time>
      </trkpt>
      <trkpt lat="41.642150" lon="2.631737">
        <ele>292.053</ele>
        <time>2026-05-10T17:27:27.868245436Z</time>
      </trkpt>
      <trkpt lat="41.642167" lon="2.631704">
        <ele>291.092</ele>
        <time>2026-05-10T17:28:07.868252389Z</time>
      </trkpt>
      <trkpt lat="41.642179" lon="2.631667">
        <ele>290.273</ele>
        <time>2026-05-10T17:28:47.868259372Z</time>
      </trkpt>
      <trkpt lat="41.642200" lon="2.631639">
        <ele>289.120</ele>
        <time>2026-05-10T17:29:27.868266285Z</time>
      </trkpt>
      <trkpt lat="41.642222" lon="2.631616">
        <ele>288.009</ele>
        <time>2026-05-10T17:30:07.868278868Z</time>
      </trkpt>
      <trkpt lat="41.642249" lon="2.631587">
        <ele>287.390</ele>
        <time>2026-05-10T17:30:47.868285841Z</time>
      </trkpt>
      <trkpt lat="41.642271" lon="2.631566">
        <ele>286.658</ele>
        <time>2026-05-10T17:31:27.868292784Z</time>
      </trkpt>
      <trkpt lat="41.642283" lon="2.631528">
        <ele>286.376</ele>
        <time>2026-05-10T17:32:07.868299687Z</time>
      </trkpt>
      <trkpt lat="41.642295" lon="2.631495">
        <ele>285.815</ele>
        <time>2026-05-10T17:32:47.868306570Z</time>
      </trkpt>
      <trkpt lat="41.642301" lon="2.631451">
        <ele>285.673</ele>
        <time>2026-05-10T17:33:27.868313483Z</time>
      </trkpt>
      <trkpt lat="41.642309" lon="2.631390">
        <ele>285.299</ele>
        <time>2026-05-10T17:34:07.868320466Z</time>
      </trkpt>
      <trkpt lat="41.642316" lon="2.631350">
        <ele>285.030</ele>
        <time>2026-05-10T17:34:47.868327449Z</time>
      </trkpt>
      <trkpt lat="41.642312" lon="2.631308">
        <ele>285.284</ele>
        <time>2026-05-10T17:35:27.868334432Z</time>
      </trkpt>
      <trkpt lat="41.642306" lon="2.631242">
        <ele>285.587</ele>
        <time>2026-05-10T17:36:07.868341445Z</time>
      </trkpt>
      <trkpt lat="41.642305" lon="2.631204">
        <ele>285.686</ele>
        <time>2026-05-10T17:36:47.868348559Z</time>
      </trkpt>
      <trkpt lat="41.642309" lon="2.631161">
        <ele>285.560</ele>
        <time>2026-05-10T17:37:27.868355542Z</time>
      </trkpt>
      <trkpt lat="41.642310" lon="2.631118">
        <ele>285.526</ele>
        <time>2026-05-10T17:38:07.868362515Z</time>
      </trkpt>
      <trkpt lat="41.642317" lon="2.631082">
        <ele>285.609</ele>
        <time>2026-05-10T17:38:47.868369428Z</time>
      </trkpt>
      <trkpt lat="41.642332" lon="2.631017">
        <ele>285.719</ele>
        <time>2026-05-10T17:39:27.868376361Z</time>
      </trkpt>
      <trkpt lat="41.642338" lon="2.630981">
        <ele>285.887</ele>
        <time>2026-05-10T17:40:07.868383224Z</time>
      </trkpt>
      <trkpt lat="41.642359" lon="2.630917">
        <ele>285.755</ele>
        <time>2026-05-10T17:40:47.868390157Z</time>
      </trkpt>
      <trkpt lat="41.642372" lon="2.630874">
        <ele>285.614</ele>
        <time>2026-05-10T17:41:27.868397009Z</time>
      </trkpt>
      <trkpt lat="41.642387" lon="2.630835">
        <ele>285.572</ele>
        <time>2026-05-10T17:42:07.868403973Z</time>
      </trkpt>
      <trkpt lat="41.642404" lon="2.630799">
        <ele>285.348</ele>
        <time>2026-05-10T17:42:47.868410905Z</time>
      </trkpt>
      <trkpt lat="41.642419" lon="2.630762">
        <ele>285.279</ele>
        <time>2026-05-10T17:43:27.868417919Z</time>
      </trkpt>
      <trkpt lat="41.642447" lon="2.630711">
        <ele>284.893</ele>
        <time>2026-05-10T17:44:07.868424832Z</time>
      </trkpt>
      <trkpt lat="41.642477" lon="2.630684">
        <ele>284.076</ele>
        <time>2026-05-10T17:44:47.868431785Z</time>
      </trkpt>
      <trkpt lat="41.642519" lon="2.630652">
        <ele>283.217</ele>
        <time>2026-05-10T17:45:27.868438808Z</time>
      </trkpt>
      <trkpt lat="41.642549" lon="2.630632">
        <ele>282.787</ele>
        <time>2026-05-10T17:46:07.868445781Z</time>
      </trkpt>
      <trkpt lat="41.642575" lon="2.630613">
        <ele>282.315</ele>
        <time>2026-05-10T17:46:47.868452754Z</time>
      </trkpt>
      <trkpt lat="41.642604" lon="2.630598">
        <ele>281.809</ele>
        <time>2026-05-10T17:47:27.868459687Z</time>
      </trkpt>
      <trkpt lat="41.642626" lon="2.630574">
        <ele>281.622</ele>
        <time>2026-05-10T17:48:07.868466690Z</time>
      </trkpt>
      <trkpt lat="41.642650" lon="2.630547">
        <ele>281.380</ele>
        <time>2026-05-10T17:48:47.868473593Z</time>
      </trkpt>
      <trkpt lat="41.642677" lon="2.630532">
        <ele>280.898</ele>
        <time>2026-05-10T17:49:27.868480516Z</time>
      </trkpt>
      <trkpt lat="41.642707" lon="2.630520">
        <ele>280.237</ele>
        <time>2026-05-10T17:50:07.868487849Z</time>
      </trkpt>
      <trkpt lat="41.642753" lon="2.630479">
        <ele>279.515</ele>
        <time>2026-05-10T17:50:47.868494712Z</time>
      </trkpt>
      <trkpt lat="41.642781" lon="2.630456">
        <ele>279.031</ele>
        <time>2026-05-10T17:51:27.868501605Z</time>
      </trkpt>
      <trkpt lat="41.642803" lon="2.630433">
        <ele>278.592</ele>
        <time>2026-05-10T17:52:07.868508508Z</time>
      </trkpt>
      <trkpt lat="41.642831" lon="2.630421">
        <ele>277.686</ele>
        <time>2026-05-10T17:52:47.868515431Z</time>
      </trkpt>
      <trkpt lat="41.642852" lon="2.630395">
        <ele>277.179</ele>
        <time>2026-05-10T17:53:27.868522324Z</time>
      </trkpt>
      <trkpt lat="41.642893" lon="2.630344">
        <ele>276.089</ele>
        <time>2026-05-10T17:54:07.868529277Z</time>
      </trkpt>
      <trkpt lat="41.642915" lon="2.630319">
        <ele>275.306</ele>
        <time>2026-05-10T17:54:47.868536380Z</time>
      </trkpt>
      <trkpt lat="41.642946" lon="2.630268">
        <ele>274.426</ele>
        <time>2026-05-10T17:55:27.868543313Z</time>
      </trkpt>
      <trkpt lat="41.642960" lon="2.630234">
        <ele>274.009</ele>
        <time>2026-05-10T17:56:07.868550206Z</time>
      </trkpt>
      <trkpt lat="41.642959" lon="2.630192">
        <ele>274.249</ele>
        <time>2026-05-10T17:56:47.868557239Z</time>
      </trkpt>
      <trkpt lat="41.642964" lon="2.630155">
        <ele>274.217</ele>
        <time>2026-05-10T17:57:27.868564142Z</time>
      </trkpt>
      <trkpt lat="41.642967" lon="2.630115">
        <ele>274.375</ele>
        <time>2026-05-10T17:58:07.868571105Z</time>
      </trkpt>
      <trkpt lat="41.642972" lon="2.630072">
        <ele>274.324</ele>
        <time>2026-05-10T17:58:47.868578108Z</time>
      </trkpt>
      <trkpt lat="41.642983" lon="2.630035">
        <ele>274.252</ele>
        <time>2026-05-10T17:59:27.868585112Z</time>
      </trkpt>
      <trkpt lat="41.642998" lon="2.630004">
        <ele>273.868</ele>
        <time>2026-05-10T18:00:07.868591984Z</time>
      </trkpt>
      <trkpt lat="41.643011" lon="2.629963">
        <ele>273.349</ele>
        <time>2026-05-10T18:00:47.868598997Z</time>
      </trkpt>
      <trkpt lat="41.643022" lon="2.629930">
        <ele>272.843</ele>
        <time>2026-05-10T18:01:27.868606011Z</time>
      </trkpt>
      <trkpt lat="41.643037" lon="2.629898">
        <ele>272.226</ele>
        <time>2026-05-10T18:02:07.868612924Z</time>
      </trkpt>
      <trkpt lat="41.643048" lon="2.629864">
        <ele>271.723</ele>
        <time>2026-05-10T18:02:47.868619887Z</time>
      </trkpt>
      <trkpt lat="41.643052" lon="2.629826">
        <ele>271.583</ele>
        <time>2026-05-10T18:03:27.868626890Z</time>
      </trkpt>
      <trkpt lat="41.643049" lon="2.629783">
        <ele>271.411</ele>
        <time>2026-05-10T18:04:07.868633763Z</time>
      </trkpt>
      <trkpt lat="41.643036" lon="2.629746">
        <ele>271.609</ele>
        <time>2026-05-10T18:04:47.868640726Z</time>
      </trkpt>
      <trkpt lat="41.643048" lon="2.629678">
        <ele>270.983</ele>
        <time>2026-05-10T18:05:27.868647659Z</time>
      </trkpt>
      <trkpt lat="41.643069" lon="2.629653">
        <ele>270.611</ele>
        <time>2026-05-10T18:06:07.868654541Z</time>
      </trkpt>
      <trkpt lat="41.643094" lon="2.629635">
        <ele>270.879</ele>
        <time>2026-05-10T18:06:47.868661474Z</time>
      </trkpt>
      <trkpt lat="41.643119" lon="2.629614">
        <ele>270.918</ele>
        <time>2026-05-10T18:07:27.868668377Z</time>
      </trkpt>
      <trkpt lat="41.643174" lon="2.629603">
        <ele>271.596</ele>
        <time>2026-05-10T18:08:07.868675250Z</time>
      </trkpt>
      <trkpt lat="41.643213" lon="2.629582">
        <ele>272.072</ele>
        <time>2026-05-10T18:08:47.868682133Z</time>
      </trkpt>
      <trkpt lat="41.643253" lon="2.629542">
        <ele>272.553</ele>
        <time>2026-05-10T18:09:27.868694757Z</time>
      </trkpt>
      <trkpt lat="41.643266" lon="2.629506">
        <ele>272.727</ele>
        <time>2026-05-10T18:10:07.868701740Z</time>
      </trkpt>
      <trkpt lat="41.643306" lon="2.629449">
        <ele>273.550</ele>
        <time>2026-05-10T18:10:47.868708703Z</time>
      </trkpt>
      <trkpt lat="41.643354" lon="2.629424">
        <ele>274.251</ele>
        <time>2026-05-10T18:11:27.868715786Z</time>
      </trkpt>
      <trkpt lat="41.643382" lon="2.629424">
        <ele>274.801</ele>
        <time>2026-05-10T18:12:07.868723150Z</time>
      </trkpt>
      <trkpt lat="41.643410" lon="2.629434">
        <ele>275.511</ele>
        <time>2026-05-10T18:12:47.868730173Z</time>
      </trkpt>
      <trkpt lat="41.643440" lon="2.629459">
        <ele>276.209</ele>
        <time>2026-05-10T18:13:27.868737146Z</time>
      </trkpt>
      <trkpt lat="41.643470" lon="2.629468">
        <ele>276.896</ele>
        <time>2026-05-10T18:14:07.868744139Z</time>
      </trkpt>
      <trkpt lat="41.643528" lon="2.629500">
        <ele>277.944</ele>
        <time>2026-05-10T18:14:47.868751102Z</time>
      </trkpt>
      <trkpt lat="41.643577" lon="2.629506">
        <ele>278.832</ele>
        <time>2026-05-10T18:15:27.868758015Z</time>
      </trkpt>
      <trkpt lat="41.643619" lon="2.629481">
        <ele>279.981</ele>
        <time>2026-05-10T18:16:07.868764958Z</time>
      </trkpt>
      <trkpt lat="41.643646" lon="2.629469">
        <ele>280.619</ele>
        <time>2026-05-10T18:16:47.868771881Z</time>
      </trkpt>
      <trkpt lat="41.643692" lon="2.629473">
        <ele>281.575</ele>
        <time>2026-05-10T18:17:27.868778884Z</time>
      </trkpt>
      <trkpt lat="41.643741" lon="2.629482">
        <ele>282.576</ele>
        <time>2026-05-10T18:18:07.868785807Z</time>
      </trkpt>
      <trkpt lat="41.643791" lon="2.629497">
        <ele>283.490</ele>
        <time>2026-05-10T18:18:47.868792770Z</time>
      </trkpt>
      <trkpt lat="41.643817" lon="2.629509">
        <ele>283.823</ele>
        <time>2026-05-10T18:19:27.868799663Z</time>
      </trkpt>
      <trkpt lat="41.643847" lon="2.629516">
        <ele>284.498</ele>
        <time>2026-05-10T18:20:07.868806646Z</time>
      </trkpt>
      <trkpt lat="41.643900" lon="2.629517">
        <ele>285.415</ele>
        <time>2026-05-10T18:20:47.868813619Z</time>
      </trkpt>
      <trkpt lat="41.643951" lon="2.629510">
        <ele>286.426</ele>
        <time>2026-05-10T18:21:27.868820552Z</time>
      </trkpt>
      <trkpt lat="41.643996" lon="2.629490">
        <ele>287.409</ele>
        <time>2026-05-10T18:22:07.868827495Z</time>
      </trkpt>
      <trkpt lat="41.644007" lon="2.629441">
        <ele>288.180</ele>
        <time>2026-05-10T18:22:47.868834428Z</time>
      </trkpt>
      <trkpt lat="41.643999" lon="2.629382">
        <ele>287.418</ele>
        <time>2026-05-10T18:23:27.868841311Z</time>
      </trkpt>
      <trkpt lat="41.644019" lon="2.629323">
        <ele>287.396</ele>
        <time>2026-05-10T18:24:07.868848244Z</time>
      </trkpt>
      <trkpt lat="41.644003" lon="2.629272">
        <ele>286.685</ele>
        <time>2026-05-10T18:24:47.868855217Z</time>
      </trkpt>
      <trkpt lat="41.643965" lon="2.629187">
        <ele>285.393</ele>
        <time>2026-05-10T18:25:27.868862110Z</time>
      </trkpt>
      <trkpt lat="41.643942" lon="2.629150">
        <ele>284.489</ele>
        <time>2026-05-10T18:26:07.868869103Z</time>
      </trkpt>
      <trkpt lat="41.643949" lon="2.629170">
        <ele>284.960</ele>
        <time>2026-05-10T18:26:47.868876016Z</time>
      </trkpt>
      <trkpt lat="41.643970" lon="2.629202">
        <ele>285.584</ele>
        <time>2026-05-10T18:27:27.868882969Z</time>
      </trkpt>
      <trkpt lat="41.643997" lon="2.629259">
        <ele>286.447</ele>
        <time>2026-05-10T18:28:07.868889972Z</time>
      </trkpt>
      <trkpt lat="41.644000" lon="2.629318">
        <ele>286.981</ele>
        <time>2026-05-10T18:28:47.868897095Z</time>
      </trkpt>
      <trkpt lat="41.643999" lon="2.629391">
        <ele>287.561</ele>
        <time>2026-05-10T18:29:27.868904109Z</time>
      </trkpt>
      <trkpt lat="41.644013" lon="2.629463">
        <ele>288.017</ele>
        <time>2026-05-10T18:30:07.868911011Z</time>
      </trkpt>
      <trkpt lat="41.644005" lon="2.629498">
        <ele>287.409</ele>
        <time>2026-05-10T18:30:47.868917924Z</time>
      </trkpt>
      <trkpt lat="41.643959" lon="2.629530">
        <ele>286.319</ele>
        <time>2026-05-10T18:31:27.868924847Z</time>
      </trkpt>
      <trkpt lat="41.643905" lon="2.629539">
        <ele>285.297</ele>
        <time>2026-05-10T18:32:07.868931770Z</time>
      </trkpt>
      <trkpt lat="41.643852" lon="2.629535">
        <ele>284.375</ele>
        <time>2026-05-10T18:32:47.868938713Z</time>
      </trkpt>
      <trkpt lat="41.643801" lon="2.629517">
        <ele>283.444</ele>
        <time>2026-05-10T18:33:27.868945586Z</time>
      </trkpt>
      <trkpt lat="41.643753" lon="2.629500">
        <ele>282.622</ele>
        <time>2026-05-10T18:34:07.868956767Z</time>
      </trkpt>
      <trkpt lat="41.643710" lon="2.629487">
        <ele>281.848</ele>
        <time>2026-05-10T18:34:47.868963820Z</time>
      </trkpt>
      <trkpt lat="41.643664" lon="2.629478">
        <ele>280.969</ele>
        <time>2026-05-10T18:35:27.868975262Z</time>
      </trkpt>
      <trkpt lat="41.643619" lon="2.629496">
        <ele>279.853</ele>
        <time>2026-05-10T18:36:07.868984729Z</time>
      </trkpt>
      <trkpt lat="41.643573" lon="2.629516">
        <ele>278.796</ele>
        <time>2026-05-10T18:36:47.868991712Z</time>
      </trkpt>
      <trkpt lat="41.643525" lon="2.629505">
        <ele>277.881</ele>
        <time>2026-05-10T18:37:27.869002543Z</time>
      </trkpt>
      <trkpt lat="41.643496" lon="2.629486">
        <ele>277.361</ele>
        <time>2026-05-10T18:38:07.869009516Z</time>
      </trkpt>
      <trkpt lat="41.643466" lon="2.629470">
        <ele>276.717</ele>
        <time>2026-05-10T18:38:47.869019585Z</time>
      </trkpt>
      <trkpt lat="41.643431" lon="2.629450">
        <ele>276.109</ele>
        <time>2026-05-10T18:39:27.869028732Z</time>
      </trkpt>
      <trkpt lat="41.643401" lon="2.629430">
        <ele>275.399</ele>
        <time>2026-05-10T18:40:07.869035755Z</time>
      </trkpt>
      <trkpt lat="41.643374" lon="2.629425">
        <ele>274.667</ele>
        <time>2026-05-10T18:40:47.869045834Z</time>
      </trkpt>
      <trkpt lat="41.643346" lon="2.629431">
        <ele>274.185</ele>
        <time>2026-05-10T18:41:27.869052767Z</time>
      </trkpt>
      <trkpt lat="41.643318" lon="2.629442">
        <ele>273.714</ele>
        <time>2026-05-10T18:42:07.869059720Z</time>
      </trkpt>
      <trkpt lat="41.643278" lon="2.629486">
        <ele>272.972</ele>
        <time>2026-05-10T18:42:47.869069478Z</time>
      </trkpt>
      <trkpt lat="41.643247" lon="2.629543">
        <ele>272.498</ele>
        <time>2026-05-10T18:43:27.869078515Z</time>
      </trkpt>
      <trkpt lat="41.643198" lon="2.629583">
        <ele>271.899</ele>
        <time>2026-05-10T18:44:07.869085458Z</time>
      </trkpt>
      <trkpt lat="41.643163" lon="2.629603">
        <ele>271.413</ele>
        <time>2026-05-10T18:44:47.869095437Z</time>
      </trkpt>
      <trkpt lat="41.643137" lon="2.629627">
        <ele>271.266</ele>
        <time>2026-05-10T18:45:27.869104634Z</time>
      </trkpt>
      <trkpt lat="41.643113" lon="2.629643">
        <ele>271.046</ele>
        <time>2026-05-10T18:46:07.869111717Z</time>
      </trkpt>
      <trkpt lat="41.643084" lon="2.629657">
        <ele>270.888</ele>
        <time>2026-05-10T18:46:47.869118650Z</time>
      </trkpt>
      <trkpt lat="41.643062" lon="2.629677">
        <ele>270.716</ele>
        <time>2026-05-10T18:47:27.869128168Z</time>
      </trkpt>
      <trkpt lat="41.643049" lon="2.629728">
        <ele>271.209</ele>
        <time>2026-05-10T18:48:07.869137245Z</time>
      </trkpt>
      <trkpt lat="41.643055" lon="2.629764">
        <ele>271.235</ele>
        <time>2026-05-10T18:48:47.869152734Z</time>
      </trkpt>
      <trkpt lat="41.643066" lon="2.629821">
        <ele>271.483</ele>
        <time>2026-05-10T18:49:27.869159677Z</time>
      </trkpt>
      <trkpt lat="41.643059" lon="2.629861">
        <ele>271.581</ele>
        <time>2026-05-10T18:50:07.869166610Z</time>
      </trkpt>
      <trkpt lat="41.643047" lon="2.629929">
        <ele>272.060</ele>
        <time>2026-05-10T18:50:47.869176248Z</time>
      </trkpt>
      <trkpt lat="41.643030" lon="2.629992">
        <ele>272.828</ele>
        <time>2026-05-10T18:51:27.869183181Z</time>
      </trkpt>
      <trkpt lat="41.643022" lon="2.630030">
        <ele>272.934</ele>
        <time>2026-05-10T18:52:07.869192067Z</time>
      </trkpt>
      <trkpt lat="41.643016" lon="2.630067">
        <ele>272.965</ele>
        <time>2026-05-10T18:52:47.869201355Z</time>
      </trkpt>
      <trkpt lat="41.643006" lon="2.630134">
        <ele>272.869</ele>
        <time>2026-05-10T18:53:27.869208338Z</time>
      </trkpt>
      <trkpt lat="41.642995" lon="2.630204">
        <ele>272.852</ele>
        <time>2026-05-10T18:54:07.869217214Z</time>
      </trkpt>
      <trkpt lat="41.642983" lon="2.630242">
        <ele>273.185</ele>
        <time>2026-05-10T18:54:47.869227123Z</time>
      </trkpt>
      <trkpt lat="41.642967" lon="2.630289">
        <ele>273.589</ele>
        <time>2026-05-10T18:55:27.869234226Z</time>
      </trkpt>
      <trkpt lat="41.642946" lon="2.630328">
        <ele>274.117</ele>
        <time>2026-05-10T18:56:07.869241149Z</time>
      </trkpt>
      <trkpt lat="41.642923" lon="2.630356">
        <ele>274.809</ele>
        <time>2026-05-10T18:56:47.869250687Z</time>
      </trkpt>
      <trkpt lat="41.642896" lon="2.630379">
        <ele>275.739</ele>
        <time>2026-05-10T18:57:27.869257690Z</time>
      </trkpt>
      <trkpt lat="41.642853" lon="2.630383">
        <ele>277.287</ele>
        <time>2026-05-10T18:58:07.869264643Z</time>
      </trkpt>
      <trkpt lat="41.642817" lon="2.630425">
        <ele>278.135</ele>
        <time>2026-05-10T18:58:47.869274101Z</time>
      </trkpt>
      <trkpt lat="41.642769" lon="2.630457">
        <ele>279.334</ele>
        <time>2026-05-10T18:59:27.869281665Z</time>
      </trkpt>
      <trkpt lat="41.642744" lon="2.630473">
        <ele>279.832</ele>
        <time>2026-05-10T19:00:07.869288618Z</time>
      </trkpt>
      <trkpt lat="41.642717" lon="2.630497">
        <ele>280.278</ele>
        <time>2026-05-10T19:00:47.869298056Z</time>
      </trkpt>
      <trkpt lat="41.642669" lon="2.630528">
        <ele>281.129</ele>
        <time>2026-05-10T19:01:27.869305079Z</time>
      </trkpt>
      <trkpt lat="41.642642" lon="2.630552">
        <ele>281.563</ele>
        <time>2026-05-10T19:02:07.869312463Z</time>
      </trkpt>
      <trkpt lat="41.642616" lon="2.630576">
        <ele>281.886</ele>
        <time>2026-05-10T19:02:47.869319426Z</time>
      </trkpt>
      <trkpt lat="41.642569" lon="2.630627">
        <ele>282.335</ele>
        <time>2026-05-10T19:03:27.869326569Z</time>
      </trkpt>
      <trkpt lat="41.642524" lon="2.630664">
        <ele>282.986</ele>
        <time>2026-05-10T19:04:07.869333612Z</time>
      </trkpt>
      <trkpt lat="41.642497" lon="2.630693">
        <ele>283.114</ele>
        <time>2026-05-10T19:04:47.869340545Z</time>
      </trkpt>
      <trkpt lat="41.642471" lon="2.630717">
        <ele>283.809</ele>
        <time>2026-05-10T19:05:27.869347508Z</time>
      </trkpt>
      <trkpt lat="41.642457" lon="2.630749">
        <ele>283.954</ele>
        <time>2026-05-10T19:06:07.869354441Z</time>
      </trkpt>
      <trkpt lat="41.642427" lon="2.630800">
        <ele>284.352</ele>
        <time>2026-05-10T19:06:47.869361384Z</time>
      </trkpt>
      <trkpt lat="41.642408" lon="2.630834">
        <ele>284.660</ele>
        <time>2026-05-10T19:07:27.869368377Z</time>
      </trkpt>
      <trkpt lat="41.642387" lon="2.630897">
        <ele>284.849</ele>
        <time>2026-05-10T19:08:07.869375350Z</time>
      </trkpt>
      <trkpt lat="41.642362" lon="2.630956">
        <ele>285.127</ele>
        <time>2026-05-10T19:08:47.869382243Z</time>
      </trkpt>
      <trkpt lat="41.642356" lon="2.630994">
        <ele>285.013</ele>
        <time>2026-05-10T19:09:27.869389176Z</time>
      </trkpt>
      <trkpt lat="41.642343" lon="2.631064">
        <ele>284.764</ele>
        <time>2026-05-10T19:10:07.869396119Z</time>
      </trkpt>
      <trkpt lat="41.642336" lon="2.631100">
        <ele>284.648</ele>
        <time>2026-05-10T19:10:47.869403092Z</time>
      </trkpt>
      <trkpt lat="41.642330" lon="2.631141">
        <ele>284.721</ele>
        <time>2026-05-10T19:11:27.869410075Z</time>
      </trkpt>
      <trkpt lat="41.642335" lon="2.631181">
        <ele>284.513</ele>
        <time>2026-05-10T19:12:07.869417139Z</time>
      </trkpt>
      <trkpt lat="41.642339" lon="2.631228">
        <ele>284.343</ele>
        <time>2026-05-10T19:12:47.869424152Z</time>
      </trkpt>
      <trkpt lat="41.642336" lon="2.631275">
        <ele>284.407</ele>
        <time>2026-05-10T19:13:27.869431115Z</time>
      </trkpt>
      <trkpt lat="41.642332" lon="2.631316">
        <ele>284.509</ele>
        <time>2026-05-10T19:14:07.869438118Z</time>
      </trkpt>
      <trkpt lat="41.642332" lon="2.631356">
        <ele>284.582</ele>
        <time>2026-05-10T19:14:47.869445081Z</time>
      </trkpt>
      <trkpt lat="41.642331" lon="2.631393">
        <ele>284.520</ele>
        <time>2026-05-10T19:15:27.869452004Z</time>
      </trkpt>
      <trkpt lat="41.642310" lon="2.631458">
        <ele>285.348</ele>
        <time>2026-05-10T19:16:07.869458977Z</time>
      </trkpt>
      <trkpt lat="41.642303" lon="2.631494">
        <ele>285.687</ele>
        <time>2026-05-10T19:16:47.869465920Z</time>
      </trkpt>
      <trkpt lat="41.642294" lon="2.631531">
        <ele>285.945</ele>
        <time>2026-05-10T19:17:27.869472893Z</time>
      </trkpt>
      <trkpt lat="41.642268" lon="2.631592">
        <ele>286.861</ele>
        <time>2026-05-10T19:18:07.869479826Z</time>
      </trkpt>
      <trkpt lat="41.642249" lon="2.631623">
        <ele>287.352</ele>
        <time>2026-05-10T19:18:47.869486969Z</time>
      </trkpt>
      <trkpt lat="41.642212" lon="2.631664">
        <ele>288.556</ele>
        <time>2026-05-10T19:19:27.869493942Z</time>
      </trkpt>
      <trkpt lat="41.642173" lon="2.631713">
        <ele>290.879</ele>
        <time>2026-05-10T19:20:07.869500945Z</time>
      </trkpt>
      <trkpt lat="41.642151" lon="2.631740">
        <ele>292.044</ele>
        <time>2026-05-10T19:20:47.869508039Z</time>
      </trkpt>
      <trkpt lat="41.642135" lon="2.631771">
        <ele>292.905</ele>
        <time>2026-05-10T19:21:27.869515022Z</time>
      </trkpt>
      <trkpt lat="41.642108" lon="2.631825">
        <ele>294.415</ele>
        <time>2026-05-10T19:22:07.869522125Z</time>
      </trkpt>
      <trkpt lat="41.642083" lon="2.631877">
        <ele>295.809</ele>
        <time>2026-05-10T19:22:47.869529068Z</time>
      </trkpt>
      <trkpt lat="41.642064" lon="2.631904">
        <ele>296.715</ele>
        <time>2026-05-10T19:23:27.869536041Z</time>
      </trkpt>
      <trkpt lat="41.642043" lon="2.631933">
        <ele>297.723</ele>
        <time>2026-05-10T19:24:07.869542924Z</time>
      </trkpt>
      <trkpt lat="41.642026" lon="2.631967">
        <ele>298.591</ele>
        <time>2026-05-10T19:24:47.869549857Z</time>
      </trkpt>
      <trkpt lat="41.642007" lon="2.631992">
        <ele>299.480</ele>
        <time>2026-05-10T19:25:27.869556770Z</time>
      </trkpt>
      <trkpt lat="41.641984" lon="2.632058">
        <ele>300.468</ele>
        <time>2026-05-10T19:26:07.869563643Z</time>
      </trkpt>
      <trkpt lat="41.641971" lon="2.632114">
        <ele>301.084</ele>
        <time>2026-05-10T19:26:47.869570616Z</time>
      </trkpt>
      <trkpt lat="41.641967" lon="2.632150">
        <ele>301.165</ele>
        <time>2026-05-10T19:27:27.869577539Z</time>
      </trkpt>
      <trkpt lat="41.641969" lon="2.632214">
        <ele>301.159</ele>
        <time>2026-05-10T19:28:07.869590603Z</time>
      </trkpt>
      <trkpt lat="41.641978" lon="2.632251">
        <ele>300.912</ele>
        <time>2026-05-10T19:28:47.869597586Z</time>
      </trkpt>
      <trkpt lat="41.641982" lon="2.632290">
        <ele>300.838</ele>
        <time>2026-05-10T19:29:27.869604599Z</time>
      </trkpt>
      <trkpt lat="41.641988" lon="2.632326">
        <ele>300.770</ele>
        <time>2026-05-10T19:30:07.869611512Z</time>
      </trkpt>
      <trkpt lat="41.641996" lon="2.632397">
        <ele>300.517</ele>
        <time>2026-05-10T19:30:47.869618505Z</time>
      </trkpt>
      <trkpt lat="41.641998" lon="2.632466">
        <ele>300.609</ele>
        <time>2026-05-10T19:31:27.869625428Z</time>
      </trkpt>
      <trkpt lat="41.642003" lon="2.632512">
        <ele>300.434</ele>
        <time>2026-05-10T19:32:07.869632401Z</time>
      </trkpt>
      <trkpt lat="41.642000" lon="2.632559">
        <ele>300.362</ele>
        <time>2026-05-10T19:32:47.869639455Z</time>
      </trkpt>
      <trkpt lat="41.641997" lon="2.632604">
        <ele>300.170</ele>
        <time>2026-05-10T19:33:27.869646458Z</time>
      </trkpt>
      <trkpt lat="41.641994" lon="2.632650">
        <ele>300.049</ele>
        <time>2026-05-10T19:34:07.869653531Z</time>
      </trkpt>
      <trkpt lat="41.641995" lon="2.632725">
        <ele>299.597</ele>
        <time>2026-05-10T19:34:47.869660584Z</time>
      </trkpt>
      <trkpt lat="41.641997" lon="2.632766">
        <ele>299.273</ele>
        <time>2026-05-10T19:35:27.869667597Z</time>
      </trkpt>
      <trkpt lat="41.642001" lon="2.632810">
        <ele>299.134</ele>
        <time>2026-05-10T19:36:07.869674610Z</time>
      </trkpt>
      <trkpt lat="41.642002" lon="2.632851">
        <ele>299.128</ele>
        <time>2026-05-10T19:36:47.869681574Z</time>
      </trkpt>
      <trkpt lat="41.642003" lon="2.632894">
        <ele>299.221</ele>
        <time>2026-05-10T19:37:27.869688506Z</time>
      </trkpt>
      <trkpt lat="41.642004" lon="2.632934">
        <ele>299.369</ele>
        <time>2026-05-10T19:38:07.869695560Z</time>
      </trkpt>
      <trkpt lat="41.642004" lon="2.632972">
        <ele>299.404</ele>
        <time>2026-05-10T19:38:47.869702553Z</time>
      </trkpt>
      <trkpt lat="41.642012" lon="2.633047">
        <ele>299.324</ele>
        <time>2026-05-10T19:39:27.869709586Z</time>
      </trkpt>
      <trkpt lat="41.642011" lon="2.633086">
        <ele>299.309</ele>
        <time>2026-05-10T19:40:07.869716529Z</time>
      </trkpt>
      <trkpt lat="41.642025" lon="2.633150">
        <ele>298.687</ele>
        <time>2026-05-10T19:40:47.869723562Z</time>
      </trkpt>
      <trkpt lat="41.642038" lon="2.633188">
        <ele>298.065</ele>
        <time>2026-05-10T19:41:27.869730515Z</time>
      </trkpt>
      <trkpt lat="41.642050" lon="2.633224">
        <ele>297.473</ele>
        <time>2026-05-10T19:42:07.869737518Z</time>
      </trkpt>
      <trkpt lat="41.642059" lon="2.633263">
        <ele>297.092</ele>
        <time>2026-05-10T19:42:47.869744481Z</time>
      </trkpt>
      <trkpt lat="41.642073" lon="2.633305">
        <ele>296.480</ele>
        <time>2026-05-10T19:43:27.869751424Z</time>
      </trkpt>
      <trkpt lat="41.642086" lon="2.633347">
        <ele>295.956</ele>
        <time>2026-05-10T19:44:07.869758397Z</time>
      </trkpt>
      <trkpt lat="41.642096" lon="2.633384">
        <ele>295.377</ele>
        <time>2026-05-10T19:44:47.869765350Z</time>
      </trkpt>
      <trkpt lat="41.642109" lon="2.633451">
        <ele>294.641</ele>
        <time>2026-05-10T19:45:27.869772363Z</time>
      </trkpt>
      <trkpt lat="41.642118" lon="2.633490">
        <ele>294.044</ele>
        <time>2026-05-10T19:46:07.869779357Z</time>
      </trkpt>
      <trkpt lat="41.642134" lon="2.633530">
        <ele>293.239</ele>
        <time>2026-05-10T19:46:47.869786460Z</time>
      </trkpt>
      <trkpt lat="41.642155" lon="2.633568">
        <ele>292.101</ele>
        <time>2026-05-10T19:47:27.869793493Z</time>
      </trkpt>
      <trkpt lat="41.642176" lon="2.633604">
        <ele>291.021</ele>
        <time>2026-05-10T19:48:07.869800416Z</time>
      </trkpt>
      <trkpt lat="41.642184" lon="2.633640">
        <ele>290.609</ele>
        <time>2026-05-10T19:48:47.869807359Z</time>
      </trkpt>
      <trkpt lat="41.642182" lon="2.633677">
        <ele>290.544</ele>
        <time>2026-05-10T19:49:27.869814282Z</time>
      </trkpt>
      <trkpt lat="41.642180" lon="2.633718">
        <ele>290.592</ele>
        <time>2026-05-10T19:50:07.869821255Z</time>
      </trkpt>
      <trkpt lat="41.642197" lon="2.633775">
        <ele>289.630</ele>
        <time>2026-05-10T19:50:47.869828178Z</time>
      </trkpt>
      <trkpt lat="41.642217" lon="2.633804">
        <ele>288.539</ele>
        <time>2026-05-10T19:51:27.869835061Z</time>
      </trkpt>
      <trkpt lat="41.642253" lon="2.633853">
        <ele>287.237</ele>
        <time>2026-05-10T19:52:07.869842795Z</time>
      </trkpt>
      <trkpt lat="41.642271" lon="2.633884">
        <ele>286.613</ele>
        <time>2026-05-10T19:52:47.869849828Z</time>
      </trkpt>
      <trkpt lat="41.642304" lon="2.633942">
        <ele>285.524</ele>
        <time>2026-05-10T19:53:27.869856761Z</time>
      </trkpt>
      <trkpt lat="41.642324" lon="2.633995">
        <ele>284.728</ele>
        <time>2026-05-10T19:54:07.869863674Z</time>
      </trkpt>
      <trkpt lat="41.642322" lon="2.634042">
        <ele>284.631</ele>
        <time>2026-05-10T19:54:47.869870617Z</time>
      </trkpt>
      <trkpt lat="41.642328" lon="2.634087">
        <ele>284.237</ele>
        <time>2026-05-10T19:55:27.869877570Z</time>
      </trkpt>
      <trkpt lat="41.642323" lon="2.634127">
        <ele>284.249</ele>
        <time>2026-05-10T19:56:07.869884543Z</time>
      </trkpt>
      <trkpt lat="41.642323" lon="2.634197">
        <ele>284.213</ele>
        <time>2026-05-10T19:56:47.869891556Z</time>
      </trkpt>
      <trkpt lat="41.642329" lon="2.634235">
        <ele>284.209</ele>
        <time>2026-05-10T19:57:27.869898509Z</time>
      </trkpt>
      <trkpt lat="41.642338" lon="2.634274">
        <ele>284.114</ele>
        <time>2026-05-10T19:58:07.869905463Z</time>
      </trkpt>
      <trkpt lat="41.642344" lon="2.634318">
        <ele>284.022</ele>
        <time>2026-05-10T19:58:47.869912375Z</time>
      </trkpt>
      <trkpt lat="41.642346" lon="2.634356">
        <ele>284.180</ele>
        <time>2026-05-10T19:59:27.869919278Z</time>
      </trkpt>
      <trkpt lat="41.642353" lon="2.634430">
        <ele>284.259</ele>
        <time>2026-05-10T20:00:07.869926221Z</time>
      </trkpt>
      <trkpt lat="41.642358" lon="2.634473">
        <ele>284.647</ele>
        <time>2026-05-10T20:00:47.869933124Z</time>
      </trkpt>
      <trkpt lat="41.642360" lon="2.634514">
        <ele>285.283</ele>
        <time>2026-05-10T20:01:27.869940157Z</time>
      </trkpt>
      <trkpt lat="41.642363" lon="2.634552">
        <ele>285.764</ele>
        <time>2026-05-10T20:02:07.869947080Z</time>
      </trkpt>
      <trkpt lat="41.642368" lon="2.634593">
        <ele>286.298</ele>
        <time>2026-05-10T20:02:47.869954013Z</time>
      </trkpt>
      <trkpt lat="41.642366" lon="2.634631">
        <ele>286.851</ele>
        <time>2026-05-10T20:03:27.869961006Z</time>
      </trkpt>
      <trkpt lat="41.642365" lon="2.634667">
        <ele>287.574</ele>
        <time>2026-05-10T20:04:07.869967929Z</time>
      </trkpt>
      <trkpt lat="41.642371" lon="2.634739">
        <ele>288.256</ele>
        <time>2026-05-10T20:04:47.869974912Z</time>
      </trkpt>
      <trkpt lat="41.642381" lon="2.634808">
        <ele>288.321</ele>
        <time>2026-05-10T20:05:27.869981876Z</time>
      </trkpt>
      <trkpt lat="41.642391" lon="2.634842">
        <ele>288.209</ele>
        <time>2026-05-10T20:06:07.869988829Z</time>
      </trkpt>
      <trkpt lat="41.642415" lon="2.634901">
        <ele>287.738</ele>
        <time>2026-05-10T20:06:47.870001402Z</time>
      </trkpt>
      <trkpt lat="41.642423" lon="2.634936">
        <ele>287.626</ele>
        <time>2026-05-10T20:07:27.870008395Z</time>
      </trkpt>
      <trkpt lat="41.642428" lon="2.634974">
        <ele>287.714</ele>
        <time>2026-05-10T20:08:07.870015338Z</time>
      </trkpt>
      <trkpt lat="41.642438" lon="2.635019">
        <ele>287.463</ele>
        <time>2026-05-10T20:08:47.870022291Z</time>
      </trkpt>
      <trkpt lat="41.642458" lon="2.635081">
        <ele>286.451</ele>
        <time>2026-05-10T20:09:27.870029224Z</time>
      </trkpt>
      <trkpt lat="41.642467" lon="2.635118">
        <ele>285.957</ele>
        <time>2026-05-10T20:10:07.870036197Z</time>
      </trkpt>
      <trkpt lat="41.642467" lon="2.635163">
        <ele>285.898</ele>
        <time>2026-05-10T20:10:47.870043130Z</time>
      </trkpt>
      <trkpt lat="41.642463" lon="2.635203">
        <ele>285.822</ele>
        <time>2026-05-10T20:11:27.870050123Z</time>
      </trkpt>
      <trkpt lat="41.642439" lon="2.635269">
        <ele>286.765</ele>
        <time>2026-05-10T20:12:07.870057066Z</time>
      </trkpt>
      <trkpt lat="41.642414" lon="2.635294">
        <ele>287.634</ele>
        <time>2026-05-10T20:12:47.870064089Z</time>
      </trkpt>
      <trkpt lat="41.642390" lon="2.635316">
        <ele>288.555</ele>
        <time>2026-05-10T20:13:27.870071032Z</time>
      </trkpt>
      <trkpt lat="41.642347" lon="2.635356">
        <ele>290.210</ele>
        <time>2026-05-10T20:14:07.870078005Z</time>
      </trkpt>
      <trkpt lat="41.642305" lon="2.635410">
        <ele>291.809</ele>
        <time>2026-05-10T20:14:47.870084988Z</time>
      </trkpt>
      <trkpt lat="41.642279" lon="2.635462">
        <ele>292.714</ele>
        <time>2026-05-10T20:15:27.870091952Z</time>
      </trkpt>
      <trkpt lat="41.642266" lon="2.635497">
        <ele>293.252</ele>
        <time>2026-05-10T20:16:07.870098965Z</time>
      </trkpt>
      <trkpt lat="41.642254" lon="2.635529">
        <ele>293.640</ele>
        <time>2026-05-10T20:16:47.870105938Z</time>
      </trkpt>
      <trkpt lat="41.642229" lon="2.635599">
        <ele>294.269</ele>
        <time>2026-05-10T20:17:27.870113071Z</time>
      </trkpt>
      <trkpt lat="41.642216" lon="2.635637">
        <ele>294.447</ele>
        <time>2026-05-10T20:18:07.870120054Z</time>
      </trkpt>
      <trkpt lat="41.642201" lon="2.635678">
        <ele>294.673</ele>
        <time>2026-05-10T20:18:47.870126997Z</time>
      </trkpt>
      <trkpt lat="41.642183" lon="2.635712">
        <ele>295.084</ele>
        <time>2026-05-10T20:19:27.870133940Z</time>
      </trkpt>
      <trkpt lat="41.642163" lon="2.635746">
        <ele>295.688</ele>
        <time>2026-05-10T20:20:07.870140883Z</time>
      </trkpt>
      <trkpt lat="41.642131" lon="2.635797">
        <ele>296.671</ele>
        <time>2026-05-10T20:20:47.870147866Z</time>
      </trkpt>
      <trkpt lat="41.642108" lon="2.635864">
        <ele>297.135</ele>
        <time>2026-05-10T20:21:27.870154869Z</time>
      </trkpt>
      <trkpt lat="41.642105" lon="2.635900">
        <ele>297.086</ele>
        <time>2026-05-10T20:22:07.870161822Z</time>
      </trkpt>
      <trkpt lat="41.642105" lon="2.635938">
        <ele>296.814</ele>
        <time>2026-05-10T20:22:47.870168735Z</time>
      </trkpt>
      <trkpt lat="41.642120" lon="2.635973">
        <ele>295.909</ele>
        <time>2026-05-10T20:23:27.870175738Z</time>
      </trkpt>
      <trkpt lat="41.642137" lon="2.636029">
        <ele>294.954</ele>
        <time>2026-05-10T20:24:07.870182671Z</time>
      </trkpt>
      <trkpt lat="41.642148" lon="2.636069">
        <ele>294.252</ele>
        <time>2026-05-10T20:24:47.870189584Z</time>
      </trkpt>
      <trkpt lat="41.642158" lon="2.636110">
        <ele>293.530</ele>
        <time>2026-05-10T20:25:27.870196567Z</time>
      </trkpt>
      <trkpt lat="41.642169" lon="2.636147">
        <ele>292.979</ele>
        <time>2026-05-10T20:26:07.870203550Z</time>
      </trkpt>
      <trkpt lat="41.642170" lon="2.636190">
        <ele>292.637</ele>
        <time>2026-05-10T20:26:47.870210523Z</time>
      </trkpt>
      <trkpt lat="41.642164" lon="2.636226">
        <ele>292.613</ele>
        <time>2026-05-10T20:27:27.870217446Z</time>
      </trkpt>
      <trkpt lat="41.642134" lon="2.636281">
        <ele>293.594</ele>
        <time>2026-05-10T20:28:07.870224389Z</time>
      </trkpt>
      <trkpt lat="41.642094" lon="2.636337">
        <ele>294.848</ele>
        <time>2026-05-10T20:28:47.870231292Z</time>
      </trkpt>
      <trkpt lat="41.642073" lon="2.636363">
        <ele>295.651</ele>
        <time>2026-05-10T20:29:27.870238195Z</time>
      </trkpt>
      <trkpt lat="41.642054" lon="2.636390">
        <ele>296.352</ele>
        <time>2026-05-10T20:30:07.870245148Z</time>
      </trkpt>
      <trkpt lat="41.642020" lon="2.636456">
        <ele>298.453</ele>
        <time>2026-05-10T20:30:47.870252131Z</time>
      </trkpt>
      <trkpt lat="41.642016" lon="2.636529">
        <ele>299.308</ele>
        <time>2026-05-10T20:31:27.870259114Z</time>
      </trkpt>
      <trkpt lat="41.642037" lon="2.636568">
        <ele>298.709</ele>
        <time>2026-05-10T20:32:07.870266047Z</time>
      </trkpt>
      <trkpt lat="41.642068" lon="2.636617">
        <ele>297.836</ele>
        <time>2026-05-10T20:32:47.870272930Z</time>
      </trkpt>
      <trkpt lat="41.642089" lon="2.636644">
        <ele>297.084</ele>
        <time>2026-05-10T20:33:27.870279863Z</time>
      </trkpt>
      <trkpt lat="41.642120" lon="2.636700">
        <ele>296.372</ele>
        <time>2026-05-10T20:34:07.870286776Z</time>
      </trkpt>
      <trkpt lat="41.642143" lon="2.636765">
        <ele>296.471</ele>
        <time>2026-05-10T20:34:47.870293719Z</time>
      </trkpt>
      <trkpt lat="41.642161" lon="2.636798">
        <ele>296.139</ele>
        <time>2026-05-10T20:35:27.870300592Z</time>
      </trkpt>
      <trkpt lat="41.642181" lon="2.636826">
        <ele>295.745</ele>
        <time>2026-05-10T20:36:07.870307575Z</time>
      </trkpt>
      <trkpt lat="41.642228" lon="2.636870">
        <ele>294.576</ele>
        <time>2026-05-10T20:36:47.870314498Z</time>
      </trkpt>
      <trkpt lat="41.642255" lon="2.636892">
        <ele>294.120</ele>
        <time>2026-05-10T20:37:27.870321461Z</time>
      </trkpt>
      <trkpt lat="41.642275" lon="2.636917">
        <ele>294.083</ele>
        <time>2026-05-10T20:38:07.870328404Z</time>
      </trkpt>
      <trkpt lat="41.642307" lon="2.636977">
        <ele>294.455</ele>
        <time>2026-05-10T20:38:47.870335487Z</time>
      </trkpt>
      <trkpt lat="41.642327" lon="2.637006">
        <ele>294.607</ele>
        <time>2026-05-10T20:39:27.870342530Z</time>
      </trkpt>
      <trkpt lat="41.642345" lon="2.637034">
        <ele>294.817</ele>
        <time>2026-05-10T20:40:07.870349494Z</time>
      </trkpt>
      <trkpt lat="41.642361" lon="2.637064">
        <ele>295.009</ele>
        <time>2026-05-10T20:40:47.870356426Z</time>
      </trkpt>
      <trkpt lat="41.642380" lon="2.637090">
        <ele>295.146</ele>
        <time>2026-05-10T20:41:27.870364111Z</time>
      </trkpt>
      <trkpt lat="41.642423" lon="2.637120">
        <ele>294.464</ele>
        <time>2026-05-10T20:42:07.870371314Z</time>
      </trkpt>
      <trkpt lat="41.642467" lon="2.637132">
        <ele>293.262</ele>
        <time>2026-05-10T20:42:47.870378247Z</time>
      </trkpt>
      <trkpt lat="41.642500" lon="2.637139">
        <ele>292.261</ele>
        <time>2026-05-10T20:43:27.870385190Z</time>
      </trkpt>
      <trkpt lat="41.642528" lon="2.637136">
        <ele>291.779</ele>
        <time>2026-05-10T20:44:07.870392073Z</time>
      </trkpt>
      <trkpt lat="41.642553" lon="2.637123">
        <ele>291.065</ele>
        <time>2026-05-10T20:44:47.870398976Z</time>
      </trkpt>
      <trkpt lat="41.642601" lon="2.637112">
        <ele>289.946</ele>
        <time>2026-05-10T20:45:27.870405839Z</time>
      </trkpt>
      <trkpt lat="41.642637" lon="2.637124">
        <ele>289.690</ele>
        <time>2026-05-10T20:46:07.870418563Z</time>
      </trkpt>
      <trkpt lat="41.642680" lon="2.637167">
        <ele>289.733</ele>
        <time>2026-05-10T20:46:47.870425546Z</time>
      </trkpt>
      <trkpt lat="41.642716" lon="2.637230">
        <ele>290.315</ele>
        <time>2026-05-10T20:47:27.870432729Z</time>
      </trkpt>
      <trkpt lat="41.642730" lon="2.637261">
        <ele>290.665</ele>
        <time>2026-05-10T20:48:07.870439792Z</time>
      </trkpt>
      <trkpt lat="41.642744" lon="2.637302">
        <ele>291.111</ele>
        <time>2026-05-10T20:48:47.870447006Z</time>
      </trkpt>
      <trkpt lat="41.642752" lon="2.637359">
        <ele>292.009</ele>
        <time>2026-05-10T20:49:27.870454199Z</time>
      </trkpt>
      <trkpt lat="41.642743" lon="2.637394">
        <ele>292.882</ele>
        <time>2026-05-10T20:50:07.870461313Z</time>
      </trkpt>
      <trkpt lat="41.642733" lon="2.637428">
        <ele>293.690</ele>
        <time>2026-05-10T20:50:47.870468326Z</time>
      </trkpt>
      <trkpt lat="41.642722" lon="2.637461">
        <ele>294.538</ele>
        <time>2026-05-10T20:51:27.870475219Z</time>
      </trkpt>
      <trkpt lat="41.642697" lon="2.637515">
        <ele>295.847</ele>
        <time>2026-05-10T20:52:07.870482142Z</time>
      </trkpt>
      <trkpt lat="41.642678" lon="2.637540">
        <ele>296.315</ele>
        <time>2026-05-10T20:52:47.870489075Z</time>
      </trkpt>
      <trkpt lat="41.642658" lon="2.637567">
        <ele>296.831</ele>
        <time>2026-05-10T20:53:27.870495978Z</time>
      </trkpt>
      <trkpt lat="41.642635" lon="2.637591">
        <ele>297.432</ele>
        <time>2026-05-10T20:54:07.870502871Z</time>
      </trkpt>
      <trkpt lat="41.642607" lon="2.637622">
        <ele>298.226</ele>
        <time>2026-05-10T20:54:47.870509763Z</time>
      </trkpt>
      <trkpt lat="41.642576" lon="2.637672">
        <ele>299.329</ele>
        <time>2026-05-10T20:55:27.870516736Z</time>
      </trkpt>
      <trkpt lat="41.642540" lon="2.637714">
        <ele>300.569</ele>
        <time>2026-05-10T20:56:07.870523690Z</time>
      </trkpt>
      <trkpt lat="41.642514" lon="2.637748">
        <ele>301.404</ele>
        <time>2026-05-10T20:56:47.870530693Z</time>
      </trkpt>
      <trkpt lat="41.642493" lon="2.637780">
        <ele>302.224</ele>
        <time>2026-05-10T20:57:27.870537656Z</time>
      </trkpt>
      <trkpt lat="41.642468" lon="2.637810">
        <ele>302.609</ele>
        <time>2026-05-10T20:58:07.870544559Z</time>
      </trkpt>
      <trkpt lat="41.642432" lon="2.637853">
        <ele>303.387</ele>
        <time>2026-05-10T20:58:47.870551441Z</time>
      </trkpt>
      <trkpt lat="41.642417" lon="2.637883">
        <ele>303.465</ele>
        <time>2026-05-10T20:59:27.870558334Z</time>
      </trkpt>
      <trkpt lat="41.642402" lon="2.637917">
        <ele>303.513</ele>
        <time>2026-05-10T21:00:07.870565247Z</time>
      </trkpt>
      <trkpt lat="41.642376" lon="2.637971">
        <ele>303.982</ele>
        <time>2026-05-10T21:00:47.870572180Z</time>
      </trkpt>
      <trkpt lat="41.642350" lon="2.638033">
        <ele>304.270</ele>
        <time>2026-05-10T21:01:27.870579123Z</time>
      </trkpt>
      <trkpt lat="41.642336" lon="2.638069">
        <ele>304.246</ele>
        <time>2026-05-10T21:02:07.870586086Z</time>
      </trkpt>
      <trkpt lat="41.642325" lon="2.638103">
        <ele>303.867</ele>
        <time>2026-05-10T21:02:47.870592999Z</time>
      </trkpt>
      <trkpt lat="41.642314" lon="2.638137">
        <ele>303.551</ele>
        <time>2026-05-10T21:03:27.870599912Z</time>
      </trkpt>
      <trkpt lat="41.642285" lon="2.638197">
        <ele>303.324</ele>
        <time>2026-05-10T21:04:07.870606815Z</time>
      </trkpt>
      <trkpt lat="41.642267" lon="2.638228">
        <ele>303.457</ele>
        <time>2026-05-10T21:04:47.870613748Z</time>
      </trkpt>
      <trkpt lat="41.642240" lon="2.638255">
        <ele>303.900</ele>
        <time>2026-05-10T21:05:27.870620731Z</time>
      </trkpt>
      <trkpt lat="41.642219" lon="2.638278">
        <ele>304.420</ele>
        <time>2026-05-10T21:06:07.870627684Z</time>
      </trkpt>
      <trkpt lat="41.642169" lon="2.638314">
        <ele>306.609</ele>
        <time>2026-05-10T21:06:47.870634597Z</time>
      </trkpt>
      <trkpt lat="41.642126" lon="2.638354">
        <ele>308.456</ele>
        <time>2026-05-10T21:07:27.870641500Z</time>
      </trkpt>
      <trkpt lat="41.642103" lon="2.638373">
        <ele>309.494</ele>
        <time>2026-05-10T21:08:07.870648473Z</time>
      </trkpt>
      <trkpt lat="41.642057" lon="2.638406">
        <ele>311.482</ele>
        <time>2026-05-10T21:08:47.870655366Z</time>
      </trkpt>
      <trkpt lat="41.642025" lon="2.638431">
        <ele>312.711</ele>
        <time>2026-05-10T21:09:27.870662269Z</time>
      </trkpt>
      <trkpt lat="41.642000" lon="2.638460">
        <ele>313.579</ele>
        <time>2026-05-10T21:10:07.870669172Z</time>
      </trkpt>
      <trkpt lat="41.641978" lon="2.638501">
        <ele>313.865</ele>
        <time>2026-05-10T21:10:47.870676085Z</time>
      </trkpt>
      <trkpt lat="41.641966" lon="2.638542">
        <ele>313.566</ele>
        <time>2026-05-10T21:11:27.870682978Z</time>
      </trkpt>
      <trkpt lat="41.641958" lon="2.638601">
        <ele>312.530</ele>
        <time>2026-05-10T21:12:07.870689921Z</time>
      </trkpt>
      <trkpt lat="41.641969" lon="2.638667">
        <ele>310.523</ele>
        <time>2026-05-10T21:12:47.870696834Z</time>
      </trkpt>
      <trkpt lat="41.641989" lon="2.638740">
        <ele>308.082</ele>
        <time>2026-05-10T21:13:27.870703807Z</time>
      </trkpt>
      <trkpt lat="41.641998" lon="2.638788">
        <ele>306.543</ele>
        <time>2026-05-10T21:14:07.870710810Z</time>
      </trkpt>
      <trkpt lat="41.641997" lon="2.638852">
        <ele>305.317</ele>
        <time>2026-05-10T21:14:47.870717843Z</time>
      </trkpt>
      <trkpt lat="41.641991" lon="2.638898">
        <ele>304.809</ele>
        <time>2026-05-10T21:15:27.870724836Z</time>
      </trkpt>
      <trkpt lat="41.641981" lon="2.638968">
        <ele>304.429</ele>
        <time>2026-05-10T21:16:07.870731809Z</time>
      </trkpt>
      <trkpt lat="41.641975" lon="2.639004">
        <ele>304.327</ele>
        <time>2026-05-10T21:16:47.870738732Z</time>
      </trkpt>
      <trkpt lat="41.641962" lon="2.639073">
        <ele>304.175</ele>
        <time>2026-05-10T21:17:27.870745615Z</time>
      </trkpt>
      <trkpt lat="41.641958" lon="2.639112">
        <ele>303.834</ele>
        <time>2026-05-10T21:18:07.870752478Z</time>
      </trkpt>
      <trkpt lat="41.641948" lon="2.639152">
        <ele>304.012</ele>
        <time>2026-05-10T21:18:47.870759371Z</time>
      </trkpt>
      <trkpt lat="41.641935" lon="2.639214">
        <ele>303.838</ele>
        <time>2026-05-10T21:19:27.870766233Z</time>
      </trkpt>
      <trkpt lat="41.641928" lon="2.639252">
        <ele>303.579</ele>
        <time>2026-05-10T21:20:07.870773166Z</time>
      </trkpt>
      <trkpt lat="41.641917" lon="2.639288">
        <ele>303.663</ele>
        <time>2026-05-10T21:20:47.870780079Z</time>
      </trkpt>
      <trkpt lat="41.641906" lon="2.639331">
        <ele>303.576</ele>
        <time>2026-05-10T21:21:27.870787032Z</time>
      </trkpt>
      <trkpt lat="41.641895" lon="2.639367">
        <ele>303.548</ele>
        <time>2026-05-10T21:22:07.870794045Z</time>
      </trkpt>
      <trkpt lat="41.641877" lon="2.639435">
        <ele>303.361</ele>
        <time>2026-05-10T21:22:47.870801159Z</time>
      </trkpt>
      <trkpt lat="41.641868" lon="2.639502">
        <ele>302.817</ele>
        <time>2026-05-10T21:23:27.870808052Z</time>
      </trkpt>
      <trkpt lat="41.641854" lon="2.639562">
        <ele>302.709</ele>
        <time>2026-05-10T21:24:07.870815045Z</time>
      </trkpt>
      <trkpt lat="41.641848" lon="2.639600">
        <ele>302.515</ele>
        <time>2026-05-10T21:24:47.870822028Z</time>
      </trkpt>
      <trkpt lat="41.641831" lon="2.639656">
        <ele>302.813</ele>
        <time>2026-05-10T21:25:27.870833900Z</time>
      </trkpt>
      <trkpt lat="41.641816" lon="2.639691">
        <ele>303.271</ele>
        <time>2026-05-10T21:26:07.870840923Z</time>
      </trkpt>
      <trkpt lat="41.641801" lon="2.639721">
        <ele>303.880</ele>
        <time>2026-05-10T21:26:47.870847836Z</time>
      </trkpt>
      <trkpt lat="41.641768" lon="2.639787">
        <ele>305.868</ele>
        <time>2026-05-10T21:27:27.870854749Z</time>
      </trkpt>
      <trkpt lat="41.641749" lon="2.639815">
        <ele>306.964</ele>
        <time>2026-05-10T21:28:07.870861632Z</time>
      </trkpt>
      <trkpt lat="41.641728" lon="2.639873">
        <ele>308.035</ele>
        <time>2026-05-10T21:28:47.870868565Z</time>
      </trkpt>
      <trkpt lat="41.641725" lon="2.639952">
        <ele>307.759</ele>
        <time>2026-05-10T21:29:27.870875478Z</time>
      </trkpt>
      <trkpt lat="41.641736" lon="2.639985">
        <ele>306.862</ele>
        <time>2026-05-10T21:30:07.870882371Z</time>
      </trkpt>
      <trkpt lat="41.641749" lon="2.640022">
        <ele>306.121</ele>
        <time>2026-05-10T21:30:47.870889354Z</time>
      </trkpt>
      <trkpt lat="41.641763" lon="2.640070">
        <ele>305.741</ele>
        <time>2026-05-10T21:31:27.870896838Z</time>
      </trkpt>
      <trkpt lat="41.641774" lon="2.640107">
        <ele>305.405</ele>
        <time>2026-05-10T21:32:07.870903771Z</time>
      </trkpt>
      <trkpt lat="41.641785" lon="2.640144">
        <ele>305.009</ele>
        <time>2026-05-10T21:32:47.870910734Z</time>
      </trkpt>
      <trkpt lat="41.641806" lon="2.640203">
        <ele>304.333</ele>
        <time>2026-05-10T21:33:27.870917617Z</time>
      </trkpt>
      <trkpt lat="41.641817" lon="2.640236">
        <ele>304.081</ele>
        <time>2026-05-10T21:34:07.870924540Z</time>
      </trkpt>
      <trkpt lat="41.641829" lon="2.640271">
        <ele>303.669</ele>
        <time>2026-05-10T21:34:47.870931503Z</time>
      </trkpt>
      <trkpt lat="41.641836" lon="2.640310">
        <ele>303.578</ele>
        <time>2026-05-10T21:35:27.870938436Z</time>
      </trkpt>
      <trkpt lat="41.641845" lon="2.640345">
        <ele>303.356</ele>
        <time>2026-05-10T21:36:07.870945339Z</time>
      </trkpt>
      <trkpt lat="41.641857" lon="2.640383">
        <ele>302.922</ele>
        <time>2026-05-10T21:36:47.870952272Z</time>
      </trkpt>
      <trkpt lat="41.641867" lon="2.640417">
        <ele>302.793</ele>
        <time>2026-05-10T21:37:27.870959164Z</time>
      </trkpt>
      <trkpt lat="41.641879" lon="2.640456">
        <ele>302.477</ele>
        <time>2026-05-10T21:38:07.870966097Z</time>
      </trkpt>
      <trkpt lat="41.641893" lon="2.640492">
        <ele>302.090</ele>
        <time>2026-05-10T21:38:47.870973030Z</time>
      </trkpt>
      <trkpt lat="41.641909" lon="2.640528">
        <ele>301.584</ele>
        <time>2026-05-10T21:39:27.870980044Z</time>
      </trkpt>
      <trkpt lat="41.641932" lon="2.640585">
        <ele>300.607</ele>
        <time>2026-05-10T21:40:07.870987007Z</time>
      </trkpt>
      <trkpt lat="41.641943" lon="2.640619">
        <ele>300.117</ele>
        <time>2026-05-10T21:40:47.870993889Z</time>
      </trkpt>
      <trkpt lat="41.641956" lon="2.640659">
        <ele>299.509</ele>
        <time>2026-05-10T21:41:27.871000863Z</time>
      </trkpt>
      <trkpt lat="41.641967" lon="2.640723">
        <ele>299.129</ele>
        <time>2026-05-10T21:42:07.871007755Z</time>
      </trkpt>
      <trkpt lat="41.641969" lon="2.640764">
        <ele>299.067</ele>
        <time>2026-05-10T21:42:47.871015079Z</time>
      </trkpt>
      <trkpt lat="41.641965" lon="2.640801">
        <ele>299.285</ele>
        <time>2026-05-10T21:43:27.871021992Z</time>
      </trkpt>
      <trkpt lat="41.641943" lon="2.640871">
        <ele>299.594</ele>
        <time>2026-05-10T21:44:07.871028875Z</time>
      </trkpt>
      <trkpt lat="41.641902" lon="2.640899">
        <ele>300.792</ele>
        <time>2026-05-10T21:44:47.871035838Z</time>
      </trkpt>
      <trkpt lat="41.641849" lon="2.640920">
        <ele>302.598</ele>
        <time>2026-05-10T21:45:27.871042771Z</time>
      </trkpt>
      <trkpt lat="41.641820" lon="2.640937">
        <ele>303.489</ele>
        <time>2026-05-10T21:46:07.871049864Z</time>
      </trkpt>
      <trkpt lat="41.641792" lon="2.640953">
        <ele>304.373</ele>
        <time>2026-05-10T21:46:47.871056777Z</time>
      </trkpt>
      <trkpt lat="41.641765" lon="2.640972">
        <ele>305.176</ele>
        <time>2026-05-10T21:47:27.871063710Z</time>
      </trkpt>
      <trkpt lat="41.641718" lon="2.641008">
        <ele>306.565</ele>
        <time>2026-05-10T21:48:07.871070673Z</time>
      </trkpt>
      <trkpt lat="41.641695" lon="2.641038">
        <ele>306.968</ele>
        <time>2026-05-10T21:48:47.871077626Z</time>
      </trkpt>
      <trkpt lat="41.641658" lon="2.641093">
        <ele>307.814</ele>
        <time>2026-05-10T21:49:27.871084569Z</time>
      </trkpt>
      <trkpt lat="41.641631" lon="2.641125">
        <ele>309.209</ele>
        <time>2026-05-10T21:50:07.871091482Z</time>
      </trkpt>
      <trkpt lat="41.641609" lon="2.641167">
        <ele>310.527</ele>
        <time>2026-05-10T21:50:47.871098385Z</time>
      </trkpt>
      <trkpt lat="41.641580" lon="2.641209">
        <ele>312.075</ele>
        <time>2026-05-10T21:51:27.871105268Z</time>
      </trkpt>
      <trkpt lat="41.641548" lon="2.641265">
        <ele>313.763</ele>
        <time>2026-05-10T21:52:07.871112171Z</time>
      </trkpt>
      <trkpt lat="41.641523" lon="2.641327">
        <ele>314.762</ele>
        <time>2026-05-10T21:52:47.871119154Z</time>
      </trkpt>
      <trkpt lat="41.641506" lon="2.641383">
        <ele>315.320</ele>
        <time>2026-05-10T21:53:27.871126047Z</time>
      </trkpt>
      <trkpt lat="41.641498" lon="2.641455">
        <ele>315.666</ele>
        <time>2026-05-10T21:54:07.871132920Z</time>
      </trkpt>
      <trkpt lat="41.641490" lon="2.641504">
        <ele>316.057</ele>
        <time>2026-05-10T21:54:47.871139893Z</time>
      </trkpt>
      <trkpt lat="41.641479" lon="2.641577">
        <ele>316.661</ele>
        <time>2026-05-10T21:55:27.871146816Z</time>
      </trkpt>
      <trkpt lat="41.641477" lon="2.641614">
        <ele>316.774</ele>
        <time>2026-05-10T21:56:07.871153789Z</time>
      </trkpt>
      <trkpt lat="41.641451" lon="2.641670">
        <ele>318.235</ele>
        <time>2026-05-10T21:56:47.871160852Z</time>
      </trkpt>
      <trkpt lat="41.641434" lon="2.641706">
        <ele>319.286</ele>
        <time>2026-05-10T21:57:27.871167865Z</time>
      </trkpt>
      <trkpt lat="41.641422" lon="2.641743">
        <ele>319.914</ele>
        <time>2026-05-10T21:58:07.871174838Z</time>
      </trkpt>
      <trkpt lat="41.641410" lon="2.641781">
        <ele>320.609</ele>
        <time>2026-05-10T21:58:47.871181821Z</time>
      </trkpt>
      <trkpt lat="41.641401" lon="2.641818">
        <ele>321.274</ele>
        <time>2026-05-10T21:59:27.871188844Z</time>
      </trkpt>
      <trkpt lat="41.641397" lon="2.641888">
        <ele>321.482</ele>
        <time>2026-05-10T22:00:07.871195767Z</time>
      </trkpt>
      <trkpt lat="41.641409" lon="2.641941">
        <ele>320.610</ele>
        <time>2026-05-10T22:00:47.871202730Z</time>
      </trkpt>
      <trkpt lat="41.641421" lon="2.641978">
        <ele>319.799</ele>
        <time>2026-05-10T22:01:27.871209814Z</time>
      </trkpt>
      <trkpt lat="41.641426" lon="2.642041">
        <ele>319.247</ele>
        <time>2026-05-10T22:02:07.871216716Z</time>
      </trkpt>
      <trkpt lat="41.641414" lon="2.642105">
        <ele>320.143</ele>
        <time>2026-05-10T22:02:47.871223680Z</time>
      </trkpt>
      <trkpt lat="41.641398" lon="2.642136">
        <ele>321.354</ele>
        <time>2026-05-10T22:03:27.871230592Z</time>
      </trkpt>
      <trkpt lat="41.641383" lon="2.642167">
        <ele>322.418</ele>
        <time>2026-05-10T22:04:07.871237515Z</time>
      </trkpt>
      <trkpt lat="41.641365" lon="2.642204">
        <ele>323.791</ele>
        <time>2026-05-10T22:04:47.871250420Z</time>
      </trkpt>
      <trkpt lat="41.641337" lon="2.642271">
        <ele>325.875</ele>
        <time>2026-05-10T22:05:27.871257503Z</time>
      </trkpt>
      <trkpt lat="41.641318" lon="2.642324">
        <ele>327.228</ele>
        <time>2026-05-10T22:06:07.871264456Z</time>
      </trkpt>
      <trkpt lat="41.641299" lon="2.642373">
        <ele>328.620</ele>
        <time>2026-05-10T22:06:47.871271449Z</time>
      </trkpt>
      <trkpt lat="41.641282" lon="2.642437">
        <ele>330.009</ele>
        <time>2026-05-10T22:07:27.871278452Z</time>
      </trkpt>
      <trkpt lat="41.641283" lon="2.642477">
        <ele>330.068</ele>
        <time>2026-05-10T22:08:07.871285375Z</time>
      </trkpt>
      <trkpt lat="41.641282" lon="2.642518">
        <ele>330.246</ele>
        <time>2026-05-10T22:08:47.871292348Z</time>
      </trkpt>
      <trkpt lat="41.641273" lon="2.642555">
        <ele>331.094</ele>
        <time>2026-05-10T22:09:27.871302878Z</time>
      </trkpt>
      <trkpt lat="41.641273" lon="2.642595">
        <ele>331.273</ele>
        <time>2026-05-10T22:10:07.871310392Z</time>
      </trkpt>
      <trkpt lat="41.641278" lon="2.642642">
        <ele>331.071</ele>
        <time>2026-05-10T22:10:47.871317395Z</time>
      </trkpt>
      <trkpt lat="41.641289" lon="2.642680">
        <ele>330.467</ele>
        <time>2026-05-10T22:11:27.871324418Z</time>
      </trkpt>
      <trkpt lat="41.641293" lon="2.642722">
        <ele>330.388</ele>
        <time>2026-05-10T22:12:07.871331461Z</time>
      </trkpt>
      <trkpt lat="41.641301" lon="2.642787">
        <ele>330.142</ele>
        <time>2026-05-10T22:12:47.871338464Z</time>
      </trkpt>
      <trkpt lat="41.641304" lon="2.642829">
        <ele>330.375</ele>
        <time>2026-05-10T22:13:27.871345487Z</time>
      </trkpt>
      <trkpt lat="41.641314" lon="2.642894">
        <ele>330.348</ele>
        <time>2026-05-10T22:14:07.871352661Z</time>
      </trkpt>
      <trkpt lat="41.641318" lon="2.642934">
        <ele>330.561</ele>
        <time>2026-05-10T22:14:47.871359734Z</time>
      </trkpt>
      <trkpt lat="41.641327" lon="2.643005">
        <ele>330.817</ele>
        <time>2026-05-10T22:15:27.871366777Z</time>
      </trkpt>
      <trkpt lat="41.641341" lon="2.643074">
        <ele>330.609</ele>
        <time>2026-05-10T22:16:07.871373780Z</time>
      </trkpt>
      <trkpt lat="41.641355" lon="2.643104">
        <ele>329.945</ele>
        <time>2026-05-10T22:16:47.871380794Z</time>
      </trkpt>
      <trkpt lat="41.641373" lon="2.643141">
        <ele>328.943</ele>
        <time>2026-05-10T22:17:27.871387777Z</time>
      </trkpt>
      <trkpt lat="41.641387" lon="2.643173">
        <ele>328.181</ele>
        <time>2026-05-10T22:18:07.871394770Z</time>
      </trkpt>
      <trkpt lat="41.641400" lon="2.643212">
        <ele>327.250</ele>
        <time>2026-05-10T22:18:47.871401823Z</time>
      </trkpt>
      <trkpt lat="41.641418" lon="2.643279">
        <ele>325.988</ele>
        <time>2026-05-10T22:19:27.871408836Z</time>
      </trkpt>
      <trkpt lat="41.641431" lon="2.643315">
        <ele>324.954</ele>
        <time>2026-05-10T22:20:07.871415869Z</time>
      </trkpt>
      <trkpt lat="41.641439" lon="2.643356">
        <ele>324.595</ele>
        <time>2026-05-10T22:20:47.871422872Z</time>
      </trkpt>
      <trkpt lat="41.641443" lon="2.643399">
        <ele>324.339</ele>
        <time>2026-05-10T22:21:27.871430426Z</time>
      </trkpt>
      <trkpt lat="41.641447" lon="2.643445">
        <ele>324.232</ele>
        <time>2026-05-10T22:22:07.871437520Z</time>
      </trkpt>
      <trkpt lat="41.641450" lon="2.643513">
        <ele>324.277</ele>
        <time>2026-05-10T22:22:47.871444723Z</time>
      </trkpt>
      <trkpt lat="41.641444" lon="2.643586">
        <ele>324.961</ele>
        <time>2026-05-10T22:23:27.871451837Z</time>
      </trkpt>
      <trkpt lat="41.641444" lon="2.643626">
        <ele>325.027</ele>
        <time>2026-05-10T22:24:07.871458930Z</time>
      </trkpt>
      <trkpt lat="41.641436" lon="2.643693">
        <ele>325.609</ele>
        <time>2026-05-10T22:24:47.871466023Z</time>
      </trkpt>
      <trkpt lat="41.641434" lon="2.643733">
        <ele>325.778</ele>
        <time>2026-05-10T22:25:27.871473086Z</time>
      </trkpt>
      <trkpt lat="41.641437" lon="2.643770">
        <ele>325.476</ele>
        <time>2026-05-10T22:26:07.871480270Z</time>
      </trkpt>
      <trkpt lat="41.641424" lon="2.643837">
        <ele>326.414</ele>
        <time>2026-05-10T22:26:47.871487333Z</time>
      </trkpt>
      <trkpt lat="41.641416" lon="2.643875">
        <ele>327.023</ele>
        <time>2026-05-10T22:27:27.871494366Z</time>
      </trkpt>
      <trkpt lat="41.641400" lon="2.643916">
        <ele>328.011</ele>
        <time>2026-05-10T22:28:07.871501349Z</time>
      </trkpt>
      <trkpt lat="41.641390" lon="2.643953">
        <ele>328.557</ele>
        <time>2026-05-10T22:28:47.871508392Z</time>
      </trkpt>
      <trkpt lat="41.641376" lon="2.643994">
        <ele>329.378</ele>
        <time>2026-05-10T22:29:27.871515456Z</time>
      </trkpt>
      <trkpt lat="41.641363" lon="2.644031">
        <ele>330.182</ele>
        <time>2026-05-10T22:30:07.871522549Z</time>
      </trkpt>
      <trkpt lat="41.641351" lon="2.644069">
        <ele>330.965</ele>
        <time>2026-05-10T22:30:47.871529682Z</time>
      </trkpt>
      <trkpt lat="41.641340" lon="2.644122">
        <ele>331.513</ele>
        <time>2026-05-10T22:31:27.871536906Z</time>
      </trkpt>
      <trkpt lat="41.641325" lon="2.644180">
        <ele>332.243</ele>
        <time>2026-05-10T22:32:07.871543959Z</time>
      </trkpt>
      <trkpt lat="41.641320" lon="2.644216">
        <ele>331.807</ele>
        <time>2026-05-10T22:32:47.871550972Z</time>
      </trkpt>
      <trkpt lat="41.641313" lon="2.644258">
        <ele>331.509</ele>
        <time>2026-05-10T22:33:27.871557965Z</time>
      </trkpt>
      <trkpt lat="41.641307" lon="2.644297">
        <ele>331.252</ele>
        <time>2026-05-10T22:34:07.871565028Z</time>
      </trkpt>
      <trkpt lat="41.641301" lon="2.644338">
        <ele>330.930</ele>
        <time>2026-05-10T22:34:47.871572021Z</time>
      </trkpt>
      <trkpt lat="41.641299" lon="2.644381">
        <ele>330.138</ele>
        <time>2026-05-10T22:35:27.871578994Z</time>
      </trkpt>
      <trkpt lat="41.641303" lon="2.644451">
        <ele>328.357</ele>
        <time>2026-05-10T22:36:07.871586088Z</time>
      </trkpt>
      <trkpt lat="41.641313" lon="2.644507">
        <ele>327.145</ele>
        <time>2026-05-10T22:36:47.871593081Z</time>
      </trkpt>
      <trkpt lat="41.641319" lon="2.644543">
        <ele>326.371</ele>
        <time>2026-05-10T22:37:27.871600094Z</time>
      </trkpt>
      <trkpt lat="41.641326" lon="2.644581">
        <ele>325.572</ele>
        <time>2026-05-10T22:38:07.871607077Z</time>
      </trkpt>
      <trkpt lat="41.641331" lon="2.644654">
        <ele>324.716</ele>
        <time>2026-05-10T22:38:47.871614130Z</time>
      </trkpt>
      <trkpt lat="41.641327" lon="2.644693">
        <ele>324.959</ele>
        <time>2026-05-10T22:39:27.871621183Z</time>
      </trkpt>
      <trkpt lat="41.641316" lon="2.644736">
        <ele>325.639</ele>
        <time>2026-05-10T22:40:07.871628257Z</time>
      </trkpt>
      <trkpt lat="41.641314" lon="2.644772">
        <ele>325.201</ele>
        <time>2026-05-10T22:40:47.871635380Z</time>
      </trkpt>
      <trkpt lat="41.641293" lon="2.644834">
        <ele>326.221</ele>
        <time>2026-05-10T22:41:27.871642453Z</time>
      </trkpt>
      <trkpt lat="41.641280" lon="2.644877">
        <ele>326.709</ele>
        <time>2026-05-10T22:42:07.871649436Z</time>
      </trkpt>
      <trkpt lat="41.641268" lon="2.644917">
        <ele>327.244</ele>
        <time>2026-05-10T22:42:47.871656469Z</time>
      </trkpt>
      <trkpt lat="41.641255" lon="2.644952">
        <ele>327.892</ele>
        <time>2026-05-10T22:43:27.871663453Z</time>
      </trkpt>
      <trkpt lat="41.641234" lon="2.645025">
        <ele>329.050</ele>
        <time>2026-05-10T22:44:07.871675295Z</time>
      </trkpt>
      <trkpt lat="41.641225" lon="2.645062">
        <ele>329.969</ele>
        <time>2026-05-10T22:44:47.871682348Z</time>
      </trkpt>
      <trkpt lat="41.641221" lon="2.645106">
        <ele>330.337</ele>
        <time>2026-05-10T22:45:27.871689411Z</time>
      </trkpt>
      <trkpt lat="41.641215" lon="2.645142">
        <ele>330.893</ele>
        <time>2026-05-10T22:46:07.871696464Z</time>
      </trkpt>
      <trkpt lat="41.641209" lon="2.645179">
        <ele>331.334</ele>
        <time>2026-05-10T22:46:47.871703427Z</time>
      </trkpt>
      <trkpt lat="41.641193" lon="2.645220">
        <ele>332.438</ele>
        <time>2026-05-10T22:47:27.871710501Z</time>
      </trkpt>
      <trkpt lat="41.641187" lon="2.645290">
        <ele>332.931</ele>
        <time>2026-05-10T22:48:07.871717704Z</time>
      </trkpt>
      <trkpt lat="41.641187" lon="2.645333">
        <ele>333.316</ele>
        <time>2026-05-10T22:48:47.871724837Z</time>
      </trkpt>
      <trkpt lat="41.641192" lon="2.645375">
        <ele>333.376</ele>
        <time>2026-05-10T22:49:27.871731891Z</time>
      </trkpt>
      <trkpt lat="41.641192" lon="2.645414">
        <ele>333.613</ele>
        <time>2026-05-10T22:50:07.871738974Z</time>
      </trkpt>
      <trkpt lat="41.641190" lon="2.645476">
        <ele>334.209</ele>
        <time>2026-05-10T22:50:47.871746027Z</time>
      </trkpt>
      <trkpt lat="41.641187" lon="2.645516">
        <ele>334.872</ele>
        <time>2026-05-10T22:51:27.871753050Z</time>
      </trkpt>
      <trkpt lat="41.641172" lon="2.645581">
        <ele>336.350</ele>
        <time>2026-05-10T22:52:07.871760083Z</time>
      </trkpt>
      <trkpt lat="41.641161" lon="2.645617">
        <ele>337.518</ele>
        <time>2026-05-10T22:52:47.871767127Z</time>
      </trkpt>
      <trkpt lat="41.641152" lon="2.645654">
        <ele>338.537</ele>
        <time>2026-05-10T22:53:27.871774110Z</time>
      </trkpt>
      <trkpt lat="41.641140" lon="2.645698">
        <ele>339.775</ele>
        <time>2026-05-10T22:54:07.871781203Z</time>
      </trkpt>
      <trkpt lat="41.641131" lon="2.645738">
        <ele>340.761</ele>
        <time>2026-05-10T22:54:47.871788256Z</time>
      </trkpt>
      <trkpt lat="41.641116" lon="2.645775">
        <ele>342.112</ele>
        <time>2026-05-10T22:55:27.871795269Z</time>
      </trkpt>
      <trkpt lat="41.641106" lon="2.645811">
        <ele>343.136</ele>
        <time>2026-05-10T22:56:07.871802232Z</time>
      </trkpt>
      <trkpt lat="41.641100" lon="2.645848">
        <ele>343.819</ele>
        <time>2026-05-10T22:56:47.871809336Z</time>
      </trkpt>
      <trkpt lat="41.641118" lon="2.645906">
        <ele>343.199</ele>
        <time>2026-05-10T22:57:27.871816469Z</time>
      </trkpt>
      <trkpt lat="41.641158" lon="2.645946">
        <ele>341.007</ele>
        <time>2026-05-10T22:58:07.871823562Z</time>
      </trkpt>
      <trkpt lat="41.641209" lon="2.645964">
        <ele>338.127</ele>
        <time>2026-05-10T22:58:47.871830645Z</time>
      </trkpt>
      <trkpt lat="41.641237" lon="2.645968">
        <ele>336.509</ele>
        <time>2026-05-10T22:59:27.871837769Z</time>
      </trkpt>
      <trkpt lat="41.641268" lon="2.645977">
        <ele>334.730</ele>
        <time>2026-05-10T23:00:07.871844732Z</time>
      </trkpt>
      <trkpt lat="41.641310" lon="2.645998">
        <ele>332.448</ele>
        <time>2026-05-10T23:00:47.871851765Z</time>
      </trkpt>
      <trkpt lat="41.641338" lon="2.646008">
        <ele>330.926</ele>
        <time>2026-05-10T23:01:27.871858808Z</time>
      </trkpt>
      <trkpt lat="41.641362" lon="2.646029">
        <ele>329.725</ele>
        <time>2026-05-10T23:02:07.871865871Z</time>
      </trkpt>
      <trkpt lat="41.641406" lon="2.646056">
        <ele>327.563</ele>
        <time>2026-05-10T23:02:47.871872915Z</time>
      </trkpt>
      <trkpt lat="41.641434" lon="2.646072">
        <ele>326.189</ele>
        <time>2026-05-10T23:03:27.871879998Z</time>
      </trkpt>
      <trkpt lat="41.641475" lon="2.646123">
        <ele>324.550</ele>
        <time>2026-05-10T23:04:07.871887051Z</time>
      </trkpt>
      <trkpt lat="41.641516" lon="2.646154">
        <ele>322.734</ele>
        <time>2026-05-10T23:04:47.871894355Z</time>
      </trkpt>
      <trkpt lat="41.641555" lon="2.646199">
        <ele>321.477</ele>
        <time>2026-05-10T23:05:27.871901468Z</time>
      </trkpt>
      <trkpt lat="41.641579" lon="2.646231">
        <ele>320.814</ele>
        <time>2026-05-10T23:06:07.871908591Z</time>
      </trkpt>
      <trkpt lat="41.641597" lon="2.646269">
        <ele>320.654</ele>
        <time>2026-05-10T23:06:47.871915835Z</time>
      </trkpt>
      <trkpt lat="41.641626" lon="2.646322">
        <ele>320.309</ele>
        <time>2026-05-10T23:07:27.871922968Z</time>
      </trkpt>
      <trkpt lat="41.641640" lon="2.646354">
        <ele>320.409</ele>
        <time>2026-05-10T23:08:07.871929961Z</time>
      </trkpt>
      <trkpt lat="41.641659" lon="2.646422">
        <ele>320.812</ele>
        <time>2026-05-10T23:08:47.871937004Z</time>
      </trkpt>
      <trkpt lat="41.641669" lon="2.646459">
        <ele>320.980</ele>
        <time>2026-05-10T23:09:27.871944028Z</time>
      </trkpt>
      <trkpt lat="41.641667" lon="2.646499">
        <ele>321.618</ele>
        <time>2026-05-10T23:10:07.871951101Z</time>
      </trkpt>
      <trkpt lat="41.641665" lon="2.646535">
        <ele>322.237</ele>
        <time>2026-05-10T23:10:47.871958124Z</time>
      </trkpt>
      <trkpt lat="41.641669" lon="2.646607">
        <ele>323.025</ele>
        <time>2026-05-10T23:11:27.871965508Z</time>
      </trkpt>
      <trkpt lat="41.641669" lon="2.646653">
        <ele>323.711</ele>
        <time>2026-05-10T23:12:07.871972551Z</time>
      </trkpt>
      <trkpt lat="41.641662" lon="2.646692">
        <ele>324.672</ele>
        <time>2026-05-10T23:12:47.871979584Z</time>
      </trkpt>
      <trkpt lat="41.641661" lon="2.646739">
        <ele>325.396</ele>
        <time>2026-05-10T23:13:27.871986617Z</time>
      </trkpt>
      <trkpt lat="41.641663" lon="2.646781">
        <ele>325.889</ele>
        <time>2026-05-10T23:14:07.871993651Z</time>
      </trkpt>
      <trkpt lat="41.641665" lon="2.646822">
        <ele>326.371</ele>
        <time>2026-05-10T23:14:47.872002878Z</time>
      </trkpt>
      <trkpt lat="41.641666" lon="2.646863">
        <ele>326.941</ele>
        <time>2026-05-10T23:15:27.872015331Z</time>
      </trkpt>
      <trkpt lat="41.641662" lon="2.646903">
        <ele>327.615</ele>
        <time>2026-05-10T23:16:07.872022494Z</time>
      </trkpt>
      <trkpt lat="41.641645" lon="2.646969">
        <ele>328.909</ele>
        <time>2026-05-10T23:16:47.872029658Z</time>
      </trkpt>
      <trkpt lat="41.641628" lon="2.647001">
        <ele>329.538</ele>
        <time>2026-05-10T23:17:27.872036741Z</time>
      </trkpt>
      <trkpt lat="41.641584" lon="2.647039">
        <ele>331.786</ele>
        <time>2026-05-10T23:18:07.872043864Z</time>
      </trkpt>
      <trkpt lat="41.641566" lon="2.647069">
        <ele>332.674</ele>
        <time>2026-05-10T23:18:47.872050938Z</time>
      </trkpt>
      <trkpt lat="41.641531" lon="2.647128">
        <ele>334.643</ele>
        <time>2026-05-10T23:19:27.872057951Z</time>
      </trkpt>
      <trkpt lat="41.641510" lon="2.647157">
        <ele>336.051</ele>
        <time>2026-05-10T23:20:07.872065114Z</time>
      </trkpt>
      <trkpt lat="41.641491" lon="2.647185">
        <ele>337.237</ele>
        <time>2026-05-10T23:20:47.872072198Z</time>
      </trkpt>
      <trkpt lat="41.641470" lon="2.647215">
        <ele>338.728</ele>
        <time>2026-05-10T23:21:27.872079281Z</time>
      </trkpt>
      <trkpt lat="41.641449" lon="2.647240">
        <ele>340.382</ele>
        <time>2026-05-10T23:22:07.872086384Z</time>
      </trkpt>
      <trkpt lat="41.641428" lon="2.647267">
        <ele>341.995</ele>
        <time>2026-05-10T23:22:47.872093447Z</time>
      </trkpt>
      <trkpt lat="41.641407" lon="2.647294">
        <ele>343.682</ele>
        <time>2026-05-10T23:23:27.872107534Z</time>
      </trkpt>
      <trkpt lat="41.641386" lon="2.647319">
        <ele>345.243</ele>
        <time>2026-05-10T23:24:07.872114677Z</time>
      </trkpt>
      <trkpt lat="41.641359" lon="2.647385">
        <ele>347.617</ele>
        <time>2026-05-10T23:24:47.872121880Z</time>
      </trkpt>
      <trkpt lat="41.641358" lon="2.647456">
        <ele>348.409</ele>
        <time>2026-05-10T23:25:27.872129264Z</time>
      </trkpt>
      <trkpt lat="41.641364" lon="2.647516">
        <ele>348.499</ele>
        <time>2026-05-10T23:26:07.872136297Z</time>
      </trkpt>
      <trkpt lat="41.641383" lon="2.647581">
        <ele>346.897</ele>
        <time>2026-05-10T23:26:47.872143501Z</time>
      </trkpt>
      <trkpt lat="41.641398" lon="2.647616">
        <ele>345.565</ele>
        <time>2026-05-10T23:27:27.872150524Z</time>
      </trkpt>
      <trkpt lat="41.641407" lon="2.647652">
        <ele>344.684</ele>
        <time>2026-05-10T23:28:07.872157577Z</time>
      </trkpt>
      <trkpt lat="41.641426" lon="2.647710">
        <ele>342.992</ele>
        <time>2026-05-10T23:28:47.872164620Z</time>
      </trkpt>
      <trkpt lat="41.641442" lon="2.647744">
        <ele>341.688</ele>
        <time>2026-05-10T23:29:27.872171654Z</time>
      </trkpt>
      <trkpt lat="41.641468" lon="2.647798">
        <ele>339.829</ele>
        <time>2026-05-10T23:30:07.872178627Z</time>
      </trkpt>
      <trkpt lat="41.641489" lon="2.647860">
        <ele>339.033</ele>
        <time>2026-05-10T23:30:47.872185660Z</time>
      </trkpt>
      <trkpt lat="41.641501" lon="2.647895">
        <ele>338.686</ele>
        <time>2026-05-10T23:31:27.872192793Z</time>
      </trkpt>
      <trkpt lat="41.641519" lon="2.647955">
        <ele>338.088</ele>
        <time>2026-05-10T23:32:07.872199927Z</time>
      </trkpt>
      <trkpt lat="41.641525" lon="2.647992">
        <ele>338.024</ele>
        <time>2026-05-10T23:32:47.872206970Z</time>
      </trkpt>
      <trkpt lat="41.641516" lon="2.648052">
        <ele>339.326</ele>
        <time>2026-05-10T23:33:27.872213963Z</time>
      </trkpt>
      <trkpt lat="41.641519" lon="2.648091">
        <ele>340.309</ele>
        <time>2026-05-10T23:34:07.872220996Z</time>
      </trkpt>
      <trkpt lat="41.641535" lon="2.648126">
        <ele>340.469</ele>
        <time>2026-05-10T23:34:47.872228049Z</time>
      </trkpt>
      <trkpt lat="41.641551" lon="2.648158">
        <ele>340.477</ele>
        <time>2026-05-10T23:35:27.872235072Z</time>
      </trkpt>
      <trkpt lat="41.641569" lon="2.648187">
        <ele>340.265</ele>
        <time>2026-05-10T23:36:07.872242126Z</time>
      </trkpt>
      <trkpt lat="41.641590" lon="2.648215">
        <ele>339.854</ele>
        <time>2026-05-10T23:36:47.872249129Z</time>
      </trkpt>
      <trkpt lat="41.641611" lon="2.648243">
        <ele>339.442</ele>
        <time>2026-05-10T23:37:27.872256112Z</time>
      </trkpt>
      <trkpt lat="41.641626" lon="2.648275">
        <ele>339.658</ele>
        <time>2026-05-10T23:38:07.872263375Z</time>
      </trkpt>
      <trkpt lat="41.641644" lon="2.648313">
        <ele>339.739</ele>
        <time>2026-05-10T23:38:47.872270428Z</time>
      </trkpt>
      <trkpt lat="41.641660" lon="2.648343">
        <ele>339.763</ele>
        <time>2026-05-10T23:39:27.872277472Z</time>
      </trkpt>
      <trkpt lat="41.641676" lon="2.648373">
        <ele>339.346</ele>
        <time>2026-05-10T23:40:07.872284545Z</time>
      </trkpt>
      <trkpt lat="41.641706" lon="2.648431">
        <ele>338.899</ele>
        <time>2026-05-10T23:40:47.872291658Z</time>
      </trkpt>
      <trkpt lat="41.641737" lon="2.648488">
        <ele>338.307</ele>
        <time>2026-05-10T23:41:27.872298711Z</time>
      </trkpt>
      <trkpt lat="41.641771" lon="2.648532">
        <ele>337.327</ele>
        <time>2026-05-10T23:42:07.872305715Z</time>
      </trkpt>
      <trkpt lat="41.641801" lon="2.648580">
        <ele>336.809</ele>
        <time>2026-05-10T23:42:47.872312728Z</time>
      </trkpt>
      <trkpt lat="41.641828" lon="2.648644">
        <ele>337.330</ele>
        <time>2026-05-10T23:43:27.872319741Z</time>
      </trkpt>
      <trkpt lat="41.641841" lon="2.648712">
        <ele>338.828</ele>
        <time>2026-05-10T23:44:07.872326754Z</time>
      </trkpt>
      <trkpt lat="41.641847" lon="2.648783">
        <ele>340.976</ele>
        <time>2026-05-10T23:44:47.872333757Z</time>
      </trkpt>
      <trkpt lat="41.641848" lon="2.648821">
        <ele>342.245</ele>
        <time>2026-05-10T23:45:27.872340730Z</time>
      </trkpt>
      <trkpt lat="41.641861" lon="2.648880">
        <ele>343.573</ele>
        <time>2026-05-10T23:46:07.872347773Z</time>
      </trkpt>
      <trkpt lat="41.641878" lon="2.648943">
        <ele>344.879</ele>
        <time>2026-05-10T23:46:47.872354796Z</time>
      </trkpt>
      <trkpt lat="41.641895" lon="2.649013">
        <ele>346.370</ele>
        <time>2026-05-10T23:47:27.872361810Z</time>
      </trkpt>
      <trkpt lat="41.641917" lon="2.649067">
        <ele>347.044</ele>
        <time>2026-05-10T23:48:07.872368833Z</time>
      </trkpt>
      <trkpt lat="41.641938" lon="2.649121">
        <ele>347.717</ele>
        <time>2026-05-10T23:48:47.872376006Z</time>
      </trkpt>
      <trkpt lat="41.641958" lon="2.649149">
        <ele>347.772</ele>
        <time>2026-05-10T23:49:27.872383119Z</time>
      </trkpt>
      <trkpt lat="41.641991" lon="2.649203">
        <ele>347.613</ele>
        <time>2026-05-10T23:50:07.872390173Z</time>
      </trkpt>
      <trkpt lat="41.642024" lon="2.649256">
        <ele>347.314</ele>
        <time>2026-05-10T23:50:47.872397166Z</time>
      </trkpt>
      <trkpt lat="41.642065" lon="2.649313">
        <ele>346.509</ele>
        <time>2026-05-10T23:51:27.872404229Z</time>
      </trkpt>
      <trkpt lat="41.642101" lon="2.649358">
        <ele>345.578</ele>
        <time>2026-05-10T23:52:07.872411152Z</time>
      </trkpt>
      <trkpt lat="41.642140" lon="2.649412">
        <ele>344.376</ele>
        <time>2026-05-10T23:52:47.872418145Z</time>
      </trkpt>
      <trkpt lat="41.642162" lon="2.649443">
        <ele>343.784</ele>
        <time>2026-05-10T23:53:27.872425168Z</time>
      </trkpt>
      <trkpt lat="41.642186" lon="2.649468">
        <ele>342.833</ele>
        <time>2026-05-10T23:54:07.872432181Z</time>
      </trkpt>
      <trkpt lat="41.642218" lon="2.649518">
        <ele>342.161</ele>
        <time>2026-05-10T23:54:47.872439144Z</time>
      </trkpt>
      <trkpt lat="41.642235" lon="2.649550">
        <ele>342.037</ele>
        <time>2026-05-10T23:55:27.872446157Z</time>
      </trkpt>
      <trkpt lat="41.642261" lon="2.649607">
        <ele>342.178</ele>
        <time>2026-05-10T23:56:07.872453231Z</time>
      </trkpt>
      <trkpt lat="41.642279" lon="2.649640">
        <ele>341.922</ele>
        <time>2026-05-10T23:56:47.872460284Z</time>
      </trkpt>
      <trkpt lat="41.642292" lon="2.649710">
        <ele>342.795</ele>
        <time>2026-05-10T23:57:27.872467307Z</time>
      </trkpt>
      <trkpt lat="41.642294" lon="2.649750">
        <ele>343.376</ele>
        <time>2026-05-10T23:58:07.872474430Z</time>
      </trkpt>
      <trkpt lat="41.642300" lon="2.649788">
        <ele>343.690</ele>
        <time>2026-05-10T23:58:47.872481493Z</time>
      </trkpt>
      <trkpt lat="41.642296" lon="2.649826">
        <ele>344.419</ele>
        <time>2026-05-10T23:59:27.872488567Z</time>
      </trkpt>
      <trkpt lat="41.642293" lon="2.649865">
        <ele>345.209</ele>
        <time>2026-05-11T00:00:07.872495560Z</time>
      </trkpt>
      <trkpt lat="41.642296" lon="2.649925">
        <ele>346.018</ele>
        <time>2026-05-11T00:00:47.872502563Z</time>
      </trkpt>
      <trkpt lat="41.642299" lon="2.649961">
        <ele>346.436</ele>
        <time>2026-05-11T00:01:27.872510097Z</time>
      </trkpt>
      <trkpt lat="41.642305" lon="2.650001">
        <ele>346.744</ele>
        <time>2026-05-11T00:02:07.872517100Z</time>
      </trkpt>
      <trkpt lat="41.642321" lon="2.650070">
        <ele>346.983</ele>
        <time>2026-05-11T00:02:47.872528622Z</time>
      </trkpt>
      <trkpt lat="41.642337" lon="2.650101">
        <ele>346.471</ele>
        <time>2026-05-11T00:03:27.872535745Z</time>
      </trkpt>
      <trkpt lat="41.642370" lon="2.650163">
        <ele>345.447</ele>
        <time>2026-05-11T00:04:07.872542768Z</time>
      </trkpt>
      <trkpt lat="41.642402" lon="2.650221">
        <ele>344.398</ele>
        <time>2026-05-11T00:04:47.872549771Z</time>
      </trkpt>
      <trkpt lat="41.642421" lon="2.650256">
        <ele>343.762</ele>
        <time>2026-05-11T00:05:27.872556754Z</time>
      </trkpt>
      <trkpt lat="41.642451" lon="2.650308">
        <ele>343.135</ele>
        <time>2026-05-11T00:06:07.872563747Z</time>
      </trkpt>
      <trkpt lat="41.642480" lon="2.650365">
        <ele>343.019</ele>
        <time>2026-05-11T00:06:47.872570841Z</time>
      </trkpt>
      <trkpt lat="41.642503" lon="2.650434">
        <ele>343.909</ele>
        <time>2026-05-11T00:07:27.872577924Z</time>
      </trkpt>
      <trkpt lat="41.642515" lon="2.650475">
        <ele>344.719</ele>
        <time>2026-05-11T00:08:07.872584977Z</time>
      </trkpt>
      <trkpt lat="41.642540" lon="2.650533">
        <ele>345.309</ele>
        <time>2026-05-11T00:08:47.872592080Z</time>
      </trkpt>
      <trkpt lat="41.642575" lon="2.650590">
        <ele>345.042</ele>
        <time>2026-05-11T00:09:27.872599094Z</time>
      </trkpt>
      <trkpt lat="41.642595" lon="2.650616">
        <ele>344.610</ele>
        <time>2026-05-11T00:10:07.872606187Z</time>
      </trkpt>
      <trkpt lat="41.642618" lon="2.650642">
        <ele>344.128</ele>
        <time>2026-05-11T00:10:47.872613230Z</time>
      </trkpt>
      <trkpt lat="41.642637" lon="2.650671">
        <ele>343.827</ele>
        <time>2026-05-11T00:11:27.872620253Z</time>
      </trkpt>
      <trkpt lat="41.642659" lon="2.650698">
        <ele>343.465</ele>
        <time>2026-05-11T00:12:07.872627236Z</time>
      </trkpt>
      <trkpt lat="41.642682" lon="2.650718">
        <ele>342.791</ele>
        <time>2026-05-11T00:12:47.872634219Z</time>
      </trkpt>
      <trkpt lat="41.642725" lon="2.650762">
        <ele>341.712</ele>
        <time>2026-05-11T00:13:27.872641303Z</time>
      </trkpt>
      <trkpt lat="41.642746" lon="2.650796">
        <ele>341.616</ele>
        <time>2026-05-11T00:14:07.872648346Z</time>
      </trkpt>
      <trkpt lat="41.642779" lon="2.650840">
        <ele>341.039</ele>
        <time>2026-05-11T00:14:47.872655569Z</time>
      </trkpt>
      <trkpt lat="41.642800" lon="2.650869">
        <ele>340.241</ele>
        <time>2026-05-11T00:15:27.872662602Z</time>
      </trkpt>
      <trkpt lat="41.642819" lon="2.650903">
        <ele>339.681</ele>
        <time>2026-05-11T00:16:07.872669606Z</time>
      </trkpt>
      <trkpt lat="41.642836" lon="2.650934">
        <ele>339.109</ele>
        <time>2026-05-11T00:16:47.872676639Z</time>
      </trkpt>
      <trkpt lat="41.642848" lon="2.650967">
        <ele>338.909</ele>
        <time>2026-05-11T00:17:27.872683632Z</time>
      </trkpt>
      <trkpt lat="41.642867" lon="2.650994">
        <ele>338.355</ele>
        <time>2026-05-11T00:18:07.872690645Z</time>
      </trkpt>
      <trkpt lat="41.642878" lon="2.651033">
        <ele>338.373</ele>
        <time>2026-05-11T00:18:47.872697578Z</time>
      </trkpt>
      <trkpt lat="41.642891" lon="2.651074">
        <ele>338.231</ele>
        <time>2026-05-11T00:19:27.872704601Z</time>
      </trkpt>
      <trkpt lat="41.642898" lon="2.651118">
        <ele>338.310</ele>
        <time>2026-05-11T00:20:07.872711644Z</time>
      </trkpt>
      <trkpt lat="41.642895" lon="2.651186">
        <ele>337.998</ele>
        <time>2026-05-11T00:20:47.872718707Z</time>
      </trkpt>
      <trkpt lat="41.642890" lon="2.651226">
        <ele>337.884</ele>
        <time>2026-05-11T00:21:27.872725741Z</time>
      </trkpt>
      <trkpt lat="41.642878" lon="2.651268">
        <ele>338.045</ele>
        <time>2026-05-11T00:22:07.872732724Z</time>
      </trkpt>
      <trkpt lat="41.642848" lon="2.651328">
        <ele>338.829</ele>
        <time>2026-05-11T00:22:47.872739757Z</time>
      </trkpt>
      <trkpt lat="41.642823" lon="2.651351">
        <ele>339.682</ele>
        <time>2026-05-11T00:23:27.872746830Z</time>
      </trkpt>
      <trkpt lat="41.642798" lon="2.651368">
        <ele>340.428</ele>
        <time>2026-05-11T00:24:07.872754003Z</time>
      </trkpt>
      <trkpt lat="41.642765" lon="2.651416">
        <ele>340.489</ele>
        <time>2026-05-11T00:24:47.872761117Z</time>
      </trkpt>
      <trkpt lat="41.642736" lon="2.651435">
        <ele>340.717</ele>
        <time>2026-05-11T00:25:27.872768230Z</time>
      </trkpt>
      <trkpt lat="41.642705" lon="2.651445">
        <ele>341.309</ele>
        <time>2026-05-11T00:26:07.872775333Z</time>
      </trkpt>
      <trkpt lat="41.642679" lon="2.651463">
        <ele>341.443</ele>
        <time>2026-05-11T00:26:47.872782377Z</time>
      </trkpt>
      <trkpt lat="41.642653" lon="2.651482">
        <ele>341.541</ele>
        <time>2026-05-11T00:27:27.872789420Z</time>
      </trkpt>
      <trkpt lat="41.642626" lon="2.651501">
        <ele>341.729</ele>
        <time>2026-05-11T00:28:07.872796563Z</time>
      </trkpt>
      <trkpt lat="41.642578" lon="2.651523">
        <ele>342.378</ele>
        <time>2026-05-11T00:28:47.872803556Z</time>
      </trkpt>
      <trkpt lat="41.642552" lon="2.651541">
        <ele>342.446</ele>
        <time>2026-05-11T00:29:27.872810609Z</time>
      </trkpt>
      <trkpt lat="41.642522" lon="2.651556">
        <ele>342.752</ele>
        <time>2026-05-11T00:30:07.872817683Z</time>
      </trkpt>
      <trkpt lat="41.642480" lon="2.651593">
        <ele>342.683</ele>
        <time>2026-05-11T00:30:47.872824696Z</time>
      </trkpt>
      <trkpt lat="41.642454" lon="2.651612">
        <ele>342.827</ele>
        <time>2026-05-11T00:31:27.872831659Z</time>
      </trkpt>
      <trkpt lat="41.642422" lon="2.651621">
        <ele>343.620</ele>
        <time>2026-05-11T00:32:07.872838712Z</time>
      </trkpt>
      <trkpt lat="41.642376" lon="2.651643">
        <ele>344.427</ele>
        <time>2026-05-11T00:32:47.872845795Z</time>
      </trkpt>
      <trkpt lat="41.642318" lon="2.651656">
        <ele>345.968</ele>
        <time>2026-05-11T00:33:27.872852818Z</time>
      </trkpt>
      <trkpt lat="41.642289" lon="2.651661">
        <ele>346.814</ele>
        <time>2026-05-11T00:34:07.872859872Z</time>
      </trkpt>
      <trkpt lat="41.642262" lon="2.651662">
        <ele>347.709</ele>
        <time>2026-05-11T00:34:47.872866915Z</time>
      </trkpt>
      <trkpt lat="41.642230" lon="2.651662">
        <ele>348.993</ele>
        <time>2026-05-11T00:35:27.872873908Z</time>
      </trkpt>
      <trkpt lat="41.642183" lon="2.651673">
        <ele>349.811</ele>
        <time>2026-05-11T00:36:07.872880871Z</time>
      </trkpt>
      <trkpt lat="41.642149" lon="2.651702">
        <ele>349.479</ele>
        <time>2026-05-11T00:36:47.872888024Z</time>
      </trkpt>
      <trkpt lat="41.642126" lon="2.651727">
        <ele>348.978</ele>
        <time>2026-05-11T00:37:27.872895017Z</time>
      </trkpt>
      <trkpt lat="41.642102" lon="2.651752">
        <ele>348.536</ele>
        <time>2026-05-11T00:38:07.872902020Z</time>
      </trkpt>
      <trkpt lat="41.642069" lon="2.651792">
        <ele>347.942</ele>
        <time>2026-05-11T00:38:47.872909064Z</time>
      </trkpt>
      <trkpt lat="41.642040" lon="2.651837">
        <ele>347.173</ele>
        <time>2026-05-11T00:39:27.872916137Z</time>
      </trkpt>
      <trkpt lat="41.642025" lon="2.651905">
        <ele>344.947</ele>
        <time>2026-05-11T00:40:07.872923170Z</time>
      </trkpt>
      <trkpt lat="41.642028" lon="2.651976">
        <ele>341.880</ele>
        <time>2026-05-11T00:40:47.872930173Z</time>
      </trkpt>
      <trkpt lat="41.642037" lon="2.652012">
        <ele>340.033</ele>
        <time>2026-05-11T00:41:27.872937297Z</time>
      </trkpt>
      <trkpt lat="41.642028" lon="2.652077">
        <ele>337.823</ele>
        <time>2026-05-11T00:42:07.872951012Z</time>
      </trkpt>
      <trkpt lat="41.642022" lon="2.652139">
        <ele>335.715</ele>
        <time>2026-05-11T00:42:47.872958115Z</time>
      </trkpt>
      <trkpt lat="41.642023" lon="2.652213">
        <ele>332.709</ele>
        <time>2026-05-11T00:43:27.872965189Z</time>
      </trkpt>
      <trkpt lat="41.642014" lon="2.652261">
        <ele>331.914</ele>
        <time>2026-05-11T00:44:07.872972182Z</time>
      </trkpt>
      <trkpt lat="41.642014" lon="2.652331">
        <ele>330.422</ele>
        <time>2026-05-11T00:44:47.872979215Z</time>
      </trkpt>
      <trkpt lat="41.642018" lon="2.652370">
        <ele>329.420</ele>
        <time>2026-05-11T00:45:27.872986278Z</time>
      </trkpt>
      <trkpt lat="41.642014" lon="2.652437">
        <ele>328.119</ele>
        <time>2026-05-11T00:46:07.872993271Z</time>
      </trkpt>
      <trkpt lat="41.642009" lon="2.652502">
        <ele>326.927</ele>
        <time>2026-05-11T00:46:47.873000355Z</time>
      </trkpt>
      <trkpt lat="41.641974" lon="2.652557">
        <ele>326.783</ele>
        <time>2026-05-11T00:47:27.873007398Z</time>
      </trkpt>
      <trkpt lat="41.641945" lon="2.652582">
        <ele>326.954</ele>
        <time>2026-05-11T00:48:07.873014351Z</time>
      </trkpt>
      <trkpt lat="41.641919" lon="2.652601">
        <ele>326.618</ele>
        <time>2026-05-11T00:48:47.873021364Z</time>
      </trkpt>
      <trkpt lat="41.641893" lon="2.652612">
        <ele>326.591</ele>
        <time>2026-05-11T00:49:27.873028377Z</time>
      </trkpt>
      <trkpt lat="41.641867" lon="2.652617">
        <ele>326.593</ele>
        <time>2026-05-11T00:50:07.873035570Z</time>
      </trkpt>
      <trkpt lat="41.641837" lon="2.652624">
        <ele>326.565</ele>
        <time>2026-05-11T00:50:47.873042594Z</time>
      </trkpt>
      <trkpt lat="41.641806" lon="2.652622">
        <ele>326.721</ele>
        <time>2026-05-11T00:51:27.873049967Z</time>
      </trkpt>
      <trkpt lat="41.641755" lon="2.652601">
        <ele>327.609</ele>
        <time>2026-05-11T00:52:07.873057041Z</time>
      </trkpt>
      <trkpt lat="41.641724" lon="2.652590">
        <ele>328.160</ele>
        <time>2026-05-11T00:52:47.873064074Z</time>
      </trkpt>
      <trkpt lat="41.641691" lon="2.652577">
        <ele>328.638</ele>
        <time>2026-05-11T00:53:27.873071127Z</time>
      </trkpt>
      <trkpt lat="41.641660" lon="2.652564">
        <ele>329.126</ele>
        <time>2026-05-11T00:54:07.873078190Z</time>
      </trkpt>
      <trkpt lat="41.641619" lon="2.652524">
        <ele>330.145</ele>
        <time>2026-05-11T00:54:47.873085213Z</time>
      </trkpt>
      <trkpt lat="41.641589" lon="2.652513">
        <ele>330.373</ele>
        <time>2026-05-11T00:55:27.873092277Z</time>
      </trkpt>
      <trkpt lat="41.641560" lon="2.652502">
        <ele>330.669</ele>
        <time>2026-05-11T00:56:07.873099390Z</time>
      </trkpt>
      <trkpt lat="41.641506" lon="2.652479">
        <ele>331.380</ele>
        <time>2026-05-11T00:56:47.873106473Z</time>
      </trkpt>
      <trkpt lat="41.641479" lon="2.652469">
        <ele>331.724</ele>
        <time>2026-05-11T00:57:27.873113576Z</time>
      </trkpt>
      <trkpt lat="41.641424" lon="2.652445">
        <ele>332.537</ele>
        <time>2026-05-11T00:58:07.873120610Z</time>
      </trkpt>
      <trkpt lat="41.641392" lon="2.652436">
        <ele>332.851</ele>
        <time>2026-05-11T00:58:47.873127743Z</time>
      </trkpt>
      <trkpt lat="41.641363" lon="2.652421">
        <ele>332.901</ele>
        <time>2026-05-11T00:59:27.873134766Z</time>
      </trkpt>
      <trkpt lat="41.641333" lon="2.652413">
        <ele>332.811</ele>
        <time>2026-05-11T01:00:07.873141829Z</time>
      </trkpt>
      <trkpt lat="41.641305" lon="2.652408">
        <ele>332.509</ele>
        <time>2026-05-11T01:00:47.873148903Z</time>
      </trkpt>
      <trkpt lat="41.641251" lon="2.652401">
        <ele>331.886</ele>
        <time>2026-05-11T01:01:27.873155906Z</time>
      </trkpt>
      <trkpt lat="41.641221" lon="2.652393">
        <ele>331.674</ele>
        <time>2026-05-11T01:02:07.873162909Z</time>
      </trkpt>
      <trkpt lat="41.641193" lon="2.652387">
        <ele>331.422</ele>
        <time>2026-05-11T01:02:47.873169892Z</time>
      </trkpt>
      <trkpt lat="41.641161" lon="2.652384">
        <ele>330.971</ele>
        <time>2026-05-11T01:03:27.873176875Z</time>
      </trkpt>
      <trkpt lat="41.641133" lon="2.652384">
        <ele>330.469</ele>
        <time>2026-05-11T01:04:07.873183918Z</time>
      </trkpt>
      <trkpt lat="41.641103" lon="2.652380">
        <ele>330.045</ele>
        <time>2026-05-11T01:04:47.873190921Z</time>
      </trkpt>
      <trkpt lat="41.641075" lon="2.652377">
        <ele>329.466</ele>
        <time>2026-05-11T01:05:27.873197954Z</time>
      </trkpt>
      <trkpt lat="41.641041" lon="2.652371">
        <ele>328.840</ele>
        <time>2026-05-11T01:06:07.873204927Z</time>
      </trkpt>
      <trkpt lat="41.641015" lon="2.652361">
        <ele>328.663</ele>
        <time>2026-05-11T01:06:47.873212001Z</time>
      </trkpt>
      <trkpt lat="41.640963" lon="2.652343">
        <ele>328.147</ele>
        <time>2026-05-11T01:07:27.873219104Z</time>
      </trkpt>
      <trkpt lat="41.640932" lon="2.652333">
        <ele>327.729</ele>
        <time>2026-05-11T01:08:07.873226137Z</time>
      </trkpt>
      <trkpt lat="41.640879" lon="2.652317">
        <ele>327.121</ele>
        <time>2026-05-11T01:08:47.873233200Z</time>
      </trkpt>
      <trkpt lat="41.640852" lon="2.652305">
        <ele>326.909</ele>
        <time>2026-05-11T01:09:27.873240233Z</time>
      </trkpt>
      <trkpt lat="41.640829" lon="2.652285">
        <ele>327.125</ele>
        <time>2026-05-11T01:10:07.873247227Z</time>
      </trkpt>
      <trkpt lat="41.640777" lon="2.652258">
        <ele>326.323</ele>
        <time>2026-05-11T01:10:47.873254260Z</time>
      </trkpt>
      <trkpt lat="41.640752" lon="2.652240">
        <ele>326.031</ele>
        <time>2026-05-11T01:11:27.873261323Z</time>
      </trkpt>
      <trkpt lat="41.640703" lon="2.652212">
        <ele>325.310</ele>
        <time>2026-05-11T01:12:07.873268376Z</time>
      </trkpt>
      <trkpt lat="41.640676" lon="2.652198">
        <ele>324.948</ele>
        <time>2026-05-11T01:12:47.873275760Z</time>
      </trkpt>
      <trkpt lat="41.640629" lon="2.652165">
        <ele>324.584</ele>
        <time>2026-05-11T01:13:27.873283054Z</time>
      </trkpt>
      <trkpt lat="41.640586" lon="2.652126">
        <ele>324.745</ele>
        <time>2026-05-11T01:14:07.873290207Z</time>
      </trkpt>
      <trkpt lat="41.640543" lon="2.652081">
        <ele>325.429</ele>
        <time>2026-05-11T01:14:47.873297290Z</time>
      </trkpt>
      <trkpt lat="41.640519" lon="2.652051">
        <ele>326.422</ele>
        <time>2026-05-11T01:15:27.873304323Z</time>
      </trkpt>
      <trkpt lat="41.640493" lon="2.652034">
        <ele>326.794</ele>
        <time>2026-05-11T01:16:07.873311477Z</time>
      </trkpt>
      <trkpt lat="41.640457" lon="2.651989">
        <ele>328.157</ele>
        <time>2026-05-11T01:16:47.873318580Z</time>
      </trkpt>
      <trkpt lat="41.640436" lon="2.651964">
        <ele>328.922</ele>
        <time>2026-05-11T01:17:27.873325613Z</time>
      </trkpt>
      <trkpt lat="41.640414" lon="2.651942">
        <ele>329.609</ele>
        <time>2026-05-11T01:18:07.873332737Z</time>
      </trkpt>
      <trkpt lat="41.640393" lon="2.651913">
        <ele>330.870</ele>
        <time>2026-05-11T01:18:47.873339780Z</time>
      </trkpt>
      <trkpt lat="41.640347" lon="2.651880">
        <ele>331.858</ele>
        <time>2026-05-11T01:19:27.873346883Z</time>
      </trkpt>
      <trkpt lat="41.640328" lon="2.651850">
        <ele>333.226</ele>
        <time>2026-05-11T01:20:07.873353916Z</time>
      </trkpt>
      <trkpt lat="41.640298" lon="2.651838">
        <ele>333.455</ele>
        <time>2026-05-11T01:20:47.873360949Z</time>
      </trkpt>
      <trkpt lat="41.640270" lon="2.651830">
        <ele>333.673</ele>
        <time>2026-05-11T01:21:27.873372511Z</time>
      </trkpt>
      <trkpt lat="41.640219" lon="2.651844">
        <ele>333.239</ele>
        <time>2026-05-11T01:22:07.873379514Z</time>
      </trkpt>
      <trkpt lat="41.640223" lon="2.651886">
        <ele>330.810</ele>
        <time>2026-05-11T01:22:47.873386607Z</time>
      </trkpt>
      <trkpt lat="41.640274" lon="2.651910">
        <ele>329.034</ele>
        <time>2026-05-11T01:23:27.873393610Z</time>
      </trkpt>
      <trkpt lat="41.640296" lon="2.651931">
        <ele>328.177</ele>
        <time>2026-05-11T01:24:07.873400734Z</time>
      </trkpt>
      <trkpt lat="41.640332" lon="2.651969">
        <ele>326.833</ele>
        <time>2026-05-11T01:24:47.873407847Z</time>
      </trkpt>
      <trkpt lat="41.640366" lon="2.652020">
        <ele>325.123</ele>
        <time>2026-05-11T01:25:27.873414930Z</time>
      </trkpt>
      <trkpt lat="41.640395" lon="2.652083">
        <ele>322.615</ele>
        <time>2026-05-11T01:26:07.873422024Z</time>
      </trkpt>
      <trkpt lat="41.640409" lon="2.652119">
        <ele>321.209</ele>
        <time>2026-05-11T01:26:47.873429167Z</time>
      </trkpt>
      <trkpt lat="41.640430" lon="2.652183">
        <ele>318.654</ele>
        <time>2026-05-11T01:27:27.873436330Z</time>
      </trkpt>
      <trkpt lat="41.640443" lon="2.652219">
        <ele>317.172</ele>
        <time>2026-05-11T01:28:07.873443424Z</time>
      </trkpt>
      <trkpt lat="41.640469" lon="2.652285">
        <ele>314.810</ele>
        <time>2026-05-11T01:28:47.873450447Z</time>
      </trkpt>
      <trkpt lat="41.640486" lon="2.652316">
        <ele>313.999</ele>
        <time>2026-05-11T01:29:27.873457470Z</time>
      </trkpt>
      <trkpt lat="41.640516" lon="2.652363">
        <ele>312.647</ele>
        <time>2026-05-11T01:30:07.873464503Z</time>
      </trkpt>
      <trkpt lat="41.640557" lon="2.652411">
        <ele>311.623</ele>
        <time>2026-05-11T01:30:47.873471536Z</time>
      </trkpt>
      <trkpt lat="41.640596" lon="2.652458">
        <ele>311.184</ele>
        <time>2026-05-11T01:31:27.873478559Z</time>
      </trkpt>
      <trkpt lat="41.640621" lon="2.652479">
        <ele>311.268</ele>
        <time>2026-05-11T01:32:07.873485613Z</time>
      </trkpt>
      <trkpt lat="41.640672" lon="2.652509">
        <ele>311.931</ele>
        <time>2026-05-11T01:32:47.873492646Z</time>
      </trkpt>
      <trkpt lat="41.640699" lon="2.652522">
        <ele>312.572</ele>
        <time>2026-05-11T01:33:27.873499729Z</time>
      </trkpt>
      <trkpt lat="41.640727" lon="2.652538">
        <ele>313.113</ele>
        <time>2026-05-11T01:34:07.873506782Z</time>
      </trkpt>
      <trkpt lat="41.640775" lon="2.652560">
        <ele>314.214</ele>
        <time>2026-05-11T01:34:47.873513856Z</time>
      </trkpt>
      <trkpt lat="41.640800" lon="2.652576">
        <ele>314.609</ele>
        <time>2026-05-11T01:35:27.873520909Z</time>
      </trkpt>
      <trkpt lat="41.640826" lon="2.652584">
        <ele>315.378</ele>
        <time>2026-05-11T01:36:07.873527962Z</time>
      </trkpt>
      <trkpt lat="41.640860" lon="2.652591">
        <ele>316.086</ele>
        <time>2026-05-11T01:36:47.873535015Z</time>
      </trkpt>
      <trkpt lat="41.640889" lon="2.652604">
        <ele>316.344</ele>
        <time>2026-05-11T01:37:27.873542008Z</time>
      </trkpt>
      <trkpt lat="41.640933" lon="2.652626">
        <ele>316.683</ele>
        <time>2026-05-11T01:38:07.873549071Z</time>
      </trkpt>
      <trkpt lat="41.640961" lon="2.652631">
        <ele>317.031</ele>
        <time>2026-05-11T01:38:47.873556145Z</time>
      </trkpt>
      <trkpt lat="41.641007" lon="2.652646">
        <ele>317.597</ele>
        <time>2026-05-11T01:39:27.873563458Z</time>
      </trkpt>
      <trkpt lat="41.641056" lon="2.652649">
        <ele>318.518</ele>
        <time>2026-05-11T01:40:07.873570532Z</time>
      </trkpt>
      <trkpt lat="41.641087" lon="2.652654">
        <ele>318.932</ele>
        <time>2026-05-11T01:40:47.873577695Z</time>
      </trkpt>
      <trkpt lat="41.641144" lon="2.652655">
        <ele>319.925</ele>
        <time>2026-05-11T01:41:27.873585249Z</time>
      </trkpt>
      <trkpt lat="41.641192" lon="2.652649">
        <ele>320.958</ele>
        <time>2026-05-11T01:42:07.873592393Z</time>
      </trkpt>
      <trkpt lat="41.641222" lon="2.652649">
        <ele>321.452</ele>
        <time>2026-05-11T01:42:47.873599476Z</time>
      </trkpt>
      <trkpt lat="41.641252" lon="2.652651">
        <ele>321.817</ele>
        <time>2026-05-11T01:43:27.873606539Z</time>
      </trkpt>
      <trkpt lat="41.641280" lon="2.652662">
        <ele>321.909</ele>
        <time>2026-05-11T01:44:07.873613522Z</time>
      </trkpt>
      <trkpt lat="41.641306" lon="2.652676">
        <ele>321.726</ele>
        <time>2026-05-11T01:44:47.873620535Z</time>
      </trkpt>
      <trkpt lat="41.641336" lon="2.652697">
        <ele>321.414</ele>
        <time>2026-05-11T01:45:27.873627548Z</time>
      </trkpt>
      <trkpt lat="41.641362" lon="2.652720">
        <ele>320.932</ele>
        <time>2026-05-11T01:46:07.873634591Z</time>
      </trkpt>
      <trkpt lat="41.641386" lon="2.652744">
        <ele>320.341</ele>
        <time>2026-05-11T01:46:47.873641575Z</time>
      </trkpt>
      <trkpt lat="41.641425" lon="2.652779">
        <ele>319.589</ele>
        <time>2026-05-11T01:47:27.873648578Z</time>
      </trkpt>
      <trkpt lat="41.641452" lon="2.652800">
        <ele>319.235</ele>
        <time>2026-05-11T01:48:07.873655731Z</time>
      </trkpt>
      <trkpt lat="41.641481" lon="2.652819">
        <ele>319.086</ele>
        <time>2026-05-11T01:48:47.873662884Z</time>
      </trkpt>
      <trkpt lat="41.641507" lon="2.652835">
        <ele>318.850</ele>
        <time>2026-05-11T01:49:27.873669978Z</time>
      </trkpt>
      <trkpt lat="41.641531" lon="2.652854">
        <ele>318.683</ele>
        <time>2026-05-11T01:50:07.873677001Z</time>
      </trkpt>
      <trkpt lat="41.641581" lon="2.652867">
        <ele>318.999</ele>
        <time>2026-05-11T01:50:47.873684124Z</time>
      </trkpt>
      <trkpt lat="41.641611" lon="2.652867">
        <ele>319.307</ele>
        <time>2026-05-11T01:51:27.873691157Z</time>
      </trkpt>
      <trkpt lat="41.641640" lon="2.652864">
        <ele>319.827</ele>
        <time>2026-05-11T01:52:07.873698180Z</time>
      </trkpt>
      <trkpt lat="41.641670" lon="2.652860">
        <ele>320.309</ele>
        <time>2026-05-11T01:52:47.873705394Z</time>
      </trkpt>
      <trkpt lat="41.641701" lon="2.652869">
        <ele>320.080</ele>
        <time>2026-05-11T01:53:27.873712477Z</time>
      </trkpt>
      <trkpt lat="41.641749" lon="2.652895">
        <ele>319.398</ele>
        <time>2026-05-11T01:54:07.873719591Z</time>
      </trkpt>
      <trkpt lat="41.641778" lon="2.652914">
        <ele>318.846</ele>
        <time>2026-05-11T01:54:47.873726644Z</time>
      </trkpt>
      <trkpt lat="41.641807" lon="2.652930">
        <ele>318.465</ele>
        <time>2026-05-11T01:55:27.873733667Z</time>
      </trkpt>
      <trkpt lat="41.641836" lon="2.652950">
        <ele>317.933</ele>
        <time>2026-05-11T01:56:07.873740720Z</time>
      </trkpt>
      <trkpt lat="41.641865" lon="2.652969">
        <ele>317.639</ele>
        <time>2026-05-11T01:56:47.873747763Z</time>
      </trkpt>
      <trkpt lat="41.641890" lon="2.652985">
        <ele>317.360</ele>
        <time>2026-05-11T01:57:27.873754786Z</time>
      </trkpt>
      <trkpt lat="41.641932" lon="2.653024">
        <ele>316.674</ele>
        <time>2026-05-11T01:58:07.873761780Z</time>
      </trkpt>
      <trkpt lat="41.641978" lon="2.653060">
        <ele>315.677</ele>
        <time>2026-05-11T01:58:47.873768893Z</time>
      </trkpt>
      <trkpt lat="41.642003" lon="2.653082">
        <ele>314.933</ele>
        <time>2026-05-11T01:59:27.873776036Z</time>
      </trkpt>
      <trkpt lat="41.642029" lon="2.653094">
        <ele>314.423</ele>
        <time>2026-05-11T02:00:07.873783079Z</time>
      </trkpt>
      <trkpt lat="41.642057" lon="2.653110">
        <ele>313.915</ele>
        <time>2026-05-11T02:00:47.873795843Z</time>
      </trkpt>
      <trkpt lat="41.642085" lon="2.653126">
        <ele>313.309</ele>
        <time>2026-05-11T02:01:27.873803007Z</time>
      </trkpt>
      <trkpt lat="41.642110" lon="2.653146">
        <ele>312.854</ele>
        <time>2026-05-11T02:02:07.873810050Z</time>
      </trkpt>
      <trkpt lat="41.642134" lon="2.653165">
        <ele>312.352</ele>
        <time>2026-05-11T02:02:47.873817153Z</time>
      </trkpt>
      <trkpt lat="41.642158" lon="2.653186">
        <ele>311.790</ele>
        <time>2026-05-11T02:03:27.873824176Z</time>
      </trkpt>
      <trkpt lat="41.642186" lon="2.653199">
        <ele>311.339</ele>
        <time>2026-05-11T02:04:07.873831199Z</time>
      </trkpt>
      <trkpt lat="41.642212" lon="2.653219">
        <ele>310.757</ele>
        <time>2026-05-11T02:04:47.873838243Z</time>
      </trkpt>
      <trkpt lat="41.642233" lon="2.653248">
        <ele>309.943</ele>
        <time>2026-05-11T02:05:27.873845306Z</time>
      </trkpt>
      <trkpt lat="41.642250" lon="2.653279">
        <ele>309.094</ele>
        <time>2026-05-11T02:06:07.873852359Z</time>
      </trkpt>
      <trkpt lat="41.642277" lon="2.653349">
        <ele>307.278</ele>
        <time>2026-05-11T02:06:47.873859382Z</time>
      </trkpt>
      <trkpt lat="41.642287" lon="2.653384">
        <ele>306.461</ele>
        <time>2026-05-11T02:07:27.873866506Z</time>
      </trkpt>
      <trkpt lat="41.642293" lon="2.653422">
        <ele>305.841</ele>
        <time>2026-05-11T02:08:07.873873569Z</time>
      </trkpt>
      <trkpt lat="41.642293" lon="2.653463">
        <ele>305.281</ele>
        <time>2026-05-11T02:08:47.873880582Z</time>
      </trkpt>
      <trkpt lat="41.642292" lon="2.653507">
        <ele>304.709</ele>
        <time>2026-05-11T02:09:27.873887605Z</time>
      </trkpt>
      <trkpt lat="41.642296" lon="2.653582">
        <ele>303.609</ele>
        <time>2026-05-11T02:10:07.873894668Z</time>
      </trkpt>
      <trkpt lat="41.642305" lon="2.653620">
        <ele>303.075</ele>
        <time>2026-05-11T02:10:47.873901681Z</time>
      </trkpt>
      <trkpt lat="41.642311" lon="2.653695">
        <ele>302.023</ele>
        <time>2026-05-11T02:11:27.873908654Z</time>
      </trkpt>
      <trkpt lat="41.642312" lon="2.653735">
        <ele>301.531</ele>
        <time>2026-05-11T02:12:07.873915728Z</time>
      </trkpt>
      <trkpt lat="41.642311" lon="2.653779">
        <ele>301.090</ele>
        <time>2026-05-11T02:12:47.873922721Z</time>
      </trkpt>
      <trkpt lat="41.642310" lon="2.653828">
        <ele>300.488</ele>
        <time>2026-05-11T02:13:27.873929754Z</time>
      </trkpt>
      <trkpt lat="41.642309" lon="2.653869">
        <ele>299.954</ele>
        <time>2026-05-11T02:14:07.873936787Z</time>
      </trkpt>
      <trkpt lat="41.642304" lon="2.653904">
        <ele>299.725</ele>
        <time>2026-05-11T02:14:47.873943850Z</time>
      </trkpt>
      <trkpt lat="41.642303" lon="2.653941">
        <ele>299.899</ele>
        <time>2026-05-11T02:15:27.873950833Z</time>
      </trkpt>
      <trkpt lat="41.642302" lon="2.653979">
        <ele>299.922</ele>
        <time>2026-05-11T02:16:07.873957907Z</time>
      </trkpt>
      <trkpt lat="41.642299" lon="2.654024">
        <ele>300.044</ele>
        <time>2026-05-11T02:16:47.873965030Z</time>
      </trkpt>
      <trkpt lat="41.642298" lon="2.654067">
        <ele>300.105</ele>
        <time>2026-05-11T02:17:27.873972103Z</time>
      </trkpt>
      <trkpt lat="41.642302" lon="2.654110">
        <ele>300.215</ele>
        <time>2026-05-11T02:18:07.873979277Z</time>
      </trkpt>
      <trkpt lat="41.642308" lon="2.654145">
        <ele>300.309</ele>
        <time>2026-05-11T02:18:47.873986360Z</time>
      </trkpt>
      <trkpt lat="41.642321" lon="2.654208">
        <ele>300.825</ele>
        <time>2026-05-11T02:19:27.873993443Z</time>
      </trkpt>
      <trkpt lat="41.642330" lon="2.654245">
        <ele>301.233</ele>
        <time>2026-05-11T02:20:07.874000516Z</time>
      </trkpt>
      <trkpt lat="41.642351" lon="2.654310">
        <ele>302.011</ele>
        <time>2026-05-11T02:20:47.874007590Z</time>
      </trkpt>
      <trkpt lat="41.642361" lon="2.654349">
        <ele>302.520</ele>
        <time>2026-05-11T02:21:27.874014653Z</time>
      </trkpt>
      <trkpt lat="41.642372" lon="2.654383">
        <ele>302.948</ele>
        <time>2026-05-11T02:22:07.874021866Z</time>
      </trkpt>
      <trkpt lat="41.642381" lon="2.654423">
        <ele>303.334</ele>
        <time>2026-05-11T02:22:47.874028980Z</time>
      </trkpt>
      <trkpt lat="41.642382" lon="2.654463">
        <ele>303.965</ele>
        <time>2026-05-11T02:23:27.874035953Z</time>
      </trkpt>
      <trkpt lat="41.642387" lon="2.654502">
        <ele>304.569</ele>
        <time>2026-05-11T02:24:07.874042976Z</time>
      </trkpt>
      <trkpt lat="41.642387" lon="2.654545">
        <ele>305.372</ele>
        <time>2026-05-11T02:24:47.874050049Z</time>
      </trkpt>
      <trkpt lat="41.642389" lon="2.654607">
        <ele>306.385</ele>
        <time>2026-05-11T02:25:27.874057092Z</time>
      </trkpt>
      <trkpt lat="41.642399" lon="2.654667">
        <ele>307.489</ele>
        <time>2026-05-11T02:26:07.874064115Z</time>
      </trkpt>
      <trkpt lat="41.642403" lon="2.654704">
        <ele>308.017</ele>
        <time>2026-05-11T02:26:47.874071179Z</time>
      </trkpt>
      <trkpt lat="41.642419" lon="2.654780">
        <ele>308.909</ele>
        <time>2026-05-11T02:27:27.874078232Z</time>
      </trkpt>
      <trkpt lat="41.642430" lon="2.654818">
        <ele>309.329</ele>
        <time>2026-05-11T02:28:07.874085245Z</time>
      </trkpt>
      <trkpt lat="41.642452" lon="2.654848">
        <ele>309.697</ele>
        <time>2026-05-11T02:28:47.874092398Z</time>
      </trkpt>
      <trkpt lat="41.642468" lon="2.654883">
        <ele>310.075</ele>
        <time>2026-05-11T02:29:27.874099331Z</time>
      </trkpt>
      <trkpt lat="41.642492" lon="2.654918">
        <ele>310.424</ele>
        <time>2026-05-11T02:30:07.874106364Z</time>
      </trkpt>
      <trkpt lat="41.642509" lon="2.654948">
        <ele>310.542</ele>
        <time>2026-05-11T02:30:47.874113748Z</time>
      </trkpt>
      <trkpt lat="41.642533" lon="2.654972">
        <ele>310.388</ele>
        <time>2026-05-11T02:31:27.874121132Z</time>
      </trkpt>
      <trkpt lat="41.642558" lon="2.654996">
        <ele>310.149</ele>
        <time>2026-05-11T02:32:07.874128416Z</time>
      </trkpt>
      <trkpt lat="41.642583" lon="2.655021">
        <ele>310.183</ele>
        <time>2026-05-11T02:32:47.874135449Z</time>
      </trkpt>
      <trkpt lat="41.642607" lon="2.655048">
        <ele>310.276</ele>
        <time>2026-05-11T02:33:27.874142472Z</time>
      </trkpt>
      <trkpt lat="41.642631" lon="2.655076">
        <ele>310.239</ele>
        <time>2026-05-11T02:34:07.874149635Z</time>
      </trkpt>
      <trkpt lat="41.642656" lon="2.655105">
        <ele>310.301</ele>
        <time>2026-05-11T02:34:47.874156669Z</time>
      </trkpt>
      <trkpt lat="41.642675" lon="2.655132">
        <ele>310.421</ele>
        <time>2026-05-11T02:35:27.874163692Z</time>
      </trkpt>
      <trkpt lat="41.642713" lon="2.655197">
        <ele>310.809</ele>
        <time>2026-05-11T02:36:07.874170695Z</time>
      </trkpt>
      <trkpt lat="41.642735" lon="2.655246">
        <ele>311.274</ele>
        <time>2026-05-11T02:36:47.874177678Z</time>
      </trkpt>
      <trkpt lat="41.642752" lon="2.655277">
        <ele>311.452</ele>
        <time>2026-05-11T02:37:27.874184681Z</time>
      </trkpt>
      <trkpt lat="41.642782" lon="2.655332">
        <ele>311.590</ele>
        <time>2026-05-11T02:38:07.874191674Z</time>
      </trkpt>
      <trkpt lat="41.642793" lon="2.655365">
        <ele>311.719</ele>
        <time>2026-05-11T02:38:47.874198647Z</time>
      </trkpt>
      <trkpt lat="41.642807" lon="2.655400">
        <ele>311.857</ele>
        <time>2026-05-11T02:39:27.874205720Z</time>
      </trkpt>
      <trkpt lat="41.642833" lon="2.655456">
        <ele>312.143</ele>
        <time>2026-05-11T02:40:07.874217482Z</time>
      </trkpt>
      <trkpt lat="41.642850" lon="2.655496">
        <ele>312.374</ele>
        <time>2026-05-11T02:40:47.874224616Z</time>
      </trkpt>
      <trkpt lat="41.642866" lon="2.655526">
        <ele>312.418</ele>
        <time>2026-05-11T02:41:27.874231689Z</time>
      </trkpt>
      <trkpt lat="41.642885" lon="2.655557">
        <ele>312.531</ele>
        <time>2026-05-11T02:42:07.874238762Z</time>
      </trkpt>
      <trkpt lat="41.642901" lon="2.655592">
        <ele>312.322</ele>
        <time>2026-05-11T02:42:47.874245845Z</time>
      </trkpt>
      <trkpt lat="41.642930" lon="2.655610">
        <ele>311.962</ele>
        <time>2026-05-11T02:43:27.874252909Z</time>
      </trkpt>
      <trkpt lat="41.642957" lon="2.655628">
        <ele>311.708</ele>
        <time>2026-05-11T02:44:07.874259942Z</time>
      </trkpt>
      <trkpt lat="41.642987" lon="2.655644">
        <ele>311.409</ele>
        <time>2026-05-11T02:44:47.874266935Z</time>
      </trkpt>
      <trkpt lat="41.643014" lon="2.655643">
        <ele>311.153</ele>
        <time>2026-05-11T02:45:27.874274088Z</time>
      </trkpt>
      <trkpt lat="41.643065" lon="2.655649">
        <ele>310.431</ele>
        <time>2026-05-11T02:46:07.874281202Z</time>
      </trkpt>
      <trkpt lat="41.643096" lon="2.655665">
        <ele>309.769</ele>
        <time>2026-05-11T02:46:47.874288195Z</time>
      </trkpt>
      <trkpt lat="41.643124" lon="2.655673">
        <ele>309.168</ele>
        <time>2026-05-11T02:47:27.874295188Z</time>
      </trkpt>
      <trkpt lat="41.643152" lon="2.655689">
        <ele>308.546</ele>
        <time>2026-05-11T02:48:07.874302251Z</time>
      </trkpt>
      <trkpt lat="41.643180" lon="2.655709">
        <ele>308.082</ele>
        <time>2026-05-11T02:48:47.874309244Z</time>
      </trkpt>
      <trkpt lat="41.643223" lon="2.655756">
        <ele>307.563</ele>
        <time>2026-05-11T02:49:27.874316247Z</time>
      </trkpt>
      <trkpt lat="41.643256" lon="2.655797">
        <ele>307.297</ele>
        <time>2026-05-11T02:50:07.874323250Z</time>
      </trkpt>
      <trkpt lat="41.643277" lon="2.655828">
        <ele>307.110</ele>
        <time>2026-05-11T02:50:47.874330314Z</time>
      </trkpt>
      <trkpt lat="41.643290" lon="2.655868">
        <ele>307.329</ele>
        <time>2026-05-11T02:51:27.874337497Z</time>
      </trkpt>
      <trkpt lat="41.643324" lon="2.655916">
        <ele>307.100</ele>
        <time>2026-05-11T02:52:07.874344560Z</time>
      </trkpt>
      <trkpt lat="41.643340" lon="2.655953">
        <ele>307.120</ele>
        <time>2026-05-11T02:52:47.874351734Z</time>
      </trkpt>
      <trkpt lat="41.643373" lon="2.656021">
        <ele>307.009</ele>
        <time>2026-05-11T02:53:27.874358877Z</time>
      </trkpt>
      <trkpt lat="41.643391" lon="2.656053">
        <ele>307.033</ele>
        <time>2026-05-11T02:54:07.874366Z</time>
      </trkpt>
      <trkpt lat="41.643407" lon="2.656084">
        <ele>307.061</ele>
        <time>2026-05-11T02:54:47.874373074Z</time>
      </trkpt>
      <trkpt lat="41.643425" lon="2.656117">
        <ele>307.129</ele>
        <time>2026-05-11T02:55:27.874380097Z</time>
      </trkpt>
      <trkpt lat="41.643445" lon="2.656151">
        <ele>307.018</ele>
        <time>2026-05-11T02:56:07.874387090Z</time>
      </trkpt>
      <trkpt lat="41.643465" lon="2.656181">
        <ele>306.966</ele>
        <time>2026-05-11T02:56:47.874394183Z</time>
      </trkpt>
      <trkpt lat="41.643482" lon="2.656211">
        <ele>306.932</ele>
        <time>2026-05-11T02:57:27.874401196Z</time>
      </trkpt>
      <trkpt lat="41.643511" lon="2.656256">
        <ele>306.983</ele>
        <time>2026-05-11T02:58:07.874408209Z</time>
      </trkpt>
      <trkpt lat="41.643530" lon="2.656284">
        <ele>306.917</ele>
        <time>2026-05-11T02:58:47.874415543Z</time>
      </trkpt>
      <trkpt lat="41.643554" lon="2.656315">
        <ele>306.990</ele>
        <time>2026-05-11T02:59:27.874426323Z</time>
      </trkpt>
      <trkpt lat="41.643595" lon="2.656368">
        <ele>306.947</ele>
        <time>2026-05-11T03:00:07.874438055Z</time>
      </trkpt>
      <trkpt lat="41.643632" lon="2.656425">
        <ele>306.429</ele>
        <time>2026-05-11T03:00:47.874449807Z</time>
      </trkpt>
      <trkpt lat="41.643656" lon="2.656447">
        <ele>305.821</ele>
        <time>2026-05-11T03:01:27.874461559Z</time>
      </trkpt>
      <trkpt lat="41.643679" lon="2.656475">
        <ele>305.309</ele>
        <time>2026-05-11T03:02:07.874473331Z</time>
      </trkpt>
      <trkpt lat="41.643702" lon="2.656504">
        <ele>304.875</ele>
        <time>2026-05-11T03:02:47.874485203Z</time>
      </trkpt>
      <trkpt lat="41.643719" lon="2.656536">
        <ele>304.653</ele>
        <time>2026-05-11T03:03:27.874496615Z</time>
      </trkpt>
      <trkpt lat="41.643744" lon="2.656560">
        <ele>304.231</ele>
        <time>2026-05-11T03:04:07.874508327Z</time>
      </trkpt>
      <trkpt lat="41.643781" lon="2.656613">
        <ele>303.930</ele>
        <time>2026-05-11T03:04:47.874515590Z</time>
      </trkpt>
      <trkpt lat="41.643801" lon="2.656642">
        <ele>303.898</ele>
        <time>2026-05-11T03:05:27.874523144Z</time>
      </trkpt>
      <trkpt lat="41.643817" lon="2.656679">
        <ele>303.864</ele>
        <time>2026-05-11T03:06:07.874531290Z</time>
      </trkpt>
      <trkpt lat="41.643832" lon="2.656716">
        <ele>303.665</ele>
        <time>2026-05-11T03:06:47.874538343Z</time>
      </trkpt>
      <trkpt lat="41.643860" lon="2.656767">
        <ele>303.569</ele>
        <time>2026-05-11T03:07:27.874545376Z</time>
      </trkpt>
      <trkpt lat="41.643891" lon="2.656830">
        <ele>303.682</ele>
        <time>2026-05-11T03:08:07.874552399Z</time>
      </trkpt>
      <trkpt lat="41.643905" lon="2.656869">
        <ele>303.625</ele>
        <time>2026-05-11T03:08:47.874559543Z</time>
      </trkpt>
      <trkpt lat="41.643913" lon="2.656908">
        <ele>303.726</ele>
        <time>2026-05-11T03:09:27.874566626Z</time>
      </trkpt>
      <trkpt lat="41.643921" lon="2.656947">
        <ele>303.708</ele>
        <time>2026-05-11T03:10:07.874573669Z</time>
      </trkpt>
      <trkpt lat="41.643935" lon="2.656981">
        <ele>303.409</ele>
        <time>2026-05-11T03:10:47.874580752Z</time>
      </trkpt>
      <trkpt lat="41.643951" lon="2.657012">
        <ele>303.183</ele>
        <time>2026-05-11T03:11:27.874587785Z</time>
      </trkpt>
      <trkpt lat="41.643960" lon="2.657048">
        <ele>302.851</ele>
        <time>2026-05-11T03:12:07.874594768Z</time>
      </trkpt>
      <trkpt lat="41.643965" lon="2.657089">
        <ele>302.679</ele>
        <time>2026-05-11T03:12:47.874601782Z</time>
      </trkpt>
      <trkpt lat="41.643968" lon="2.657129">
        <ele>302.468</ele>
        <time>2026-05-11T03:13:27.874608835Z</time>
      </trkpt>
      <trkpt lat="41.643971" lon="2.657166">
        <ele>302.276</ele>
        <time>2026-05-11T03:14:07.874615868Z</time>
      </trkpt>
      <trkpt lat="41.643980" lon="2.657242">
        <ele>302.062</ele>
        <time>2026-05-11T03:14:47.874622881Z</time>
      </trkpt>
      <trkpt lat="41.643983" lon="2.657284">
        <ele>301.923</ele>
        <time>2026-05-11T03:15:27.874629934Z</time>
      </trkpt>
      <trkpt lat="41.643986" lon="2.657324">
        <ele>301.997</ele>
        <time>2026-05-11T03:16:07.874636887Z</time>
      </trkpt>
      <trkpt lat="41.643990" lon="2.657370">
        <ele>301.910</ele>
        <time>2026-05-11T03:16:47.874643920Z</time>
      </trkpt>
      <trkpt lat="41.644001" lon="2.657408">
        <ele>302.132</ele>
        <time>2026-05-11T03:17:27.874651014Z</time>
      </trkpt>
      <trkpt lat="41.644012" lon="2.657477">
        <ele>302.292</ele>
        <time>2026-05-11T03:18:07.874658057Z</time>
      </trkpt>
      <trkpt lat="41.644020" lon="2.657512">
        <ele>302.311</ele>
        <time>2026-05-11T03:18:47.874665080Z</time>
      </trkpt>
      <trkpt lat="41.644028" lon="2.657548">
        <ele>302.309</ele>
        <time>2026-05-11T03:19:27.874680910Z</time>
      </trkpt>
      <trkpt lat="41.644032" lon="2.657588">
        <ele>302.324</ele>
        <time>2026-05-11T03:20:07.874687903Z</time>
      </trkpt>
      <trkpt lat="41.644040" lon="2.657628">
        <ele>302.322</ele>
        <time>2026-05-11T03:20:47.874695677Z</time>
      </trkpt>
      <trkpt lat="41.644046" lon="2.657665">
        <ele>302.330</ele>
        <time>2026-05-11T03:21:27.874702831Z</time>
      </trkpt>
      <trkpt lat="41.644050" lon="2.657708">
        <ele>302.389</ele>
        <time>2026-05-11T03:22:07.874709904Z</time>
      </trkpt>
      <trkpt lat="41.644067" lon="2.657778">
        <ele>302.547</ele>
        <time>2026-05-11T03:22:47.874716917Z</time>
      </trkpt>
      <trkpt lat="41.644069" lon="2.657817">
        <ele>302.363</ele>
        <time>2026-05-11T03:23:27.874723930Z</time>
      </trkpt>
      <trkpt lat="41.644079" lon="2.657858">
        <ele>302.394</ele>
        <time>2026-05-11T03:24:07.874730903Z</time>
      </trkpt>
      <trkpt lat="41.644085" lon="2.657897">
        <ele>302.338</ele>
        <time>2026-05-11T03:24:47.874738006Z</time>
      </trkpt>
      <trkpt lat="41.644091" lon="2.657937">
        <ele>302.211</ele>
        <time>2026-05-11T03:25:27.874745040Z</time>
      </trkpt>
      <trkpt lat="41.644101" lon="2.657973">
        <ele>302.375</ele>
        <time>2026-05-11T03:26:07.874752173Z</time>
      </trkpt>
      <trkpt lat="41.644120" lon="2.658044">
        <ele>302.528</ele>
        <time>2026-05-11T03:26:47.874759246Z</time>
      </trkpt>
      <trkpt lat="41.644133" lon="2.658100">
        <ele>302.320</ele>
        <time>2026-05-11T03:27:27.874766279Z</time>
      </trkpt>
      <trkpt lat="41.644151" lon="2.658133">
        <ele>302.409</ele>
        <time>2026-05-11T03:28:07.874773313Z</time>
      </trkpt>
      <trkpt lat="41.644188" lon="2.658182">
        <ele>302.468</ele>
        <time>2026-05-11T03:28:47.874780316Z</time>
      </trkpt>
      <trkpt lat="41.644206" lon="2.658209">
        <ele>302.216</ele>
        <time>2026-05-11T03:29:27.874787319Z</time>
      </trkpt>
      <trkpt lat="41.644223" lon="2.658242">
        <ele>301.964</ele>
        <time>2026-05-11T03:30:07.874794272Z</time>
      </trkpt>
      <trkpt lat="41.644250" lon="2.658267">
        <ele>301.913</ele>
        <time>2026-05-11T03:30:47.874801335Z</time>
      </trkpt>
      <trkpt lat="41.644264" lon="2.658337">
        <ele>301.051</ele>
        <time>2026-05-11T03:31:27.874808338Z</time>
      </trkpt>
      <trkpt lat="41.644279" lon="2.658401">
        <ele>299.757</ele>
        <time>2026-05-11T03:32:07.874815341Z</time>
      </trkpt>
      <trkpt lat="41.644258" lon="2.658463">
        <ele>298.088</ele>
        <time>2026-05-11T03:32:47.874822374Z</time>
      </trkpt>
      <trkpt lat="41.644214" lon="2.658495">
        <ele>296.982</ele>
        <time>2026-05-11T03:33:27.874829388Z</time>
      </trkpt>
      <trkpt lat="41.644164" lon="2.658486">
        <ele>296.665</ele>
        <time>2026-05-11T03:34:07.874836351Z</time>
      </trkpt>
      <trkpt lat="41.644111" lon="2.658469">
        <ele>295.572</ele>
        <time>2026-05-11T03:34:47.874843464Z</time>
      </trkpt>
      <trkpt lat="41.644084" lon="2.658459">
        <ele>294.913</ele>
        <time>2026-05-11T03:35:27.874850647Z</time>
      </trkpt>
      <trkpt lat="41.644056" lon="2.658461">
        <ele>294.014</ele>
        <time>2026-05-11T03:36:07.874857650Z</time>
      </trkpt>
      <trkpt lat="41.644002" lon="2.658445">
        <ele>292.709</ele>
        <time>2026-05-11T03:36:47.874864694Z</time>
      </trkpt>
      <trkpt lat="41.643976" lon="2.658434">
        <ele>292.128</ele>
        <time>2026-05-11T03:37:27.874871687Z</time>
      </trkpt>
      <trkpt lat="41.643948" lon="2.658419">
        <ele>291.636</ele>
        <time>2026-05-11T03:38:07.874878750Z</time>
      </trkpt>
      <trkpt lat="41.643925" lon="2.658395">
        <ele>291.244</ele>
        <time>2026-05-11T03:38:47.874885803Z</time>
      </trkpt>
      <trkpt lat="41.643903" lon="2.658364">
        <ele>291.033</ele>
        <time>2026-05-11T03:39:27.874892796Z</time>
      </trkpt>
      <trkpt lat="41.643882" lon="2.658341">
        <ele>290.691</ele>
        <time>2026-05-11T03:40:07.874899879Z</time>
      </trkpt>
      <trkpt lat="41.643847" lon="2.658302">
        <ele>290.087</ele>
        <time>2026-05-11T03:40:47.874906873Z</time>
      </trkpt>
      <trkpt lat="41.643822" lon="2.658278">
        <ele>289.488</ele>
        <time>2026-05-11T03:41:27.874913926Z</time>
      </trkpt>
      <trkpt lat="41.643785" lon="2.658233">
        <ele>288.882</ele>
        <time>2026-05-11T03:42:07.874920989Z</time>
      </trkpt>
      <trkpt lat="41.643743" lon="2.658191">
        <ele>288.175</ele>
        <time>2026-05-11T03:42:47.874928022Z</time>
      </trkpt>
      <trkpt lat="41.643721" lon="2.658165">
        <ele>287.787</ele>
        <time>2026-05-11T03:43:27.874935085Z</time>
      </trkpt>
      <trkpt lat="41.643695" lon="2.658114">
        <ele>287.742</ele>
        <time>2026-05-11T03:44:07.874942219Z</time>
      </trkpt>
      <trkpt lat="41.643687" lon="2.658078">
        <ele>288.126</ele>
        <time>2026-05-11T03:44:47.874949302Z</time>
      </trkpt>
      <trkpt lat="41.643671" lon="2.658044">
        <ele>288.109</ele>
        <time>2026-05-11T03:45:27.874956275Z</time>
      </trkpt>
      <trkpt lat="41.643650" lon="2.658019">
        <ele>287.759</ele>
        <time>2026-05-11T03:46:07.874963348Z</time>
      </trkpt>
      <trkpt lat="41.643623" lon="2.658000">
        <ele>287.047</ele>
        <time>2026-05-11T03:46:47.874970371Z</time>
      </trkpt>
      <trkpt lat="41.643603" lon="2.657975">
        <ele>286.555</ele>
        <time>2026-05-11T03:47:27.874977725Z</time>
      </trkpt>
      <trkpt lat="41.643574" lon="2.657921">
        <ele>286.074</ele>
        <time>2026-05-11T03:48:07.874984728Z</time>
      </trkpt>
      <trkpt lat="41.643547" lon="2.657862">
        <ele>285.872</ele>
        <time>2026-05-11T03:48:47.874991731Z</time>
      </trkpt>
      <trkpt lat="41.643526" lon="2.657797">
        <ele>286.078</ele>
        <time>2026-05-11T03:49:27.874999055Z</time>
      </trkpt>
      <trkpt lat="41.643496" lon="2.657749">
        <ele>285.779</ele>
        <time>2026-05-11T03:50:07.875006108Z</time>
      </trkpt>
      <trkpt lat="41.643467" lon="2.657693">
        <ele>285.753</ele>
        <time>2026-05-11T03:50:47.875013372Z</time>
      </trkpt>
      <trkpt lat="41.643452" lon="2.657660">
        <ele>285.826</ele>
        <time>2026-05-11T03:51:27.875020475Z</time>
      </trkpt>
      <trkpt lat="41.643406" lon="2.657631">
        <ele>284.997</ele>
        <time>2026-05-11T03:52:07.875027588Z</time>
      </trkpt>
      <trkpt lat="41.643380" lon="2.657615">
        <ele>284.323</ele>
        <time>2026-05-11T03:52:47.875034722Z</time>
      </trkpt>
      <trkpt lat="41.643335" lon="2.657590">
        <ele>283.425</ele>
        <time>2026-05-11T03:53:27.875042015Z</time>
      </trkpt>
      <trkpt lat="41.643291" lon="2.657560">
        <ele>282.609</ele>
        <time>2026-05-11T03:54:07.875049039Z</time>
      </trkpt>
      <trkpt lat="41.643255" lon="2.657521">
        <ele>282.390</ele>
        <time>2026-05-11T03:54:47.875056112Z</time>
      </trkpt>
      <trkpt lat="41.643224" lon="2.657479">
        <ele>282.528</ele>
        <time>2026-05-11T03:55:27.875063065Z</time>
      </trkpt>
      <trkpt lat="41.643190" lon="2.657429">
        <ele>283.166</ele>
        <time>2026-05-11T03:56:07.875070128Z</time>
      </trkpt>
      <trkpt lat="41.643145" lon="2.657447">
        <ele>281.385</ele>
        <time>2026-05-11T03:56:47.875077342Z</time>
      </trkpt>
      <trkpt lat="41.643118" lon="2.657459">
        <ele>280.273</ele>
        <time>2026-05-11T03:57:27.875084365Z</time>
      </trkpt>
      <trkpt lat="41.643078" lon="2.657480">
        <ele>278.389</ele>
        <time>2026-05-11T03:58:07.875091408Z</time>
      </trkpt>
      <trkpt lat="41.643041" lon="2.657505">
        <ele>276.480</ele>
        <time>2026-05-11T03:58:47.875104272Z</time>
      </trkpt>
      <trkpt lat="41.643013" lon="2.657518">
        <ele>275.394</ele>
        <time>2026-05-11T03:59:27.875111335Z</time>
      </trkpt>
      <trkpt lat="41.642987" lon="2.657530">
        <ele>274.297</ele>
        <time>2026-05-11T04:00:07.875118378Z</time>
      </trkpt>
      <trkpt lat="41.642930" lon="2.657539">
        <ele>272.345</ele>
        <time>2026-05-11T04:00:47.875125452Z</time>
      </trkpt>
      <trkpt lat="41.642902" lon="2.657534">
        <ele>271.647</ele>
        <time>2026-05-11T04:01:27.875132615Z</time>
      </trkpt>
      <trkpt lat="41.642873" lon="2.657532">
        <ele>270.811</ele>
        <time>2026-05-11T04:02:07.875139688Z</time>
      </trkpt>
      <trkpt lat="41.642843" lon="2.657532">
        <ele>270.009</ele>
        <time>2026-05-11T04:02:47.875147012Z</time>
      </trkpt>
      <trkpt lat="41.642814" lon="2.657527">
        <ele>269.355</ele>
        <time>2026-05-11T04:03:27.875153985Z</time>
      </trkpt>
      <trkpt lat="41.642784" lon="2.657527">
        <ele>268.473</ele>
        <time>2026-05-11T04:04:07.875161038Z</time>
      </trkpt>
      <trkpt lat="41.642751" lon="2.657529">
        <ele>267.431</ele>
        <time>2026-05-11T04:04:47.875168081Z</time>
      </trkpt>
      <trkpt lat="41.642717" lon="2.657534">
        <ele>266.370</ele>
        <time>2026-05-11T04:05:27.875175074Z</time>
      </trkpt>
      <trkpt lat="41.642663" lon="2.657524">
        <ele>265.028</ele>
        <time>2026-05-11T04:06:07.875182068Z</time>
      </trkpt>
      <trkpt lat="41.642621" lon="2.657492">
        <ele>264.814</ele>
        <time>2026-05-11T04:06:47.875189121Z</time>
      </trkpt>
      <trkpt lat="41.642577" lon="2.657462">
        <ele>264.635</ele>
        <time>2026-05-11T04:07:27.875196244Z</time>
      </trkpt>
      <trkpt lat="41.642553" lon="2.657439">
        <ele>264.729</ele>
        <time>2026-05-11T04:08:07.875203337Z</time>
      </trkpt>
      <trkpt lat="41.642528" lon="2.657419">
        <ele>264.722</ele>
        <time>2026-05-11T04:08:47.875210431Z</time>
      </trkpt>
      <trkpt lat="41.642503" lon="2.657398">
        <ele>264.812</ele>
        <time>2026-05-11T04:09:27.875217524Z</time>
      </trkpt>
      <trkpt lat="41.642482" lon="2.657375">
        <ele>265.132</ele>
        <time>2026-05-11T04:10:07.875224607Z</time>
      </trkpt>
      <trkpt lat="41.642449" lon="2.657336">
        <ele>265.805</ele>
        <time>2026-05-11T04:10:47.875232382Z</time>
      </trkpt>
      <trkpt lat="41.642426" lon="2.657309">
        <ele>266.309</ele>
        <time>2026-05-11T04:11:27.875239625Z</time>
      </trkpt>
      <trkpt lat="41.642386" lon="2.657268">
        <ele>266.922</ele>
        <time>2026-05-11T04:12:07.875246688Z</time>
      </trkpt>
      <trkpt lat="41.642339" lon="2.657218">
        <ele>267.720</ele>
        <time>2026-05-11T04:12:47.875253752Z</time>
      </trkpt>
      <trkpt lat="41.642316" lon="2.657195">
        <ele>268.098</ele>
        <time>2026-05-11T04:13:27.875260715Z</time>
      </trkpt>
      <trkpt lat="41.642276" lon="2.657159">
        <ele>268.467</ele>
        <time>2026-05-11T04:14:07.875267718Z</time>
      </trkpt>
      <trkpt lat="41.642230" lon="2.657130">
        <ele>268.565</ele>
        <time>2026-05-11T04:14:47.875274771Z</time>
      </trkpt>
      <trkpt lat="41.642183" lon="2.657104">
        <ele>267.771</ele>
        <time>2026-05-11T04:15:27.875281774Z</time>
      </trkpt>
      <trkpt lat="41.642118" lon="2.657080">
        <ele>265.892</ele>
        <time>2026-05-11T04:16:07.875288767Z</time>
      </trkpt>
      <trkpt lat="41.642078" lon="2.657067">
        <ele>264.526</ele>
        <time>2026-05-11T04:16:47.875295750Z</time>
      </trkpt>
      <trkpt lat="41.642044" lon="2.657041">
        <ele>263.949</ele>
        <time>2026-05-11T04:17:27.875302783Z</time>
      </trkpt>
      <trkpt lat="41.642004" lon="2.657005">
        <ele>263.135</ele>
        <time>2026-05-11T04:18:07.875309877Z</time>
      </trkpt>
      <trkpt lat="41.641978" lon="2.656981">
        <ele>262.686</ele>
        <time>2026-05-11T04:18:47.875316970Z</time>
      </trkpt>
      <trkpt lat="41.641954" lon="2.656956">
        <ele>262.214</ele>
        <time>2026-05-11T04:19:27.875324013Z</time>
      </trkpt>
      <trkpt lat="41.641932" lon="2.656929">
        <ele>262.209</ele>
        <time>2026-05-11T04:20:07.875331026Z</time>
      </trkpt>
      <trkpt lat="41.641909" lon="2.656903">
        <ele>262.584</ele>
        <time>2026-05-11T04:20:47.875338039Z</time>
      </trkpt>
      <trkpt lat="41.641892" lon="2.656875">
        <ele>262.932</ele>
        <time>2026-05-11T04:21:27.875345043Z</time>
      </trkpt>
      <trkpt lat="41.641863" lon="2.656819">
        <ele>263.890</ele>
        <time>2026-05-11T04:22:07.875352046Z</time>
      </trkpt>
      <trkpt lat="41.641841" lon="2.656785">
        <ele>264.159</ele>
        <time>2026-05-11T04:22:47.875359109Z</time>
      </trkpt>
      <trkpt lat="41.641803" lon="2.656734">
        <ele>264.247</ele>
        <time>2026-05-11T04:23:27.875366142Z</time>
      </trkpt>
      <trkpt lat="41.641780" lon="2.656713">
        <ele>264.043</ele>
        <time>2026-05-11T04:24:07.875373185Z</time>
      </trkpt>
      <trkpt lat="41.641760" lon="2.656687">
        <ele>263.914</ele>
        <time>2026-05-11T04:24:47.875380148Z</time>
      </trkpt>
      <trkpt lat="41.641721" lon="2.656624">
        <ele>263.828</ele>
        <time>2026-05-11T04:25:27.875387221Z</time>
      </trkpt>
      <trkpt lat="41.641701" lon="2.656592">
        <ele>263.631</ele>
        <time>2026-05-11T04:26:07.875394255Z</time>
      </trkpt>
      <trkpt lat="41.641678" lon="2.656561">
        <ele>263.314</ele>
        <time>2026-05-11T04:26:47.875401348Z</time>
      </trkpt>
      <trkpt lat="41.641644" lon="2.656551">
        <ele>262.654</ele>
        <time>2026-05-11T04:27:27.875408451Z</time>
      </trkpt>
      <trkpt lat="41.641603" lon="2.656527">
        <ele>262.009</ele>
        <time>2026-05-11T04:28:07.875415454Z</time>
      </trkpt>
      <trkpt lat="41.641558" lon="2.656514">
        <ele>261.209</ele>
        <time>2026-05-11T04:28:47.875422918Z</time>
      </trkpt>
      <trkpt lat="41.641529" lon="2.656510">
        <ele>260.672</ele>
        <time>2026-05-11T04:29:27.875430022Z</time>
      </trkpt>
      <trkpt lat="41.641497" lon="2.656498">
        <ele>260.050</ele>
        <time>2026-05-11T04:30:07.875437095Z</time>
      </trkpt>
      <trkpt lat="41.641447" lon="2.656486">
        <ele>259.028</ele>
        <time>2026-05-11T04:30:47.875444108Z</time>
      </trkpt>
      <trkpt lat="41.641419" lon="2.656471">
        <ele>258.577</ele>
        <time>2026-05-11T04:31:27.875451111Z</time>
      </trkpt>
      <trkpt lat="41.641366" lon="2.656455">
        <ele>257.645</ele>
        <time>2026-05-11T04:32:07.875458194Z</time>
      </trkpt>
      <trkpt lat="41.641317" lon="2.656436">
        <ele>257.051</ele>
        <time>2026-05-11T04:32:47.875466289Z</time>
      </trkpt>
      <trkpt lat="41.641287" lon="2.656430">
        <ele>256.642</ele>
        <time>2026-05-11T04:33:27.875475296Z</time>
      </trkpt>
      <trkpt lat="41.641229" lon="2.656406">
        <ele>255.946</ele>
        <time>2026-05-11T04:34:07.875482299Z</time>
      </trkpt>
      <trkpt lat="41.641195" lon="2.656394">
        <ele>255.479</ele>
        <time>2026-05-11T04:34:47.875489353Z</time>
      </trkpt>
      <trkpt lat="41.641165" lon="2.656372">
        <ele>255.347</ele>
        <time>2026-05-11T04:35:27.875496436Z</time>
      </trkpt>
      <trkpt lat="41.641136" lon="2.656356">
        <ele>255.129</ele>
        <time>2026-05-11T04:36:07.875503489Z</time>
      </trkpt>
      <trkpt lat="41.641106" lon="2.656338">
        <ele>254.821</ele>
        <time>2026-05-11T04:36:47.875510632Z</time>
      </trkpt>
      <trkpt lat="41.641081" lon="2.656313">
        <ele>254.509</ele>
        <time>2026-05-11T04:37:27.875517676Z</time>
      </trkpt>
      <trkpt lat="41.641059" lon="2.656291">
        <ele>254.365</ele>
        <time>2026-05-11T04:38:07.875531091Z</time>
      </trkpt>
      <trkpt lat="41.641023" lon="2.656247">
        <ele>254.013</ele>
        <time>2026-05-11T04:38:47.875538084Z</time>
      </trkpt>
      <trkpt lat="41.641002" lon="2.656218">
        <ele>253.981</ele>
        <time>2026-05-11T04:39:27.875545137Z</time>
      </trkpt>
      <trkpt lat="41.640984" lon="2.656190">
        <ele>253.920</ele>
        <time>2026-05-11T04:40:07.875552170Z</time>
      </trkpt>
      <trkpt lat="41.640963" lon="2.656165">
        <ele>253.848</ele>
        <time>2026-05-11T04:40:47.875559304Z</time>
      </trkpt>
      <trkpt lat="41.640939" lon="2.656138">
        <ele>253.644</ele>
        <time>2026-05-11T04:41:27.875566307Z</time>
      </trkpt>
      <trkpt lat="41.640919" lon="2.656112">
        <ele>253.575</ele>
        <time>2026-05-11T04:42:07.875573350Z</time>
      </trkpt>
      <trkpt lat="41.640892" lon="2.656089">
        <ele>253.199</ele>
        <time>2026-05-11T04:42:47.875580393Z</time>
      </trkpt>
      <trkpt lat="41.640864" lon="2.656074">
        <ele>252.562</ele>
        <time>2026-05-11T04:43:27.875587446Z</time>
      </trkpt>
      <trkpt lat="41.640841" lon="2.656047">
        <ele>252.292</ele>
        <time>2026-05-11T04:44:07.875594630Z</time>
      </trkpt>
      <trkpt lat="41.640819" lon="2.656022">
        <ele>251.673</ele>
        <time>2026-05-11T04:44:47.875601713Z</time>
      </trkpt>
      <trkpt lat="41.640798" lon="2.655993">
        <ele>251.120</ele>
        <time>2026-05-11T04:45:27.875608726Z</time>
      </trkpt>
      <trkpt lat="41.640766" lon="2.655969">
        <ele>250.009</ele>
        <time>2026-05-11T04:46:07.875615749Z</time>
      </trkpt>
      <trkpt lat="41.640738" lon="2.655950">
        <ele>249.090</ele>
        <time>2026-05-11T04:46:47.875622782Z</time>
      </trkpt>
      <trkpt lat="41.640711" lon="2.655932">
        <ele>248.038</ele>
        <time>2026-05-11T04:47:27.875629785Z</time>
      </trkpt>
      <trkpt lat="41.640661" lon="2.655900">
        <ele>246.126</ele>
        <time>2026-05-11T04:48:07.875636799Z</time>
      </trkpt>
      <trkpt lat="41.640634" lon="2.655876">
        <ele>245.225</ele>
        <time>2026-05-11T04:48:47.875643882Z</time>
      </trkpt>
      <trkpt lat="41.640610" lon="2.655854">
        <ele>244.333</ele>
        <time>2026-05-11T04:49:27.875650955Z</time>
      </trkpt>
      <trkpt lat="41.640591" lon="2.655828">
        <ele>243.789</ele>
        <time>2026-05-11T04:50:07.875657958Z</time>
      </trkpt>
      <trkpt lat="41.640569" lon="2.655795">
        <ele>243.150</ele>
        <time>2026-05-11T04:50:47.875665092Z</time>
      </trkpt>
      <trkpt lat="41.640553" lon="2.655766">
        <ele>242.654</ele>
        <time>2026-05-11T04:51:27.875672115Z</time>
      </trkpt>
      <trkpt lat="41.640540" lon="2.655732">
        <ele>242.497</ele>
        <time>2026-05-11T04:52:07.875679168Z</time>
      </trkpt>
      <trkpt lat="41.640525" lon="2.655697">
        <ele>242.122</ele>
        <time>2026-05-11T04:52:47.875686281Z</time>
      </trkpt>
      <trkpt lat="41.640519" lon="2.655656">
        <ele>242.362</ele>
        <time>2026-05-11T04:53:27.875693374Z</time>
      </trkpt>
      <trkpt lat="41.640507" lon="2.655623">
        <ele>242.108</ele>
        <time>2026-05-11T04:54:07.875700468Z</time>
      </trkpt>
      <trkpt lat="41.640488" lon="2.655583">
        <ele>241.809</ele>
        <time>2026-05-11T04:54:47.875707581Z</time>
      </trkpt>
      <trkpt lat="41.640469" lon="2.655552">
        <ele>241.393</ele>
        <time>2026-05-11T04:55:27.875714604Z</time>
      </trkpt>
      <trkpt lat="41.640457" lon="2.655518">
        <ele>241.411</ele>
        <time>2026-05-11T04:56:07.875721587Z</time>
      </trkpt>
      <trkpt lat="41.640446" lon="2.655479">
        <ele>241.649</ele>
        <time>2026-05-11T04:56:47.875728650Z</time>
      </trkpt>
      <trkpt lat="41.640434" lon="2.655435">
        <ele>241.938</ele>
        <time>2026-05-11T04:57:27.875735654Z</time>
      </trkpt>
      <trkpt lat="41.640425" lon="2.655389">
        <ele>242.426</ele>
        <time>2026-05-11T04:58:07.875742717Z</time>
      </trkpt>
      <trkpt lat="41.640405" lon="2.655325">
        <ele>242.652</ele>
        <time>2026-05-11T04:58:47.875749670Z</time>
      </trkpt>
      <trkpt lat="41.640392" lon="2.655259">
        <ele>243.073</ele>
        <time>2026-05-11T04:59:27.875756693Z</time>
      </trkpt>
      <trkpt lat="41.640382" lon="2.655191">
        <ele>243.067</ele>
        <time>2026-05-11T05:00:07.875763686Z</time>
      </trkpt>
      <trkpt lat="41.640370" lon="2.655126">
        <ele>242.910</ele>
        <time>2026-05-11T05:00:47.875771290Z</time>
      </trkpt>
      <trkpt lat="41.640364" lon="2.655083">
        <ele>242.945</ele>
        <time>2026-05-11T05:01:27.875778424Z</time>
      </trkpt>
      <trkpt lat="41.640356" lon="2.655034">
        <ele>242.947</ele>
        <time>2026-05-11T05:02:07.875785477Z</time>
      </trkpt>
      <trkpt lat="41.640357" lon="2.654989">
        <ele>243.211</ele>
        <time>2026-05-11T05:02:47.875792610Z</time>
      </trkpt>
      <trkpt lat="41.640365" lon="2.654952">
        <ele>243.609</ele>
        <time>2026-05-11T05:03:27.875799703Z</time>
      </trkpt>
      <trkpt lat="41.640365" lon="2.654892">
        <ele>243.825</ele>
        <time>2026-05-11T05:04:07.875806777Z</time>
      </trkpt>
      <trkpt lat="41.640366" lon="2.654852">
        <ele>244.063</ele>
        <time>2026-05-11T05:04:47.875813870Z</time>
      </trkpt>
      <trkpt lat="41.640340" lon="2.654782">
        <ele>243.271</ele>
        <time>2026-05-11T05:05:27.875820953Z</time>
      </trkpt>
      <trkpt lat="41.640319" lon="2.654727">
        <ele>242.610</ele>
        <time>2026-05-11T05:06:07.875827946Z</time>
      </trkpt>
      <trkpt lat="41.640301" lon="2.654653">
        <ele>243.428</ele>
        <time>2026-05-11T05:06:47.875834979Z</time>
      </trkpt>
      <trkpt lat="41.640283" lon="2.654593">
        <ele>244.074</ele>
        <time>2026-05-11T05:07:27.875841983Z</time>
      </trkpt>
      <trkpt lat="41.640257" lon="2.654538">
        <ele>244.965</ele>
        <time>2026-05-11T05:08:07.875849016Z</time>
      </trkpt>
      <trkpt lat="41.640226" lon="2.654493">
        <ele>245.789</ele>
        <time>2026-05-11T05:08:47.875856149Z</time>
      </trkpt>
      <trkpt lat="41.640179" lon="2.654469">
        <ele>246.132</ele>
        <time>2026-05-11T05:09:27.875863282Z</time>
      </trkpt>
      <trkpt lat="41.640141" lon="2.654499">
        <ele>245.224</ele>
        <time>2026-05-11T05:10:07.875870366Z</time>
      </trkpt>
      <trkpt lat="41.640119" lon="2.654558">
        <ele>243.704</ele>
        <time>2026-05-11T05:10:47.875877419Z</time>
      </trkpt>
      <trkpt lat="41.640103" lon="2.654590">
        <ele>242.914</ele>
        <time>2026-05-11T05:11:27.875884502Z</time>
      </trkpt>
      <trkpt lat="41.640082" lon="2.654666">
        <ele>240.909</ele>
        <time>2026-05-11T05:12:07.875891515Z</time>
      </trkpt>
      <trkpt lat="41.640073" lon="2.654703">
        <ele>240.083</ele>
        <time>2026-05-11T05:12:47.875898568Z</time>
      </trkpt>
      <trkpt lat="41.640056" lon="2.654765">
        <ele>239.091</ele>
        <time>2026-05-11T05:13:27.875905642Z</time>
      </trkpt>
      <trkpt lat="41.640026" lon="2.654821">
        <ele>238.239</ele>
        <time>2026-05-11T05:14:07.875912735Z</time>
      </trkpt>
      <trkpt lat="41.640010" lon="2.654862">
        <ele>237.638</ele>
        <time>2026-05-11T05:14:47.875919878Z</time>
      </trkpt>
      <trkpt lat="41.639984" lon="2.654920">
        <ele>236.956</ele>
        <time>2026-05-11T05:15:27.875926911Z</time>
      </trkpt>
      <trkpt lat="41.639971" lon="2.654954">
        <ele>236.692</ele>
        <time>2026-05-11T05:16:07.875934035Z</time>
      </trkpt>
      <trkpt lat="41.639959" lon="2.654992">
        <ele>236.193</ele>
        <time>2026-05-11T05:16:47.875941008Z</time>
      </trkpt>
      <trkpt lat="41.639942" lon="2.655023">
        <ele>235.627</ele>
        <time>2026-05-11T05:17:27.875952660Z</time>
      </trkpt>
      <trkpt lat="41.639907" lon="2.655080">
        <ele>234.570</ele>
        <time>2026-05-11T05:18:07.875959753Z</time>
      </trkpt>
      <trkpt lat="41.639883" lon="2.655138">
        <ele>233.328</ele>
        <time>2026-05-11T05:18:47.875966856Z</time>
      </trkpt>
      <trkpt lat="41.639863" lon="2.655172">
        <ele>232.689</ele>
        <time>2026-05-11T05:19:27.875974050Z</time>
      </trkpt>
      <trkpt lat="41.639837" lon="2.655201">
        <ele>232.017</ele>
        <time>2026-05-11T05:20:07.875981113Z</time>
      </trkpt>
      <trkpt lat="41.639805" lon="2.655259">
        <ele>230.709</ele>
        <time>2026-05-11T05:20:47.875988096Z</time>
      </trkpt>
      <trkpt lat="41.639767" lon="2.655327">
        <ele>228.923</ele>
        <time>2026-05-11T05:21:27.875995119Z</time>
      </trkpt>
      <trkpt lat="41.639747" lon="2.655357">
        <ele>228.111</ele>
        <time>2026-05-11T05:22:07.876005248Z</time>
      </trkpt>
      <trkpt lat="41.639722" lon="2.655376">
        <ele>227.559</ele>
        <time>2026-05-11T05:22:47.876015788Z</time>
      </trkpt>
      <trkpt lat="41.639694" lon="2.655395">
        <ele>227.798</ele>
        <time>2026-05-11T05:23:27.876022851Z</time>
      </trkpt>
      <trkpt lat="41.639674" lon="2.655429">
        <ele>227.376</ele>
        <time>2026-05-11T05:24:07.876029884Z</time>
      </trkpt>
      <trkpt lat="41.639659" lon="2.655467">
        <ele>226.892</ele>
        <time>2026-05-11T05:24:47.876036977Z</time>
      </trkpt>
      <trkpt lat="41.639627" lon="2.655527">
        <ele>226.173</ele>
        <time>2026-05-11T05:25:27.876044001Z</time>
      </trkpt>
      <trkpt lat="41.639597" lon="2.655592">
        <ele>225.767</ele>
        <time>2026-05-11T05:26:07.876051024Z</time>
      </trkpt>
      <trkpt lat="41.639580" lon="2.655626">
        <ele>225.740</ele>
        <time>2026-05-11T05:26:47.876058067Z</time>
      </trkpt>
      <trkpt lat="41.639567" lon="2.655667">
        <ele>225.629</ele>
        <time>2026-05-11T05:27:27.876065170Z</time>
      </trkpt>
      <trkpt lat="41.639535" lon="2.655725">
        <ele>225.900</ele>
        <time>2026-05-11T05:28:07.876072334Z</time>
      </trkpt>
      <trkpt lat="41.639501" lon="2.655771">
        <ele>226.620</ele>
        <time>2026-05-11T05:28:47.876079347Z</time>
      </trkpt>
      <trkpt lat="41.639486" lon="2.655809">
        <ele>226.709</ele>
        <time>2026-05-11T05:29:27.876086791Z</time>
      </trkpt>
      <trkpt lat="41.639471" lon="2.655843">
        <ele>227.013</ele>
        <time>2026-05-11T05:30:07.876093794Z</time>
      </trkpt>
      <trkpt lat="41.639460" lon="2.655920">
        <ele>227.481</ele>
        <time>2026-05-11T05:30:47.876100857Z</time>
      </trkpt>
      <trkpt lat="41.639466" lon="2.655962">
        <ele>227.289</ele>
        <time>2026-05-11T05:31:27.876107970Z</time>
      </trkpt>
      <trkpt lat="41.639477" lon="2.656033">
        <ele>226.758</ele>
        <time>2026-05-11T05:32:07.876114994Z</time>
      </trkpt>
      <trkpt lat="41.639483" lon="2.656079">
        <ele>226.526</ele>
        <time>2026-05-11T05:32:47.876122067Z</time>
      </trkpt>
      <trkpt lat="41.639489" lon="2.656122">
        <ele>226.322</ele>
        <time>2026-05-11T05:33:27.876129080Z</time>
      </trkpt>
      <trkpt lat="41.639495" lon="2.656171">
        <ele>226.543</ele>
        <time>2026-05-11T05:34:07.876136153Z</time>
      </trkpt>
      <trkpt lat="41.639506" lon="2.656228">
        <ele>226.547</ele>
        <time>2026-05-11T05:34:47.876143206Z</time>
      </trkpt>
      <trkpt lat="41.639515" lon="2.656278">
        <ele>226.690</ele>
        <time>2026-05-11T05:35:27.876150250Z</time>
      </trkpt>
      <trkpt lat="41.639518" lon="2.656328">
        <ele>226.891</ele>
        <time>2026-05-11T05:36:07.876157383Z</time>
      </trkpt>
      <trkpt lat="41.639527" lon="2.656377">
        <ele>226.781</ele>
        <time>2026-05-11T05:36:47.876164416Z</time>
      </trkpt>
      <trkpt lat="41.639531" lon="2.656427">
        <ele>226.619</ele>
        <time>2026-05-11T05:37:27.876171379Z</time>
      </trkpt>
      <trkpt lat="41.639532" lon="2.656469">
        <ele>226.509</ele>
        <time>2026-05-11T05:38:07.876178492Z</time>
      </trkpt>
      <trkpt lat="41.639538" lon="2.656519">
        <ele>226.120</ele>
        <time>2026-05-11T05:38:47.876185505Z</time>
      </trkpt>
      <trkpt lat="41.639541" lon="2.656572">
        <ele>225.948</ele>
        <time>2026-05-11T05:39:27.876192559Z</time>
      </trkpt>
      <trkpt lat="41.639539" lon="2.656614">
        <ele>226.076</ele>
        <time>2026-05-11T05:40:07.876199562Z</time>
      </trkpt>
      <trkpt lat="41.639537" lon="2.656670">
        <ele>226.065</ele>
        <time>2026-05-11T05:40:47.876206645Z</time>
      </trkpt>
      <trkpt lat="41.639522" lon="2.656704">
        <ele>226.343</ele>
        <time>2026-05-11T05:41:27.876213768Z</time>
      </trkpt>
      <trkpt lat="41.639504" lon="2.656745">
        <ele>226.839</ele>
        <time>2026-05-11T05:42:07.876220802Z</time>
      </trkpt>
      <trkpt lat="41.639484" lon="2.656771">
        <ele>227.590</ele>
        <time>2026-05-11T05:42:47.876227845Z</time>
      </trkpt>
      <trkpt lat="41.639466" lon="2.656830">
        <ele>227.624</ele>
        <time>2026-05-11T05:43:27.876235199Z</time>
      </trkpt>
      <trkpt lat="41.639451" lon="2.656860">
        <ele>227.997</ele>
        <time>2026-05-11T05:44:07.876242202Z</time>
      </trkpt>
      <trkpt lat="41.639436" lon="2.656898">
        <ele>228.245</ele>
        <time>2026-05-11T05:44:47.876249305Z</time>
      </trkpt>
      <trkpt lat="41.639413" lon="2.656928">
        <ele>229.247</ele>
        <time>2026-05-11T05:45:27.876256388Z</time>
      </trkpt>
      <trkpt lat="41.639381" lon="2.656975">
        <ele>230.911</ele>
        <time>2026-05-11T05:46:07.876263471Z</time>
      </trkpt>
      <trkpt lat="41.639345" lon="2.657008">
        <ele>233.109</ele>
        <time>2026-05-11T05:46:47.876270485Z</time>
      </trkpt>
      <trkpt lat="41.639333" lon="2.657042">
        <ele>233.785</ele>
        <time>2026-05-11T05:47:27.876277468Z</time>
      </trkpt>
      <trkpt lat="41.639373" lon="2.657100">
        <ele>231.533</ele>
        <time>2026-05-11T05:48:07.876284561Z</time>
      </trkpt>
      <trkpt lat="41.639413" lon="2.657109">
        <ele>229.311</ele>
        <time>2026-05-11T05:48:47.876291604Z</time>
      </trkpt>
      <trkpt lat="41.639452" lon="2.657110">
        <ele>227.220</ele>
        <time>2026-05-11T05:49:27.876298647Z</time>
      </trkpt>
      <trkpt lat="41.639495" lon="2.657125">
        <ele>225.028</ele>
        <time>2026-05-11T05:50:07.876305640Z</time>
      </trkpt>
      <trkpt lat="41.639539" lon="2.657149">
        <ele>222.884</ele>
        <time>2026-05-11T05:50:47.876313034Z</time>
      </trkpt>
      <trkpt lat="41.639585" lon="2.657173">
        <ele>220.455</ele>
        <time>2026-05-11T05:51:27.876320067Z</time>
      </trkpt>
      <trkpt lat="41.639623" lon="2.657211">
        <ele>218.499</ele>
        <time>2026-05-11T05:52:07.876327111Z</time>
      </trkpt>
      <trkpt lat="41.639641" lon="2.657240">
        <ele>217.412</ele>
        <time>2026-05-11T05:52:47.876334134Z</time>
      </trkpt>
      <trkpt lat="41.639660" lon="2.657274">
        <ele>216.478</ele>
        <time>2026-05-11T05:53:27.876341217Z</time>
      </trkpt>
      <trkpt lat="41.639681" lon="2.657332">
        <ele>215.333</ele>
        <time>2026-05-11T05:54:07.876348280Z</time>
      </trkpt>
      <trkpt lat="41.639690" lon="2.657372">
        <ele>214.826</ele>
        <time>2026-05-11T05:54:47.876355283Z</time>
      </trkpt>
      <trkpt lat="41.639703" lon="2.657411">
        <ele>214.109</ele>
        <time>2026-05-11T05:55:27.876362397Z</time>
      </trkpt>
      <trkpt lat="41.639722" lon="2.657475">
        <ele>213.038</ele>
        <time>2026-05-11T05:56:07.876372926Z</time>
      </trkpt>
      <trkpt lat="41.639731" lon="2.657513">
        <ele>212.816</ele>
        <time>2026-05-11T05:56:47.876393425Z</time>
      </trkpt>
      <trkpt lat="41.639738" lon="2.657549">
        <ele>212.834</ele>
        <time>2026-05-11T05:57:27.876404295Z</time>
      </trkpt>
      <trkpt lat="41.639748" lon="2.657590">
        <ele>212.833</ele>
        <time>2026-05-11T05:58:07.876413132Z</time>
      </trkpt>
      <trkpt lat="41.639757" lon="2.657636">
        <ele>212.721</ele>
        <time>2026-05-11T05:58:47.876420305Z</time>
      </trkpt>
      <trkpt lat="41.639766" lon="2.657683">
        <ele>212.757</ele>
        <time>2026-05-11T05:59:27.876427338Z</time>
      </trkpt>
      <trkpt lat="41.639790" lon="2.657734">
        <ele>212.188</ele>
        <time>2026-05-11T06:00:07.876434401Z</time>
      </trkpt>
      <trkpt lat="41.639834" lon="2.657802">
        <ele>210.842</ele>
        <time>2026-05-11T06:00:47.876441354Z</time>
      </trkpt>
      <trkpt lat="41.639858" lon="2.657866">
        <ele>210.695</ele>
        <time>2026-05-11T06:01:27.876448448Z</time>
      </trkpt>
      <trkpt lat="41.639870" lon="2.657899">
        <ele>210.534</ele>
        <time>2026-05-11T06:02:07.876455651Z</time>
      </trkpt>
      <trkpt lat="41.639885" lon="2.657935">
        <ele>210.355</ele>
        <time>2026-05-11T06:02:47.876462684Z</time>
      </trkpt>
      <trkpt lat="41.639906" lon="2.658000">
        <ele>210.110</ele>
        <time>2026-05-11T06:03:27.876469727Z</time>
      </trkpt>
      <trkpt lat="41.639912" lon="2.658060">
        <ele>210.509</ele>
        <time>2026-05-11T06:04:07.876476721Z</time>
      </trkpt>
      <trkpt lat="41.639915" lon="2.658123">
        <ele>211.384</ele>
        <time>2026-05-11T06:04:47.876483874Z</time>
      </trkpt>
      <trkpt lat="41.639896" lon="2.658185">
        <ele>212.872</ele>
        <time>2026-05-11T06:05:27.876490857Z</time>
      </trkpt>
      <trkpt lat="41.639886" lon="2.658220">
        <ele>213.660</ele>
        <time>2026-05-11T06:06:07.876497910Z</time>
      </trkpt>
      <trkpt lat="41.639871" lon="2.658257">
        <ele>214.719</ele>
        <time>2026-05-11T06:06:47.876504933Z</time>
      </trkpt>
      <trkpt lat="41.639862" lon="2.658292">
        <ele>215.457</ele>
        <time>2026-05-11T06:07:27.876511926Z</time>
      </trkpt>
      <trkpt lat="41.639843" lon="2.658354">
        <ele>216.613</ele>
        <time>2026-05-11T06:08:07.876518960Z</time>
      </trkpt>
      <trkpt lat="41.639828" lon="2.658391">
        <ele>217.074</ele>
        <time>2026-05-11T06:08:47.876526053Z</time>
      </trkpt>
      <trkpt lat="41.639816" lon="2.658429">
        <ele>217.348</ele>
        <time>2026-05-11T06:09:27.876533026Z</time>
      </trkpt>
      <trkpt lat="41.639806" lon="2.658467">
        <ele>217.511</ele>
        <time>2026-05-11T06:10:07.876540019Z</time>
      </trkpt>
      <trkpt lat="41.639804" lon="2.658509">
        <ele>217.482</ele>
        <time>2026-05-11T06:10:47.876547082Z</time>
      </trkpt>
      <trkpt lat="41.639799" lon="2.658575">
        <ele>217.443</ele>
        <time>2026-05-11T06:11:27.876554176Z</time>
      </trkpt>
      <trkpt lat="41.639800" lon="2.658614">
        <ele>217.217</ele>
        <time>2026-05-11T06:12:07.876561239Z</time>
      </trkpt>
      <trkpt lat="41.639801" lon="2.658653">
        <ele>217.209</ele>
        <time>2026-05-11T06:12:47.876568292Z</time>
      </trkpt>
      <trkpt lat="41.639813" lon="2.658696">
        <ele>216.849</ele>
        <time>2026-05-11T06:13:27.876575345Z</time>
      </trkpt>
      <trkpt lat="41.639822" lon="2.658738">
        <ele>216.687</ele>
        <time>2026-05-11T06:14:07.876582418Z</time>
      </trkpt>
      <trkpt lat="41.639823" lon="2.658788">
        <ele>216.675</ele>
        <time>2026-05-11T06:14:47.876589411Z</time>
      </trkpt>
      <trkpt lat="41.639821" lon="2.658829">
        <ele>216.774</ele>
        <time>2026-05-11T06:15:27.876596415Z</time>
      </trkpt>
      <trkpt lat="41.639822" lon="2.658906">
        <ele>216.922</ele>
        <time>2026-05-11T06:16:07.876603418Z</time>
      </trkpt>
      <trkpt lat="41.639811" lon="2.658952">
        <ele>217.648</ele>
        <time>2026-05-11T06:16:47.876610461Z</time>
      </trkpt>
      <trkpt lat="41.639790" lon="2.658984">
        <ele>218.599</ele>
        <time>2026-05-11T06:17:27.876617564Z</time>
      </trkpt>
      <trkpt lat="41.639773" lon="2.659014">
        <ele>219.373</ele>
        <time>2026-05-11T06:18:07.876624667Z</time>
      </trkpt>
      <trkpt lat="41.639749" lon="2.659076">
        <ele>220.526</ele>
        <time>2026-05-11T06:18:47.876631671Z</time>
      </trkpt>
      <trkpt lat="41.639731" lon="2.659109">
        <ele>221.356</ele>
        <time>2026-05-11T06:19:27.876638774Z</time>
      </trkpt>
      <trkpt lat="41.639724" lon="2.659148">
        <ele>221.859</ele>
        <time>2026-05-11T06:20:07.876645857Z</time>
      </trkpt>
      <trkpt lat="41.639697" lon="2.659213">
        <ele>223.214</ele>
        <time>2026-05-11T06:20:47.876652860Z</time>
      </trkpt>
      <trkpt lat="41.639680" lon="2.659250">
        <ele>224.009</ele>
        <time>2026-05-11T06:21:27.876659944Z</time>
      </trkpt>
      <trkpt lat="41.639670" lon="2.659295">
        <ele>224.526</ele>
        <time>2026-05-11T06:22:07.876666997Z</time>
      </trkpt>
      <trkpt lat="41.639659" lon="2.659370">
        <ele>225.244</ele>
        <time>2026-05-11T06:22:47.876674010Z</time>
      </trkpt>
      <trkpt lat="41.639660" lon="2.659421">
        <ele>225.552</ele>
        <time>2026-05-11T06:23:27.876681043Z</time>
      </trkpt>
      <trkpt lat="41.639674" lon="2.659474">
        <ele>225.541</ele>
        <time>2026-05-11T06:24:07.876688036Z</time>
      </trkpt>
      <trkpt lat="41.639697" lon="2.659497">
        <ele>225.189</ele>
        <time>2026-05-11T06:24:47.876695069Z</time>
      </trkpt>
      <trkpt lat="41.639746" lon="2.659531">
        <ele>223.855</ele>
        <time>2026-05-11T06:25:27.876702153Z</time>
      </trkpt>
      <trkpt lat="41.639789" lon="2.659536">
        <ele>222.416</ele>
        <time>2026-05-11T06:26:07.876709256Z</time>
      </trkpt>
      <trkpt lat="41.639822" lon="2.659541">
        <ele>221.410</ele>
        <time>2026-05-11T06:26:47.876716259Z</time>
      </trkpt>
      <trkpt lat="41.639853" lon="2.659529">
        <ele>220.293</ele>
        <time>2026-05-11T06:27:27.876723312Z</time>
      </trkpt>
      <trkpt lat="41.639881" lon="2.659533">
        <ele>219.391</ele>
        <time>2026-05-11T06:28:07.876730435Z</time>
      </trkpt>
      <trkpt lat="41.639911" lon="2.659525">
        <ele>218.281</ele>
        <time>2026-05-11T06:28:47.876737579Z</time>
      </trkpt>
      <trkpt lat="41.639944" lon="2.659534">
        <ele>217.219</ele>
        <time>2026-05-11T06:29:27.876744612Z</time>
      </trkpt>
      <trkpt lat="41.639989" lon="2.659576">
        <ele>216.309</ele>
        <time>2026-05-11T06:30:07.876751655Z</time>
      </trkpt>
      <trkpt lat="41.640015" lon="2.659599">
        <ele>215.830</ele>
        <time>2026-05-11T06:30:47.876758718Z</time>
      </trkpt>
      <trkpt lat="41.640039" lon="2.659630">
        <ele>215.598</ele>
        <time>2026-05-11T06:31:27.876767104Z</time>
      </trkpt>
      <trkpt lat="41.640074" lon="2.659675">
        <ele>215.046</ele>
        <time>2026-05-11T06:32:07.876775259Z</time>
      </trkpt>
      <trkpt lat="41.640103" lon="2.659726">
        <ele>214.745</ele>
        <time>2026-05-11T06:32:47.876782453Z</time>
      </trkpt>
      <trkpt lat="41.640129" lon="2.659789">
        <ele>214.593</ele>
        <time>2026-05-11T06:33:27.876789616Z</time>
      </trkpt>
      <trkpt lat="41.640140" lon="2.659828">
        <ele>214.689</ele>
        <time>2026-05-11T06:34:07.876796679Z</time>
      </trkpt>
      <trkpt lat="41.640143" lon="2.659900">
        <ele>215.370</ele>
        <time>2026-05-11T06:34:47.876804053Z</time>
      </trkpt>
      <trkpt lat="41.640142" lon="2.659970">
        <ele>216.124</ele>
        <time>2026-05-11T06:35:27.876817007Z</time>
      </trkpt>
      <trkpt lat="41.640139" lon="2.660016">
        <ele>216.617</ele>
        <time>2026-05-11T06:36:07.876824421Z</time>
      </trkpt>
      <trkpt lat="41.640123" lon="2.660084">
        <ele>217.699</ele>
        <time>2026-05-11T06:36:47.876831685Z</time>
      </trkpt>
      <trkpt lat="41.640105" lon="2.660153">
        <ele>218.707</ele>
        <time>2026-05-11T06:37:27.876838778Z</time>
      </trkpt>
      <trkpt lat="41.640089" lon="2.660203">
        <ele>219.627</ele>
        <time>2026-05-11T06:38:07.876845851Z</time>
      </trkpt>
      <trkpt lat="41.640077" lon="2.660237">
        <ele>220.209</ele>
        <time>2026-05-11T06:38:47.876852845Z</time>
      </trkpt>
      <trkpt lat="41.640070" lon="2.660306">
        <ele>220.510</ele>
        <time>2026-05-11T06:39:27.876859878Z</time>
      </trkpt>
      <trkpt lat="41.640059" lon="2.660380">
        <ele>220.158</ele>
        <time>2026-05-11T06:40:07.876866991Z</time>
      </trkpt>
      <trkpt lat="41.640048" lon="2.660465">
        <ele>219.786</ele>
        <time>2026-05-11T06:40:47.876874896Z</time>
      </trkpt>
      <trkpt lat="41.640062" lon="2.660525">
        <ele>218.745</ele>
        <time>2026-05-11T06:41:27.876881959Z</time>
      </trkpt>
      <trkpt lat="41.640065" lon="2.660564">
        <ele>218.373</ele>
        <time>2026-05-11T06:42:07.876889022Z</time>
      </trkpt>
      <trkpt lat="41.640063" lon="2.660605">
        <ele>218.129</ele>
        <time>2026-05-11T06:42:47.876896086Z</time>
      </trkpt>
      <trkpt lat="41.640067" lon="2.660644">
        <ele>217.820</ele>
        <time>2026-05-11T06:43:27.876903129Z</time>
      </trkpt>
      <trkpt lat="41.640064" lon="2.660682">
        <ele>217.644</ele>
        <time>2026-05-11T06:44:07.876910132Z</time>
      </trkpt>
      <trkpt lat="41.640071" lon="2.660723">
        <ele>217.247</ele>
        <time>2026-05-11T06:44:47.876917155Z</time>
      </trkpt>
      <trkpt lat="41.640089" lon="2.660804">
        <ele>216.366</ele>
        <time>2026-05-11T06:45:27.876924248Z</time>
      </trkpt>
      <trkpt lat="41.640102" lon="2.660883">
        <ele>216.629</ele>
        <time>2026-05-11T06:46:07.876931311Z</time>
      </trkpt>
      <trkpt lat="41.640113" lon="2.660919">
        <ele>216.921</ele>
        <time>2026-05-11T06:46:47.876938295Z</time>
      </trkpt>
      <trkpt lat="41.640125" lon="2.660958">
        <ele>217.109</ele>
        <time>2026-05-11T06:47:27.876945418Z</time>
      </trkpt>
      <trkpt lat="41.640132" lon="2.661000">
        <ele>217.697</ele>
        <time>2026-05-11T06:48:07.876952511Z</time>
      </trkpt>
      <trkpt lat="41.640144" lon="2.661042">
        <ele>217.985</ele>
        <time>2026-05-11T06:48:47.876959604Z</time>
      </trkpt>
      <trkpt lat="41.640161" lon="2.661091">
        <ele>218.183</ele>
        <time>2026-05-11T06:49:27.876966567Z</time>
      </trkpt>
      <trkpt lat="41.640170" lon="2.661131">
        <ele>218.532</ele>
        <time>2026-05-11T06:50:07.876973611Z</time>
      </trkpt>
      <trkpt lat="41.640187" lon="2.661179">
        <ele>218.880</ele>
        <time>2026-05-11T06:50:47.876980704Z</time>
      </trkpt>
      <trkpt lat="41.640218" lon="2.661250">
        <ele>219.036</ele>
        <time>2026-05-11T06:51:27.876987747Z</time>
      </trkpt>
      <trkpt lat="41.640239" lon="2.661278">
        <ele>218.877</ele>
        <time>2026-05-11T06:52:07.876994770Z</time>
      </trkpt>
      <trkpt lat="41.640266" lon="2.661308">
        <ele>218.341</ele>
        <time>2026-05-11T06:52:47.877001894Z</time>
      </trkpt>
      <trkpt lat="41.640286" lon="2.661334">
        <ele>217.944</ele>
        <time>2026-05-11T06:53:27.877008967Z</time>
      </trkpt>
      <trkpt lat="41.640308" lon="2.661358">
        <ele>217.582</ele>
        <time>2026-05-11T06:54:07.877016070Z</time>
      </trkpt>
      <trkpt lat="41.640348" lon="2.661424">
        <ele>217.043</ele>
        <time>2026-05-11T06:54:47.877023173Z</time>
      </trkpt>
      <trkpt lat="41.640369" lon="2.661455">
        <ele>216.817</ele>
        <time>2026-05-11T06:55:27.877030187Z</time>
      </trkpt>
      <trkpt lat="41.640395" lon="2.661492">
        <ele>216.309</ele>
        <time>2026-05-11T06:56:07.877037200Z</time>
      </trkpt>
      <trkpt lat="41.640423" lon="2.661531">
        <ele>215.899</ele>
        <time>2026-05-11T06:56:47.877044263Z</time>
      </trkpt>
      <trkpt lat="41.640456" lon="2.661572">
        <ele>215.037</ele>
        <time>2026-05-11T06:57:27.877051216Z</time>
      </trkpt>
      <trkpt lat="41.640491" lon="2.661612">
        <ele>214.175</ele>
        <time>2026-05-11T06:58:07.877058239Z</time>
      </trkpt>
      <trkpt lat="41.640519" lon="2.661659">
        <ele>213.544</ele>
        <time>2026-05-11T06:58:47.877065252Z</time>
      </trkpt>
      <trkpt lat="41.640548" lon="2.661703">
        <ele>212.692</ele>
        <time>2026-05-11T06:59:27.877072285Z</time>
      </trkpt>
      <trkpt lat="41.640567" lon="2.661730">
        <ele>212.068</ele>
        <time>2026-05-11T07:00:07.877079298Z</time>
      </trkpt>
      <trkpt lat="41.640603" lon="2.661770">
        <ele>210.729</ele>
        <time>2026-05-11T07:00:47.877086352Z</time>
      </trkpt>
      <trkpt lat="41.640633" lon="2.661816">
        <ele>209.773</ele>
        <time>2026-05-11T07:01:27.877093505Z</time>
      </trkpt>
      <trkpt lat="41.640671" lon="2.661864">
        <ele>208.466</ele>
        <time>2026-05-11T07:02:07.877100558Z</time>
      </trkpt>
      <trkpt lat="41.640698" lon="2.661901">
        <ele>207.533</ele>
        <time>2026-05-11T07:02:47.877107702Z</time>
      </trkpt>
      <trkpt lat="41.640730" lon="2.661961">
        <ele>206.723</ele>
        <time>2026-05-11T07:03:27.877114715Z</time>
      </trkpt>
      <trkpt lat="41.640744" lon="2.662014">
        <ele>206.715</ele>
        <time>2026-05-11T07:04:07.877121728Z</time>
      </trkpt>
      <trkpt lat="41.640757" lon="2.662050">
        <ele>206.609</ele>
        <time>2026-05-11T07:04:47.877128781Z</time>
      </trkpt>
      <trkpt lat="41.640772" lon="2.662086">
        <ele>206.514</ele>
        <time>2026-05-11T07:05:27.877135794Z</time>
      </trkpt>
      <trkpt lat="41.640780" lon="2.662143">
        <ele>206.922</ele>
        <time>2026-05-11T07:06:07.877142887Z</time>
      </trkpt>
      <trkpt lat="41.640778" lon="2.662206">
        <ele>207.860</ele>
        <time>2026-05-11T07:06:47.877149991Z</time>
      </trkpt>
      <trkpt lat="41.640761" lon="2.662275">
        <ele>209.289</ele>
        <time>2026-05-11T07:07:27.877157004Z</time>
      </trkpt>
      <trkpt lat="41.640764" lon="2.662338">
        <ele>209.787</ele>
        <time>2026-05-11T07:08:07.877164007Z</time>
      </trkpt>
      <trkpt lat="41.640758" lon="2.662396">
        <ele>210.663</ele>
        <time>2026-05-11T07:08:47.877171010Z</time>
      </trkpt>
      <trkpt lat="41.640772" lon="2.662434">
        <ele>210.564</ele>
        <time>2026-05-11T07:09:27.877178033Z</time>
      </trkpt>
      <trkpt lat="41.640796" lon="2.662464">
        <ele>210.098</ele>
        <time>2026-05-11T07:10:07.877185066Z</time>
      </trkpt>
      <trkpt lat="41.640821" lon="2.662505">
        <ele>209.571</ele>
        <time>2026-05-11T07:10:47.877192150Z</time>
      </trkpt>
      <trkpt lat="41.640852" lon="2.662538">
        <ele>208.433</ele>
        <time>2026-05-11T07:11:27.877199273Z</time>
      </trkpt>
      <trkpt lat="41.640887" lon="2.662578">
        <ele>207.123</ele>
        <time>2026-05-11T07:12:07.877206346Z</time>
      </trkpt>
      <trkpt lat="41.640917" lon="2.662641">
        <ele>206.315</ele>
        <time>2026-05-11T07:12:47.877213389Z</time>
      </trkpt>
      <trkpt lat="41.640950" lon="2.662709">
        <ele>205.409</ele>
        <time>2026-05-11T07:13:27.877220443Z</time>
      </trkpt>
      <trkpt lat="41.640976" lon="2.662754">
        <ele>204.684</ele>
        <time>2026-05-11T07:14:07.877227496Z</time>
      </trkpt>
      <trkpt lat="41.640994" lon="2.662812">
        <ele>204.292</ele>
        <time>2026-05-11T07:14:47.877241101Z</time>
      </trkpt>
      <trkpt lat="41.641008" lon="2.662871">
        <ele>203.950</ele>
        <time>2026-05-11T07:15:27.877248215Z</time>
      </trkpt>
      <trkpt lat="41.641018" lon="2.662935">
        <ele>203.859</ele>
        <time>2026-05-11T07:16:07.877255338Z</time>
      </trkpt>
      <trkpt lat="41.641028" lon="2.662992">
        <ele>203.687</ele>
        <time>2026-05-11T07:16:47.877262341Z</time>
      </trkpt>
      <trkpt lat="41.641038" lon="2.663051">
        <ele>203.493</ele>
        <time>2026-05-11T07:17:27.877269424Z</time>
      </trkpt>
      <trkpt lat="41.641048" lon="2.663106">
        <ele>203.474</ele>
        <time>2026-05-11T07:18:07.877276437Z</time>
      </trkpt>
      <trkpt lat="41.641052" lon="2.663148">
        <ele>203.678</ele>
        <time>2026-05-11T07:18:47.877283491Z</time>
      </trkpt>
      <trkpt lat="41.641057" lon="2.663207">
        <ele>203.841</ele>
        <time>2026-05-11T07:19:27.877290554Z</time>
      </trkpt>
      <trkpt lat="41.641059" lon="2.663245">
        <ele>204.197</ele>
        <time>2026-05-11T07:20:07.877297617Z</time>
      </trkpt>
      <trkpt lat="41.641056" lon="2.663305">
        <ele>204.723</ele>
        <time>2026-05-11T07:20:47.877304650Z</time>
      </trkpt>
      <trkpt lat="41.641056" lon="2.663369">
        <ele>205.025</ele>
        <time>2026-05-11T07:21:27.877311744Z</time>
      </trkpt>
      <trkpt lat="41.641059" lon="2.663425">
        <ele>204.909</ele>
        <time>2026-05-11T07:22:07.877318777Z</time>
      </trkpt>
      <trkpt lat="41.641058" lon="2.663488">
        <ele>205.030</ele>
        <time>2026-05-11T07:22:47.877325910Z</time>
      </trkpt>
      <trkpt lat="41.641055" lon="2.663547">
        <ele>205.298</ele>
        <time>2026-05-11T07:23:27.877337021Z</time>
      </trkpt>
      <trkpt lat="41.641053" lon="2.663605">
        <ele>205.366</ele>
        <time>2026-05-11T07:24:07.877343964Z</time>
      </trkpt>
      <trkpt lat="41.641053" lon="2.663656">
        <ele>205.235</ele>
        <time>2026-05-11T07:24:47.877350907Z</time>
      </trkpt>
      <trkpt lat="41.641050" lon="2.663720">
        <ele>205.173</ele>
        <time>2026-05-11T07:25:27.877357930Z</time>
      </trkpt>
      <trkpt lat="41.641040" lon="2.663785">
        <ele>205.489</ele>
        <time>2026-05-11T07:26:07.877364963Z</time>
      </trkpt>
      <trkpt lat="41.641034" lon="2.663871">
        <ele>205.490</ele>
        <time>2026-05-11T07:26:47.877371916Z</time>
      </trkpt>
      <trkpt lat="41.641030" lon="2.663945">
        <ele>205.294</ele>
        <time>2026-05-11T07:27:27.877379160Z</time>
      </trkpt>
      <trkpt lat="41.641030" lon="2.663988">
        <ele>204.947</ele>
        <time>2026-05-11T07:28:07.877386163Z</time>
      </trkpt>
      <trkpt lat="41.641025" lon="2.664057">
        <ele>204.731</ele>
        <time>2026-05-11T07:28:47.877393186Z</time>
      </trkpt>
      <trkpt lat="41.641025" lon="2.664108">
        <ele>204.461</ele>
        <time>2026-05-11T07:29:27.877400209Z</time>
      </trkpt>
      <trkpt lat="41.641018" lon="2.664145">
        <ele>204.507</ele>
        <time>2026-05-11T07:30:07.877407202Z</time>
      </trkpt>
      <trkpt lat="41.641013" lon="2.664185">
        <ele>204.509</ele>
        <time>2026-05-11T07:30:47.877414726Z</time>
      </trkpt>
      <trkpt lat="41.641003" lon="2.664240">
        <ele>204.724</ele>
        <time>2026-05-11T07:31:27.877421729Z</time>
      </trkpt>
      <trkpt lat="41.641000" lon="2.664284">
        <ele>204.742</ele>
        <time>2026-05-11T07:32:07.877428672Z</time>
      </trkpt>
      <trkpt lat="41.640985" lon="2.664328">
        <ele>205.140</ele>
        <time>2026-05-11T07:32:47.877435605Z</time>
      </trkpt>
      <trkpt lat="41.640972" lon="2.664397">
        <ele>205.269</ele>
        <time>2026-05-11T07:33:27.877442568Z</time>
      </trkpt>
      <trkpt lat="41.640961" lon="2.664436">
        <ele>205.367</ele>
        <time>2026-05-11T07:34:07.877449571Z</time>
      </trkpt>
      <trkpt lat="41.640953" lon="2.664497">
        <ele>204.993</ele>
        <time>2026-05-11T07:34:47.877456575Z</time>
      </trkpt>
      <trkpt lat="41.640958" lon="2.664546">
        <ele>204.314</ele>
        <time>2026-05-11T07:35:27.877463598Z</time>
      </trkpt>
      <trkpt lat="41.640991" lon="2.664605">
        <ele>203.368</ele>
        <time>2026-05-11T07:36:07.877470601Z</time>
      </trkpt>
      <trkpt lat="41.641013" lon="2.664647">
        <ele>202.611</ele>
        <time>2026-05-11T07:36:47.877477594Z</time>
      </trkpt>
      <trkpt lat="41.641029" lon="2.664676">
        <ele>202.229</ele>
        <time>2026-05-11T07:37:27.877484667Z</time>
      </trkpt>
      <trkpt lat="41.641054" lon="2.664734">
        <ele>201.400</ele>
        <time>2026-05-11T07:38:07.877491750Z</time>
      </trkpt>
      <trkpt lat="41.641057" lon="2.664800">
        <ele>200.420</ele>
        <time>2026-05-11T07:38:47.877498764Z</time>
      </trkpt>
      <trkpt lat="41.641045" lon="2.664858">
        <ele>199.509</ele>
        <time>2026-05-11T07:39:27.877505907Z</time>
      </trkpt>
      <trkpt lat="41.641034" lon="2.664922">
        <ele>198.643</ele>
        <time>2026-05-11T07:40:07.877512920Z</time>
      </trkpt>
      <trkpt lat="41.641008" lon="2.664965">
        <ele>198.031</ele>
        <time>2026-05-11T07:40:47.877519913Z</time>
      </trkpt>
      <trkpt lat="41.641019" lon="2.665021">
        <ele>197.089</ele>
        <time>2026-05-11T07:41:27.877526876Z</time>
      </trkpt>
      <trkpt lat="41.641052" lon="2.665077">
        <ele>196.098</ele>
        <time>2026-05-11T07:42:07.877533849Z</time>
      </trkpt>
      <trkpt lat="41.641073" lon="2.665106">
        <ele>195.596</ele>
        <time>2026-05-11T07:42:47.877540872Z</time>
      </trkpt>
      <trkpt lat="41.641097" lon="2.665138">
        <ele>195.062</ele>
        <time>2026-05-11T07:43:27.877547885Z</time>
      </trkpt>
      <trkpt lat="41.641119" lon="2.665170">
        <ele>194.573</ele>
        <time>2026-05-11T07:44:07.877554839Z</time>
      </trkpt>
      <trkpt lat="41.641141" lon="2.665206">
        <ele>194.027</ele>
        <time>2026-05-11T07:44:47.877561812Z</time>
      </trkpt>
      <trkpt lat="41.641173" lon="2.665259">
        <ele>193.420</ele>
        <time>2026-05-11T07:45:27.877568955Z</time>
      </trkpt>
      <trkpt lat="41.641189" lon="2.665288">
        <ele>193.278</ele>
        <time>2026-05-11T07:46:07.877576018Z</time>
      </trkpt>
      <trkpt lat="41.641205" lon="2.665318">
        <ele>193.033</ele>
        <time>2026-05-11T07:46:47.877583051Z</time>
      </trkpt>
      <trkpt lat="41.641222" lon="2.665351">
        <ele>192.826</ele>
        <time>2026-05-11T07:47:27.877590074Z</time>
      </trkpt>
      <trkpt lat="41.641241" lon="2.665380">
        <ele>192.709</ele>
        <time>2026-05-11T07:48:07.877597098Z</time>
      </trkpt>
      <trkpt lat="41.641261" lon="2.665407">
        <ele>192.618</ele>
        <time>2026-05-11T07:48:47.877604081Z</time>
      </trkpt>
      <trkpt lat="41.641281" lon="2.665434">
        <ele>192.696</ele>
        <time>2026-05-11T07:49:27.877611054Z</time>
      </trkpt>
      <trkpt lat="41.641319" lon="2.665482">
        <ele>192.644</ele>
        <time>2026-05-11T07:50:07.877618047Z</time>
      </trkpt>
      <trkpt lat="41.641341" lon="2.665506">
        <ele>192.743</ele>
        <time>2026-05-11T07:50:47.877625060Z</time>
      </trkpt>
      <trkpt lat="41.641364" lon="2.665529">
        <ele>192.851</ele>
        <time>2026-05-11T07:51:27.877632053Z</time>
      </trkpt>
      <trkpt lat="41.641389" lon="2.665549">
        <ele>193.087</ele>
        <time>2026-05-11T07:52:07.877638996Z</time>
      </trkpt>
      <trkpt lat="41.641418" lon="2.665566">
        <ele>193.088</ele>
        <time>2026-05-11T07:52:47.877645939Z</time>
      </trkpt>
      <trkpt lat="41.641448" lon="2.665581">
        <ele>193.022</ele>
        <time>2026-05-11T07:53:27.877652852Z</time>
      </trkpt>
      <trkpt lat="41.641494" lon="2.665609">
        <ele>192.985</ele>
        <time>2026-05-11T07:54:07.877665015Z</time>
      </trkpt>
      <trkpt lat="41.641520" lon="2.665623">
        <ele>193.081</ele>
        <time>2026-05-11T07:54:47.877672198Z</time>
      </trkpt>
      <trkpt lat="41.641577" lon="2.665641">
        <ele>193.261</ele>
        <time>2026-05-11T07:55:27.877679241Z</time>
      </trkpt>
      <trkpt lat="41.641606" lon="2.665647">
        <ele>193.317</ele>
        <time>2026-05-11T07:56:07.877686285Z</time>
      </trkpt>
      <trkpt lat="41.641660" lon="2.665662">
        <ele>193.609</ele>
        <time>2026-05-11T07:56:47.877693398Z</time>
      </trkpt>
      <trkpt lat="41.641710" lon="2.665668">
        <ele>193.299</ele>
        <time>2026-05-11T07:57:27.877700401Z</time>
      </trkpt>
      <trkpt lat="41.641743" lon="2.665671">
        <ele>192.827</ele>
        <time>2026-05-11T07:58:07.877707344Z</time>
      </trkpt>
      <trkpt lat="41.641771" lon="2.665677">
        <ele>192.645</ele>
        <time>2026-05-11T07:58:47.877714277Z</time>
      </trkpt>
      <trkpt lat="41.641796" lon="2.665693">
        <ele>192.374</ele>
        <time>2026-05-11T07:59:27.877721230Z</time>
      </trkpt>
      <trkpt lat="41.641831" lon="2.665701">
        <ele>192.022</ele>
        <time>2026-05-11T08:00:07.877728263Z</time>
      </trkpt>
      <trkpt lat="41.641884" lon="2.665704">
        <ele>191.628</ele>
        <time>2026-05-11T08:00:47.877735246Z</time>
      </trkpt>
      <trkpt lat="41.641911" lon="2.665716">
        <ele>191.459</ele>
        <time>2026-05-11T08:01:27.877742269Z</time>
      </trkpt>
      <trkpt lat="41.641939" lon="2.665740">
        <ele>191.423</ele>
        <time>2026-05-11T08:02:07.877749282Z</time>
      </trkpt>
      <trkpt lat="41.641969" lon="2.665757">
        <ele>191.276</ele>
        <time>2026-05-11T08:02:47.877756526Z</time>
      </trkpt>
      <trkpt lat="41.641998" lon="2.665779">
        <ele>191.032</ele>
        <time>2026-05-11T08:03:27.877763559Z</time>
      </trkpt>
      <trkpt lat="41.642020" lon="2.665809">
        <ele>191.092</ele>
        <time>2026-05-11T08:04:07.877770622Z</time>
      </trkpt>
      <trkpt lat="41.642039" lon="2.665850">
        <ele>191.011</ele>
        <time>2026-05-11T08:04:47.877777615Z</time>
      </trkpt>
      <trkpt lat="41.642052" lon="2.665884">
        <ele>191.009</ele>
        <time>2026-05-11T08:05:27.877784599Z</time>
      </trkpt>
      <trkpt lat="41.642076" lon="2.665950">
        <ele>191.044</ele>
        <time>2026-05-11T08:06:07.877791562Z</time>
      </trkpt>
      <trkpt lat="41.642085" lon="2.665986">
        <ele>191.072</ele>
        <time>2026-05-11T08:06:47.877798595Z</time>
      </trkpt>
      <trkpt lat="41.642083" lon="2.666062">
        <ele>191.330</ele>
        <time>2026-05-11T08:07:27.877805608Z</time>
      </trkpt>
      <trkpt lat="41.642081" lon="2.666105">
        <ele>191.599</ele>
        <time>2026-05-11T08:08:07.877812581Z</time>
      </trkpt>
      <trkpt lat="41.642079" lon="2.666142">
        <ele>191.827</ele>
        <time>2026-05-11T08:08:47.877819584Z</time>
      </trkpt>
      <trkpt lat="41.642070" lon="2.666185">
        <ele>192.233</ele>
        <time>2026-05-11T08:09:27.877826627Z</time>
      </trkpt>
      <trkpt lat="41.642063" lon="2.666258">
        <ele>192.944</ele>
        <time>2026-05-11T08:10:07.877833680Z</time>
      </trkpt>
      <trkpt lat="41.642060" lon="2.666305">
        <ele>193.338</ele>
        <time>2026-05-11T08:10:47.877840694Z</time>
      </trkpt>
      <trkpt lat="41.642051" lon="2.666348">
        <ele>193.651</ele>
        <time>2026-05-11T08:11:27.877847677Z</time>
      </trkpt>
      <trkpt lat="41.642044" lon="2.666384">
        <ele>194.089</ele>
        <time>2026-05-11T08:12:07.877854730Z</time>
      </trkpt>
      <trkpt lat="41.642037" lon="2.666420">
        <ele>194.406</ele>
        <time>2026-05-11T08:12:47.877861843Z</time>
      </trkpt>
      <trkpt lat="41.642034" lon="2.666483">
        <ele>195.426</ele>
        <time>2026-05-11T08:13:27.877868786Z</time>
      </trkpt>
      <trkpt lat="41.642022" lon="2.666519">
        <ele>195.909</ele>
        <time>2026-05-11T08:14:07.877875809Z</time>
      </trkpt>
      <trkpt lat="41.642003" lon="2.666574">
        <ele>196.739</ele>
        <time>2026-05-11T08:14:47.877882802Z</time>
      </trkpt>
      <trkpt lat="41.641983" lon="2.666634">
        <ele>197.517</ele>
        <time>2026-05-11T08:15:27.877889765Z</time>
      </trkpt>
      <trkpt lat="41.641974" lon="2.666669">
        <ele>198.075</ele>
        <time>2026-05-11T08:16:07.877896708Z</time>
      </trkpt>
      <trkpt lat="41.641957" lon="2.666736">
        <ele>199.044</ele>
        <time>2026-05-11T08:16:47.877903651Z</time>
      </trkpt>
      <trkpt lat="41.641944" lon="2.666769">
        <ele>199.532</ele>
        <time>2026-05-11T08:17:27.877910624Z</time>
      </trkpt>
      <trkpt lat="41.641920" lon="2.666826">
        <ele>199.548</ele>
        <time>2026-05-11T08:18:07.877917628Z</time>
      </trkpt>
      <trkpt lat="41.641902" lon="2.666883">
        <ele>199.749</ele>
        <time>2026-05-11T08:18:47.877924641Z</time>
      </trkpt>
      <trkpt lat="41.641891" lon="2.666923">
        <ele>200.053</ele>
        <time>2026-05-11T08:19:27.877931664Z</time>
      </trkpt>
      <trkpt lat="41.641882" lon="2.666980">
        <ele>200.686</ele>
        <time>2026-05-11T08:20:07.877938667Z</time>
      </trkpt>
      <trkpt lat="41.641860" lon="2.667031">
        <ele>200.695</ele>
        <time>2026-05-11T08:20:47.877946161Z</time>
      </trkpt>
      <trkpt lat="41.641834" lon="2.667102">
        <ele>200.849</ele>
        <time>2026-05-11T08:21:27.877953224Z</time>
      </trkpt>
      <trkpt lat="41.641821" lon="2.667155">
        <ele>201.123</ele>
        <time>2026-05-11T08:22:07.877960337Z</time>
      </trkpt>
      <trkpt lat="41.641810" lon="2.667190">
        <ele>201.209</ele>
        <time>2026-05-11T08:22:47.877967331Z</time>
      </trkpt>
      <trkpt lat="41.641801" lon="2.667225">
        <ele>201.370</ele>
        <time>2026-05-11T08:23:27.877974304Z</time>
      </trkpt>
      <trkpt lat="41.641801" lon="2.667292">
        <ele>201.958</ele>
        <time>2026-05-11T08:24:07.877981277Z</time>
      </trkpt>
      <trkpt lat="41.641814" lon="2.667354">
        <ele>203.016</ele>
        <time>2026-05-11T08:24:47.877988240Z</time>
      </trkpt>
      <trkpt lat="41.641821" lon="2.667397">
        <ele>203.715</ele>
        <time>2026-05-11T08:25:27.877995203Z</time>
      </trkpt>
      <trkpt lat="41.641837" lon="2.667463">
        <ele>205.073</ele>
        <time>2026-05-11T08:26:07.878002216Z</time>
      </trkpt>
      <trkpt lat="41.641853" lon="2.667531">
        <ele>206.359</ele>
        <time>2026-05-11T08:26:47.878009239Z</time>
      </trkpt>
      <trkpt lat="41.641860" lon="2.667566">
        <ele>206.830</ele>
        <time>2026-05-11T08:27:27.878016312Z</time>
      </trkpt>
      <trkpt lat="41.641875" lon="2.667618">
        <ele>208.064</ele>
        <time>2026-05-11T08:28:07.878023305Z</time>
      </trkpt>
      <trkpt lat="41.641892" lon="2.667674">
        <ele>209.387</ele>
        <time>2026-05-11T08:28:47.878030339Z</time>
      </trkpt>
      <trkpt lat="41.641910" lon="2.667704">
        <ele>210.435</ele>
        <time>2026-05-11T08:29:27.878037312Z</time>
      </trkpt>
      <trkpt lat="41.641940" lon="2.667769">
        <ele>212.786</ele>
        <time>2026-05-11T08:30:07.878044345Z</time>
      </trkpt>
      <trkpt lat="41.641966" lon="2.667825">
        <ele>213.314</ele>
        <time>2026-05-11T08:30:47.878051358Z</time>
      </trkpt>
      <trkpt lat="41.641980" lon="2.667864">
        <ele>213.509</ele>
        <time>2026-05-11T08:31:27.878058351Z</time>
      </trkpt>
      <trkpt lat="41.641988" lon="2.667900">
        <ele>213.734</ele>
        <time>2026-05-11T08:32:07.878065384Z</time>
      </trkpt>
      <trkpt lat="41.642016" lon="2.667946">
        <ele>214.222</ele>
        <time>2026-05-11T08:32:47.878072387Z</time>
      </trkpt>
      <trkpt lat="41.642049" lon="2.667984">
        <ele>215.090</ele>
        <time>2026-05-11T08:33:27.878085492Z</time>
      </trkpt>
      <trkpt lat="41.642075" lon="2.668008">
        <ele>215.639</ele>
        <time>2026-05-11T08:34:07.878092515Z</time>
      </trkpt>
      <trkpt lat="41.642102" lon="2.668060">
        <ele>216.467</ele>
        <time>2026-05-11T08:34:47.878099568Z</time>
      </trkpt>
      <trkpt lat="41.642137" lon="2.668098">
        <ele>217.223</ele>
        <time>2026-05-11T08:35:27.878106501Z</time>
      </trkpt>
      <trkpt lat="41.642165" lon="2.668154">
        <ele>217.834</ele>
        <time>2026-05-11T08:36:07.878113544Z</time>
      </trkpt>
      <trkpt lat="41.642177" lon="2.668187">
        <ele>218.088</ele>
        <time>2026-05-11T08:36:47.878120778Z</time>
      </trkpt>
      <trkpt lat="41.642204" lon="2.668236">
        <ele>218.611</ele>
        <time>2026-05-11T08:37:27.878127731Z</time>
      </trkpt>
      <trkpt lat="41.642241" lon="2.668280">
        <ele>219.099</ele>
        <time>2026-05-11T08:38:07.878134804Z</time>
      </trkpt>
      <trkpt lat="41.642281" lon="2.668311">
        <ele>219.207</ele>
        <time>2026-05-11T08:38:47.878141827Z</time>
      </trkpt>
      <trkpt lat="41.642309" lon="2.668330">
        <ele>219.327</ele>
        <time>2026-05-11T08:39:27.878152577Z</time>
      </trkpt>
      <trkpt lat="41.642347" lon="2.668376">
        <ele>219.509</ele>
        <time>2026-05-11T08:40:07.878159641Z</time>
      </trkpt>
      <trkpt lat="41.642371" lon="2.668415">
        <ele>219.740</ele>
        <time>2026-05-11T08:40:47.878166694Z</time>
      </trkpt>
      <trkpt lat="41.642370" lon="2.668486">
        <ele>219.848</ele>
        <time>2026-05-11T08:41:27.878173697Z</time>
      </trkpt>
      <trkpt lat="41.642370" lon="2.668530">
        <ele>219.956</ele>
        <time>2026-05-11T08:42:07.878180760Z</time>
      </trkpt>
      <trkpt lat="41.642361" lon="2.668595">
        <ele>220.075</ele>
        <time>2026-05-11T08:42:47.878187833Z</time>
      </trkpt>
      <trkpt lat="41.642338" lon="2.668657">
        <ele>220.513</ele>
        <time>2026-05-11T08:43:27.878194917Z</time>
      </trkpt>
      <trkpt lat="41.642337" lon="2.668731">
        <ele>221.379</ele>
        <time>2026-05-11T08:44:07.878201840Z</time>
      </trkpt>
      <trkpt lat="41.642326" lon="2.668773">
        <ele>221.730</ele>
        <time>2026-05-11T08:44:47.878208933Z</time>
      </trkpt>
      <trkpt lat="41.642306" lon="2.668821">
        <ele>222.364</ele>
        <time>2026-05-11T08:45:27.878215986Z</time>
      </trkpt>
      <trkpt lat="41.642301" lon="2.668858">
        <ele>222.717</ele>
        <time>2026-05-11T08:46:07.878222999Z</time>
      </trkpt>
      <trkpt lat="41.642309" lon="2.668921">
        <ele>223.864</ele>
        <time>2026-05-11T08:46:47.878230142Z</time>
      </trkpt>
      <trkpt lat="41.642317" lon="2.668956">
        <ele>224.806</ele>
        <time>2026-05-11T08:47:27.878237476Z</time>
      </trkpt>
      <trkpt lat="41.642333" lon="2.669019">
        <ele>226.516</ele>
        <time>2026-05-11T08:48:07.878244549Z</time>
      </trkpt>
      <trkpt lat="41.642334" lon="2.669074">
        <ele>227.909</ele>
        <time>2026-05-11T08:48:47.878251613Z</time>
      </trkpt>
      <trkpt lat="41.642341" lon="2.669114">
        <ele>229.087</ele>
        <time>2026-05-11T08:49:27.878258636Z</time>
      </trkpt>
      <trkpt lat="41.642346" lon="2.669180">
        <ele>230.945</ele>
        <time>2026-05-11T08:50:07.878265629Z</time>
      </trkpt>
      <trkpt lat="41.642346" lon="2.669216">
        <ele>232.113</ele>
        <time>2026-05-11T08:50:47.878272622Z</time>
      </trkpt>
      <trkpt lat="41.642335" lon="2.669285">
        <ele>234.492</ele>
        <time>2026-05-11T08:51:27.878279575Z</time>
      </trkpt>
      <trkpt lat="41.642328" lon="2.669344">
        <ele>236.450</ele>
        <time>2026-05-11T08:52:07.878286558Z</time>
      </trkpt>
      <trkpt lat="41.642331" lon="2.669384">
        <ele>237.796</ele>
        <time>2026-05-11T08:52:47.878293551Z</time>
      </trkpt>
      <trkpt lat="41.642306" lon="2.669443">
        <ele>239.647</ele>
        <time>2026-05-11T08:53:27.878300484Z</time>
      </trkpt>
      <trkpt lat="41.642293" lon="2.669498">
        <ele>241.161</ele>
        <time>2026-05-11T08:54:07.878307517Z</time>
      </trkpt>
      <trkpt lat="41.642325" lon="2.669543">
        <ele>242.654</ele>
        <time>2026-05-11T08:54:47.878314500Z</time>
      </trkpt>
      <trkpt lat="41.642343" lon="2.669580">
        <ele>243.855</ele>
        <time>2026-05-11T08:55:27.878321584Z</time>
      </trkpt>
      <trkpt lat="41.642366" lon="2.669623">
        <ele>245.207</ele>
        <time>2026-05-11T08:56:07.878328697Z</time>
      </trkpt>
      <trkpt lat="41.642384" lon="2.669673">
        <ele>246.717</ele>
        <time>2026-05-11T08:56:47.878335680Z</time>
      </trkpt>
      <trkpt lat="41.642386" lon="2.669716">
        <ele>248.009</ele>
        <time>2026-05-11T08:57:27.878342713Z</time>
      </trkpt>
      <trkpt lat="41.642347" lon="2.669761">
        <ele>248.586</ele>
        <time>2026-05-11T08:58:07.878349676Z</time>
      </trkpt>
      <trkpt lat="41.642331" lon="2.669803">
        <ele>249.064</ele>
        <time>2026-05-11T08:58:47.878356619Z</time>
      </trkpt>
      <trkpt lat="41.642332" lon="2.669852">
        <ele>249.842</ele>
        <time>2026-05-11T08:59:27.878363632Z</time>
      </trkpt>
      <trkpt lat="41.642289" lon="2.669884">
        <ele>250.181</ele>
        <time>2026-05-11T09:00:07.878370736Z</time>
      </trkpt>
      <trkpt lat="41.642261" lon="2.669919">
        <ele>250.689</ele>
        <time>2026-05-11T09:00:47.878377719Z</time>
      </trkpt>
      <trkpt lat="41.642231" lon="2.669951">
        <ele>251.195</ele>
        <time>2026-05-11T09:01:27.878384652Z</time>
      </trkpt>
      <trkpt lat="41.642204" lon="2.669987">
        <ele>251.116</ele>
        <time>2026-05-11T09:02:07.878391625Z</time>
      </trkpt>
      <trkpt lat="41.642161" lon="2.670030">
        <ele>250.170</ele>
        <time>2026-05-11T09:02:47.878398608Z</time>
      </trkpt>
      <trkpt lat="41.642153" lon="2.670080">
        <ele>250.363</ele>
        <time>2026-05-11T09:03:27.878405561Z</time>
      </trkpt>
      <trkpt lat="41.642144" lon="2.670116">
        <ele>250.331</ele>
        <time>2026-05-11T09:04:07.878412604Z</time>
      </trkpt>
      <trkpt lat="41.642130" lon="2.670153">
        <ele>250.261</ele>
        <time>2026-05-11T09:04:47.878419577Z</time>
      </trkpt>
      <trkpt lat="41.642103" lon="2.670188">
        <ele>249.407</ele>
        <time>2026-05-11T09:05:27.878426630Z</time>
      </trkpt>
      <trkpt lat="41.642074" lon="2.670188">
        <ele>248.309</ele>
        <time>2026-05-11T09:06:07.878433613Z</time>
      </trkpt>
      <trkpt lat="41.642051" lon="2.670248">
        <ele>248.094</ele>
        <time>2026-05-11T09:06:47.878440596Z</time>
      </trkpt>
      <trkpt lat="41.642070" lon="2.670303">
        <ele>248.892</ele>
        <time>2026-05-11T09:07:27.878447519Z</time>
      </trkpt>
      <trkpt lat="41.642068" lon="2.670358">
        <ele>248.480</ele>
        <time>2026-05-11T09:08:07.878454482Z</time>
      </trkpt>
      <trkpt lat="41.642094" lon="2.670415">
        <ele>249.239</ele>
        <time>2026-05-11T09:08:47.878461606Z</time>
      </trkpt>
      <trkpt lat="41.642123" lon="2.670408">
        <ele>250.447</ele>
        <time>2026-05-11T09:09:27.878468589Z</time>
      </trkpt>
      <trkpt lat="41.642145" lon="2.670388">
        <ele>251.453</ele>
        <time>2026-05-11T09:10:07.878475632Z</time>
      </trkpt>
      <trkpt lat="41.642171" lon="2.670431">
        <ele>252.364</ele>
        <time>2026-05-11T09:10:47.878482595Z</time>
      </trkpt>
      <trkpt lat="41.642204" lon="2.670402">
        <ele>253.878</ele>
        <time>2026-05-11T09:11:27.878489558Z</time>
      </trkpt>
      <trkpt lat="41.642236" lon="2.670405">
        <ele>254.341</ele>
        <time>2026-05-11T09:12:07.878496571Z</time>
      </trkpt>
      <trkpt lat="41.642219" lon="2.670374">
        <ele>254.534</ele>
        <time>2026-05-11T09:12:47.878508744Z</time>
      </trkpt>
      <trkpt lat="41.642189" lon="2.670411">
        <ele>253.155</ele>
        <time>2026-05-11T09:13:27.878515847Z</time>
      </trkpt>
      <trkpt lat="41.642181" lon="2.670448">
        <ele>252.710</ele>
        <time>2026-05-11T09:14:07.878522951Z</time>
      </trkpt>
      <trkpt lat="41.642145" lon="2.670388">
        <ele>251.409</ele>
        <time>2026-05-11T09:14:47.878529934Z</time>
      </trkpt>
      <trkpt lat="41.642122" lon="2.670434">
        <ele>250.354</ele>
        <time>2026-05-11T09:15:27.878536897Z</time>
      </trkpt>
      <trkpt lat="41.642114" lon="2.670480">
        <ele>249.712</ele>
        <time>2026-05-11T09:16:07.878543940Z</time>
      </trkpt>
      <trkpt lat="41.642121" lon="2.670514">
        <ele>249.890</ele>
        <time>2026-05-11T09:16:47.878551023Z</time>
      </trkpt>
      <trkpt lat="41.642160" lon="2.670563">
        <ele>251.269</ele>
        <time>2026-05-11T09:17:27.878558116Z</time>
      </trkpt>
      <trkpt lat="41.642170" lon="2.670627">
        <ele>250.737</ele>
        <time>2026-05-11T09:18:07.878565190Z</time>
      </trkpt>
      <trkpt lat="41.642165" lon="2.670692">
        <ele>249.653</ele>
        <time>2026-05-11T09:18:47.878572213Z</time>
      </trkpt>
      <trkpt lat="41.642175" lon="2.670728">
        <ele>249.524</ele>
        <time>2026-05-11T09:19:27.878579426Z</time>
      </trkpt>
      <trkpt lat="41.642185" lon="2.670799">
        <ele>248.948</ele>
        <time>2026-05-11T09:20:07.878586419Z</time>
      </trkpt>
      <trkpt lat="41.642211" lon="2.670819">
        <ele>249.771</ele>
        <time>2026-05-11T09:20:47.878593412Z</time>
      </trkpt>
      <trkpt lat="41.642242" lon="2.670826">
        <ele>249.742</ele>
        <time>2026-05-11T09:21:27.878600446Z</time>
      </trkpt>
      <trkpt lat="41.642268" lon="2.670837">
        <ele>248.922</ele>
        <time>2026-05-11T09:22:07.878607429Z</time>
      </trkpt>
      <trkpt lat="41.642264" lon="2.670877">
        <ele>247.614</ele>
        <time>2026-05-11T09:22:47.878614412Z</time>
      </trkpt>
      <trkpt lat="41.642222" lon="2.670927">
        <ele>246.609</ele>
        <time>2026-05-11T09:23:27.878621405Z</time>
      </trkpt>
      <trkpt lat="41.642180" lon="2.670952">
        <ele>244.195</ele>
        <time>2026-05-11T09:24:07.878628438Z</time>
      </trkpt>
      <trkpt lat="41.642153" lon="2.670960">
        <ele>242.893</ele>
        <time>2026-05-11T09:24:47.878635451Z</time>
      </trkpt>
      <trkpt lat="41.642124" lon="2.670965">
        <ele>241.571</ele>
        <time>2026-05-11T09:25:27.878642404Z</time>
      </trkpt>
      <trkpt lat="41.642109" lon="2.671033">
        <ele>238.880</ele>
        <time>2026-05-11T09:26:07.878649367Z</time>
      </trkpt>
      <trkpt lat="41.642122" lon="2.671070">
        <ele>238.188</ele>
        <time>2026-05-11T09:26:47.878656380Z</time>
      </trkpt>
      <trkpt lat="41.642156" lon="2.671115">
        <ele>237.754</ele>
        <time>2026-05-11T09:27:27.878663383Z</time>
      </trkpt>
      <trkpt lat="41.642179" lon="2.671149">
        <ele>237.395</ele>
        <time>2026-05-11T09:28:07.878670316Z</time>
      </trkpt>
      <trkpt lat="41.642208" lon="2.671164">
        <ele>237.779</ele>
        <time>2026-05-11T09:28:47.878677229Z</time>
      </trkpt>
      <trkpt lat="41.642247" lon="2.671208">
        <ele>236.572</ele>
        <time>2026-05-11T09:29:27.878684633Z</time>
      </trkpt>
      <trkpt lat="41.642225" lon="2.671261">
        <ele>234.695</ele>
        <time>2026-05-11T09:30:07.878691656Z</time>
      </trkpt>
      <trkpt lat="41.642244" lon="2.671289">
        <ele>233.649</ele>
        <time>2026-05-11T09:30:47.878698679Z</time>
      </trkpt>
      <trkpt lat="41.642258" lon="2.671327">
        <ele>232.323</ele>
        <time>2026-05-11T09:31:27.878705622Z</time>
      </trkpt>
      <trkpt lat="41.642258" lon="2.671390">
        <ele>230.109</ele>
        <time>2026-05-11T09:32:07.878712646Z</time>
      </trkpt>
      <trkpt lat="41.642232" lon="2.671446">
        <ele>228.850</ele>
        <time>2026-05-11T09:32:47.878719619Z</time>
      </trkpt>
      <trkpt lat="41.642230" lon="2.671484">
        <ele>227.918</ele>
        <time>2026-05-11T09:33:27.878726592Z</time>
      </trkpt>
      <trkpt lat="41.642202" lon="2.671534">
        <ele>226.346</ele>
        <time>2026-05-11T09:34:07.878733545Z</time>
      </trkpt>
      <trkpt lat="41.642178" lon="2.671595">
        <ele>224.245</ele>
        <time>2026-05-11T09:34:47.878740528Z</time>
      </trkpt>
      <trkpt lat="41.642202" lon="2.671615">
        <ele>224.553</ele>
        <time>2026-05-11T09:35:27.878747501Z</time>
      </trkpt>
      <trkpt lat="41.642224" lon="2.671639">
        <ele>224.669</ele>
        <time>2026-05-11T09:36:07.878754584Z</time>
      </trkpt>
      <trkpt lat="41.642241" lon="2.671670">
        <ele>223.610</ele>
        <time>2026-05-11T09:36:47.878761637Z</time>
      </trkpt>
      <trkpt lat="41.642251" lon="2.671706">
        <ele>222.094</ele>
        <time>2026-05-11T09:37:27.878768630Z</time>
      </trkpt>
      <trkpt lat="41.642230" lon="2.671753">
        <ele>220.587</ele>
        <time>2026-05-11T09:38:07.878775664Z</time>
      </trkpt>
      <trkpt lat="41.642238" lon="2.671798">
        <ele>218.584</ele>
        <time>2026-05-11T09:38:47.878782717Z</time>
      </trkpt>
      <trkpt lat="41.642264" lon="2.671829">
        <ele>216.907</ele>
        <time>2026-05-11T09:39:27.878789690Z</time>
      </trkpt>
      <trkpt lat="41.642281" lon="2.671865">
        <ele>215.117</ele>
        <time>2026-05-11T09:40:07.878796653Z</time>
      </trkpt>
      <trkpt lat="41.642299" lon="2.671887">
        <ele>214.009</ele>
        <time>2026-05-11T09:40:47.878803626Z</time>
      </trkpt>
      <trkpt lat="41.642290" lon="2.671923">
        <ele>212.629</ele>
        <time>2026-05-11T09:41:27.878810619Z</time>
      </trkpt>
      <trkpt lat="41.642273" lon="2.671962">
        <ele>211.617</ele>
        <time>2026-05-11T09:42:07.878817612Z</time>
      </trkpt>
      <trkpt lat="41.642256" lon="2.671995">
        <ele>211.085</ele>
        <time>2026-05-11T09:42:47.878824605Z</time>
      </trkpt>
      <trkpt lat="41.642247" lon="2.672053">
        <ele>209.514</ele>
        <time>2026-05-11T09:43:27.878831588Z</time>
      </trkpt>
      <trkpt lat="41.642247" lon="2.672107">
        <ele>208.092</ele>
        <time>2026-05-11T09:44:07.878838571Z</time>
      </trkpt>
      <trkpt lat="41.642248" lon="2.672148">
        <ele>206.928</ele>
        <time>2026-05-11T09:44:47.878845594Z</time>
      </trkpt>
      <trkpt lat="41.642226" lon="2.672174">
        <ele>206.439</ele>
        <time>2026-05-11T09:45:27.878852568Z</time>
      </trkpt>
      <trkpt lat="41.642199" lon="2.672195">
        <ele>205.363</ele>
        <time>2026-05-11T09:46:07.878859571Z</time>
      </trkpt>
      <trkpt lat="41.642183" lon="2.672231">
        <ele>203.936</ele>
        <time>2026-05-11T09:46:47.878866584Z</time>
      </trkpt>
      <trkpt lat="41.642162" lon="2.672279">
        <ele>202.292</ele>
        <time>2026-05-11T09:47:27.878873617Z</time>
      </trkpt>
      <trkpt lat="41.642140" lon="2.672311">
        <ele>201.073</ele>
        <time>2026-05-11T09:48:07.878880710Z</time>
      </trkpt>
      <trkpt lat="41.642112" lon="2.672355">
        <ele>199.420</ele>
        <time>2026-05-11T09:48:47.878887733Z</time>
      </trkpt>
      <trkpt lat="41.642077" lon="2.672390">
        <ele>198.009</ele>
        <time>2026-05-11T09:49:27.878894756Z</time>
      </trkpt>
      <trkpt lat="41.642055" lon="2.672415">
        <ele>197.160</ele>
        <time>2026-05-11T09:50:07.878901860Z</time>
      </trkpt>
      <trkpt lat="41.642049" lon="2.672451">
        <ele>196.258</ele>
        <time>2026-05-11T09:50:47.878908883Z</time>
      </trkpt>
      <trkpt lat="41.642092" lon="2.672494">
        <ele>195.796</ele>
        <time>2026-05-11T09:51:27.878915886Z</time>
      </trkpt>
      <trkpt lat="41.642116" lon="2.672515">
        <ele>195.525</ele>
        <time>2026-05-11T09:52:07.878929522Z</time>
      </trkpt>
      <trkpt lat="41.642144" lon="2.672539">
        <ele>195.323</ele>
        <time>2026-05-11T09:52:47.878936535Z</time>
      </trkpt>
      <trkpt lat="41.642174" lon="2.672548">
        <ele>195.329</ele>
        <time>2026-05-11T09:53:27.878943538Z</time>
      </trkpt>
      <trkpt lat="41.642197" lon="2.672571">
        <ele>195.070</ele>
        <time>2026-05-11T09:54:07.878950521Z</time>
      </trkpt>
      <trkpt lat="41.642212" lon="2.672623">
        <ele>193.834</ele>
        <time>2026-05-11T09:54:47.878957624Z</time>
      </trkpt>
      <trkpt lat="41.642259" lon="2.672657">
        <ele>193.297</ele>
        <time>2026-05-11T09:55:27.878964647Z</time>
      </trkpt>
      <trkpt lat="41.642273" lon="2.672689">
        <ele>192.499</ele>
        <time>2026-05-11T09:56:07.878971690Z</time>
      </trkpt>
      <trkpt lat="41.642271" lon="2.672762">
        <ele>190.607</ele>
        <time>2026-05-11T09:56:47.878978714Z</time>
      </trkpt>
      <trkpt lat="41.642261" lon="2.672827">
        <ele>189.027</ele>
        <time>2026-05-11T09:57:27.878985687Z</time>
      </trkpt>
      <trkpt lat="41.642265" lon="2.672863">
        <ele>188.209</ele>
        <time>2026-05-11T09:58:07.878992690Z</time>
      </trkpt>
      <trkpt lat="41.642263" lon="2.672903">
        <ele>187.220</ele>
        <time>2026-05-11T09:58:47.878999723Z</time>
      </trkpt>
      <trkpt lat="41.642264" lon="2.672948">
        <ele>186.268</ele>
        <time>2026-05-11T09:59:27.879006746Z</time>
      </trkpt>
      <trkpt lat="41.642292" lon="2.672969">
        <ele>185.646</ele>
        <time>2026-05-11T10:00:07.879013769Z</time>
      </trkpt>
      <trkpt lat="41.642305" lon="2.673026">
        <ele>184.175</ele>
        <time>2026-05-11T10:00:47.879020792Z</time>
      </trkpt>
      <trkpt lat="41.642343" lon="2.673041">
        <ele>183.523</ele>
        <time>2026-05-11T10:01:27.879027785Z</time>
      </trkpt>
      <trkpt lat="41.642365" lon="2.673099">
        <ele>182.079</ele>
        <time>2026-05-11T10:02:07.879034769Z</time>
      </trkpt>
      <trkpt lat="41.642348" lon="2.673134">
        <ele>181.480</ele>
        <time>2026-05-11T10:02:47.879041762Z</time>
      </trkpt>
      <trkpt lat="41.642332" lon="2.673185">
        <ele>180.494</ele>
        <time>2026-05-11T10:03:27.879048705Z</time>
      </trkpt>
      <trkpt lat="41.642339" lon="2.673239">
        <ele>179.287</ele>
        <time>2026-05-11T10:04:07.879055658Z</time>
      </trkpt>
      <trkpt lat="41.642377" lon="2.673266">
        <ele>178.362</ele>
        <time>2026-05-11T10:04:47.879062731Z</time>
      </trkpt>
      <trkpt lat="41.642389" lon="2.673334">
        <ele>176.883</ele>
        <time>2026-05-11T10:05:27.879069764Z</time>
      </trkpt>
      <trkpt lat="41.642401" lon="2.673406">
        <ele>175.111</ele>
        <time>2026-05-11T10:06:07.879076807Z</time>
      </trkpt>
      <trkpt lat="41.642431" lon="2.673417">
        <ele>174.609</ele>
        <time>2026-05-11T10:06:47.879083830Z</time>
      </trkpt>
      <trkpt lat="41.642460" lon="2.673435">
        <ele>174.017</ele>
        <time>2026-05-11T10:07:27.879090894Z</time>
      </trkpt>
      <trkpt lat="41.642504" lon="2.673464">
        <ele>173.085</ele>
        <time>2026-05-11T10:08:07.879098007Z</time>
      </trkpt>
      <trkpt lat="41.642535" lon="2.673466">
        <ele>171.223</ele>
        <time>2026-05-11T10:08:47.879105180Z</time>
      </trkpt>
      <trkpt lat="41.642561" lon="2.673449">
        <ele>170.282</ele>
        <time>2026-05-11T10:09:27.879112193Z</time>
      </trkpt>
      <trkpt lat="41.642589" lon="2.673424">
        <ele>169.410</ele>
        <time>2026-05-11T10:10:07.879119237Z</time>
      </trkpt>
      <trkpt lat="41.642613" lon="2.673400">
        <ele>168.816</ele>
        <time>2026-05-11T10:10:47.879126280Z</time>
      </trkpt>
      <trkpt lat="41.642642" lon="2.673369">
        <ele>168.317</ele>
        <time>2026-05-11T10:11:27.879133263Z</time>
      </trkpt>
      <trkpt lat="41.642662" lon="2.673333">
        <ele>168.451</ele>
        <time>2026-05-11T10:12:07.879140206Z</time>
      </trkpt>
      <trkpt lat="41.642673" lon="2.673294">
        <ele>169.244</ele>
        <time>2026-05-11T10:12:47.879147219Z</time>
      </trkpt>
      <trkpt lat="41.642690" lon="2.673221">
        <ele>170.971</ele>
        <time>2026-05-11T10:13:27.879154302Z</time>
      </trkpt>
      <trkpt lat="41.642703" lon="2.673189">
        <ele>171.541</ele>
        <time>2026-05-11T10:14:07.879161295Z</time>
      </trkpt>
      <trkpt lat="41.642725" lon="2.673151">
        <ele>172.115</ele>
        <time>2026-05-11T10:14:47.879168228Z</time>
      </trkpt>
      <trkpt lat="41.642743" lon="2.673113">
        <ele>172.909</ele>
        <time>2026-05-11T10:15:27.879175221Z</time>
      </trkpt>
      <trkpt lat="41.642760" lon="2.673079">
        <ele>173.638</ele>
        <time>2026-05-11T10:16:07.879182275Z</time>
      </trkpt>
      <trkpt lat="41.642787" lon="2.673027">
        <ele>174.226</ele>
        <time>2026-05-11T10:16:47.879189368Z</time>
      </trkpt>
      <trkpt lat="41.642814" lon="2.672979">
        <ele>173.984</ele>
        <time>2026-05-11T10:17:27.879196301Z</time>
      </trkpt>
      <trkpt lat="41.642840" lon="2.672924">
        <ele>174.153</ele>
        <time>2026-05-11T10:18:07.879203304Z</time>
      </trkpt>
      <trkpt lat="41.642866" lon="2.672896">
        <ele>173.541</ele>
        <time>2026-05-11T10:18:47.879210307Z</time>
      </trkpt>
      <trkpt lat="41.642880" lon="2.672862">
        <ele>174.047</ele>
        <time>2026-05-11T10:19:27.879217811Z</time>
      </trkpt>
      <trkpt lat="41.642897" lon="2.672826">
        <ele>174.568</ele>
        <time>2026-05-11T10:20:07.879224844Z</time>
      </trkpt>
      <trkpt lat="41.642952" lon="2.672774">
        <ele>173.722</ele>
        <time>2026-05-11T10:20:47.879231857Z</time>
      </trkpt>
      <trkpt lat="41.642984" lon="2.672746">
        <ele>172.625</ele>
        <time>2026-05-11T10:21:27.879238810Z</time>
      </trkpt>
      <trkpt lat="41.643033" lon="2.672692">
        <ele>171.168</ele>
        <time>2026-05-11T10:22:07.879245904Z</time>
      </trkpt>
      <trkpt lat="41.643068" lon="2.672648">
        <ele>170.142</ele>
        <time>2026-05-11T10:22:47.879252917Z</time>
      </trkpt>
      <trkpt lat="41.643107" lon="2.672599">
        <ele>169.126</ele>
        <time>2026-05-11T10:23:27.879259940Z</time>
      </trkpt>
      <trkpt lat="41.643138" lon="2.672566">
        <ele>168.109</ele>
        <time>2026-05-11T10:24:07.879267003Z</time>
      </trkpt>
      <trkpt lat="41.643158" lon="2.672533">
        <ele>167.857</ele>
        <time>2026-05-11T10:24:47.879274066Z</time>
      </trkpt>
      <trkpt lat="41.643180" lon="2.672510">
        <ele>167.125</ele>
        <time>2026-05-11T10:25:27.879281090Z</time>
      </trkpt>
      <trkpt lat="41.643216" lon="2.672454">
        <ele>166.213</ele>
        <time>2026-05-11T10:26:07.879288153Z</time>
      </trkpt>
      <trkpt lat="41.643255" lon="2.672409">
        <ele>164.932</ele>
        <time>2026-05-11T10:26:47.879295176Z</time>
      </trkpt>
      <trkpt lat="41.643289" lon="2.672387">
        <ele>163.480</ele>
        <time>2026-05-11T10:27:27.879302149Z</time>
      </trkpt>
      <trkpt lat="41.643315" lon="2.672363">
        <ele>162.526</ele>
        <time>2026-05-11T10:28:07.879309172Z</time>
      </trkpt>
      <trkpt lat="41.643340" lon="2.672337">
        <ele>161.657</ele>
        <time>2026-05-11T10:28:47.879316145Z</time>
      </trkpt>
      <trkpt lat="41.643381" lon="2.672291">
        <ele>160.761</ele>
        <time>2026-05-11T10:29:27.879323168Z</time>
      </trkpt>
      <trkpt lat="41.643400" lon="2.672263">
        <ele>160.424</ele>
        <time>2026-05-11T10:30:07.879330191Z</time>
      </trkpt>
      <trkpt lat="41.643431" lon="2.672235">
        <ele>159.597</ele>
        <time>2026-05-11T10:30:47.879337265Z</time>
      </trkpt>
      <trkpt lat="41.643475" lon="2.672208">
        <ele>158.323</ele>
        <time>2026-05-11T10:31:27.879352894Z</time>
      </trkpt>
      <trkpt lat="41.643514" lon="2.672183">
        <ele>157.325</ele>
        <time>2026-05-11T10:32:07.879364896Z</time>
      </trkpt>
      <trkpt lat="41.643537" lon="2.672156">
        <ele>157.009</ele>
        <time>2026-05-11T10:32:47.879376328Z</time>
      </trkpt>
      <trkpt lat="41.643550" lon="2.672123">
        <ele>157.390</ele>
        <time>2026-05-11T10:33:27.879388150Z</time>
      </trkpt>
      <trkpt lat="41.643590" lon="2.672081">
        <ele>156.268</ele>
        <time>2026-05-11T10:34:07.879399962Z</time>
      </trkpt>
      <trkpt lat="41.643624" lon="2.672039">
        <ele>155.686</ele>
        <time>2026-05-11T10:34:47.879411934Z</time>
      </trkpt>
      <trkpt lat="41.643659" lon="2.671987">
        <ele>155.775</ele>
        <time>2026-05-11T10:35:27.879424027Z</time>
      </trkpt>
      <trkpt lat="41.643676" lon="2.671956">
        <ele>155.923</ele>
        <time>2026-05-11T10:36:07.879434897Z</time>
      </trkpt>
      <trkpt lat="41.643696" lon="2.671932">
        <ele>156.089</ele>
        <time>2026-05-11T10:36:47.879445618Z</time>
      </trkpt>
      <trkpt lat="41.643716" lon="2.671900">
        <ele>156.330</ele>
        <time>2026-05-11T10:37:27.879456017Z</time>
      </trkpt>
      <trkpt lat="41.643740" lon="2.671865">
        <ele>156.544</ele>
        <time>2026-05-11T10:38:07.879466727Z</time>
      </trkpt>
      <trkpt lat="41.643773" lon="2.671828">
        <ele>156.247</ele>
        <time>2026-05-11T10:38:47.879477698Z</time>
      </trkpt>
      <trkpt lat="41.643802" lon="2.671803">
        <ele>155.723</ele>
        <time>2026-05-11T10:39:27.879488247Z</time>
      </trkpt>
      <trkpt lat="41.643825" lon="2.671777">
        <ele>155.283</ele>
        <time>2026-05-11T10:40:07.879499859Z</time>
      </trkpt>
      <trkpt lat="41.643865" lon="2.671722">
        <ele>154.411</ele>
        <time>2026-05-11T10:40:47.879511401Z</time>
      </trkpt>
      <trkpt lat="41.643894" lon="2.671699">
        <ele>153.409</ele>
        <time>2026-05-11T10:41:27.879523684Z</time>
      </trkpt>
      <trkpt lat="41.643922" lon="2.671673">
        <ele>152.773</ele>
        <time>2026-05-11T10:42:07.879534865Z</time>
      </trkpt>
      <trkpt lat="41.643945" lon="2.671653">
        <ele>152.291</ele>
        <time>2026-05-11T10:42:47.879545915Z</time>
      </trkpt>
      <trkpt lat="41.643968" lon="2.671629">
        <ele>151.719</ele>
        <time>2026-05-11T10:43:27.879557016Z</time>
      </trkpt>
      <trkpt lat="41.643991" lon="2.671605">
        <ele>151.138</ele>
        <time>2026-05-11T10:44:07.879568307Z</time>
      </trkpt>
      <trkpt lat="41.644037" lon="2.671579">
        <ele>149.846</ele>
        <time>2026-05-11T10:44:47.879578947Z</time>
      </trkpt>
      <trkpt lat="41.644070" lon="2.671566">
        <ele>148.712</ele>
        <time>2026-05-11T10:45:27.879590529Z</time>
      </trkpt>
      <trkpt lat="41.644113" lon="2.671546">
        <ele>147.343</ele>
        <time>2026-05-11T10:46:07.879600988Z</time>
      </trkpt>
      <trkpt lat="41.644138" lon="2.671525">
        <ele>146.617</ele>
        <time>2026-05-11T10:46:47.879612690Z</time>
      </trkpt>
      <trkpt lat="41.644159" lon="2.671493">
        <ele>146.240</ele>
        <time>2026-05-11T10:47:27.879625214Z</time>
      </trkpt>
      <trkpt lat="41.644183" lon="2.671458">
        <ele>145.567</ele>
        <time>2026-05-11T10:48:07.879637276Z</time>
      </trkpt>
      <trkpt lat="41.644209" lon="2.671387">
        <ele>145.281</ele>
        <time>2026-05-11T10:48:47.879647746Z</time>
      </trkpt>
      <trkpt lat="41.644224" lon="2.671348">
        <ele>145.419</ele>
        <time>2026-05-11T10:49:27.879658065Z</time>
      </trkpt>
      <trkpt lat="41.644244" lon="2.671309">
        <ele>145.309</ele>
        <time>2026-05-11T10:50:07.879668244Z</time>
      </trkpt>
      <trkpt lat="41.644260" lon="2.671275">
        <ele>145.317</ele>
        <time>2026-05-11T10:50:47.879679726Z</time>
      </trkpt>
      <trkpt lat="41.644280" lon="2.671218">
        <ele>145.525</ele>
        <time>2026-05-11T10:51:27.879691147Z</time>
      </trkpt>
      <trkpt lat="41.644301" lon="2.671185">
        <ele>145.283</ele>
        <time>2026-05-11T10:52:07.879702689Z</time>
      </trkpt>
      <trkpt lat="41.644327" lon="2.671158">
        <ele>144.612</ele>
        <time>2026-05-11T10:52:47.879713709Z</time>
      </trkpt>
      <trkpt lat="41.644350" lon="2.671131">
        <ele>144.050</ele>
        <time>2026-05-11T10:53:27.879725081Z</time>
      </trkpt>
      <trkpt lat="41.644376" lon="2.671102">
        <ele>143.466</ele>
        <time>2026-05-11T10:54:07.879736121Z</time>
      </trkpt>
      <trkpt lat="41.644408" lon="2.671082">
        <ele>142.537</ele>
        <time>2026-05-11T10:54:47.879748084Z</time>
      </trkpt>
      <trkpt lat="41.644436" lon="2.671061">
        <ele>141.831</ele>
        <time>2026-05-11T10:55:27.879760146Z</time>
      </trkpt>
      <trkpt lat="41.644477" lon="2.671024">
        <ele>141.514</ele>
        <time>2026-05-11T10:56:07.879771868Z</time>
      </trkpt>
      <trkpt lat="41.644507" lon="2.670996">
        <ele>141.384</ele>
        <time>2026-05-11T10:56:47.879784001Z</time>
      </trkpt>
      <trkpt lat="41.644551" lon="2.670951">
        <ele>141.207</ele>
        <time>2026-05-11T10:57:27.879796073Z</time>
      </trkpt>
      <trkpt lat="41.644590" lon="2.670901">
        <ele>141.317</ele>
        <time>2026-05-11T10:58:07.879808356Z</time>
      </trkpt>
      <trkpt lat="41.644607" lon="2.670872">
        <ele>141.609</ele>
        <time>2026-05-11T10:58:47.879820359Z</time>
      </trkpt>
      <trkpt lat="41.644642" lon="2.670815">
        <ele>141.859</ele>
        <time>2026-05-11T10:59:27.879831790Z</time>
      </trkpt>
      <trkpt lat="41.644654" lon="2.670776">
        <ele>142.077</ele>
        <time>2026-05-11T11:00:07.879843592Z</time>
      </trkpt>
      <trkpt lat="41.644675" lon="2.670714">
        <ele>142.285</ele>
        <time>2026-05-11T11:00:47.879854603Z</time>
      </trkpt>
      <trkpt lat="41.644674" lon="2.670652">
        <ele>143.164</ele>
        <time>2026-05-11T11:01:27.879863800Z</time>
      </trkpt>
      <trkpt lat="41.644664" lon="2.670609">
        <ele>143.982</ele>
        <time>2026-05-11T11:02:07.879870994Z</time>
      </trkpt>
      <trkpt lat="41.644649" lon="2.670563">
        <ele>145.028</ele>
        <time>2026-05-11T11:02:47.879878017Z</time>
      </trkpt>
      <trkpt lat="41.644635" lon="2.670523">
        <ele>145.689</ele>
        <time>2026-05-11T11:03:27.879885230Z</time>
      </trkpt>
      <trkpt lat="41.644602" lon="2.670479">
        <ele>146.563</ele>
        <time>2026-05-11T11:04:07.879892193Z</time>
      </trkpt>
      <trkpt lat="41.644579" lon="2.670445">
        <ele>147.166</ele>
        <time>2026-05-11T11:04:47.879899257Z</time>
      </trkpt>
      <trkpt lat="41.644550" lon="2.670394">
        <ele>147.851</ele>
        <time>2026-05-11T11:05:27.879906390Z</time>
      </trkpt>
      <trkpt lat="41.644535" lon="2.670364">
        <ele>148.201</ele>
        <time>2026-05-11T11:06:07.879913433Z</time>
      </trkpt>
      <trkpt lat="41.644519" lon="2.670328">
        <ele>148.511</ele>
        <time>2026-05-11T11:06:47.879920416Z</time>
      </trkpt>
      <trkpt lat="41.644498" lon="2.670296">
        <ele>148.909</ele>
        <time>2026-05-11T11:07:27.879927499Z</time>
      </trkpt>
      <trkpt lat="41.644467" lon="2.670240">
        <ele>149.116</ele>
        <time>2026-05-11T11:08:07.879934463Z</time>
      </trkpt>
      <trkpt lat="41.644456" lon="2.670199">
        <ele>148.954</ele>
        <time>2026-05-11T11:08:47.879941496Z</time>
      </trkpt>
      <trkpt lat="41.644441" lon="2.670136">
        <ele>148.522</ele>
        <time>2026-05-11T11:09:27.879949551Z</time>
      </trkpt>
      <trkpt lat="41.644420" lon="2.670101">
        <ele>148.641</ele>
        <time>2026-05-11T11:10:07.879956604Z</time>
      </trkpt>
      <trkpt lat="41.644409" lon="2.670064">
        <ele>148.569</ele>
        <time>2026-05-11T11:10:47.879975209Z</time>
      </trkpt>
      <trkpt lat="41.644401" lon="2.670017">
        <ele>148.185</ele>
        <time>2026-05-11T11:11:27.879982402Z</time>
      </trkpt>
      <trkpt lat="41.644401" lon="2.669966">
        <ele>147.646</ele>
        <time>2026-05-11T11:12:07.879989355Z</time>
      </trkpt>
      <trkpt lat="41.644397" lon="2.669921">
        <ele>147.240</ele>
        <time>2026-05-11T11:12:47.879996398Z</time>
      </trkpt>
      <trkpt lat="41.644389" lon="2.669860">
        <ele>146.833</ele>
        <time>2026-05-11T11:13:27.880004363Z</time>
      </trkpt>
      <trkpt lat="41.644388" lon="2.669791">
        <ele>146.185</ele>
        <time>2026-05-11T11:14:07.880015184Z</time>
      </trkpt>
      <trkpt lat="41.644391" lon="2.669750">
        <ele>145.689</ele>
        <time>2026-05-11T11:14:47.880022317Z</time>
      </trkpt>
      <trkpt lat="41.644397" lon="2.669693">
        <ele>145.317</ele>
        <time>2026-05-11T11:15:27.880029360Z</time>
      </trkpt>
      <trkpt lat="41.644405" lon="2.669627">
        <ele>145.109</ele>
        <time>2026-05-11T11:16:07.880036403Z</time>
      </trkpt>
      <trkpt lat="41.644415" lon="2.669564">
        <ele>144.989</ele>
        <time>2026-05-11T11:16:47.880043426Z</time>
      </trkpt>
      <trkpt lat="41.644428" lon="2.669495">
        <ele>144.677</ele>
        <time>2026-05-11T11:17:27.880050480Z</time>
      </trkpt>
      <trkpt lat="41.644438" lon="2.669452">
        <ele>144.235</ele>
        <time>2026-05-11T11:18:07.880057463Z</time>
      </trkpt>
      <trkpt lat="41.644451" lon="2.669407">
        <ele>143.974</ele>
        <time>2026-05-11T11:18:47.880064486Z</time>
      </trkpt>
      <trkpt lat="41.644466" lon="2.669365">
        <ele>143.512</ele>
        <time>2026-05-11T11:19:27.880071479Z</time>
      </trkpt>
      <trkpt lat="41.644484" lon="2.669319">
        <ele>143.078</ele>
        <time>2026-05-11T11:20:07.880078472Z</time>
      </trkpt>
      <trkpt lat="41.644492" lon="2.669281">
        <ele>142.839</ele>
        <time>2026-05-11T11:20:47.880085445Z</time>
      </trkpt>
      <trkpt lat="41.644519" lon="2.669214">
        <ele>142.153</ele>
        <time>2026-05-11T11:21:27.880092428Z</time>
      </trkpt>
      <trkpt lat="41.644540" lon="2.669183">
        <ele>141.576</ele>
        <time>2026-05-11T11:22:07.880099441Z</time>
      </trkpt>
      <trkpt lat="41.644561" lon="2.669151">
        <ele>140.831</ele>
        <time>2026-05-11T11:22:47.880106535Z</time>
      </trkpt>
      <trkpt lat="41.644583" lon="2.669125">
        <ele>139.961</ele>
        <time>2026-05-11T11:23:27.880113508Z</time>
      </trkpt>
      <trkpt lat="41.644615" lon="2.669096">
        <ele>138.707</ele>
        <time>2026-05-11T11:24:07.880120541Z</time>
      </trkpt>
      <trkpt lat="41.644641" lon="2.669082">
        <ele>137.709</ele>
        <time>2026-05-11T11:24:47.880127524Z</time>
      </trkpt>
      <trkpt lat="41.644670" lon="2.669070">
        <ele>136.614</ele>
        <time>2026-05-11T11:25:27.880136110Z</time>
      </trkpt>
      <trkpt lat="41.644703" lon="2.669072">
        <ele>135.442</ele>
        <time>2026-05-11T11:26:07.880147952Z</time>
      </trkpt>
      <trkpt lat="41.644733" lon="2.669070">
        <ele>134.260</ele>
        <time>2026-05-11T11:26:47.880159854Z</time>
      </trkpt>
      <trkpt lat="41.644763" lon="2.669084">
        <ele>133.149</ele>
        <time>2026-05-11T11:27:27.880170043Z</time>
      </trkpt>
      <trkpt lat="41.644789" lon="2.669114">
        <ele>132.397</ele>
        <time>2026-05-11T11:28:07.880178269Z</time>
      </trkpt>
      <trkpt lat="41.644815" lon="2.669170">
        <ele>131.623</ele>
        <time>2026-05-11T11:28:47.880185322Z</time>
      </trkpt>
      <trkpt lat="41.644820" lon="2.669220">
        <ele>131.274</ele>
        <time>2026-05-11T11:29:27.880192495Z</time>
      </trkpt>
      <trkpt lat="41.644820" lon="2.669263">
        <ele>130.918</ele>
        <time>2026-05-11T11:30:07.880199539Z</time>
      </trkpt>
      <trkpt lat="41.644823" lon="2.669304">
        <ele>130.631</ele>
        <time>2026-05-11T11:30:47.880206532Z</time>
      </trkpt>
      <trkpt lat="41.644824" lon="2.669371">
        <ele>130.125</ele>
        <time>2026-05-11T11:31:27.880213575Z</time>
      </trkpt>
      <trkpt lat="41.644815" lon="2.669410">
        <ele>130.226</ele>
        <time>2026-05-11T11:32:07.880220708Z</time>
      </trkpt>
      <trkpt lat="41.644809" lon="2.669453">
        <ele>130.208</ele>
        <time>2026-05-11T11:32:47.880227751Z</time>
      </trkpt>
      <trkpt lat="41.644803" lon="2.669496">
        <ele>130.409</ele>
        <time>2026-05-11T11:33:27.880234795Z</time>
      </trkpt>
      <trkpt lat="41.644792" lon="2.669531">
        <ele>130.843</ele>
        <time>2026-05-11T11:34:07.880241988Z</time>
      </trkpt>
      <trkpt lat="41.644785" lon="2.669568">
        <ele>131.131</ele>
        <time>2026-05-11T11:34:47.880248961Z</time>
      </trkpt>
      <trkpt lat="41.644784" lon="2.669642">
        <ele>131.279</ele>
        <time>2026-05-11T11:35:27.880256094Z</time>
      </trkpt>
      <trkpt lat="41.644781" lon="2.669685">
        <ele>131.468</ele>
        <time>2026-05-11T11:36:07.880263047Z</time>
      </trkpt>
      <trkpt lat="41.644781" lon="2.669725">
        <ele>131.526</ele>
        <time>2026-05-11T11:36:47.880270051Z</time>
      </trkpt>
      <trkpt lat="41.644784" lon="2.669792">
        <ele>132.332</ele>
        <time>2026-05-11T11:37:27.880276964Z</time>
      </trkpt>
      <trkpt lat="41.644796" lon="2.669826">
        <ele>132.263</ele>
        <time>2026-05-11T11:38:07.880283947Z</time>
      </trkpt>
      <trkpt lat="41.644820" lon="2.669891">
        <ele>132.067</ele>
        <time>2026-05-11T11:38:47.880290920Z</time>
      </trkpt>
      <trkpt lat="41.644834" lon="2.669927">
        <ele>131.860</ele>
        <time>2026-05-11T11:39:27.880297893Z</time>
      </trkpt>
      <trkpt lat="41.644863" lon="2.669984">
        <ele>131.224</ele>
        <time>2026-05-11T11:40:07.880304906Z</time>
      </trkpt>
      <trkpt lat="41.644877" lon="2.670019">
        <ele>131.104</ele>
        <time>2026-05-11T11:40:47.880311929Z</time>
      </trkpt>
      <trkpt lat="41.644907" lon="2.670050">
        <ele>130.114</ele>
        <time>2026-05-11T11:41:27.880318982Z</time>
      </trkpt>
      <trkpt lat="41.644924" lon="2.670085">
        <ele>129.709</ele>
        <time>2026-05-11T11:42:07.880325945Z</time>
      </trkpt>
      <trkpt lat="41.644963" lon="2.670132">
        <ele>128.343</ele>
        <time>2026-05-11T11:42:47.880332908Z</time>
      </trkpt>
      <trkpt lat="41.644986" lon="2.670156">
        <ele>127.471</ele>
        <time>2026-05-11T11:43:27.880339911Z</time>
      </trkpt>
      <trkpt lat="41.645004" lon="2.670189">
        <ele>126.849</ele>
        <time>2026-05-11T11:44:07.880346864Z</time>
      </trkpt>
      <trkpt lat="41.645021" lon="2.670229">
        <ele>126.478</ele>
        <time>2026-05-11T11:44:47.880353928Z</time>
      </trkpt>
      <trkpt lat="41.645043" lon="2.670267">
        <ele>125.626</ele>
        <time>2026-05-11T11:45:27.880360871Z</time>
      </trkpt>
      <trkpt lat="41.645066" lon="2.670295">
        <ele>124.432</ele>
        <time>2026-05-11T11:46:07.880367824Z</time>
      </trkpt>
      <trkpt lat="41.645092" lon="2.670327">
        <ele>122.933</ele>
        <time>2026-05-11T11:46:47.880374777Z</time>
      </trkpt>
      <trkpt lat="41.645113" lon="2.670353">
        <ele>121.797</ele>
        <time>2026-05-11T11:47:27.880381710Z</time>
      </trkpt>
      <trkpt lat="41.645136" lon="2.670384">
        <ele>120.570</ele>
        <time>2026-05-11T11:48:07.880388703Z</time>
      </trkpt>
      <trkpt lat="41.645155" lon="2.670412">
        <ele>119.463</ele>
        <time>2026-05-11T11:48:47.880395716Z</time>
      </trkpt>
      <trkpt lat="41.645189" lon="2.670465">
        <ele>117.644</ele>
        <time>2026-05-11T11:49:27.880402789Z</time>
      </trkpt>
      <trkpt lat="41.645208" lon="2.670495">
        <ele>116.618</ele>
        <time>2026-05-11T11:50:07.880415934Z</time>
      </trkpt>
      <trkpt lat="41.645219" lon="2.670533">
        <ele>116.009</ele>
        <time>2026-05-11T11:50:47.880423017Z</time>
      </trkpt>
      <trkpt lat="41.645245" lon="2.670593">
        <ele>114.417</ele>
        <time>2026-05-11T11:51:27.880430090Z</time>
      </trkpt>
      <trkpt lat="41.645259" lon="2.670627">
        <ele>113.445</ele>
        <time>2026-05-11T11:52:07.880437073Z</time>
      </trkpt>
      <trkpt lat="41.645278" lon="2.670688">
        <ele>112.043</ele>
        <time>2026-05-11T11:52:47.880446871Z</time>
      </trkpt>
      <trkpt lat="41.645291" lon="2.670726">
        <ele>111.322</ele>
        <time>2026-05-11T11:53:27.880458293Z</time>
      </trkpt>
      <trkpt lat="41.645303" lon="2.670766">
        <ele>110.720</ele>
        <time>2026-05-11T11:54:07.880470646Z</time>
      </trkpt>
      <trkpt lat="41.645308" lon="2.670808">
        <ele>110.356</ele>
        <time>2026-05-11T11:54:47.880478350Z</time>
      </trkpt>
      <trkpt lat="41.645311" lon="2.670846">
        <ele>110.027</ele>
        <time>2026-05-11T11:55:27.880485464Z</time>
      </trkpt>
      <trkpt lat="41.645320" lon="2.670883">
        <ele>109.861</ele>
        <time>2026-05-11T11:56:07.880492537Z</time>
      </trkpt>
      <trkpt lat="41.645332" lon="2.670937">
        <ele>109.424</ele>
        <time>2026-05-11T11:56:47.880499570Z</time>
      </trkpt>
      <trkpt lat="41.645351" lon="2.671010">
        <ele>108.964</ele>
        <time>2026-05-11T11:57:27.880506744Z</time>
      </trkpt>
      <trkpt lat="41.645357" lon="2.671055">
        <ele>108.706</ele>
        <time>2026-05-11T11:58:07.880513787Z</time>
      </trkpt>
      <trkpt lat="41.645360" lon="2.671099">
        <ele>108.616</ele>
        <time>2026-05-11T11:58:47.880520800Z</time>
      </trkpt>
      <trkpt lat="41.645362" lon="2.671140">
        <ele>108.309</ele>
        <time>2026-05-11T11:59:27.880528715Z</time>
      </trkpt>
      <trkpt lat="41.645363" lon="2.671180">
        <ele>107.967</ele>
        <time>2026-05-11T12:00:07.880535728Z</time>
      </trkpt>
      <trkpt lat="41.645364" lon="2.671223">
        <ele>107.495</ele>
        <time>2026-05-11T12:00:47.880542801Z</time>
      </trkpt>
      <trkpt lat="41.645355" lon="2.671258">
        <ele>107.363</ele>
        <time>2026-05-11T12:01:27.880549804Z</time>
      </trkpt>
      <trkpt lat="41.645352" lon="2.671327">
        <ele>106.732</ele>
        <time>2026-05-11T12:02:07.880556747Z</time>
      </trkpt>
      <trkpt lat="41.645352" lon="2.671369">
        <ele>106.340</ele>
        <time>2026-05-11T12:02:47.880563740Z</time>
      </trkpt>
      <trkpt lat="41.645349" lon="2.671412">
        <ele>106.066</ele>
        <time>2026-05-11T12:03:27.880570843Z</time>
      </trkpt>
      <trkpt lat="41.645340" lon="2.671450">
        <ele>105.887</ele>
        <time>2026-05-11T12:04:07.880577897Z</time>
      </trkpt>
      <trkpt lat="41.645339" lon="2.671492">
        <ele>105.381</ele>
        <time>2026-05-11T12:04:47.880584880Z</time>
      </trkpt>
      <trkpt lat="41.645330" lon="2.671531">
        <ele>105.174</ele>
        <time>2026-05-11T12:05:27.880591913Z</time>
      </trkpt>
      <trkpt lat="41.645320" lon="2.671569">
        <ele>105.094</ele>
        <time>2026-05-11T12:06:07.880598986Z</time>
      </trkpt>
      <trkpt lat="41.645322" lon="2.671626">
        <ele>104.357</ele>
        <time>2026-05-11T12:06:47.880606019Z</time>
      </trkpt>
      <trkpt lat="41.645343" lon="2.671684">
        <ele>103.122</ele>
        <time>2026-05-11T12:07:27.880613093Z</time>
      </trkpt>
      <trkpt lat="41.645392" lon="2.671710">
        <ele>101.509</ele>
        <time>2026-05-11T12:08:07.880620056Z</time>
      </trkpt>
      <trkpt lat="41.645445" lon="2.671720">
        <ele>100.110</ele>
        <time>2026-05-11T12:08:47.880627119Z</time>
      </trkpt>
      <trkpt lat="41.645475" lon="2.671726">
        <ele>99.348</ele>
        <time>2026-05-11T12:09:27.880634192Z</time>
      </trkpt>
      <trkpt lat="41.645507" lon="2.671730">
        <ele>98.586</ele>
        <time>2026-05-11T12:10:07.880641215Z</time>
      </trkpt>
      <trkpt lat="41.645534" lon="2.671727">
        <ele>97.965</ele>
        <time>2026-05-11T12:10:47.880648248Z</time>
      </trkpt>
      <trkpt lat="41.645570" lon="2.671730">
        <ele>97.153</ele>
        <time>2026-05-11T12:11:27.880655251Z</time>
      </trkpt>
      <trkpt lat="41.645600" lon="2.671744">
        <ele>96.539</ele>
        <time>2026-05-11T12:12:07.880662325Z</time>
      </trkpt>
      <trkpt lat="41.645623" lon="2.671767">
        <ele>95.930</ele>
        <time>2026-05-11T12:12:47.880669328Z</time>
      </trkpt>
      <trkpt lat="41.645648" lon="2.671784">
        <ele>95.434</ele>
        <time>2026-05-11T12:13:27.880676301Z</time>
      </trkpt>
      <trkpt lat="41.645691" lon="2.671829">
        <ele>94.487</ele>
        <time>2026-05-11T12:14:07.880683214Z</time>
      </trkpt>
      <trkpt lat="41.645721" lon="2.671889">
        <ele>93.663</ele>
        <time>2026-05-11T12:14:47.880690287Z</time>
      </trkpt>
      <trkpt lat="41.645738" lon="2.671924">
        <ele>93.244</ele>
        <time>2026-05-11T12:15:27.880697280Z</time>
      </trkpt>
      <trkpt lat="41.645747" lon="2.671959">
        <ele>92.918</ele>
        <time>2026-05-11T12:16:07.880704303Z</time>
      </trkpt>
      <trkpt lat="41.645749" lon="2.671997">
        <ele>92.709</ele>
        <time>2026-05-11T12:16:47.880711286Z</time>
      </trkpt>
      <trkpt lat="41.645744" lon="2.672068">
        <ele>92.417</ele>
        <time>2026-05-11T12:17:27.880718350Z</time>
      </trkpt>
      <trkpt lat="41.645704" lon="2.672110">
        <ele>92.375</ele>
        <time>2026-05-11T12:18:07.880725413Z</time>
      </trkpt>
      <trkpt lat="41.645657" lon="2.672122">
        <ele>92.373</ele>
        <time>2026-05-11T12:18:47.880732516Z</time>
      </trkpt>
      <trkpt lat="41.645603" lon="2.672132">
        <ele>92.222</ele>
        <time>2026-05-11T12:19:27.880739649Z</time>
      </trkpt>
      <trkpt lat="41.645554" lon="2.672127">
        <ele>92.450</ele>
        <time>2026-05-11T12:20:07.880746643Z</time>
      </trkpt>
      <trkpt lat="41.645521" lon="2.672132">
        <ele>92.816</ele>
        <time>2026-05-11T12:20:47.880753646Z</time>
      </trkpt>
      <trkpt lat="41.645491" lon="2.672141">
        <ele>93.237</ele>
        <time>2026-05-11T12:21:27.880760589Z</time>
      </trkpt>
      <trkpt lat="41.645461" lon="2.672146">
        <ele>93.651</ele>
        <time>2026-05-11T12:22:07.880767582Z</time>
      </trkpt>
      <trkpt lat="41.645432" lon="2.672151">
        <ele>93.964</ele>
        <time>2026-05-11T12:22:47.880779284Z</time>
      </trkpt>
      <trkpt lat="41.645382" lon="2.672170">
        <ele>94.491</ele>
        <time>2026-05-11T12:23:27.880791066Z</time>
      </trkpt>
      <trkpt lat="41.645341" lon="2.672179">
        <ele>94.881</ele>
        <time>2026-05-11T12:24:07.880803509Z</time>
      </trkpt>
      <trkpt lat="41.645310" lon="2.672178">
        <ele>95.319</ele>
        <time>2026-05-11T12:24:47.880812606Z</time>
      </trkpt>
      <trkpt lat="41.645277" lon="2.672175">
        <ele>95.909</ele>
        <time>2026-05-11T12:25:27.880819850Z</time>
      </trkpt>
      <trkpt lat="41.645248" lon="2.672166">
        <ele>96.830</ele>
        <time>2026-05-11T12:26:07.880826893Z</time>
      </trkpt>
      <trkpt lat="41.645222" lon="2.672156">
        <ele>97.658</ele>
        <time>2026-05-11T12:26:47.880833856Z</time>
      </trkpt>
      <trkpt lat="41.645192" lon="2.672146">
        <ele>98.536</ele>
        <time>2026-05-11T12:27:27.880840839Z</time>
      </trkpt>
      <trkpt lat="41.645159" lon="2.672148">
        <ele>99.385</ele>
        <time>2026-05-11T12:28:07.880847762Z</time>
      </trkpt>
      <trkpt lat="41.645128" lon="2.672152">
        <ele>100.073</ele>
        <time>2026-05-11T12:28:47.880854865Z</time>
      </trkpt>
      <trkpt lat="41.645080" lon="2.672187">
        <ele>100.699</ele>
        <time>2026-05-11T12:29:27.880869763Z</time>
      </trkpt>
      <trkpt lat="41.645067" lon="2.672252">
        <ele>99.920</ele>
        <time>2026-05-11T12:30:07.880876846Z</time>
      </trkpt>
      <trkpt lat="41.645060" lon="2.672294">
        <ele>99.574</ele>
        <time>2026-05-11T12:30:47.880883849Z</time>
      </trkpt>
      <trkpt lat="41.645064" lon="2.672330">
        <ele>98.917</ele>
        <time>2026-05-11T12:31:27.880890832Z</time>
      </trkpt>
      <trkpt lat="41.645071" lon="2.672370">
        <ele>98.144</ele>
        <time>2026-05-11T12:32:07.880897876Z</time>
      </trkpt>
      <trkpt lat="41.645089" lon="2.672430">
        <ele>96.605</ele>
        <time>2026-05-11T12:32:47.880904869Z</time>
      </trkpt>
      <trkpt lat="41.645103" lon="2.672461">
        <ele>95.615</ele>
        <time>2026-05-11T12:33:27.880911882Z</time>
      </trkpt>
      <trkpt lat="41.645138" lon="2.672515">
        <ele>93.309</ele>
        <time>2026-05-11T12:34:07.880918835Z</time>
      </trkpt>
      <trkpt lat="41.645171" lon="2.672559">
        <ele>91.345</ele>
        <time>2026-05-11T12:34:47.880925798Z</time>
      </trkpt>
      <trkpt lat="41.645209" lon="2.672608">
        <ele>89.163</ele>
        <time>2026-05-11T12:35:27.880932831Z</time>
      </trkpt>
      <trkpt lat="41.645241" lon="2.672673">
        <ele>86.971</ele>
        <time>2026-05-11T12:36:07.880939764Z</time>
      </trkpt>
      <trkpt lat="41.645260" lon="2.672699">
        <ele>85.850</ele>
        <time>2026-05-11T12:36:47.880946677Z</time>
      </trkpt>
      <trkpt lat="41.645290" lon="2.672747">
        <ele>84.278</ele>
        <time>2026-05-11T12:37:27.880953670Z</time>
      </trkpt>
      <trkpt lat="41.645307" lon="2.672777">
        <ele>83.554</ele>
        <time>2026-05-11T12:38:07.880960643Z</time>
      </trkpt>
      <trkpt lat="41.645341" lon="2.672836">
        <ele>82.435</ele>
        <time>2026-05-11T12:38:47.880967656Z</time>
      </trkpt>
      <trkpt lat="41.645354" lon="2.672906">
        <ele>81.769</ele>
        <time>2026-05-11T12:39:27.880974619Z</time>
      </trkpt>
      <trkpt lat="41.645360" lon="2.672947">
        <ele>81.332</ele>
        <time>2026-05-11T12:40:07.880981612Z</time>
      </trkpt>
      <trkpt lat="41.645357" lon="2.673014">
        <ele>80.946</ele>
        <time>2026-05-11T12:40:47.880988695Z</time>
      </trkpt>
      <trkpt lat="41.645353" lon="2.673053">
        <ele>80.788</ele>
        <time>2026-05-11T12:41:27.880995689Z</time>
      </trkpt>
      <trkpt lat="41.645358" lon="2.673090">
        <ele>80.616</ele>
        <time>2026-05-11T12:42:07.881002712Z</time>
      </trkpt>
      <trkpt lat="41.645371" lon="2.673132">
        <ele>80.309</ele>
        <time>2026-05-11T12:42:47.881009715Z</time>
      </trkpt>
      <trkpt lat="41.645376" lon="2.673169">
        <ele>80.235</ele>
        <time>2026-05-11T12:43:27.881016788Z</time>
      </trkpt>
      <trkpt lat="41.645384" lon="2.673205">
        <ele>80.183</ele>
        <time>2026-05-11T12:44:07.881023761Z</time>
      </trkpt>
      <trkpt lat="41.645388" lon="2.673243">
        <ele>80.051</ele>
        <time>2026-05-11T12:44:47.881030834Z</time>
      </trkpt>
      <trkpt lat="41.645396" lon="2.673315">
        <ele>79.970</ele>
        <time>2026-05-11T12:45:27.881037817Z</time>
      </trkpt>
      <trkpt lat="41.645413" lon="2.673373">
        <ele>79.428</ele>
        <time>2026-05-11T12:46:07.881044851Z</time>
      </trkpt>
      <trkpt lat="41.645430" lon="2.673451">
        <ele>78.674</ele>
        <time>2026-05-11T12:46:47.881051864Z</time>
      </trkpt>
      <trkpt lat="41.645439" lon="2.673494">
        <ele>78.395</ele>
        <time>2026-05-11T12:47:27.881058857Z</time>
      </trkpt>
      <trkpt lat="41.645455" lon="2.673568">
        <ele>77.749</ele>
        <time>2026-05-11T12:48:07.881065820Z</time>
      </trkpt>
      <trkpt lat="41.645472" lon="2.673599">
        <ele>77.352</ele>
        <time>2026-05-11T12:48:47.881072833Z</time>
      </trkpt>
      <trkpt lat="41.645487" lon="2.673636">
        <ele>76.773</ele>
        <time>2026-05-11T12:49:27.881082361Z</time>
      </trkpt>
      <trkpt lat="41.645518" lon="2.673700">
        <ele>75.885</ele>
        <time>2026-05-11T12:50:07.881089394Z</time>
      </trkpt>
      <trkpt lat="41.645537" lon="2.673736">
        <ele>75.313</ele>
        <time>2026-05-11T12:50:47.881096407Z</time>
      </trkpt>
      <trkpt lat="41.645554" lon="2.673799">
        <ele>74.709</ele>
        <time>2026-05-11T12:51:27.881103350Z</time>
      </trkpt>
      <trkpt lat="41.645564" lon="2.673835">
        <ele>74.348</ele>
        <time>2026-05-11T12:52:07.881110323Z</time>
      </trkpt>
      <trkpt lat="41.645573" lon="2.673880">
        <ele>73.896</ele>
        <time>2026-05-11T12:52:47.881117376Z</time>
      </trkpt>
      <trkpt lat="41.645583" lon="2.673924">
        <ele>73.184</ele>
        <time>2026-05-11T12:53:27.881124389Z</time>
      </trkpt>
      <trkpt lat="41.645589" lon="2.673961">
        <ele>72.573</ele>
        <time>2026-05-11T12:54:07.881132475Z</time>
      </trkpt>
      <trkpt lat="41.645596" lon="2.674000">
        <ele>71.941</ele>
        <time>2026-05-11T12:54:47.881144297Z</time>
      </trkpt>
      <trkpt lat="41.645605" lon="2.674036">
        <ele>71.397</ele>
        <time>2026-05-11T12:55:27.881155728Z</time>
      </trkpt>
      <trkpt lat="41.645615" lon="2.674079">
        <ele>70.688</ele>
        <time>2026-05-11T12:56:07.881167580Z</time>
      </trkpt>
      <trkpt lat="41.645627" lon="2.674116">
        <ele>69.972</ele>
        <time>2026-05-11T12:56:47.881179022Z</time>
      </trkpt>
      <trkpt lat="41.645632" lon="2.674152">
        <ele>69.435</ele>
        <time>2026-05-11T12:57:27.881191104Z</time>
      </trkpt>
      <trkpt lat="41.645661" lon="2.674220">
        <ele>68.212</ele>
        <time>2026-05-11T12:58:07.881199079Z</time>
      </trkpt>
      <trkpt lat="41.645685" lon="2.674242">
        <ele>67.632</ele>
        <time>2026-05-11T12:58:47.881207575Z</time>
      </trkpt>
      <trkpt lat="41.645713" lon="2.674244">
        <ele>67.305</ele>
        <time>2026-05-11T12:59:27.881214839Z</time>
      </trkpt>
      <trkpt lat="41.645746" lon="2.674234">
        <ele>67.109</ele>
        <time>2026-05-11T13:00:07.881221862Z</time>
      </trkpt>
      <trkpt lat="41.645769" lon="2.674187">
        <ele>67.562</ele>
        <time>2026-05-11T13:00:47.881228855Z</time>
      </trkpt>
      <trkpt lat="41.645802" lon="2.674152">
        <ele>67.550</ele>
        <time>2026-05-11T13:01:27.881235858Z</time>
      </trkpt>
      <trkpt lat="41.645817" lon="2.674115">
        <ele>67.768</ele>
        <time>2026-05-11T13:02:07.881242941Z</time>
      </trkpt>
      <trkpt lat="41.645836" lon="2.674089">
        <ele>67.827</ele>
        <time>2026-05-11T13:02:47.881249974Z</time>
      </trkpt>
      <trkpt lat="41.645860" lon="2.674065">
        <ele>67.995</ele>
        <time>2026-05-11T13:03:27.881257058Z</time>
      </trkpt>
      <trkpt lat="41.645883" lon="2.674047">
        <ele>68.081</ele>
        <time>2026-05-11T13:04:07.881264181Z</time>
      </trkpt>
      <trkpt lat="41.645936" lon="2.674028">
        <ele>67.962</ele>
        <time>2026-05-11T13:04:47.881271174Z</time>
      </trkpt>
      <trkpt lat="41.645966" lon="2.674019">
        <ele>67.976</ele>
        <time>2026-05-11T13:05:27.881278137Z</time>
      </trkpt>
      <trkpt lat="41.646025" lon="2.674018">
        <ele>67.619</ele>
        <time>2026-05-11T13:06:07.881285140Z</time>
      </trkpt>
      <trkpt lat="41.646058" lon="2.674026">
        <ele>67.315</ele>
        <time>2026-05-11T13:06:47.881292193Z</time>
      </trkpt>
      <trkpt lat="41.646089" lon="2.674038">
        <ele>67.065</ele>
        <time>2026-05-11T13:07:27.881299157Z</time>
      </trkpt>
      <trkpt lat="41.646115" lon="2.674067">
        <ele>66.511</ele>
        <time>2026-05-11T13:08:07.881306130Z</time>
      </trkpt>
      <trkpt lat="41.646137" lon="2.674099">
        <ele>66.309</ele>
        <time>2026-05-11T13:08:47.881319535Z</time>
      </trkpt>
      <trkpt lat="41.646161" lon="2.674132">
        <ele>66.122</ele>
        <time>2026-05-11T13:09:27.881326708Z</time>
      </trkpt>
      <trkpt lat="41.646197" lon="2.674188">
        <ele>65.850</ele>
        <time>2026-05-11T13:10:07.881333741Z</time>
      </trkpt>
      <trkpt lat="41.646215" lon="2.674221">
        <ele>65.868</ele>
        <time>2026-05-11T13:10:47.881340744Z</time>
      </trkpt>
      <trkpt lat="41.646246" lon="2.674265">
        <ele>65.867</ele>
        <time>2026-05-11T13:11:27.881347697Z</time>
      </trkpt>
      <trkpt lat="41.646283" lon="2.674310">
        <ele>65.775</ele>
        <time>2026-05-11T13:12:07.881354721Z</time>
      </trkpt>
      <trkpt lat="41.646254" lon="2.674362">
        <ele>65.131</ele>
        <time>2026-05-11T13:12:47.881361674Z</time>
      </trkpt>
      <trkpt lat="41.646262" lon="2.674427">
        <ele>64.732</ele>
        <time>2026-05-11T13:13:27.881368657Z</time>
      </trkpt>
      <trkpt lat="41.646274" lon="2.674469">
        <ele>64.396</ele>
        <time>2026-05-11T13:14:07.881375700Z</time>
      </trkpt>
      <trkpt lat="41.646315" lon="2.674509">
        <ele>64.069</ele>
        <time>2026-05-11T13:14:47.881382863Z</time>
      </trkpt>
      <trkpt lat="41.646309" lon="2.674575">
        <ele>63.375</ele>
        <time>2026-05-11T13:15:27.881390017Z</time>
      </trkpt>
      <trkpt lat="41.646340" lon="2.674627">
        <ele>62.928</ele>
        <time>2026-05-11T13:16:07.881397090Z</time>
      </trkpt>
      <trkpt lat="41.646366" lon="2.674672">
        <ele>62.520</ele>
        <time>2026-05-11T13:16:47.881404173Z</time>
      </trkpt>
      <trkpt lat="41.646400" lon="2.674732">
        <ele>61.809</ele>
        <time>2026-05-11T13:17:27.881411236Z</time>
      </trkpt>
      <trkpt lat="41.646395" lon="2.674788">
        <ele>60.878</ele>
        <time>2026-05-11T13:18:07.881418350Z</time>
      </trkpt>
      <trkpt lat="41.646369" lon="2.674865">
        <ele>59.426</ele>
        <time>2026-05-11T13:18:47.881425253Z</time>
      </trkpt>
      <trkpt lat="41.646387" lon="2.674923">
        <ele>58.424</ele>
        <time>2026-05-11T13:19:27.881432175Z</time>
      </trkpt>
      <trkpt lat="41.646427" lon="2.674918">
        <ele>58.453</ele>
        <time>2026-05-11T13:20:07.881439179Z</time>
      </trkpt>
      <trkpt lat="41.646452" lon="2.674893">
        <ele>58.861</ele>
        <time>2026-05-11T13:20:47.881446102Z</time>
      </trkpt>
      <trkpt lat="41.646493" lon="2.674893">
        <ele>58.877</ele>
        <time>2026-05-11T13:21:27.881453085Z</time>
      </trkpt>
      <trkpt lat="41.646522" lon="2.674872">
        <ele>59.188</ele>
        <time>2026-05-11T13:22:07.881460008Z</time>
      </trkpt>
      <trkpt lat="41.646517" lon="2.674900">
        <ele>58.612</ele>
        <time>2026-05-11T13:22:47.881466961Z</time>
      </trkpt>
      <trkpt lat="41.646483" lon="2.674972">
        <ele>57.565</ele>
        <time>2026-05-11T13:23:27.881473934Z</time>
      </trkpt>
      <trkpt lat="41.646459" lon="2.675036">
        <ele>56.454</ele>
        <time>2026-05-11T13:24:07.881480957Z</time>
      </trkpt>
      <trkpt lat="41.646449" lon="2.675097">
        <ele>55.356</ele>
        <time>2026-05-11T13:24:47.881487950Z</time>
      </trkpt>
      <trkpt lat="41.646444" lon="2.675142">
        <ele>54.511</ele>
        <time>2026-05-11T13:25:27.881495053Z</time>
      </trkpt>
      <trkpt lat="41.646441" lon="2.675187">
        <ele>53.809</ele>
        <time>2026-05-11T13:26:07.881502176Z</time>
      </trkpt>
      <trkpt lat="41.646438" lon="2.675263">
        <ele>52.486</ele>
        <time>2026-05-11T13:26:47.881509190Z</time>
      </trkpt>
      <trkpt lat="41.646429" lon="2.675310">
        <ele>52.264</ele>
        <time>2026-05-11T13:27:27.881516273Z</time>
      </trkpt>
      <trkpt lat="41.646424" lon="2.675350">
        <ele>52.272</ele>
        <time>2026-05-11T13:28:07.881523336Z</time>
      </trkpt>
      <trkpt lat="41.646412" lon="2.675428">
        <ele>52.181</ele>
        <time>2026-05-11T13:28:47.881530309Z</time>
      </trkpt>
      <trkpt lat="41.646396" lon="2.675459">
        <ele>52.069</ele>
        <time>2026-05-11T13:29:27.881537282Z</time>
      </trkpt>
      <trkpt lat="41.646370" lon="2.675520">
        <ele>52.075</ele>
        <time>2026-05-11T13:30:07.881544275Z</time>
      </trkpt>
      <trkpt lat="41.646348" lon="2.675582">
        <ele>52.336</ele>
        <time>2026-05-11T13:30:47.881551288Z</time>
      </trkpt>
      <trkpt lat="41.646340" lon="2.675622">
        <ele>52.710</ele>
        <time>2026-05-11T13:31:27.881558241Z</time>
      </trkpt>
      <trkpt lat="41.646313" lon="2.675687">
        <ele>53.223</ele>
        <time>2026-05-11T13:32:07.881565194Z</time>
      </trkpt>
      <trkpt lat="41.646288" lon="2.675712">
        <ele>53.253</ele>
        <time>2026-05-11T13:32:47.881572268Z</time>
      </trkpt>
      <trkpt lat="41.646264" lon="2.675737">
        <ele>53.104</ele>
        <time>2026-05-11T13:33:27.881579241Z</time>
      </trkpt>
      <trkpt lat="41.646243" lon="2.675762">
        <ele>53.014</ele>
        <time>2026-05-11T13:34:07.881586224Z</time>
      </trkpt>
      <trkpt lat="41.646220" lon="2.675785">
        <ele>52.809</ele>
        <time>2026-05-11T13:34:47.881593217Z</time>
      </trkpt>
      <trkpt lat="41.646201" lon="2.675814">
        <ele>52.646</ele>
        <time>2026-05-11T13:35:27.881600170Z</time>
      </trkpt>
      <trkpt lat="41.646179" lon="2.675842">
        <ele>52.414</ele>
        <time>2026-05-11T13:36:07.881607123Z</time>
      </trkpt>
      <trkpt lat="41.646138" lon="2.675897">
        <ele>52.662</ele>
        <time>2026-05-11T13:36:47.881614066Z</time>
      </trkpt>
      <trkpt lat="41.646095" lon="2.675928">
        <ele>52.591</ele>
        <time>2026-05-11T13:37:27.881620999Z</time>
      </trkpt>
      <trkpt lat="41.646062" lon="2.675958">
        <ele>52.789</ele>
        <time>2026-05-11T13:38:07.881627972Z</time>
      </trkpt>
      <trkpt lat="41.646030" lon="2.675972">
        <ele>52.545</ele>
        <time>2026-05-11T13:38:47.881634975Z</time>
      </trkpt>
      <trkpt lat="41.645999" lon="2.676014">
        <ele>52.796</ele>
        <time>2026-05-11T13:39:27.881643411Z</time>
      </trkpt>
      <trkpt lat="41.645984" lon="2.676081">
        <ele>53.310</ele>
        <time>2026-05-11T13:40:07.881650524Z</time>
      </trkpt>
      <trkpt lat="41.645980" lon="2.676125">
        <ele>53.943</ele>
        <time>2026-05-11T13:40:47.881657617Z</time>
      </trkpt>
      <trkpt lat="41.645981" lon="2.676220">
        <ele>56.162</ele>
        <time>2026-05-11T13:41:27.881664771Z</time>
      </trkpt>
      <trkpt lat="41.645968" lon="2.676286">
        <ele>57.283</ele>
        <time>2026-05-11T13:42:07.881671804Z</time>
      </trkpt>
      <trkpt lat="41.645953" lon="2.676358">
        <ele>58.211</ele>
        <time>2026-05-11T13:42:47.881678917Z</time>
      </trkpt>
      <trkpt lat="41.645927" lon="2.676418">
        <ele>58.309</ele>
        <time>2026-05-11T13:43:27.881685910Z</time>
      </trkpt>
      <trkpt lat="41.645908" lon="2.676451">
        <ele>58.157</ele>
        <time>2026-05-11T13:44:07.881692893Z</time>
      </trkpt>
      <trkpt lat="41.645870" lon="2.676493">
        <ele>57.385</ele>
        <time>2026-05-11T13:44:47.881699907Z</time>
      </trkpt>
      <trkpt lat="41.645836" lon="2.676558">
        <ele>56.943</ele>
        <time>2026-05-11T13:45:27.881706940Z</time>
      </trkpt>
      <trkpt lat="41.645816" lon="2.676601">
        <ele>57.122</ele>
        <time>2026-05-11T13:46:07.881713913Z</time>
      </trkpt>
      <trkpt lat="41.645791" lon="2.676639">
        <ele>57.120</ele>
        <time>2026-05-11T13:46:47.881720896Z</time>
      </trkpt>
      <trkpt lat="41.645768" lon="2.676668">
        <ele>57.126</ele>
        <time>2026-05-11T13:47:27.881728099Z</time>
      </trkpt>
      <trkpt lat="41.645739" lon="2.676713">
        <ele>56.787</ele>
        <time>2026-05-11T13:48:07.881735052Z</time>
      </trkpt>
      <trkpt lat="41.645701" lon="2.676762">
        <ele>56.151</ele>
        <time>2026-05-11T13:48:47.881749269Z</time>
      </trkpt>
      <trkpt lat="41.645663" lon="2.676820">
        <ele>55.424</ele>
        <time>2026-05-11T13:49:27.881756362Z</time>
      </trkpt>
      <trkpt lat="41.645645" lon="2.676870">
        <ele>55.094</ele>
        <time>2026-05-11T13:50:07.881763455Z</time>
      </trkpt>
      <trkpt lat="41.645625" lon="2.676916">
        <ele>54.657</ele>
        <time>2026-05-11T13:50:47.881770489Z</time>
      </trkpt>
      <trkpt lat="41.645612" lon="2.676962">
        <ele>54.322</ele>
        <time>2026-05-11T13:51:27.881777512Z</time>
      </trkpt>
      <trkpt lat="41.645599" lon="2.677017">
        <ele>54.509</ele>
        <time>2026-05-11T13:52:07.881784465Z</time>
      </trkpt>
      <trkpt lat="41.645596" lon="2.677085">
        <ele>54.990</ele>
        <time>2026-05-11T13:52:47.881791488Z</time>
      </trkpt>
      <trkpt lat="41.645606" lon="2.677120">
        <ele>55.458</ele>
        <time>2026-05-11T13:53:27.881798441Z</time>
      </trkpt>
      <trkpt lat="41.645622" lon="2.677185">
        <ele>56.286</ele>
        <time>2026-05-11T13:54:07.881805394Z</time>
      </trkpt>
      <trkpt lat="41.645641" lon="2.677248">
        <ele>57.195</ele>
        <time>2026-05-11T13:54:47.881812367Z</time>
      </trkpt>
      <trkpt lat="41.645675" lon="2.677304">
        <ele>58.583</ele>
        <time>2026-05-11T13:55:27.881819350Z</time>
      </trkpt>
      <trkpt lat="41.645701" lon="2.677329">
        <ele>59.399</ele>
        <time>2026-05-11T13:56:07.881826353Z</time>
      </trkpt>
      <trkpt lat="41.645723" lon="2.677354">
        <ele>60.030</ele>
        <time>2026-05-11T13:56:47.881833366Z</time>
      </trkpt>
      <trkpt lat="41.645747" lon="2.677381">
        <ele>60.914</ele>
        <time>2026-05-11T13:57:27.881840960Z</time>
      </trkpt>
      <trkpt lat="41.645791" lon="2.677454">
        <ele>62.677</ele>
        <time>2026-05-11T13:58:07.881852462Z</time>
      </trkpt>
      <trkpt lat="41.645741" lon="2.677436">
        <ele>61.372</ele>
        <time>2026-05-11T13:58:47.881863693Z</time>
      </trkpt>
      <trkpt lat="41.645757" lon="2.677500">
        <ele>62.413</ele>
        <time>2026-05-11T13:59:27.881874844Z</time>
      </trkpt>
      <trkpt lat="41.645782" lon="2.677553">
        <ele>63.314</ele>
        <time>2026-05-11T14:00:07.881886386Z</time>
      </trkpt>
      <trkpt lat="41.645789" lon="2.677649">
        <ele>64.309</ele>
        <time>2026-05-11T14:00:47.881897957Z</time>
      </trkpt>
      <trkpt lat="41.645805" lon="2.677697">
        <ele>65.028</ele>
        <time>2026-05-11T14:01:27.881909799Z</time>
      </trkpt>
      <trkpt lat="41.645788" lon="2.677766">
        <ele>65.296</ele>
        <time>2026-05-11T14:02:07.881918606Z</time>
      </trkpt>
      <trkpt lat="41.645744" lon="2.677769">
        <ele>64.654</ele>
        <time>2026-05-11T14:02:47.881925699Z</time>
      </trkpt>
      <trkpt lat="41.645695" lon="2.677755">
        <ele>63.893</ele>
        <time>2026-05-11T14:03:27.881932782Z</time>
      </trkpt>
      <trkpt lat="41.645647" lon="2.677729">
        <ele>62.731</ele>
        <time>2026-05-11T14:04:07.881939936Z</time>
      </trkpt>
      <trkpt lat="41.645604" lon="2.677694">
        <ele>61.667</ele>
        <time>2026-05-11T14:04:47.881946959Z</time>
      </trkpt>
      <trkpt lat="41.645580" lon="2.677673">
        <ele>60.978</ele>
        <time>2026-05-11T14:05:27.881953912Z</time>
      </trkpt>
      <trkpt lat="41.645548" lon="2.677657">
        <ele>60.262</ele>
        <time>2026-05-11T14:06:07.881961015Z</time>
      </trkpt>
      <trkpt lat="41.645517" lon="2.677646">
        <ele>59.715</ele>
        <time>2026-05-11T14:06:47.881968028Z</time>
      </trkpt>
      <trkpt lat="41.645477" lon="2.677631">
        <ele>59.073</ele>
        <time>2026-05-11T14:07:27.881975071Z</time>
      </trkpt>
      <trkpt lat="41.645432" lon="2.677599">
        <ele>58.185</ele>
        <time>2026-05-11T14:08:07.881982105Z</time>
      </trkpt>
      <trkpt lat="41.645405" lon="2.677580">
        <ele>57.513</ele>
        <time>2026-05-11T14:08:47.881989158Z</time>
      </trkpt>
      <trkpt lat="41.645361" lon="2.677546">
        <ele>56.609</ele>
        <time>2026-05-11T14:09:27.881996191Z</time>
      </trkpt>
      <trkpt lat="41.645311" lon="2.677521">
        <ele>55.718</ele>
        <time>2026-05-11T14:10:07.882003214Z</time>
      </trkpt>
      <trkpt lat="41.645273" lon="2.677485">
        <ele>54.926</ele>
        <time>2026-05-11T14:10:47.882010167Z</time>
      </trkpt>
      <trkpt lat="41.645249" lon="2.677452">
        <ele>54.934</ele>
        <time>2026-05-11T14:11:27.882017160Z</time>
      </trkpt>
      <trkpt lat="41.645222" lon="2.677420">
        <ele>54.953</ele>
        <time>2026-05-11T14:12:07.882024193Z</time>
      </trkpt>
      <trkpt lat="41.645199" lon="2.677395">
        <ele>54.941</ele>
        <time>2026-05-11T14:12:47.882031166Z</time>
      </trkpt>
      <trkpt lat="41.645174" lon="2.677366">
        <ele>54.857</ele>
        <time>2026-05-11T14:13:27.882038290Z</time>
      </trkpt>
      <trkpt lat="41.645151" lon="2.677346">
        <ele>54.898</ele>
        <time>2026-05-11T14:14:07.882045303Z</time>
      </trkpt>
      <trkpt lat="41.645124" lon="2.677323">
        <ele>54.782</ele>
        <time>2026-05-11T14:14:47.882052266Z</time>
      </trkpt>
      <trkpt lat="41.645098" lon="2.677303">
        <ele>54.675</ele>
        <time>2026-05-11T14:15:27.882059269Z</time>
      </trkpt>
      <trkpt lat="41.645072" lon="2.677292">
        <ele>54.626</ele>
        <time>2026-05-11T14:16:07.882066282Z</time>
      </trkpt>
      <trkpt lat="41.645044" lon="2.677277">
        <ele>54.647</ele>
        <time>2026-05-11T14:16:47.882073255Z</time>
      </trkpt>
      <trkpt lat="41.644999" lon="2.677244">
        <ele>54.311</ele>
        <time>2026-05-11T14:17:27.882080308Z</time>
      </trkpt>
      <trkpt lat="41.644973" lon="2.677228">
        <ele>54.209</ele>
        <time>2026-05-11T14:18:07.882087522Z</time>
      </trkpt>
      <trkpt lat="41.644942" lon="2.677220">
        <ele>54.243</ele>
        <time>2026-05-11T14:18:47.882094535Z</time>
      </trkpt>
      <trkpt lat="41.644897" lon="2.677208">
        <ele>54.281</ele>
        <time>2026-05-11T14:19:27.882101488Z</time>
      </trkpt>
      <trkpt lat="41.644860" lon="2.677198">
        <ele>54.229</ele>
        <time>2026-05-11T14:20:07.882108682Z</time>
      </trkpt>
      <trkpt lat="41.644831" lon="2.677184">
        <ele>54.128</ele>
        <time>2026-05-11T14:20:47.882115675Z</time>
      </trkpt>
      <trkpt lat="41.644778" lon="2.677170">
        <ele>54.146</ele>
        <time>2026-05-11T14:21:27.882122618Z</time>
      </trkpt>
      <trkpt lat="41.644727" lon="2.677176">
        <ele>54.332</ele>
        <time>2026-05-11T14:22:07.882129621Z</time>
      </trkpt>
      <trkpt lat="41.644698" lon="2.677189">
        <ele>54.383</ele>
        <time>2026-05-11T14:22:47.882136614Z</time>
      </trkpt>
      <trkpt lat="41.644663" lon="2.677194">
        <ele>53.987</ele>
        <time>2026-05-11T14:23:27.882143577Z</time>
      </trkpt>
      <trkpt lat="41.644631" lon="2.677195">
        <ele>53.680</ele>
        <time>2026-05-11T14:24:07.882150570Z</time>
      </trkpt>
      <trkpt lat="41.644580" lon="2.677222">
        <ele>53.581</ele>
        <time>2026-05-11T14:24:47.882157834Z</time>
      </trkpt>
      <trkpt lat="41.644549" lon="2.677238">
        <ele>53.461</ele>
        <time>2026-05-11T14:25:27.882164867Z</time>
      </trkpt>
      <trkpt lat="41.644510" lon="2.677268">
        <ele>53.417</ele>
        <time>2026-05-11T14:26:07.882171810Z</time>
      </trkpt>
      <trkpt lat="41.644489" lon="2.677297">
        <ele>53.609</ele>
        <time>2026-05-11T14:26:47.882178853Z</time>
      </trkpt>
      <trkpt lat="41.644448" lon="2.677333">
        <ele>53.689</ele>
        <time>2026-05-11T14:27:27.882185846Z</time>
      </trkpt>
      <trkpt lat="41.644406" lon="2.677358">
        <ele>53.157</ele>
        <time>2026-05-11T14:28:07.882198680Z</time>
      </trkpt>
      <trkpt lat="41.644373" lon="2.677384">
        <ele>52.875</ele>
        <time>2026-05-11T14:28:47.882205733Z</time>
      </trkpt>
      <trkpt lat="41.644341" lon="2.677403">
        <ele>52.424</ele>
        <time>2026-05-11T14:29:27.882213658Z</time>
      </trkpt>
      <trkpt lat="41.644301" lon="2.677423">
        <ele>51.842</ele>
        <time>2026-05-11T14:30:07.882225520Z</time>
      </trkpt>
      <trkpt lat="41.644274" lon="2.677457">
        <ele>51.768</ele>
        <time>2026-05-11T14:30:47.882236912Z</time>
      </trkpt>
      <trkpt lat="41.644256" lon="2.677494">
        <ele>51.869</ele>
        <time>2026-05-11T14:31:27.882248203Z</time>
      </trkpt>
      <trkpt lat="41.644236" lon="2.677523">
        <ele>51.943</ele>
        <time>2026-05-11T14:32:07.882260035Z</time>
      </trkpt>
      <trkpt lat="41.644221" lon="2.677557">
        <ele>52.256</ele>
        <time>2026-05-11T14:32:47.882271326Z</time>
      </trkpt>
      <trkpt lat="41.644186" lon="2.677620">
        <ele>52.554</ele>
        <time>2026-05-11T14:33:27.882283278Z</time>
      </trkpt>
      <trkpt lat="41.644162" lon="2.677645">
        <ele>52.556</ele>
        <time>2026-05-11T14:34:07.882294840Z</time>
      </trkpt>
      <trkpt lat="41.644126" lon="2.677686">
        <ele>52.411</ele>
        <time>2026-05-11T14:34:47.882306572Z</time>
      </trkpt>
      <trkpt lat="41.644105" lon="2.677714">
        <ele>52.309</ele>
        <time>2026-05-11T14:35:27.882318023Z</time>
      </trkpt>
      <trkpt lat="41.644083" lon="2.677737">
        <ele>52.256</ele>
        <time>2026-05-11T14:36:07.882329685Z</time>
      </trkpt>
      <trkpt lat="41.644060" lon="2.677761">
        <ele>52.094</ele>
        <time>2026-05-11T14:36:47.882341287Z</time>
      </trkpt>
      <trkpt lat="41.644032" lon="2.677805">
        <ele>52.132</ele>
        <time>2026-05-11T14:37:27.882353109Z</time>
      </trkpt>
      <trkpt lat="41.643995" lon="2.677859">
        <ele>52.291</ele>
        <time>2026-05-11T14:38:07.882361134Z</time>
      </trkpt>
      <trkpt lat="41.643976" lon="2.677894">
        <ele>52.429</ele>
        <time>2026-05-11T14:38:47.882368227Z</time>
      </trkpt>
      <trkpt lat="41.643954" lon="2.677919">
        <ele>52.395</ele>
        <time>2026-05-11T14:39:27.882375280Z</time>
      </trkpt>
      <trkpt lat="41.643929" lon="2.677948">
        <ele>52.296</ele>
        <time>2026-05-11T14:40:07.882382243Z</time>
      </trkpt>
      <trkpt lat="41.643916" lon="2.677986">
        <ele>52.520</ele>
        <time>2026-05-11T14:40:47.882389227Z</time>
      </trkpt>
      <trkpt lat="41.643907" lon="2.678024">
        <ele>52.913</ele>
        <time>2026-05-11T14:41:27.882396220Z</time>
      </trkpt>
      <trkpt lat="41.643902" lon="2.678067">
        <ele>53.517</ele>
        <time>2026-05-11T14:42:07.882403313Z</time>
      </trkpt>
      <trkpt lat="41.643904" lon="2.678142">
        <ele>54.187</ele>
        <time>2026-05-11T14:42:47.882410436Z</time>
      </trkpt>
      <trkpt lat="41.643903" lon="2.678210">
        <ele>54.615</ele>
        <time>2026-05-11T14:43:27.882417459Z</time>
      </trkpt>
      <trkpt lat="41.643904" lon="2.678247">
        <ele>54.909</ele>
        <time>2026-05-11T14:44:07.882424483Z</time>
      </trkpt>
      <trkpt lat="41.643915" lon="2.678287">
        <ele>55.762</ele>
        <time>2026-05-11T14:44:47.882431456Z</time>
      </trkpt>
      <trkpt lat="41.643914" lon="2.678330">
        <ele>56.050</ele>
        <time>2026-05-11T14:45:27.882438469Z</time>
      </trkpt>
      <trkpt lat="41.643921" lon="2.678393">
        <ele>56.448</ele>
        <time>2026-05-11T14:46:07.882445452Z</time>
      </trkpt>
      <trkpt lat="41.643923" lon="2.678438">
        <ele>56.687</ele>
        <time>2026-05-11T14:46:47.882452415Z</time>
      </trkpt>
      <trkpt lat="41.643932" lon="2.678475">
        <ele>57.115</ele>
        <time>2026-05-11T14:47:27.882459368Z</time>
      </trkpt>
      <trkpt lat="41.643943" lon="2.678541">
        <ele>57.961</ele>
        <time>2026-05-11T14:48:07.882466471Z</time>
      </trkpt>
      <trkpt lat="41.643937" lon="2.678578">
        <ele>57.762</ele>
        <time>2026-05-11T14:48:47.882473474Z</time>
      </trkpt>
      <trkpt lat="41.643928" lon="2.678643">
        <ele>58.176</ele>
        <time>2026-05-11T14:49:27.882480417Z</time>
      </trkpt>
      <trkpt lat="41.643917" lon="2.678709">
        <ele>59.329</ele>
        <time>2026-05-11T14:50:07.882487410Z</time>
      </trkpt>
      <trkpt lat="41.643920" lon="2.678765">
        <ele>61.039</ele>
        <time>2026-05-11T14:50:47.882494413Z</time>
      </trkpt>
      <trkpt lat="41.643915" lon="2.678834">
        <ele>62.701</ele>
        <time>2026-05-11T14:51:27.882501376Z</time>
      </trkpt>
      <trkpt lat="41.643914" lon="2.678895">
        <ele>64.421</ele>
        <time>2026-05-11T14:52:07.882508349Z</time>
      </trkpt>
      <trkpt lat="41.643921" lon="2.678955">
        <ele>66.709</ele>
        <time>2026-05-11T14:52:47.882515282Z</time>
      </trkpt>
      <trkpt lat="41.643915" lon="2.679004">
        <ele>68.054</ele>
        <time>2026-05-11T14:53:27.882522356Z</time>
      </trkpt>
      <trkpt lat="41.643907" lon="2.679042">
        <ele>68.892</ele>
        <time>2026-05-11T14:54:07.882529309Z</time>
      </trkpt>
      <trkpt lat="41.643898" lon="2.679079">
        <ele>69.660</ele>
        <time>2026-05-11T14:54:47.882536312Z</time>
      </trkpt>
      <trkpt lat="41.643891" lon="2.679131">
        <ele>71.099</ele>
        <time>2026-05-11T14:55:27.882543275Z</time>
      </trkpt>
      <trkpt lat="41.643866" lon="2.679191">
        <ele>72.287</ele>
        <time>2026-05-11T14:56:07.882550288Z</time>
      </trkpt>
      <trkpt lat="41.643831" lon="2.679247">
        <ele>73.243</ele>
        <time>2026-05-11T14:56:47.882557261Z</time>
      </trkpt>
      <trkpt lat="41.643811" lon="2.679283">
        <ele>74.184</ele>
        <time>2026-05-11T14:57:27.882564214Z</time>
      </trkpt>
      <trkpt lat="41.643789" lon="2.679312">
        <ele>74.598</ele>
        <time>2026-05-11T14:58:07.882571177Z</time>
      </trkpt>
      <trkpt lat="41.643752" lon="2.679353">
        <ele>75.021</ele>
        <time>2026-05-11T14:58:47.882578180Z</time>
      </trkpt>
      <trkpt lat="41.643714" lon="2.679379">
        <ele>74.796</ele>
        <time>2026-05-11T14:59:27.882585273Z</time>
      </trkpt>
      <trkpt lat="41.643667" lon="2.679405">
        <ele>74.231</ele>
        <time>2026-05-11T15:00:07.882592467Z</time>
      </trkpt>
      <trkpt lat="41.643633" lon="2.679449">
        <ele>75.024</ele>
        <time>2026-05-11T15:00:47.882599490Z</time>
      </trkpt>
      <trkpt lat="41.643614" lon="2.679474">
        <ele>75.409</ele>
        <time>2026-05-11T15:01:27.882606443Z</time>
      </trkpt>
      <trkpt lat="41.643578" lon="2.679511">
        <ele>75.410</ele>
        <time>2026-05-11T15:02:07.882613426Z</time>
      </trkpt>
      <trkpt lat="41.643554" lon="2.679534">
        <ele>75.418</ele>
        <time>2026-05-11T15:02:47.882620359Z</time>
      </trkpt>
      <trkpt lat="41.643531" lon="2.679554">
        <ele>75.396</ele>
        <time>2026-05-11T15:03:27.882627352Z</time>
      </trkpt>
      <trkpt lat="41.643497" lon="2.679605">
        <ele>76.045</ele>
        <time>2026-05-11T15:04:07.882634295Z</time>
      </trkpt>
      <trkpt lat="41.643480" lon="2.679642">
        <ele>76.983</ele>
        <time>2026-05-11T15:04:47.882641338Z</time>
      </trkpt>
      <trkpt lat="41.643458" lon="2.679668">
        <ele>77.089</ele>
        <time>2026-05-11T15:05:27.882648432Z</time>
      </trkpt>
      <trkpt lat="41.643419" lon="2.679719">
        <ele>77.670</ele>
        <time>2026-05-11T15:06:07.882655405Z</time>
      </trkpt>
      <trkpt lat="41.643381" lon="2.679749">
        <ele>77.074</ele>
        <time>2026-05-11T15:06:47.882662368Z</time>
      </trkpt>
      <trkpt lat="41.643340" lon="2.679789">
        <ele>76.717</ele>
        <time>2026-05-11T15:07:27.882669401Z</time>
      </trkpt>
      <trkpt lat="41.643293" lon="2.679822">
        <ele>76.267</ele>
        <time>2026-05-11T15:08:07.882684279Z</time>
      </trkpt>
      <trkpt lat="41.643258" lon="2.679859">
        <ele>76.281</ele>
        <time>2026-05-11T15:08:47.882691312Z</time>
      </trkpt>
      <trkpt lat="41.643217" lon="2.679893">
        <ele>75.919</ele>
        <time>2026-05-11T15:09:27.882698315Z</time>
      </trkpt>
      <trkpt lat="41.643175" lon="2.679937">
        <ele>75.709</ele>
        <time>2026-05-11T15:10:07.882705298Z</time>
      </trkpt>
      <trkpt lat="41.643145" lon="2.679960">
        <ele>75.397</ele>
        <time>2026-05-11T15:10:47.882712291Z</time>
      </trkpt>
      <trkpt lat="41.643121" lon="2.679980">
        <ele>75.075</ele>
        <time>2026-05-11T15:11:27.882719314Z</time>
      </trkpt>
      <trkpt lat="41.643073" lon="2.680014">
        <ele>74.013</ele>
        <time>2026-05-11T15:12:07.882726337Z</time>
      </trkpt>
      <trkpt lat="41.643045" lon="2.680031">
        <ele>73.262</ele>
        <time>2026-05-11T15:12:47.882733311Z</time>
      </trkpt>
      <trkpt lat="41.643006" lon="2.680070">
        <ele>72.320</ele>
        <time>2026-05-11T15:13:27.882740334Z</time>
      </trkpt>
      <trkpt lat="41.642986" lon="2.680118">
        <ele>72.676</ele>
        <time>2026-05-11T15:14:07.882747357Z</time>
      </trkpt>
      <trkpt lat="41.642944" lon="2.680167">
        <ele>72.177</ele>
        <time>2026-05-11T15:14:47.882754360Z</time>
      </trkpt>
      <trkpt lat="41.642911" lon="2.680214">
        <ele>72.151</ele>
        <time>2026-05-11T15:15:27.882761353Z</time>
      </trkpt>
      <trkpt lat="41.642893" lon="2.680249">
        <ele>72.364</ele>
        <time>2026-05-11T15:16:07.882768346Z</time>
      </trkpt>
      <trkpt lat="41.642878" lon="2.680282">
        <ele>72.763</ele>
        <time>2026-05-11T15:16:47.882775389Z</time>
      </trkpt>
      <trkpt lat="41.642861" lon="2.680312">
        <ele>72.944</ele>
        <time>2026-05-11T15:17:27.882782392Z</time>
      </trkpt>
      <trkpt lat="41.642843" lon="2.680350">
        <ele>73.218</ele>
        <time>2026-05-11T15:18:07.882789466Z</time>
      </trkpt>
      <trkpt lat="41.642828" lon="2.680385">
        <ele>73.509</ele>
        <time>2026-05-11T15:18:47.882796429Z</time>
      </trkpt>
      <trkpt lat="41.642797" lon="2.680440">
        <ele>73.817</ele>
        <time>2026-05-11T15:19:27.882804744Z</time>
      </trkpt>
      <trkpt lat="41.642766" lon="2.680493">
        <ele>74.015</ele>
        <time>2026-05-11T15:20:07.882811727Z</time>
      </trkpt>
      <trkpt lat="41.642749" lon="2.680522">
        <ele>74.113</ele>
        <time>2026-05-11T15:20:47.882818780Z</time>
      </trkpt>
      <trkpt lat="41.642729" lon="2.680553">
        <ele>74.282</ele>
        <time>2026-05-11T15:21:27.882825774Z</time>
      </trkpt>
      <trkpt lat="41.642701" lon="2.680607">
        <ele>74.720</ele>
        <time>2026-05-11T15:22:07.882832787Z</time>
      </trkpt>
      <trkpt lat="41.642677" lon="2.680666">
        <ele>75.446</ele>
        <time>2026-05-11T15:22:47.882839760Z</time>
      </trkpt>
      <trkpt lat="41.642651" lon="2.680719">
        <ele>75.967</ele>
        <time>2026-05-11T15:23:27.882846693Z</time>
      </trkpt>
      <trkpt lat="41.642639" lon="2.680753">
        <ele>76.321</ele>
        <time>2026-05-11T15:24:07.882853706Z</time>
      </trkpt>
      <trkpt lat="41.642630" lon="2.680825">
        <ele>77.954</ele>
        <time>2026-05-11T15:24:47.882860679Z</time>
      </trkpt>
      <trkpt lat="41.642623" lon="2.680862">
        <ele>78.842</ele>
        <time>2026-05-11T15:25:27.882867662Z</time>
      </trkpt>
      <trkpt lat="41.642608" lon="2.680920">
        <ele>80.022</ele>
        <time>2026-05-11T15:26:07.882874635Z</time>
      </trkpt>
      <trkpt lat="41.642595" lon="2.680954">
        <ele>80.514</ele>
        <time>2026-05-11T15:26:47.882881638Z</time>
      </trkpt>
      <trkpt lat="41.642583" lon="2.680987">
        <ele>81.009</ele>
        <time>2026-05-11T15:27:27.882888631Z</time>
      </trkpt>
      <trkpt lat="41.642568" lon="2.681047">
        <ele>82.295</ele>
        <time>2026-05-11T15:28:07.882895614Z</time>
      </trkpt>
      <trkpt lat="41.642557" lon="2.681085">
        <ele>82.933</ele>
        <time>2026-05-11T15:28:47.882902567Z</time>
      </trkpt>
      <trkpt lat="41.642546" lon="2.681121">
        <ele>83.571</ele>
        <time>2026-05-11T15:29:27.882909520Z</time>
      </trkpt>
      <trkpt lat="41.642533" lon="2.681155">
        <ele>84.090</ele>
        <time>2026-05-11T15:30:07.882916553Z</time>
      </trkpt>
      <trkpt lat="41.642501" lon="2.681205">
        <ele>84.148</ele>
        <time>2026-05-11T15:30:47.882923506Z</time>
      </trkpt>
      <trkpt lat="41.642481" lon="2.681238">
        <ele>83.944</ele>
        <time>2026-05-11T15:31:27.882930520Z</time>
      </trkpt>
      <trkpt lat="41.642475" lon="2.681275">
        <ele>84.775</ele>
        <time>2026-05-11T15:32:07.882937503Z</time>
      </trkpt>
      <trkpt lat="41.642448" lon="2.681328">
        <ele>84.659</ele>
        <time>2026-05-11T15:32:47.882944496Z</time>
      </trkpt>
      <trkpt lat="41.642432" lon="2.681364">
        <ele>84.652</ele>
        <time>2026-05-11T15:33:27.882951469Z</time>
      </trkpt>
      <trkpt lat="41.642417" lon="2.681428">
        <ele>85.129</ele>
        <time>2026-05-11T15:34:07.882958502Z</time>
      </trkpt>
      <trkpt lat="41.642398" lon="2.681491">
        <ele>85.100</ele>
        <time>2026-05-11T15:34:47.882965575Z</time>
      </trkpt>
      <trkpt lat="41.642393" lon="2.681529">
        <ele>85.520</ele>
        <time>2026-05-11T15:35:27.882972548Z</time>
      </trkpt>
      <trkpt lat="41.642376" lon="2.681598">
        <ele>85.709</ele>
        <time>2026-05-11T15:36:07.882979601Z</time>
      </trkpt>
      <trkpt lat="41.642364" lon="2.681636">
        <ele>85.633</ele>
        <time>2026-05-11T15:36:47.882986574Z</time>
      </trkpt>
      <trkpt lat="41.642348" lon="2.681704">
        <ele>85.751</ele>
        <time>2026-05-11T15:37:27.882993507Z</time>
      </trkpt>
      <trkpt lat="41.642337" lon="2.681743">
        <ele>85.539</ele>
        <time>2026-05-11T15:38:07.883000531Z</time>
      </trkpt>
      <trkpt lat="41.642332" lon="2.681780">
        <ele>85.828</ele>
        <time>2026-05-11T15:38:47.883007504Z</time>
      </trkpt>
      <trkpt lat="41.642321" lon="2.681816">
        <ele>85.696</ele>
        <time>2026-05-11T15:39:27.883014437Z</time>
      </trkpt>
      <trkpt lat="41.642287" lon="2.681867">
        <ele>84.182</ele>
        <time>2026-05-11T15:40:07.883021410Z</time>
      </trkpt>
      <trkpt lat="41.642270" lon="2.681898">
        <ele>83.533</ele>
        <time>2026-05-11T15:40:47.883028353Z</time>
      </trkpt>
      <trkpt lat="41.642238" lon="2.681951">
        <ele>82.257</ele>
        <time>2026-05-11T15:41:27.883035296Z</time>
      </trkpt>
      <trkpt lat="41.642220" lon="2.681980">
        <ele>81.250</ele>
        <time>2026-05-11T15:42:07.883042289Z</time>
      </trkpt>
      <trkpt lat="41.642202" lon="2.682012">
        <ele>80.519</ele>
        <time>2026-05-11T15:42:47.883049282Z</time>
      </trkpt>
      <trkpt lat="41.642185" lon="2.682045">
        <ele>79.809</ele>
        <time>2026-05-11T15:43:27.883056265Z</time>
      </trkpt>
      <trkpt lat="41.642160" lon="2.682108">
        <ele>78.819</ele>
        <time>2026-05-11T15:44:07.883063228Z</time>
      </trkpt>
      <trkpt lat="41.642159" lon="2.682149">
        <ele>79.209</ele>
        <time>2026-05-11T15:44:47.883070171Z</time>
      </trkpt>
      <trkpt lat="41.642156" lon="2.682223">
        <ele>79.762</ele>
        <time>2026-05-11T15:45:27.883077144Z</time>
      </trkpt>
      <trkpt lat="41.642155" lon="2.682294">
        <ele>80.180</ele>
        <time>2026-05-11T15:46:07.883084047Z</time>
      </trkpt>
      <trkpt lat="41.642170" lon="2.682325">
        <ele>81.238</ele>
        <time>2026-05-11T15:46:47.883091Z</time>
      </trkpt>
      <trkpt lat="41.642194" lon="2.682346">
        <ele>82.847</ele>
        <time>2026-05-11T15:47:27.883102792Z</time>
      </trkpt>
      <trkpt lat="41.642219" lon="2.682379">
        <ele>84.485</ele>
        <time>2026-05-11T15:48:07.883109925Z</time>
      </trkpt>
      <trkpt lat="41.642251" lon="2.682424">
        <ele>86.631</ele>
        <time>2026-05-11T15:48:47.883116898Z</time>
      </trkpt>
      <trkpt lat="41.642283" lon="2.682478">
        <ele>88.712</ele>
        <time>2026-05-11T15:49:27.883123851Z</time>
      </trkpt>
      <trkpt lat="41.642311" lon="2.682541">
        <ele>90.276</ele>
        <time>2026-05-11T15:50:07.883130804Z</time>
      </trkpt>
      <trkpt lat="41.642320" lon="2.682578">
        <ele>90.629</ele>
        <time>2026-05-11T15:50:47.883137797Z</time>
      </trkpt>
      <trkpt lat="41.642327" lon="2.682618">
        <ele>90.861</ele>
        <time>2026-05-11T15:51:27.883144821Z</time>
      </trkpt>
      <trkpt lat="41.642336" lon="2.682658">
        <ele>91.021</ele>
        <time>2026-05-11T15:52:07.883151834Z</time>
      </trkpt>
      <trkpt lat="41.642341" lon="2.682698">
        <ele>91.113</ele>
        <time>2026-05-11T15:52:47.883158867Z</time>
      </trkpt>
      <trkpt lat="41.642346" lon="2.682760">
        <ele>90.909</ele>
        <time>2026-05-11T15:53:27.883165840Z</time>
      </trkpt>
      <trkpt lat="41.642346" lon="2.682804">
        <ele>90.857</ele>
        <time>2026-05-11T15:54:07.883172913Z</time>
      </trkpt>
      <trkpt lat="41.642353" lon="2.682848">
        <ele>91.185</ele>
        <time>2026-05-11T15:54:47.883179896Z</time>
      </trkpt>
      <trkpt lat="41.642361" lon="2.682886">
        <ele>91.563</ele>
        <time>2026-05-11T15:55:27.883186869Z</time>
      </trkpt>
      <trkpt lat="41.642373" lon="2.682920">
        <ele>92.072</ele>
        <time>2026-05-11T15:56:07.883193852Z</time>
      </trkpt>
      <trkpt lat="41.642382" lon="2.682985">
        <ele>92.420</ele>
        <time>2026-05-11T15:56:47.883200855Z</time>
      </trkpt>
      <trkpt lat="41.642367" lon="2.683016">
        <ele>91.736</ele>
        <time>2026-05-11T15:57:27.883207839Z</time>
      </trkpt>
      <trkpt lat="41.642357" lon="2.683066">
        <ele>91.337</ele>
        <time>2026-05-11T15:58:07.883214762Z</time>
      </trkpt>
      <trkpt lat="41.642355" lon="2.683111">
        <ele>91.111</ele>
        <time>2026-05-11T15:58:47.883221785Z</time>
      </trkpt>
      <trkpt lat="41.642385" lon="2.683157">
        <ele>92.034</ele>
        <time>2026-05-11T15:59:27.883228728Z</time>
      </trkpt>
      <trkpt lat="41.642419" lon="2.683207">
        <ele>92.835</ele>
        <time>2026-05-11T16:00:07.883235761Z</time>
      </trkpt>
      <trkpt lat="41.642444" lon="2.683231">
        <ele>93.486</ele>
        <time>2026-05-11T16:00:47.883242804Z</time>
      </trkpt>
      <trkpt lat="41.642488" lon="2.683258">
        <ele>94.514</ele>
        <time>2026-05-11T16:01:27.883249967Z</time>
      </trkpt>
      <trkpt lat="41.642541" lon="2.683294">
        <ele>96.409</ele>
        <time>2026-05-11T16:02:07.883256960Z</time>
      </trkpt>
      <trkpt lat="41.642565" lon="2.683325">
        <ele>97.154</ele>
        <time>2026-05-11T16:02:47.883263944Z</time>
      </trkpt>
      <trkpt lat="41.642593" lon="2.683356">
        <ele>98.232</ele>
        <time>2026-05-11T16:03:27.883270907Z</time>
      </trkpt>
      <trkpt lat="41.642621" lon="2.683370">
        <ele>99.450</ele>
        <time>2026-05-11T16:04:07.883277870Z</time>
      </trkpt>
      <trkpt lat="41.642651" lon="2.683385">
        <ele>100.739</ele>
        <time>2026-05-11T16:04:47.883284913Z</time>
      </trkpt>
      <trkpt lat="41.642678" lon="2.683434">
        <ele>101.457</ele>
        <time>2026-05-11T16:05:27.883291986Z</time>
      </trkpt>
      <trkpt lat="41.642694" lon="2.683469">
        <ele>101.743</ele>
        <time>2026-05-11T16:06:07.883298969Z</time>
      </trkpt>
      <trkpt lat="41.642714" lon="2.683525">
        <ele>101.944</ele>
        <time>2026-05-11T16:06:47.883305982Z</time>
      </trkpt>
      <trkpt lat="41.642735" lon="2.683584">
        <ele>101.938</ele>
        <time>2026-05-11T16:07:27.883312945Z</time>
      </trkpt>
      <trkpt lat="41.642729" lon="2.683627">
        <ele>101.711</ele>
        <time>2026-05-11T16:08:07.883319898Z</time>
      </trkpt>
      <trkpt lat="41.642714" lon="2.683663">
        <ele>101.979</ele>
        <time>2026-05-11T16:08:47.883326992Z</time>
      </trkpt>
      <trkpt lat="41.642680" lon="2.683677">
        <ele>101.005</ele>
        <time>2026-05-11T16:09:27.883334135Z</time>
      </trkpt>
      <trkpt lat="41.642623" lon="2.683673">
        <ele>99.125</ele>
        <time>2026-05-11T16:10:07.883341629Z</time>
      </trkpt>
      <trkpt lat="41.642593" lon="2.683673">
        <ele>98.109</ele>
        <time>2026-05-11T16:10:47.883348632Z</time>
      </trkpt>
      <trkpt lat="41.642538" lon="2.683685">
        <ele>96.668</ele>
        <time>2026-05-11T16:11:27.883355625Z</time>
      </trkpt>
      <trkpt lat="41.642510" lon="2.683678">
        <ele>95.536</ele>
        <time>2026-05-11T16:12:07.883362648Z</time>
      </trkpt>
      <trkpt lat="41.642458" lon="2.683684">
        <ele>95.064</ele>
        <time>2026-05-11T16:12:47.883369712Z</time>
      </trkpt>
      <trkpt lat="41.642415" lon="2.683685">
        <ele>94.833</ele>
        <time>2026-05-11T16:13:27.883376675Z</time>
      </trkpt>
      <trkpt lat="41.642365" lon="2.683692">
        <ele>94.641</ele>
        <time>2026-05-11T16:14:07.883383718Z</time>
      </trkpt>
      <trkpt lat="41.642320" lon="2.683712">
        <ele>94.897</ele>
        <time>2026-05-11T16:14:47.883390781Z</time>
      </trkpt>
      <trkpt lat="41.642280" lon="2.683748">
        <ele>95.338</ele>
        <time>2026-05-11T16:15:27.883397804Z</time>
      </trkpt>
      <trkpt lat="41.642244" lon="2.683770">
        <ele>95.512</ele>
        <time>2026-05-11T16:16:07.883404807Z</time>
      </trkpt>
      <trkpt lat="41.642192" lon="2.683802">
        <ele>95.915</ele>
        <time>2026-05-11T16:16:47.883411860Z</time>
      </trkpt>
      <trkpt lat="41.642139" lon="2.683806">
        <ele>95.738</ele>
        <time>2026-05-11T16:17:27.883418894Z</time>
      </trkpt>
      <trkpt lat="41.642111" lon="2.683797">
        <ele>95.470</ele>
        <time>2026-05-11T16:18:07.883425877Z</time>
      </trkpt>
      <trkpt lat="41.642080" lon="2.683785">
        <ele>94.917</ele>
        <time>2026-05-11T16:18:47.883432910Z</time>
      </trkpt>
      <trkpt lat="41.642049" lon="2.683773">
        <ele>94.409</ele>
        <time>2026-05-11T16:19:27.883439883Z</time>
      </trkpt>
      <trkpt lat="41.642018" lon="2.683766">
        <ele>94.014</ele>
        <time>2026-05-11T16:20:07.883446826Z</time>
      </trkpt>
      <trkpt lat="41.641988" lon="2.683765">
        <ele>93.742</ele>
        <time>2026-05-11T16:20:47.883453799Z</time>
      </trkpt>
      <trkpt lat="41.641946" lon="2.683779">
        <ele>93.810</ele>
        <time>2026-05-11T16:21:27.883460802Z</time>
      </trkpt>
      <trkpt lat="41.641897" lon="2.683798">
        <ele>94.069</ele>
        <time>2026-05-11T16:22:07.883467715Z</time>
      </trkpt>
      <trkpt lat="41.641869" lon="2.683810">
        <ele>94.247</ele>
        <time>2026-05-11T16:22:47.883474738Z</time>
      </trkpt>
      <trkpt lat="41.641808" lon="2.683824">
        <ele>94.133</ele>
        <time>2026-05-11T16:23:27.883481721Z</time>
      </trkpt>
      <trkpt lat="41.641757" lon="2.683838">
        <ele>94.294</ele>
        <time>2026-05-11T16:24:07.883488714Z</time>
      </trkpt>
      <trkpt lat="41.641728" lon="2.683847">
        <ele>94.268</ele>
        <time>2026-05-11T16:24:47.883495707Z</time>
      </trkpt>
      <trkpt lat="41.641672" lon="2.683841">
        <ele>93.771</ele>
        <time>2026-05-11T16:25:27.883502660Z</time>
      </trkpt>
      <trkpt lat="41.641645" lon="2.683828">
        <ele>93.267</ele>
        <time>2026-05-11T16:26:07.883509663Z</time>
      </trkpt>
      <trkpt lat="41.641603" lon="2.683812">
        <ele>92.681</ele>
        <time>2026-05-11T16:26:47.883523179Z</time>
      </trkpt>
      <trkpt lat="41.641575" lon="2.683812">
        <ele>92.519</ele>
        <time>2026-05-11T16:27:27.883530312Z</time>
      </trkpt>
      <trkpt lat="41.641548" lon="2.683819">
        <ele>92.709</ele>
        <time>2026-05-11T16:28:07.883537345Z</time>
      </trkpt>
      <trkpt lat="41.641492" lon="2.683828">
        <ele>92.887</ele>
        <time>2026-05-11T16:28:47.883544328Z</time>
      </trkpt>
      <trkpt lat="41.641462" lon="2.683841">
        <ele>93.085</ele>
        <time>2026-05-11T16:29:27.883551361Z</time>
      </trkpt>
      <trkpt lat="41.641430" lon="2.683853">
        <ele>93.213</ele>
        <time>2026-05-11T16:30:07.883558345Z</time>
      </trkpt>
      <trkpt lat="41.641404" lon="2.683860">
        <ele>93.382</ele>
        <time>2026-05-11T16:30:47.883565328Z</time>
      </trkpt>
      <trkpt lat="41.641377" lon="2.683869">
        <ele>93.520</ele>
        <time>2026-05-11T16:31:27.883572281Z</time>
      </trkpt>
      <trkpt lat="41.641327" lon="2.683869">
        <ele>93.366</ele>
        <time>2026-05-11T16:32:07.883579214Z</time>
      </trkpt>
      <trkpt lat="41.641290" lon="2.683867">
        <ele>93.137</ele>
        <time>2026-05-11T16:32:47.883586227Z</time>
      </trkpt>
      <trkpt lat="41.641253" lon="2.683883">
        <ele>93.441</ele>
        <time>2026-05-11T16:33:27.883593210Z</time>
      </trkpt>
      <trkpt lat="41.641221" lon="2.683898">
        <ele>93.584</ele>
        <time>2026-05-11T16:34:07.883600233Z</time>
      </trkpt>
      <trkpt lat="41.641195" lon="2.683911">
        <ele>93.599</ele>
        <time>2026-05-11T16:34:47.883607326Z</time>
      </trkpt>
      <trkpt lat="41.641154" lon="2.683936">
        <ele>93.407</ele>
        <time>2026-05-11T16:35:27.883614359Z</time>
      </trkpt>
      <trkpt lat="41.641134" lon="2.683965">
        <ele>93.427</ele>
        <time>2026-05-11T16:36:07.883621372Z</time>
      </trkpt>
      <trkpt lat="41.641113" lon="2.684030">
        <ele>93.509</ele>
        <time>2026-05-11T16:36:47.883628366Z</time>
      </trkpt>
      <trkpt lat="41.641102" lon="2.684064">
        <ele>93.470</ele>
        <time>2026-05-11T16:37:27.883635319Z</time>
      </trkpt>
      <trkpt lat="41.641088" lon="2.684102">
        <ele>93.358</ele>
        <time>2026-05-11T16:38:07.883642322Z</time>
      </trkpt>
      <trkpt lat="41.641080" lon="2.684137">
        <ele>93.246</ele>
        <time>2026-05-11T16:38:47.883649295Z</time>
      </trkpt>
      <trkpt lat="41.641074" lon="2.684212">
        <ele>93.035</ele>
        <time>2026-05-11T16:39:27.883656228Z</time>
      </trkpt>
      <trkpt lat="41.641067" lon="2.684254">
        <ele>92.783</ele>
        <time>2026-05-11T16:40:07.883663141Z</time>
      </trkpt>
      <trkpt lat="41.641058" lon="2.684292">
        <ele>92.379</ele>
        <time>2026-05-11T16:40:47.883670124Z</time>
      </trkpt>
      <trkpt lat="41.641045" lon="2.684324">
        <ele>91.920</ele>
        <time>2026-05-11T16:41:27.883677087Z</time>
      </trkpt>
      <trkpt lat="41.641011" lon="2.684373">
        <ele>90.824</ele>
        <time>2026-05-11T16:42:07.883684210Z</time>
      </trkpt>
      <trkpt lat="41.640990" lon="2.684403">
        <ele>90.227</ele>
        <time>2026-05-11T16:42:47.883691163Z</time>
      </trkpt>
      <trkpt lat="41.640975" lon="2.684437">
        <ele>89.632</ele>
        <time>2026-05-11T16:43:27.883698206Z</time>
      </trkpt>
      <trkpt lat="41.640974" lon="2.684483">
        <ele>88.992</ele>
        <time>2026-05-11T16:44:07.883705229Z</time>
      </trkpt>
      <trkpt lat="41.640983" lon="2.684523">
        <ele>88.411</ele>
        <time>2026-05-11T16:44:47.883712233Z</time>
      </trkpt>
      <trkpt lat="41.641024" lon="2.684577">
        <ele>88.409</ele>
        <time>2026-05-11T16:45:27.883719196Z</time>
      </trkpt>
      <trkpt lat="41.641053" lon="2.684625">
        <ele>88.394</ele>
        <time>2026-05-11T16:46:07.883726159Z</time>
      </trkpt>
      <trkpt lat="41.641083" lon="2.684669">
        <ele>88.372</ele>
        <time>2026-05-11T16:46:47.883733102Z</time>
      </trkpt>
      <trkpt lat="41.641105" lon="2.684698">
        <ele>88.320</ele>
        <time>2026-05-11T16:47:27.883740055Z</time>
      </trkpt>
      <trkpt lat="41.641138" lon="2.684755">
        <ele>88.489</ele>
        <time>2026-05-11T16:48:07.883747008Z</time>
      </trkpt>
      <trkpt lat="41.641157" lon="2.684793">
        <ele>88.637</ele>
        <time>2026-05-11T16:48:47.883753931Z</time>
      </trkpt>
      <trkpt lat="41.641176" lon="2.684830">
        <ele>88.763</ele>
        <time>2026-05-11T16:49:27.883760884Z</time>
      </trkpt>
      <trkpt lat="41.641196" lon="2.684858">
        <ele>89.074</ele>
        <time>2026-05-11T16:50:07.883767797Z</time>
      </trkpt>
      <trkpt lat="41.641250" lon="2.684879">
        <ele>90.338</ele>
        <time>2026-05-11T16:50:47.883774860Z</time>
      </trkpt>
      <trkpt lat="41.641276" lon="2.684889">
        <ele>90.911</ele>
        <time>2026-05-11T16:51:27.883781863Z</time>
      </trkpt>
      <trkpt lat="41.641300" lon="2.684911">
        <ele>91.446</ele>
        <time>2026-05-11T16:52:07.883788916Z</time>
      </trkpt>
      <trkpt lat="41.641324" lon="2.684938">
        <ele>91.888</ele>
        <time>2026-05-11T16:52:47.883795939Z</time>
      </trkpt>
      <trkpt lat="41.641341" lon="2.684968">
        <ele>92.016</ele>
        <time>2026-05-11T16:53:27.883802872Z</time>
      </trkpt>
      <trkpt lat="41.641355" lon="2.685008">
        <ele>92.009</ele>
        <time>2026-05-11T16:54:07.883809825Z</time>
      </trkpt>
      <trkpt lat="41.641367" lon="2.685046">
        <ele>92.495</ele>
        <time>2026-05-11T16:54:47.883816788Z</time>
      </trkpt>
      <trkpt lat="41.641402" lon="2.685092">
        <ele>93.563</ele>
        <time>2026-05-11T16:55:27.883823781Z</time>
      </trkpt>
      <trkpt lat="41.641378" lon="2.685119">
        <ele>92.881</ele>
        <time>2026-05-11T16:56:07.883830855Z</time>
      </trkpt>
      <trkpt lat="41.641360" lon="2.685147">
        <ele>92.540</ele>
        <time>2026-05-11T16:56:47.883837798Z</time>
      </trkpt>
      <trkpt lat="41.641333" lon="2.685154">
        <ele>92.128</ele>
        <time>2026-05-11T16:57:27.883844781Z</time>
      </trkpt>
      <trkpt lat="41.641295" lon="2.685184">
        <ele>91.664</ele>
        <time>2026-05-11T16:58:07.883851714Z</time>
      </trkpt>
      <trkpt lat="41.641266" lon="2.685231">
        <ele>91.765</ele>
        <time>2026-05-11T16:58:47.883858707Z</time>
      </trkpt>
      <trkpt lat="41.641218" lon="2.685230">
        <ele>91.119</ele>
        <time>2026-05-11T16:59:27.883865670Z</time>
      </trkpt>
      <trkpt lat="41.641162" lon="2.685238">
        <ele>90.782</ele>
        <time>2026-05-11T17:00:07.883872993Z</time>
      </trkpt>
      <trkpt lat="41.641132" lon="2.685247">
        <ele>90.552</ele>
        <time>2026-05-11T17:00:47.883880027Z</time>
      </trkpt>
      <trkpt lat="41.641076" lon="2.685245">
        <ele>89.753</ele>
        <time>2026-05-11T17:01:27.883887060Z</time>
      </trkpt>
      <trkpt lat="41.641025" lon="2.685238">
        <ele>88.608</ele>
        <time>2026-05-11T17:02:07.883894093Z</time>
      </trkpt>
      <trkpt lat="41.640970" lon="2.685220">
        <ele>87.309</ele>
        <time>2026-05-11T17:02:47.883901076Z</time>
      </trkpt>
      <trkpt lat="41.640923" lon="2.685209">
        <ele>86.396</ele>
        <time>2026-05-11T17:03:27.883908079Z</time>
      </trkpt>
      <trkpt lat="41.640894" lon="2.685213">
        <ele>85.944</ele>
        <time>2026-05-11T17:04:07.883915022Z</time>
      </trkpt>
      <trkpt lat="41.640846" lon="2.685228">
        <ele>85.322</ele>
        <time>2026-05-11T17:04:47.883922015Z</time>
      </trkpt>
      <trkpt lat="41.640815" lon="2.685224">
        <ele>84.951</ele>
        <time>2026-05-11T17:05:27.883928998Z</time>
      </trkpt>
      <trkpt lat="41.640787" lon="2.685208">
        <ele>84.389</ele>
        <time>2026-05-11T17:06:07.883935921Z</time>
      </trkpt>
      <trkpt lat="41.640760" lon="2.685197">
        <ele>83.985</ele>
        <time>2026-05-11T17:06:47.883948314Z</time>
      </trkpt>
      <trkpt lat="41.640732" lon="2.685184">
        <ele>83.396</ele>
        <time>2026-05-11T17:07:27.883955257Z</time>
      </trkpt>
      <trkpt lat="41.640693" lon="2.685158">
        <ele>82.480</ele>
        <time>2026-05-11T17:08:07.883962260Z</time>
      </trkpt>
      <trkpt lat="41.640656" lon="2.685110">
        <ele>80.953</ele>
        <time>2026-05-11T17:08:47.883969254Z</time>
      </trkpt>
      <trkpt lat="41.640644" lon="2.685077">
        <ele>80.095</ele>
        <time>2026-05-11T17:09:27.883976257Z</time>
      </trkpt>
      <trkpt lat="41.640608" lon="2.685022">
        <ele>78.349</ele>
        <time>2026-05-11T17:10:07.883983320Z</time>
      </trkpt>
      <trkpt lat="41.640565" lon="2.684976">
        <ele>76.923</ele>
        <time>2026-05-11T17:10:47.883990503Z</time>
      </trkpt>
      <trkpt lat="41.640541" lon="2.684950">
        <ele>76.309</ele>
        <time>2026-05-11T17:11:27.883997516Z</time>
      </trkpt>
      <trkpt lat="41.640497" lon="2.684911">
        <ele>75.360</ele>
        <time>2026-05-11T17:12:07.884008988Z</time>
      </trkpt>
      <trkpt lat="41.640442" lon="2.684886">
        <ele>74.228</ele>
        <time>2026-05-11T17:12:47.884021612Z</time>
      </trkpt>
      <trkpt lat="41.640412" lon="2.684879">
        <ele>73.746</ele>
        <time>2026-05-11T17:13:27.884030739Z</time>
      </trkpt>
      <trkpt lat="41.640382" lon="2.684871">
        <ele>73.275</ele>
        <time>2026-05-11T17:14:07.884037722Z</time>
      </trkpt>
      <trkpt lat="41.640348" lon="2.684868">
        <ele>72.693</ele>
        <time>2026-05-11T17:14:47.884044675Z</time>
      </trkpt>
      <trkpt lat="41.640322" lon="2.684854">
        <ele>72.089</ele>
        <time>2026-05-11T17:15:27.884051648Z</time>
      </trkpt>
      <trkpt lat="41.640291" lon="2.684832">
        <ele>71.230</ele>
        <time>2026-05-11T17:16:07.884058611Z</time>
      </trkpt>
      <trkpt lat="41.640266" lon="2.684778">
        <ele>70.094</ele>
        <time>2026-05-11T17:16:47.884065674Z</time>
      </trkpt>
      <trkpt lat="41.640245" lon="2.684742">
        <ele>69.467</ele>
        <time>2026-05-11T17:17:27.884072727Z</time>
      </trkpt>
      <trkpt lat="41.640225" lon="2.684715">
        <ele>68.917</ele>
        <time>2026-05-11T17:18:07.884079800Z</time>
      </trkpt>
      <trkpt lat="41.640191" lon="2.684676">
        <ele>68.587</ele>
        <time>2026-05-11T17:18:47.884086884Z</time>
      </trkpt>
      <trkpt lat="41.640160" lon="2.684646">
        <ele>68.115</ele>
        <time>2026-05-11T17:19:27.884093997Z</time>
      </trkpt>
      <trkpt lat="41.640135" lon="2.684624">
        <ele>67.709</ele>
        <time>2026-05-11T17:20:07.884100970Z</time>
      </trkpt>
      <trkpt lat="41.640107" lon="2.684593">
        <ele>67.262</ele>
        <time>2026-05-11T17:20:47.884107983Z</time>
      </trkpt>
      <trkpt lat="41.640086" lon="2.684569">
        <ele>66.820</ele>
        <time>2026-05-11T17:21:27.884114946Z</time>
      </trkpt>
      <trkpt lat="41.640049" lon="2.684512">
        <ele>65.658</ele>
        <time>2026-05-11T17:22:07.884121979Z</time>
      </trkpt>
      <trkpt lat="41.640032" lon="2.684478">
        <ele>64.997</ele>
        <time>2026-05-11T17:22:47.884129053Z</time>
      </trkpt>
      <trkpt lat="41.640009" lon="2.684454">
        <ele>64.375</ele>
        <time>2026-05-11T17:23:27.884136026Z</time>
      </trkpt>
      <trkpt lat="41.639977" lon="2.684408">
        <ele>63.851</ele>
        <time>2026-05-11T17:24:07.884142999Z</time>
      </trkpt>
      <trkpt lat="41.639977" lon="2.684345">
        <ele>63.112</ele>
        <time>2026-05-11T17:24:47.884149962Z</time>
      </trkpt>
      <trkpt lat="41.639976" lon="2.684308">
        <ele>62.736</ele>
        <time>2026-05-11T17:25:27.884156895Z</time>
      </trkpt>
      <trkpt lat="41.639971" lon="2.684272">
        <ele>62.329</ele>
        <time>2026-05-11T17:26:07.884163838Z</time>
      </trkpt>
      <trkpt lat="41.639962" lon="2.684202">
        <ele>61.647</ele>
        <time>2026-05-11T17:26:47.884170841Z</time>
      </trkpt>
      <trkpt lat="41.639948" lon="2.684171">
        <ele>61.229</ele>
        <time>2026-05-11T17:27:27.884177834Z</time>
      </trkpt>
      <trkpt lat="41.639931" lon="2.684142">
        <ele>61.021</ele>
        <time>2026-05-11T17:28:07.884184817Z</time>
      </trkpt>
      <trkpt lat="41.639910" lon="2.684108">
        <ele>60.709</ele>
        <time>2026-05-11T17:28:47.884191820Z</time>
      </trkpt>
      <trkpt lat="41.639889" lon="2.684079">
        <ele>60.595</ele>
        <time>2026-05-11T17:29:27.884198763Z</time>
      </trkpt>
      <trkpt lat="41.639869" lon="2.684022">
        <ele>59.943</ele>
        <time>2026-05-11T17:30:07.884205746Z</time>
      </trkpt>
      <trkpt lat="41.639861" lon="2.683981">
        <ele>59.581</ele>
        <time>2026-05-11T17:30:47.884212739Z</time>
      </trkpt>
      <trkpt lat="41.639817" lon="2.683943">
        <ele>59.220</ele>
        <time>2026-05-11T17:31:27.884219662Z</time>
      </trkpt>
      <trkpt lat="41.639787" lon="2.683891">
        <ele>58.848</ele>
        <time>2026-05-11T17:32:07.884226625Z</time>
      </trkpt>
      <trkpt lat="41.639805" lon="2.683830">
        <ele>58.144</ele>
        <time>2026-05-11T17:32:47.884233588Z</time>
      </trkpt>
      <trkpt lat="41.639798" lon="2.683769">
        <ele>57.595</ele>
        <time>2026-05-11T17:33:27.884240601Z</time>
      </trkpt>
      <trkpt lat="41.639789" lon="2.683700">
        <ele>56.749</ele>
        <time>2026-05-11T17:34:07.884247564Z</time>
      </trkpt>
      <trkpt lat="41.639783" lon="2.683660">
        <ele>56.272</ele>
        <time>2026-05-11T17:34:47.884254578Z</time>
      </trkpt>
      <trkpt lat="41.639763" lon="2.683618">
        <ele>55.536</ele>
        <time>2026-05-11T17:35:27.884261611Z</time>
      </trkpt>
      <trkpt lat="41.639730" lon="2.683578">
        <ele>54.817</ele>
        <time>2026-05-11T17:36:07.884268604Z</time>
      </trkpt>
      <trkpt lat="41.639701" lon="2.683543">
        <ele>54.718</ele>
        <time>2026-05-11T17:36:47.884275567Z</time>
      </trkpt>
      <trkpt lat="41.639674" lon="2.683514">
        <ele>54.609</ele>
        <time>2026-05-11T17:37:27.884282500Z</time>
      </trkpt>
      <trkpt lat="41.639644" lon="2.683500">
        <ele>54.674</ele>
        <time>2026-05-11T17:38:07.884289493Z</time>
      </trkpt>
      <trkpt lat="41.639615" lon="2.683486">
        <ele>54.612</ele>
        <time>2026-05-11T17:38:47.884296446Z</time>
      </trkpt>
      <trkpt lat="41.639569" lon="2.683465">
        <ele>54.420</ele>
        <time>2026-05-11T17:39:27.884303399Z</time>
      </trkpt>
      <trkpt lat="41.639524" lon="2.683441">
        <ele>54.279</ele>
        <time>2026-05-11T17:40:07.884310372Z</time>
      </trkpt>
      <trkpt lat="41.639491" lon="2.683399">
        <ele>53.487</ele>
        <time>2026-05-11T17:40:47.884317375Z</time>
      </trkpt>
      <trkpt lat="41.639469" lon="2.683350">
        <ele>52.423</ele>
        <time>2026-05-11T17:41:27.884324328Z</time>
      </trkpt>
      <trkpt lat="41.639455" lon="2.683284">
        <ele>51.384</ele>
        <time>2026-05-11T17:42:07.884331341Z</time>
      </trkpt>
      <trkpt lat="41.639460" lon="2.683248">
        <ele>50.988</ele>
        <time>2026-05-11T17:42:47.884338344Z</time>
      </trkpt>
      <trkpt lat="41.639458" lon="2.683207">
        <ele>50.361</ele>
        <time>2026-05-11T17:43:27.884345838Z</time>
      </trkpt>
      <trkpt lat="41.639450" lon="2.683161">
        <ele>49.617</ele>
        <time>2026-05-11T17:44:07.884356458Z</time>
      </trkpt>
      <trkpt lat="41.639442" lon="2.683124">
        <ele>49.087</ele>
        <time>2026-05-11T17:44:47.884363501Z</time>
      </trkpt>
      <trkpt lat="41.639412" lon="2.683072">
        <ele>48.115</ele>
        <time>2026-05-11T17:45:27.884370484Z</time>
      </trkpt>
      <trkpt lat="41.639401" lon="2.683034">
        <ele>47.709</ele>
        <time>2026-05-11T17:46:07.884384811Z</time>
      </trkpt>
      <trkpt lat="41.639386" lon="2.683001">
        <ele>47.582</ele>
        <time>2026-05-11T17:46:47.884392195Z</time>
      </trkpt>
      <trkpt lat="41.639356" lon="2.682943">
        <ele>47.020</ele>
        <time>2026-05-11T17:47:27.884399138Z</time>
      </trkpt>
      <trkpt lat="41.639333" lon="2.682915">
        <ele>46.758</ele>
        <time>2026-05-11T17:48:07.884406041Z</time>
      </trkpt>
      <trkpt lat="41.639313" lon="2.682880">
        <ele>46.317</ele>
        <time>2026-05-11T17:48:47.884413004Z</time>
      </trkpt>
      <trkpt lat="41.639296" lon="2.682848">
        <ele>45.945</ele>
        <time>2026-05-11T17:49:27.884419897Z</time>
      </trkpt>
      <trkpt lat="41.639282" lon="2.682815">
        <ele>45.551</ele>
        <time>2026-05-11T17:50:07.884427481Z</time>
      </trkpt>
      <trkpt lat="41.639266" lon="2.682785">
        <ele>45.182</ele>
        <time>2026-05-11T17:50:47.884434464Z</time>
      </trkpt>
      <trkpt lat="41.639247" lon="2.682758">
        <ele>44.886</ele>
        <time>2026-05-11T17:51:27.884441377Z</time>
      </trkpt>
      <trkpt lat="41.639212" lon="2.682709">
        <ele>44.329</ele>
        <time>2026-05-11T17:52:07.884448330Z</time>
      </trkpt>
      <trkpt lat="41.639197" lon="2.682673">
        <ele>44.066</ele>
        <time>2026-05-11T17:52:47.884455363Z</time>
      </trkpt>
      <trkpt lat="41.639177" lon="2.682637">
        <ele>43.629</ele>
        <time>2026-05-11T17:53:27.884462316Z</time>
      </trkpt>
      <trkpt lat="41.639160" lon="2.682603">
        <ele>43.421</ele>
        <time>2026-05-11T17:54:07.884469229Z</time>
      </trkpt>
      <trkpt lat="41.639141" lon="2.682565">
        <ele>43.209</ele>
        <time>2026-05-11T17:54:47.884476202Z</time>
      </trkpt>
      <trkpt lat="41.639113" lon="2.682504">
        <ele>42.867</ele>
        <time>2026-05-11T17:55:27.884483125Z</time>
      </trkpt>
      <trkpt lat="41.639095" lon="2.682476">
        <ele>42.575</ele>
        <time>2026-05-11T17:56:07.884490108Z</time>
      </trkpt>
      <trkpt lat="41.639062" lon="2.682428">
        <ele>42.023</ele>
        <time>2026-05-11T17:56:47.884497041Z</time>
      </trkpt>
      <trkpt lat="41.639047" lon="2.682393">
        <ele>41.622</ele>
        <time>2026-05-11T17:57:27.884504004Z</time>
      </trkpt>
      <trkpt lat="41.639026" lon="2.682356">
        <ele>41.220</ele>
        <time>2026-05-11T17:58:07.884510967Z</time>
      </trkpt>
      <trkpt lat="41.639005" lon="2.682321">
        <ele>40.836</ele>
        <time>2026-05-11T17:58:47.884517980Z</time>
      </trkpt>
      <trkpt lat="41.638984" lon="2.682286">
        <ele>40.357</ele>
        <time>2026-05-11T17:59:27.884524923Z</time>
      </trkpt>
      <trkpt lat="41.638965" lon="2.682257">
        <ele>39.941</ele>
        <time>2026-05-11T18:00:07.884531856Z</time>
      </trkpt>
      <trkpt lat="41.638951" lon="2.682222">
        <ele>39.444</ele>
        <time>2026-05-11T18:00:47.884538809Z</time>
      </trkpt>
      <trkpt lat="41.638925" lon="2.682175">
        <ele>38.864</ele>
        <time>2026-05-11T18:01:27.884545823Z</time>
      </trkpt>
      <trkpt lat="41.638905" lon="2.682138">
        <ele>38.206</ele>
        <time>2026-05-11T18:02:07.884552846Z</time>
      </trkpt>
      <trkpt lat="41.638886" lon="2.682106">
        <ele>37.716</ele>
        <time>2026-05-11T18:02:47.884559819Z</time>
      </trkpt>
      <trkpt lat="41.638848" lon="2.682047">
        <ele>37.009</ele>
        <time>2026-05-11T18:03:27.884566702Z</time>
      </trkpt>
      <trkpt lat="41.638828" lon="2.682010">
        <ele>36.577</ele>
        <time>2026-05-11T18:04:07.884573695Z</time>
      </trkpt>
      <trkpt lat="41.638813" lon="2.681976">
        <ele>36.115</ele>
        <time>2026-05-11T18:04:47.884580648Z</time>
      </trkpt>
      <trkpt lat="41.638798" lon="2.681939">
        <ele>35.673</ele>
        <time>2026-05-11T18:05:27.884587621Z</time>
      </trkpt>
      <trkpt lat="41.638780" lon="2.681900">
        <ele>35.462</ele>
        <time>2026-05-11T18:06:07.884594584Z</time>
      </trkpt>
      <trkpt lat="41.638762" lon="2.681866">
        <ele>35.160</ele>
        <time>2026-05-11T18:06:47.884601557Z</time>
      </trkpt>
      <trkpt lat="41.638740" lon="2.681830">
        <ele>34.976</ele>
        <time>2026-05-11T18:07:27.884608600Z</time>
      </trkpt>
      <trkpt lat="41.638727" lon="2.681794">
        <ele>34.797</ele>
        <time>2026-05-11T18:08:07.884615733Z</time>
      </trkpt>
      <trkpt lat="41.638693" lon="2.681727">
        <ele>34.351</ele>
        <time>2026-05-11T18:08:47.884622737Z</time>
      </trkpt>
      <trkpt lat="41.638676" lon="2.681687">
        <ele>34.194</ele>
        <time>2026-05-11T18:09:27.884629680Z</time>
      </trkpt>
      <trkpt lat="41.638661" lon="2.681655">
        <ele>33.962</ele>
        <time>2026-05-11T18:10:07.884636683Z</time>
      </trkpt>
      <trkpt lat="41.638646" lon="2.681617">
        <ele>33.683</ele>
        <time>2026-05-11T18:10:47.884643626Z</time>
      </trkpt>
      <trkpt lat="41.638628" lon="2.681583">
        <ele>33.411</ele>
        <time>2026-05-11T18:11:27.884650609Z</time>
      </trkpt>
      <trkpt lat="41.638600" lon="2.681522">
        <ele>32.909</ele>
        <time>2026-05-11T18:12:07.884657552Z</time>
      </trkpt>
      <trkpt lat="41.638583" lon="2.681485">
        <ele>32.617</ele>
        <time>2026-05-11T18:12:47.884664455Z</time>
      </trkpt>
      <trkpt lat="41.638569" lon="2.681453">
        <ele>32.345</ele>
        <time>2026-05-11T18:13:27.884671398Z</time>
      </trkpt>
      <trkpt lat="41.638553" lon="2.681415">
        <ele>32.043</ele>
        <time>2026-05-11T18:14:07.884678351Z</time>
      </trkpt>
      <trkpt lat="41.638539" lon="2.681381">
        <ele>31.732</ele>
        <time>2026-05-11T18:14:47.884685304Z</time>
      </trkpt>
      <trkpt lat="41.638520" lon="2.681348">
        <ele>31.570</ele>
        <time>2026-05-11T18:15:27.884692217Z</time>
      </trkpt>
      <trkpt lat="41.638500" lon="2.681323">
        <ele>31.416</ele>
        <time>2026-05-11T18:16:07.884699200Z</time>
      </trkpt>
      <trkpt lat="41.638488" lon="2.681289">
        <ele>31.257</ele>
        <time>2026-05-11T18:16:47.884706153Z</time>
      </trkpt>
      <trkpt lat="41.638467" lon="2.681245">
        <ele>31.081</ele>
        <time>2026-05-11T18:17:27.884713126Z</time>
      </trkpt>
      <trkpt lat="41.638451" lon="2.681214">
        <ele>30.844</ele>
        <time>2026-05-11T18:18:07.884720049Z</time>
      </trkpt>
      <trkpt lat="41.638428" lon="2.681182">
        <ele>30.652</ele>
        <time>2026-05-11T18:18:47.884727092Z</time>
      </trkpt>
      <trkpt lat="41.638411" lon="2.681144">
        <ele>30.453</ele>
        <time>2026-05-11T18:19:27.884734035Z</time>
      </trkpt>
      <trkpt lat="41.638391" lon="2.681117">
        <ele>30.208</ele>
        <time>2026-05-11T18:20:07.884741008Z</time>
      </trkpt>
      <trkpt lat="41.638366" lon="2.681065">
        <ele>30.009</ele>
        <time>2026-05-11T18:20:47.884747961Z</time>
      </trkpt>
      <trkpt lat="41.638341" lon="2.681018">
        <ele>29.746</ele>
        <time>2026-05-11T18:21:27.884754804Z</time>
      </trkpt>
      <trkpt lat="41.638317" lon="2.680994">
        <ele>29.584</ele>
        <time>2026-05-11T18:22:07.884761807Z</time>
      </trkpt>
      <trkpt lat="41.638303" lon="2.680961">
        <ele>29.382</ele>
        <time>2026-05-11T18:22:47.884768780Z</time>
      </trkpt>
      <trkpt lat="41.638290" lon="2.680924">
        <ele>29.141</ele>
        <time>2026-05-11T18:23:27.884775843Z</time>
      </trkpt>
      <trkpt lat="41.638266" lon="2.680863">
        <ele>28.679</ele>
        <time>2026-05-11T18:24:07.884782816Z</time>
      </trkpt>
      <trkpt lat="41.638253" lon="2.680824">
        <ele>28.435</ele>
        <time>2026-05-11T18:24:47.884789809Z</time>
      </trkpt>
      <trkpt lat="41.638237" lon="2.680791">
        <ele>28.226</ele>
        <time>2026-05-11T18:25:27.884801742Z</time>
      </trkpt>
      <trkpt lat="41.638220" lon="2.680758">
        <ele>27.960</ele>
        <time>2026-05-11T18:26:07.884808825Z</time>
      </trkpt>
      <trkpt lat="41.638197" lon="2.680699">
        <ele>27.583</ele>
        <time>2026-05-11T18:26:47.884815878Z</time>
      </trkpt>
      <trkpt lat="41.638162" lon="2.680671">
        <ele>27.275</ele>
        <time>2026-05-11T18:27:27.884823091Z</time>
      </trkpt>
      <trkpt lat="41.638105" lon="2.680662">
        <ele>26.728</ele>
        <time>2026-05-11T18:28:07.884830255Z</time>
      </trkpt>
      <trkpt lat="41.638057" lon="2.680661">
        <ele>26.420</ele>
        <time>2026-05-11T18:28:47.884837348Z</time>
      </trkpt>
      <trkpt lat="41.638027" lon="2.680661">
        <ele>26.309</ele>
        <time>2026-05-11T18:29:27.884844381Z</time>
      </trkpt>
      <trkpt lat="41.637995" lon="2.680662">
        <ele>26.368</ele>
        <time>2026-05-11T18:30:07.884851354Z</time>
      </trkpt>
      <trkpt lat="41.637962" lon="2.680662">
        <ele>26.366</ele>
        <time>2026-05-11T18:30:47.884858327Z</time>
      </trkpt>
      <trkpt lat="41.637932" lon="2.680660">
        <ele>26.294</ele>
        <time>2026-05-11T18:31:27.884865220Z</time>
      </trkpt>
      <trkpt lat="41.637880" lon="2.680663">
        <ele>26.193</ele>
        <time>2026-05-11T18:32:07.884872163Z</time>
      </trkpt>
      <trkpt lat="41.637851" lon="2.680660">
        <ele>26.121</ele>
        <time>2026-05-11T18:32:47.884879096Z</time>
      </trkpt>
      <trkpt lat="41.637819" lon="2.680657">
        <ele>26.117</ele>
        <time>2026-05-11T18:33:27.884886059Z</time>
      </trkpt>
      <trkpt lat="41.637790" lon="2.680654">
        <ele>26.028</ele>
        <time>2026-05-11T18:34:07.884892992Z</time>
      </trkpt>
      <trkpt lat="41.637761" lon="2.680659">
        <ele>26.082</ele>
        <time>2026-05-11T18:34:47.884899935Z</time>
      </trkpt>
      <trkpt lat="41.637732" lon="2.680670">
        <ele>26.095</ele>
        <time>2026-05-11T18:35:27.884906908Z</time>
      </trkpt>
      <trkpt lat="41.637676" lon="2.680670">
        <ele>26.065</ele>
        <time>2026-05-11T18:36:07.884914172Z</time>
      </trkpt>
      <trkpt lat="41.637649" lon="2.680673">
        <ele>26.068</ele>
        <time>2026-05-11T18:36:47.884921155Z</time>
      </trkpt>
      <trkpt lat="41.637620" lon="2.680679">
        <ele>26.014</ele>
        <time>2026-05-11T18:37:27.884928088Z</time>
      </trkpt>
      <trkpt lat="41.637591" lon="2.680679">
        <ele>26.009</ele>
        <time>2026-05-11T18:38:07.884934991Z</time>
      </trkpt>
      <trkpt lat="41.637559" lon="2.680685">
        <ele>26.027</ele>
        <time>2026-05-11T18:38:47.884941884Z</time>
      </trkpt>
      <trkpt lat="41.637528" lon="2.680692">
        <ele>26.025</ele>
        <time>2026-05-11T18:39:27.884948817Z</time>
      </trkpt>
      <trkpt lat="41.637498" lon="2.680706">
        <ele>26.063</ele>
        <time>2026-05-11T18:40:07.884956221Z</time>
      </trkpt>
      <trkpt lat="41.637465" lon="2.680715">
        <ele>26.022</ele>
        <time>2026-05-11T18:40:47.884963154Z</time>
      </trkpt>
      <trkpt lat="41.637438" lon="2.680728">
        <ele>26.030</ele>
        <time>2026-05-11T18:41:27.884970127Z</time>
      </trkpt>
      <trkpt lat="41.637409" lon="2.680737">
        <ele>26.016</ele>
        <time>2026-05-11T18:42:07.884977060Z</time>
      </trkpt>
      <trkpt lat="41.637353" lon="2.680750">
        <ele>26.017</ele>
        <time>2026-05-11T18:42:47.884984263Z</time>
      </trkpt>
      <trkpt lat="41.637322" lon="2.680761">
        <ele>26.061</ele>
        <time>2026-05-11T18:43:27.884991196Z</time>
      </trkpt>
      <trkpt lat="41.637290" lon="2.680772">
        <ele>26.064</ele>
        <time>2026-05-11T18:44:07.884998129Z</time>
      </trkpt>
      <trkpt lat="41.637259" lon="2.680781">
        <ele>26.079</ele>
        <time>2026-05-11T18:44:47.885005122Z</time>
      </trkpt>
      <trkpt lat="41.637231" lon="2.680793">
        <ele>26.005</ele>
        <time>2026-05-11T18:45:27.885012085Z</time>
      </trkpt>
      <trkpt lat="41.637178" lon="2.680810">
        <ele>26.125</ele>
        <time>2026-05-11T18:46:07.885019028Z</time>
      </trkpt>
      <trkpt lat="41.637119" lon="2.680832">
        <ele>26.409</ele>
        <time>2026-05-11T18:46:47.885025981Z</time>
      </trkpt>
      <trkpt lat="41.637069" lon="2.680846">
        <ele>26.628</ele>
        <time>2026-05-11T18:47:27.885032924Z</time>
      </trkpt>
      <trkpt lat="41.637041" lon="2.680856">
        <ele>26.756</ele>
        <time>2026-05-11T18:48:07.885039907Z</time>
      </trkpt>
      <trkpt lat="41.637013" lon="2.680863">
        <ele>26.814</ele>
        <time>2026-05-11T18:48:47.885046820Z</time>
      </trkpt>
      <trkpt lat="41.636980" lon="2.680873">
        <ele>26.923</ele>
        <time>2026-05-11T18:49:27.885053763Z</time>
      </trkpt>
      <trkpt lat="41.636949" lon="2.680884">
        <ele>27.081</ele>
        <time>2026-05-11T18:50:07.885060656Z</time>
      </trkpt>
      <trkpt lat="41.636919" lon="2.680894">
        <ele>26.967</ele>
        <time>2026-05-11T18:50:47.885067569Z</time>
      </trkpt>
      <trkpt lat="41.636886" lon="2.680906">
        <ele>26.828</ele>
        <time>2026-05-11T18:51:27.885074532Z</time>
      </trkpt>
      <trkpt lat="41.636853" lon="2.680912">
        <ele>26.782</ele>
        <time>2026-05-11T18:52:07.885081515Z</time>
      </trkpt>
      <trkpt lat="41.636822" lon="2.680922">
        <ele>26.645</ele>
        <time>2026-05-11T18:52:47.885088468Z</time>
      </trkpt>
      <trkpt lat="41.636769" lon="2.680937">
        <ele>26.441</ele>
        <time>2026-05-11T18:53:27.885095441Z</time>
      </trkpt>
      <trkpt lat="41.636739" lon="2.680948">
        <ele>26.381</ele>
        <time>2026-05-11T18:54:07.885102424Z</time>
      </trkpt>
      <trkpt lat="41.636708" lon="2.680961">
        <ele>26.109</ele>
        <time>2026-05-11T18:54:47.885109367Z</time>
      </trkpt>
      <trkpt lat="41.636679" lon="2.680970">
        <ele>26.009</ele>
        <time>2026-05-11T18:55:27.885116290Z</time>
      </trkpt>
      <trkpt lat="41.636645" lon="2.680980">
        <ele>25.995</ele>
        <time>2026-05-11T18:56:07.885123233Z</time>
      </trkpt>
      <trkpt lat="41.636597" lon="2.680997">
        <ele>25.743</ele>
        <time>2026-05-11T18:56:47.885130146Z</time>
      </trkpt>
      <trkpt lat="41.636543" lon="2.681016">
        <ele>25.621</ele>
        <time>2026-05-11T18:57:27.885137049Z</time>
      </trkpt>
      <trkpt lat="41.636514" lon="2.681024">
        <ele>25.510</ele>
        <time>2026-05-11T18:58:07.885143962Z</time>
      </trkpt>
      <trkpt lat="41.636484" lon="2.681031">
        <ele>25.318</ele>
        <time>2026-05-11T18:58:47.885151025Z</time>
      </trkpt>
      <trkpt lat="41.636455" lon="2.681040">
        <ele>25.224</ele>
        <time>2026-05-11T18:59:27.885157998Z</time>
      </trkpt>
      <trkpt lat="41.636424" lon="2.681045">
        <ele>25.175</ele>
        <time>2026-05-11T19:00:07.885164951Z</time>
      </trkpt>
      <trkpt lat="41.636394" lon="2.681051">
        <ele>25.089</ele>
        <time>2026-05-11T19:00:47.885171904Z</time>
      </trkpt>
      <trkpt lat="41.636365" lon="2.681057">
        <ele>25.172</ele>
        <time>2026-05-11T19:01:27.885178817Z</time>
      </trkpt>
      <trkpt lat="41.636334" lon="2.681067">
        <ele>25.215</ele>
        <time>2026-05-11T19:02:07.885185910Z</time>
      </trkpt>
      <trkpt lat="41.636305" lon="2.681075">
        <ele>25.365</ele>
        <time>2026-05-11T19:02:47.885192934Z</time>
      </trkpt>
      <trkpt lat="41.636274" lon="2.681083">
        <ele>25.411</ele>
        <time>2026-05-11T19:03:27.885199937Z</time>
      </trkpt>
      <trkpt lat="41.636243" lon="2.681095">
        <ele>25.509</ele>
        <time>2026-05-11T19:04:07.885206880Z</time>
      </trkpt>
      <trkpt lat="41.636193" lon="2.681106">
        <ele>25.752</ele>
        <time>2026-05-11T19:04:47.885213833Z</time>
      </trkpt>
      <trkpt lat="41.636136" lon="2.681116">
        <ele>25.970</ele>
        <time>2026-05-11T19:05:27.885226847Z</time>
      </trkpt>
      <trkpt lat="41.636108" lon="2.681118">
        <ele>26.028</ele>
        <time>2026-05-11T19:06:07.885233840Z</time>
      </trkpt>
      <trkpt lat="41.636076" lon="2.681123">
        <ele>25.967</ele>
        <time>2026-05-11T19:06:47.885240823Z</time>
      </trkpt>
      <trkpt lat="41.636044" lon="2.681125">
        <ele>25.875</ele>
        <time>2026-05-11T19:07:27.885247816Z</time>
      </trkpt>
      <trkpt lat="41.636016" lon="2.681124">
        <ele>25.781</ele>
        <time>2026-05-11T19:08:07.885254749Z</time>
      </trkpt>
      <trkpt lat="41.635985" lon="2.681125">
        <ele>25.642</ele>
        <time>2026-05-11T19:08:47.885261792Z</time>
      </trkpt>
      <trkpt lat="41.635957" lon="2.681130">
        <ele>25.576</ele>
        <time>2026-05-11T19:09:27.885268766Z</time>
      </trkpt>
      <trkpt lat="41.635931" lon="2.681145">
        <ele>25.529</ele>
        <time>2026-05-11T19:10:07.885275759Z</time>
      </trkpt>
      <trkpt lat="41.635894" lon="2.681162">
        <ele>25.517</ele>
        <time>2026-05-11T19:10:47.885282772Z</time>
      </trkpt>
      <trkpt lat="41.635861" lon="2.681174">
        <ele>25.587</ele>
        <time>2026-05-11T19:11:27.885289825Z</time>
      </trkpt>
      <trkpt lat="41.635829" lon="2.681183">
        <ele>25.515</ele>
        <time>2026-05-11T19:12:07.885296868Z</time>
      </trkpt>
      <trkpt lat="41.635796" lon="2.681194">
        <ele>25.309</ele>
        <time>2026-05-11T19:12:47.885304472Z</time>
      </trkpt>
      <trkpt lat="41.635767" lon="2.681202">
        <ele>25.282</ele>
        <time>2026-05-11T19:13:27.885311536Z</time>
      </trkpt>
      <trkpt lat="41.635736" lon="2.681210">
        <ele>25.070</ele>
        <time>2026-05-11T19:14:07.885318519Z</time>
      </trkpt>
      <trkpt lat="41.635704" lon="2.681217">
        <ele>24.848</ele>
        <time>2026-05-11T19:14:47.885325452Z</time>
      </trkpt>
      <trkpt lat="41.635653" lon="2.681233">
        <ele>24.677</ele>
        <time>2026-05-11T19:15:27.885332335Z</time>
      </trkpt>
      <trkpt lat="41.635622" lon="2.681239">
        <ele>24.415</ele>
        <time>2026-05-11T19:16:07.885339278Z</time>
      </trkpt>
      <trkpt lat="41.635595" lon="2.681248">
        <ele>24.331</ele>
        <time>2026-05-11T19:16:47.885346251Z</time>
      </trkpt>
      <trkpt lat="41.635548" lon="2.681264">
        <ele>24.152</ele>
        <time>2026-05-11T19:17:27.885353204Z</time>
      </trkpt>
      <trkpt lat="41.635511" lon="2.681309">
        <ele>24.296</ele>
        <time>2026-05-11T19:18:07.885360096Z</time>
      </trkpt>
      <trkpt lat="41.635457" lon="2.681339">
        <ele>24.159</ele>
        <time>2026-05-11T19:18:47.885367049Z</time>
      </trkpt>
      <trkpt lat="41.635430" lon="2.681349">
        <ele>23.957</ele>
        <time>2026-05-11T19:19:27.885374083Z</time>
      </trkpt>
      <trkpt lat="41.635401" lon="2.681362">
        <ele>23.800</ele>
        <time>2026-05-11T19:20:07.885381046Z</time>
      </trkpt>
      <trkpt lat="41.635376" lon="2.681377">
        <ele>23.720</ele>
        <time>2026-05-11T19:20:47.885387989Z</time>
      </trkpt>
      <trkpt lat="41.635326" lon="2.681408">
        <ele>23.409</ele>
        <time>2026-05-11T19:21:27.885394932Z</time>
      </trkpt>
      <trkpt lat="41.635299" lon="2.681422">
        <ele>23.326</ele>
        <time>2026-05-11T19:22:07.885401885Z</time>
      </trkpt>
      <trkpt lat="41.635271" lon="2.681430">
        <ele>23.174</ele>
        <time>2026-05-11T19:22:47.885408838Z</time>
      </trkpt>
      <trkpt lat="41.635235" lon="2.681443">
        <ele>23.092</ele>
        <time>2026-05-11T19:23:27.885415771Z</time>
      </trkpt>
      <trkpt lat="41.635205" lon="2.681458">
        <ele>22.961</ele>
        <time>2026-05-11T19:24:07.885422714Z</time>
      </trkpt>
      <trkpt lat="41.635180" lon="2.681490">
        <ele>22.929</ele>
        <time>2026-05-11T19:24:47.885429647Z</time>
      </trkpt>
      <trkpt lat="41.635169" lon="2.681549">
        <ele>23.045</ele>
        <time>2026-05-11T19:25:27.885436620Z</time>
      </trkpt>
      <trkpt lat="41.635181" lon="2.681585">
        <ele>23.126</ele>
        <time>2026-05-11T19:26:07.885443503Z</time>
      </trkpt>
      <trkpt lat="41.635189" lon="2.681651">
        <ele>23.340</ele>
        <time>2026-05-11T19:26:47.885450466Z</time>
      </trkpt>
      <trkpt lat="41.635205" lon="2.681716">
        <ele>23.823</ele>
        <time>2026-05-11T19:27:27.885457439Z</time>
      </trkpt>
      <trkpt lat="41.635218" lon="2.681794">
        <ele>24.468</ele>
        <time>2026-05-11T19:28:07.885464412Z</time>
      </trkpt>
      <trkpt lat="41.635225" lon="2.681835">
        <ele>24.742</ele>
        <time>2026-05-11T19:28:47.885471365Z</time>
      </trkpt>
      <trkpt lat="41.635235" lon="2.681875">
        <ele>25.126</ele>
        <time>2026-05-11T19:29:27.885478358Z</time>
      </trkpt>
      <trkpt lat="41.635247" lon="2.681918">
        <ele>25.509</ele>
        <time>2026-05-11T19:30:07.885485732Z</time>
      </trkpt>
      <trkpt lat="41.635259" lon="2.681955">
        <ele>25.837</ele>
        <time>2026-05-11T19:30:47.885492725Z</time>
      </trkpt>
      <trkpt lat="41.635281" lon="2.682021">
        <ele>26.325</ele>
        <time>2026-05-11T19:31:27.885499688Z</time>
      </trkpt>
      <trkpt lat="41.635294" lon="2.682096">
        <ele>26.763</ele>
        <time>2026-05-11T19:32:07.885506601Z</time>
      </trkpt>
      <trkpt lat="41.635304" lon="2.682136">
        <ele>26.972</ele>
        <time>2026-05-11T19:32:47.885513544Z</time>
      </trkpt>
      <trkpt lat="41.635311" lon="2.682171">
        <ele>27.140</ele>
        <time>2026-05-11T19:33:27.885520487Z</time>
      </trkpt>
      <trkpt lat="41.635320" lon="2.682209">
        <ele>27.376</ele>
        <time>2026-05-11T19:34:07.885527370Z</time>
      </trkpt>
      <trkpt lat="41.635336" lon="2.682275">
        <ele>27.577</ele>
        <time>2026-05-11T19:34:47.885534313Z</time>
      </trkpt>
      <trkpt lat="41.635351" lon="2.682315">
        <ele>27.671</ele>
        <time>2026-05-11T19:35:27.885541266Z</time>
      </trkpt>
      <trkpt lat="41.635359" lon="2.682351">
        <ele>27.774</ele>
        <time>2026-05-11T19:36:07.885548249Z</time>
      </trkpt>
      <trkpt lat="41.635365" lon="2.682387">
        <ele>27.869</ele>
        <time>2026-05-11T19:36:47.885555282Z</time>
      </trkpt>
      <trkpt lat="41.635381" lon="2.682422">
        <ele>28.004</ele>
        <time>2026-05-11T19:37:27.885562265Z</time>
      </trkpt>
      <trkpt lat="41.635396" lon="2.682456">
        <ele>28.224</ele>
        <time>2026-05-11T19:38:07.885569318Z</time>
      </trkpt>
      <trkpt lat="41.635416" lon="2.682495">
        <ele>28.509</ele>
        <time>2026-05-11T19:38:47.885576321Z</time>
      </trkpt>
      <trkpt lat="41.635443" lon="2.682544">
        <ele>29.197</ele>
        <time>2026-05-11T19:39:27.885583284Z</time>
      </trkpt>
      <trkpt lat="41.635482" lon="2.682595">
        <ele>29.945</ele>
        <time>2026-05-11T19:40:07.885590197Z</time>
      </trkpt>
      <trkpt lat="41.635505" lon="2.682659">
        <ele>30.613</ele>
        <time>2026-05-11T19:40:47.885597140Z</time>
      </trkpt>
      <trkpt lat="41.635525" lon="2.682716">
        <ele>31.252</ele>
        <time>2026-05-11T19:41:27.885604283Z</time>
      </trkpt>
      <trkpt lat="41.635529" lon="2.682753">
        <ele>31.510</ele>
        <time>2026-05-11T19:42:07.885611196Z</time>
      </trkpt>
      <trkpt lat="41.635533" lon="2.682795">
        <ele>31.986</ele>
        <time>2026-05-11T19:42:47.885618089Z</time>
      </trkpt>
      <trkpt lat="41.635534" lon="2.682842">
        <ele>32.597</ele>
        <time>2026-05-11T19:43:27.885625072Z</time>
      </trkpt>
      <trkpt lat="41.635524" lon="2.682907">
        <ele>33.161</ele>
        <time>2026-05-11T19:44:07.885632035Z</time>
      </trkpt>
      <trkpt lat="41.635514" lon="2.682942">
        <ele>33.414</ele>
        <time>2026-05-11T19:44:47.885644008Z</time>
      </trkpt>
      <trkpt lat="41.635503" lon="2.683002">
        <ele>34.016</ele>
        <time>2026-05-11T19:45:27.885651011Z</time>
      </trkpt>
      <trkpt lat="41.635491" lon="2.683036">
        <ele>34.376</ele>
        <time>2026-05-11T19:46:07.885658034Z</time>
      </trkpt>
      <trkpt lat="41.635478" lon="2.683076">
        <ele>34.713</ele>
        <time>2026-05-11T19:46:47.885664987Z</time>
      </trkpt>
      <trkpt lat="41.635460" lon="2.683111">
        <ele>35.009</ele>
        <time>2026-05-11T19:47:27.885671920Z</time>
      </trkpt>
      <trkpt lat="41.635442" lon="2.683176">
        <ele>35.772</ele>
        <time>2026-05-11T19:48:07.885678883Z</time>
      </trkpt>
      <trkpt lat="41.635431" lon="2.683212">
        <ele>36.090</ele>
        <time>2026-05-11T19:48:47.885685826Z</time>
      </trkpt>
      <trkpt lat="41.635409" lon="2.683242">
        <ele>36.398</ele>
        <time>2026-05-11T19:49:27.885692769Z</time>
      </trkpt>
      <trkpt lat="41.635391" lon="2.683273">
        <ele>36.657</ele>
        <time>2026-05-11T19:50:07.885699682Z</time>
      </trkpt>
      <trkpt lat="41.635370" lon="2.683304">
        <ele>36.975</ele>
        <time>2026-05-11T19:50:47.885706605Z</time>
      </trkpt>
      <trkpt lat="41.635347" lon="2.683357">
        <ele>37.561</ele>
        <time>2026-05-11T19:51:27.885713498Z</time>
      </trkpt>
      <trkpt lat="41.635336" lon="2.683401">
        <ele>37.862</ele>
        <time>2026-05-11T19:52:07.885720401Z</time>
      </trkpt>
      <trkpt lat="41.635313" lon="2.683433">
        <ele>37.936</ele>
        <time>2026-05-11T19:52:47.885727294Z</time>
      </trkpt>
      <trkpt lat="41.635288" lon="2.683452">
        <ele>37.929</ele>
        <time>2026-05-11T19:53:27.885734217Z</time>
      </trkpt>
      <trkpt lat="41.635254" lon="2.683486">
        <ele>38.028</ele>
        <time>2026-05-11T19:54:07.885741190Z</time>
      </trkpt>
      <trkpt lat="41.635213" lon="2.683521">
        <ele>38.189</ele>
        <time>2026-05-11T19:54:47.885748163Z</time>
      </trkpt>
      <trkpt lat="41.635186" lon="2.683539">
        <ele>38.217</ele>
        <time>2026-05-11T19:55:27.885755116Z</time>
      </trkpt>
      <trkpt lat="41.635162" lon="2.683560">
        <ele>38.209</ele>
        <time>2026-05-11T19:56:07.885762119Z</time>
      </trkpt>
      <trkpt lat="41.635116" lon="2.683605">
        <ele>38.413</ele>
        <time>2026-05-11T19:56:47.885769202Z</time>
      </trkpt>
      <trkpt lat="41.635090" lon="2.683625">
        <ele>38.451</ele>
        <time>2026-05-11T19:57:27.885776235Z</time>
      </trkpt>
      <trkpt lat="41.635040" lon="2.683649">
        <ele>38.389</ele>
        <time>2026-05-11T19:58:07.885783218Z</time>
      </trkpt>
      <trkpt lat="41.635010" lon="2.683652">
        <ele>38.238</ele>
        <time>2026-05-11T19:58:47.885790292Z</time>
      </trkpt>
      <trkpt lat="41.634981" lon="2.683662">
        <ele>38.276</ele>
        <time>2026-05-11T19:59:27.885797255Z</time>
      </trkpt>
      <trkpt lat="41.634949" lon="2.683670">
        <ele>38.282</ele>
        <time>2026-05-11T20:00:07.885804168Z</time>
      </trkpt>
      <trkpt lat="41.634906" lon="2.683678">
        <ele>38.263</ele>
        <time>2026-05-11T20:00:47.885811161Z</time>
      </trkpt>
      <trkpt lat="41.634877" lon="2.683683">
        <ele>38.317</ele>
        <time>2026-05-11T20:01:27.885818064Z</time>
      </trkpt>
      <trkpt lat="41.634824" lon="2.683679">
        <ele>38.230</ele>
        <time>2026-05-11T20:02:07.885825027Z</time>
      </trkpt>
      <trkpt lat="41.634795" lon="2.683691">
        <ele>38.355</ele>
        <time>2026-05-11T20:02:47.885832010Z</time>
      </trkpt>
      <trkpt lat="41.634767" lon="2.683702">
        <ele>38.307</ele>
        <time>2026-05-11T20:03:27.885839033Z</time>
      </trkpt>
      <trkpt lat="41.634739" lon="2.683715">
        <ele>38.417</ele>
        <time>2026-05-11T20:04:07.885845946Z</time>
      </trkpt>
      <trkpt lat="41.634710" lon="2.683729">
        <ele>38.309</ele>
        <time>2026-05-11T20:04:47.885852919Z</time>
      </trkpt>
      <trkpt lat="41.634680" lon="2.683740">
        <ele>38.256</ele>
        <time>2026-05-11T20:05:27.885859902Z</time>
      </trkpt>
      <trkpt lat="41.634655" lon="2.683759">
        <ele>38.034</ele>
        <time>2026-05-11T20:06:07.885866825Z</time>
      </trkpt>
      <trkpt lat="41.634630" lon="2.683782">
        <ele>38.082</ele>
        <time>2026-05-11T20:06:47.885873718Z</time>
      </trkpt>
      <trkpt lat="41.634593" lon="2.683834">
        <ele>37.981</ele>
        <time>2026-05-11T20:07:27.885880641Z</time>
      </trkpt>
      <trkpt lat="41.634554" lon="2.683887">
        <ele>37.819</ele>
        <time>2026-05-11T20:08:07.885887564Z</time>
      </trkpt>
      <trkpt lat="41.634535" lon="2.683914">
        <ele>37.795</ele>
        <time>2026-05-11T20:08:47.885894527Z</time>
      </trkpt>
      <trkpt lat="41.634514" lon="2.683936">
        <ele>37.696</ele>
        <time>2026-05-11T20:09:27.885901460Z</time>
      </trkpt>
      <trkpt lat="41.634493" lon="2.683960">
        <ele>37.510</ele>
        <time>2026-05-11T20:10:07.885908383Z</time>
      </trkpt>
      <trkpt lat="41.634472" lon="2.683987">
        <ele>37.563</ele>
        <time>2026-05-11T20:10:47.885915326Z</time>
      </trkpt>
      <trkpt lat="41.634451" lon="2.684020">
        <ele>37.513</ele>
        <time>2026-05-11T20:11:27.885922339Z</time>
      </trkpt>
      <trkpt lat="41.634408" lon="2.684057">
        <ele>37.543</ele>
        <time>2026-05-11T20:12:07.885929252Z</time>
      </trkpt>
      <trkpt lat="41.634370" lon="2.684089">
        <ele>37.507</ele>
        <time>2026-05-11T20:12:47.885936185Z</time>
      </trkpt>
      <trkpt lat="41.634348" lon="2.684112">
        <ele>37.509</ele>
        <time>2026-05-11T20:13:27.885943098Z</time>
      </trkpt>
      <trkpt lat="41.634325" lon="2.684140">
        <ele>37.572</ele>
        <time>2026-05-11T20:14:07.885950101Z</time>
      </trkpt>
      <trkpt lat="41.634301" lon="2.684164">
        <ele>37.570</ele>
        <time>2026-05-11T20:14:47.885957034Z</time>
      </trkpt>
      <trkpt lat="41.634275" lon="2.684179">
        <ele>37.498</ele>
        <time>2026-05-11T20:15:27.885963906Z</time>
      </trkpt>
      <trkpt lat="41.634225" lon="2.684213">
        <ele>37.247</ele>
        <time>2026-05-11T20:16:07.885970859Z</time>
      </trkpt>
      <trkpt lat="41.634183" lon="2.684242">
        <ele>37.015</ele>
        <time>2026-05-11T20:16:47.885977742Z</time>
      </trkpt>
      <trkpt lat="41.634156" lon="2.684258">
        <ele>37.041</ele>
        <time>2026-05-11T20:17:27.885984665Z</time>
      </trkpt>
      <trkpt lat="41.634131" lon="2.684282">
        <ele>36.962</ele>
        <time>2026-05-11T20:18:07.885991608Z</time>
      </trkpt>
      <trkpt lat="41.634109" lon="2.684305">
        <ele>36.986</ele>
        <time>2026-05-11T20:18:47.885998521Z</time>
      </trkpt>
      <trkpt lat="41.634085" lon="2.684327">
        <ele>36.999</ele>
        <time>2026-05-11T20:19:27.886005464Z</time>
      </trkpt>
      <trkpt lat="41.634060" lon="2.684351">
        <ele>36.939</ele>
        <time>2026-05-11T20:20:07.886012447Z</time>
      </trkpt>
      <trkpt lat="41.634032" lon="2.684368">
        <ele>36.901</ele>
        <time>2026-05-11T20:20:47.886019721Z</time>
      </trkpt>
      <trkpt lat="41.634004" lon="2.684393">
        <ele>36.921</ele>
        <time>2026-05-11T20:21:27.886026734Z</time>
      </trkpt>
      <trkpt lat="41.633979" lon="2.684415">
        <ele>36.909</ele>
        <time>2026-05-11T20:22:07.886033737Z</time>
      </trkpt>
      <trkpt lat="41.633955" lon="2.684435">
        <ele>37.044</ele>
        <time>2026-05-11T20:22:47.886040670Z</time>
      </trkpt>
      <trkpt lat="41.633930" lon="2.684451">
        <ele>37.062</ele>
        <time>2026-05-11T20:23:27.886047593Z</time>
      </trkpt>
      <trkpt lat="41.633902" lon="2.684467">
        <ele>37.210</ele>
        <time>2026-05-11T20:24:07.886061008Z</time>
      </trkpt>
      <trkpt lat="41.633876" lon="2.684480">
        <ele>37.349</ele>
        <time>2026-05-11T20:24:47.886068031Z</time>
      </trkpt>
      <trkpt lat="41.633842" lon="2.684483">
        <ele>37.347</ele>
        <time>2026-05-11T20:25:27.886074974Z</time>
      </trkpt>
      <trkpt lat="41.633812" lon="2.684486">
        <ele>37.383</ele>
        <time>2026-05-11T20:26:07.886081887Z</time>
      </trkpt>
      <trkpt lat="41.633779" lon="2.684486">
        <ele>37.324</ele>
        <time>2026-05-11T20:26:47.886088850Z</time>
      </trkpt>
      <trkpt lat="41.633722" lon="2.684501">
        <ele>37.448</ele>
        <time>2026-05-11T20:27:27.886095723Z</time>
      </trkpt>
      <trkpt lat="41.633664" lon="2.684502">
        <ele>37.421</ele>
        <time>2026-05-11T20:28:07.886102656Z</time>
      </trkpt>
      <trkpt lat="41.633633" lon="2.684502">
        <ele>37.478</ele>
        <time>2026-05-11T20:28:47.886109639Z</time>
      </trkpt>
      <trkpt lat="41.633604" lon="2.684504">
        <ele>37.433</ele>
        <time>2026-05-11T20:29:27.886116592Z</time>
      </trkpt>
      <trkpt lat="41.633573" lon="2.684507">
        <ele>37.326</ele>
        <time>2026-05-11T20:30:07.886123625Z</time>
      </trkpt>
      <trkpt lat="41.633543" lon="2.684511">
        <ele>37.309</ele>
        <time>2026-05-11T20:30:47.886130538Z</time>
      </trkpt>
      <trkpt lat="41.633513" lon="2.684518">
        <ele>37.398</ele>
        <time>2026-05-11T20:31:27.886137511Z</time>
      </trkpt>
      <trkpt lat="41.633483" lon="2.684524">
        <ele>37.276</ele>
        <time>2026-05-11T20:32:07.886144494Z</time>
      </trkpt>
      <trkpt lat="41.633455" lon="2.684529">
        <ele>37.214</ele>
        <time>2026-05-11T20:32:47.886151427Z</time>
      </trkpt>
      <trkpt lat="41.633426" lon="2.684537">
        <ele>37.213</ele>
        <time>2026-05-11T20:33:27.886158310Z</time>
      </trkpt>
      <trkpt lat="41.633399" lon="2.684546">
        <ele>37.241</ele>
        <time>2026-05-11T20:34:07.886165263Z</time>
      </trkpt>
      <trkpt lat="41.633365" lon="2.684558">
        <ele>37.377</ele>
        <time>2026-05-11T20:34:47.886172176Z</time>
      </trkpt>
      <trkpt lat="41.633335" lon="2.684562">
        <ele>37.368</ele>
        <time>2026-05-11T20:35:27.886179079Z</time>
      </trkpt>
      <trkpt lat="41.633284" lon="2.684589">
        <ele>37.732</ele>
        <time>2026-05-11T20:36:07.886186022Z</time>
      </trkpt>
      <trkpt lat="41.633250" lon="2.684594">
        <ele>37.825</ele>
        <time>2026-05-11T20:36:47.886192935Z</time>
      </trkpt>
      <trkpt lat="41.633225" lon="2.684615">
        <ele>38.157</ele>
        <time>2026-05-11T20:37:27.886199928Z</time>
      </trkpt>
      <trkpt lat="41.633209" lon="2.684649">
        <ele>38.500</ele>
        <time>2026-05-11T20:38:07.886206921Z</time>
      </trkpt>
      <trkpt lat="41.633171" lon="2.684676">
        <ele>39.020</ele>
        <time>2026-05-11T20:38:47.886213864Z</time>
      </trkpt>
      <trkpt lat="41.633147" lon="2.684697">
        <ele>39.309</ele>
        <time>2026-05-11T20:39:27.886220837Z</time>
      </trkpt>
      <trkpt lat="41.633125" lon="2.684727">
        <ele>39.816</ele>
        <time>2026-05-11T20:40:07.886227690Z</time>
      </trkpt>
      <trkpt lat="41.633108" lon="2.684763">
        <ele>40.224</ele>
        <time>2026-05-11T20:40:47.886234643Z</time>
      </trkpt>
      <trkpt lat="41.633092" lon="2.684802">
        <ele>40.752</ele>
        <time>2026-05-11T20:41:27.886241626Z</time>
      </trkpt>
      <trkpt lat="41.633072" lon="2.684831">
        <ele>41.111</ele>
        <time>2026-05-11T20:42:07.886248599Z</time>
      </trkpt>
      <trkpt lat="41.633039" lon="2.684889">
        <ele>41.769</ele>
        <time>2026-05-11T20:42:47.886255532Z</time>
      </trkpt>
      <trkpt lat="41.633019" lon="2.684918">
        <ele>41.955</ele>
        <time>2026-05-11T20:43:27.886262415Z</time>
      </trkpt>
      <trkpt lat="41.632999" lon="2.684949">
        <ele>42.296</ele>
        <time>2026-05-11T20:44:07.886269288Z</time>
      </trkpt>
      <trkpt lat="41.632976" lon="2.684979">
        <ele>42.540</ele>
        <time>2026-05-11T20:44:47.886276261Z</time>
      </trkpt>
      <trkpt lat="41.632954" lon="2.685014">
        <ele>42.653</ele>
        <time>2026-05-11T20:45:27.886283204Z</time>
      </trkpt>
      <trkpt lat="41.632931" lon="2.685044">
        <ele>42.656</ele>
        <time>2026-05-11T20:46:07.886290197Z</time>
      </trkpt>
      <trkpt lat="41.632904" lon="2.685070">
        <ele>42.559</ele>
        <time>2026-05-11T20:46:47.886297200Z</time>
      </trkpt>
      <trkpt lat="41.632884" lon="2.685099">
        <ele>42.414</ele>
        <time>2026-05-11T20:47:27.886304223Z</time>
      </trkpt>
      <trkpt lat="41.632866" lon="2.685130">
        <ele>42.309</ele>
        <time>2026-05-11T20:48:07.886311267Z</time>
      </trkpt>
      <trkpt lat="41.632830" lon="2.685185">
        <ele>42.236</ele>
        <time>2026-05-11T20:48:47.886318270Z</time>
      </trkpt>
      <trkpt lat="41.632805" lon="2.685220">
        <ele>42.174</ele>
        <time>2026-05-11T20:49:27.886325273Z</time>
      </trkpt>
      <trkpt lat="41.632787" lon="2.685251">
        <ele>42.012</ele>
        <time>2026-05-11T20:50:07.886332286Z</time>
      </trkpt>
      <trkpt lat="41.632769" lon="2.685281">
        <ele>42.041</ele>
        <time>2026-05-11T20:50:47.886339259Z</time>
      </trkpt>
      <trkpt lat="41.632752" lon="2.685309">
        <ele>41.859</ele>
        <time>2026-05-11T20:51:27.886346192Z</time>
      </trkpt>
      <trkpt lat="41.632732" lon="2.685343">
        <ele>41.675</ele>
        <time>2026-05-11T20:52:07.886353095Z</time>
      </trkpt>
      <trkpt lat="41.632714" lon="2.685372">
        <ele>41.496</ele>
        <time>2026-05-11T20:52:47.886359978Z</time>
      </trkpt>
      <trkpt lat="41.632691" lon="2.685398">
        <ele>41.350</ele>
        <time>2026-05-11T20:53:27.886366931Z</time>
      </trkpt>
      <trkpt lat="41.632671" lon="2.685427">
        <ele>41.123</ele>
        <time>2026-05-11T20:54:07.886373834Z</time>
      </trkpt>
      <trkpt lat="41.632656" lon="2.685457">
        <ele>40.991</ele>
        <time>2026-05-11T20:54:47.886380847Z</time>
      </trkpt>
      <trkpt lat="41.632630" lon="2.685510">
        <ele>40.681</ele>
        <time>2026-05-11T20:55:27.886387810Z</time>
      </trkpt>
      <trkpt lat="41.632611" lon="2.685542">
        <ele>40.419</ele>
        <time>2026-05-11T20:56:07.886394793Z</time>
      </trkpt>
      <trkpt lat="41.632577" lon="2.685591">
        <ele>40.409</ele>
        <time>2026-05-11T20:56:47.886401816Z</time>
      </trkpt>
      <trkpt lat="41.632545" lon="2.685646">
        <ele>40.580</ele>
        <time>2026-05-11T20:57:27.886408749Z</time>
      </trkpt>
      <trkpt lat="41.632497" lon="2.685684">
        <ele>40.448</ele>
        <time>2026-05-11T20:58:07.886415692Z</time>
      </trkpt>
      <trkpt lat="41.632454" lon="2.685710">
        <ele>40.216</ele>
        <time>2026-05-11T20:58:47.886422635Z</time>
      </trkpt>
      <trkpt lat="41.632426" lon="2.685722">
        <ele>40.065</ele>
        <time>2026-05-11T20:59:27.886429598Z</time>
      </trkpt>
      <trkpt lat="41.632403" lon="2.685743">
        <ele>39.963</ele>
        <time>2026-05-11T21:00:07.886436581Z</time>
      </trkpt>
      <trkpt lat="41.632376" lon="2.685760">
        <ele>39.639</ele>
        <time>2026-05-11T21:00:47.886443524Z</time>
      </trkpt>
      <trkpt lat="41.632351" lon="2.685777">
        <ele>39.450</ele>
        <time>2026-05-11T21:01:27.886450437Z</time>
      </trkpt>
      <trkpt lat="41.632323" lon="2.685790">
        <ele>39.164</ele>
        <time>2026-05-11T21:02:07.886457440Z</time>
      </trkpt>
      <trkpt lat="41.632296" lon="2.685807">
        <ele>38.877</ele>
        <time>2026-05-11T21:02:47.886464423Z</time>
      </trkpt>
      <trkpt lat="41.632271" lon="2.685825">
        <ele>38.531</ele>
        <time>2026-05-11T21:03:27.886471396Z</time>
      </trkpt>
      <trkpt lat="41.632245" lon="2.685840">
        <ele>38.261</ele>
        <time>2026-05-11T21:04:07.886482206Z</time>
      </trkpt>
      <trkpt lat="41.632221" lon="2.685859">
        <ele>37.907</ele>
        <time>2026-05-11T21:04:47.886489290Z</time>
      </trkpt>
      <trkpt lat="41.632175" lon="2.685888">
        <ele>37.409</ele>
        <time>2026-05-11T21:05:27.886496243Z</time>
      </trkpt>
      <trkpt lat="41.632135" lon="2.685926">
        <ele>36.974</ele>
        <time>2026-05-11T21:06:07.886503146Z</time>
      </trkpt>
      <trkpt lat="41.632110" lon="2.685942">
        <ele>36.622</ele>
        <time>2026-05-11T21:06:47.886510159Z</time>
      </trkpt>
      <trkpt lat="41.632081" lon="2.685962">
        <ele>36.370</ele>
        <time>2026-05-11T21:07:27.886517022Z</time>
      </trkpt>
      <trkpt lat="41.632033" lon="2.685989">
        <ele>35.749</ele>
        <time>2026-05-11T21:08:07.886523945Z</time>
      </trkpt>
      <trkpt lat="41.632007" lon="2.685997">
        <ele>35.497</ele>
        <time>2026-05-11T21:08:47.886530908Z</time>
      </trkpt>
      <trkpt lat="41.631959" lon="2.686027">
        <ele>34.763</ele>
        <time>2026-05-11T21:09:27.886537841Z</time>
      </trkpt>
      <trkpt lat="41.631929" lon="2.686044">
        <ele>34.544</ele>
        <time>2026-05-11T21:10:07.886544784Z</time>
      </trkpt>
      <trkpt lat="41.631906" lon="2.686066">
        <ele>34.478</ele>
        <time>2026-05-11T21:10:47.886552197Z</time>
      </trkpt>
      <trkpt lat="41.631881" lon="2.686083">
        <ele>34.461</ele>
        <time>2026-05-11T21:11:27.886559110Z</time>
      </trkpt>
      <trkpt lat="41.631855" lon="2.686097">
        <ele>34.483</ele>
        <time>2026-05-11T21:12:07.886566164Z</time>
      </trkpt>
      <trkpt lat="41.631829" lon="2.686110">
        <ele>34.425</ele>
        <time>2026-05-11T21:12:47.886573137Z</time>
      </trkpt>
      <trkpt lat="41.631781" lon="2.686138">
        <ele>34.617</ele>
        <time>2026-05-11T21:13:27.886580120Z</time>
      </trkpt>
      <trkpt lat="41.631754" lon="2.686154">
        <ele>34.609</ele>
        <time>2026-05-11T21:14:07.886587093Z</time>
      </trkpt>
      <trkpt lat="41.631725" lon="2.686172">
        <ele>34.729</ele>
        <time>2026-05-11T21:14:47.886594046Z</time>
      </trkpt>
      <trkpt lat="41.631699" lon="2.686188">
        <ele>34.747</ele>
        <time>2026-05-11T21:15:27.886601019Z</time>
      </trkpt>
      <trkpt lat="41.631670" lon="2.686212">
        <ele>34.635</ele>
        <time>2026-05-11T21:16:07.886608052Z</time>
      </trkpt>
      <trkpt lat="41.631616" lon="2.686242">
        <ele>34.314</ele>
        <time>2026-05-11T21:16:47.886614975Z</time>
      </trkpt>
      <trkpt lat="41.631573" lon="2.686279">
        <ele>34.162</ele>
        <time>2026-05-11T21:17:27.886621948Z</time>
      </trkpt>
      <trkpt lat="41.631547" lon="2.686294">
        <ele>33.988</ele>
        <time>2026-05-11T21:18:07.886628891Z</time>
      </trkpt>
      <trkpt lat="41.631521" lon="2.686310">
        <ele>33.819</ele>
        <time>2026-05-11T21:18:47.886635884Z</time>
      </trkpt>
      <trkpt lat="41.631493" lon="2.686330">
        <ele>33.653</ele>
        <time>2026-05-11T21:19:27.886643148Z</time>
      </trkpt>
      <trkpt lat="41.631466" lon="2.686347">
        <ele>33.416</ele>
        <time>2026-05-11T21:20:07.886650191Z</time>
      </trkpt>
      <trkpt lat="41.631441" lon="2.686361">
        <ele>33.336</ele>
        <time>2026-05-11T21:20:47.886657194Z</time>
      </trkpt>
      <trkpt lat="41.631413" lon="2.686373">
        <ele>33.117</ele>
        <time>2026-05-11T21:21:27.886664187Z</time>
      </trkpt>
      <trkpt lat="41.631384" lon="2.686392">
        <ele>32.918</ele>
        <time>2026-05-11T21:22:07.886671100Z</time>
      </trkpt>
      <trkpt lat="41.631358" lon="2.686408">
        <ele>32.709</ele>
        <time>2026-05-11T21:22:47.886678033Z</time>
      </trkpt>
      <trkpt lat="41.631334" lon="2.686425">
        <ele>32.484</ele>
        <time>2026-05-11T21:23:27.886684956Z</time>
      </trkpt>
      <trkpt lat="41.631308" lon="2.686440">
        <ele>32.122</ele>
        <time>2026-05-11T21:24:07.886691859Z</time>
      </trkpt>
      <trkpt lat="41.631280" lon="2.686461">
        <ele>31.810</ele>
        <time>2026-05-11T21:24:47.886698852Z</time>
      </trkpt>
      <trkpt lat="41.631252" lon="2.686479">
        <ele>31.589</ele>
        <time>2026-05-11T21:25:27.886705905Z</time>
      </trkpt>
      <trkpt lat="41.631201" lon="2.686505">
        <ele>31.057</ele>
        <time>2026-05-11T21:26:07.886712928Z</time>
      </trkpt>
      <trkpt lat="41.631167" lon="2.686521">
        <ele>30.663</ele>
        <time>2026-05-11T21:26:47.886719831Z</time>
      </trkpt>
      <trkpt lat="41.631136" lon="2.686532">
        <ele>30.344</ele>
        <time>2026-05-11T21:27:27.886726784Z</time>
      </trkpt>
      <trkpt lat="41.631111" lon="2.686546">
        <ele>30.078</ele>
        <time>2026-05-11T21:28:07.886733687Z</time>
      </trkpt>
      <trkpt lat="41.631083" lon="2.686564">
        <ele>29.971</ele>
        <time>2026-05-11T21:28:47.886740610Z</time>
      </trkpt>
      <trkpt lat="41.631058" lon="2.686581">
        <ele>29.883</ele>
        <time>2026-05-11T21:29:27.886747593Z</time>
      </trkpt>
      <trkpt lat="41.631031" lon="2.686590">
        <ele>29.625</ele>
        <time>2026-05-11T21:30:07.886754506Z</time>
      </trkpt>
      <trkpt lat="41.631003" lon="2.686603">
        <ele>29.517</ele>
        <time>2026-05-11T21:30:47.886761439Z</time>
      </trkpt>
      <trkpt lat="41.630977" lon="2.686615">
        <ele>29.409</ele>
        <time>2026-05-11T21:31:27.886768382Z</time>
      </trkpt>
      <trkpt lat="41.630951" lon="2.686628">
        <ele>29.369</ele>
        <time>2026-05-11T21:32:07.886775315Z</time>
      </trkpt>
      <trkpt lat="41.630925" lon="2.686645">
        <ele>29.317</ele>
        <time>2026-05-11T21:32:47.886782278Z</time>
      </trkpt>
      <trkpt lat="41.630898" lon="2.686661">
        <ele>29.235</ele>
        <time>2026-05-11T21:33:27.886789221Z</time>
      </trkpt>
      <trkpt lat="41.630866" lon="2.686681">
        <ele>29.284</ele>
        <time>2026-05-11T21:34:07.886796174Z</time>
      </trkpt>
      <trkpt lat="41.630836" lon="2.686699">
        <ele>29.252</ele>
        <time>2026-05-11T21:34:47.886803097Z</time>
      </trkpt>
      <trkpt lat="41.630791" lon="2.686717">
        <ele>29.668</ele>
        <time>2026-05-11T21:35:27.886810020Z</time>
      </trkpt>
      <trkpt lat="41.630762" lon="2.686724">
        <ele>29.969</ele>
        <time>2026-05-11T21:36:07.886816983Z</time>
      </trkpt>
      <trkpt lat="41.630712" lon="2.686734">
        <ele>30.353</ele>
        <time>2026-05-11T21:36:47.886823916Z</time>
      </trkpt>
      <trkpt lat="41.630661" lon="2.686751">
        <ele>30.796</ele>
        <time>2026-05-11T21:37:27.886830839Z</time>
      </trkpt>
      <trkpt lat="41.630607" lon="2.686780">
        <ele>31.177</ele>
        <time>2026-05-11T21:38:07.886837832Z</time>
      </trkpt>
      <trkpt lat="41.630579" lon="2.686791">
        <ele>31.361</ele>
        <time>2026-05-11T21:38:47.886844785Z</time>
      </trkpt>
      <trkpt lat="41.630552" lon="2.686801">
        <ele>31.527</ele>
        <time>2026-05-11T21:39:27.886851668Z</time>
      </trkpt>
      <trkpt lat="41.630524" lon="2.686818">
        <ele>31.409</ele>
        <time>2026-05-11T21:40:07.886858601Z</time>
      </trkpt>
      <trkpt lat="41.630492" lon="2.686833">
        <ele>31.358</ele>
        <time>2026-05-11T21:40:47.886865534Z</time>
      </trkpt>
      <trkpt lat="41.630464" lon="2.686849">
        <ele>31.216</ele>
        <time>2026-05-11T21:41:27.886872427Z</time>
      </trkpt>
      <trkpt lat="41.630437" lon="2.686864">
        <ele>31.274</ele>
        <time>2026-05-11T21:42:07.886879390Z</time>
      </trkpt>
      <trkpt lat="41.630410" lon="2.686878">
        <ele>31.143</ele>
        <time>2026-05-11T21:42:47.886886383Z</time>
      </trkpt>
      <trkpt lat="41.630365" lon="2.686905">
        <ele>31.141</ele>
        <time>2026-05-11T21:43:27.886899568Z</time>
      </trkpt>
      <trkpt lat="41.630312" lon="2.686913">
        <ele>30.957</ele>
        <time>2026-05-11T21:44:07.886906631Z</time>
      </trkpt>
      <trkpt lat="41.630284" lon="2.686926">
        <ele>30.928</ele>
        <time>2026-05-11T21:44:47.886913604Z</time>
      </trkpt>
      <trkpt lat="41.630254" lon="2.686941">
        <ele>30.652</ele>
        <time>2026-05-11T21:45:27.886920577Z</time>
      </trkpt>
      <trkpt lat="41.630204" lon="2.686967">
        <ele>30.155</ele>
        <time>2026-05-11T21:46:07.886927540Z</time>
      </trkpt>
      <trkpt lat="41.630155" lon="2.686996">
        <ele>29.681</ele>
        <time>2026-05-11T21:46:47.886934573Z</time>
      </trkpt>
      <trkpt lat="41.630118" lon="2.687035">
        <ele>29.461</ele>
        <time>2026-05-11T21:47:27.886941606Z</time>
      </trkpt>
      <trkpt lat="41.630099" lon="2.687061">
        <ele>29.417</ele>
        <time>2026-05-11T21:48:07.886948579Z</time>
      </trkpt>
      <trkpt lat="41.630065" lon="2.687116">
        <ele>29.509</ele>
        <time>2026-05-11T21:48:47.886955522Z</time>
      </trkpt>
      <trkpt lat="41.630036" lon="2.687173">
        <ele>29.839</ele>
        <time>2026-05-11T21:49:27.886962385Z</time>
      </trkpt>
      <trkpt lat="41.630009" lon="2.687231">
        <ele>30.197</ele>
        <time>2026-05-11T21:50:07.886969258Z</time>
      </trkpt>
      <trkpt lat="41.629981" lon="2.687285">
        <ele>29.845</ele>
        <time>2026-05-11T21:50:47.886976231Z</time>
      </trkpt>
      <trkpt lat="41.629964" lon="2.687323">
        <ele>29.664</ele>
        <time>2026-05-11T21:51:27.886983154Z</time>
      </trkpt>
      <trkpt lat="41.629944" lon="2.687358">
        <ele>29.412</ele>
        <time>2026-05-11T21:52:07.886990187Z</time>
      </trkpt>
      <trkpt lat="41.629926" lon="2.687394">
        <ele>29.278</ele>
        <time>2026-05-11T21:52:47.886997150Z</time>
      </trkpt>
      <trkpt lat="41.629904" lon="2.687426">
        <ele>29.049</ele>
        <time>2026-05-11T21:53:27.887004183Z</time>
      </trkpt>
      <trkpt lat="41.629886" lon="2.687463">
        <ele>28.833</ele>
        <time>2026-05-11T21:54:07.887011206Z</time>
      </trkpt>
      <trkpt lat="41.629862" lon="2.687517">
        <ele>28.526</ele>
        <time>2026-05-11T21:54:47.887018159Z</time>
      </trkpt>
      <trkpt lat="41.629847" lon="2.687548">
        <ele>28.358</ele>
        <time>2026-05-11T21:55:27.887025193Z</time>
      </trkpt>
      <trkpt lat="41.629829" lon="2.687583">
        <ele>28.052</ele>
        <time>2026-05-11T21:56:07.887032146Z</time>
      </trkpt>
      <trkpt lat="41.629814" lon="2.687615">
        <ele>27.917</ele>
        <time>2026-05-11T21:56:47.887039079Z</time>
      </trkpt>
      <trkpt lat="41.629798" lon="2.687647">
        <ele>27.709</ele>
        <time>2026-05-11T21:57:27.887046122Z</time>
      </trkpt>
      <trkpt lat="41.629784" lon="2.687682">
        <ele>27.596</ele>
        <time>2026-05-11T21:58:07.887052995Z</time>
      </trkpt>
      <trkpt lat="41.629756" lon="2.687741">
        <ele>27.324</ele>
        <time>2026-05-11T21:58:47.887059928Z</time>
      </trkpt>
      <trkpt lat="41.629732" lon="2.687794">
        <ele>26.972</ele>
        <time>2026-05-11T21:59:27.887066841Z</time>
      </trkpt>
      <trkpt lat="41.629707" lon="2.687860">
        <ele>25.991</ele>
        <time>2026-05-11T22:00:07.887073794Z</time>
      </trkpt>
      <trkpt lat="41.629690" lon="2.687925">
        <ele>25.079</ele>
        <time>2026-05-11T22:00:47.887081288Z</time>
      </trkpt>
      <trkpt lat="41.629681" lon="2.687959">
        <ele>24.525</ele>
        <time>2026-05-11T22:01:27.887088241Z</time>
      </trkpt>
      <trkpt lat="41.629680" lon="2.687996">
        <ele>24.236</ele>
        <time>2026-05-11T22:02:07.887095184Z</time>
      </trkpt>
      <trkpt lat="41.629688" lon="2.688036">
        <ele>23.880</ele>
        <time>2026-05-11T22:02:47.887102147Z</time>
      </trkpt>
      <trkpt lat="41.629698" lon="2.688113">
        <ele>23.363</ele>
        <time>2026-05-11T22:03:27.887109120Z</time>
      </trkpt>
      <trkpt lat="41.629725" lon="2.688180">
        <ele>23.186</ele>
        <time>2026-05-11T22:04:07.887116113Z</time>
      </trkpt>
      <trkpt lat="41.629745" lon="2.688241">
        <ele>22.860</ele>
        <time>2026-05-11T22:04:47.887123046Z</time>
      </trkpt>
      <trkpt lat="41.629763" lon="2.688276">
        <ele>22.626</ele>
        <time>2026-05-11T22:05:27.887130059Z</time>
      </trkpt>
      <trkpt lat="41.629781" lon="2.688303">
        <ele>22.509</ele>
        <time>2026-05-11T22:06:07.887136972Z</time>
      </trkpt>
      <trkpt lat="41.629797" lon="2.688337">
        <ele>22.249</ele>
        <time>2026-05-11T22:06:47.887143925Z</time>
      </trkpt>
      <trkpt lat="41.629813" lon="2.688370">
        <ele>22.097</ele>
        <time>2026-05-11T22:07:27.887150878Z</time>
      </trkpt>
      <trkpt lat="41.629832" lon="2.688401">
        <ele>21.865</ele>
        <time>2026-05-11T22:08:07.887157781Z</time>
      </trkpt>
      <trkpt lat="41.629858" lon="2.688446">
        <ele>21.554</ele>
        <time>2026-05-11T22:08:47.887164774Z</time>
      </trkpt>
      <trkpt lat="41.629876" lon="2.688476">
        <ele>21.372</ele>
        <time>2026-05-11T22:09:27.887171777Z</time>
      </trkpt>
      <trkpt lat="41.629895" lon="2.688503">
        <ele>21.238</ele>
        <time>2026-05-11T22:10:07.887178700Z</time>
      </trkpt>
      <trkpt lat="41.629926" lon="2.688559">
        <ele>20.979</ele>
        <time>2026-05-11T22:10:47.887185663Z</time>
      </trkpt>
      <trkpt lat="41.629935" lon="2.688599">
        <ele>20.653</ele>
        <time>2026-05-11T22:11:27.887192616Z</time>
      </trkpt>
      <trkpt lat="41.629924" lon="2.688638">
        <ele>20.566</ele>
        <time>2026-05-11T22:12:07.887199569Z</time>
      </trkpt>
      <trkpt lat="41.629906" lon="2.688679">
        <ele>20.318</ele>
        <time>2026-05-11T22:12:47.887206632Z</time>
      </trkpt>
      <trkpt lat="41.629880" lon="2.688707">
        <ele>20.198</ele>
        <time>2026-05-11T22:13:27.887213645Z</time>
      </trkpt>
      <trkpt lat="41.629836" lon="2.688745">
        <ele>19.817</ele>
        <time>2026-05-11T22:14:07.887220618Z</time>
      </trkpt>
      <trkpt lat="41.629783" lon="2.688788">
        <ele>19.409</ele>
        <time>2026-05-11T22:14:47.887227662Z</time>
      </trkpt>
      <trkpt lat="41.629758" lon="2.688808">
        <ele>19.362</ele>
        <time>2026-05-11T22:15:27.887234645Z</time>
      </trkpt>
      <trkpt lat="41.629726" lon="2.688822">
        <ele>19.060</ele>
        <time>2026-05-11T22:16:07.887241578Z</time>
      </trkpt>
      <trkpt lat="41.629699" lon="2.688840">
        <ele>18.888</ele>
        <time>2026-05-11T22:16:47.887248541Z</time>
      </trkpt>
      <trkpt lat="41.629653" lon="2.688871">
        <ele>18.537</ele>
        <time>2026-05-11T22:17:27.887255454Z</time>
      </trkpt>
      <trkpt lat="41.629629" lon="2.688889">
        <ele>18.325</ele>
        <time>2026-05-11T22:18:07.887262356Z</time>
      </trkpt>
      <trkpt lat="41.629610" lon="2.688917">
        <ele>18.221</ele>
        <time>2026-05-11T22:18:47.887269320Z</time>
      </trkpt>
      <trkpt lat="41.629591" lon="2.688943">
        <ele>18.042</ele>
        <time>2026-05-11T22:19:27.887276232Z</time>
      </trkpt>
      <trkpt lat="41.629546" lon="2.688984">
        <ele>17.876</ele>
        <time>2026-05-11T22:20:07.887283125Z</time>
      </trkpt>
      <trkpt lat="41.629523" lon="2.689008">
        <ele>17.849</ele>
        <time>2026-05-11T22:20:47.887290038Z</time>
      </trkpt>
      <trkpt lat="41.629490" lon="2.689065">
        <ele>17.881</ele>
        <time>2026-05-11T22:21:27.887297061Z</time>
      </trkpt>
      <trkpt lat="41.629456" lon="2.689108">
        <ele>17.861</ele>
        <time>2026-05-11T22:22:07.887303994Z</time>
      </trkpt>
      <trkpt lat="41.629422" lon="2.689144">
        <ele>17.817</ele>
        <time>2026-05-11T22:22:47.887315366Z</time>
      </trkpt>
      <trkpt lat="41.629400" lon="2.689166">
        <ele>17.709</ele>
        <time>2026-05-11T22:23:27.887322459Z</time>
      </trkpt>
      <trkpt lat="41.629379" lon="2.689189">
        <ele>17.559</ele>
        <time>2026-05-11T22:24:07.887329422Z</time>
      </trkpt>
      <trkpt lat="41.629335" lon="2.689227">
        <ele>17.237</ele>
        <time>2026-05-11T22:24:47.887336375Z</time>
      </trkpt>
      <trkpt lat="41.629312" lon="2.689256">
        <ele>17.055</ele>
        <time>2026-05-11T22:25:27.887343308Z</time>
      </trkpt>
      <trkpt lat="41.629268" lon="2.689302">
        <ele>16.984</ele>
        <time>2026-05-11T22:26:07.887350311Z</time>
      </trkpt>
      <trkpt lat="41.629227" lon="2.689347">
        <ele>16.852</ele>
        <time>2026-05-11T22:26:47.887357264Z</time>
      </trkpt>
      <trkpt lat="41.629211" lon="2.689376">
        <ele>16.888</ele>
        <time>2026-05-11T22:27:27.887364217Z</time>
      </trkpt>
      <trkpt lat="41.629182" lon="2.689419">
        <ele>16.989</ele>
        <time>2026-05-11T22:28:07.887371090Z</time>
      </trkpt>
      <trkpt lat="41.629173" lon="2.689469">
        <ele>16.983</ele>
        <time>2026-05-11T22:28:47.887378083Z</time>
      </trkpt>
      <trkpt lat="41.629185" lon="2.689531">
        <ele>16.726</ele>
        <time>2026-05-11T22:29:27.887384986Z</time>
      </trkpt>
      <trkpt lat="41.629195" lon="2.689567">
        <ele>16.616</ele>
        <time>2026-05-11T22:30:07.887392009Z</time>
      </trkpt>
      <trkpt lat="41.629167" lon="2.689581">
        <ele>16.576</ele>
        <time>2026-05-11T22:30:47.887399002Z</time>
      </trkpt>
      <trkpt lat="41.629116" lon="2.689599">
        <ele>16.413</ele>
        <time>2026-05-11T22:31:27.887405945Z</time>
      </trkpt>
      <trkpt lat="41.629062" lon="2.689623">
        <ele>16.209</ele>
        <time>2026-05-11T22:32:07.887412888Z</time>
      </trkpt>
      <trkpt lat="41.629025" lon="2.689579">
        <ele>16.342</ele>
        <time>2026-05-11T22:32:47.887419811Z</time>
      </trkpt>
      <trkpt lat="41.628982" lon="2.689572">
        <ele>16.220</ele>
        <time>2026-05-11T22:33:27.887426724Z</time>
      </trkpt>
      <trkpt lat="41.628931" lon="2.689570">
        <ele>16.168</ele>
        <time>2026-05-11T22:34:07.887433677Z</time>
      </trkpt>
      <trkpt lat="41.628889" lon="2.689578">
        <ele>16.047</ele>
        <time>2026-05-11T22:34:47.887440580Z</time>
      </trkpt>
      <trkpt lat="41.628861" lon="2.689581">
        <ele>16.145</ele>
        <time>2026-05-11T22:35:27.887447493Z</time>
      </trkpt>
      <trkpt lat="41.628814" lon="2.689597">
        <ele>16.381</ele>
        <time>2026-05-11T22:36:07.887454446Z</time>
      </trkpt>
      <trkpt lat="41.628784" lon="2.689602">
        <ele>16.432</ele>
        <time>2026-05-11T22:36:47.887461429Z</time>
      </trkpt>
      <trkpt lat="41.628722" lon="2.689599">
        <ele>16.676</ele>
        <time>2026-05-11T22:37:27.887468362Z</time>
      </trkpt>
      <trkpt lat="41.628690" lon="2.689586">
        <ele>16.759</ele>
        <time>2026-05-11T22:38:07.887475345Z</time>
      </trkpt>
      <trkpt lat="41.628637" lon="2.689569">
        <ele>16.982</ele>
        <time>2026-05-11T22:38:47.887482328Z</time>
      </trkpt>
      <trkpt lat="41.628607" lon="2.689560">
        <ele>17.043</ele>
        <time>2026-05-11T22:39:27.887489251Z</time>
      </trkpt>
      <trkpt lat="41.628578" lon="2.689555">
        <ele>16.917</ele>
        <time>2026-05-11T22:40:07.887496264Z</time>
      </trkpt>
      <trkpt lat="41.628529" lon="2.689554">
        <ele>16.709</ele>
        <time>2026-05-11T22:40:47.887503187Z</time>
      </trkpt>
      <trkpt lat="41.628474" lon="2.689584">
        <ele>16.529</ele>
        <time>2026-05-11T22:41:27.887510110Z</time>
      </trkpt>
      <trkpt lat="41.628427" lon="2.689619">
        <ele>16.317</ele>
        <time>2026-05-11T22:42:07.887517053Z</time>
      </trkpt>
      <trkpt lat="41.628383" lon="2.689641">
        <ele>16.225</ele>
        <time>2026-05-11T22:42:47.887524026Z</time>
      </trkpt>
      <trkpt lat="41.628360" lon="2.689664">
        <ele>16.144</ele>
        <time>2026-05-11T22:43:27.887531009Z</time>
      </trkpt>
      <trkpt lat="41.628314" lon="2.689696">
        <ele>15.942</ele>
        <time>2026-05-11T22:44:07.887537962Z</time>
      </trkpt>
      <trkpt lat="41.628283" lon="2.689712">
        <ele>15.828</ele>
        <time>2026-05-11T22:44:47.887545005Z</time>
      </trkpt>
      <trkpt lat="41.628258" lon="2.689728">
        <ele>15.779</ele>
        <time>2026-05-11T22:45:27.887551938Z</time>
      </trkpt>
      <trkpt lat="41.628227" lon="2.689752">
        <ele>15.663</ele>
        <time>2026-05-11T22:46:07.887558861Z</time>
      </trkpt>
      <trkpt lat="41.628202" lon="2.689774">
        <ele>15.526</ele>
        <time>2026-05-11T22:46:47.887565774Z</time>
      </trkpt>
      <trkpt lat="41.628157" lon="2.689806">
        <ele>15.415</ele>
        <time>2026-05-11T22:47:27.887572787Z</time>
      </trkpt>
      <trkpt lat="41.628130" lon="2.689824">
        <ele>15.365</ele>
        <time>2026-05-11T22:48:07.887579811Z</time>
      </trkpt>
      <trkpt lat="41.628084" lon="2.689851">
        <ele>15.111</ele>
        <time>2026-05-11T22:48:47.887586754Z</time>
      </trkpt>
      <trkpt lat="41.628057" lon="2.689864">
        <ele>15.009</ele>
        <time>2026-05-11T22:49:27.887593777Z</time>
      </trkpt>
      <trkpt lat="41.628029" lon="2.689878">
        <ele>14.832</ele>
        <time>2026-05-11T22:50:07.887600700Z</time>
      </trkpt>
      <trkpt lat="41.627973" lon="2.689870">
        <ele>14.380</ele>
        <time>2026-05-11T22:50:47.887608324Z</time>
      </trkpt>
      <trkpt lat="41.627946" lon="2.689854">
        <ele>14.028</ele>
        <time>2026-05-11T22:51:27.887615598Z</time>
      </trkpt>
      <trkpt lat="41.627923" lon="2.689824">
        <ele>13.767</ele>
        <time>2026-05-11T22:52:07.887622581Z</time>
      </trkpt>
      <trkpt lat="41.627906" lon="2.689794">
        <ele>13.535</ele>
        <time>2026-05-11T22:52:47.887629474Z</time>
      </trkpt>
      <trkpt lat="41.627899" lon="2.689756">
        <ele>13.441</ele>
        <time>2026-05-11T22:53:27.887636356Z</time>
      </trkpt>
      <trkpt lat="41.627887" lon="2.689694">
        <ele>13.152</ele>
        <time>2026-05-11T22:54:07.887643350Z</time>
      </trkpt>
      <trkpt lat="41.627862" lon="2.689632">
        <ele>12.866</ele>
        <time>2026-05-11T22:54:47.887650293Z</time>
      </trkpt>
      <trkpt lat="41.627842" lon="2.689598">
        <ele>12.629</ele>
        <time>2026-05-11T22:55:27.887657205Z</time>
      </trkpt>
      <trkpt lat="41.627821" lon="2.689561">
        <ele>12.419</ele>
        <time>2026-05-11T22:56:07.887664178Z</time>
      </trkpt>
      <trkpt lat="41.627800" lon="2.689525">
        <ele>12.209</ele>
        <time>2026-05-11T22:56:47.887671142Z</time>
      </trkpt>
      <trkpt lat="41.627786" lon="2.689491">
        <ele>12.119</ele>
        <time>2026-05-11T22:57:27.887678085Z</time>
      </trkpt>
      <trkpt lat="41.627752" lon="2.689428">
        <ele>11.909</ele>
        <time>2026-05-11T22:58:07.887685017Z</time>
      </trkpt>
      <trkpt lat="41.627726" lon="2.689379">
        <ele>11.882</ele>
        <time>2026-05-11T22:58:47.887691900Z</time>
      </trkpt>
      <trkpt lat="41.627687" lon="2.689350">
        <ele>11.750</ele>
        <time>2026-05-11T22:59:27.887698833Z</time>
      </trkpt>
      <trkpt lat="41.627660" lon="2.689332">
        <ele>11.648</ele>
        <time>2026-05-11T23:00:07.887705816Z</time>
      </trkpt>
      <trkpt lat="41.627591" lon="2.689343">
        <ele>11.377</ele>
        <time>2026-05-11T23:00:47.887712799Z</time>
      </trkpt>
      <trkpt lat="41.627560" lon="2.689364">
        <ele>11.235</ele>
        <time>2026-05-11T23:01:27.887719933Z</time>
      </trkpt>
      <trkpt lat="41.627532" lon="2.689376">
        <ele>11.181</ele>
        <time>2026-05-11T23:02:07.887726896Z</time>
      </trkpt>
      <trkpt lat="41.627506" lon="2.689396">
        <ele>11.052</ele>
        <time>2026-05-11T23:02:47.887740531Z</time>
      </trkpt>
      <trkpt lat="41.627458" lon="2.689430">
        <ele>10.946</ele>
        <time>2026-05-11T23:03:27.887747565Z</time>
      </trkpt>
      <trkpt lat="41.627411" lon="2.689469">
        <ele>10.779</ele>
        <time>2026-05-11T23:04:07.887754467Z</time>
      </trkpt>
      <trkpt lat="41.627371" lon="2.689500">
        <ele>10.539</ele>
        <time>2026-05-11T23:04:47.887761511Z</time>
      </trkpt>
      <trkpt lat="41.627336" lon="2.689550">
        <ele>10.401</ele>
        <time>2026-05-11T23:05:27.887768504Z</time>
      </trkpt>
      <trkpt lat="41.627291" lon="2.689587">
        <ele>10.221</ele>
        <time>2026-05-11T23:06:07.887775507Z</time>
      </trkpt>
      <trkpt lat="41.627271" lon="2.689616">
        <ele>10.209</ele>
        <time>2026-05-11T23:06:47.887782500Z</time>
      </trkpt>
      <trkpt lat="41.627250" lon="2.689642">
        <ele>10.194</ele>
        <time>2026-05-11T23:07:27.887789413Z</time>
      </trkpt>
      <trkpt lat="41.627224" lon="2.689662">
        <ele>10.022</ele>
        <time>2026-05-11T23:08:07.887796366Z</time>
      </trkpt>
      <trkpt lat="41.627183" lon="2.689690">
        <ele>10.160</ele>
        <time>2026-05-11T23:08:47.887803269Z</time>
      </trkpt>
      <trkpt lat="41.627158" lon="2.689709">
        <ele>10.219</ele>
        <time>2026-05-11T23:09:27.887810192Z</time>
      </trkpt>
      <trkpt lat="41.627114" lon="2.689746">
        <ele>10.477</ele>
        <time>2026-05-11T23:10:07.887817175Z</time>
      </trkpt>
      <trkpt lat="41.627065" lon="2.689780">
        <ele>10.683</ele>
        <time>2026-05-11T23:10:47.887824168Z</time>
      </trkpt>
      <trkpt lat="41.627014" lon="2.689794">
        <ele>10.854</ele>
        <time>2026-05-11T23:11:27.887831171Z</time>
      </trkpt>
      <trkpt lat="41.626989" lon="2.689810">
        <ele>10.818</ele>
        <time>2026-05-11T23:12:07.887838084Z</time>
      </trkpt>
      <trkpt lat="41.626964" lon="2.689831">
        <ele>10.951</ele>
        <time>2026-05-11T23:12:47.887845047Z</time>
      </trkpt>
      <trkpt lat="41.626922" lon="2.689871">
        <ele>11.081</ele>
        <time>2026-05-11T23:13:27.887852130Z</time>
      </trkpt>
      <trkpt lat="41.626895" lon="2.689881">
        <ele>10.961</ele>
        <time>2026-05-11T23:14:07.887859093Z</time>
      </trkpt>
      <trkpt lat="41.626866" lon="2.689891">
        <ele>10.817</ele>
        <time>2026-05-11T23:14:47.887866036Z</time>
      </trkpt>
      <trkpt lat="41.626835" lon="2.689904">
        <ele>10.709</ele>
        <time>2026-05-11T23:15:27.887873009Z</time>
      </trkpt>
      <trkpt lat="41.626788" lon="2.689936">
        <ele>10.629</ele>
        <time>2026-05-11T23:16:07.887880032Z</time>
      </trkpt>
      <trkpt lat="41.626765" lon="2.689955">
        <ele>10.517</ele>
        <time>2026-05-11T23:16:47.887886935Z</time>
      </trkpt>
      <trkpt lat="41.626734" lon="2.689971">
        <ele>10.365</ele>
        <time>2026-05-11T23:17:27.887893828Z</time>
      </trkpt>
      <trkpt lat="41.626682" lon="2.689998">
        <ele>10.114</ele>
        <time>2026-05-11T23:18:07.887900771Z</time>
      </trkpt>
      <trkpt lat="41.626638" lon="2.690028">
        <ele>10.022</ele>
        <time>2026-05-11T23:18:47.887907684Z</time>
      </trkpt>
      <trkpt lat="41.626613" lon="2.690047">
        <ele>10.018</ele>
        <time>2026-05-11T23:19:27.887914617Z</time>
      </trkpt>
      <trkpt lat="41.626564" lon="2.690078">
        <ele>9.919</ele>
        <time>2026-05-11T23:20:07.887921630Z</time>
      </trkpt>
      <trkpt lat="41.626537" lon="2.690090">
        <ele>9.863</ele>
        <time>2026-05-11T23:20:47.887928663Z</time>
      </trkpt>
      <trkpt lat="41.626512" lon="2.690111">
        <ele>9.826</ele>
        <time>2026-05-11T23:21:27.887935817Z</time>
      </trkpt>
      <trkpt lat="41.626489" lon="2.690133">
        <ele>9.763</ele>
        <time>2026-05-11T23:22:07.887942840Z</time>
      </trkpt>
      <trkpt lat="41.626447" lon="2.690165">
        <ele>9.544</ele>
        <time>2026-05-11T23:22:47.887949853Z</time>
      </trkpt>
      <trkpt lat="41.626390" lon="2.690211">
        <ele>9.218</ele>
        <time>2026-05-11T23:23:27.887956936Z</time>
      </trkpt>
      <trkpt lat="41.626347" lon="2.690241">
        <ele>9.309</ele>
        <time>2026-05-11T23:24:07.887963889Z</time>
      </trkpt>
      <trkpt lat="41.626321" lon="2.690258">
        <ele>9.397</ele>
        <time>2026-05-11T23:24:47.887970832Z</time>
      </trkpt>
      <trkpt lat="41.626295" lon="2.690275">
        <ele>9.365</ele>
        <time>2026-05-11T23:25:27.887977745Z</time>
      </trkpt>
      <trkpt lat="41.626264" lon="2.690294">
        <ele>9.563</ele>
        <time>2026-05-11T23:26:07.887984648Z</time>
      </trkpt>
      <trkpt lat="41.626231" lon="2.690312">
        <ele>9.682</ele>
        <time>2026-05-11T23:26:47.887991551Z</time>
      </trkpt>
      <trkpt lat="41.626172" lon="2.690350">
        <ele>9.820</ele>
        <time>2026-05-11T23:27:27.887998464Z</time>
      </trkpt>
      <trkpt lat="41.626146" lon="2.690370">
        <ele>9.946</ele>
        <time>2026-05-11T23:28:07.888008834Z</time>
      </trkpt>
      <trkpt lat="41.626111" lon="2.690398">
        <ele>10.037</ele>
        <time>2026-05-11T23:28:47.888018922Z</time>
      </trkpt>
      <trkpt lat="41.626063" lon="2.690427">
        <ele>10.351</ele>
        <time>2026-05-11T23:29:27.888025956Z</time>
      </trkpt>
      <trkpt lat="41.626043" lon="2.690454">
        <ele>10.484</ele>
        <time>2026-05-11T23:30:07.888032939Z</time>
      </trkpt>
      <trkpt lat="41.626013" lon="2.690520">
        <ele>10.749</ele>
        <time>2026-05-11T23:30:47.888040102Z</time>
      </trkpt>
      <trkpt lat="41.625988" lon="2.690541">
        <ele>10.902</ele>
        <time>2026-05-11T23:31:27.888047145Z</time>
      </trkpt>
      <trkpt lat="41.625958" lon="2.690550">
        <ele>11.122</ele>
        <time>2026-05-11T23:32:07.888054118Z</time>
      </trkpt>
      <trkpt lat="41.625932" lon="2.690567">
        <ele>11.309</ele>
        <time>2026-05-11T23:32:47.888061081Z</time>
      </trkpt>
      <trkpt lat="41.625907" lon="2.690585">
        <ele>11.575</ele>
        <time>2026-05-11T23:33:27.888068044Z</time>
      </trkpt>
      <trkpt lat="41.625879" lon="2.690603">
        <ele>11.783</ele>
        <time>2026-05-11T23:34:07.888075007Z</time>
      </trkpt>
      <trkpt lat="41.625852" lon="2.690624">
        <ele>11.921</ele>
        <time>2026-05-11T23:34:47.888081970Z</time>
      </trkpt>
      <trkpt lat="41.625827" lon="2.690641">
        <ele>12.080</ele>
        <time>2026-05-11T23:35:27.888088903Z</time>
      </trkpt>
      <trkpt lat="41.625798" lon="2.690657">
        <ele>12.048</ele>
        <time>2026-05-11T23:36:07.888095816Z</time>
      </trkpt>
      <trkpt lat="41.625773" lon="2.690674">
        <ele>12.054</ele>
        <time>2026-05-11T23:36:47.888102749Z</time>
      </trkpt>
      <trkpt lat="41.625747" lon="2.690691">
        <ele>12.095</ele>
        <time>2026-05-11T23:37:27.888109802Z</time>
      </trkpt>
      <trkpt lat="41.625720" lon="2.690708">
        <ele>12.029</ele>
        <time>2026-05-11T23:38:07.888116755Z</time>
      </trkpt>
      <trkpt lat="41.625673" lon="2.690727">
        <ele>12.042</ele>
        <time>2026-05-11T23:38:47.888123819Z</time>
      </trkpt>
      <trkpt lat="41.625650" lon="2.690749">
        <ele>12.037</ele>
        <time>2026-05-11T23:39:27.888130842Z</time>
      </trkpt>
      <trkpt lat="41.625623" lon="2.690768">
        <ele>12.049</ele>
        <time>2026-05-11T23:40:07.888138206Z</time>
      </trkpt>
      <trkpt lat="41.625597" lon="2.690793">
        <ele>12.013</ele>
        <time>2026-05-11T23:40:47.888145529Z</time>
      </trkpt>
      <trkpt lat="41.625554" lon="2.690815">
        <ele>12.009</ele>
        <time>2026-05-11T23:41:27.888152522Z</time>
      </trkpt>
      <trkpt lat="41.625508" lon="2.690857">
        <ele>11.734</ele>
        <time>2026-05-11T23:42:07.888164725Z</time>
      </trkpt>
      <trkpt lat="41.625483" lon="2.690875">
        <ele>11.672</ele>
        <time>2026-05-11T23:42:47.888171668Z</time>
      </trkpt>
      <trkpt lat="41.625454" lon="2.690890">
        <ele>11.430</ele>
        <time>2026-05-11T23:43:27.888178691Z</time>
      </trkpt>
      <trkpt lat="41.625427" lon="2.690915">
        <ele>11.199</ele>
        <time>2026-05-11T23:44:07.888185674Z</time>
      </trkpt>
      <trkpt lat="41.625399" lon="2.690935">
        <ele>10.937</ele>
        <time>2026-05-11T23:44:47.888192778Z</time>
      </trkpt>
      <trkpt lat="41.625351" lon="2.690965">
        <ele>10.433</ele>
        <time>2026-05-11T23:45:27.888199721Z</time>
      </trkpt>
      <trkpt lat="41.625323" lon="2.690987">
        <ele>10.164</ele>
        <time>2026-05-11T23:46:07.888206664Z</time>
      </trkpt>
      <trkpt lat="41.625278" lon="2.691026">
        <ele>9.658</ele>
        <time>2026-05-11T23:46:47.888213617Z</time>
      </trkpt>
      <trkpt lat="41.625253" lon="2.691045">
        <ele>9.411</ele>
        <time>2026-05-11T23:47:27.888220570Z</time>
      </trkpt>
      <trkpt lat="41.625202" lon="2.691082">
        <ele>8.991</ele>
        <time>2026-05-11T23:48:07.888227573Z</time>
      </trkpt>
      <trkpt lat="41.625156" lon="2.691118">
        <ele>8.581</ele>
        <time>2026-05-11T23:48:47.888234506Z</time>
      </trkpt>
      <trkpt lat="41.625131" lon="2.691135">
        <ele>8.419</ele>
        <time>2026-05-11T23:49:27.888241429Z</time>
      </trkpt>
      <trkpt lat="41.625091" lon="2.691163">
        <ele>8.109</ele>
        <time>2026-05-11T23:50:07.888248873Z</time>
      </trkpt>
      <trkpt lat="41.625065" lon="2.691180">
        <ele>8.050</ele>
        <time>2026-05-11T23:50:47.888255846Z</time>
      </trkpt>
      <trkpt lat="41.625033" lon="2.691199">
        <ele>7.848</ele>
        <time>2026-05-11T23:51:27.888263711Z</time>
      </trkpt>
      <trkpt lat="41.624997" lon="2.691222">
        <ele>7.626</ele>
        <time>2026-05-11T23:52:07.888270664Z</time>
      </trkpt>
      <trkpt lat="41.624970" lon="2.691239">
        <ele>7.655</ele>
        <time>2026-05-11T23:52:47.888278218Z</time>
      </trkpt>
      <trkpt lat="41.624945" lon="2.691263">
        <ele>7.753</ele>
        <time>2026-05-11T23:53:27.888285221Z</time>
      </trkpt>
      <trkpt lat="41.624921" lon="2.691286">
        <ele>7.769</ele>
        <time>2026-05-11T23:54:07.888292114Z</time>
      </trkpt>
      <trkpt lat="41.624890" lon="2.691308">
        <ele>7.780</ele>
        <time>2026-05-11T23:54:47.888299027Z</time>
      </trkpt>
      <trkpt lat="41.624864" lon="2.691328">
        <ele>7.754</ele>
        <time>2026-05-11T23:55:27.888306230Z</time>
      </trkpt>
      <trkpt lat="41.624813" lon="2.691355">
        <ele>7.857</ele>
        <time>2026-05-11T23:56:07.888313293Z</time>
      </trkpt>
      <trkpt lat="41.624782" lon="2.691369">
        <ele>7.979</ele>
        <time>2026-05-11T23:56:47.888320246Z</time>
      </trkpt>
      <trkpt lat="41.624740" lon="2.691401">
        <ele>7.905</ele>
        <time>2026-05-11T23:57:27.888327229Z</time>
      </trkpt>
      <trkpt lat="41.624711" lon="2.691421">
        <ele>7.925</ele>
        <time>2026-05-11T23:58:07.888334152Z</time>
      </trkpt>
      <trkpt lat="41.624686" lon="2.691443">
        <ele>7.809</ele>
        <time>2026-05-11T23:58:47.888341256Z</time>
      </trkpt>
      <trkpt lat="41.624662" lon="2.691458">
        <ele>7.898</ele>
        <time>2026-05-11T23:59:27.888348850Z</time>
      </trkpt>
      <trkpt lat="41.624615" lon="2.691494">
        <ele>7.616</ele>
        <time>2026-05-12T00:00:07.888355753Z</time>
      </trkpt>
      <trkpt lat="41.624587" lon="2.691514">
        <ele>7.624</ele>
        <time>2026-05-12T00:00:47.888362656Z</time>
      </trkpt>
      <trkpt lat="41.624563" lon="2.691532">
        <ele>7.533</ele>
        <time>2026-05-12T00:01:27.888369679Z</time>
      </trkpt>
      <trkpt lat="41.624534" lon="2.691556">
        <ele>7.481</ele>
        <time>2026-05-12T00:02:07.888376582Z</time>
      </trkpt>
      <trkpt lat="41.624486" lon="2.691592">
        <ele>7.387</ele>
        <time>2026-05-12T00:02:47.888383775Z</time>
      </trkpt>
      <trkpt lat="41.624459" lon="2.691613">
        <ele>7.238</ele>
        <time>2026-05-12T00:03:27.888390718Z</time>
      </trkpt>
      <trkpt lat="41.624434" lon="2.691628">
        <ele>7.192</ele>
        <time>2026-05-12T00:04:07.888397721Z</time>
      </trkpt>
      <trkpt lat="41.624405" lon="2.691648">
        <ele>6.985</ele>
        <time>2026-05-12T00:04:47.888405125Z</time>
      </trkpt>
      <trkpt lat="41.624377" lon="2.691664">
        <ele>6.823</ele>
        <time>2026-05-12T00:05:27.888412319Z</time>
      </trkpt>
      <trkpt lat="41.624331" lon="2.691696">
        <ele>6.583</ele>
        <time>2026-05-12T00:06:07.888419282Z</time>
      </trkpt>
      <trkpt lat="41.624308" lon="2.691722">
        <ele>6.411</ele>
        <time>2026-05-12T00:06:47.888426786Z</time>
      </trkpt>
      <trkpt lat="41.624263" lon="2.691757">
        <ele>6.209</ele>
        <time>2026-05-12T00:07:27.888433689Z</time>
      </trkpt>
      <trkpt lat="41.624233" lon="2.691771">
        <ele>6.173</ele>
        <time>2026-05-12T00:08:07.888440812Z</time>
      </trkpt>
      <trkpt lat="41.624190" lon="2.691792">
        <ele>6.081</ele>
        <time>2026-05-12T00:08:47.888447705Z</time>
      </trkpt>
      <trkpt lat="41.624164" lon="2.691806">
        <ele>6.099</ele>
        <time>2026-05-12T00:09:27.888454598Z</time>
      </trkpt>
      <trkpt lat="41.624112" lon="2.691837">
        <ele>6.128</ele>
        <time>2026-05-12T00:10:07.888461921Z</time>
      </trkpt>
      <trkpt lat="41.624066" lon="2.691865">
        <ele>6.326</ele>
        <time>2026-05-12T00:10:47.888468894Z</time>
      </trkpt>
      <trkpt lat="41.624019" lon="2.691895">
        <ele>6.442</ele>
        <time>2026-05-12T00:11:27.888475878Z</time>
      </trkpt>
      <trkpt lat="41.623989" lon="2.691916">
        <ele>6.623</ele>
        <time>2026-05-12T00:12:07.888482770Z</time>
      </trkpt>
      <trkpt lat="41.623964" lon="2.691932">
        <ele>6.777</ele>
        <time>2026-05-12T00:12:47.888490124Z</time>
      </trkpt>
      <trkpt lat="41.623941" lon="2.691952">
        <ele>6.870</ele>
        <time>2026-05-12T00:13:27.888497077Z</time>
      </trkpt>
      <trkpt lat="41.623915" lon="2.691972">
        <ele>7.056</ele>
        <time>2026-05-12T00:14:07.888504251Z</time>
      </trkpt>
      <trkpt lat="41.623889" lon="2.691992">
        <ele>7.259</ele>
        <time>2026-05-12T00:14:47.888511224Z</time>
      </trkpt>
      <trkpt lat="41.623835" lon="2.692009">
        <ele>7.414</ele>
        <time>2026-05-12T00:15:27.888518127Z</time>
      </trkpt>
      <trkpt lat="41.623800" lon="2.692022">
        <ele>7.609</ele>
        <time>2026-05-12T00:16:07.888525090Z</time>
      </trkpt>
      <trkpt lat="41.623768" lon="2.692032">
        <ele>7.876</ele>
        <time>2026-05-12T00:16:47.888532023Z</time>
      </trkpt>
      <trkpt lat="41.623741" lon="2.692042">
        <ele>7.994</ele>
        <time>2026-05-12T00:17:27.888538916Z</time>
      </trkpt>
      <trkpt lat="41.623699" lon="2.692069">
        <ele>8.152</ele>
        <time>2026-05-12T00:18:07.888545818Z</time>
      </trkpt>
      <trkpt lat="41.623672" lon="2.692088">
        <ele>8.391</ele>
        <time>2026-05-12T00:18:47.888552721Z</time>
      </trkpt>
      <trkpt lat="41.623643" lon="2.692109">
        <ele>8.589</ele>
        <time>2026-05-12T00:19:27.888559604Z</time>
      </trkpt>
      <trkpt lat="41.623616" lon="2.692127">
        <ele>8.655</ele>
        <time>2026-05-12T00:20:07.888566507Z</time>
      </trkpt>
      <trkpt lat="41.623589" lon="2.692143">
        <ele>8.716</ele>
        <time>2026-05-12T00:20:47.888573500Z</time>
      </trkpt>
      <trkpt lat="41.623564" lon="2.692159">
        <ele>8.610</ele>
        <time>2026-05-12T00:21:27.888580423Z</time>
      </trkpt>
      <trkpt lat="41.623535" lon="2.692181">
        <ele>8.613</ele>
        <time>2026-05-12T00:22:07.888594119Z</time>
      </trkpt>
      <trkpt lat="41.623509" lon="2.692199">
        <ele>8.642</ele>
        <time>2026-05-12T00:22:47.888601162Z</time>
      </trkpt>
      <trkpt lat="41.623478" lon="2.692224">
        <ele>8.522</ele>
        <time>2026-05-12T00:23:27.888608185Z</time>
      </trkpt>
      <trkpt lat="41.623454" lon="2.692243">
        <ele>8.414</ele>
        <time>2026-05-12T00:24:07.888615128Z</time>
      </trkpt>
      <trkpt lat="41.623433" lon="2.692267">
        <ele>8.409</ele>
        <time>2026-05-12T00:24:47.888622081Z</time>
      </trkpt>
      <trkpt lat="41.623387" lon="2.692323">
        <ele>8.285</ele>
        <time>2026-05-12T00:25:27.888628954Z</time>
      </trkpt>
      <trkpt lat="41.623340" lon="2.692351">
        <ele>8.083</ele>
        <time>2026-05-12T00:26:07.888635927Z</time>
      </trkpt>
      <trkpt lat="41.623288" lon="2.692378">
        <ele>8.111</ele>
        <time>2026-05-12T00:26:47.888642920Z</time>
      </trkpt>
      <trkpt lat="41.623253" lon="2.692397">
        <ele>8.250</ele>
        <time>2026-05-12T00:27:27.888649833Z</time>
      </trkpt>
      <trkpt lat="41.623226" lon="2.692417">
        <ele>8.368</ele>
        <time>2026-05-12T00:28:07.888656796Z</time>
      </trkpt>
      <trkpt lat="41.623193" lon="2.692432">
        <ele>8.414</ele>
        <time>2026-05-12T00:28:47.888663679Z</time>
      </trkpt>
      <trkpt lat="41.623161" lon="2.692453">
        <ele>8.595</ele>
        <time>2026-05-12T00:29:27.888670632Z</time>
      </trkpt>
      <trkpt lat="41.623130" lon="2.692479">
        <ele>8.749</ele>
        <time>2026-05-12T00:30:07.888677475Z</time>
      </trkpt>
      <trkpt lat="41.623105" lon="2.692497">
        <ele>8.892</ele>
        <time>2026-05-12T00:30:47.888684408Z</time>
      </trkpt>
      <trkpt lat="41.623080" lon="2.692519">
        <ele>8.973</ele>
        <time>2026-05-12T00:31:27.888691972Z</time>
      </trkpt>
      <trkpt lat="41.623051" lon="2.692548">
        <ele>9.085</ele>
        <time>2026-05-12T00:32:07.888698935Z</time>
      </trkpt>
      <trkpt lat="41.622991" lon="2.692579">
        <ele>9.413</ele>
        <time>2026-05-12T00:32:47.888705868Z</time>
      </trkpt>
      <trkpt lat="41.622934" lon="2.692596">
        <ele>9.709</ele>
        <time>2026-05-12T00:33:27.888712921Z</time>
      </trkpt>
      <trkpt lat="41.622906" lon="2.692611">
        <ele>9.928</ele>
        <time>2026-05-12T00:34:07.888719864Z</time>
      </trkpt>
      <trkpt lat="41.622850" lon="2.692621">
        <ele>10.246</ele>
        <time>2026-05-12T00:34:47.888726827Z</time>
      </trkpt>
      <trkpt lat="41.622818" lon="2.692617">
        <ele>10.424</ele>
        <time>2026-05-12T00:35:27.888733730Z</time>
      </trkpt>
      <trkpt lat="41.622784" lon="2.692620">
        <ele>10.573</ele>
        <time>2026-05-12T00:36:07.888740703Z</time>
      </trkpt>
      <trkpt lat="41.622754" lon="2.692615">
        <ele>10.681</ele>
        <time>2026-05-12T00:36:47.888747666Z</time>
      </trkpt>
      <trkpt lat="41.622719" lon="2.692607">
        <ele>10.597</ele>
        <time>2026-05-12T00:37:27.888754589Z</time>
      </trkpt>
      <trkpt lat="41.622680" lon="2.692613">
        <ele>10.578</ele>
        <time>2026-05-12T00:38:07.888761542Z</time>
      </trkpt>
      <trkpt lat="41.622644" lon="2.692618">
        <ele>10.422</ele>
        <time>2026-05-12T00:38:47.888768415Z</time>
      </trkpt>
      <trkpt lat="41.622594" lon="2.692659">
        <ele>10.035</ele>
        <time>2026-05-12T00:39:27.888775368Z</time>
      </trkpt>
      <trkpt lat="41.622572" lon="2.692699">
        <ele>9.873</ele>
        <time>2026-05-12T00:40:07.888782381Z</time>
      </trkpt>
      <trkpt lat="41.622549" lon="2.692748">
        <ele>9.485</ele>
        <time>2026-05-12T00:40:47.888789354Z</time>
      </trkpt>
      <trkpt lat="41.622531" lon="2.692807">
        <ele>9.113</ele>
        <time>2026-05-12T00:41:27.888796317Z</time>
      </trkpt>
      <trkpt lat="41.622517" lon="2.692856">
        <ele>9.109</ele>
        <time>2026-05-12T00:42:07.888803190Z</time>
      </trkpt>
      <trkpt lat="41.622509" lon="2.692892">
        <ele>9.098</ele>
        <time>2026-05-12T00:42:47.888810113Z</time>
      </trkpt>
      <trkpt lat="41.622513" lon="2.692968">
        <ele>9.036</ele>
        <time>2026-05-12T00:43:27.888817066Z</time>
      </trkpt>
      <trkpt lat="41.622513" lon="2.693025">
        <ele>9.084</ele>
        <time>2026-05-12T00:44:07.888823929Z</time>
      </trkpt>
      <trkpt lat="41.622514" lon="2.693076">
        <ele>9.193</ele>
        <time>2026-05-12T00:44:47.888830932Z</time>
      </trkpt>
      <trkpt lat="41.622502" lon="2.693116">
        <ele>9.241</ele>
        <time>2026-05-12T00:45:27.888837835Z</time>
      </trkpt>
      <trkpt lat="41.622492" lon="2.693156">
        <ele>9.357</ele>
        <time>2026-05-12T00:46:07.888844708Z</time>
      </trkpt>
      <trkpt lat="41.622466" lon="2.693195">
        <ele>9.278</ele>
        <time>2026-05-12T00:46:47.888851621Z</time>
      </trkpt>
      <trkpt lat="41.622428" lon="2.693214">
        <ele>8.962</ele>
        <time>2026-05-12T00:47:27.888858504Z</time>
      </trkpt>
      <trkpt lat="41.622398" lon="2.693213">
        <ele>8.665</ele>
        <time>2026-05-12T00:48:07.888865407Z</time>
      </trkpt>
      <trkpt lat="41.622364" lon="2.693220">
        <ele>8.356</ele>
        <time>2026-05-12T00:48:47.888872370Z</time>
      </trkpt>
      <trkpt lat="41.622345" lon="2.693278">
        <ele>8.259</ele>
        <time>2026-05-12T00:49:27.888879303Z</time>
      </trkpt>
      <trkpt lat="41.622351" lon="2.693332">
        <ele>8.414</ele>
        <time>2026-05-12T00:50:07.888886276Z</time>
      </trkpt>
      <trkpt lat="41.622361" lon="2.693366">
        <ele>8.509</ele>
        <time>2026-05-12T00:50:47.888893249Z</time>
      </trkpt>
      <trkpt lat="41.622371" lon="2.693401">
        <ele>8.666</ele>
        <time>2026-05-12T00:51:27.888900101Z</time>
      </trkpt>
      <trkpt lat="41.622386" lon="2.693438">
        <ele>8.864</ele>
        <time>2026-05-12T00:52:07.888906994Z</time>
      </trkpt>
      <trkpt lat="41.622407" lon="2.693481">
        <ele>9.072</ele>
        <time>2026-05-12T00:52:47.888913907Z</time>
      </trkpt>
    </trkseg>
  </trk></gpx>