<?xml version="1.0" encoding="utf-8"?><gpx creator="Garmin Desktop App" version="1.1" xsi:schemaLocation="http://www.topografix.com/GPX/1/1 http://www.topografix.com/GPX/1/1/gpx.xsd http://www.garmin.com/xmlschemas/WaypointExtension/v1 http://www8.garmin.com/xmlschemas/WaypointExtensionv1.xsd http://www.garmin.com/xmlschemas/TrackPointExtension/v1 http://www.garmin.com/xmlschemas/TrackPointExtensionv1.xsd http://www.garmin.com/xmlschemas/GpxExtensions/v3 http://www8.garmin.com/xmlschemas/GpxExtensionsv3.xsd http://www.garmin.com/xmlschemas/ActivityExtension/v1 http://www8.garmin.com/xmlschemas/ActivityExtensionv1.xsd http://www.garmin.com/xmlschemas/AdventuresExtensions/v1 http://www8.garmin.com/xmlschemas/AdventuresExtensionv1.xsd http://www.garmin.com/xmlschemas/PressureExtension/v1 http://www.garmin.com/xmlschemas/PressureExtensionv1.xsd http://www.garmin.com/xmlschemas/TripExtensions/v1 http://www.garmin.com/xmlschemas/TripExtensionsv1.xsd http://www.garmin.com/xmlschemas/TripMetaDataExtensions/v1 http://www.garmin.com/xmlschemas/TripMetaDataExtensionsv1.xsd http://www.garmin.com/xmlschemas/ViaPointTransportationModeExtensions/v1 http://www.garmin.com/xmlschemas/ViaPointTransportationModeExtensionsv1.xsd http://www.garmin.com/xmlschemas/CreationTimeExtension/v1 http://www.garmin.com/xmlschemas/CreationTimeExtensionsv1.xsd http://www.garmin.com/xmlschemas/AccelerationExtension/v1 http://www.garmin.com/xmlschemas/AccelerationExtensionv1.xsd http://www.garmin.com/xmlschemas/PowerExtension/v1 http://www.garmin.com/xmlschemas/PowerExtensionv1.xsd http://www.garmin.com/xmlschemas/VideoExtension/v1 http://www.garmin.com/xmlschemas/VideoExtensionv1.xsd" xmlns="http://www.topografix.com/GPX/1/1" xmlns:xsi="http://www.w3.org/2001/XMLSchema-instance" xmlns:wptx1="http://www.garmin.com/xmlschemas/WaypointExtension/v1" xmlns:gpxtrx="http://www.garmin.com/xmlschemas/GpxExtensions/v3" xmlns:gpxtpx="http://www.garmin.com/xmlschemas/TrackPointExtension/v1" xmlns:gpxx="http://www.garmin.com/xmlschemas/GpxExtensions/v3" xmlns:trp="http://www.garmin.com/xmlschemas/TripExtensions/v1" xmlns:adv="http://www.garmin.com/xmlschemas/AdventuresExtensions/v1" xmlns:prs="http://www.garmin.com/xmlschemas/PressureExtension/v1" xmlns:tmd="http://www.garmin.com/xmlschemas/TripMetaDataExtensions/v1" xmlns:vptm="http://www.garmin.com/xmlschemas/ViaPointTransportationModeExtensions/v1" xmlns:ctx="http://www.garmin.com/xmlschemas/CreationTimeExtension/v1" xmlns:gpxacc="http://www.garmin.com/xmlschemas/AccelerationExtension/v1" xmlns:gpxpx="http://www.garmin.com/xmlschemas/PowerExtension/v1" xmlns:vidx1="http://www.garmin.com/xmlschemas/VideoExtension/v1">

  <metadata>
    <link href="http://www.garmin.com">
      <text>Garmin International</text>
    </link>
    <time>2026-10-10T09:27:08Z</time>
    <bounds maxlat="40.932242022827268" maxlon="-3.679200019687414" minlat="40.406723013147712" minlon="-4.214097959920764" />
  </metadata>

  <trk>
    <name>adif-md-madrid-segovia</name>
    <extensions>
      <gpxx:TrackExtension>
        <gpxx:DisplayColor>DarkGray</gpxx:DisplayColor>
      </gpxx:TrackExtension>
    </extensions>
    <trkseg>
      <trkpt lat="40.406723013147712" lon="-3.689453015103936">
        <ele>617.25</ele>
      </trkpt>
      <trkpt lat="40.407169014215469" lon="-3.69001803919673">
        <ele>618.25</ele>
      </trkpt>
      <trkpt lat="40.407372023910284" lon="-3.690353985875845">
        <ele>618.75</ele>
      </trkpt>
      <trkpt lat="40.407563969492912" lon="-3.690628996118903">
        <ele>619</ele>
      </trkpt>
      <trkpt lat="40.407680980861187" lon="-3.690769979730249">
        <ele>619.25</ele>
      </trkpt>
      <trkpt lat="40.407835962250829" lon="-3.690939964726567">
        <ele>619.75</ele>
      </trkpt>
      <trkpt lat="40.4080740083009" lon="-3.691167030483484">
        <ele>620.25</ele>
      </trkpt>
      <trkpt lat="40.408391011878848" lon="-3.691390994936228">
        <ele>620.75</ele>
      </trkpt>
      <trkpt lat="40.408750008791685" lon="-3.691667011007667">
        <ele>621.25</ele>
      </trkpt>
      <trkpt lat="40.409197015687823" lon="-3.691934980452061">
        <ele>622</ele>
      </trkpt>
      <trkpt lat="40.409388039261103" lon="-3.692030031234026">
        <ele>622.5</ele>
      </trkpt>
      <trkpt lat="40.409665983170271" lon="-3.69214796461165">
        <ele>623</ele>
      </trkpt>
      <trkpt lat="40.409881984815001" lon="-3.692228011786938">
        <ele>623.25</ele>
      </trkpt>
      <trkpt lat="40.410140985623002" lon="-3.692290037870407">
        <ele>623.75</ele>
      </trkpt>
      <trkpt lat="40.411071963608265" lon="-3.692481983453035">
        <ele>625.25</ele>
      </trkpt>
      <trkpt lat="40.412310976535082" lon="-3.692848021164537">
        <ele>627.25</ele>
      </trkpt>
      <trkpt lat="40.414550034329295" lon="-3.693439029157162">
        <ele>630.75</ele>
      </trkpt>
      <trkpt lat="40.415505990386009" lon="-3.693642038851976">
        <ele>632.25</ele>
      </trkpt>
      <trkpt lat="40.415627025067806" lon="-3.693650001659989">
        <ele>632.5</ele>
      </trkpt>
      <trkpt lat="40.417063012719154" lon="-3.693541036918759">
        <ele>634.75</ele>
      </trkpt>
      <trkpt lat="40.418049981817603" lon="-3.693355964496732">
        <ele>636.25</ele>
      </trkpt>
      <trkpt lat="40.418648030608892" lon="-3.693235013633966">
        <ele>637.25</ele>
      </trkpt>
      <trkpt lat="40.419125966727734" lon="-3.693122025579214">
        <ele>638</ele>
      </trkpt>
      <trkpt lat="40.419354038313031" lon="-3.693055976182222">
        <ele>638.25</ele>
      </trkpt>
      <trkpt lat="40.420016041025519" lon="-3.692835029214621">
        <ele>639.5</ele>
      </trkpt>
      <trkpt lat="40.420509986579418" lon="-3.692636964842677">
        <ele>640.25</ele>
      </trkpt>
      <trkpt lat="40.421096971258521" lon="-3.692381987348199">
        <ele>641.25</ele>
      </trkpt>
      <trkpt lat="40.422446960583329" lon="-3.691753009334207">
        <ele>643.5</ele>
      </trkpt>
      <trkpt lat="40.423808014020324" lon="-3.691098969429731">
        <ele>645.75</ele>
      </trkpt>
      <trkpt lat="40.424335990101099" lon="-3.690894031897187">
        <ele>646.5</ele>
      </trkpt>
      <trkpt lat="40.424948036670685" lon="-3.690689010545611">
        <ele>647.5</ele>
      </trkpt>
      <trkpt lat="40.427254987880588" lon="-3.690123986452818">
        <ele>651.25</ele>
      </trkpt>
      <trkpt lat="40.427714986726642" lon="-3.690012004226446">
        <ele>652</ele>
      </trkpt>
      <trkpt lat="40.428126035258174" lon="-3.689843025058508">
        <ele>652.75</ele>
      </trkpt>
      <trkpt lat="40.431958995759487" lon="-3.688896037638187">
        <ele>658.75</ele>
      </trkpt>
      <trkpt lat="40.432887962087989" lon="-3.688701996579766">
        <ele>660.25</ele>
      </trkpt>
      <trkpt lat="40.433218963444233" lon="-3.688681963831186">
        <ele>660.75</ele>
      </trkpt>
      <trkpt lat="40.433548958972096" lon="-3.688681963831186">
        <ele>661.25</ele>
      </trkpt>
      <trkpt lat="40.433897981420159" lon="-3.688712976872921">
        <ele>661.75</ele>
      </trkpt>
      <trkpt lat="40.434182966127992" lon="-3.688743989914656">
        <ele>662.25</ele>
      </trkpt>
      <trkpt lat="40.434531988576055" lon="-3.688833005726337">
        <ele>662.75</ele>
      </trkpt>
      <trkpt lat="40.434849997982383" lon="-3.688959991559386">
        <ele>663.25</ele>
      </trkpt>
      <trkpt lat="40.435217041522264" lon="-3.689149003475905">
        <ele>664</ele>
      </trkpt>
      <trkpt lat="40.435709981247783" lon="-3.689425019547343">
        <ele>664.75</ele>
      </trkpt>
      <trkpt lat="40.436989981681108" lon="-3.690296988934279">
        <ele>667</ele>
      </trkpt>
      <trkpt lat="40.43735702522099" lon="-3.690521959215403">
        <ele>667.75</ele>
      </trkpt>
      <trkpt lat="40.437762038782239" lon="-3.690757993608713">
        <ele>668.5</ele>
      </trkpt>
      <trkpt lat="40.438148025423288" lon="-3.690929990261793">
        <ele>669</ele>
      </trkpt>
      <trkpt lat="40.441702036187053" lon="-3.692204961553216">
        <ele>674.75</ele>
      </trkpt>
      <trkpt lat="40.441982997581363" lon="-3.69229800067842">
        <ele>675.25</ele>
      </trkpt>
      <trkpt lat="40.44223403558135" lon="-3.69232096709311">
        <ele>675.75</ele>
      </trkpt>
      <trkpt lat="40.442309975624084" lon="-3.692319039255381">
        <ele>675.75</ele>
      </trkpt>
      <trkpt lat="40.444467980414629" lon="-3.692163974046707">
        <ele>679.25</ele>
      </trkpt>
      <trkpt lat="40.445545976981521" lon="-3.692073030397296">
        <ele>680.75</ele>
      </trkpt>
      <trkpt lat="40.446482989937067" lon="-3.691992983222008">
        <ele>682.25</ele>
      </trkpt>
      <trkpt lat="40.446957992389798" lon="-3.691962976008654">
        <ele>683</ele>
      </trkpt>
      <trkpt lat="40.447163013741374" lon="-3.691934980452061">
        <ele>683.5</ele>
      </trkpt>
      <trkpt lat="40.447532990947366" lon="-3.691838001832366">
        <ele>684</ele>
      </trkpt>
      <trkpt lat="40.447897017002106" lon="-3.69171503931284">
        <ele>684.5</ele>
      </trkpt>
      <trkpt lat="40.448257019743323" lon="-3.691457966342568">
        <ele>685.25</ele>
      </trkpt>
      <trkpt lat="40.448617022484541" lon="-3.691172981634736">
        <ele>686</ele>
      </trkpt>
      <trkpt lat="40.451176017522812" lon="-3.68901195935905">
        <ele>690.75</ele>
      </trkpt>
      <trkpt lat="40.451596034690738" lon="-3.688681041821837">
        <ele>691.5</ele>
      </trkpt>
      <trkpt lat="40.452078999951482" lon="-3.688365966081619">
        <ele>692.25</ele>
      </trkpt>
      <trkpt lat="40.452517960220575" lon="-3.688117023557425">
        <ele>693</ele>
      </trkpt>
      <trkpt lat="40.452915010973811" lon="-3.687950978055596">
        <ele>693.75</ele>
      </trkpt>
      <trkpt lat="40.453207036480308" lon="-3.687848970293999">
        <ele>694.25</ele>
      </trkpt>
      <trkpt lat="40.453543988987803" lon="-3.687752997502685">
        <ele>694.75</ele>
      </trkpt>
      <trkpt lat="40.454115970060229" lon="-3.687666999176145">
        <ele>695.5</ele>
      </trkpt>
      <trkpt lat="40.454459963366389" lon="-3.68757002055645">
        <ele>696.25</ele>
      </trkpt>
      <trkpt lat="40.459371004253626" lon="-3.686178037896752">
        <ele>704</ele>
      </trkpt>
      <trkpt lat="40.459794960916042" lon="-3.686015009880066">
        <ele>704.75</ele>
      </trkpt>
      <trkpt lat="40.460357973352075" lon="-3.685720972716808">
        <ele>705.75</ele>
      </trkpt>
      <trkpt lat="40.46084102243185" lon="-3.685420984402299">
        <ele>706.5</ele>
      </trkpt>
      <trkpt lat="40.463255010545254" lon="-3.683719960972667">
        <ele>710.75</ele>
      </trkpt>
      <trkpt lat="40.463944002985954" lon="-3.683344032615423">
        <ele>712</ele>
      </trkpt>
      <trkpt lat="40.464405007660389" lon="-3.68314697407186">
        <ele>712.75</ele>
      </trkpt>
      <trkpt lat="40.464888978749514" lon="-3.682986963540316">
        <ele>713.5</ele>
      </trkpt>
      <trkpt lat="40.465217968448997" lon="-3.682901971042156">
        <ele>714</ele>
      </trkpt>
      <trkpt lat="40.465546036139131" lon="-3.682862995192409">
        <ele>714.5</ele>
      </trkpt>
      <trkpt lat="40.465900003910065" lon="-3.682871963828802">
        <ele>715</ele>
      </trkpt>
      <trkpt lat="40.466141989454627" lon="-3.68290800601244">
        <ele>715.5</ele>
      </trkpt>
      <trkpt lat="40.466745989397168" lon="-3.683004984632134">
        <ele>716.5</ele>
      </trkpt>
      <trkpt lat="40.467089982703328" lon="-3.683014959096909">
        <ele>717</ele>
      </trkpt>
      <trkpt lat="40.467419978231192" lon="-3.683070028200746">
        <ele>717.5</ele>
      </trkpt>
      <trkpt lat="40.467511005699635" lon="-3.683084025979042">
        <ele>717.5</ele>
      </trkpt>
      <trkpt lat="40.467724995687604" lon="-3.683120990172029">
        <ele>717.75</ele>
      </trkpt>
      <trkpt lat="40.467938985675573" lon="-3.68314404040575">
        <ele>715.25</ele>
      </trkpt>
      <trkpt lat="40.468134032562375" lon="-3.683154014870524">
        <ele>713.75</ele>
      </trkpt>
      <trkpt lat="40.468606017529964" lon="-3.683174969628453">
        <ele>716.25</ele>
      </trkpt>
      <trkpt lat="40.46883400529623" lon="-3.683172035962343">
        <ele>716.75</ele>
      </trkpt>
      <trkpt lat="40.469165006652474" lon="-3.683131970465183">
        <ele>717.75</ele>
      </trkpt>
      <trkpt lat="40.469383019953966" lon="-3.683087965473533">
        <ele>718.75</ele>
      </trkpt>
      <trkpt lat="40.469524003565311" lon="-3.68305703625083">
        <ele>719</ele>
      </trkpt>
      <trkpt lat="40.469780992716551" lon="-3.682969026267529">
        <ele>718.75</ele>
      </trkpt>
      <trkpt lat="40.47005700878799" lon="-3.682857966050506">
        <ele>719.5</ele>
      </trkpt>
      <trkpt lat="40.470479959622025" lon="-3.682663002982736">
        <ele>720.75</ele>
      </trkpt>
      <trkpt lat="40.472663026303053" lon="-3.68174702860415">
        <ele>723</ele>
      </trkpt>
      <trkpt lat="40.472693033516407" lon="-3.681734036654234">
        <ele>723</ele>
      </trkpt>
      <trkpt lat="40.472721029073" lon="-3.681721966713667">
        <ele>723</ele>
      </trkpt>
      <trkpt lat="40.473408009856939" lon="-3.681429019197822">
        <ele>722.75</ele>
      </trkpt>
      <trkpt lat="40.47534498386085" lon="-3.68063198402524">
        <ele>723</ele>
      </trkpt>
      <trkpt lat="40.47594596631825" lon="-3.680396033450961">
        <ele>723.5</ele>
      </trkpt>
      <trkpt lat="40.476257018744946" lon="-3.680301988497376">
        <ele>723.25</ele>
      </trkpt>
      <trkpt lat="40.476706037297845" lon="-3.680184977129102">
        <ele>723.5</ele>
      </trkpt>
      <trkpt lat="40.477057993412018" lon="-3.680061008781195">
        <ele>723</ele>
      </trkpt>
      <trkpt lat="40.477268965914845" lon="-3.679969981312752">
        <ele>723</ele>
      </trkpt>
      <trkpt lat="40.477573983371258" lon="-3.679893035441637">
        <ele>723</ele>
      </trkpt>
      <trkpt lat="40.477838013321161" lon="-3.679781975224614">
        <ele>723</ele>
      </trkpt>
      <trkpt lat="40.478031970560551" lon="-3.679687008261681">
        <ele>723</ele>
      </trkpt>
      <trkpt lat="40.478241015225649" lon="-3.679565973579884">
        <ele>723</ele>
      </trkpt>
      <trkpt lat="40.478591965511441" lon="-3.679419960826635">
        <ele>723</ele>
      </trkpt>
      <trkpt lat="40.478241015225649" lon="-3.679565973579884">
        <ele>723</ele>
      </trkpt>
      <trkpt lat="40.478031970560551" lon="-3.679687008261681">
        <ele>723</ele>
      </trkpt>
      <trkpt lat="40.477838013321161" lon="-3.679781975224614">
        <ele>723</ele>
      </trkpt>
      <trkpt lat="40.477573983371258" lon="-3.679893035441637">
        <ele>723</ele>
      </trkpt>
      <trkpt lat="40.478035993874073" lon="-3.679764959961176">
        <ele>723</ele>
      </trkpt>
      <trkpt lat="40.478518959134817" lon="-3.679641997441649">
        <ele>723</ele>
      </trkpt>
      <trkpt lat="40.478989016264677" lon="-3.679519034922123">
        <ele>723</ele>
      </trkpt>
      <trkpt lat="40.479583963751793" lon="-3.679359024390578">
        <ele>723</ele>
      </trkpt>
      <trkpt lat="40.479615982621908" lon="-3.679349971935153">
        <ele>723</ele>
      </trkpt>
      <trkpt lat="40.479824021458626" lon="-3.679289035499096">
        <ele>722.75</ele>
      </trkpt>
      <trkpt lat="40.480149993672967" lon="-3.679215023294091">
        <ele>723</ele>
      </trkpt>
      <trkpt lat="40.480452999472618" lon="-3.679200019687414">
        <ele>723</ele>
      </trkpt>
      <trkpt lat="40.480747958645225" lon="-3.679221980273724">
        <ele>723</ele>
      </trkpt>
      <trkpt lat="40.480991033837199" lon="-3.679274031892419">
        <ele>723</ele>
      </trkpt>
      <trkpt lat="40.481236958876252" lon="-3.679356006905437">
        <ele>723</ele>
      </trkpt>
      <trkpt lat="40.481418007984757" lon="-3.679437981918454">
        <ele>722.75</ele>
      </trkpt>
      <trkpt lat="40.481526972725987" lon="-3.67949397303164">
        <ele>723</ele>
      </trkpt>
      <trkpt lat="40.481821009889245" lon="-3.679683990776539">
        <ele>723</ele>
      </trkpt>
      <trkpt lat="40.482013039290905" lon="-3.679853975772858">
        <ele>723</ele>
      </trkpt>
      <trkpt lat="40.482278997078538" lon="-3.680132003501058">
        <ele>723.75</ele>
      </trkpt>
      <trkpt lat="40.482793981209397" lon="-3.680766010656953">
        <ele>722.5</ele>
      </trkpt>
      <trkpt lat="40.483077960088849" lon="-3.681105980649591">
        <ele>726.5</ele>
      </trkpt>
      <trkpt lat="40.483390018343925" lon="-3.681472018361092">
        <ele>728.25</ele>
      </trkpt>
      <trkpt lat="40.483848005533218" lon="-3.682032013311982">
        <ele>724.75</ele>
      </trkpt>
      <trkpt lat="40.483874995261431" lon="-3.682063026353717">
        <ele>724.5</ele>
      </trkpt>
      <trkpt lat="40.484413029626012" lon="-3.682685969397426">
        <ele>722.25</ele>
      </trkpt>
      <trkpt lat="40.484722992405295" lon="-3.683095006272197">
        <ele>721</ele>
      </trkpt>
      <trkpt lat="40.485017029568553" lon="-3.683555005118251">
        <ele>719.5</ele>
      </trkpt>
      <trkpt lat="40.485483985394239" lon="-3.684509033337236">
        <ele>717</ele>
      </trkpt>
      <trkpt lat="40.487607037648559" lon="-3.689147997647524">
        <ele>717</ele>
      </trkpt>
      <trkpt lat="40.487911971285939" lon="-3.689941009506583">
        <ele>715.75</ele>
      </trkpt>
      <trkpt lat="40.488002998754382" lon="-3.690339988097549">
        <ele>716.25</ele>
      </trkpt>
      <trkpt lat="40.488058989867568" lon="-3.690669983625412">
        <ele>716</ele>
      </trkpt>
      <trkpt lat="40.488104000687599" lon="-3.691043984144926">
        <ele>714.25</ele>
      </trkpt>
      <trkpt lat="40.488116992637515" lon="-3.6913319863379">
        <ele>714.25</ele>
      </trkpt>
      <trkpt lat="40.488123027607799" lon="-3.691690983250737">
        <ele>714.75</ele>
      </trkpt>
      <trkpt lat="40.488095032051206" lon="-3.692977018654347">
        <ele>716</ele>
      </trkpt>
      <trkpt lat="40.488095032051206" lon="-3.693570038303733">
        <ele>716.75</ele>
      </trkpt>
      <trkpt lat="40.488111963495612" lon="-3.693852005526424">
        <ele>717</ele>
      </trkpt>
      <trkpt lat="40.488137025386095" lon="-3.694183006882668">
        <ele>717</ele>
      </trkpt>
      <trkpt lat="40.488205002620816" lon="-3.694604029878974">
        <ele>716.75</ele>
      </trkpt>
      <trkpt lat="40.488315979018807" lon="-3.69506997987628">
        <ele>715.75</ele>
      </trkpt>
      <trkpt lat="40.488439025357366" lon="-3.6954540386796">
        <ele>715.5</ele>
      </trkpt>
      <trkpt lat="40.488594006747007" lon="-3.695829967036843">
        <ele>715</ele>
      </trkpt>
      <trkpt lat="40.488654021173716" lon="-3.695956030860543">
        <ele>715.75</ele>
      </trkpt>
      <trkpt lat="40.488821994513273" lon="-3.696269011124969">
        <ele>715</ele>
      </trkpt>
      <trkpt lat="40.489032967016101" lon="-3.696600012481213">
        <ele>715.5</ele>
      </trkpt>
      <trkpt lat="40.489284005016088" lon="-3.696920033544302">
        <ele>714.75</ele>
      </trkpt>
      <trkpt lat="40.489393975585699" lon="-3.697042996063829">
        <ele>714.5</ele>
      </trkpt>
      <trkpt lat="40.489510986953974" lon="-3.697161013260484">
        <ele>714.75</ele>
      </trkpt>
      <trkpt lat="40.489595979452133" lon="-3.697237959131599">
        <ele>714</ele>
      </trkpt>
      <trkpt lat="40.489986995235085" lon="-3.697556974366307">
        <ele>713.5</ele>
      </trkpt>
      <trkpt lat="40.490368958562613" lon="-3.697785967960954">
        <ele>718.75</ele>
      </trkpt>
      <trkpt lat="40.490655032917857" lon="-3.697913959622383">
        <ele>712.25</ele>
      </trkpt>
      <trkpt lat="40.490906992927194" lon="-3.698000041767955">
        <ele>711</ele>
      </trkpt>
      <trkpt lat="40.491183008998632" lon="-3.698062989860773">
        <ele>709</ele>
      </trkpt>
      <trkpt lat="40.491356011480093" lon="-3.698089979588985">
        <ele>709</ele>
      </trkpt>
      <trkpt lat="40.491594979539514" lon="-3.698109006509185">
        <ele>708.25</ele>
      </trkpt>
      <trkpt lat="40.49182397313416" lon="-3.698105989024043">
        <ele>708</ele>
      </trkpt>
      <trkpt lat="40.492143994197249" lon="-3.698073970153928">
        <ele>707.25</ele>
      </trkpt>
      <trkpt lat="40.492256982252002" lon="-3.698056032881141">
        <ele>706.75</ele>
      </trkpt>
      <trkpt lat="40.492500979453325" lon="-3.698005992919207">
        <ele>706.25</ele>
      </trkpt>
      <trkpt lat="40.493117971345782" lon="-3.69786199182272">
        <ele>704.25</ele>
      </trkpt>
      <trkpt lat="40.49343497492373" lon="-3.697802983224392">
        <ele>703.75</ele>
      </trkpt>
      <trkpt lat="40.493722977116704" lon="-3.697769958525896">
        <ele>703.75</ele>
      </trkpt>
      <trkpt lat="40.494027994573116" lon="-3.697767024859786">
        <ele>703.25</ele>
      </trkpt>
      <trkpt lat="40.494178030639887" lon="-3.697778005152941">
        <ele>702.75</ele>
      </trkpt>
      <trkpt lat="40.494328988716006" lon="-3.69779895991087">
        <ele>702.75</ele>
      </trkpt>
      <trkpt lat="40.494482964277267" lon="-3.697828967124224">
        <ele>701.75</ele>
      </trkpt>
      <trkpt lat="40.494654960930347" lon="-3.697873977944255">
        <ele>700</ele>
      </trkpt>
      <trkpt lat="40.494823018088937" lon="-3.697928041219711">
        <ele>699</ele>
      </trkpt>
      <trkpt lat="40.495129963383079" lon="-3.698067013174295">
        <ele>700.75</ele>
      </trkpt>
      <trkpt lat="40.495381001383066" lon="-3.698211014270783">
        <ele>698.75</ele>
      </trkpt>
      <trkpt lat="40.495651988312602" lon="-3.698403965681791">
        <ele>699</ele>
      </trkpt>
      <trkpt lat="40.495787020772696" lon="-3.698516031727195">
        <ele>698.75</ele>
      </trkpt>
      <trkpt lat="40.495955999940634" lon="-3.698673024773598">
        <ele>698.5</ele>
      </trkpt>
      <trkpt lat="40.496101006865501" lon="-3.698827000334859">
        <ele>698.75</ele>
      </trkpt>
      <trkpt lat="40.496353972703218" lon="-3.699133023619652">
        <ele>698.75</ele>
      </trkpt>
      <trkpt lat="40.496625965461135" lon="-3.699497971683741">
        <ele>696.75</ele>
      </trkpt>
      <trkpt lat="40.497204987332225" lon="-3.700309004634619">
        <ele>697.75</ele>
      </trkpt>
      <trkpt lat="40.497512016445398" lon="-3.700736984610558">
        <ele>701.25</ele>
      </trkpt>
      <trkpt lat="40.499309012666345" lon="-3.703264966607094">
        <ele>691.5</ele>
      </trkpt>
      <trkpt lat="40.499478997662663" lon="-3.703509969636798">
        <ele>689.75</ele>
      </trkpt>
      <trkpt lat="40.499653005972505" lon="-3.703784979879856">
        <ele>688.75</ele>
      </trkpt>
      <trkpt lat="40.499790972098708" lon="-3.704025037586689">
        <ele>686.5</ele>
      </trkpt>
      <trkpt lat="40.499914018437266" lon="-3.704256964847446">
        <ele>686.25</ele>
      </trkpt>
      <trkpt lat="40.500018959864974" lon="-3.704486964270473">
        <ele>687.5</ele>
      </trkpt>
      <trkpt lat="40.500106969848275" lon="-3.704710006713867">
        <ele>683</ele>
      </trkpt>
      <trkpt lat="40.500191040337086" lon="-3.704957021400333">
        <ele>684.5</ele>
      </trkpt>
      <trkpt lat="40.500253988429904" lon="-3.70518702082336">
        <ele>686.25</ele>
      </trkpt>
      <trkpt lat="40.500303022563457" lon="-3.705394975841045">
        <ele>685</ele>
      </trkpt>
      <trkpt lat="40.500354990363121" lon="-3.705652970820665">
        <ele>682.5</ele>
      </trkpt>
      <trkpt lat="40.500392038375139" lon="-3.705929992720485">
        <ele>682</ele>
      </trkpt>
      <trkpt lat="40.500424979254603" lon="-3.706235010176897">
        <ele>682.5</ele>
      </trkpt>
      <trkpt lat="40.5004389770329" lon="-3.70652100071311">
        <ele>682.5</ele>
      </trkpt>
      <trkpt lat="40.500437971204519" lon="-3.706790981814265">
        <ele>682.5</ele>
      </trkpt>
      <trkpt lat="40.500425985082984" lon="-3.707042019814253">
        <ele>682</ele>
      </trkpt>
      <trkpt lat="40.500378962606192" lon="-3.707485003396869">
        <ele>682.25</ele>
      </trkpt>
      <trkpt lat="40.500345015898347" lon="-3.707706034183502">
        <ele>682.25</ele>
      </trkpt>
      <trkpt lat="40.500307967886329" lon="-3.707904014736414">
        <ele>682.5</ele>
      </trkpt>
      <trkpt lat="40.500249965116382" lon="-3.708157986402512">
        <ele>682.25</ele>
      </trkpt>
      <trkpt lat="40.500206965953112" lon="-3.708315985277295">
        <ele>681.5</ele>
      </trkpt>
      <trkpt lat="40.500026000663638" lon="-3.708872962743044">
        <ele>680.75</ele>
      </trkpt>
      <trkpt lat="40.499964980408549" lon="-3.709044037386775">
        <ele>680.5</ele>
      </trkpt>
      <trkpt lat="40.499874958768487" lon="-3.709278982132673">
        <ele>680.5</ele>
      </trkpt>
      <trkpt lat="40.499840006232262" lon="-3.709372021257877">
        <ele>680.5</ele>
      </trkpt>
      <trkpt lat="40.498194973915815" lon="-3.71367696672678">
        <ele>674.75</ele>
      </trkpt>
      <trkpt lat="40.498106963932514" lon="-3.713930016383529">
        <ele>674.75</ele>
      </trkpt>
      <trkpt lat="40.498034963384271" lon="-3.714167978614569">
        <ele>673.75</ele>
      </trkpt>
      <trkpt lat="40.497919041663408" lon="-3.714616997167468">
        <ele>674</ele>
      </trkpt>
      <trkpt lat="40.497876964509487" lon="-3.714848002418876">
        <ele>674</ele>
      </trkpt>
      <trkpt lat="40.497822985053062" lon="-3.71524304151535">
        <ele>672.25</ele>
      </trkpt>
      <trkpt lat="40.497801024466753" lon="-3.715648977085948">
        <ele>670.75</ele>
      </trkpt>
      <trkpt lat="40.497802030295134" lon="-3.716053990647197">
        <ele>670</ele>
      </trkpt>
      <trkpt lat="40.497832037508488" lon="-3.716479958966374">
        <ele>670.25</ele>
      </trkpt>
      <trkpt lat="40.497862966731191" lon="-3.716765027493238">
        <ele>670.25</ele>
      </trkpt>
      <trkpt lat="40.497990036383271" lon="-3.717770017683506">
        <ele>665</ele>
      </trkpt>
      <trkpt lat="40.498040998354554" lon="-3.718193974345923">
        <ele>665.5</ele>
      </trkpt>
      <trkpt lat="40.498165972530842" lon="-3.719177003949881">
        <ele>662</ele>
      </trkpt>
      <trkpt lat="40.498187011107802" lon="-3.719354029744864">
        <ele>661.25</ele>
      </trkpt>
      <trkpt lat="40.498209977522492" lon="-3.719547986984253">
        <ele>660.25</ele>
      </trkpt>
      <trkpt lat="40.498244008049369" lon="-3.719891980290413">
        <ele>660.75</ele>
      </trkpt>
      <trkpt lat="40.498267980292439" lon="-3.720325995236635">
        <ele>663</ele>
      </trkpt>
      <trkpt lat="40.49826898612082" lon="-3.72067803516984">
        <ele>662.25</ele>
      </trkpt>
      <trkpt lat="40.498229004442692" lon="-3.721205005422235">
        <ele>659.25</ele>
      </trkpt>
      <trkpt lat="40.498206960037351" lon="-3.721375996246934">
        <ele>658</ele>
      </trkpt>
      <trkpt lat="40.498144011944532" lon="-3.721723007038236">
        <ele>658.5</ele>
      </trkpt>
      <trkpt lat="40.498095983639359" lon="-3.721936997026205">
        <ele>659.75</ele>
      </trkpt>
      <trkpt lat="40.497975032776594" lon="-3.722361959517002">
        <ele>659.5</ele>
      </trkpt>
      <trkpt lat="40.497835977002978" lon="-3.722739983350039">
        <ele>659.75</ele>
      </trkpt>
      <trkpt lat="40.497674038633704" lon="-3.723091017454863">
        <ele>659.5</ele>
      </trkpt>
      <trkpt lat="40.497572030872107" lon="-3.723279023543">
        <ele>659.75</ele>
      </trkpt>
      <trkpt lat="40.49745200201869" lon="-3.723483039066196">
        <ele>659.5</ele>
      </trkpt>
      <trkpt lat="40.497348988428712" lon="-3.723641959950328">
        <ele>659.5</ele>
      </trkpt>
      <trkpt lat="40.496917990967631" lon="-3.724236991256475">
        <ele>658.75</ele>
      </trkpt>
      <trkpt lat="40.496782958507538" lon="-3.724424997344613">
        <ele>658.75</ele>
      </trkpt>
      <trkpt lat="40.496489005163312" lon="-3.724873010069132">
        <ele>658.5</ele>
      </trkpt>
      <trkpt lat="40.496429996564984" lon="-3.724950039759278">
        <ele>658.75</ele>
      </trkpt>
      <trkpt lat="40.496266968548298" lon="-3.725180961191654">
        <ele>659.25</ele>
      </trkpt>
      <trkpt lat="40.495899002999067" lon="-3.725807005539537">
        <ele>659.75</ele>
      </trkpt>
      <trkpt lat="40.495703034102917" lon="-3.726086039096117">
        <ele>660</ele>
      </trkpt>
      <trkpt lat="40.495500024408102" lon="-3.72635199688375">
        <ele>659.25</ele>
      </trkpt>
      <trkpt lat="40.495005995035172" lon="-3.727004025131464">
        <ele>660.25</ele>
      </trkpt>
      <trkpt lat="40.494318008422852" lon="-3.727827966213226">
        <ele>659</ele>
      </trkpt>
      <trkpt lat="40.49403503537178" lon="-3.72819903306663">
        <ele>658</ele>
      </trkpt>
      <trkpt lat="40.493796989321709" lon="-3.728541014716029">
        <ele>658</ele>
      </trkpt>
      <trkpt lat="40.4936040379107" lon="-3.728836979717016">
        <ele>658.75</ele>
      </trkpt>
      <trkpt lat="40.493403961881995" lon="-3.729184996336699">
        <ele>658.5</ele>
      </trkpt>
      <trkpt lat="40.493222996592522" lon="-3.729558996856213">
        <ele>658.75</ele>
      </trkpt>
      <trkpt lat="40.493086036294699" lon="-3.729908019304276">
        <ele>658.75</ele>
      </trkpt>
      <trkpt lat="40.492984028533101" lon="-3.730228962376714">
        <ele>658.25</ele>
      </trkpt>
      <trkpt lat="40.492932982742786" lon="-3.730417974293232">
        <ele>658.5</ele>
      </trkpt>
      <trkpt lat="40.492890989407897" lon="-3.73060598038137">
        <ele>659</ele>
      </trkpt>
      <trkpt lat="40.492819994688034" lon="-3.73101300559938">
        <ele>660</ele>
      </trkpt>
      <trkpt lat="40.492778001353145" lon="-3.731427993625403">
        <ele>659</ele>
      </trkpt>
      <trkpt lat="40.492770960554481" lon="-3.731618011370301">
        <ele>659</ele>
      </trkpt>
      <trkpt lat="40.492768026888371" lon="-3.731805011630058">
        <ele>659</ele>
      </trkpt>
      <trkpt lat="40.492782024666667" lon="-3.732715034857392">
        <ele>659</ele>
      </trkpt>
      <trkpt lat="40.492784958332777" lon="-3.733123987913132">
        <ele>659</ele>
      </trkpt>
      <trkpt lat="40.492796022444963" lon="-3.73337896540761">
        <ele>659.25</ele>
      </trkpt>
      <trkpt lat="40.492803985252976" lon="-3.733491031453013">
        <ele>659.5</ele>
      </trkpt>
      <trkpt lat="40.492826029658318" lon="-3.734111962839961">
        <ele>660.25</ele>
      </trkpt>
      <trkpt lat="40.492838015779853" lon="-3.73430298641324">
        <ele>660.75</ele>
      </trkpt>
      <trkpt lat="40.492848996073008" lon="-3.734417986124754">
        <ele>661</ele>
      </trkpt>
      <trkpt lat="40.492858970537782" lon="-3.734527034685016">
        <ele>664.25</ele>
      </trkpt>
      <trkpt lat="40.492904987186193" lon="-3.735300013795495">
        <ele>665.5</ele>
      </trkpt>
      <trkpt lat="40.493037002161145" lon="-3.737217038869858">
        <ele>661.5</ele>
      </trkpt>
      <trkpt lat="40.493337996304035" lon="-3.741490971297026">
        <ele>658</ele>
      </trkpt>
      <trkpt lat="40.493808975443244" lon="-3.748037992045283">
        <ele>637</ele>
      </trkpt>
      <trkpt lat="40.493877036496997" lon="-3.748670993372798">
        <ele>640</ele>
      </trkpt>
      <trkpt lat="40.49394803121686" lon="-3.749094028025866">
        <ele>637.75</ele>
      </trkpt>
      <trkpt lat="40.494071999564767" lon="-3.749607000499964">
        <ele>640.25</ele>
      </trkpt>
      <trkpt lat="40.494224969297647" lon="-3.75002802349627">
        <ele>641.75</ele>
      </trkpt>
      <trkpt lat="40.49438196234405" lon="-3.750378973782063">
        <ele>641.5</ele>
      </trkpt>
      <trkpt lat="40.494705000892282" lon="-3.750961013138294">
        <ele>639.25</ele>
      </trkpt>
      <trkpt lat="40.49721596762538" lon="-3.754166001453996">
        <ele>631.5</ele>
      </trkpt>
      <trkpt lat="40.499650994315743" lon="-3.757172003388405">
        <ele>625.25</ele>
      </trkpt>
      <trkpt lat="40.499958023428917" lon="-3.757595960050821">
        <ele>624</ele>
      </trkpt>
      <trkpt lat="40.500189028680325" lon="-3.757952023297548">
        <ele>626</ele>
      </trkpt>
      <trkpt lat="40.500381980091333" lon="-3.758310014382005">
        <ele>625</ele>
      </trkpt>
      <trkpt lat="40.500542996451259" lon="-3.758700024336577">
        <ele>624.5</ele>
      </trkpt>
      <trkpt lat="40.500652967020869" lon="-3.759001018479466">
        <ele>624</ele>
      </trkpt>
      <trkpt lat="40.500752963125706" lon="-3.75935398042202">
        <ele>623.5</ele>
      </trkpt>
      <trkpt lat="40.500853965058923" lon="-3.759856978431344">
        <ele>622</ele>
      </trkpt>
      <trkpt lat="40.500905010849237" lon="-3.760240031406283">
        <ele>621.25</ele>
      </trkpt>
      <trkpt lat="40.50093300640583" lon="-3.76074998639524">
        <ele>619.5</ele>
      </trkpt>
      <trkpt lat="40.500927977263927" lon="-3.761151982471347">
        <ele>618.25</ele>
      </trkpt>
      <trkpt lat="40.500900987535715" lon="-3.761498993262649">
        <ele>618</ele>
      </trkpt>
      <trkpt lat="40.500851031392813" lon="-3.761854972690344">
        <ele>618.75</ele>
      </trkpt>
      <trkpt lat="40.500791016966105" lon="-3.762142974883318">
        <ele>617.75</ele>
      </trkpt>
      <trkpt lat="40.500700995326042" lon="-3.762475987896323">
        <ele>616.25</ele>
      </trkpt>
      <trkpt lat="40.500584989786148" lon="-3.762813024222851">
        <ele>614.75</ele>
      </trkpt>
      <trkpt lat="40.500467978417873" lon="-3.763098008930683">
        <ele>613.75</ele>
      </trkpt>
      <trkpt lat="40.500306962057948" lon="-3.763440996408463">
        <ele>613.75</ele>
      </trkpt>
      <trkpt lat="40.500147035345435" lon="-3.763753976672888">
        <ele>611.25</ele>
      </trkpt>
      <trkpt lat="40.499724000692368" lon="-3.764542965218425">
        <ele>612</ele>
      </trkpt>
      <trkpt lat="40.498854964971542" lon="-3.766155978664756">
        <ele>614</ele>
      </trkpt>
      <trkpt lat="40.497847963124514" lon="-3.767936965450645">
        <ele>612.75</ele>
      </trkpt>
      <trkpt lat="40.497500030323863" lon="-3.768582958728075">
        <ele>616.5</ele>
      </trkpt>
      <trkpt lat="40.495948037132621" lon="-3.771490976214409">
        <ele>617.25</ele>
      </trkpt>
      <trkpt lat="40.495674032717943" lon="-3.772192038595676">
        <ele>615</ele>
      </trkpt>
      <trkpt lat="40.495407991111279" lon="-3.773219995200634">
        <ele>614.25</ele>
      </trkpt>
      <trkpt lat="40.495283016934991" lon="-3.77426203340292">
        <ele>615.25</ele>
      </trkpt>
      <trkpt lat="40.494935000315309" lon="-3.779769027605653">
        <ele>617.75</ele>
      </trkpt>
      <trkpt lat="40.494922008365393" lon="-3.780436981469393">
        <ele>619.25</ele>
      </trkpt>
      <trkpt lat="40.494965007528663" lon="-3.78101097419858">
        <ele>620.5</ele>
      </trkpt>
      <trkpt lat="40.495027033612132" lon="-3.781476002186537">
        <ele>620.75</ele>
      </trkpt>
      <trkpt lat="40.495140021666884" lon="-3.782086037099361">
        <ele>620</ele>
      </trkpt>
      <trkpt lat="40.495272036641836" lon="-3.782648965716362">
        <ele>622.25</ele>
      </trkpt>
      <trkpt lat="40.495472028851509" lon="-3.783298982307315">
        <ele>623.75</ele>
      </trkpt>
      <trkpt lat="40.501350006088614" lon="-3.801305992528796">
        <ele>646.25</ele>
      </trkpt>
      <trkpt lat="40.502046961337328" lon="-3.803428038954735">
        <ele>648.75</ele>
      </trkpt>
      <trkpt lat="40.502215018495917" lon="-3.803960038349032">
        <ele>645</ele>
      </trkpt>
      <trkpt lat="40.502418028190732" lon="-3.804628998041153">
        <ele>646.25</ele>
      </trkpt>
      <trkpt lat="40.502577032893896" lon="-3.805230986326933">
        <ele>643.75</ele>
      </trkpt>
      <trkpt lat="40.504061970859766" lon="-3.811514982953668">
        <ele>646.5</ele>
      </trkpt>
      <trkpt lat="40.504655996337533" lon="-3.8140759896487">
        <ele>644.25</ele>
      </trkpt>
      <trkpt lat="40.505624022334814" lon="-3.818102991208434">
        <ele>648.75</ele>
      </trkpt>
      <trkpt lat="40.506956996396184" lon="-3.823717022314668">
        <ele>648</ele>
      </trkpt>
      <trkpt lat="40.507186995819211" lon="-3.82471296004951">
        <ele>648.75</ele>
      </trkpt>
      <trkpt lat="40.507341977208853" lon="-3.825435983017087">
        <ele>650.25</ele>
      </trkpt>
      <trkpt lat="40.507447002455592" lon="-3.826033025979996">
        <ele>648.25</ele>
      </trkpt>
      <trkpt lat="40.507501987740397" lon="-3.826481038704515">
        <ele>648</ele>
      </trkpt>
      <trkpt lat="40.507544986903667" lon="-3.826921004801989">
        <ele>647</ele>
      </trkpt>
      <trkpt lat="40.507570970803499" lon="-3.827472031116486">
        <ele>645.25</ele>
      </trkpt>
      <trkpt lat="40.507575999945402" lon="-3.827905040234327">
        <ele>643</ele>
      </trkpt>
      <trkpt lat="40.507558984681964" lon="-3.82838498800993">
        <ele>644</ele>
      </trkpt>
      <trkpt lat="40.507523026317358" lon="-3.828926039859653">
        <ele>646.75</ele>
      </trkpt>
      <trkpt lat="40.50746301189065" lon="-3.829485028982163">
        <ele>646.75</ele>
      </trkpt>
      <trkpt lat="40.507325967773795" lon="-3.830459006130695">
        <ele>640.75</ele>
      </trkpt>
      <trkpt lat="40.507183978334069" lon="-3.831424014642835">
        <ele>642.5</ele>
      </trkpt>
      <trkpt lat="40.506586013361812" lon="-3.83558101952076">
        <ele>656</ele>
      </trkpt>
      <trkpt lat="40.506538990885019" lon="-3.836061973124743">
        <ele>659</ele>
      </trkpt>
      <trkpt lat="40.506510995328426" lon="-3.836520966142416">
        <ele>659.25</ele>
      </trkpt>
      <trkpt lat="40.506501020863652" lon="-3.836887003853917">
        <ele>659.75</ele>
      </trkpt>
      <trkpt lat="40.506518958136439" lon="-3.837384972721338">
        <ele>659.75</ele>
      </trkpt>
      <trkpt lat="40.506549971178174" lon="-3.837735000997782">
        <ele>658.25</ele>
      </trkpt>
      <trkpt lat="40.506591964513063" lon="-3.838078994303942">
        <ele>656.75</ele>
      </trkpt>
      <trkpt lat="40.506648039445281" lon="-3.838424999266863">
        <ele>655</ele>
      </trkpt>
      <trkpt lat="40.506702018901706" lon="-3.838692968711257">
        <ele>649.25</ele>
      </trkpt>
      <trkpt lat="40.506922965869308" lon="-3.839648002758622">
        <ele>657.75</ele>
      </trkpt>
      <trkpt lat="40.509985964745283" lon="-3.851920031011105">
        <ele>680.25</ele>
      </trkpt>
      <trkpt lat="40.510564986616373" lon="-3.854278028011322">
        <ele>683.25</ele>
      </trkpt>
      <trkpt lat="40.510691972449422" lon="-3.854843974113464">
        <ele>684.25</ele>
      </trkpt>
      <trkpt lat="40.510796997696161" lon="-3.855376979336143">
        <ele>685.75</ele>
      </trkpt>
      <trkpt lat="40.510846031829715" lon="-3.855660958215594">
        <ele>686.75</ele>
      </trkpt>
      <trkpt lat="40.510915014892817" lon="-3.856148030608892">
        <ele>686.75</ele>
      </trkpt>
      <trkpt lat="40.510988021269441" lon="-3.856823025271297">
        <ele>687.75</ele>
      </trkpt>
      <trkpt lat="40.511025991290808" lon="-3.857409004122019">
        <ele>688</ele>
      </trkpt>
      <trkpt lat="40.511038983240724" lon="-3.857980985194445">
        <ele>690.5</ele>
      </trkpt>
      <trkpt lat="40.511035965755582" lon="-3.858593031764031">
        <ele>691.25</ele>
      </trkpt>
      <trkpt lat="40.511000007390976" lon="-3.859592992812395">
        <ele>692.25</ele>
      </trkpt>
      <trkpt lat="40.510632963851094" lon="-3.867396963760257">
        <ele>707.75</ele>
      </trkpt>
      <trkpt lat="40.510508995503187" lon="-3.870091997087002">
        <ele>711.75</ele>
      </trkpt>
      <trkpt lat="40.510501032695174" lon="-3.870564987882972">
        <ele>713.25</ele>
      </trkpt>
      <trkpt lat="40.510510001331568" lon="-3.871048958972096">
        <ele>713.5</ele>
      </trkpt>
      <trkpt lat="40.510543026030064" lon="-3.871519016101956">
        <ele>713.5</ele>
      </trkpt>
      <trkpt lat="40.510608991608024" lon="-3.871993012726307">
        <ele>716</ele>
      </trkpt>
      <trkpt lat="40.510705970227718" lon="-3.872469021007419">
        <ele>719.5</ele>
      </trkpt>
      <trkpt lat="40.510761961340904" lon="-3.872692985460162">
        <ele>718</ele>
      </trkpt>
      <trkpt lat="40.510867992416024" lon="-3.873057011514902">
        <ele>715.5</ele>
      </trkpt>
      <trkpt lat="40.510906968265772" lon="-3.873176034539938">
        <ele>716.5</ele>
      </trkpt>
      <trkpt lat="40.511127999052405" lon="-3.873728988692164">
        <ele>719</ele>
      </trkpt>
      <trkpt lat="40.511220032349229" lon="-3.873923029750586">
        <ele>721.25</ele>
      </trkpt>
      <trkpt lat="40.511420024558902" lon="-3.874296024441719">
        <ele>720.75</ele>
      </trkpt>
      <trkpt lat="40.511527983471751" lon="-3.874481013044715">
        <ele>723</ele>
      </trkpt>
      <trkpt lat="40.511774998158216" lon="-3.874842021614313">
        <ele>723</ele>
      </trkpt>
      <trkpt lat="40.512037016451359" lon="-3.875170005485416">
        <ele>723</ele>
      </trkpt>
      <trkpt lat="40.512367011979222" lon="-3.875550040975213">
        <ele>724.25</ele>
      </trkpt>
      <trkpt lat="40.512773031368852" lon="-3.87599696405232">
        <ele>725</ele>
      </trkpt>
      <trkpt lat="40.513406032696366" lon="-3.876666007563472">
        <ele>724.75</ele>
      </trkpt>
      <trkpt lat="40.513806017115712" lon="-3.877061968669295">
        <ele>725.75</ele>
      </trkpt>
      <trkpt lat="40.513996034860611" lon="-3.877234971150756">
        <ele>724.75</ele>
      </trkpt>
      <trkpt lat="40.514304991811514" lon="-3.877481985837221">
        <ele>724.5</ele>
      </trkpt>
      <trkpt lat="40.514485035091639" lon="-3.87760897167027">
        <ele>725.25</ele>
      </trkpt>
      <trkpt lat="40.514782005921006" lon="-3.877798989415169">
        <ele>724.5</ele>
      </trkpt>
      <trkpt lat="40.51500303670764" lon="-3.877928992733359">
        <ele>724</ele>
      </trkpt>
      <trkpt lat="40.515213003382087" lon="-3.87803896330297">
        <ele>723.75</ele>
      </trkpt>
      <trkpt lat="40.51713296212256" lon="-3.879015035927296">
        <ele>724.25</ele>
      </trkpt>
      <trkpt lat="40.518596023321152" lon="-3.879764964804053">
        <ele>725</ele>
      </trkpt>
      <trkpt lat="40.520004015415907" lon="-3.880471978336573">
        <ele>723.75</ele>
      </trkpt>
      <trkpt lat="40.524238971993327" lon="-3.882625959813595">
        <ele>725.5</ele>
      </trkpt>
      <trkpt lat="40.524435024708509" lon="-3.882740959525108">
        <ele>726.5</ele>
      </trkpt>
      <trkpt lat="40.524949003010988" lon="-3.88308797031641">
        <ele>727</ele>
      </trkpt>
      <trkpt lat="40.530100017786026" lon="-3.885699016973376">
        <ele>730</ele>
      </trkpt>
      <trkpt lat="40.537237040698528" lon="-3.889318993315101">
        <ele>736.5</ele>
      </trkpt>
      <trkpt lat="40.538244964554906" lon="-3.889838000759482">
        <ele>737</ele>
      </trkpt>
      <trkpt lat="40.538400029763579" lon="-3.889917964115739">
        <ele>738</ele>
      </trkpt>
      <trkpt lat="40.540976962074637" lon="-3.891211040318012">
        <ele>740.25</ele>
      </trkpt>
      <trkpt lat="40.54850198328495" lon="-3.895028997212648">
        <ele>753.25</ele>
      </trkpt>
      <trkpt lat="40.549218971282244" lon="-3.895437028259039">
        <ele>753.75</ele>
      </trkpt>
      <trkpt lat="40.54931896738708" lon="-3.895485978573561">
        <ele>754</ele>
      </trkpt>
      <trkpt lat="40.549472020938993" lon="-3.895574994385243">
        <ele>754.75</ele>
      </trkpt>
      <trkpt lat="40.549651980400085" lon="-3.89569896273315">
        <ele>754.25</ele>
      </trkpt>
      <trkpt lat="40.549878040328622" lon="-3.89582896605134">
        <ele>755</ele>
      </trkpt>
      <trkpt lat="40.550247011706233" lon="-3.896017977967858">
        <ele>756</ele>
      </trkpt>
      <trkpt lat="40.550792003050447" lon="-3.896341016516089">
        <ele>757</ele>
      </trkpt>
      <trkpt lat="40.553476978093386" lon="-3.897693017497659">
        <ele>761</ele>
      </trkpt>
      <trkpt lat="40.553766991943121" lon="-3.897825032472611">
        <ele>761.25</ele>
      </trkpt>
      <trkpt lat="40.554209975525737" lon="-3.897984037175775">
        <ele>762.5</ele>
      </trkpt>
      <trkpt lat="40.554406028240919" lon="-3.898069029673934">
        <ele>762</ele>
      </trkpt>
      <trkpt lat="40.554508036002517" lon="-3.898120997473598">
        <ele>762.25</ele>
      </trkpt>
      <trkpt lat="40.558553980663419" lon="-3.900170037522912">
        <ele>768.75</ele>
      </trkpt>
      <trkpt lat="40.558947008103132" lon="-3.900385033339262">
        <ele>769</ele>
      </trkpt>
      <trkpt lat="40.559203997254372" lon="-3.900547977536917">
        <ele>769.25</ele>
      </trkpt>
      <trkpt lat="40.559449000284076" lon="-3.900720980018377">
        <ele>771</ele>
      </trkpt>
      <trkpt lat="40.559775978326797" lon="-3.901001019403338">
        <ele>771.5</ele>
      </trkpt>
      <trkpt lat="40.559887960553169" lon="-3.901108978316188">
        <ele>771</ele>
      </trkpt>
      <trkpt lat="40.560099016875029" lon="-3.901330009102821">
        <ele>772.25</ele>
      </trkpt>
      <trkpt lat="40.560300014913082" lon="-3.901576017960906">
        <ele>772.75</ele>
      </trkpt>
      <trkpt lat="40.560520039871335" lon="-3.901869971305132">
        <ele>773.75</ele>
      </trkpt>
      <trkpt lat="40.560781974345446" lon="-3.902262998744845">
        <ele>773.25</ele>
      </trkpt>
      <trkpt lat="40.560923963785172" lon="-3.902514958754182">
        <ele>772.75</ele>
      </trkpt>
      <trkpt lat="40.561116999015212" lon="-3.902897005900741">
        <ele>772.5</ele>
      </trkpt>
      <trkpt lat="40.561277009546757" lon="-3.903247034177184">
        <ele>772</ele>
      </trkpt>
      <trkpt lat="40.561402989551425" lon="-3.903585998341441">
        <ele>771.75</ele>
      </trkpt>
      <trkpt lat="40.561501979827881" lon="-3.90388498082757">
        <ele>771.75</ele>
      </trkpt>
      <trkpt lat="40.561566017568111" lon="-3.904098970815539">
        <ele>772.25</ele>
      </trkpt>
      <trkpt lat="40.561647992581129" lon="-3.904428966343403">
        <ele>772</ele>
      </trkpt>
      <trkpt lat="40.56171203032136" lon="-3.904735995456576">
        <ele>774</ele>
      </trkpt>
      <trkpt lat="40.561771960929036" lon="-3.905079988762736">
        <ele>777.25</ele>
      </trkpt>
      <trkpt lat="40.561802973970771" lon="-3.905314011499286">
        <ele>777.25</ele>
      </trkpt>
      <trkpt lat="40.561837004497647" lon="-3.905665967613459">
        <ele>775.75</ele>
      </trkpt>
      <trkpt lat="40.561857037246227" lon="-3.906013984233141">
        <ele>774</ele>
      </trkpt>
      <trkpt lat="40.561862988397479" lon="-3.906369963660836">
        <ele>772</ele>
      </trkpt>
      <trkpt lat="40.561852008104324" lon="-3.906725021079183">
        <ele>769.75</ele>
      </trkpt>
      <trkpt lat="40.561828035861254" lon="-3.907076977193356">
        <ele>768.25</ele>
      </trkpt>
      <trkpt lat="40.561794005334377" lon="-3.90742801129818">
        <ele>767.75</ele>
      </trkpt>
      <trkpt lat="40.561743965372443" lon="-3.907778039574623">
        <ele>768.25</ele>
      </trkpt>
      <trkpt lat="40.561685040593147" lon="-3.908123038709164">
        <ele>771.5</ele>
      </trkpt>
      <trkpt lat="40.561092020943761" lon="-3.911333978176117">
        <ele>777</ele>
      </trkpt>
      <trkpt lat="40.561009040102363" lon="-3.911798000335693">
        <ele>777.5</ele>
      </trkpt>
      <trkpt lat="40.560954976826906" lon="-3.912145011126995">
        <ele>782</ele>
      </trkpt>
      <trkpt lat="40.560908038169146" lon="-3.912497973069549">
        <ele>784.5</ele>
      </trkpt>
      <trkpt lat="40.560871995985508" lon="-3.912852024659514">
        <ele>783.75</ele>
      </trkpt>
      <trkpt lat="40.560851041227579" lon="-3.913206998258829">
        <ele>782</ele>
      </trkpt>
      <trkpt lat="40.560845006257296" lon="-3.913562977686524">
        <ele>782.25</ele>
      </trkpt>
      <trkpt lat="40.560851963236928" lon="-3.91391602344811">
        <ele>782.75</ele>
      </trkpt>
      <trkpt lat="40.560878030955791" lon="-3.914266973733902">
        <ele>785</ele>
      </trkpt>
      <trkpt lat="40.560913989320397" lon="-3.914620019495487">
        <ele>786.5</ele>
      </trkpt>
      <trkpt lat="40.560963023453951" lon="-3.914958983659744">
        <ele>786.5</ele>
      </trkpt>
      <trkpt lat="40.561029994860291" lon="-3.915310017764568">
        <ele>784.25</ele>
      </trkpt>
      <trkpt lat="40.561105012893677" lon="-3.915627021342516">
        <ele>782.25</ele>
      </trkpt>
      <trkpt lat="40.561197968199849" lon="-3.915991969406605">
        <ele>786.25</ele>
      </trkpt>
      <trkpt lat="40.561316991224885" lon="-3.916423972696066">
        <ele>784.25</ele>
      </trkpt>
      <trkpt lat="40.562581988051534" lon="-3.920939974486828">
        <ele>784.75</ele>
      </trkpt>
      <trkpt lat="40.562719032168388" lon="-3.921421011909843">
        <ele>785</ele>
      </trkpt>
      <trkpt lat="40.562891028821468" lon="-3.921967009082437">
        <ele>785.5</ele>
      </trkpt>
      <trkpt lat="40.563050033524632" lon="-3.922391971573234">
        <ele>787.75</ele>
      </trkpt>
      <trkpt lat="40.56328296661377" lon="-3.922899998724461">
        <ele>789.25</ele>
      </trkpt>
      <trkpt lat="40.563551019877195" lon="-3.923381036147475">
        <ele>792.5</ele>
      </trkpt>
      <trkpt lat="40.563841033726931" lon="-3.923818990588188">
        <ele>793.5</ele>
      </trkpt>
      <trkpt lat="40.564166000112891" lon="-3.924250993877649">
        <ele>793.75</ele>
      </trkpt>
      <trkpt lat="40.565183982253075" lon="-3.925427980720997">
        <ele>790.5</ele>
      </trkpt>
      <trkpt lat="40.565525041893125" lon="-3.925811033695936">
        <ele>792.25</ele>
      </trkpt>
      <trkpt lat="40.565718999132514" lon="-3.926041033118963">
        <ele>798</ele>
      </trkpt>
      <trkpt lat="40.565919997170568" lon="-3.926282012835145">
        <ele>799.25</ele>
      </trkpt>
      <trkpt lat="40.566115966066718" lon="-3.926536990329623">
        <ele>796</ele>
      </trkpt>
      <trkpt lat="40.566295003518462" lon="-3.926791967824101">
        <ele>796.5</ele>
      </trkpt>
      <trkpt lat="40.566469011828303" lon="-3.927068989723921">
        <ele>793.5</ele>
      </trkpt>
      <trkpt lat="40.566623993217945" lon="-3.92734601162374">
        <ele>791.75</ele>
      </trkpt>
      <trkpt lat="40.566762965172529" lon="-3.927627978846431">
        <ele>788.5</ele>
      </trkpt>
      <trkpt lat="40.566894980147481" lon="-3.927935007959604">
        <ele>789.75</ele>
      </trkpt>
      <trkpt lat="40.567017020657659" lon="-3.928244970738888">
        <ele>788.5</ele>
      </trkpt>
      <trkpt lat="40.567123973742127" lon="-3.928567003458738">
        <ele>790</ele>
      </trkpt>
      <trkpt lat="40.567222964018583" lon="-3.928904039785266">
        <ele>793.75</ele>
      </trkpt>
      <trkpt lat="40.567308040335774" lon="-3.929238980636001">
        <ele>790.25</ele>
      </trkpt>
      <trkpt lat="40.567381968721747" lon="-3.929580040276051">
        <ele>791.25</ele>
      </trkpt>
      <trkpt lat="40.567447012290359" lon="-3.929915986955166">
        <ele>794.5</ele>
      </trkpt>
      <trkpt lat="40.567503003403544" lon="-3.930269032716751">
        <ele>795.75</ele>
      </trkpt>
      <trkpt lat="40.567552037537098" lon="-3.930615959689021">
        <ele>793.5</ele>
      </trkpt>
      <trkpt lat="40.567592019215226" lon="-3.930977974087">
        <ele>792.25</ele>
      </trkpt>
      <trkpt lat="40.567667037248611" lon="-3.931868970394135">
        <ele>795.25</ele>
      </trkpt>
      <trkpt lat="40.56809401139617" lon="-3.938013995066285">
        <ele>811</ele>
      </trkpt>
      <trkpt lat="40.568325016647577" lon="-3.941363990306854">
        <ele>808.25</ele>
      </trkpt>
      <trkpt lat="40.56845803745091" lon="-3.943168027326465">
        <ele>813.25</ele>
      </trkpt>
      <trkpt lat="40.568510005250573" lon="-3.943682005628943">
        <ele>810.25</ele>
      </trkpt>
      <trkpt lat="40.568578988313675" lon="-3.944257004186511">
        <ele>808.5</ele>
      </trkpt>
      <trkpt lat="40.568660041317344" lon="-3.944842983037233">
        <ele>808.25</ele>
      </trkpt>
      <trkpt lat="40.568756014108658" lon="-3.945428961887956">
        <ele>806</ele>
      </trkpt>
      <trkpt lat="40.568866990506649" lon="-3.946007983759046">
        <ele>808.75</ele>
      </trkpt>
      <trkpt lat="40.568991964682937" lon="-3.946567978709936">
        <ele>807.25</ele>
      </trkpt>
      <trkpt lat="40.569139989092946" lon="-3.947136020287871">
        <ele>810.75</ele>
      </trkpt>
      <trkpt lat="40.569299999624491" lon="-3.94769199192524">
        <ele>813.75</ele>
      </trkpt>
      <trkpt lat="40.56946998462081" lon="-3.948236983269453">
        <ele>817</ele>
      </trkpt>
      <trkpt lat="40.569625971838832" lon="-3.948708968237042">
        <ele>820.25</ele>
      </trkpt>
      <trkpt lat="40.569764021784067" lon="-3.949100989848375">
        <ele>822</ele>
      </trkpt>
      <trkpt lat="40.569906011223793" lon="-3.949471972882748">
        <ele>824</ele>
      </trkpt>
      <trkpt lat="40.570112960413098" lon="-3.949987040832639">
        <ele>826.75</ele>
      </trkpt>
      <trkpt lat="40.570329967886209" lon="-3.950487021356821">
        <ele>823</ele>
      </trkpt>
      <trkpt lat="40.570571031421423" lon="-3.950999993830919">
        <ele>822</ele>
      </trkpt>
      <trkpt lat="40.570816034451127" lon="-3.951484970748425">
        <ele>819.75</ele>
      </trkpt>
      <trkpt lat="40.571108981966972" lon="-3.952019987627864">
        <ele>820.5</ele>
      </trkpt>
      <trkpt lat="40.571294976398349" lon="-3.952341014519334">
        <ele>823.75</ele>
      </trkpt>
      <trkpt lat="40.571493962779641" lon="-3.952667992562056">
        <ele>823.75</ele>
      </trkpt>
      <trkpt lat="40.571885984390974" lon="-3.953268975019455">
        <ele>821.5</ele>
      </trkpt>
      <trkpt lat="40.572062004357576" lon="-3.953512972220779">
        <ele>822</ele>
      </trkpt>
      <trkpt lat="40.572470035403967" lon="-3.954038014635444">
        <ele>818.75</ele>
      </trkpt>
      <trkpt lat="40.572518985718489" lon="-3.954108003526926">
        <ele>818.25</ele>
      </trkpt>
      <trkpt lat="40.572688970714808" lon="-3.954321993514895">
        <ele>817.5</ele>
      </trkpt>
      <trkpt lat="40.573018966242671" lon="-3.95469699986279">
        <ele>818.25</ele>
      </trkpt>
      <trkpt lat="40.573594970628619" lon="-3.955423962324858">
        <ele>819</ele>
      </trkpt>
      <trkpt lat="40.574566014111042" lon="-3.956730030477047">
        <ele>820.75</ele>
      </trkpt>
      <trkpt lat="40.575269004330039" lon="-3.957698978483677">
        <ele>822</ele>
      </trkpt>
      <trkpt lat="40.575524987652898" lon="-3.958066022023559">
        <ele>821.75</ele>
      </trkpt>
      <trkpt lat="40.576032008975744" lon="-3.958750991150737">
        <ele>822.75</ele>
      </trkpt>
      <trkpt lat="40.576243987306952" lon="-3.959027007222176">
        <ele>824.25</ele>
      </trkpt>
      <trkpt lat="40.576338032260537" lon="-3.959171008318663">
        <ele>824</ele>
      </trkpt>
      <trkpt lat="40.576484967023134" lon="-3.959362031891942">
        <ele>826</ele>
      </trkpt>
      <trkpt lat="40.576593009755015" lon="-3.95948700606823">
        <ele>825.75</ele>
      </trkpt>
      <trkpt lat="40.576694011688232" lon="-3.959591025486589">
        <ele>826.25</ele>
      </trkpt>
      <trkpt lat="40.577194998040795" lon="-3.960124030709267">
        <ele>823.25</ele>
      </trkpt>
      <trkpt lat="40.577305974438787" lon="-3.960225032642484">
        <ele>822</ele>
      </trkpt>
      <trkpt lat="40.577619960531592" lon="-3.960483027622104">
        <ele>820</ele>
      </trkpt>
      <trkpt lat="40.577779971063137" lon="-3.960603978484869">
        <ele>821.25</ele>
      </trkpt>
      <trkpt lat="40.57810602709651" lon="-3.960833977907896">
        <ele>821.25</ele>
      </trkpt>
      <trkpt lat="40.578436022624373" lon="-3.961047967895865">
        <ele>818.75</ele>
      </trkpt>
      <trkpt lat="40.57875202037394" lon="-3.961233962327242">
        <ele>819.25</ele>
      </trkpt>
      <trkpt lat="40.57907204143703" lon="-3.961403025314212">
        <ele>822.5</ele>
      </trkpt>
      <trkpt lat="40.579456016421318" lon="-3.961579967290163">
        <ele>822.5</ele>
      </trkpt>
      <trkpt lat="40.579772014170885" lon="-3.961707036942244">
        <ele>822.25</ele>
      </trkpt>
      <trkpt lat="40.580030009150505" lon="-3.961796974763274">
        <ele>822.75</ele>
      </trkpt>
      <trkpt lat="40.580309964716434" lon="-3.961885990574956">
        <ele>823.25</ele>
      </trkpt>
      <trkpt lat="40.580640966072679" lon="-3.961971988901496">
        <ele>823.25</ele>
      </trkpt>
      <trkpt lat="40.581005997955799" lon="-3.962050024420023">
        <ele>825</ele>
      </trkpt>
      <trkpt lat="40.5813720356673" lon="-3.96211096085608">
        <ele>827.25</ele>
      </trkpt>
      <trkpt lat="40.581745030358434" lon="-3.962149014696479">
        <ele>825.5</ele>
      </trkpt>
      <trkpt lat="40.582097992300987" lon="-3.962171981111169">
        <ele>825.25</ele>
      </trkpt>
      <trkpt lat="40.583709999918938" lon="-3.96223995834589">
        <ele>821.5</ele>
      </trkpt>
      <trkpt lat="40.583986015990376" lon="-3.962257979437709">
        <ele>821.75</ele>
      </trkpt>
      <trkpt lat="40.584258008748293" lon="-3.962283963337541">
        <ele>822</ele>
      </trkpt>
      <trkpt lat="40.584522960707545" lon="-3.962325034663081">
        <ele>823</ele>
      </trkpt>
      <trkpt lat="40.584790008142591" lon="-3.962385971099138">
        <ele>822.25</ele>
      </trkpt>
      <trkpt lat="40.585010033100843" lon="-3.962451014667749">
        <ele>822.25</ele>
      </trkpt>
      <trkpt lat="40.585256963968277" lon="-3.962535001337528">
        <ele>822.25</ele>
      </trkpt>
      <trkpt lat="40.585512025281787" lon="-3.962644971907139">
        <ele>820.25</ele>
      </trkpt>
      <trkpt lat="40.585759961977601" lon="-3.962772041559219">
        <ele>822</ele>
      </trkpt>
      <trkpt lat="40.586009994149208" lon="-3.962915958836675">
        <ele>820.25</ele>
      </trkpt>
      <trkpt lat="40.586297996342182" lon="-3.963109999895096">
        <ele>820.5</ele>
      </trkpt>
      <trkpt lat="40.586484996601939" lon="-3.963250983506441">
        <ele>820.75</ele>
      </trkpt>
      <trkpt lat="40.586709966883063" lon="-3.96344100125134">
        <ele>820.75</ele>
      </trkpt>
      <trkpt lat="40.586934015154839" lon="-3.963651973754168">
        <ele>822.25</ele>
      </trkpt>
      <trkpt lat="40.587155967950821" lon="-3.963880967348814">
        <ele>823</ele>
      </trkpt>
      <trkpt lat="40.5873469915241" lon="-3.964105015620589">
        <ele>823.25</ele>
      </trkpt>
      <trkpt lat="40.587534997612238" lon="-3.964347001165152">
        <ele>823.25</ele>
      </trkpt>
      <trkpt lat="40.587737001478672" lon="-3.964635003358126">
        <ele>823.5</ele>
      </trkpt>
      <trkpt lat="40.587918972596526" lon="-3.964926023036242">
        <ele>821.25</ele>
      </trkpt>
      <trkpt lat="40.588086023926735" lon="-3.965221988037229">
        <ele>821.5</ele>
      </trkpt>
      <trkpt lat="40.588384000584483" lon="-3.965819031000137">
        <ele>821.25</ele>
      </trkpt>
      <trkpt lat="40.589958038181067" lon="-3.969194004312158">
        <ele>829.5</ele>
      </trkpt>
      <trkpt lat="40.590184014290571" lon="-3.969685016199946">
        <ele>832.75</ele>
      </trkpt>
      <trkpt lat="40.590520966798067" lon="-3.970392029732466">
        <ele>834.75</ele>
      </trkpt>
      <trkpt lat="40.590672008693218" lon="-3.970689000561833">
        <ele>829.25</ele>
      </trkpt>
      <trkpt lat="40.590833025053144" lon="-3.970971973612905">
        <ele>829.75</ele>
      </trkpt>
      <trkpt lat="40.591009967029095" lon="-3.971246983855963">
        <ele>831</ele>
      </trkpt>
      <trkpt lat="40.591197973117232" lon="-3.971506990492344">
        <ele>833</ele>
      </trkpt>
      <trkpt lat="40.591384973376989" lon="-3.971736989915371">
        <ele>833.5</ele>
      </trkpt>
      <trkpt lat="40.591591000556946" lon="-3.97197101265192">
        <ele>835.75</ele>
      </trkpt>
      <trkpt lat="40.591816976666451" lon="-3.972201012074947">
        <ele>835.75</ele>
      </trkpt>
      <trkpt lat="40.592041024938226" lon="-3.972406033426523">
        <ele>833.75</ele>
      </trkpt>
      <trkpt lat="40.592274041846395" lon="-3.972596973180771">
        <ele>833.25</ele>
      </trkpt>
      <trkpt lat="40.592512004077435" lon="-3.972766036167741">
        <ele>835</ele>
      </trkpt>
      <trkpt lat="40.592764969915152" lon="-3.972930992022157">
        <ele>836.25</ele>
      </trkpt>
      <trkpt lat="40.593053977936506" lon="-3.97308899089694">
        <ele>836.25</ele>
      </trkpt>
      <trkpt lat="40.593262016773224" lon="-3.973190998658538">
        <ele>839.75</ele>
      </trkpt>
      <trkpt lat="40.593518000096083" lon="-3.973294012248516">
        <ele>839.25</ele>
      </trkpt>
      <trkpt lat="40.593784041702747" lon="-3.97338897921145">
        <ele>840.5</ele>
      </trkpt>
      <trkpt lat="40.595535021275282" lon="-3.973918966948986">
        <ele>841</ele>
      </trkpt>
      <trkpt lat="40.595892006531358" lon="-3.974050981923938">
        <ele>845.5</ele>
      </trkpt>
      <trkpt lat="40.596217978745699" lon="-3.974200012162328">
        <ele>840.25</ele>
      </trkpt>
      <trkpt lat="40.596568007022142" lon="-3.97439799271524">
        <ele>840.75</ele>
      </trkpt>
      <trkpt lat="40.596872018650174" lon="-3.974611982703209">
        <ele>840.25</ele>
      </trkpt>
      <trkpt lat="40.597177958115935" lon="-3.974865032359958">
        <ele>839</ele>
      </trkpt>
      <trkpt lat="40.597463026642799" lon="-3.975139958783984">
        <ele>838.75</ele>
      </trkpt>
      <trkpt lat="40.597737031057477" lon="-3.975446987897158">
        <ele>841.25</ele>
      </trkpt>
      <trkpt lat="40.597991002723575" lon="-3.975778995081782">
        <ele>843</ele>
      </trkpt>
      <trkpt lat="40.598226031288505" lon="-3.976141009479761">
        <ele>844.75</ele>
      </trkpt>
      <trkpt lat="40.598438009619713" lon="-3.976515009999275">
        <ele>845.5</ele>
      </trkpt>
      <trkpt lat="40.598620986565948" lon="-3.97689001634717">
        <ele>845.25</ele>
      </trkpt>
      <trkpt lat="40.598792983219028" lon="-3.977312967181206">
        <ele>846.25</ele>
      </trkpt>
      <trkpt lat="40.598936984315515" lon="-3.977728961035609">
        <ele>846.25</ele>
      </trkpt>
      <trkpt lat="40.599071010947227" lon="-3.978173034265637">
        <ele>847</ele>
      </trkpt>
      <trkpt lat="40.599404023960233" lon="-3.979343986138701">
        <ele>847.5</ele>
      </trkpt>
      <trkpt lat="40.59978699311614" lon="-3.980690035969019">
        <ele>850.75</ele>
      </trkpt>
      <trkpt lat="40.599896963685751" lon="-3.981050960719585">
        <ele>849.5</ele>
      </trkpt>
      <trkpt lat="40.600006012246013" lon="-3.98137902840972">
        <ele>849</ele>
      </trkpt>
      <trkpt lat="40.600128974765539" lon="-3.981697037816048">
        <ele>849.25</ele>
      </trkpt>
      <trkpt lat="40.600191000849009" lon="-3.981839027255774">
        <ele>849.25</ele>
      </trkpt>
      <trkpt lat="40.600264007225633" lon="-3.982008006423712">
        <ele>848.75</ele>
      </trkpt>
      <trkpt lat="40.600498029962182" lon="-3.982458030804992">
        <ele>848.75</ele>
      </trkpt>
      <trkpt lat="40.600577993318439" lon="-3.982594991102815">
        <ele>849.75</ele>
      </trkpt>
      <trkpt lat="40.600756024941802" lon="-3.982870001345873">
        <ele>850.5</ele>
      </trkpt>
      <trkpt lat="40.600940007716417" lon="-3.983129002153873">
        <ele>850</ele>
      </trkpt>
      <trkpt lat="40.601126002147794" lon="-3.983363024890423">
        <ele>849</ele>
      </trkpt>
      <trkpt lat="40.601469995453954" lon="-3.983731996268034">
        <ele>849.75</ele>
      </trkpt>
      <trkpt lat="40.601685997098684" lon="-3.983928970992565">
        <ele>849.5</ele>
      </trkpt>
      <trkpt lat="40.601886995136738" lon="-3.984093004837632">
        <ele>851</ele>
      </trkpt>
      <trkpt lat="40.602098973467946" lon="-3.984245974570513">
        <ele>851.75</ele>
      </trkpt>
      <trkpt lat="40.602336013689637" lon="-3.984397016465664">
        <ele>852.5</ele>
      </trkpt>
      <trkpt lat="40.602556960657239" lon="-3.984516961500049">
        <ele>850.25</ele>
      </trkpt>
      <trkpt lat="40.602890979498625" lon="-3.9846680033952">
        <ele>850.5</ele>
      </trkpt>
      <trkpt lat="40.603149980306625" lon="-3.984760036692023">
        <ele>849.25</ele>
      </trkpt>
      <trkpt lat="40.603417027741671" lon="-3.98484100587666">
        <ele>848</ele>
      </trkpt>
      <trkpt lat="40.605533039197326" lon="-3.985436959192157">
        <ele>850.5</ele>
      </trkpt>
      <trkpt lat="40.606051040813327" lon="-3.98561398498714">
        <ele>852.5</ele>
      </trkpt>
      <trkpt lat="40.606391010805964" lon="-3.985770978033543">
        <ele>853</ele>
      </trkpt>
      <trkpt lat="40.606706002727151" lon="-3.985951021313667">
        <ele>854.5</ele>
      </trkpt>
      <trkpt lat="40.607022000476718" lon="-3.986168028786779">
        <ele>855.5</ele>
      </trkpt>
      <trkpt lat="40.609253011643887" lon="-3.987906016409397">
        <ele>860</ele>
      </trkpt>
      <trkpt lat="40.609844019636512" lon="-3.988346988335252">
        <ele>860.75</ele>
      </trkpt>
      <trkpt lat="40.610242998227477" lon="-3.988623004406691">
        <ele>860</ele>
      </trkpt>
      <trkpt lat="40.610855966806412" lon="-3.989004967734218">
        <ele>857.25</ele>
      </trkpt>
      <trkpt lat="40.611275983974338" lon="-3.989232033491135">
        <ele>858.25</ele>
      </trkpt>
      <trkpt lat="40.611702958121896" lon="-3.989444011822343">
        <ele>859.75</ele>
      </trkpt>
      <trkpt lat="40.612132027745247" lon="-3.989642998203635">
        <ele>858.5</ele>
      </trkpt>
      <trkpt lat="40.614604018628597" lon="-3.990723006427288">
        <ele>867.5</ele>
      </trkpt>
      <trkpt lat="40.615030992776155" lon="-3.990914030000567">
        <ele>864.25</ele>
      </trkpt>
      <trkpt lat="40.615453021600842" lon="-3.991120979189873">
        <ele>864.25</ele>
      </trkpt>
      <trkpt lat="40.615868009626865" lon="-3.991352990269661">
        <ele>862.75</ele>
      </trkpt>
      <trkpt lat="40.61626598238945" lon="-3.991594975814223">
        <ele>863</ele>
      </trkpt>
      <trkpt lat="40.616666972637177" lon="-3.991869986057282">
        <ele>865.75</ele>
      </trkpt>
      <trkpt lat="40.617055976763368" lon="-3.992164023220539">
        <ele>867.5</ele>
      </trkpt>
      <trkpt lat="40.617437018081546" lon="-3.992481026798487">
        <ele>866.75</ele>
      </trkpt>
      <trkpt lat="40.617809006944299" lon="-3.992824014276266">
        <ele>866</ele>
      </trkpt>
      <trkpt lat="40.618161968886852" lon="-3.993180999532342">
        <ele>865</ele>
      </trkpt>
      <trkpt lat="40.618860013782978" lon="-3.99392900057137">
        <ele>864.25</ele>
      </trkpt>
      <trkpt lat="40.623366041108966" lon="-3.998849010095">
        <ele>871.5</ele>
      </trkpt>
      <trkpt lat="40.623994013294578" lon="-3.999544959515333">
        <ele>869</ele>
      </trkpt>
      <trkpt lat="40.624186964705586" lon="-3.999780993908644">
        <ele>868.75</ele>
      </trkpt>
      <trkpt lat="40.624362984672189" lon="-4.000022979453206">
        <ele>868</ele>
      </trkpt>
      <trkpt lat="40.624542022123933" lon="-4.000308969989419">
        <ele>869.75</ele>
      </trkpt>
      <trkpt lat="40.624697003513575" lon="-4.000592026859522">
        <ele>870.25</ele>
      </trkpt>
      <trkpt lat="40.624890960752964" lon="-4.001023024320602">
        <ele>871</ele>
      </trkpt>
      <trkpt lat="40.625021969899535" lon="-4.001368023455143">
        <ele>872</ele>
      </trkpt>
      <trkpt lat="40.625087013468146" lon="-4.001563992351294">
        <ele>873.75</ele>
      </trkpt>
      <trkpt lat="40.625284994021058" lon="-4.002120969817042">
        <ele>873</ele>
      </trkpt>
      <trkpt lat="40.625393958762288" lon="-4.002507040277124">
        <ele>874.5</ele>
      </trkpt>
      <trkpt lat="40.625423965975642" lon="-4.002635031938553">
        <ele>873.25</ele>
      </trkpt>
      <trkpt lat="40.625577019527555" lon="-4.003412034362555">
        <ele>872</ele>
      </trkpt>
      <trkpt lat="40.625643990933895" lon="-4.003841020166874">
        <ele>871.5</ele>
      </trkpt>
      <trkpt lat="40.62565497122705" lon="-4.003910003229976">
        <ele>871.5</ele>
      </trkpt>
      <trkpt lat="40.625748010352254" lon="-4.004495982080698">
        <ele>871.5</ele>
      </trkpt>
      <trkpt lat="40.62591003254056" lon="-4.005757961422205">
        <ele>874</ele>
      </trkpt>
      <trkpt lat="40.626174984499812" lon="-4.007509024813771">
        <ele>874</ele>
      </trkpt>
      <trkpt lat="40.6264069955796" lon="-4.009006032720208">
        <ele>874</ele>
      </trkpt>
      <trkpt lat="40.626507997512817" lon="-4.009704999625683">
        <ele>877</ele>
      </trkpt>
      <trkpt lat="40.626592990010977" lon="-4.01049398817122">
        <ele>877</ele>
      </trkpt>
      <trkpt lat="40.626611011102796" lon="-4.011016013100743">
        <ele>876.5</ele>
      </trkpt>
      <trkpt lat="40.626614028587937" lon="-4.011161020025611">
        <ele>876.5</ele>
      </trkpt>
      <trkpt lat="40.626635989174247" lon="-4.011881025508046">
        <ele>875.5</ele>
      </trkpt>
      <trkpt lat="40.626655016094446" lon="-4.012167016044259">
        <ele>875.75</ele>
      </trkpt>
      <trkpt lat="40.626671025529504" lon="-4.012294001877308">
        <ele>876.25</ele>
      </trkpt>
      <trkpt lat="40.626729028299451" lon="-4.012597007676959">
        <ele>877</ele>
      </trkpt>
      <trkpt lat="40.626765992492437" lon="-4.012732962146401">
        <ele>877</ele>
      </trkpt>
      <trkpt lat="40.626940000802279" lon="-4.013215005397797">
        <ele>875</ele>
      </trkpt>
      <trkpt lat="40.627127001062036" lon="-4.013655977323651">
        <ele>874.25</ele>
      </trkpt>
      <trkpt lat="40.627303021028638" lon="-4.013998964801431">
        <ele>874</ele>
      </trkpt>
      <trkpt lat="40.62739497050643" lon="-4.014153024181724">
        <ele>872.5</ele>
      </trkpt>
      <trkpt lat="40.627547018229961" lon="-4.014394003897905">
        <ele>873</ele>
      </trkpt>
      <trkpt lat="40.627719014883041" lon="-4.014630960300565">
        <ele>873.5</ele>
      </trkpt>
      <trkpt lat="40.627921018749475" lon="-4.01487797498703">
        <ele>873.5</ele>
      </trkpt>
      <trkpt lat="40.628241961821914" lon="-4.015200007706881">
        <ele>873.25</ele>
      </trkpt>
      <trkpt lat="40.628590984269977" lon="-4.0154770296067">
        <ele>872.25</ele>
      </trkpt>
      <trkpt lat="40.628831963986158" lon="-4.015639973804355">
        <ele>871.5</ele>
      </trkpt>
      <trkpt lat="40.629619024693966" lon="-4.016134003177285">
        <ele>871.75</ele>
      </trkpt>
      <trkpt lat="40.629793033003807" lon="-4.016244979575276">
        <ele>871.75</ele>
      </trkpt>
      <trkpt lat="40.631212005391717" lon="-4.017139999195933">
        <ele>872</ele>
      </trkpt>
      <trkpt lat="40.63151802867651" lon="-4.017333034425974">
        <ele>870.75</ele>
      </trkpt>
      <trkpt lat="40.631636967882514" lon="-4.017406962811947">
        <ele>870</ele>
      </trkpt>
      <trkpt lat="40.638441983610392" lon="-4.021685002371669">
        <ele>876.5</ele>
      </trkpt>
      <trkpt lat="40.638897959142923" lon="-4.02196504175663">
        <ele>876.75</ele>
      </trkpt>
      <trkpt lat="40.639051012694836" lon="-4.022066965699196">
        <ele>876</ele>
      </trkpt>
      <trkpt lat="40.639199959114194" lon="-4.0221600048244">
        <ele>876.25</ele>
      </trkpt>
      <trkpt lat="40.640237974002957" lon="-4.022816978394985">
        <ele>874.75</ele>
      </trkpt>
      <trkpt lat="40.640317015349865" lon="-4.022866012528539">
        <ele>875.5</ele>
      </trkpt>
      <trkpt lat="40.640546008944511" lon="-4.023005990311503">
        <ele>877</ele>
      </trkpt>
      <trkpt lat="40.641100974753499" lon="-4.023356018587947">
        <ele>877.5</ele>
      </trkpt>
      <trkpt lat="40.643758960068226" lon="-4.025029968470335">
        <ele>877</ele>
      </trkpt>
      <trkpt lat="40.646604029461741" lon="-4.026817996054888">
        <ele>882.25</ele>
      </trkpt>
      <trkpt lat="40.646844003349543" lon="-4.026977000758052">
        <ele>882.5</ele>
      </trkpt>
      <trkpt lat="40.64707400277257" lon="-4.02714597992599">
        <ele>883.5</ele>
      </trkpt>
      <trkpt lat="40.647302996367216" lon="-4.027343960478902">
        <ele>884.25</ele>
      </trkpt>
      <trkpt lat="40.647522015497088" lon="-4.027562979608774">
        <ele>884.75</ele>
      </trkpt>
      <trkpt lat="40.647717984393239" lon="-4.027798008173704">
        <ele>885.5</ele>
      </trkpt>
      <trkpt lat="40.647902972996235" lon="-4.028051979839802">
        <ele>885.25</ele>
      </trkpt>
      <trkpt lat="40.648073963820934" lon="-4.028327995911241">
        <ele>886</ele>
      </trkpt>
      <trkpt lat="40.648229029029608" lon="-4.028614992275834">
        <ele>886.5</ele>
      </trkpt>
      <trkpt lat="40.64836498349905" lon="-4.028916992247105">
        <ele>888</ele>
      </trkpt>
      <trkpt lat="40.648489035665989" lon="-4.029239024966955">
        <ele>888.25</ele>
      </trkpt>
      <trkpt lat="40.648587020114064" lon="-4.029561979696155">
        <ele>888.75</ele>
      </trkpt>
      <trkpt lat="40.648672012612224" lon="-4.029901027679443">
        <ele>889.5</ele>
      </trkpt>
      <trkpt lat="40.648736972361803" lon="-4.030245020985603">
        <ele>890.25</ele>
      </trkpt>
      <trkpt lat="40.648975018411875" lon="-4.031717972829938">
        <ele>893</ele>
      </trkpt>
      <trkpt lat="40.649048024788499" lon="-4.032098008319736">
        <ele>892.75</ele>
      </trkpt>
      <trkpt lat="40.649129999801517" lon="-4.032434038817883">
        <ele>892.5</ele>
      </trkpt>
      <trkpt lat="40.649235025048256" lon="-4.032775014638901">
        <ele>893.75</ele>
      </trkpt>
      <trkpt lat="40.649352036416531" lon="-4.033081959933043">
        <ele>893.5</ele>
      </trkpt>
      <trkpt lat="40.649491008371115" lon="-4.033389994874597">
        <ele>894.75</ele>
      </trkpt>
      <trkpt lat="40.649643978103995" lon="-4.033684032037854">
        <ele>894.5</ele>
      </trkpt>
      <trkpt lat="40.649817986413836" lon="-4.033959964290261">
        <ele>895.5</ele>
      </trkpt>
      <trkpt lat="40.650000963360071" lon="-4.03421200811863">
        <ele>895.5</ele>
      </trkpt>
      <trkpt lat="40.650202967226505" lon="-4.034451982006431">
        <ele>895.25</ele>
      </trkpt>
      <trkpt lat="40.650416035205126" lon="-4.034674018621445">
        <ele>897</ele>
      </trkpt>
      <trkpt lat="40.650645028799772" lon="-4.034870993345976">
        <ele>898</ele>
      </trkpt>
      <trkpt lat="40.65087603405118" lon="-4.035039972513914">
        <ele>898</ele>
      </trkpt>
      <trkpt lat="40.651122964918613" lon="-4.035191014409065">
        <ele>898.5</ele>
      </trkpt>
      <trkpt lat="40.65137199126184" lon="-4.035313976928592">
        <ele>899.75</ele>
      </trkpt>
      <trkpt lat="40.651633003726602" lon="-4.035419002175331">
        <ele>900.75</ele>
      </trkpt>
      <trkpt lat="40.651878006756306" lon="-4.035486979410052">
        <ele>900</ele>
      </trkpt>
      <trkpt lat="40.652181012555957" lon="-4.035540958866477">
        <ele>900.75</ele>
      </trkpt>
      <trkpt lat="40.652445964515209" lon="-4.035559985786676">
        <ele>901.5</ele>
      </trkpt>
      <trkpt lat="40.652721980586648" lon="-4.035555962473154">
        <ele>902.75</ele>
      </trkpt>
      <trkpt lat="40.652968995273113" lon="-4.03552302159369">
        <ele>902</ele>
      </trkpt>
      <trkpt lat="40.653252974152565" lon="-4.035463007166982">
        <ele>901.75</ele>
      </trkpt>
      <trkpt lat="40.653511974960566" lon="-4.035376003012061">
        <ele>902.75</ele>
      </trkpt>
      <trkpt lat="40.653769969940186" lon="-4.035264020785689">
        <ele>904.5</ele>
      </trkpt>
      <trkpt lat="40.654185963794589" lon="-4.03505296446383">
        <ele>904.75</ele>
      </trkpt>
      <trkpt lat="40.654774038121104" lon="-4.034737972542644">
        <ele>905.75</ele>
      </trkpt>
      <trkpt lat="40.655035972595215" lon="-4.034620961174369">
        <ele>906</ele>
      </trkpt>
      <trkpt lat="40.655157007277012" lon="-4.034575028344989">
        <ele>906.5</ele>
      </trkpt>
      <trkpt lat="40.655294973403215" lon="-4.034533035010099">
        <ele>907</ele>
      </trkpt>
      <trkpt lat="40.655563026666641" lon="-4.034466985613108">
        <ele>908</ele>
      </trkpt>
      <trkpt lat="40.655827978625894" lon="-4.034431027248502">
        <ele>908.75</ele>
      </trkpt>
      <trkpt lat="40.656101983040571" lon="-4.034418035298586">
        <ele>909</ele>
      </trkpt>
      <trkpt lat="40.656232992187142" lon="-4.034420968964696">
        <ele>909.5</ele>
      </trkpt>
      <trkpt lat="40.656367018818855" lon="-4.034433960914612">
        <ele>909.75</ele>
      </trkpt>
      <trkpt lat="40.656627025455236" lon="-4.034473020583391">
        <ele>910</ele>
      </trkpt>
      <trkpt lat="40.656773960217834" lon="-4.034507973119617">
        <ele>911</ele>
      </trkpt>
      <trkpt lat="40.657037990167737" lon="-4.034586008638144">
        <ele>913.25</ele>
      </trkpt>
      <trkpt lat="40.657292967662215" lon="-4.034690028056502">
        <ele>913</ele>
      </trkpt>
      <trkpt lat="40.657416014000773" lon="-4.03474903665483">
        <ele>912.25</ele>
      </trkpt>
      <trkpt lat="40.657654982060194" lon="-4.034889014437795">
        <ele>913.5</ele>
      </trkpt>
      <trkpt lat="40.657854974269867" lon="-4.03502999804914">
        <ele>913.25</ele>
      </trkpt>
      <trkpt lat="40.658136019483209" lon="-4.035263014957309">
        <ele>914</ele>
      </trkpt>
      <trkpt lat="40.658173989504576" lon="-4.035296961665154">
        <ele>914</ele>
      </trkpt>
      <trkpt lat="40.658453023061156" lon="-4.035590998828411">
        <ele>915.25</ele>
      </trkpt>
      <trkpt lat="40.658645974472165" lon="-4.035829966887832">
        <ele>915.25</ele>
      </trkpt>
      <trkpt lat="40.658733984455466" lon="-4.035951001569629">
        <ele>916</ele>
      </trkpt>
      <trkpt lat="40.658825011923909" lon="-4.036093996837735">
        <ele>915.25</ele>
      </trkpt>
      <trkpt lat="40.658910004422069" lon="-4.036234980449081">
        <ele>915.5</ele>
      </trkpt>
      <trkpt lat="40.659061968326569" lon="-4.036516025662422">
        <ele>916.75</ele>
      </trkpt>
      <trkpt lat="40.659255003556609" lon="-4.036935959011316">
        <ele>918.75</ele>
      </trkpt>
      <trkpt lat="40.659362962469459" lon="-4.037209963425994">
        <ele>921.75</ele>
      </trkpt>
      <trkpt lat="40.659856991842389" lon="-4.038543021306396">
        <ele>919.25</ele>
      </trkpt>
      <trkpt lat="40.660078022629023" lon="-4.039124976843596">
        <ele>922.5</ele>
      </trkpt>
      <trkpt lat="40.660628965124488" lon="-4.040601029992104">
        <ele>922.25</ele>
      </trkpt>
      <trkpt lat="40.660691997036338" lon="-4.040761962532997">
        <ele>922</ele>
      </trkpt>
      <trkpt lat="40.660826023668051" lon="-4.041071003302932">
        <ele>922</ele>
      </trkpt>
      <trkpt lat="40.660896012559533" lon="-4.041216010227799">
        <ele>921.25</ele>
      </trkpt>
      <trkpt lat="40.661059962585568" lon="-4.041510969400406">
        <ele>921.5</ele>
      </trkpt>
      <trkpt lat="40.661143027245998" lon="-4.04164700768888">
        <ele>922</ele>
      </trkpt>
      <trkpt lat="40.661324998363853" lon="-4.041910031810403">
        <ele>923</ele>
      </trkpt>
      <trkpt lat="40.661521973088384" lon="-4.042153023183346">
        <ele>923.25</ele>
      </trkpt>
      <trkpt lat="40.66172800026834" lon="-4.042371958494186">
        <ele>925</ele>
      </trkpt>
      <trkpt lat="40.661949031054974" lon="-4.042573040351272">
        <ele>926.75</ele>
      </trkpt>
      <trkpt lat="40.662064030766487" lon="-4.042665995657444">
        <ele>927</ele>
      </trkpt>
      <trkpt lat="40.662301992997527" lon="-4.042832963168621">
        <ele>927.5</ele>
      </trkpt>
      <trkpt lat="40.662549007683992" lon="-4.04297998175025">
        <ele>928.5</ele>
      </trkpt>
      <trkpt lat="40.662799039855599" lon="-4.043097998946905">
        <ele>928</ele>
      </trkpt>
      <trkpt lat="40.663029961287975" lon="-4.043180979788303">
        <ele>928.75</ele>
      </trkpt>
      <trkpt lat="40.663385018706322" lon="-4.043273013085127">
        <ele>929.5</ele>
      </trkpt>
      <trkpt lat="40.663519967347383" lon="-4.043294973671436">
        <ele>929.25</ele>
      </trkpt>
      <trkpt lat="40.663785003125668" lon="-4.043316012248397">
        <ele>930.25</ele>
      </trkpt>
      <trkpt lat="40.664051966741681" lon="-4.043314000591636">
        <ele>931</ele>
      </trkpt>
      <trkpt lat="40.6643289886415" lon="-4.04328097589314">
        <ele>931.25</ele>
      </trkpt>
      <trkpt lat="40.664596036076546" lon="-4.043225990608335">
        <ele>931.5</ele>
      </trkpt>
      <trkpt lat="40.664860988035798" lon="-4.043142003938556">
        <ele>931.5</ele>
      </trkpt>
      <trkpt lat="40.665116971358657" lon="-4.043033039197326">
        <ele>932</ele>
      </trkpt>
      <trkpt lat="40.665365997701883" lon="-4.042901024222374">
        <ele>932</ele>
      </trkpt>
      <trkpt lat="40.6656189635396" lon="-4.042735984548926">
        <ele>933.25</ele>
      </trkpt>
      <trkpt lat="40.665737986564636" lon="-4.042647974565625">
        <ele>934</ele>
      </trkpt>
      <trkpt lat="40.665850974619389" lon="-4.042553007602692">
        <ele>934.5</ele>
      </trkpt>
      <trkpt lat="40.665937978774309" lon="-4.042477989569306">
        <ele>934.25</ele>
      </trkpt>
      <trkpt lat="40.666066976264119" lon="-4.042352009564638">
        <ele>933.5</ele>
      </trkpt>
      <trkpt lat="40.666276020929217" lon="-4.042123015969992">
        <ele>932.25</ele>
      </trkpt>
      <trkpt lat="40.66647601313889" lon="-4.041881030425429">
        <ele>933.25</ele>
      </trkpt>
      <trkpt lat="40.666567962616682" lon="-4.041753960773349">
        <ele>933.25</ele>
      </trkpt>
      <trkpt lat="40.666894018650055" lon="-4.041264038532972">
        <ele>933.25</ele>
      </trkpt>
      <trkpt lat="40.66750698722899" lon="-4.040325013920665">
        <ele>936.5</ele>
      </trkpt>
      <trkpt lat="40.667691975831985" lon="-4.040058972314">
        <ele>937.75</ele>
      </trkpt>
      <trkpt lat="40.667789038270712" lon="-4.039931986480951">
        <ele>938</ele>
      </trkpt>
      <trkpt lat="40.667989030480385" lon="-4.039694024249911">
        <ele>938.5</ele>
      </trkpt>
      <trkpt lat="40.668203020468354" lon="-4.039475005120039">
        <ele>940.25</ele>
      </trkpt>
      <trkpt lat="40.668317014351487" lon="-4.039374003186822">
        <ele>940.75</ele>
      </trkpt>
      <trkpt lat="40.668548019602895" lon="-4.039189014583826">
        <ele>940.25</ele>
      </trkpt>
      <trkpt lat="40.668826969340444" lon="-4.038997991010547">
        <ele>939.25</ele>
      </trkpt>
      <trkpt lat="40.669398028403521" lon="-4.03863999992609">
        <ele>941.5</ele>
      </trkpt>
      <trkpt lat="40.674686003476381" lon="-4.035343984141946">
        <ele>953</ele>
      </trkpt>
      <trkpt lat="40.676312008872628" lon="-4.034332958981395">
        <ele>958</ele>
      </trkpt>
      <trkpt lat="40.676635969430208" lon="-4.034125003963709">
        <ele>959.5</ele>
      </trkpt>
      <trkpt lat="40.676988009363413" lon="-4.033861979842186">
        <ele>958.75</ele>
      </trkpt>
      <trkpt lat="40.677099991589785" lon="-4.033766007050872">
        <ele>958.75</ele>
      </trkpt>
      <trkpt lat="40.677314987406135" lon="-4.033556040376425">
        <ele>959</ele>
      </trkpt>
      <trkpt lat="40.677515985444188" lon="-4.033322017639875">
        <ele>960</ele>
      </trkpt>
      <trkpt lat="40.677703991532326" lon="-4.03307399712503">
        <ele>961.5</ele>
      </trkpt>
      <trkpt lat="40.67788302898407" lon="-4.032797981053591">
        <ele>961</ele>
      </trkpt>
      <trkpt lat="40.677961986511946" lon="-4.032660014927387">
        <ele>961</ele>
      </trkpt>
      <trkpt lat="40.678110010921955" lon="-4.032370001077652">
        <ele>961.5</ele>
      </trkpt>
      <trkpt lat="40.678181005641818" lon="-4.032217031344771">
        <ele>962.5</ele>
      </trkpt>
      <trkpt lat="40.678599011152983" lon="-4.031239030882716">
        <ele>962</ele>
      </trkpt>
      <trkpt lat="40.678805038332939" lon="-4.030780959874392">
        <ele>961.5</ele>
      </trkpt>
      <trkpt lat="40.678879972547293" lon="-4.030632013455033">
        <ele>963</ele>
      </trkpt>
      <trkpt lat="40.679037971422076" lon="-4.030344011262059">
        <ele>961.25</ele>
      </trkpt>
      <trkpt lat="40.679214997217059" lon="-4.030070006847382">
        <ele>962</ele>
      </trkpt>
      <trkpt lat="40.679309964179993" lon="-4.029941009357572">
        <ele>962.25</ele>
      </trkpt>
      <trkpt lat="40.679405014961958" lon="-4.029819974675775">
        <ele>963.5</ele>
      </trkpt>
      <trkpt lat="40.679610958322883" lon="-4.029584024101496">
        <ele>965.25</ele>
      </trkpt>
      <trkpt lat="40.679831989109516" lon="-4.029371039941907">
        <ele>967</ele>
      </trkpt>
      <trkpt lat="40.679943971335888" lon="-4.0292729716748">
        <ele>966.75</ele>
      </trkpt>
      <trkpt lat="40.680175982415676" lon="-4.029094018042088">
        <ele>966.5</ele>
      </trkpt>
      <trkpt lat="40.680558029562235" lon="-4.028837028890848">
        <ele>968.5</ele>
      </trkpt>
      <trkpt lat="40.681488001719117" lon="-4.028236968442798">
        <ele>971.25</ele>
      </trkpt>
      <trkpt lat="40.682110022753477" lon="-4.02783396653831">
        <ele>971.75</ele>
      </trkpt>
      <trkpt lat="40.682227034121752" lon="-4.027750985696912">
        <ele>972</ele>
      </trkpt>
      <trkpt lat="40.682453010231256" lon="-4.027563985437155">
        <ele>971.75</ele>
      </trkpt>
      <trkpt lat="40.682778982445598" lon="-4.027257962152362">
        <ele>971.75</ele>
      </trkpt>
      <trkpt lat="40.683540981262922" lon="-4.026504009962082">
        <ele>974.5</ele>
      </trkpt>
      <trkpt lat="40.683746002614498" lon="-4.026288008317351">
        <ele>976.25</ele>
      </trkpt>
      <trkpt lat="40.683945994824171" lon="-4.026054991409183">
        <ele>976.25</ele>
      </trkpt>
      <trkpt lat="40.684130983427167" lon="-4.02581300586462">
        <ele>976.75</ele>
      </trkpt>
      <trkpt lat="40.684317983686924" lon="-4.025523997843266">
        <ele>977</ele>
      </trkpt>
      <trkpt lat="40.684473970904946" lon="-4.025240018963814">
        <ele>977.25</ele>
      </trkpt>
      <trkpt lat="40.68454697728157" lon="-4.025089982897043">
        <ele>978</ele>
      </trkpt>
      <trkpt lat="40.684744035825133" lon="-4.024629984050989">
        <ele>978.5</ele>
      </trkpt>
      <trkpt lat="40.684927012771368" lon="-4.024141989648342">
        <ele>979.75</ele>
      </trkpt>
      <trkpt lat="40.685227001085877" lon="-4.023307990282774">
        <ele>981.5</ele>
      </trkpt>
      <trkpt lat="40.685352981090546" lon="-4.022989980876446">
        <ele>982</ele>
      </trkpt>
      <trkpt lat="40.68549295887351" lon="-4.022671971470118">
        <ele>983.25</ele>
      </trkpt>
      <trkpt lat="40.685567976906896" lon="-4.022525036707521">
        <ele>982.25</ele>
      </trkpt>
      <trkpt lat="40.685647018253803" lon="-4.022379023954272">
        <ele>986.75</ele>
      </trkpt>
      <trkpt lat="40.685815997421741" lon="-4.022105019539595">
        <ele>985.5</ele>
      </trkpt>
      <trkpt lat="40.686001991853118" lon="-4.021843001246452">
        <ele>985.25</ele>
      </trkpt>
      <trkpt lat="40.686202989891171" lon="-4.021599004045129">
        <ele>984.75</ele>
      </trkpt>
      <trkpt lat="40.68641496822238" lon="-4.021380990743637">
        <ele>985</ele>
      </trkpt>
      <trkpt lat="40.686628958210349" lon="-4.021189967170358">
        <ele>985.5</ele>
      </trkpt>
      <trkpt lat="40.686873039230704" lon="-4.021003972738981">
        <ele>987</ele>
      </trkpt>
      <trkpt lat="40.687117958441377" lon="-4.020853014662862">
        <ele>986.5</ele>
      </trkpt>
      <trkpt lat="40.687368996441364" lon="-4.020728040486574">
        <ele>988.25</ele>
      </trkpt>
      <trkpt lat="40.687631014734507" lon="-4.020625026896596">
        <ele>988</ele>
      </trkpt>
      <trkpt lat="40.687803011387587" lon="-4.020570041611791">
        <ele>987.75</ele>
      </trkpt>
      <trkpt lat="40.6879370380193" lon="-4.020537016913295">
        <ele>988.25</ele>
      </trkpt>
      <trkpt lat="40.688200984150171" lon="-4.020491000264883">
        <ele>988</ele>
      </trkpt>
      <trkpt lat="40.688466019928455" lon="-4.020469961687923">
        <ele>987.25</ele>
      </trkpt>
      <trkpt lat="40.688732983544469" lon="-4.020473985001445">
        <ele>987.25</ele>
      </trkpt>
      <trkpt lat="40.689001036807895" lon="-4.02050600387156">
        <ele>987.75</ele>
      </trkpt>
      <trkpt lat="40.689269006252289" lon="-4.020561994984746">
        <ele>987.75</ele>
      </trkpt>
      <trkpt lat="40.689531024545431" lon="-4.020647993311286">
        <ele>987</ele>
      </trkpt>
      <trkpt lat="40.689779967069626" lon="-4.020752012729645">
        <ele>987.25</ele>
      </trkpt>
      <trkpt lat="40.690033016726375" lon="-4.020884027704597">
        <ele>988.75</ele>
      </trkpt>
      <trkpt lat="40.690156985074282" lon="-4.020961979404092">
        <ele>988.25</ele>
      </trkpt>
      <trkpt lat="40.690392013639212" lon="-4.021127019077539">
        <ele>990</ele>
      </trkpt>
      <trkpt lat="40.690621007233858" lon="-4.021319970488548">
        <ele>990</ele>
      </trkpt>
      <trkpt lat="40.690728966146708" lon="-4.021423989906907">
        <ele>991</ele>
      </trkpt>
      <trkpt lat="40.690939016640186" lon="-4.021648038178682">
        <ele>992.25</ele>
      </trkpt>
      <trkpt lat="40.691040018573403" lon="-4.021771000698209">
        <ele>992.5</ele>
      </trkpt>
      <trkpt lat="40.691228024661541" lon="-4.022020027041435">
        <ele>993.75</ele>
      </trkpt>
      <trkpt lat="40.69139901548624" lon="-4.022291013970971">
        <ele>995</ele>
      </trkpt>
      <trkpt lat="40.691575035452843" lon="-4.02261296287179">
        <ele>996</ele>
      </trkpt>
      <trkpt lat="40.691707972437143" lon="-4.022910017520189">
        <ele>996.75</ele>
      </trkpt>
      <trkpt lat="40.69182900711894" lon="-4.023228026926518">
        <ele>998</ele>
      </trkpt>
      <trkpt lat="40.691931014880538" lon="-4.023550981655717">
        <ele>998</ele>
      </trkpt>
      <trkpt lat="40.691975019872189" lon="-4.023717027157545">
        <ele>999.25</ele>
      </trkpt>
      <trkpt lat="40.692017013207078" lon="-4.023888017982245">
        <ele>1001.25</ele>
      </trkpt>
      <trkpt lat="40.692083984613419" lon="-4.02426403015852">
        <ele>1003.75</ele>
      </trkpt>
      <trkpt lat="40.69213000126183" lon="-4.024637024849653">
        <ele>1004.25</ele>
      </trkpt>
      <trkpt lat="40.692145004868507" lon="-4.024828970432282">
        <ele>1003.5</ele>
      </trkpt>
      <trkpt lat="40.69215296767652" lon="-4.025050001218915">
        <ele>1003.25</ele>
      </trkpt>
      <trkpt lat="40.69215196184814" lon="-4.025216968730092">
        <ele>1004</ele>
      </trkpt>
      <trkpt lat="40.692133018746972" lon="-4.025686020031571">
        <ele>1006</ele>
      </trkpt>
      <trkpt lat="40.692105023190379" lon="-4.025938985869288">
        <ele>1007.5</ele>
      </trkpt>
      <trkpt lat="40.692070992663503" lon="-4.026182983070612">
        <ele>1009</ele>
      </trkpt>
      <trkpt lat="40.691983988508582" lon="-4.026682963594794">
        <ele>1006.75</ele>
      </trkpt>
      <trkpt lat="40.691836969926953" lon="-4.027405986562371">
        <ele>1009.75</ele>
      </trkpt>
      <trkpt lat="40.691783996298909" lon="-4.027728019282222">
        <ele>1009.25</ele>
      </trkpt>
      <trkpt lat="40.691745020449162" lon="-4.028048040345311">
        <ele>1009.5</ele>
      </trkpt>
      <trkpt lat="40.691726999357343" lon="-4.028321960940957">
        <ele>1007.5</ele>
      </trkpt>
      <trkpt lat="40.691718030720949" lon="-4.028676012530923">
        <ele>1007</ele>
      </trkpt>
      <trkpt lat="40.691731022670865" lon="-4.029037021100521">
        <ele>1007.5</ele>
      </trkpt>
      <trkpt lat="40.691761029884219" lon="-4.029387971386313">
        <ele>1007.5</ele>
      </trkpt>
      <trkpt lat="40.691863959655166" lon="-4.030163967981935">
        <ele>1007</ele>
      </trkpt>
      <trkpt lat="40.691897990182042" lon="-4.030478037893772">
        <ele>1006.75</ele>
      </trkpt>
      <trkpt lat="40.691929003223777" lon="-4.030910963192582">
        <ele>1006.75</ele>
      </trkpt>
      <trkpt lat="40.691972002387047" lon="-4.031239030882716">
        <ele>1006.5</ele>
      </trkpt>
      <trkpt lat="40.692123966291547" lon="-4.032320966944099">
        <ele>1006.75</ele>
      </trkpt>
      <trkpt lat="40.692639034241438" lon="-4.03606197796762">
        <ele>1006.5</ele>
      </trkpt>
      <trkpt lat="40.692736012861133" lon="-4.036775026470423">
        <ele>1007.5</ele>
      </trkpt>
      <trkpt lat="40.692798038944602" lon="-4.037299985066056">
        <ele>1008</ele>
      </trkpt>
      <trkpt lat="40.69281798787415" lon="-4.037595028057694">
        <ele>1008.5</ele>
      </trkpt>
      <trkpt lat="40.692821005359292" lon="-4.03771597892046">
        <ele>1008.75</ele>
      </trkpt>
      <trkpt lat="40.692811030894518" lon="-4.038224006071687">
        <ele>1009.75</ele>
      </trkpt>
      <trkpt lat="40.692781023681164" lon="-4.038791041821241">
        <ele>1010.5</ele>
      </trkpt>
      <trkpt lat="40.692753028124571" lon="-4.039043001830578">
        <ele>1010.75</ele>
      </trkpt>
      <trkpt lat="40.692587988451123" lon="-4.04022702947259">
        <ele>1014</ele>
      </trkpt>
      <trkpt lat="40.692285988479853" lon="-4.042427027598023">
        <ele>1017</ele>
      </trkpt>
      <trkpt lat="40.692224968224764" lon="-4.042961960658431">
        <ele>1017.5</ele>
      </trkpt>
      <trkpt lat="40.692200995981693" lon="-4.043318023905158">
        <ele>1017.75</ele>
      </trkpt>
      <trkpt lat="40.692196972668171" lon="-4.04349597170949">
        <ele>1017.75</ele>
      </trkpt>
      <trkpt lat="40.692199990153313" lon="-4.043834013864398">
        <ele>1018.5</ele>
      </trkpt>
      <trkpt lat="40.692228991538286" lon="-4.044193010777235">
        <ele>1018</ele>
      </trkpt>
      <trkpt lat="40.692251035943627" lon="-4.044381016865373">
        <ele>1018</ele>
      </trkpt>
      <trkpt lat="40.692308032885194" lon="-4.044730961322784">
        <ele>1018.5</ele>
      </trkpt>
      <trkpt lat="40.692382967099547" lon="-4.04506498016417">
        <ele>1018.5</ele>
      </trkpt>
      <trkpt lat="40.692479023709893" lon="-4.045393969863653">
        <ele>1019.5</ele>
      </trkpt>
      <trkpt lat="40.69253602065146" lon="-4.04555699788034">
        <ele>1019.75</ele>
      </trkpt>
      <trkpt lat="40.692595029249787" lon="-4.045717008411884">
        <ele>1019</ele>
      </trkpt>
      <trkpt lat="40.692727966234088" lon="-4.046025965362787">
        <ele>1020</ele>
      </trkpt>
      <trkpt lat="40.692801978439093" lon="-4.046176001429558">
        <ele>1020.5</ele>
      </trkpt>
      <trkpt lat="40.692955031991005" lon="-4.046453023329377">
        <ele>1019.75</ele>
      </trkpt>
      <trkpt lat="40.693049998953938" lon="-4.046605993062258">
        <ele>1021.5</ele>
      </trkpt>
      <trkpt lat="40.693234987556934" lon="-4.0468680113554">
        <ele>1021</ele>
      </trkpt>
      <trkpt lat="40.693423999473453" lon="-4.047099016606808">
        <ele>1023</ele>
      </trkpt>
      <trkpt lat="40.693530030548573" lon="-4.04721099883318">
        <ele>1024.25</ele>
      </trkpt>
      <trkpt lat="40.693749971687794" lon="-4.04742599464953">
        <ele>1027</ele>
      </trkpt>
      <trkpt lat="40.69387000054121" lon="-4.047526996582747">
        <ele>1026.5</ele>
      </trkpt>
      <trkpt lat="40.693990029394627" lon="-4.04762196354568">
        <ele>1028</ele>
      </trkpt>
      <trkpt lat="40.694221034646034" lon="-4.047780968248844">
        <ele>1028</ele>
      </trkpt>
      <trkpt lat="40.694464026018977" lon="-4.047919018194079">
        <ele>1032.75</ele>
      </trkpt>
      <trkpt lat="40.694585982710123" lon="-4.047971991822124">
        <ele>1032.5</ele>
      </trkpt>
      <trkpt lat="40.695103984326124" lon="-4.048194028437138">
        <ele>1032.25</ele>
      </trkpt>
      <trkpt lat="40.695349993184209" lon="-4.048265023157001">
        <ele>1032.25</ele>
      </trkpt>
      <trkpt lat="40.695629026740789" lon="-4.048296958208084">
        <ele>1032</ele>
      </trkpt>
      <trkpt lat="40.695921974256635" lon="-4.048294024541974">
        <ele>1032</ele>
      </trkpt>
      <trkpt lat="40.696241995319724" lon="-4.048251025378704">
        <ele>1031.75</ele>
      </trkpt>
      <trkpt lat="40.696505019441247" lon="-4.048183970153332">
        <ele>1031.75</ele>
      </trkpt>
      <trkpt lat="40.696780029684305" lon="-4.048110963776708">
        <ele>1031.75</ele>
      </trkpt>
      <trkpt lat="40.697058979421854" lon="-4.048044998198748">
        <ele>1031.75</ele>
      </trkpt>
      <trkpt lat="40.697196023538709" lon="-4.048020020127296">
        <ele>1031.75</ele>
      </trkpt>
      <trkpt lat="40.697326026856899" lon="-4.047997975721955">
        <ele>1030.75</ele>
      </trkpt>
      <trkpt lat="40.697592990472913" lon="-4.047967968508601">
        <ele>1028.5</ele>
      </trkpt>
      <trkpt lat="40.697858026251197" lon="-4.047961011528969">
        <ele>1027.25</ele>
      </trkpt>
      <trkpt lat="40.698129013180733" lon="-4.047980038449168">
        <ele>1027.5</ele>
      </trkpt>
      <trkpt lat="40.698392959311604" lon="-4.048025971278548">
        <ele>1031</ele>
      </trkpt>
      <trkpt lat="40.698526985943317" lon="-4.048062013462186">
        <ele>1032</ele>
      </trkpt>
      <trkpt lat="40.698786992579699" lon="-4.048148011788726">
        <ele>1030.5</ele>
      </trkpt>
      <trkpt lat="40.699040964245796" lon="-4.048256976529956">
        <ele>1031.5</ele>
      </trkpt>
      <trkpt lat="40.699168033897877" lon="-4.048323025926948">
        <ele>1033.75</ele>
      </trkpt>
      <trkpt lat="40.699288984760642" lon="-4.04839301481843">
        <ele>1033.25</ele>
      </trkpt>
      <trkpt lat="40.699529964476824" lon="-4.048551013693214">
        <ele>1034</ele>
      </trkpt>
      <trkpt lat="40.69975602440536" lon="-4.048732984811068">
        <ele>1035.5</ele>
      </trkpt>
      <trkpt lat="40.699868006631732" lon="-4.048832980915904">
        <ele>1036.25</ele>
      </trkpt>
      <trkpt lat="40.699978983029723" lon="-4.048940017819405">
        <ele>1036.75</ele>
      </trkpt>
      <trkpt lat="40.70018501020968" lon="-4.049164988100529">
        <ele>1037.5</ele>
      </trkpt>
      <trkpt lat="40.70038097910583" lon="-4.049412002786994">
        <ele>1039.25</ele>
      </trkpt>
      <trkpt lat="40.700561022385955" lon="-4.049676032736898">
        <ele>1039</ele>
      </trkpt>
      <trkpt lat="40.700639979913831" lon="-4.049810981377959">
        <ele>1040</ele>
      </trkpt>
      <trkpt lat="40.700796972960234" lon="-4.050097977742553">
        <ele>1040.5</ele>
      </trkpt>
      <trkpt lat="40.700868973508477" lon="-4.050250025466085">
        <ele>1040.5</ele>
      </trkpt>
      <trkpt lat="40.700998976826668" lon="-4.050555964931846">
        <ele>1043</ele>
      </trkpt>
      <trkpt lat="40.701054967939854" lon="-4.05071304179728">
        <ele>1042</ele>
      </trkpt>
      <trkpt lat="40.701157981529832" lon="-4.051038008183241">
        <ele>1043.5</ele>
      </trkpt>
      <trkpt lat="40.701269041746855" lon="-4.051448972895742">
        <ele>1051.75</ele>
      </trkpt>
      <trkpt lat="40.701326038688421" lon="-4.051690036430955">
        <ele>1055.25</ele>
      </trkpt>
      <trkpt lat="40.701993992552161" lon="-4.054337963461876">
        <ele>1053.5</ele>
      </trkpt>
      <trkpt lat="40.702108992263675" lon="-4.054869040846825">
        <ele>1051.25</ele>
      </trkpt>
      <trkpt lat="40.702138999477029" lon="-4.055042965337634">
        <ele>1048.75</ele>
      </trkpt>
      <trkpt lat="40.702160960063338" lon="-4.055216973647475">
        <ele>1046.75</ele>
      </trkpt>
      <trkpt lat="40.702198008075356" lon="-4.055570019409061">
        <ele>1046</ele>
      </trkpt>
      <trkpt lat="40.702208988368511" lon="-4.055747967213392">
        <ele>1046.5</ele>
      </trkpt>
      <trkpt lat="40.702207982540131" lon="-4.056104030460119">
        <ele>1046.5</ele>
      </trkpt>
      <trkpt lat="40.702190967276692" lon="-4.056455986574292">
        <ele>1046.25</ele>
      </trkpt>
      <trkpt lat="40.702156014740467" lon="-4.056787993758917">
        <ele>1046.75</ele>
      </trkpt>
      <trkpt lat="40.702100023627281" lon="-4.057140033692122">
        <ele>1046.75</ele>
      </trkpt>
      <trkpt lat="40.702029028907418" lon="-4.05748201534152">
        <ele>1048</ele>
      </trkpt>
      <trkpt lat="40.701799029484391" lon="-4.05844702385366">
        <ele>1048.5</ele>
      </trkpt>
      <trkpt lat="40.701726023107767" lon="-4.058790011331439">
        <ele>1050.25</ele>
      </trkpt>
      <trkpt lat="40.701697021722794" lon="-4.058959996327758">
        <ele>1051.25</ele>
      </trkpt>
      <trkpt lat="40.701670031994581" lon="-4.059137022122741">
        <ele>1051.75</ele>
      </trkpt>
      <trkpt lat="40.701631978154182" lon="-4.059489984065294">
        <ele>1052.5</ele>
      </trkpt>
      <trkpt lat="40.701620997861028" lon="-4.059668015688658">
        <ele>1053</ele>
      </trkpt>
      <trkpt lat="40.701615968719125" lon="-4.06001603230834">
        <ele>1055.25</ele>
      </trkpt>
      <trkpt lat="40.701617980375886" lon="-4.060195991769433">
        <ele>1056.25</ele>
      </trkpt>
      <trkpt lat="40.701640024781227" lon="-4.060550965368748">
        <ele>1056.25</ele>
      </trkpt>
      <trkpt lat="40.701684029772878" lon="-4.060895964503288">
        <ele>1056.5</ele>
      </trkpt>
      <trkpt lat="40.701748989522457" lon="-4.061262002214789">
        <ele>1059.75</ele>
      </trkpt>
      <trkpt lat="40.701834987848997" lon="-4.06160700134933">
        <ele>1058.25</ele>
      </trkpt>
      <trkpt lat="40.701930960640311" lon="-4.061916964128614">
        <ele>1056.75</ele>
      </trkpt>
      <trkpt lat="40.702051995322108" lon="-4.062236985191703">
        <ele>1055.25</ele>
      </trkpt>
      <trkpt lat="40.702192978933454" lon="-4.062542002648115">
        <ele>1056.5</ele>
      </trkpt>
      <trkpt lat="40.702349971979856" lon="-4.062836961820722">
        <ele>1057.5</ele>
      </trkpt>
      <trkpt lat="40.702520962804556" lon="-4.06311197206378">
        <ele>1058.5</ele>
      </trkpt>
      <trkpt lat="40.703461999073625" lon="-4.064467996358872">
        <ele>1060.75</ele>
      </trkpt>
      <trkpt lat="40.703546991571784" lon="-4.064585007727146">
        <ele>1061.5</ele>
      </trkpt>
      <trkpt lat="40.70377598516643" lon="-4.064863035455346">
        <ele>1062.25</ele>
      </trkpt>
      <trkpt lat="40.703908000141382" lon="-4.065037965774536">
        <ele>1063</ele>
      </trkpt>
      <trkpt lat="40.704074967652559" lon="-4.065272994339466">
        <ele>1064.5</ele>
      </trkpt>
      <trkpt lat="40.70418301038444" lon="-4.065412972122431">
        <ele>1065</ele>
      </trkpt>
      <trkpt lat="40.704477969557047" lon="-4.065760988742113">
        <ele>1065.25</ele>
      </trkpt>
      <trkpt lat="40.704599004238844" lon="-4.065897027030587">
        <ele>1066</ele>
      </trkpt>
      <trkpt lat="40.70484803058207" lon="-4.066145969554782">
        <ele>1066.75</ele>
      </trkpt>
      <trkpt lat="40.705113988369703" lon="-4.066365994513035">
        <ele>1066.75</ele>
      </trkpt>
      <trkpt lat="40.705390004441142" lon="-4.066551988944411">
        <ele>1068.25</ele>
      </trkpt>
      <trkpt lat="40.705675994977355" lon="-4.066704958677292">
        <ele>1068.25</ele>
      </trkpt>
      <trkpt lat="40.705818990245461" lon="-4.066768996417522">
        <ele>1069</ele>
      </trkpt>
      <trkpt lat="40.70611797273159" lon="-4.06687100417912">
        <ele>1068.75</ele>
      </trkpt>
      <trkpt lat="40.706425001844764" lon="-4.066937975585461">
        <ele>1069</ele>
      </trkpt>
      <trkpt lat="40.706581994891167" lon="-4.06695700250566">
        <ele>1068.75</ele>
      </trkpt>
      <trkpt lat="40.706745022907853" lon="-4.066972006112337">
        <ele>1069.25</ele>
      </trkpt>
      <trkpt lat="40.70699798874557" lon="-4.06697602942586">
        <ele>1069.75</ele>
      </trkpt>
      <trkpt lat="40.707218013703823" lon="-4.066960019990802">
        <ele>1069.75</ele>
      </trkpt>
      <trkpt lat="40.707520013675094" lon="-4.066908974200487">
        <ele>1071.25</ele>
      </trkpt>
      <trkpt lat="40.707832993939519" lon="-4.066820964217186">
        <ele>1072.25</ele>
      </trkpt>
      <trkpt lat="40.707974983379245" lon="-4.066766984760761">
        <ele>1072.75</ele>
      </trkpt>
      <trkpt lat="40.708119990304112" lon="-4.066703030839562">
        <ele>1072.5</ele>
      </trkpt>
      <trkpt lat="40.708262985572219" lon="-4.066629018634558">
        <ele>1072.25</ele>
      </trkpt>
      <trkpt lat="40.708555011078715" lon="-4.066455010324717">
        <ele>1072.5</ele>
      </trkpt>
      <trkpt lat="40.708689959719777" lon="-4.066362977027893">
        <ele>1072.75</ele>
      </trkpt>
      <trkpt lat="40.709034958854318" lon="-4.066077992320061">
        <ele>1073.5</ele>
      </trkpt>
      <trkpt lat="40.709202010184526" lon="-4.065941032022238">
        <ele>1073.75</ele>
      </trkpt>
      <trkpt lat="40.709319021552801" lon="-4.065827960148454">
        <ele>1073.75</ele>
      </trkpt>
      <trkpt lat="40.709434021264315" lon="-4.065713966265321">
        <ele>1074.25</ele>
      </trkpt>
      <trkpt lat="40.709781032055616" lon="-4.065400986000896">
        <ele>1075</ele>
      </trkpt>
      <trkpt lat="40.71015503257513" lon="-4.065004019066691">
        <ele>1076.75</ele>
      </trkpt>
      <trkpt lat="40.710378997027874" lon="-4.064792962744832">
        <ele>1077.5</ele>
      </trkpt>
      <trkpt lat="40.710611008107662" lon="-4.064604034647346">
        <ele>1077.25</ele>
      </trkpt>
      <trkpt lat="40.710841007530689" lon="-4.06444201245904">
        <ele>1078</ele>
      </trkpt>
      <trkpt lat="40.711216013878584" lon="-4.064235985279083">
        <ele>1077.5</ele>
      </trkpt>
      <trkpt lat="40.712538007646799" lon="-4.063635002821684">
        <ele>1080.75</ele>
      </trkpt>
      <trkpt lat="40.715084010735154" lon="-4.06248701736331">
        <ele>1086.75</ele>
      </trkpt>
      <trkpt lat="40.715898983180523" lon="-4.06212299130857">
        <ele>1088.5</ele>
      </trkpt>
      <trkpt lat="40.71645000949502" lon="-4.061852004379034">
        <ele>1087.75</ele>
      </trkpt>
      <trkpt lat="40.716627035290003" lon="-4.061749996617436">
        <ele>1087.25</ele>
      </trkpt>
      <trkpt lat="40.716931968927383" lon="-4.061552016064525">
        <ele>1088.5</ele>
      </trkpt>
      <trkpt lat="40.717250984162092" lon="-4.061311958357692">
        <ele>1089.5</ele>
      </trkpt>
      <trkpt lat="40.717550972476602" lon="-4.06104801222682">
        <ele>1089.75</ele>
      </trkpt>
      <trkpt lat="40.717702014371753" lon="-4.060899987816811">
        <ele>1090</ele>
      </trkpt>
      <trkpt lat="40.717850960791111" lon="-4.060746012255549">
        <ele>1090.75</ele>
      </trkpt>
      <trkpt lat="40.71810401044786" lon="-4.060451975092292">
        <ele>1093.75</ele>
      </trkpt>
      <trkpt lat="40.718343984335661" lon="-4.060135977342725">
        <ele>1095.25</ele>
      </trkpt>
      <trkpt lat="40.718596028164029" lon="-4.059769017621875">
        <ele>1095</ele>
      </trkpt>
      <trkpt lat="40.71881496347487" lon="-4.05939401127398">
        <ele>1094.75</ele>
      </trkpt>
      <trkpt lat="40.719023002311587" lon="-4.058983968570828">
        <ele>1094</ele>
      </trkpt>
      <trkpt lat="40.71919902227819" lon="-4.058588007465005">
        <ele>1095.25</ele>
      </trkpt>
      <trkpt lat="40.719352997839451" lon="-4.058176958933473">
        <ele>1094.75</ele>
      </trkpt>
      <trkpt lat="40.719507979229093" lon="-4.057720983400941">
        <ele>1096.5</ele>
      </trkpt>
      <trkpt lat="40.719657009467483" lon="-4.057243969291449">
        <ele>1098.75</ele>
      </trkpt>
      <trkpt lat="40.719884997233748" lon="-4.056533016264439">
        <ele>1099.25</ele>
      </trkpt>
      <trkpt lat="40.720034027472138" lon="-4.056102018803358">
        <ele>1098</ele>
      </trkpt>
      <trkpt lat="40.720114996656775" lon="-4.055882999673486">
        <ele>1093.75</ele>
      </trkpt>
      <trkpt lat="40.720199989154935" lon="-4.055675966665149">
        <ele>1095.75</ele>
      </trkpt>
      <trkpt lat="40.720289004966617" lon="-4.055471029132605">
        <ele>1099.5</ele>
      </trkpt>
      <trkpt lat="40.720384977757931" lon="-4.055271958932281">
        <ele>1098.75</ele>
      </trkpt>
      <trkpt lat="40.720482962206006" lon="-4.055073978379369">
        <ele>1101.25</ele>
      </trkpt>
      <trkpt lat="40.720591004937887" lon="-4.05488396063447">
        <ele>1100.5</ele>
      </trkpt>
      <trkpt lat="40.720818992704153" lon="-4.054509960114956">
        <ele>1101</ele>
      </trkpt>
      <trkpt lat="40.721058966591954" lon="-4.054159009829164">
        <ele>1102.75</ele>
      </trkpt>
      <trkpt lat="40.721319979056716" lon="-4.053831025958061">
        <ele>1104.25</ele>
      </trkpt>
      <trkpt lat="40.721455011516809" lon="-4.053674032911658">
        <ele>1107</ele>
      </trkpt>
      <trkpt lat="40.721593983471394" lon="-4.053525002673268">
        <ele>1108.75</ele>
      </trkpt>
      <trkpt lat="40.721888020634651" lon="-4.053241023793817">
        <ele>1108.5</ele>
      </trkpt>
      <trkpt lat="40.722189014777541" lon="-4.052986968308687">
        <ele>1108.25</ele>
      </trkpt>
      <trkpt lat="40.722493026405573" lon="-4.052769960835576">
        <ele>1106</ele>
      </trkpt>
      <trkpt lat="40.722816986963153" lon="-4.052568962797523">
        <ele>1103.5</ele>
      </trkpt>
      <trkpt lat="40.722994012758136" lon="-4.052472990006208">
        <ele>1106.5</ele>
      </trkpt>
      <trkpt lat="40.724091958254576" lon="-4.051907965913415">
        <ele>1109</ele>
      </trkpt>
      <trkpt lat="40.724198995158076" lon="-4.051845017820597">
        <ele>1110</ele>
      </trkpt>
      <trkpt lat="40.724428994581103" lon="-4.051696993410587">
        <ele>1110.25</ele>
      </trkpt>
      <trkpt lat="40.724551035091281" lon="-4.051607977598906">
        <ele>1111.5</ele>
      </trkpt>
      <trkpt lat="40.72476795874536" lon="-4.05142298899591">
        <ele>1114.25</ele>
      </trkpt>
      <trkpt lat="40.724882036447525" lon="-4.05131796374917">
        <ele>1115</ele>
      </trkpt>
      <trkpt lat="40.725093008950353" lon="-4.051096010953188">
        <ele>1114.75</ele>
      </trkpt>
      <trkpt lat="40.725290989503264" lon="-4.050851007923484">
        <ele>1115</ele>
      </trkpt>
      <trkpt lat="40.725570023059845" lon="-4.050437025725842">
        <ele>1113.75</ele>
      </trkpt>
      <trkpt lat="40.726250968873501" lon="-4.04931896366179">
        <ele>1114.5</ele>
      </trkpt>
      <trkpt lat="40.72725797072053" lon="-4.047663034871221">
        <ele>1118.5</ele>
      </trkpt>
      <trkpt lat="40.727419992908835" lon="-4.047408979386091">
        <ele>1118.5</ele>
      </trkpt>
      <trkpt lat="40.727531975135207" lon="-4.047244023531675">
        <ele>1118.25</ele>
      </trkpt>
      <trkpt lat="40.727700032293797" lon="-4.04701603576541">
        <ele>1118.25</ele>
      </trkpt>
      <trkpt lat="40.727792987599969" lon="-4.046898018568754">
        <ele>1119</ele>
      </trkpt>
      <trkpt lat="40.727904969826341" lon="-4.046771032735705">
        <ele>1119.25</ele>
      </trkpt>
      <trkpt lat="40.728122983127832" lon="-4.046554025262594">
        <ele>1120.5</ele>
      </trkpt>
      <trkpt lat="40.728334039449692" lon="-4.046370964497328">
        <ele>1122</ele>
      </trkpt>
      <trkpt lat="40.728576024994254" lon="-4.046197040006518">
        <ele>1122.75</ele>
      </trkpt>
      <trkpt lat="40.728696975857019" lon="-4.046121016144753">
        <ele>1122.5</ele>
      </trkpt>
      <trkpt lat="40.728975003585219" lon="-4.045971985906363">
        <ele>1123</ele>
      </trkpt>
      <trkpt lat="40.729111041873693" lon="-4.045912977308035">
        <ele>1123.25</ele>
      </trkpt>
      <trkpt lat="40.729361996054649" lon="-4.045821027830243">
        <ele>1122.5</ele>
      </trkpt>
      <trkpt lat="40.729609010741115" lon="-4.045755984261632">
        <ele>1121.25</ele>
      </trkpt>
      <trkpt lat="40.729816965758801" lon="-4.045718014240265">
        <ele>1121.25</ele>
      </trkpt>
      <trkpt lat="40.730144027620554" lon="-4.045693036168814">
        <ele>1123.5</ele>
      </trkpt>
      <trkpt lat="40.730410991236567" lon="-4.045702004805207">
        <ele>1126.25</ele>
      </trkpt>
      <trkpt lat="40.730692036449909" lon="-4.045737041160464">
        <ele>1127.75</ele>
      </trkpt>
      <trkpt lat="40.730831008404493" lon="-4.045765036717057">
        <ele>1127.25</ele>
      </trkpt>
      <trkpt lat="40.731101995334029" lon="-4.045845000073314">
        <ele>1127.75</ele>
      </trkpt>
      <trkpt lat="40.73133903555572" lon="-4.045938039198518">
        <ele>1128</ele>
      </trkpt>
      <trkpt lat="40.731592001393437" lon="-4.046061001718044">
        <ele>1128.5</ele>
      </trkpt>
      <trkpt lat="40.731837004423141" lon="-4.046211959794164">
        <ele>1129.25</ele>
      </trkpt>
      <trkpt lat="40.732073038816452" lon="-4.046380016952753">
        <ele>1129.75</ele>
      </trkpt>
      <trkpt lat="40.732184015214443" lon="-4.046473978087306">
        <ele>1129.75</ele>
      </trkpt>
      <trkpt lat="40.732405968010426" lon="-4.046682016924024">
        <ele>1129.75</ele>
      </trkpt>
      <trkpt lat="40.732613001018763" lon="-4.046905981376767">
        <ele>1129.5</ele>
      </trkpt>
      <trkpt lat="40.732806958258152" lon="-4.047158025205135">
        <ele>1130</ele>
      </trkpt>
      <trkpt lat="40.732990019023418" lon="-4.04742700047791">
        <ele>1130</ele>
      </trkpt>
      <trkpt lat="40.733153969049454" lon="-4.04770796187222">
        <ele>1128.5</ele>
      </trkpt>
      <trkpt lat="40.733222030103207" lon="-4.047837965190411">
        <ele>1128.5</ele>
      </trkpt>
      <trkpt lat="40.733297970145941" lon="-4.047997975721955">
        <ele>1130.75</ele>
      </trkpt>
      <trkpt lat="40.733439037576318" lon="-4.048328977078199">
        <ele>1131.75</ele>
      </trkpt>
      <trkpt lat="40.733502991497517" lon="-4.048504997044802">
        <ele>1132.75</ele>
      </trkpt>
      <trkpt lat="40.73355101980269" lon="-4.04865100979805">
        <ele>1133.5</ele>
      </trkpt>
      <trkpt lat="40.733641041442752" lon="-4.048963990062475">
        <ele>1135.25</ele>
      </trkpt>
      <trkpt lat="40.733715975657105" lon="-4.049304965883493">
        <ele>1137.25</ele>
      </trkpt>
      <trkpt lat="40.73374598287046" lon="-4.049480985850096">
        <ele>1138.5</ele>
      </trkpt>
      <trkpt lat="40.73378998786211" lon="-4.049815004691482">
        <ele>1139.75</ele>
      </trkpt>
      <trkpt lat="40.733814965933561" lon="-4.050165032967925">
        <ele>1140</ele>
      </trkpt>
      <trkpt lat="40.733821000903845" lon="-4.050526963546872">
        <ele>1141.25</ele>
      </trkpt>
      <trkpt lat="40.733804991468787" lon="-4.050880009308457">
        <ele>1142.5</ele>
      </trkpt>
      <trkpt lat="40.73376601561904" lon="-4.051233977079392">
        <ele>1144</ele>
      </trkpt>
      <trkpt lat="40.733716981485486" lon="-4.051580987870693">
        <ele>1144.75</ele>
      </trkpt>
      <trkpt lat="40.733569962903857" lon="-4.052450023591518">
        <ele>1143.25</ele>
      </trkpt>
      <trkpt lat="40.733520006760955" lon="-4.052798040211201">
        <ele>1148</ele>
      </trkpt>
      <trkpt lat="40.733470972627401" lon="-4.053326016291976">
        <ele>1149.75</ele>
      </trkpt>
      <trkpt lat="40.733457980677485" lon="-4.053694987669587">
        <ele>1149.75</ele>
      </trkpt>
      <trkpt lat="40.733467033132911" lon="-4.054032023996115">
        <ele>1149.75</ele>
      </trkpt>
      <trkpt lat="40.733497962355614" lon="-4.054394038394094">
        <ele>1149.25</ele>
      </trkpt>
      <trkpt lat="40.73355495929718" lon="-4.054792011156678">
        <ele>1147.25</ele>
      </trkpt>
      <trkpt lat="40.733620002865791" lon="-4.055099040269852">
        <ele>1142.5</ele>
      </trkpt>
      <trkpt lat="40.733708012849092" lon="-4.055425012484193">
        <ele>1139</ele>
      </trkpt>
      <trkpt lat="40.733760986477137" lon="-4.055589968338609">
        <ele>1137</ele>
      </trkpt>
      <trkpt lat="40.733817983418703" lon="-4.055755008012056">
        <ele>1139</ele>
      </trkpt>
      <trkpt lat="40.733881015330553" lon="-4.05591300688684">
        <ele>1142</ele>
      </trkpt>
      <trkpt lat="40.734015963971615" lon="-4.05621500685811">
        <ele>1136.75</ele>
      </trkpt>
      <trkpt lat="40.734167005866766" lon="-4.056510971859098">
        <ele>1141.5</ele>
      </trkpt>
      <trkpt lat="40.734331039711833" lon="-4.056806014850736">
        <ele>1139.25</ele>
      </trkpt>
      <trkpt lat="40.735355978831649" lon="-4.058585995808244">
        <ele>1146.5</ele>
      </trkpt>
      <trkpt lat="40.736579988151789" lon="-4.060714999213815">
        <ele>1158.25</ele>
      </trkpt>
      <trkpt lat="40.736895985901356" lon="-4.061274994164705">
        <ele>1161.25</ele>
      </trkpt>
      <trkpt lat="40.737050967290998" lon="-4.061567019671202">
        <ele>1163</ele>
      </trkpt>
      <trkpt lat="40.737195974215865" lon="-4.061869019642472">
        <ele>1164.5</ele>
      </trkpt>
      <trkpt lat="40.737317008897662" lon="-4.062146041542292">
        <ele>1166</ele>
      </trkpt>
      <trkpt lat="40.737365037202835" lon="-4.062270009890199">
        <ele>1166</ele>
      </trkpt>
      <trkpt lat="40.737436031922698" lon="-4.062500009313226">
        <ele>1161</ele>
      </trkpt>
      <trkpt lat="40.737461009994149" lon="-4.062602017074823">
        <ele>1159.25</ele>
      </trkpt>
      <trkpt lat="40.737547008320689" lon="-4.062999989837408">
        <ele>1156.75</ele>
      </trkpt>
      <trkpt lat="40.737619008868933" lon="-4.063437022268772">
        <ele>1154.75</ele>
      </trkpt>
      <trkpt lat="40.73765798471868" lon="-4.06388696283102">
        <ele>1152</ele>
      </trkpt>
      <trkpt lat="40.737667037174106" lon="-4.064361965283752">
        <ele>1152.25</ele>
      </trkpt>
      <trkpt lat="40.737659996375442" lon="-4.064591964706779">
        <ele>1152</ele>
      </trkpt>
      <trkpt lat="40.737641975283623" lon="-4.064869992434979">
        <ele>1152.5</ele>
      </trkpt>
      <trkpt lat="40.737618003040552" lon="-4.06510803848505">
        <ele>1153.25</ele>
      </trkpt>
      <trkpt lat="40.73757198639214" lon="-4.065402997657657">
        <ele>1153.5</ele>
      </trkpt>
      <trkpt lat="40.737481964752078" lon="-4.065852016210556">
        <ele>1155.5</ele>
      </trkpt>
      <trkpt lat="40.737434020265937" lon="-4.066044967621565">
        <ele>1155.25</ele>
      </trkpt>
      <trkpt lat="40.737345004454255" lon="-4.066330036148429">
        <ele>1154</ele>
      </trkpt>
      <trkpt lat="40.737165967002511" lon="-4.06680696643889">
        <ele>1154.25</ele>
      </trkpt>
      <trkpt lat="40.737068988382816" lon="-4.06702196225524">
        <ele>1153.75</ele>
      </trkpt>
      <trkpt lat="40.736959017813206" lon="-4.067232012748718">
        <ele>1155.75</ele>
      </trkpt>
      <trkpt lat="40.736823985353112" lon="-4.067453965544701">
        <ele>1153.25</ele>
      </trkpt>
      <trkpt lat="40.736557021737099" lon="-4.067850010469556">
        <ele>1157.25</ele>
      </trkpt>
      <trkpt lat="40.736390976235271" lon="-4.068053020164371">
        <ele>1157.75</ele>
      </trkpt>
      <trkpt lat="40.736321993172169" lon="-4.068119991570711">
        <ele>1158.25</ele>
      </trkpt>
      <trkpt lat="40.736034996807575" lon="-4.068362982943654">
        <ele>1160.25</ele>
      </trkpt>
      <trkpt lat="40.735603999346495" lon="-4.068699013441801">
        <ele>1163.25</ele>
      </trkpt>
      <trkpt lat="40.735226981341839" lon="-4.068901017308235">
        <ele>1163.25</ele>
      </trkpt>
      <trkpt lat="40.73413297533989" lon="-4.069443996995688">
        <ele>1160.5</ele>
      </trkpt>
      <trkpt lat="40.733758974820375" lon="-4.06966301612556">
        <ele>1159</ele>
      </trkpt>
      <trkpt lat="40.733520006760955" lon="-4.069830989465118">
        <ele>1162</ele>
      </trkpt>
      <trkpt lat="40.733289001509547" lon="-4.070023018866777">
        <ele>1165.5</ele>
      </trkpt>
      <trkpt lat="40.733179030939937" lon="-4.070127038285136">
        <ele>1166.5</ele>
      </trkpt>
      <trkpt lat="40.733074005693197" lon="-4.070236003026366">
        <ele>1166</ele>
      </trkpt>
      <trkpt lat="40.732872001826763" lon="-4.070464996621013">
        <ele>1168</ele>
      </trkpt>
      <trkpt lat="40.732679972425103" lon="-4.070721985772252">
        <ele>1168.75</ele>
      </trkpt>
      <trkpt lat="40.732505964115262" lon="-4.070992972701788">
        <ele>1168</ele>
      </trkpt>
      <trkpt lat="40.732405968010426" lon="-4.071172010153532">
        <ele>1167.25</ele>
      </trkpt>
      <trkpt lat="40.732346037402749" lon="-4.071281980723143">
        <ele>1167.5</ele>
      </trkpt>
      <trkpt lat="40.732202036306262" lon="-4.071594038978219">
        <ele>1166.5</ele>
      </trkpt>
      <trkpt lat="40.73213498108089" lon="-4.071756983175874">
        <ele>1165.75</ele>
      </trkpt>
      <trkpt lat="40.732079995796084" lon="-4.071910958737135">
        <ele>1165.25</ele>
      </trkpt>
      <trkpt lat="40.731929959729314" lon="-4.072399036958814">
        <ele>1166.5</ele>
      </trkpt>
      <trkpt lat="40.731856031343341" lon="-4.072741018608213">
        <ele>1164.5</ele>
      </trkpt>
      <trkpt lat="40.731825018301606" lon="-4.072917038574815">
        <ele>1164.25</ele>
      </trkpt>
      <trkpt lat="40.731758968904614" lon="-4.073441997170448">
        <ele>1167</ele>
      </trkpt>
      <trkpt lat="40.731654027476907" lon="-4.07492701895535">
        <ele>1170.75</ele>
      </trkpt>
      <trkpt lat="40.731621002778411" lon="-4.075276963412762">
        <ele>1171</ele>
      </trkpt>
      <trkpt lat="40.731574986129999" lon="-4.075624980032444">
        <ele>1172</ele>
      </trkpt>
      <trkpt lat="40.731544978916645" lon="-4.075796976685524">
        <ele>1172.5</ele>
      </trkpt>
      <trkpt lat="40.731471972540021" lon="-4.076140969991684">
        <ele>1173.5</ele>
      </trkpt>
      <trkpt lat="40.73138203471899" lon="-4.076461996883154">
        <ele>1174</ele>
      </trkpt>
      <trkpt lat="40.731326965615153" lon="-4.076628964394331">
        <ele>1173.5</ele>
      </trkpt>
      <trkpt lat="40.731202997267246" lon="-4.076958959922195">
        <ele>1173.75</ele>
      </trkpt>
      <trkpt lat="40.731136025860906" lon="-4.077111007645726">
        <ele>1175</ele>
      </trkpt>
      <trkpt lat="40.730990013107657" lon="-4.077408984303474">
        <ele>1176.25</ele>
      </trkpt>
      <trkpt lat="40.730836037546396" lon="-4.077682988718152">
        <ele>1176.25</ele>
      </trkpt>
      <trkpt lat="40.73061098344624" lon="-4.07806403003633">
        <ele>1176.75</ele>
      </trkpt>
      <trkpt lat="40.729201985523105" lon="-4.080375004559755">
        <ele>1182.75</ele>
      </trkpt>
      <trkpt lat="40.728812981396914" lon="-4.081024015322328">
        <ele>1180.25</ele>
      </trkpt>
      <trkpt lat="40.728734023869038" lon="-4.081166004762054">
        <ele>1181.25</ele>
      </trkpt>
      <trkpt lat="40.728580970317125" lon="-4.081466998904944">
        <ele>1182.5</ele>
      </trkpt>
      <trkpt lat="40.728511987254024" lon="-4.081617034971714">
        <ele>1182</ele>
      </trkpt>
      <trkpt lat="40.728420037776232" lon="-4.081836976110935">
        <ele>1182</ele>
      </trkpt>
      <trkpt lat="40.728362035006285" lon="-4.082000004127622">
        <ele>1182.5</ele>
      </trkpt>
      <trkpt lat="40.728262038901448" lon="-4.082327987998724">
        <ele>1183</ele>
      </trkpt>
      <trkpt lat="40.728219039738178" lon="-4.082494033500552">
        <ele>1183.25</ele>
      </trkpt>
      <trkpt lat="40.728147961199284" lon="-4.082836015149951">
        <ele>1184.25</ele>
      </trkpt>
      <trkpt lat="40.728119965642691" lon="-4.083010023459792">
        <ele>1185.25</ele>
      </trkpt>
      <trkpt lat="40.728078978136182" lon="-4.083362985402346">
        <ele>1186.5</ele>
      </trkpt>
      <trkpt lat="40.728057017549872" lon="-4.083717036992312">
        <ele>1187.25</ele>
      </trkpt>
      <trkpt lat="40.72805299423635" lon="-4.083890961483121">
        <ele>1187.75</ele>
      </trkpt>
      <trkpt lat="40.728054000064731" lon="-4.084069998934865">
        <ele>1187.25</ele>
      </trkpt>
      <trkpt lat="40.728072021156549" lon="-4.084428995847702">
        <ele>1186</ele>
      </trkpt>
      <trkpt lat="40.728089036419988" lon="-4.084603004157543">
        <ele>1186.25</ele>
      </trkpt>
      <trkpt lat="40.728136980906129" lon="-4.084950014948845">
        <ele>1186.75</ele>
      </trkpt>
      <trkpt lat="40.728165982291102" lon="-4.085115976631641">
        <ele>1186.75</ele>
      </trkpt>
      <trkpt lat="40.72820202447474" lon="-4.085277998819947">
        <ele>1186.5</ele>
      </trkpt>
      <trkpt lat="40.728291040286422" lon="-4.085613023489714">
        <ele>1188</ele>
      </trkpt>
      <trkpt lat="40.728340996429324" lon="-4.08577898517251">
        <ele>1189</ele>
      </trkpt>
      <trkpt lat="40.728393970057368" lon="-4.085940001532435">
        <ele>1189.5</ele>
      </trkpt>
      <trkpt lat="40.728708961978555" lon="-4.086813982576132">
        <ele>1191.5</ele>
      </trkpt>
      <trkpt lat="40.728868972510099" lon="-4.087298037484288">
        <ele>1192</ele>
      </trkpt>
      <trkpt lat="40.728957988321781" lon="-4.087632978335023">
        <ele>1193.25</ele>
      </trkpt>
      <trkpt lat="40.729026971384883" lon="-4.087973032146692">
        <ele>1193.75</ele>
      </trkpt>
      <trkpt lat="40.729054966941476" lon="-4.088146034628153">
        <ele>1194</ele>
      </trkpt>
      <trkpt lat="40.729094026610255" lon="-4.088501008227468">
        <ele>1195</ele>
      </trkpt>
      <trkpt lat="40.729116993024945" lon="-4.088854975998402">
        <ele>1195</ele>
      </trkpt>
      <trkpt lat="40.729117998853326" lon="-4.089030995965004">
        <ele>1195.75</ele>
      </trkpt>
      <trkpt lat="40.729107018560171" lon="-4.089383035898209">
        <ele>1197.25</ele>
      </trkpt>
      <trkpt lat="40.729079023003578" lon="-4.089735997840762">
        <ele>1198</ele>
      </trkpt>
      <trkpt lat="40.729027977213264" lon="-4.090084014460445">
        <ele>1198</ele>
      </trkpt>
      <trkpt lat="40.728956982493401" lon="-4.090425996109843">
        <ele>1197.75</ele>
      </trkpt>
      <trkpt lat="40.728849023580551" lon="-4.090816006064415">
        <ele>1197.25</ele>
      </trkpt>
      <trkpt lat="40.728695970028639" lon="-4.091237029060721">
        <ele>1198.5</ele>
      </trkpt>
      <trkpt lat="40.727917961776257" lon="-4.093065038323402">
        <ele>1200.5</ele>
      </trkpt>
      <trkpt lat="40.727797010913491" lon="-4.093382963910699">
        <ele>1200.5</ele>
      </trkpt>
      <trkpt lat="40.727743031457067" lon="-4.093541968613863">
        <ele>1201</ele>
      </trkpt>
      <trkpt lat="40.72764496318996" lon="-4.093873975798488">
        <ele>1202</ele>
      </trkpt>
      <trkpt lat="40.727566005662084" lon="-4.094217969104648">
        <ele>1203.25</ele>
      </trkpt>
      <trkpt lat="40.72753599844873" lon="-4.094390971586108">
        <ele>1204</ele>
      </trkpt>
      <trkpt lat="40.727489981800318" lon="-4.09473798237741">
        <ele>1203.75</ele>
      </trkpt>
      <trkpt lat="40.727463997900486" lon="-4.095090022310615">
        <ele>1203.75</ele>
      </trkpt>
      <trkpt lat="40.727441031485796" lon="-4.095737021416426">
        <ele>1203.75</ele>
      </trkpt>
      <trkpt lat="40.72738797403872" lon="-4.098219992592931">
        <ele>1204.75</ele>
      </trkpt>
      <trkpt lat="40.727385962381959" lon="-4.09834798425436">
        <ele>1204.5</ele>
      </trkpt>
      <trkpt lat="40.727369030937552" lon="-4.098921976983547">
        <ele>1210.75</ele>
      </trkpt>
      <trkpt lat="40.727351009845734" lon="-4.099277034401894">
        <ele>1213.25</ele>
      </trkpt>
      <trkpt lat="40.727313039824367" lon="-4.099626978859305">
        <ele>1213</ele>
      </trkpt>
      <trkpt lat="40.72725797072053" lon="-4.09997901879251">
        <ele>1212.75</ele>
      </trkpt>
      <trkpt lat="40.727217989042401" lon="-4.100147997960448">
        <ele>1212.5</ele>
      </trkpt>
      <trkpt lat="40.727126961573958" lon="-4.100483022630215">
        <ele>1215</ele>
      </trkpt>
      <trkpt lat="40.727023025974631" lon="-4.100810000672936">
        <ele>1214.75</ele>
      </trkpt>
      <trkpt lat="40.72646101936698" lon="-4.102362999692559">
        <ele>1214.5</ele>
      </trkpt>
      <trkpt lat="40.726349037140608" lon="-4.10268796607852">
        <ele>1215.5</ele>
      </trkpt>
      <trkpt lat="40.72624602355063" lon="-4.103018967434764">
        <ele>1217.25</ele>
      </trkpt>
      <trkpt lat="40.72616103105247" lon="-4.10335399210453">
        <ele>1217.75</ele>
      </trkpt>
      <trkpt lat="40.726095987483859" lon="-4.103679964318872">
        <ele>1217</ele>
      </trkpt>
      <trkpt lat="40.726041002199054" lon="-4.104027980938554">
        <ele>1218</ele>
      </trkpt>
      <trkpt lat="40.725610004737973" lon="-4.107298012822866">
        <ele>1223</ele>
      </trkpt>
      <trkpt lat="40.725524006411433" lon="-4.107816014438868">
        <ele>1223.25</ele>
      </trkpt>
      <trkpt lat="40.725489975884557" lon="-4.107989016920328">
        <ele>1225.75</ele>
      </trkpt>
      <trkpt lat="40.725448988378048" lon="-4.108156990259886">
        <ele>1226.75</ele>
      </trkpt>
      <trkpt lat="40.725403977558017" lon="-4.108323035761714">
        <ele>1227.5</ele>
      </trkpt>
      <trkpt lat="40.725299036130309" lon="-4.108649007976055">
        <ele>1225</ele>
      </trkpt>
      <trkpt lat="40.725175989791751" lon="-4.10896198824048">
        <ele>1226.25</ele>
      </trkpt>
      <trkpt lat="40.725107006728649" lon="-4.109117975458503">
        <ele>1226.5</ele>
      </trkpt>
      <trkpt lat="40.724956970661879" lon="-4.10941201262176">
        <ele>1225.25</ele>
      </trkpt>
      <trkpt lat="40.724790003150702" lon="-4.10969004034996">
        <ele>1226</ele>
      </trkpt>
      <trkpt lat="40.724668968468904" lon="-4.109872011467814">
        <ele>1225</ele>
      </trkpt>
      <trkpt lat="40.724620018154383" lon="-4.109934959560633">
        <ele>1224.75</ele>
      </trkpt>
      <trkpt lat="40.724511975422502" lon="-4.11007602699101">
        <ele>1225.25</ele>
      </trkpt>
      <trkpt lat="40.724412985146046" lon="-4.110192032530904">
        <ele>1225.5</ele>
      </trkpt>
      <trkpt lat="40.724201006814837" lon="-4.110411973670125">
        <ele>1227</ele>
      </trkpt>
      <trkpt lat="40.724090030416846" lon="-4.110518004745245">
        <ele>1228.25</ele>
      </trkpt>
      <trkpt lat="40.723976958543062" lon="-4.110612971708179">
        <ele>1229.75</ele>
      </trkpt>
      <trkpt lat="40.723745031282306" lon="-4.110789997503161">
        <ele>1230.75</ele>
      </trkpt>
      <trkpt lat="40.723378993570805" lon="-4.11102301441133">
        <ele>1231.5</ele>
      </trkpt>
      <trkpt lat="40.7225969620049" lon="-4.111486030742526">
        <ele>1230.5</ele>
      </trkpt>
      <trkpt lat="40.722248023375869" lon="-4.111721981316805">
        <ele>1232.25</ele>
      </trkpt>
      <trkpt lat="40.722008971497416" lon="-4.111920967698097">
        <ele>1233.25</ele>
      </trkpt>
      <trkpt lat="40.721788024529815" lon="-4.112138980999589">
        <ele>1235.75</ele>
      </trkpt>
      <trkpt lat="40.72167101316154" lon="-4.11226898431778">
        <ele>1236</ele>
      </trkpt>
      <trkpt lat="40.721460040658712" lon="-4.112532008439302">
        <ele>1237.5</ele>
      </trkpt>
      <trkpt lat="40.721278991550207" lon="-4.112797966226935">
        <ele>1236</ele>
      </trkpt>
      <trkpt lat="40.721193999052048" lon="-4.112938027828932">
        <ele>1236.5</ele>
      </trkpt>
      <trkpt lat="40.721111018210649" lon="-4.113080017268658">
        <ele>1235.25</ele>
      </trkpt>
      <trkpt lat="40.720963999629021" lon="-4.113380005583167">
        <ele>1235.25</ele>
      </trkpt>
      <trkpt lat="40.720898034051061" lon="-4.113533981144428">
        <ele>1235</ele>
      </trkpt>
      <trkpt lat="40.720778005197644" lon="-4.113846961408854">
        <ele>1232</ele>
      </trkpt>
      <trkpt lat="40.720369974151254" lon="-4.115034006536007">
        <ele>1239.75</ele>
      </trkpt>
      <trkpt lat="40.720306020230055" lon="-4.115193011239171">
        <ele>1238.5</ele>
      </trkpt>
      <trkpt lat="40.720164030790329" lon="-4.115495011210442">
        <ele>1238.25</ele>
      </trkpt>
      <trkpt lat="40.720010977238417" lon="-4.115786030888557">
        <ele>1238.25</ele>
      </trkpt>
      <trkpt lat="40.719820037484169" lon="-4.116116026416421">
        <ele>1241</ele>
      </trkpt>
      <trkpt lat="40.718994000926614" lon="-4.117437014356256">
        <ele>1245</ele>
      </trkpt>
      <trkpt lat="40.718785040080547" lon="-4.117757035419345">
        <ele>1243.75</ele>
      </trkpt>
      <trkpt lat="40.718688983470201" lon="-4.117883015424013">
        <ele>1243.25</ele>
      </trkpt>
      <trkpt lat="40.718592004850507" lon="-4.118004972115159">
        <ele>1242.25</ele>
      </trkpt>
      <trkpt lat="40.718386983498931" lon="-4.118234971538186">
        <ele>1243</ele>
      </trkpt>
      <trkpt lat="40.7181709818542" lon="-4.118445022031665">
        <ele>1242.5</ele>
      </trkpt>
      <trkpt lat="40.717942994087934" lon="-4.118630010634661">
        <ele>1243.25</ele>
      </trkpt>
      <trkpt lat="40.717705031856894" lon="-4.118793038651347">
        <ele>1246.75</ele>
      </trkpt>
      <trkpt lat="40.717456005513668" lon="-4.118934022262693">
        <ele>1248.25</ele>
      </trkpt>
      <trkpt lat="40.717200022190809" lon="-4.119048016145825">
        <ele>1250.5</ele>
      </trkpt>
      <trkpt lat="40.715942988172174" lon="-4.119524024426937">
        <ele>1250.75</ele>
      </trkpt>
      <trkpt lat="40.715690022334456" lon="-4.119630977511406">
        <ele>1251.25</ele>
      </trkpt>
      <trkpt lat="40.715438984334469" lon="-4.119754023849964">
        <ele>1251.25</ele>
      </trkpt>
      <trkpt lat="40.715192975476384" lon="-4.119905987754464">
        <ele>1251.75</ele>
      </trkpt>
      <trkpt lat="40.715073030441999" lon="-4.119991986081004">
        <ele>1251</ele>
      </trkpt>
      <trkpt lat="40.714844036847353" lon="-4.120177980512381">
        <ele>1251</ele>
      </trkpt>
      <trkpt lat="40.714622000232339" lon="-4.120384007692337">
        <ele>1252</ele>
      </trkpt>
      <trkpt lat="40.71404398418963" lon="-4.120945008471608">
        <ele>1254.25</ele>
      </trkpt>
      <trkpt lat="40.713817002251744" lon="-4.121140977367759">
        <ele>1253.5</ele>
      </trkpt>
      <trkpt lat="40.71370099671185" lon="-4.121230999007821">
        <ele>1255.25</ele>
      </trkpt>
      <trkpt lat="40.71346303448081" lon="-4.121394027024508">
        <ele>1256.5</ele>
      </trkpt>
      <trkpt lat="40.713211996480823" lon="-4.121532998979092">
        <ele>1257</ele>
      </trkpt>
      <trkpt lat="40.712955007329583" lon="-4.121646992862225">
        <ele>1255.5</ele>
      </trkpt>
      <trkpt lat="40.7127970084548" lon="-4.121703989803791">
        <ele>1254.25</ele>
      </trkpt>
      <trkpt lat="40.712427031248808" lon="-4.121801974251866">
        <ele>1255</ele>
      </trkpt>
      <trkpt lat="40.712295016273856" lon="-4.121826030313969">
        <ele>1255.75</ele>
      </trkpt>
      <trkpt lat="40.71202402934432" lon="-4.121853020042181">
        <ele>1257</ele>
      </trkpt>
      <trkpt lat="40.711752958595753" lon="-4.121856959536672">
        <ele>1258.75</ele>
      </trkpt>
      <trkpt lat="40.71161700412631" lon="-4.12185100838542">
        <ele>1259</ele>
      </trkpt>
      <trkpt lat="40.710806977003813" lon="-4.121789988130331">
        <ele>1262.25</ele>
      </trkpt>
      <trkpt lat="40.710539007559419" lon="-4.121786970645189">
        <ele>1264.5</ele>
      </trkpt>
      <trkpt lat="40.71013499982655" lon="-4.121818989515305">
        <ele>1265.25</ele>
      </trkpt>
      <trkpt lat="40.709866024553776" lon="-4.121876992285252">
        <ele>1263.5</ele>
      </trkpt>
      <trkpt lat="40.709733003750443" lon="-4.121914962306619">
        <ele>1262.5</ele>
      </trkpt>
      <trkpt lat="40.709472997114062" lon="-4.122014036402106">
        <ele>1262.75</ele>
      </trkpt>
      <trkpt lat="40.709221037104726" lon="-4.122134987264872">
        <ele>1261.5</ele>
      </trkpt>
      <trkpt lat="40.709096984937787" lon="-4.122205981984735">
        <ele>1261.25</ele>
      </trkpt>
      <trkpt lat="40.708975028246641" lon="-4.122284017503262">
        <ele>1260.75</ele>
      </trkpt>
      <trkpt lat="40.708736982196569" lon="-4.122459031641483">
        <ele>1261.25</ele>
      </trkpt>
      <trkpt lat="40.708119990304112" lon="-4.122979966923595">
        <ele>1262.5</ele>
      </trkpt>
      <trkpt lat="40.707927960902452" lon="-4.123157998546958">
        <ele>1263.25</ele>
      </trkpt>
      <trkpt lat="40.707664014771581" lon="-4.123428985476494">
        <ele>1263.5</ele>
      </trkpt>
      <trkpt lat="40.707539962604642" lon="-4.123542979359627">
        <ele>1264.25</ele>
      </trkpt>
      <trkpt lat="40.705974977463484" lon="-4.124896991997957">
        <ele>1268.75</ele>
      </trkpt>
      <trkpt lat="40.705583961680532" lon="-4.125234028324485">
        <ele>1270</ele>
      </trkpt>
      <trkpt lat="40.705341976135969" lon="-4.125443994998932">
        <ele>1270.5</ele>
      </trkpt>
      <trkpt lat="40.705122034996748" lon="-4.125653961673379">
        <ele>1271.5</ele>
      </trkpt>
      <trkpt lat="40.70502002723515" lon="-4.125758986920118">
        <ele>1271.25</ele>
      </trkpt>
      <trkpt lat="40.704819029197097" lon="-4.1259999666363">
        <ele>1273.75</ele>
      </trkpt>
      <trkpt lat="40.704723978415132" lon="-4.12612603046">
        <ele>1273.25</ele>
      </trkpt>
      <trkpt lat="40.704544018954039" lon="-4.126386037096381">
        <ele>1276.75</ele>
      </trkpt>
      <trkpt lat="40.704289963468909" lon="-4.126794990152121">
        <ele>1279.25</ele>
      </trkpt>
      <trkpt lat="40.704167000949383" lon="-4.127023983746767">
        <ele>1276.5</ele>
      </trkpt>
      <trkpt lat="40.704089971259236" lon="-4.127202015370131">
        <ele>1280.5</ele>
      </trkpt>
      <trkpt lat="40.704036997631192" lon="-4.127336964011192">
        <ele>1282</ele>
      </trkpt>
      <trkpt lat="40.703949993476272" lon="-4.127607028931379">
        <ele>1282</ele>
      </trkpt>
      <trkpt lat="40.703896014019847" lon="-4.127798974514008">
        <ele>1282.25</ele>
      </trkpt>
      <trkpt lat="40.703834993764758" lon="-4.128051018342376">
        <ele>1282.5</ele>
      </trkpt>
      <trkpt lat="40.703704990446568" lon="-4.128715032711625">
        <ele>1283</ele>
      </trkpt>
      <trkpt lat="40.703564006835222" lon="-4.129846002906561">
        <ele>1284</ele>
      </trkpt>
      <trkpt lat="40.703541962429881" lon="-4.130366016179323">
        <ele>1284.5</ele>
      </trkpt>
      <trkpt lat="40.703564006835222" lon="-4.130687965080142">
        <ele>1284.75</ele>
      </trkpt>
      <trkpt lat="40.703600971028209" lon="-4.130929028615356">
        <ele>1285</ele>
      </trkpt>
      <trkpt lat="40.703730974346399" lon="-4.131324989721179">
        <ele>1285.25</ele>
      </trkpt>
      <trkpt lat="40.704199019819498" lon="-4.132392005994916">
        <ele>1286.25</ele>
      </trkpt>
      <trkpt lat="40.70643899962306" lon="-4.137981981039047">
        <ele>1291.5</ele>
      </trkpt>
      <trkpt lat="40.70762000977993" lon="-4.140950012952089">
        <ele>1294.5</ele>
      </trkpt>
      <trkpt lat="40.708683002740145" lon="-4.143592994660139">
        <ele>1297</ele>
      </trkpt>
      <trkpt lat="40.711741978302598" lon="-4.15126302279532">
        <ele>1304.25</ele>
      </trkpt>
      <trkpt lat="40.71305500343442" lon="-4.154516961425543">
        <ele>1307.25</ele>
      </trkpt>
      <trkpt lat="40.713138990104198" lon="-4.154689041897655">
        <ele>1307.5</ele>
      </trkpt>
      <trkpt lat="40.713209984824061" lon="-4.154848968610168">
        <ele>1307.5</ele>
      </trkpt>
      <trkpt lat="40.713364966213703" lon="-4.155125990509987">
        <ele>1301.25</ele>
      </trkpt>
      <trkpt lat="40.713541992008686" lon="-4.155399994924665">
        <ele>1300.5</ele>
      </trkpt>
      <trkpt lat="40.71363503113389" lon="-4.155525974929333">
        <ele>1296.75</ele>
      </trkpt>
      <trkpt lat="40.71382999420166" lon="-4.155767960473895">
        <ele>1296.5</ele>
      </trkpt>
      <trkpt lat="40.714041972532868" lon="-4.155988991260529">
        <ele>1297.5</ele>
      </trkpt>
      <trkpt lat="40.714152026921511" lon="-4.156093010678887">
        <ele>1294</ele>
      </trkpt>
      <trkpt lat="40.714378003031015" lon="-4.156280010938644">
        <ele>1296.5</ele>
      </trkpt>
      <trkpt lat="40.714617976918817" lon="-4.156445972621441">
        <ele>1295.5</ele>
      </trkpt>
      <trkpt lat="40.714868009090424" lon="-4.156587962061167">
        <ele>1295.25</ele>
      </trkpt>
      <trkpt lat="40.714992983266711" lon="-4.156648982316256">
        <ele>1290.75</ele>
      </trkpt>
      <trkpt lat="40.71529196575284" lon="-4.156777979806066">
        <ele>1294.75</ele>
      </trkpt>
      <trkpt lat="40.715980036184192" lon="-4.157042009755969">
        <ele>1291.25</ele>
      </trkpt>
      <trkpt lat="40.716367028653622" lon="-4.157219035550952">
        <ele>1288.25</ele>
      </trkpt>
      <trkpt lat="40.716652013361454" lon="-4.157380973920226">
        <ele>1288.25</ele>
      </trkpt>
      <trkpt lat="40.716770030558109" lon="-4.157459009438753">
        <ele>1287</ele>
      </trkpt>
      <trkpt lat="40.71696599945426" lon="-4.157605022192001">
        <ele>1285.75</ele>
      </trkpt>
      <trkpt lat="40.717222988605499" lon="-4.157835021615028">
        <ele>1284.5</ele>
      </trkpt>
      <trkpt lat="40.717435972765088" lon="-4.158060997724533">
        <ele>1283.5</ele>
      </trkpt>
      <trkpt lat="40.717539992183447" lon="-4.15818396024406">
        <ele>1282.5</ele>
      </trkpt>
      <trkpt lat="40.717633031308651" lon="-4.158302983269095">
        <ele>1281.75</ele>
      </trkpt>
      <trkpt lat="40.717811984941363" lon="-4.158560978248715">
        <ele>1282</ele>
      </trkpt>
      <trkpt lat="40.717896977439523" lon="-4.158699028193951">
        <ele>1280.25</ele>
      </trkpt>
      <trkpt lat="40.718057993799448" lon="-4.158984012901783">
        <ele>1282.5</ele>
      </trkpt>
      <trkpt lat="40.718264020979404" lon="-4.159442000091076">
        <ele>1279.5</ele>
      </trkpt>
      <trkpt lat="40.718380026519299" lon="-4.159760009497404">
        <ele>1278.75</ele>
      </trkpt>
      <trkpt lat="40.718478010967374" lon="-4.160083970054984">
        <ele>1274.25</ele>
      </trkpt>
      <trkpt lat="40.718524027615786" lon="-4.160255966708064">
        <ele>1275.75</ele>
      </trkpt>
      <trkpt lat="40.718588987365365" lon="-4.160601971670985">
        <ele>1278.25</ele>
      </trkpt>
      <trkpt lat="40.718616982921958" lon="-4.160774974152446">
        <ele>1278.5</ele>
      </trkpt>
      <trkpt lat="40.718657970428467" lon="-4.161120979115367">
        <ele>1275</ele>
      </trkpt>
      <trkpt lat="40.718670040369034" lon="-4.161300016567111">
        <ele>1274.25</ele>
      </trkpt>
      <trkpt lat="40.718679009005427" lon="-4.161650966852903">
        <ele>1274.75</ele>
      </trkpt>
      <trkpt lat="40.718668028712273" lon="-4.162003006786108">
        <ele>1275.75</ele>
      </trkpt>
      <trkpt lat="40.718636009842157" lon="-4.162357980385423">
        <ele>1276.5</ele>
      </trkpt>
      <trkpt lat="40.718583958223462" lon="-4.162703985348344">
        <ele>1276</ele>
      </trkpt>
      <trkpt lat="40.718516986817122" lon="-4.163050996139646">
        <ele>1278</ele>
      </trkpt>
      <trkpt lat="40.718475999310613" lon="-4.163219975307584">
        <ele>1278.75</ele>
      </trkpt>
      <trkpt lat="40.718373991549015" lon="-4.163549970835447">
        <ele>1277.25</ele>
      </trkpt>
      <trkpt lat="40.71832001209259" lon="-4.163711993023753">
        <ele>1275.75</ele>
      </trkpt>
      <trkpt lat="40.71825597435236" lon="-4.163869991898537">
        <ele>1274.25</ele>
      </trkpt>
      <trkpt lat="40.71819101460278" lon="-4.164024973288178">
        <ele>1272.75</ele>
      </trkpt>
      <trkpt lat="40.718117002397776" lon="-4.164174003526568">
        <ele>1273.25</ele>
      </trkpt>
      <trkpt lat="40.71786998771131" lon="-4.164596032351255">
        <ele>1274</ele>
      </trkpt>
      <trkpt lat="40.717693967744708" lon="-4.164862995967269">
        <ele>1273</ele>
      </trkpt>
      <trkpt lat="40.717600006610155" lon="-4.164991993457079">
        <ele>1272.5</ele>
      </trkpt>
      <trkpt lat="40.717408983036876" lon="-4.165244959294796">
        <ele>1271</ele>
      </trkpt>
      <trkpt lat="40.717175966128707" lon="-4.165526004508138">
        <ele>1269</ele>
      </trkpt>
      <trkpt lat="40.716700041666627" lon="-4.166065966710448">
        <ele>1270</ele>
      </trkpt>
      <trkpt lat="40.715693039819598" lon="-4.167251000180841">
        <ele>1267.75</ele>
      </trkpt>
      <trkpt lat="40.71542096324265" lon="-4.167558029294014">
        <ele>1268.25</ele>
      </trkpt>
      <trkpt lat="40.71522600017488" lon="-4.167806971818209">
        <ele>1269</ele>
      </trkpt>
      <trkpt lat="40.715038999915123" lon="-4.168061027303338">
        <ele>1269</ele>
      </trkpt>
      <trkpt lat="40.714349001646042" lon="-4.169156961143017">
        <ele>1265</ele>
      </trkpt>
      <trkpt lat="40.714127970859408" lon="-4.169531967490912">
        <ele>1264.5</ele>
      </trkpt>
      <trkpt lat="40.713971983641386" lon="-4.169821981340647">
        <ele>1264</ele>
      </trkpt>
      <trkpt lat="40.713834017515182" lon="-4.170124987140298">
        <ele>1263.5</ele>
      </trkpt>
      <trkpt lat="40.713771991431713" lon="-4.170282986015081">
        <ele>1263.5</ele>
      </trkpt>
      <trkpt lat="40.713713988661766" lon="-4.170440984889865">
        <ele>1263</ele>
      </trkpt>
      <trkpt lat="40.713609969243407" lon="-4.170769974589348">
        <ele>1262.5</ele>
      </trkpt>
      <trkpt lat="40.713526988402009" lon="-4.171106005087495">
        <ele>1262.75</ele>
      </trkpt>
      <trkpt lat="40.713493041694164" lon="-4.171276995912194">
        <ele>1262.75</ele>
      </trkpt>
      <trkpt lat="40.713439984247088" lon="-4.171615960076451">
        <ele>1262.75</ele>
      </trkpt>
      <trkpt lat="40.713423974812031" lon="-4.171779993921518">
        <ele>1262.75</ele>
      </trkpt>
      <trkpt lat="40.71340000256896" lon="-4.172136979177594">
        <ele>1262</ele>
      </trkpt>
      <trkpt lat="40.713394973427057" lon="-4.172312999144197">
        <ele>1261.25</ele>
      </trkpt>
      <trkpt lat="40.713395979255438" lon="-4.172490024939179">
        <ele>1260.5</ele>
      </trkpt>
      <trkpt lat="40.713414000347257" lon="-4.172846004366875">
        <ele>1258.5</ele>
      </trkpt>
      <trkpt lat="40.713430009782314" lon="-4.173023030161858">
        <ele>1257.5</ele>
      </trkpt>
      <trkpt lat="40.713476026430726" lon="-4.173370962962508">
        <ele>1254.75</ele>
      </trkpt>
      <trkpt lat="40.713577028363943" lon="-4.174005975946784">
        <ele>1254.75</ele>
      </trkpt>
      <trkpt lat="40.713755981996655" lon="-4.17504801414907">
        <ele>1258</ele>
      </trkpt>
      <trkpt lat="40.713790012523532" lon="-4.175217999145389">
        <ele>1258.75</ele>
      </trkpt>
      <trkpt lat="40.713868970051408" lon="-4.175558974966407">
        <ele>1256.75</ele>
      </trkpt>
      <trkpt lat="40.713967038318515" lon="-4.17588897049427">
        <ele>1258</ele>
      </trkpt>
      <trkpt lat="40.71402202360332" lon="-4.176050992682576">
        <ele>1257.75</ele>
      </trkpt>
      <trkpt lat="40.714143980294466" lon="-4.176365984603763">
        <ele>1255</ele>
      </trkpt>
      <trkpt lat="40.714500965550542" lon="-4.177256980910897">
        <ele>1251.25</ele>
      </trkpt>
      <trkpt lat="40.714612025767565" lon="-4.177581025287509">
        <ele>1250</ele>
      </trkpt>
      <trkpt lat="40.71471001021564" lon="-4.177913032472134">
        <ele>1250.5</ele>
      </trkpt>
      <trkpt lat="40.714787039905787" lon="-4.178251996636391">
        <ele>1250.5</ele>
      </trkpt>
      <trkpt lat="40.714842025190592" lon="-4.178598001599312">
        <ele>1251.25</ele>
      </trkpt>
      <trkpt lat="40.714894998818636" lon="-4.179127989336848">
        <ele>1248</ele>
      </trkpt>
      <trkpt lat="40.714924000203609" lon="-4.179600980132818">
        <ele>1248.75</ele>
      </trkpt>
      <trkpt lat="40.715027013793588" lon="-4.181383978575468">
        <ele>1248.75</ele>
      </trkpt>
      <trkpt lat="40.715095996856689" lon="-4.182553002610803">
        <ele>1245.5</ele>
      </trkpt>
      <trkpt lat="40.715133966878057" lon="-4.183031022548676">
        <ele>1246.25</ele>
      </trkpt>
      <trkpt lat="40.715153999626637" lon="-4.183206958696246">
        <ele>1246.5</ele>
      </trkpt>
      <trkpt lat="40.715177971869707" lon="-4.18338499031961">
        <ele>1247</ele>
      </trkpt>
      <trkpt lat="40.715244021266699" lon="-4.183734012767673">
        <ele>1247.25</ele>
      </trkpt>
      <trkpt lat="40.715285008773208" lon="-4.183909026905894">
        <ele>1247.5</ele>
      </trkpt>
      <trkpt lat="40.715373018756509" lon="-4.184219995513558">
        <ele>1247</ele>
      </trkpt>
      <trkpt lat="40.715491035953164" lon="-4.184576980769634">
        <ele>1246.75</ele>
      </trkpt>
      <trkpt lat="40.715622967109084" lon="-4.184880992397666">
        <ele>1246.25</ele>
      </trkpt>
      <trkpt lat="40.715878028422594" lon="-4.185335040092468">
        <ele>1245.75</ele>
      </trkpt>
      <trkpt lat="40.716121019795537" lon="-4.185720020905137">
        <ele>1245.5</ele>
      </trkpt>
      <trkpt lat="40.716270972043276" lon="-4.185911966487765">
        <ele>1245.5</ele>
      </trkpt>
      <trkpt lat="40.716370968148112" lon="-4.186027972027659">
        <ele>1242.5</ele>
      </trkpt>
      <trkpt lat="40.716586969792843" lon="-4.186249002814293">
        <ele>1239.5</ele>
      </trkpt>
      <trkpt lat="40.716698030009866" lon="-4.18635000474751">
        <ele>1238.5</ele>
      </trkpt>
      <trkpt lat="40.71711502969265" lon="-4.186695003882051">
        <ele>1235.5</ele>
      </trkpt>
      <trkpt lat="40.718278018757701" lon="-4.187601003795862">
        <ele>1231.75</ele>
      </trkpt>
      <trkpt lat="40.718859974294901" lon="-4.188052034005523">
        <ele>1234.25</ele>
      </trkpt>
      <trkpt lat="40.719693973660469" lon="-4.188702972605825">
        <ele>1234</ele>
      </trkpt>
      <trkpt lat="40.720142992213368" lon="-4.189051995053887">
        <ele>1234.75</ele>
      </trkpt>
      <trkpt lat="40.720375003293157" lon="-4.189222985878587">
        <ele>1231.75</ele>
      </trkpt>
      <trkpt lat="40.720615983009338" lon="-4.189386013895273">
        <ele>1229.75</ele>
      </trkpt>
      <trkpt lat="40.720865009352565" lon="-4.18952900916338">
        <ele>1229.5</ele>
      </trkpt>
      <trkpt lat="40.721118981018662" lon="-4.189641997218132">
        <ele>1227.75</ele>
      </trkpt>
      <trkpt lat="40.721382005140185" lon="-4.189730007201433">
        <ele>1229.5</ele>
      </trkpt>
      <trkpt lat="40.721648968756199" lon="-4.189794966951013">
        <ele>1226</ele>
      </trkpt>
      <trkpt lat="40.721785007044673" lon="-4.189813993871212">
        <ele>1226.5</ele>
      </trkpt>
      <trkpt lat="40.722054988145828" lon="-4.189832014963031">
        <ele>1228.25</ele>
      </trkpt>
      <trkpt lat="40.722461007535458" lon="-4.189822040498257">
        <ele>1232.25</ele>
      </trkpt>
      <trkpt lat="40.727590983733535" lon="-4.189511993899941">
        <ele>1218</ele>
      </trkpt>
      <trkpt lat="40.727862976491451" lon="-4.189512999728322">
        <ele>1216.5</ele>
      </trkpt>
      <trkpt lat="40.728133041411638" lon="-4.189534038305283">
        <ele>1214.75</ele>
      </trkpt>
      <trkpt lat="40.728395981714129" lon="-4.189577959477902">
        <ele>1212.5</ele>
      </trkpt>
      <trkpt lat="40.728841982781887" lon="-4.189691031351686">
        <ele>1215.25</ele>
      </trkpt>
      <trkpt lat="40.731256976723671" lon="-4.190428974106908">
        <ele>1209</ele>
      </trkpt>
      <trkpt lat="40.731411036103964" lon="-4.190477002412081">
        <ele>1210</ele>
      </trkpt>
      <trkpt lat="40.732706040143967" lon="-4.190870029851794">
        <ele>1209.25</ele>
      </trkpt>
      <trkpt lat="40.733108958229423" lon="-4.190975977107883">
        <ele>1209.5</ele>
      </trkpt>
      <trkpt lat="40.733242984861135" lon="-4.191001961007714">
        <ele>1209.75</ele>
      </trkpt>
      <trkpt lat="40.73351196013391" lon="-4.191038003191352">
        <ele>1210.25</ele>
      </trkpt>
      <trkpt lat="40.733646992594004" lon="-4.191046971827745">
        <ele>1210.25</ele>
      </trkpt>
      <trkpt lat="40.73391898535192" lon="-4.191042026504874">
        <ele>1209.25</ele>
      </trkpt>
      <trkpt lat="40.734188966453075" lon="-4.191010007634759">
        <ele>1209.25</ele>
      </trkpt>
      <trkpt lat="40.73445500805974" lon="-4.190950999036431">
        <ele>1207.75</ele>
      </trkpt>
      <trkpt lat="40.734715014696121" lon="-4.19086198322475">
        <ele>1207</ele>
      </trkpt>
      <trkpt lat="40.734967980533838" lon="-4.190752012655139">
        <ele>1206.25</ele>
      </trkpt>
      <trkpt lat="40.735097983852029" lon="-4.190685963258147">
        <ele>1205.75</ele>
      </trkpt>
      <trkpt lat="40.735339969396591" lon="-4.190536011010408">
        <ele>1205</ele>
      </trkpt>
      <trkpt lat="40.735569968819618" lon="-4.19036602601409">
        <ele>1204.75</ele>
      </trkpt>
      <trkpt lat="40.735858976840973" lon="-4.19013200327754">
        <ele>1203.75</ele>
      </trkpt>
      <trkpt lat="40.736209005117416" lon="-4.189827991649509">
        <ele>1203</ele>
      </trkpt>
      <trkpt lat="40.736459037289023" lon="-4.189621964469552">
        <ele>1202.5</ele>
      </trkpt>
      <trkpt lat="40.736695993691683" lon="-4.189461031928659">
        <ele>1201.75</ele>
      </trkpt>
      <trkpt lat="40.737103018909693" lon="-4.189234972000122">
        <ele>1201.25</ele>
      </trkpt>
      <trkpt lat="40.737339975312352" lon="-4.189118966460228">
        <ele>1201</ele>
      </trkpt>
      <trkpt lat="40.737567041069269" lon="-4.18903699144721">
        <ele>1200.75</ele>
      </trkpt>
      <trkpt lat="40.737848002463579" lon="-4.188963985070586">
        <ele>1199.75</ele>
      </trkpt>
      <trkpt lat="40.737984962761402" lon="-4.188939006999135">
        <ele>1199.75</ele>
      </trkpt>
      <trkpt lat="40.73821404017508" lon="-4.188910005614162">
        <ele>1199.75</ele>
      </trkpt>
      <trkpt lat="40.738372039049864" lon="-4.188903970643878">
        <ele>1199.75</ele>
      </trkpt>
      <trkpt lat="40.738672027364373" lon="-4.188921991735697">
        <ele>1199.5</ele>
      </trkpt>
      <trkpt lat="40.738929016515613" lon="-4.188964990898967">
        <ele>1199</ele>
      </trkpt>
      <trkpt lat="40.739436037838459" lon="-4.189071021974087">
        <ele>1199</ele>
      </trkpt>
      <trkpt lat="40.74044999666512" lon="-4.189303033053875">
        <ele>1199.25</ele>
      </trkpt>
      <trkpt lat="40.740870013833046" lon="-4.189399005845189">
        <ele>1199.75</ele>
      </trkpt>
      <trkpt lat="40.741971982643008" lon="-4.189647026360035">
        <ele>1196.75</ele>
      </trkpt>
      <trkpt lat="40.74225302785635" lon="-4.189697988331318">
        <ele>1197</ele>
      </trkpt>
      <trkpt lat="40.742819979786873" lon="-4.18976697139442">
        <ele>1196.5</ele>
      </trkpt>
      <trkpt lat="40.743054002523422" lon="-4.189808964729309">
        <ele>1194.5</ele>
      </trkpt>
      <trkpt lat="40.744411032646894" lon="-4.19011197052896">
        <ele>1200.25</ele>
      </trkpt>
      <trkpt lat="40.744614964351058" lon="-4.19015103019774">
        <ele>1201.75</ele>
      </trkpt>
      <trkpt lat="40.745034981518984" lon="-4.190229987725616">
        <ele>1203.25</ele>
      </trkpt>
      <trkpt lat="40.745169008150697" lon="-4.190245997160673">
        <ele>1203.5</ele>
      </trkpt>
      <trkpt lat="40.745444018393755" lon="-4.190263012424111">
        <ele>1204</ele>
      </trkpt>
      <trkpt lat="40.745579972863197" lon="-4.190264018252492">
        <ele>1204</ele>
      </trkpt>
      <trkpt lat="40.745853977277875" lon="-4.19024096801877">
        <ele>1204.25</ele>
      </trkpt>
      <trkpt lat="40.746119013056159" lon="-4.190187994390726">
        <ele>1204.75</ele>
      </trkpt>
      <trkpt lat="40.746389999985695" lon="-4.19011096470058">
        <ele>1204.5</ele>
      </trkpt>
      <trkpt lat="40.746643971651793" lon="-4.19000199995935">
        <ele>1205</ele>
      </trkpt>
      <trkpt lat="40.7468940038234" lon="-4.189869984984398">
        <ele>1205.5</ele>
      </trkpt>
      <trkpt lat="40.747145963832736" lon="-4.189712991937995">
        <ele>1206.5</ele>
      </trkpt>
      <trkpt lat="40.750238969922066" lon="-4.187521040439606">
        <ele>1215.25</ele>
      </trkpt>
      <trkpt lat="40.751833962276578" lon="-4.186391998082399">
        <ele>1215.25</ele>
      </trkpt>
      <trkpt lat="40.752034038305283" lon="-4.186253026127815">
        <ele>1216.25</ele>
      </trkpt>
      <trkpt lat="40.752529995515943" lon="-4.185881037265062">
        <ele>1218.25</ele>
      </trkpt>
      <trkpt lat="40.752873988822103" lon="-4.185585994273424">
        <ele>1220.25</ele>
      </trkpt>
      <trkpt lat="40.753087978810072" lon="-4.185366975143552">
        <ele>1221</ele>
      </trkpt>
      <trkpt lat="40.753736989572644" lon="-4.184638001024723">
        <ele>1224.5</ele>
      </trkpt>
      <trkpt lat="40.753952991217375" lon="-4.184405989944935">
        <ele>1224.75</ele>
      </trkpt>
      <trkpt lat="40.754164969548583" lon="-4.184207003563643">
        <ele>1224.5</ele>
      </trkpt>
      <trkpt lat="40.754393041133881" lon="-4.184026038274169">
        <ele>1232.25</ele>
      </trkpt>
      <trkpt lat="40.754510974511504" lon="-4.183941967785358">
        <ele>1230.5</ele>
      </trkpt>
      <trkpt lat="40.754755977541208" lon="-4.183791009709239">
        <ele>1230</ele>
      </trkpt>
      <trkpt lat="40.755010033026338" lon="-4.183666035532951">
        <ele>1225.25</ele>
      </trkpt>
      <trkpt lat="40.755139030516148" lon="-4.183612978085876">
        <ele>1223.75</ele>
      </trkpt>
      <trkpt lat="40.755400964990258" lon="-4.183527985587716">
        <ele>1221.5</ele>
      </trkpt>
      <trkpt lat="40.755664994940162" lon="-4.183465959504247">
        <ele>1219</ele>
      </trkpt>
      <trkpt lat="40.755802039057016" lon="-4.183446010574698">
        <ele>1219</ele>
      </trkpt>
      <trkpt lat="40.756071014329791" lon="-4.183421032503247">
        <ele>1219.5</ele>
      </trkpt>
      <trkpt lat="40.756340995430946" lon="-4.18342798948288">
        <ele>1220.25</ele>
      </trkpt>
      <trkpt lat="40.756610976532102" lon="-4.183461014181376">
        <ele>1220.75</ele>
      </trkpt>
      <trkpt lat="40.756878023967147" lon="-4.183518011122942">
        <ele>1222.75</ele>
      </trkpt>
      <trkpt lat="40.757139958441257" lon="-4.183603003621101">
        <ele>1225</ele>
      </trkpt>
      <trkpt lat="40.757395019754767" lon="-4.183710962533951">
        <ele>1225.5</ele>
      </trkpt>
      <trkpt lat="40.757644968107343" lon="-4.183844989165664">
        <ele>1228.5</ele>
      </trkpt>
      <trkpt lat="40.757770026102662" lon="-4.18392101302743">
        <ele>1229</ele>
      </trkpt>
      <trkpt lat="40.75800497084856" lon="-4.184092003852129">
        <ele>1231.75</ele>
      </trkpt>
      <trkpt lat="40.758231030777097" lon="-4.184283027425408">
        <ele>1232</ele>
      </trkpt>
      <trkpt lat="40.758438985794783" lon="-4.184491988271475">
        <ele>1229.75</ele>
      </trkpt>
      <trkpt lat="40.758643001317978" lon="-4.184725005179644">
        <ele>1228.25</ele>
      </trkpt>
      <trkpt lat="40.758736962452531" lon="-4.184849979355931">
        <ele>1226</ele>
      </trkpt>
      <trkpt lat="40.758917005732656" lon="-4.185111997649074">
        <ele>1229.25</ele>
      </trkpt>
      <trkpt lat="40.759082967415452" lon="-4.185391031205654">
        <ele>1229.75</ele>
      </trkpt>
      <trkpt lat="40.759230991825461" lon="-4.185688002035022">
        <ele>1232.5</ele>
      </trkpt>
      <trkpt lat="40.759299974888563" lon="-4.185839965939522">
        <ele>1234.75</ele>
      </trkpt>
      <trkpt lat="40.759362000972033" lon="-4.185997964814305">
        <ele>1236</ele>
      </trkpt>
      <trkpt lat="40.759477000683546" lon="-4.186321003362536">
        <ele>1238.25</ele>
      </trkpt>
      <trkpt lat="40.75952704064548" lon="-4.186485037207604">
        <ele>1242.75</ele>
      </trkpt>
      <trkpt lat="40.75961203314364" lon="-4.186826013028622">
        <ele>1247</ele>
      </trkpt>
      <trkpt lat="40.759676992893219" lon="-4.187167994678021">
        <ele>1241</ele>
      </trkpt>
      <trkpt lat="40.759724015370011" lon="-4.187518022954464">
        <ele>1237</ele>
      </trkpt>
      <trkpt lat="40.759831974282861" lon="-4.188816966488957">
        <ele>1245.75</ele>
      </trkpt>
      <trkpt lat="40.759889977052808" lon="-4.189346032217145">
        <ele>1243</ele>
      </trkpt>
      <trkpt lat="40.759948985651135" lon="-4.189693965017796">
        <ele>1239.75</ele>
      </trkpt>
      <trkpt lat="40.760029032826424" lon="-4.190033013001084">
        <ele>1238.5</ele>
      </trkpt>
      <trkpt lat="40.76012902893126" lon="-4.190360996872187">
        <ele>1239.5</ele>
      </trkpt>
      <trkpt lat="40.760185020044446" lon="-4.190524024888873">
        <ele>1239.75</ele>
      </trkpt>
      <trkpt lat="40.760247968137264" lon="-4.190685041248798">
        <ele>1239.5</ele>
      </trkpt>
      <trkpt lat="40.76038702391088" lon="-4.190989974886179">
        <ele>1239.5</ele>
      </trkpt>
      <trkpt lat="40.760543011128902" lon="-4.191278982907534">
        <ele>1239.75</ele>
      </trkpt>
      <trkpt lat="40.760717019438744" lon="-4.191554998978972">
        <ele>1240.5</ele>
      </trkpt>
      <trkpt lat="40.760807963088155" lon="-4.191687013953924">
        <ele>1240.5</ele>
      </trkpt>
      <trkpt lat="40.760934026911855" lon="-4.191852975636721">
        <ele>1240.5</ele>
      </trkpt>
      <trkpt lat="40.761105017736554" lon="-4.192051962018013">
        <ele>1240.5</ele>
      </trkpt>
      <trkpt lat="40.761318001896143" lon="-4.192269975319505">
        <ele>1240.5</ele>
      </trkpt>
      <trkpt lat="40.761430989950895" lon="-4.192368965595961">
        <ele>1241</ele>
      </trkpt>
      <trkpt lat="40.761661995202303" lon="-4.192556971684098">
        <ele>1241</ele>
      </trkpt>
      <trkpt lat="40.761790992692113" lon="-4.19264598749578">
        <ele>1242</ele>
      </trkpt>
      <trkpt lat="40.762029960751534" lon="-4.192789988592267">
        <ele>1243</ele>
      </trkpt>
      <trkpt lat="40.762284016236663" lon="-4.192913034930825">
        <ele>1243.25</ele>
      </trkpt>
      <trkpt lat="40.762543017044663" lon="-4.193014958873391">
        <ele>1244.25</ele>
      </trkpt>
      <trkpt lat="40.76363299973309" lon="-4.193380996584892">
        <ele>1244.5</ele>
      </trkpt>
      <trkpt lat="40.76389099471271" lon="-4.193486021831632">
        <ele>1241.25</ele>
      </trkpt>
      <trkpt lat="40.764017980545759" lon="-4.19354603625834">
        <ele>1242.5</ele>
      </trkpt>
      <trkpt lat="40.764264995232224" lon="-4.193685008212924">
        <ele>1244.5</ele>
      </trkpt>
      <trkpt lat="40.764506980776787" lon="-4.19384803622961">
        <ele>1245.5</ele>
      </trkpt>
      <trkpt lat="40.7646219804883" lon="-4.193938979879022">
        <ele>1245.75</ele>
      </trkpt>
      <trkpt lat="40.764844017103314" lon="-4.194131009280682">
        <ele>1246.25</ele>
      </trkpt>
      <trkpt lat="40.765057001262903" lon="-4.194350028410554">
        <ele>1246.25</ele>
      </trkpt>
      <trkpt lat="40.765254981815815" lon="-4.194588996469975">
        <ele>1246.25</ele>
      </trkpt>
      <trkpt lat="40.765440976247191" lon="-4.194850008934736">
        <ele>1246.5</ele>
      </trkpt>
      <trkpt lat="40.765611967071891" lon="-4.195127030834556">
        <ele>1247.5</ele>
      </trkpt>
      <trkpt lat="40.765764014795423" lon="-4.19541503302753">
        <ele>1248.5</ele>
      </trkpt>
      <trkpt lat="40.765900975093246" lon="-4.195718038827181">
        <ele>1250</ele>
      </trkpt>
      <trkpt lat="40.76608101837337" lon="-4.196167979389429">
        <ele>1251.5</ele>
      </trkpt>
      <trkpt lat="40.7661899831146" lon="-4.196453969925642">
        <ele>1252.5</ele>
      </trkpt>
      <trkpt lat="40.766358962282538" lon="-4.196873987093568">
        <ele>1253.75</ele>
      </trkpt>
      <trkpt lat="40.766491983085871" lon="-4.197185961529613">
        <ele>1256.75</ele>
      </trkpt>
      <trkpt lat="40.7666390016675" lon="-4.197484022006393">
        <ele>1256</ele>
      </trkpt>
      <trkpt lat="40.766809992492199" lon="-4.197768000885844">
        <ele>1259.75</ele>
      </trkpt>
      <trkpt lat="40.76700596138835" lon="-4.198048962280154">
        <ele>1258.75</ele>
      </trkpt>
      <trkpt lat="40.767192961648107" lon="-4.19827401638031">
        <ele>1258.75</ele>
      </trkpt>
      <trkpt lat="40.767295975238085" lon="-4.198385998606682">
        <ele>1258.5</ele>
      </trkpt>
      <trkpt lat="40.767516000196338" lon="-4.19859797693789">
        <ele>1257.25</ele>
      </trkpt>
      <trkpt lat="40.767743987962604" lon="-4.198784977197647">
        <ele>1258.75</ele>
      </trkpt>
      <trkpt lat="40.767982034012675" lon="-4.198948005214334">
        <ele>1259.75</ele>
      </trkpt>
      <trkpt lat="40.768236005678773" lon="-4.199093012139201">
        <ele>1259</ele>
      </trkpt>
      <trkpt lat="40.768492994830012" lon="-4.199209017679095">
        <ele>1258.5</ele>
      </trkpt>
      <trkpt lat="40.76874696649611" lon="-4.199294010177255">
        <ele>1259.25</ele>
      </trkpt>
      <trkpt lat="40.768874958157539" lon="-4.199329968541861">
        <ele>1259.5</ele>
      </trkpt>
      <trkpt lat="40.769158015027642" lon="-4.199388977140188">
        <ele>1260.5</ele>
      </trkpt>
      <trkpt lat="40.769506031647325" lon="-4.199445974081755">
        <ele>1261.75</ele>
      </trkpt>
      <trkpt lat="40.770589979365468" lon="-4.199596010148525">
        <ele>1265.25</ele>
      </trkpt>
      <trkpt lat="40.771032962948084" lon="-4.199674967676401">
        <ele>1264.25</ele>
      </trkpt>
      <trkpt lat="40.771308979019523" lon="-4.199745962396264">
        <ele>1263.5</ele>
      </trkpt>
      <trkpt lat="40.771553982049227" lon="-4.199837995693088">
        <ele>1260.25</ele>
      </trkpt>
      <trkpt lat="40.771687002852559" lon="-4.199899015948176">
        <ele>1259</ele>
      </trkpt>
      <trkpt lat="40.771950026974082" lon="-4.200039999559522">
        <ele>1262.25</ele>
      </trkpt>
      <trkpt lat="40.77218103222549" lon="-4.200195986777544">
        <ele>1260.5</ele>
      </trkpt>
      <trkpt lat="40.772288991138339" lon="-4.200278967618942">
        <ele>1263.25</ele>
      </trkpt>
      <trkpt lat="40.77252795919776" lon="-4.200486000627279">
        <ele>1264.5</ele>
      </trkpt>
      <trkpt lat="40.772742033004761" lon="-4.200706025585532">
        <ele>1265.75</ele>
      </trkpt>
      <trkpt lat="40.772940013557673" lon="-4.200941976159811">
        <ele>1265.5</ele>
      </trkpt>
      <trkpt lat="40.773115027695894" lon="-4.201185973361135">
        <ele>1268.25</ele>
      </trkpt>
      <trkpt lat="40.773285012692213" lon="-4.201457966119051">
        <ele>1269.25</ele>
      </trkpt>
      <trkpt lat="40.773422978818417" lon="-4.201706992462277">
        <ele>1268.75</ele>
      </trkpt>
      <trkpt lat="40.77357997186482" lon="-4.202043022960424">
        <ele>1267</ele>
      </trkpt>
      <trkpt lat="40.773705029860139" lon="-4.202352985739708">
        <ele>1264.25</ele>
      </trkpt>
      <trkpt lat="40.774189000949264" lon="-4.203622005879879">
        <ele>1269.5</ele>
      </trkpt>
      <trkpt lat="40.774369966238737" lon="-4.204021990299225">
        <ele>1271.5</ele>
      </trkpt>
      <trkpt lat="40.774474991485476" lon="-4.204223994165659">
        <ele>1272.5</ele>
      </trkpt>
      <trkpt lat="40.774702979251742" lon="-4.204603023827076">
        <ele>1272.75</ele>
      </trkpt>
      <trkpt lat="40.774824013933539" lon="-4.204778959974647">
        <ele>1275.5</ele>
      </trkpt>
      <trkpt lat="40.774950999766588" lon="-4.204949028789997">
        <ele>1273.5</ele>
      </trkpt>
      <trkpt lat="40.775220980867743" lon="-4.205266032367945">
        <ele>1273.25</ele>
      </trkpt>
      <trkpt lat="40.77536397613585" lon="-4.205413972958922">
        <ele>1276.75</ele>
      </trkpt>
      <trkpt lat="40.775671005249023" lon="-4.205682026222348">
        <ele>1276.25</ele>
      </trkpt>
      <trkpt lat="40.775991026312113" lon="-4.205911019816995">
        <ele>1272.75</ele>
      </trkpt>
      <trkpt lat="40.776153970509768" lon="-4.206013027578592">
        <ele>1273.75</ele>
      </trkpt>
      <trkpt lat="40.776319010183215" lon="-4.206112017855048">
        <ele>1272</ele>
      </trkpt>
      <trkpt lat="40.77665202319622" lon="-4.206296000629664">
        <ele>1274</ele>
      </trkpt>
      <trkpt lat="40.778556978330016" lon="-4.207307025790215">
        <ele>1272</ele>
      </trkpt>
      <trkpt lat="40.780825959518552" lon="-4.208506979048252">
        <ele>1271</ele>
      </trkpt>
      <trkpt lat="40.781530039384961" lon="-4.208880979567766">
        <ele>1269</ele>
      </trkpt>
      <trkpt lat="40.782181983813643" lon="-4.209241988137364">
        <ele>1266.5</ele>
      </trkpt>
      <trkpt lat="40.782531006261706" lon="-4.20944700948894">
        <ele>1266</ele>
      </trkpt>
      <trkpt lat="40.78301296569407" lon="-4.209755966439843">
        <ele>1264.5</ele>
      </trkpt>
      <trkpt lat="40.783472964540124" lon="-4.210082022473216">
        <ele>1262.25</ele>
      </trkpt>
      <trkpt lat="40.7843669783324" lon="-4.210761962458491">
        <ele>1263.5</ele>
      </trkpt>
      <trkpt lat="40.784763023257256" lon="-4.21103697270155">
        <ele>1262</ele>
      </trkpt>
      <trkpt lat="40.785166025161743" lon="-4.211282981559634">
        <ele>1261.75</ele>
      </trkpt>
      <trkpt lat="40.785563997924328" lon="-4.211494037881494">
        <ele>1260</ele>
      </trkpt>
      <trkpt lat="40.785964988172054" lon="-4.211676008999348">
        <ele>1257.75</ele>
      </trkpt>
      <trkpt lat="40.786418030038476" lon="-4.211851023137569">
        <ele>1256.75</ele>
      </trkpt>
      <trkpt lat="40.789250023663044" lon="-4.212805973365903">
        <ele>1252.75</ele>
      </trkpt>
      <trkpt lat="40.792444031685591" lon="-4.213881036266685">
        <ele>1246</ele>
      </trkpt>
      <trkpt lat="40.792712001129985" lon="-4.213965022936463">
        <ele>1242.75</ele>
      </trkpt>
      <trkpt lat="40.792976031079888" lon="-4.214034005999565">
        <ele>1243</ele>
      </trkpt>
      <trkpt lat="40.793251041322947" lon="-4.214078010991216">
        <ele>1244.75</ele>
      </trkpt>
      <trkpt lat="40.793536026030779" lon="-4.214097959920764">
        <ele>1246.25</ele>
      </trkpt>
      <trkpt lat="40.793760996311903" lon="-4.214089997112751">
        <ele>1247.25</ele>
      </trkpt>
      <trkpt lat="40.793951014056802" lon="-4.214070970192552">
        <ele>1249</ele>
      </trkpt>
      <trkpt lat="40.794273968786001" lon="-4.214007016271353">
        <ele>1248.5</ele>
      </trkpt>
      <trkpt lat="40.794579992070794" lon="-4.213913977146149">
        <ele>1248</ele>
      </trkpt>
      <trkpt lat="40.794889032840729" lon="-4.2137869913131">
        <ele>1247.5</ele>
      </trkpt>
      <trkpt lat="40.795019036158919" lon="-4.213720019906759">
        <ele>1247.25</ele>
      </trkpt>
      <trkpt lat="40.795213999226689" lon="-4.213605020195246">
        <ele>1247</ele>
      </trkpt>
      <trkpt lat="40.795422960072756" lon="-4.213444003835321">
        <ele>1246.5</ele>
      </trkpt>
      <trkpt lat="40.795632004737854" lon="-4.213245017454028">
        <ele>1246.25</ele>
      </trkpt>
      <trkpt lat="40.795854041352868" lon="-4.21301300637424">
        <ele>1245.75</ele>
      </trkpt>
      <trkpt lat="40.796069037169218" lon="-4.212765991687775">
        <ele>1245.5</ele>
      </trkpt>
      <trkpt lat="40.796178001910448" lon="-4.212632970884442">
        <ele>1245.5</ele>
      </trkpt>
      <trkpt lat="40.796269029378891" lon="-4.212507996708155">
        <ele>1245.5</ele>
      </trkpt>
      <trkpt lat="40.796356033533812" lon="-4.212371036410332">
        <ele>1242.75</ele>
      </trkpt>
      <trkpt lat="40.796518977731466" lon="-4.212088985368609">
        <ele>1239.25</ele>
      </trkpt>
      <trkpt lat="40.796675970777869" lon="-4.211780028417707">
        <ele>1237.25</ele>
      </trkpt>
      <trkpt lat="40.796745959669352" lon="-4.211620017886162">
        <ele>1236.75</ele>
      </trkpt>
      <trkpt lat="40.79686900600791" lon="-4.211297985166311">
        <ele>1237.25</ele>
      </trkpt>
      <trkpt lat="40.796973025426269" lon="-4.21097100712359">
        <ele>1237</ele>
      </trkpt>
      <trkpt lat="40.797018958255649" lon="-4.210795992985368">
        <ele>1237.25</ele>
      </trkpt>
      <trkpt lat="40.797094982117414" lon="-4.210461974143982">
        <ele>1235.5</ele>
      </trkpt>
      <trkpt lat="40.797173017635942" lon="-4.209952019155026">
        <ele>1233.25</ele>
      </trkpt>
      <trkpt lat="40.797205036506057" lon="-4.209601990878582">
        <ele>1234</ele>
      </trkpt>
      <trkpt lat="40.797240994870663" lon="-4.208946023136377">
        <ele>1233.25</ele>
      </trkpt>
      <trkpt lat="40.797267984598875" lon="-4.208420980721712">
        <ele>1230.75</ele>
      </trkpt>
      <trkpt lat="40.79730000346899" lon="-4.208069024607539">
        <ele>1228.25</ele>
      </trkpt>
      <trkpt lat="40.797349959611893" lon="-4.207720002159476">
        <ele>1228.25</ele>
      </trkpt>
      <trkpt lat="40.797421960160136" lon="-4.207379026338458">
        <ele>1229.25</ele>
      </trkpt>
      <trkpt lat="40.797464959323406" lon="-4.207210969179869">
        <ele>1231</ele>
      </trkpt>
      <trkpt lat="40.79751399345696" lon="-4.207056993618608">
        <ele>1230.5</ele>
      </trkpt>
      <trkpt lat="40.797627987340093" lon="-4.206738984212279">
        <ele>1228.5</ele>
      </trkpt>
      <trkpt lat="40.797757990658283" lon="-4.206452993676066">
        <ele>1229.25</ele>
      </trkpt>
      <trkpt lat="40.797905009239912" lon="-4.206173960119486">
        <ele>1228.5</ele>
      </trkpt>
      <trkpt lat="40.797985978424549" lon="-4.206038005650044">
        <ele>1228.75</ele>
      </trkpt>
      <trkpt lat="40.798062002286315" lon="-4.205913031473756">
        <ele>1229.25</ele>
      </trkpt>
      <trkpt lat="40.798343969509006" lon="-4.205522015690804">
        <ele>1228.75</ele>
      </trkpt>
      <trkpt lat="40.798539016395807" lon="-4.205280030146241">
        <ele>1229</ele>
      </trkpt>
      <trkpt lat="40.798749988898635" lon="-4.20504298992455">
        <ele>1227.75</ele>
      </trkpt>
      <trkpt lat="40.798964984714985" lon="-4.204836962744594">
        <ele>1228.25</ele>
      </trkpt>
      <trkpt lat="40.799117032438517" lon="-4.204706959426403">
        <ele>1228</ele>
      </trkpt>
      <trkpt lat="40.799270002171397" lon="-4.204579973593354">
        <ele>1228</ele>
      </trkpt>
      <trkpt lat="40.799574013799429" lon="-4.204347040504217">
        <ele>1228</ele>
      </trkpt>
      <trkpt lat="40.800098972395062" lon="-4.203945966437459">
        <ele>1228</ele>
      </trkpt>
      <trkpt lat="40.800850996747613" lon="-4.203373985365033">
        <ele>1227.75</ele>
      </trkpt>
      <trkpt lat="40.80230601131916" lon="-4.202261958271265">
        <ele>1226.25</ele>
      </trkpt>
      <trkpt lat="40.802716976031661" lon="-4.201946966350079">
        <ele>1225.5</ele>
      </trkpt>
      <trkpt lat="40.803424995392561" lon="-4.2014139611274">
        <ele>1223.75</ele>
      </trkpt>
      <trkpt lat="40.803665975108743" lon="-4.201253028586507">
        <ele>1225.5</ele>
      </trkpt>
      <trkpt lat="40.803909972310066" lon="-4.201117996126413">
        <ele>1224.75</ele>
      </trkpt>
      <trkpt lat="40.804038969799876" lon="-4.201058987528086">
        <ele>1225.5</ele>
      </trkpt>
      <trkpt lat="40.804169978946447" lon="-4.2010029964149">
        <ele>1226</ele>
      </trkpt>
      <trkpt lat="40.804442977532744" lon="-4.200910963118076">
        <ele>1225.25</ele>
      </trkpt>
      <trkpt lat="40.804701978340745" lon="-4.20085497200489">
        <ele>1224</ele>
      </trkpt>
      <trkpt lat="40.804838016629219" lon="-4.200837034732103">
        <ele>1223.5</ele>
      </trkpt>
      <trkpt lat="40.804974976927042" lon="-4.200821025297046">
        <ele>1223</ele>
      </trkpt>
      <trkpt lat="40.805241018533707" lon="-4.200814990326762">
        <ele>1223</ele>
      </trkpt>
      <trkpt lat="40.80550798214972" lon="-4.200824964791536">
        <ele>1222</ele>
      </trkpt>
      <trkpt lat="40.80636503174901" lon="-4.200893025845289">
        <ele>1222</ele>
      </trkpt>
      <trkpt lat="40.806765016168356" lon="-4.20089696533978">
        <ele>1220.25</ele>
      </trkpt>
      <trkpt lat="40.807040026411414" lon="-4.200868969783187">
        <ele>1219.5</ele>
      </trkpt>
      <trkpt lat="40.807306990027428" lon="-4.20081197284162">
        <ele>1219.75</ele>
      </trkpt>
      <trkpt lat="40.807570014148951" lon="-4.200728992000222">
        <ele>1219.25</ele>
      </trkpt>
      <trkpt lat="40.807695994153619" lon="-4.200677024200559">
        <ele>1219</ele>
      </trkpt>
      <trkpt lat="40.807820968329906" lon="-4.200620027258992">
        <ele>1218.5</ele>
      </trkpt>
      <trkpt lat="40.808074017986655" lon="-4.200488012284041">
        <ele>1218</ele>
      </trkpt>
      <trkpt lat="40.808309968560934" lon="-4.200330013409257">
        <ele>1216.75</ele>
      </trkpt>
      <trkpt lat="40.808427985757589" lon="-4.200242003425956">
        <ele>1216.25</ele>
      </trkpt>
      <trkpt lat="40.808696961030364" lon="-4.200031030923128">
        <ele>1215.25</ele>
      </trkpt>
      <trkpt lat="40.810198998078704" lon="-4.198801992461085">
        <ele>1212.75</ele>
      </trkpt>
      <trkpt lat="40.810686992481351" lon="-4.19840200804174">
        <ele>1212.75</ele>
      </trkpt>
      <trkpt lat="40.811486961320043" lon="-4.197743022814393">
        <ele>1210.75</ele>
      </trkpt>
      <trkpt lat="40.811707992106676" lon="-4.197544036433101">
        <ele>1209.5</ele>
      </trkpt>
      <trkpt lat="40.811921982094646" lon="-4.1973299626261">
        <ele>1208.75</ele>
      </trkpt>
      <trkpt lat="40.812021978199482" lon="-4.197214962914586">
        <ele>1208.25</ele>
      </trkpt>
      <trkpt lat="40.812206966802478" lon="-4.196977000683546">
        <ele>1207.75</ele>
      </trkpt>
      <trkpt lat="40.812384998425841" lon="-4.196708025410771">
        <ele>1207.5</ele>
      </trkpt>
      <trkpt lat="40.81255397759378" lon="-4.196412982419133">
        <ele>1208</ele>
      </trkpt>
      <trkpt lat="40.812697978690267" lon="-4.196121040731669">
        <ele>1207.25</ele>
      </trkpt>
      <trkpt lat="40.815509017556906" lon="-4.190184976905584">
        <ele>1197</ele>
      </trkpt>
      <trkpt lat="40.815785033628345" lon="-4.189647026360035">
        <ele>1196.25</ele>
      </trkpt>
      <trkpt lat="40.81594998948276" lon="-4.189367992803454">
        <ele>1195</ele>
      </trkpt>
      <trkpt lat="40.816041016951203" lon="-4.18922801502049">
        <ele>1194.5</ele>
      </trkpt>
      <trkpt lat="40.816230028867722" lon="-4.18897395953536">
        <ele>1192.75</ele>
      </trkpt>
      <trkpt lat="40.816328013315797" lon="-4.188853008672595">
        <ele>1192.25</ele>
      </trkpt>
      <trkpt lat="40.816540997475386" lon="-4.188624015077949">
        <ele>1191.25</ele>
      </trkpt>
      <trkpt lat="40.816867975518107" lon="-4.188320003449917">
        <ele>1190.5</ele>
      </trkpt>
      <trkpt lat="40.817855028435588" lon="-4.187480974942446">
        <ele>1188</ele>
      </trkpt>
      <trkpt lat="40.818078992888331" lon="-4.187276959419251">
        <ele>1187.25</ele>
      </trkpt>
      <trkpt lat="40.81828803755343" lon="-4.187066992744803">
        <ele>1187.5</ele>
      </trkpt>
      <trkpt lat="40.818485012277961" lon="-4.186827018857002">
        <ele>1189.5</ele>
      </trkpt>
      <trkpt lat="40.818672012537718" lon="-4.186574975028634">
        <ele>1191.5</ele>
      </trkpt>
      <trkpt lat="40.818841997534037" lon="-4.186302982270718">
        <ele>1191.5</ele>
      </trkpt>
      <trkpt lat="40.818995973095298" lon="-4.186010034754872">
        <ele>1191</ele>
      </trkpt>
      <trkpt lat="40.819132011383772" lon="-4.185710968449712">
        <ele>1191</ele>
      </trkpt>
      <trkpt lat="40.819254973903298" lon="-4.185377033427358">
        <ele>1189.5</ele>
      </trkpt>
      <trkpt lat="40.819353964179754" lon="-4.185045026242733">
        <ele>1189</ele>
      </trkpt>
      <trkpt lat="40.81942998804152" lon="-4.184710001572967">
        <ele>1186.5</ele>
      </trkpt>
      <trkpt lat="40.819499976933002" lon="-4.184361984953284">
        <ele>1184.75</ele>
      </trkpt>
      <trkpt lat="40.82028703764081" lon="-4.179864004254341">
        <ele>1180.25</ele>
      </trkpt>
      <trkpt lat="40.821095975115895" lon="-4.17524297721684">
        <ele>1174</ele>
      </trkpt>
      <trkpt lat="40.821595033630729" lon="-4.172349041327834">
        <ele>1165.75</ele>
      </trkpt>
      <trkpt lat="40.82162001170218" lon="-4.172209985554218">
        <ele>1166</ele>
      </trkpt>
      <trkpt lat="40.821682037785649" lon="-4.17189197614789">
        <ele>1167.5</ele>
      </trkpt>
      <trkpt lat="40.821758983656764" lon="-4.17154697701335">
        <ele>1166.75</ele>
      </trkpt>
      <trkpt lat="40.821852022781968" lon="-4.171209018677473">
        <ele>1167.25</ele>
      </trkpt>
      <trkpt lat="40.821958975866437" lon="-4.170871982350946">
        <ele>1167.75</ele>
      </trkpt>
      <trkpt lat="40.822067018598318" lon="-4.170583980157971">
        <ele>1168.5</ele>
      </trkpt>
      <trkpt lat="40.82220196723938" lon="-4.170265970751643">
        <ele>1167.25</ele>
      </trkpt>
      <trkpt lat="40.822344962507486" lon="-4.16997604072094">
        <ele>1166.5</ele>
      </trkpt>
      <trkpt lat="40.822427021339536" lon="-4.16982801631093">
        <ele>1165.75</ele>
      </trkpt>
      <trkpt lat="40.822510002180934" lon="-4.169683009386063">
        <ele>1165</ele>
      </trkpt>
      <trkpt lat="40.822679987177253" lon="-4.169414034113288">
        <ele>1164</ele>
      </trkpt>
      <trkpt lat="40.822856007143855" lon="-4.169167019426823">
        <ele>1163</ele>
      </trkpt>
      <trkpt lat="40.822950974106789" lon="-4.169044978916645">
        <ele>1162.25</ele>
      </trkpt>
      <trkpt lat="40.823151972144842" lon="-4.168807016685605">
        <ele>1161.5</ele>
      </trkpt>
      <trkpt lat="40.823258003219962" lon="-4.168694028630853">
        <ele>1161</ele>
      </trkpt>
      <trkpt lat="40.823474004864693" lon="-4.168481966480613">
        <ele>1160</ele>
      </trkpt>
      <trkpt lat="40.823589004576206" lon="-4.168382976204157">
        <ele>1161</ele>
      </trkpt>
      <trkpt lat="40.823706015944481" lon="-4.168284991756082">
        <ele>1161.25</ele>
      </trkpt>
      <trkpt lat="40.823936015367508" lon="-4.168116012588143">
        <ele>1162.75</ele>
      </trkpt>
      <trkpt lat="40.824159979820251" lon="-4.167966982349753">
        <ele>1167.5</ele>
      </trkpt>
      <trkpt lat="40.824633976444602" lon="-4.167721979320049">
        <ele>1166.75</ele>
      </trkpt>
      <trkpt lat="40.824939999729395" lon="-4.167611002922058">
        <ele>1165</ele>
      </trkpt>
      <trkpt lat="40.825074026361108" lon="-4.16757202707231">
        <ele>1164.25</ele>
      </trkpt>
      <trkpt lat="40.82520897500217" lon="-4.167534979060292">
        <ele>1164</ele>
      </trkpt>
      <trkpt lat="40.825470993295312" lon="-4.167479993775487">
        <ele>1163.25</ele>
      </trkpt>
      <trkpt lat="40.825740974396467" lon="-4.167446969076991">
        <ele>1162.5</ele>
      </trkpt>
      <trkpt lat="40.826010033488274" lon="-4.167438000440598">
        <ele>1162.25</ele>
      </trkpt>
      <trkpt lat="40.826281020417809" lon="-4.167447974905372">
        <ele>1162.75</ele>
      </trkpt>
      <trkpt lat="40.826546978205442" lon="-4.167479993775487">
        <ele>1162.5</ele>
      </trkpt>
      <trkpt lat="40.826816959306598" lon="-4.167537996545434">
        <ele>1161.75</ele>
      </trkpt>
      <trkpt lat="40.827080989256501" lon="-4.167609997093678">
        <ele>1162</ele>
      </trkpt>
      <trkpt lat="40.827339990064502" lon="-4.167706975713372">
        <ele>1161</ele>
      </trkpt>
      <trkpt lat="40.827595973387361" lon="-4.167820969596505">
        <ele>1160</ele>
      </trkpt>
      <trkpt lat="40.827935021370649" lon="-4.167986009269953">
        <ele>1158.75</ele>
      </trkpt>
      <trkpt lat="40.828695008531213" lon="-4.168366966769099">
        <ele>1155.25</ele>
      </trkpt>
      <trkpt lat="40.82894504070282" lon="-4.168484983965755">
        <ele>1154.75</ele>
      </trkpt>
      <trkpt lat="40.82920596934855" lon="-4.168589003384113">
        <ele>1156.25</ele>
      </trkpt>
      <trkpt lat="40.829468993470073" lon="-4.168679025024176">
        <ele>1156.75</ele>
      </trkpt>
      <trkpt lat="40.829601008445024" lon="-4.16871297173202">
        <ele>1156.75</ele>
      </trkpt>
      <trkpt lat="40.829736040905118" lon="-4.168743984773755">
        <ele>1157</ele>
      </trkpt>
      <trkpt lat="40.829965034499764" lon="-4.168780026957393">
        <ele>1157.75</ele>
      </trkpt>
      <trkpt lat="40.830130996182561" lon="-4.168796958401799">
        <ele>1158.5</ele>
      </trkpt>
      <trkpt lat="40.83040801808238" lon="-4.168810034170747">
        <ele>1158.75</ele>
      </trkpt>
      <trkpt lat="40.830584960058331" lon="-4.168809028342366">
        <ele>1158.25</ele>
      </trkpt>
      <trkpt lat="40.830809008330107" lon="-4.168794024735689">
        <ele>1157.75</ele>
      </trkpt>
      <trkpt lat="40.831079995259643" lon="-4.16875496506691">
        <ele>1156</ele>
      </trkpt>
      <trkpt lat="40.831344025209546" lon="-4.168695034459233">
        <ele>1155</ele>
      </trkpt>
      <trkpt lat="40.831605037674308" lon="-4.168615993112326">
        <ele>1153.25</ele>
      </trkpt>
      <trkpt lat="40.83186898380518" lon="-4.168512979522348">
        <ele>1152.25</ele>
      </trkpt>
      <trkpt lat="40.832120021805167" lon="-4.16838901117444">
        <ele>1151</ele>
      </trkpt>
      <trkpt lat="40.83234197460115" lon="-4.168264036998153">
        <ele>1150.75</ele>
      </trkpt>
      <trkpt lat="40.832661995664239" lon="-4.168063038960099">
        <ele>1151.25</ele>
      </trkpt>
      <trkpt lat="40.833117971196771" lon="-4.167769001796842">
        <ele>1149</ele>
      </trkpt>
      <trkpt lat="40.834918990731239" lon="-4.166602995246649">
        <ele>1141</ele>
      </trkpt>
      <trkpt lat="40.83502703346312" lon="-4.166535018011928">
        <ele>1140.5</ele>
      </trkpt>
      <trkpt lat="40.835849968716502" lon="-4.165992960333824">
        <ele>1146.75</ele>
      </trkpt>
      <trkpt lat="40.836087008938193" lon="-4.165824986994267">
        <ele>1146</ele>
      </trkpt>
      <trkpt lat="40.836321031674743" lon="-4.165641004219651">
        <ele>1146.5</ele>
      </trkpt>
      <trkpt lat="40.836536027491093" lon="-4.165435982868075">
        <ele>1146.25</ele>
      </trkpt>
      <trkpt lat="40.836751023307443" lon="-4.165211012586951">
        <ele>1146</ele>
      </trkpt>
      <trkpt lat="40.836953027173877" lon="-4.164974978193641">
        <ele>1145.75</ele>
      </trkpt>
      <trkpt lat="40.837150001898408" lon="-4.164701979607344">
        <ele>1145.25</ele>
      </trkpt>
      <trkpt lat="40.837324010208249" lon="-4.164436021819711">
        <ele>1144.25</ele>
      </trkpt>
      <trkpt lat="40.837489971891046" lon="-4.16415698826313">
        <ele>1144</ele>
      </trkpt>
      <trkpt lat="40.837641013786197" lon="-4.163856999948621">
        <ele>1143</ele>
      </trkpt>
      <trkpt lat="40.837773028761148" lon="-4.16355499997735">
        <ele>1143</ele>
      </trkpt>
      <trkpt lat="40.837895991280675" lon="-4.163239002227783">
        <ele>1142</ele>
      </trkpt>
      <trkpt lat="40.83807997405529" lon="-4.162624021992087">
        <ele>1142.5</ele>
      </trkpt>
      <trkpt lat="40.838176030665636" lon="-4.162239963188767">
        <ele>1142.5</ele>
      </trkpt>
      <trkpt lat="40.838433019816875" lon="-4.160857032984495">
        <ele>1140.25</ele>
      </trkpt>
      <trkpt lat="40.838796962052584" lon="-4.158897008746862">
        <ele>1134.5</ele>
      </trkpt>
      <trkpt lat="40.838874997571111" lon="-4.158549997955561">
        <ele>1138</ele>
      </trkpt>
      <trkpt lat="40.838962001726031" lon="-4.158216984942555">
        <ele>1139.75</ele>
      </trkpt>
      <trkpt lat="40.839068032801151" lon="-4.157881960272789">
        <ele>1141.5</ele>
      </trkpt>
      <trkpt lat="40.839184038341045" lon="-4.157562023028731">
        <ele>1140.5</ele>
      </trkpt>
      <trkpt lat="40.839318986982107" lon="-4.157251976430416">
        <ele>1143.5</ele>
      </trkpt>
      <trkpt lat="40.839464999735355" lon="-4.156952993944287">
        <ele>1139.25</ele>
      </trkpt>
      <trkpt lat="40.839624004438519" lon="-4.156669015064836">
        <ele>1141</ele>
      </trkpt>
      <trkpt lat="40.839798012748361" lon="-4.156396016478539">
        <ele>1137.75</ele>
      </trkpt>
      <trkpt lat="40.839983001351357" lon="-4.156136009842157">
        <ele>1136</ele>
      </trkpt>
      <trkpt lat="40.840179976075888" lon="-4.155893018469214">
        <ele>1134</ele>
      </trkpt>
      <trkpt lat="40.840389020740986" lon="-4.155664024874568">
        <ele>1132.75</ele>
      </trkpt>
      <trkpt lat="40.840612985193729" lon="-4.155441988259554">
        <ele>1133.25</ele>
      </trkpt>
      <trkpt lat="40.843714037910104" lon="-4.152634972706437">
        <ele>1134.5</ele>
      </trkpt>
      <trkpt lat="40.843872958794236" lon="-4.15249097160995">
        <ele>1135</ele>
      </trkpt>
      <trkpt lat="40.851331008598208" lon="-4.14574203081429">
        <ele>1121.75</ele>
      </trkpt>
      <trkpt lat="40.853603007271886" lon="-4.14367999881506">
        <ele>1123</ele>
      </trkpt>
      <trkpt lat="40.853687999770045" lon="-4.143601963296533">
        <ele>1122.75</ele>
      </trkpt>
      <trkpt lat="40.853896038606763" lon="-4.143431978300214">
        <ele>1122.75</ele>
      </trkpt>
      <trkpt lat="40.854305997490883" lon="-4.143126960843802">
        <ele>1121.5</ele>
      </trkpt>
      <trkpt lat="40.855704015120864" lon="-4.141865987330675">
        <ele>1123</ele>
      </trkpt>
      <trkpt lat="40.856601968407631" lon="-4.141050009056926">
        <ele>1123.75</ele>
      </trkpt>
      <trkpt lat="40.85790996439755" lon="-4.139861036092043">
        <ele>1123.25</ele>
      </trkpt>
      <trkpt lat="40.858077015727758" lon="-4.139701025560498">
        <ele>1122.75</ele>
      </trkpt>
      <trkpt lat="40.858460990712047" lon="-4.139299029484391">
        <ele>1122.25</ele>
      </trkpt>
      <trkpt lat="40.858672969043255" lon="-4.139088978990912">
        <ele>1121.75</ele>
      </trkpt>
      <trkpt lat="40.858759973198175" lon="-4.139010021463037">
        <ele>1121.75</ele>
      </trkpt>
      <trkpt lat="40.859417030587792" lon="-4.138411972671747">
        <ele>1120.5</ele>
      </trkpt>
      <trkpt lat="40.859634038060904" lon="-4.138199994340539">
        <ele>1121.25</ele>
      </trkpt>
      <trkpt lat="40.859837969765067" lon="-4.137974018231034">
        <ele>1120.5</ele>
      </trkpt>
      <trkpt lat="40.860028993338346" lon="-4.137730021029711">
        <ele>1120</ele>
      </trkpt>
      <trkpt lat="40.860208030790091" lon="-4.137464985251427">
        <ele>1120.25</ele>
      </trkpt>
      <trkpt lat="40.860368963330984" lon="-4.137184023857117">
        <ele>1119.75</ele>
      </trkpt>
      <trkpt lat="40.860516987740993" lon="-4.136886969208717">
        <ele>1120</ele>
      </trkpt>
      <trkpt lat="40.860705999657512" lon="-4.136402998119593">
        <ele>1120.25</ele>
      </trkpt>
      <trkpt lat="40.860762996599078" lon="-4.136237958446145">
        <ele>1119.75</ele>
      </trkpt>
      <trkpt lat="40.860812030732632" lon="-4.136071996763349">
        <ele>1118.75</ele>
      </trkpt>
      <trkpt lat="40.860858969390392" lon="-4.135901005938649">
        <ele>1117.5</ele>
      </trkpt>
      <trkpt lat="40.860952008515596" lon="-4.135376969352365">
        <ele>1119.5</ele>
      </trkpt>
      <trkpt lat="40.860990984365344" lon="-4.135026019066572">
        <ele>1119.25</ele>
      </trkpt>
      <trkpt lat="40.861014034599066" lon="-4.134668027982116">
        <ele>1119.25</ele>
      </trkpt>
      <trkpt lat="40.861020991578698" lon="-4.13448597304523">
        <ele>1119.25</ele>
      </trkpt>
      <trkpt lat="40.861031971871853" lon="-4.13330202922225">
        <ele>1118.75</ele>
      </trkpt>
      <trkpt lat="40.86104697547853" lon="-4.132892992347479">
        <ele>1117</ele>
      </trkpt>
      <trkpt lat="40.861072037369013" lon="-4.132543969899416">
        <ele>1115.5</ele>
      </trkpt>
      <trkpt lat="40.861090980470181" lon="-4.132369039580226">
        <ele>1114.5</ele>
      </trkpt>
      <trkpt lat="40.861117970198393" lon="-4.132194025442004">
        <ele>1113.75</ele>
      </trkpt>
      <trkpt lat="40.861183013767004" lon="-4.131850032135844">
        <ele>1111</ele>
      </trkpt>
      <trkpt lat="40.861220983788371" lon="-4.131675017997623">
        <ele>1107.75</ele>
      </trkpt>
      <trkpt lat="40.861307987943292" lon="-4.131372012197971">
        <ele>1106</ele>
      </trkpt>
      <trkpt lat="40.861428016796708" lon="-4.131031036376953">
        <ele>1108.75</ele>
      </trkpt>
      <trkpt lat="40.861553996801376" lon="-4.130731970071793">
        <ele>1110.75</ele>
      </trkpt>
      <trkpt lat="40.861627003178" lon="-4.130585035309196">
        <ele>1110.75</ele>
      </trkpt>
      <trkpt lat="40.861789025366306" lon="-4.130289992317557">
        <ele>1112.5</ele>
      </trkpt>
      <trkpt lat="40.861873012036085" lon="-4.130149008706212">
        <ele>1111.5</ele>
      </trkpt>
      <trkpt lat="40.861962027847767" lon="-4.13001598790288">
        <ele>1110</ele>
      </trkpt>
      <trkpt lat="40.862054983153939" lon="-4.129883972927928">
        <ele>1110.25</ele>
      </trkpt>
      <trkpt lat="40.86224801838398" lon="-4.129642993211746">
        <ele>1107.75</ele>
      </trkpt>
      <trkpt lat="40.862462008371949" lon="-4.12941500544548">
        <ele>1105</ele>
      </trkpt>
      <trkpt lat="40.862683039158583" lon="-4.129211995750666">
        <ele>1102.75</ele>
      </trkpt>
      <trkpt lat="40.862919995561242" lon="-4.129022983834148">
        <ele>1099.5</ele>
      </trkpt>
      <trkpt lat="40.863157035782933" lon="-4.128861967474222">
        <ele>1101.25</ele>
      </trkpt>
      <trkpt lat="40.863480996340513" lon="-4.128660969436169">
        <ele>1099.75</ele>
      </trkpt>
      <trkpt lat="40.864703999832273" lon="-4.127942975610495">
        <ele>1110</ele>
      </trkpt>
      <trkpt lat="40.86588098667562" lon="-4.127231016755104">
        <ele>1104.75</ele>
      </trkpt>
      <trkpt lat="40.869470033794641" lon="-4.125102013349533">
        <ele>1099.5</ele>
      </trkpt>
      <trkpt lat="40.870968969538808" lon="-4.124220991507173">
        <ele>1096</ele>
      </trkpt>
      <trkpt lat="40.87269002571702" lon="-4.12320401519537">
        <ele>1086</ele>
      </trkpt>
      <trkpt lat="40.874329023063183" lon="-4.122225008904934">
        <ele>1095</ele>
      </trkpt>
      <trkpt lat="40.875060008838773" lon="-4.121775990352035">
        <ele>1099.5</ele>
      </trkpt>
      <trkpt lat="40.875393021851778" lon="-4.121591001749039">
        <ele>1099</ele>
      </trkpt>
      <trkpt lat="40.875728968530893" lon="-4.121434008702636">
        <ele>1095.75</ele>
      </trkpt>
      <trkpt lat="40.876002972945571" lon="-4.121326971799135">
        <ele>1095</ele>
      </trkpt>
      <trkpt lat="40.876248981803656" lon="-4.121240973472595">
        <ele>1095.75</ele>
      </trkpt>
      <trkpt lat="40.876651983708143" lon="-4.121140977367759">
        <ele>1092.25</ele>
      </trkpt>
      <trkpt lat="40.876920958980918" lon="-4.121088003739715">
        <ele>1091</ele>
      </trkpt>
      <trkpt lat="40.877278028056026" lon="-4.121047016233206">
        <ele>1090</ele>
      </trkpt>
      <trkpt lat="40.877637024968863" lon="-4.121032012626529">
        <ele>1089.5</ele>
      </trkpt>
      <trkpt lat="40.877999039366841" lon="-4.121041987091303">
        <ele>1089</ele>
      </trkpt>
      <trkpt lat="40.878176987171173" lon="-4.12105699069798">
        <ele>1089</ele>
      </trkpt>
      <trkpt lat="40.87853598408401" lon="-4.121108958497644">
        <ele>1089.5</ele>
      </trkpt>
      <trkpt lat="40.878712004050612" lon="-4.121145000681281">
        <ele>1089.25</ele>
      </trkpt>
      <trkpt lat="40.879067983478308" lon="-4.121237033978105">
        <ele>1088.25</ele>
      </trkpt>
      <trkpt lat="40.879302006214857" lon="-4.121311968192458">
        <ele>1088.5</ele>
      </trkpt>
      <trkpt lat="40.879590008407831" lon="-4.121420010924339">
        <ele>1088.25</ele>
      </trkpt>
      <trkpt lat="40.87975999340415" lon="-4.121494023129344">
        <ele>1087</ele>
      </trkpt>
      <trkpt lat="40.879970965906978" lon="-4.1215930134058">
        <ele>1087.25</ele>
      </trkpt>
      <trkpt lat="40.880179004743695" lon="-4.121702983975411">
        <ele>1087</ele>
      </trkpt>
      <trkpt lat="40.880248993635178" lon="-4.121741959825158">
        <ele>1086.5</ele>
      </trkpt>
      <trkpt lat="40.880585024133325" lon="-4.121948992833495">
        <ele>1089.25</ele>
      </trkpt>
      <trkpt lat="40.88089800439775" lon="-4.12217203527689">
        <ele>1091</ele>
      </trkpt>
      <trkpt lat="40.881051979959011" lon="-4.122293991968036">
        <ele>1090.75</ele>
      </trkpt>
      <trkpt lat="40.88135196827352" lon="-4.122549975290895">
        <ele>1089.75</ele>
      </trkpt>
      <trkpt lat="40.881642987951636" lon="-4.122830014675856">
        <ele>1089.5</ele>
      </trkpt>
      <trkpt lat="40.881920009851456" lon="-4.123128997161984">
        <ele>1089.25</ele>
      </trkpt>
      <trkpt lat="40.882184039801359" lon="-4.123452035710216">
        <ele>1088</ele>
      </trkpt>
      <trkpt lat="40.882437005639076" lon="-4.12378697656095">
        <ele>1088.25</ele>
      </trkpt>
      <trkpt lat="40.883053997531533" lon="-4.124647965654731">
        <ele>1089.5</ele>
      </trkpt>
      <trkpt lat="40.884634992107749" lon="-4.126860033720732">
        <ele>1088.75</ele>
      </trkpt>
      <trkpt lat="40.885833017528057" lon="-4.128538006916642">
        <ele>1088.25</ele>
      </trkpt>
      <trkpt lat="40.886080032214522" lon="-4.128874959424138">
        <ele>1087.75</ele>
      </trkpt>
      <trkpt lat="40.886296033859253" lon="-4.129137983545661">
        <ele>1088</ele>
      </trkpt>
      <trkpt lat="40.886499965563416" lon="-4.129353985190392">
        <ele>1088.75</ele>
      </trkpt>
      <trkpt lat="40.886709010228515" lon="-4.129549032077193">
        <ele>1088.75</ele>
      </trkpt>
      <trkpt lat="40.886960970237851" lon="-4.129748018458486">
        <ele>1087</ele>
      </trkpt>
      <trkpt lat="40.887205973267555" lon="-4.129901994019747">
        <ele>1086.5</ele>
      </trkpt>
      <trkpt lat="40.887454999610782" lon="-4.130039038136601">
        <ele>1084.25</ele>
      </trkpt>
      <trkpt lat="40.887826988473535" lon="-4.130184967070818">
        <ele>1084</ele>
      </trkpt>
      <trkpt lat="40.887953974306583" lon="-4.130223020911217">
        <ele>1083</ele>
      </trkpt>
      <trkpt lat="40.888213980942965" lon="-4.130278006196022">
        <ele>1081.75</ele>
      </trkpt>
      <trkpt lat="40.888497959822416" lon="-4.130311030894518">
        <ele>1081.25</ele>
      </trkpt>
      <trkpt lat="40.888759978115559" lon="-4.130312958732247">
        <ele>1080.75</ele>
      </trkpt>
      <trkpt lat="40.889028031378984" lon="-4.130293009802699">
        <ele>1080.25</ele>
      </trkpt>
      <trkpt lat="40.889297006651759" lon="-4.130243975669146">
        <ele>1079.75</ele>
      </trkpt>
      <trkpt lat="40.889561958611012" lon="-4.130168035626411">
        <ele>1079</ele>
      </trkpt>
      <trkpt lat="40.88981500826776" lon="-4.130071979016066">
        <ele>1078.25</ele>
      </trkpt>
      <trkpt lat="40.889938976615667" lon="-4.13001699373126">
        <ele>1078</ele>
      </trkpt>
      <trkpt lat="40.890247011557221" lon="-4.129857989028096">
        <ele>1078.5</ele>
      </trkpt>
      <trkpt lat="40.89415499009192" lon="-4.127751030027866">
        <ele>1071.5</ele>
      </trkpt>
      <trkpt lat="40.894471993669868" lon="-4.127583978697658">
        <ele>1071.75</ele>
      </trkpt>
      <trkpt lat="40.894725965335965" lon="-4.127462022006512">
        <ele>1070</ele>
      </trkpt>
      <trkpt lat="40.894982032477856" lon="-4.127354985103011">
        <ele>1069</ele>
      </trkpt>
      <trkpt lat="40.895244972780347" lon="-4.127273010089994">
        <ele>1067.75</ele>
      </trkpt>
      <trkpt lat="40.895511014387012" lon="-4.127219030633569">
        <ele>1067</ele>
      </trkpt>
      <trkpt lat="40.895778983831406" lon="-4.127190029248595">
        <ele>1065.75</ele>
      </trkpt>
      <trkpt lat="40.896052988246083" lon="-4.127189023420215">
        <ele>1065.5</ele>
      </trkpt>
      <trkpt lat="40.896319029852748" lon="-4.127215007320046">
        <ele>1065.75</ele>
      </trkpt>
      <trkpt lat="40.89658297598362" lon="-4.127265969291329">
        <ele>1063</ele>
      </trkpt>
      <trkpt lat="40.896715996786952" lon="-4.127302011474967">
        <ele>1061.25</ele>
      </trkpt>
      <trkpt lat="40.896849017590284" lon="-4.127342998981476">
        <ele>1060.5</ele>
      </trkpt>
      <trkpt lat="40.897107012569904" lon="-4.127449030056596">
        <ele>1062.75</ele>
      </trkpt>
      <trkpt lat="40.89735796675086" lon="-4.127578027546406">
        <ele>1064.75</ele>
      </trkpt>
      <trkpt lat="40.897480007261038" lon="-4.12765103392303">
        <ele>1065</ele>
      </trkpt>
      <trkpt lat="40.897840010002255" lon="-4.127901988103986">
        <ele>1065.5</ele>
      </trkpt>
      <trkpt lat="40.898704016581178" lon="-4.128549993038178">
        <ele>1063.5</ele>
      </trkpt>
      <trkpt lat="40.89894600212574" lon="-4.128703968599439">
        <ele>1063.5</ele>
      </trkpt>
      <trkpt lat="40.899194022640586" lon="-4.128845036029816">
        <ele>1062.25</ele>
      </trkpt>
      <trkpt lat="40.899449000135064" lon="-4.128952994942665">
        <ele>1061.75</ele>
      </trkpt>
      <trkpt lat="40.899715041741729" lon="-4.129038993269205">
        <ele>1060.75</ele>
      </trkpt>
      <trkpt lat="40.899846972897649" lon="-4.129073023796082">
        <ele>1060.75</ele>
      </trkpt>
      <trkpt lat="40.900115026161075" lon="-4.129119962453842">
        <ele>1060</ele>
      </trkpt>
      <trkpt lat="40.900392970070243" lon="-4.129139995202422">
        <ele>1058.75</ele>
      </trkpt>
      <trkpt lat="40.900542000308633" lon="-4.129138989374042">
        <ele>1058.25</ele>
      </trkpt>
      <trkpt lat="40.90079597197473" lon="-4.129119962453842">
        <ele>1058.5</ele>
      </trkpt>
      <trkpt lat="40.901061007753015" lon="-4.129076041281223">
        <ele>1058.5</ele>
      </trkpt>
      <trkpt lat="40.901413969695568" lon="-4.128992976620793">
        <ele>1057.25</ele>
      </trkpt>
      <trkpt lat="40.903179030865431" lon="-4.128543036058545">
        <ele>1052.25</ele>
      </trkpt>
      <trkpt lat="40.905364025384188" lon="-4.127989998087287">
        <ele>1048</ele>
      </trkpt>
      <trkpt lat="40.905549013987184" lon="-4.127942975610495">
        <ele>1048</ele>
      </trkpt>
      <trkpt lat="40.908052017912269" lon="-4.127304023131728">
        <ele>1043.5</ele>
      </trkpt>
      <trkpt lat="40.908492989838123" lon="-4.127173013985157">
        <ele>1044</ele>
      </trkpt>
      <trkpt lat="40.908875958994031" lon="-4.127048039808869">
        <ele>1044.25</ele>
      </trkpt>
      <trkpt lat="40.909105958417058" lon="-4.126962963491678">
        <ele>1045.5</ele>
      </trkpt>
      <trkpt lat="40.909703001379967" lon="-4.12672801874578">
        <ele>1044.5</ele>
      </trkpt>
      <trkpt lat="40.910127041861415" lon="-4.126544035971165">
        <ele>1042.5</ele>
      </trkpt>
      <trkpt lat="40.910546975210309" lon="-4.126343037933111">
        <ele>1041.75</ele>
      </trkpt>
      <trkpt lat="40.910969004034996" lon="-4.12612502463162">
        <ele>1039</ele>
      </trkpt>
      <trkpt lat="40.912210028618574" lon="-4.12544097751379">
        <ele>1035.5</ele>
      </trkpt>
      <trkpt lat="40.917903017252684" lon="-4.122292986139655">
        <ele>1027.25</ele>
      </trkpt>
      <trkpt lat="40.920233018696308" lon="-4.120996976271272">
        <ele>1021.5</ele>
      </trkpt>
      <trkpt lat="40.926377037540078" lon="-4.117589984089136">
        <ele>1009.5</ele>
      </trkpt>
      <trkpt lat="40.928405039012432" lon="-4.11648097448051">
        <ele>1014.5</ele>
      </trkpt>
      <trkpt lat="40.928761018440127" lon="-4.11628601141274">
        <ele>1013.75</ele>
      </trkpt>
      <trkpt lat="40.929483035579324" lon="-4.115917040035129">
        <ele>1010.75</ele>
      </trkpt>
      <trkpt lat="40.930218966677785" lon="-4.115511020645499">
        <ele>1009.25</ele>
      </trkpt>
      <trkpt lat="40.930449971929193" lon="-4.11538403481245">
        <ele>1007.75</ele>
      </trkpt>
      <trkpt lat="40.931136030703783" lon="-4.115008022636175">
        <ele>1008.75</ele>
      </trkpt>
      <trkpt lat="40.931304004043341" lon="-4.114923030138016">
        <ele>1009</ele>
      </trkpt>
      <trkpt lat="40.931545989587903" lon="-4.114821022376418">
        <ele>1009</ele>
      </trkpt>
      <trkpt lat="40.931658977642655" lon="-4.114764025434852">
        <ele>1009</ele>
      </trkpt>
      <trkpt lat="40.932242022827268" lon="-4.114442998543382">
        <ele>1009</ele>
      </trkpt>
    </trkseg>
  </trk>

</gpx>